3.029655218124389648e-01,1.233060359954833984e-01,1.550329101562500000e+03
7.147593498229980469e-01,2.807627618312835693e-01,1.690459375000000000e+04
6.091943383216857910e-01,2.404457032680511475e-01,3.584993164062500000e+03
6.417226195335388184e-01,2.976399362087249756e-01,4.462406250000000000e+03
8.605003356933593750e-01,3.746547400951385498e-01,9.424915039062500000e+03
5.484799146652221680e-01,2.181192487478256226e-01,4.403090332031250000e+03
5.263921022415161133e-01,2.372933328151702881e-01,2.764852050781250000e+03
4.448722004890441895e-01,1.819435805082321167e-01,1.195998046875000000e+03
9.705089330673217773e-01,3.611348867416381836e-01,1.096552343750000000e+04
6.486187577247619629e-01,2.951900660991668701e-01,3.254874511718750000e+03
5.747033357620239258e-01,2.541551887989044189e-01,5.882431152343750000e+03
3.516728281974792480e-01,1.699262857437133789e-01,1.129205566406250000e+03
5.380887389183044434e-01,2.195087671279907227e-01,5.351532714843750000e+03
5.113399028778076172e-01,2.013309895992279053e-01,3.964471435546875000e+03
5.857906341552734375e-01,2.299987524747848511e-01,1.329705468750000000e+04
7.274611592292785645e-01,3.340208828449249268e-01,2.368342968750000000e+04
9.094332456588745117e-01,3.744668662548065186e-01,4.760098144531250000e+03
4.421475231647491455e-01,1.710941791534423828e-01,2.381835449218750000e+03
6.143583655357360840e-01,3.152343928813934326e-01,1.928116455078125000e+03
8.051699399948120117e-01,3.571897745132446289e-01,7.164699707031250000e+03
5.716436505317687988e-01,2.262292355298995972e-01,1.168054687500000000e+04
4.593272507190704346e-01,1.993159055709838867e-01,2.519803955078125000e+03
4.698578119277954102e-01,1.996836215257644653e-01,1.520663208007812500e+03
6.521123051643371582e-01,2.603495121002197266e-01,4.015543212890625000e+03
1.023067951202392578e+00,3.821355402469635010e-01,1.020236015625000000e+05
4.712141752243041992e-01,2.191902846097946167e-01,1.710781616210937500e+03
5.898221731185913086e-01,2.549493014812469482e-01,7.397329101562500000e+03
6.893284320831298828e-01,2.997524440288543701e-01,2.090024218750000000e+04
9.655513763427734375e-01,4.176758825778961182e-01,6.822395019531250000e+03
4.865827560424804688e-01,2.059168666601181030e-01,2.651004638671875000e+03
9.624034762382507324e-01,3.504088222980499268e-01,1.196750195312500000e+04
4.051056206226348877e-01,1.603732854127883911e-01,1.257905395507812500e+03
5.637083053588867188e-01,2.058313488960266113e-01,4.829297363281250000e+03
6.212987303733825684e-01,2.966383397579193115e-01,3.457943603515625000e+03
6.902651190757751465e-01,2.622410356998443604e-01,1.499790625000000000e+04
6.587265729904174805e-01,3.041485548019409180e-01,7.057683593750000000e+03
7.403239011764526367e-01,3.055608868598937988e-01,4.164036718750000000e+04
6.210963726043701172e-01,2.368507087230682373e-01,9.888112304687500000e+03
9.068445563316345215e-01,3.633149266242980957e-01,4.974097167968750000e+03
8.822996616363525391e-01,4.042338728904724121e-01,4.399150390625000000e+03
7.741638422012329102e-01,3.272333145141601562e-01,6.255699218750000000e+03
8.639528155326843262e-01,3.275830447673797607e-01,9.404845703125000000e+03
7.460625171661376953e-01,3.069840967655181885e-01,6.566524218750000000e+04
8.206451535224914551e-01,3.640033304691314697e-01,3.369296386718750000e+03
5.547266006469726562e-01,2.405142337083816528e-01,4.490536132812500000e+03
6.488643884658813477e-01,2.508237361907958984e-01,3.398086914062500000e+03
6.987442970275878906e-01,3.100839853286743164e-01,8.170129394531250000e+03
5.316601991653442383e-01,2.603151798248291016e-01,1.625784545898437500e+03
7.970317006111145020e-01,2.526392638683319092e-01,6.262397460937500000e+03
4.938565492630004883e-01,2.036499381065368652e-01,2.972104736328125000e+03
1.027472257614135742e+00,3.895698785781860352e-01,2.293641796875000000e+04
5.588553547859191895e-01,2.544304132461547852e-01,2.443264648437500000e+03
1.249457120895385742e+00,7.746423780918121338e-02,6.648247070312500000e+03
3.038471639156341553e-01,1.180896610021591187e-01,2.992821289062500000e+03
4.851167201995849609e-01,2.059209942817687988e-01,4.392894531250000000e+03
5.214250683784484863e-01,2.241172641515731812e-01,2.288600097656250000e+03
7.360960245132446289e-01,2.437374442815780640e-01,6.960077148437500000e+03
5.613831877708435059e-01,2.595268487930297852e-01,2.164481201171875000e+03
4.939354062080383301e-01,2.056373357772827148e-01,2.911392578125000000e+03
1.013479709625244141e+00,3.695418834686279297e-01,2.367262695312500000e+04
6.943165063858032227e-01,3.448259532451629639e-01,3.688320068359375000e+03
5.839504599571228027e-01,2.407399713993072510e-01,4.659946289062500000e+03
5.739412307739257812e-01,2.342162728309631348e-01,5.627614257812500000e+03
9.674850702285766602e-01,3.652380406856536865e-01,1.001616796875000000e+05
5.051661133766174316e-01,2.179241776466369629e-01,4.529091308593750000e+03
4.069558084011077881e-01,1.740205287933349609e-01,2.887106933593750000e+03
8.973292112350463867e-01,3.691853582859039307e-01,1.526476269531250000e+04
5.134768486022949219e-01,1.960848867893218994e-01,3.335538330078125000e+03
7.013971805572509766e-01,3.288819789886474609e-01,2.123929101562500000e+04
8.320868611335754395e-01,3.368782401084899902e-01,4.915948242187500000e+03
3.688538670539855957e-01,1.430202275514602661e-01,3.477907470703125000e+03
1.161759257316589355e+00,1.623316407203674316e-01,6.164380859375000000e+03
6.761100292205810547e-01,3.457033932209014893e-01,3.382332275390625000e+03
7.089196443557739258e-01,2.957824766635894775e-01,9.736741210937500000e+03
5.361192226409912109e-01,1.738320738077163696e-01,2.103787841796875000e+03
6.297848224639892578e-01,2.600809633731842041e-01,7.954891601562500000e+03
6.411679983139038086e-01,3.133244812488555908e-01,2.828926513671875000e+03
4.594166576862335205e-01,2.047618478536605835e-01,1.597603515625000000e+03
5.951584577560424805e-01,2.389920949935913086e-01,3.706563476562500000e+03
8.352949619293212891e-01,3.207916021347045898e-01,1.229519238281250000e+04
5.036903023719787598e-01,2.431412786245346069e-01,2.369243164062500000e+03
4.737818539142608643e-01,2.040797322988510132e-01,3.394620849609375000e+03
3.912534713745117188e-01,1.615431159734725952e-01,3.871885742187500000e+03
5.281709432601928711e-01,2.241802215576171875e-01,1.694397338867187500e+03
4.984747469425201416e-01,2.587184607982635498e-01,2.178054687500000000e+03
4.722639918327331543e-01,2.079285085201263428e-01,1.667997558593750000e+03
5.250962972640991211e-01,2.180881202220916748e-01,2.264080322265625000e+03
4.778347313404083252e-01,1.995605379343032837e-01,2.695938232421875000e+03
5.374148488044738770e-01,2.322105318307876587e-01,2.346606201171875000e+03
9.389429092407226562e-01,3.442429602146148682e-01,1.287199609375000000e+04
5.197596549987792969e-01,2.158986777067184448e-01,4.811405761718750000e+03
8.633509278297424316e-01,3.597795665264129639e-01,1.185520312500000000e+04
6.491178870201110840e-01,2.686084806919097900e-01,6.431704101562500000e+03
6.536144018173217773e-01,2.850485742092132568e-01,6.358990722656250000e+03
5.355756282806396484e-01,2.360439449548721313e-01,1.177825317382812500e+03
5.322273373603820801e-01,2.029963731765747070e-01,4.811204589843750000e+03
5.925499796867370605e-01,2.495792359113693237e-01,4.919521972656250000e+03
3.137328624725341797e-01,1.282510757446289062e-01,2.430841796875000000e+03
6.603550314903259277e-01,2.684663832187652588e-01,1.836840234375000000e+04
6.002984046936035156e-01,2.451796978712081909e-01,3.364110839843750000e+03
6.749590039253234863e-01,3.051036298274993896e-01,1.950783081054687500e+03
5.666269063949584961e-01,2.456249892711639404e-01,2.819816894531250000e+03
6.052822470664978027e-01,2.824788391590118408e-01,1.407369628906250000e+03
6.276586055755615234e-01,2.430854141712188721e-01,4.483017089843750000e+03
1.139368295669555664e+00,3.973145782947540283e-01,1.620424687500000000e+05
7.514937520027160645e-01,3.353741765022277832e-01,4.351992187500000000e+03
6.035437583923339844e-01,2.684918940067291260e-01,5.537637695312500000e+03
7.801792621612548828e-01,3.220602273941040039e-01,6.157831054687500000e+03
7.687919139862060547e-01,3.300929963588714600e-01,7.718672363281250000e+03
5.173923969268798828e-01,2.651219069957733154e-01,1.141143554687500000e+03
4.584463834762573242e-01,2.155980616807937622e-01,1.395086791992187500e+03
6.326501369476318359e-01,2.601509690284729004e-01,8.498207031250000000e+03
7.297937273979187012e-01,3.120325803756713867e-01,7.290383300781250000e+03
8.761805295944213867e-01,4.010414183139801025e-01,1.231382226562500000e+04
8.606240153312683105e-01,3.151662349700927734e-01,5.155225097656250000e+03
6.976113915443420410e-01,2.955814898014068604e-01,6.120737304687500000e+03
1.044227242469787598e+00,3.342410624027252197e-01,1.069291259765625000e+03
8.194637894630432129e-01,3.375186026096343994e-01,8.647104492187500000e+03
6.878463625907897949e-01,2.814012169837951660e-01,5.655188964843750000e+03
7.200863361358642578e-01,2.954477667808532715e-01,3.998691406250000000e+03
8.406538963317871094e-01,3.406280875205993652e-01,8.733743164062500000e+03
7.065799236297607422e-01,2.729078829288482666e-01,7.004353515625000000e+03
7.009052634239196777e-01,2.885437905788421631e-01,4.328798339843750000e+03
8.362771868705749512e-01,3.250412940979003906e-01,1.280634570312500000e+04
5.024757981300354004e-01,1.939572393894195557e-01,7.130617187500000000e+03
5.813735127449035645e-01,2.194413393735885620e-01,1.781247680664062500e+03
1.135051488876342773e+00,3.005629777908325195e-01,4.322802246093750000e+03
9.205910563468933105e-01,3.834002614021301270e-01,4.124208984375000000e+03
8.228759765625000000e-01,3.381184637546539307e-01,2.601434375000000000e+04
4.539010226726531982e-01,1.721813380718231201e-01,3.717572509765625000e+03
5.317897796630859375e-01,2.137547582387924194e-01,5.915658203125000000e+03
4.842935800552368164e-01,2.133564949035644531e-01,1.011742797851562500e+03
7.995028495788574219e-01,3.792459070682525635e-01,2.595096923828125000e+03
3.108151257038116455e-01,1.240003481507301331e-01,3.979140869140625000e+03
5.014287233352661133e-01,2.684152126312255859e-01,9.790206298828125000e+02
8.161870241165161133e-01,3.406583666801452637e-01,1.366297949218750000e+04
7.081606388092041016e-01,3.506397008895874023e-01,3.604375488281250000e+03
4.637157320976257324e-01,1.794202476739883423e-01,5.246595214843750000e+03
7.507346868515014648e-01,3.310770690441131592e-01,4.576971679687500000e+03
7.017039060592651367e-01,3.059548735618591309e-01,4.482283203125000000e+03
5.275813937187194824e-01,2.344913482666015625e-01,1.611862060546875000e+03
5.380474328994750977e-01,2.312314808368682861e-01,1.992844970703125000e+03
6.002763509750366211e-01,2.050245106220245361e-01,2.928527832031250000e+03
5.791227221488952637e-01,1.479431390762329102e-01,3.657673339843750000e+03
4.007738828659057617e-01,1.467397809028625488e-01,1.447394409179687500e+03
1.138717293739318848e+00,3.965555429458618164e-01,2.346906562500000000e+05
8.162809014320373535e-01,3.463565707206726074e-01,5.368659667968750000e+03
5.856491923332214355e-01,3.033510446548461914e-01,2.357785644531250000e+03
7.042313218116760254e-01,2.233311384916305542e-01,2.679912109375000000e+03
4.986224472522735596e-01,2.315565645694732666e-01,7.137072753906250000e+02
3.394949138164520264e-01,1.389912813901901245e-01,2.364754882812500000e+03
4.088745117187500000e-01,1.541785001754760742e-01,1.703022460937500000e+03
6.403425931930541992e-01,2.975070774555206299e-01,2.879637207031250000e+03
6.316237449645996094e-01,2.763422727584838867e-01,2.683142333984375000e+03
7.275995016098022461e-01,3.366319537162780762e-01,5.321197265625000000e+03
7.600911855697631836e-01,3.321066498756408691e-01,1.513397753906250000e+04
6.626116037368774414e-01,3.140850067138671875e-01,4.171487792968750000e+03
5.459123849868774414e-01,2.193828374147415161e-01,9.087283203125000000e+03
5.692206025123596191e-01,2.630922198295593262e-01,1.985770751953125000e+03
6.726986765861511230e-01,1.993958950042724609e-01,7.530828125000000000e+03
8.135404586791992188e-01,2.756337821483612061e-01,5.920409667968750000e+03
8.428465723991394043e-01,3.542950153350830078e-01,1.743011132812500000e+04
7.351299524307250977e-01,3.365277647972106934e-01,6.192863281250000000e+03
3.857943713665008545e-01,1.477633714675903320e-01,1.385245971679687500e+03
8.749683499336242676e-01,3.751409053802490234e-01,2.655047265625000000e+04
5.522241592407226562e-01,2.272922247648239136e-01,7.842478515625000000e+03
7.928730249404907227e-01,2.982927858829498291e-01,2.737860742187500000e+04
7.777868509292602539e-01,3.198138475418090820e-01,7.260396484375000000e+03
6.738153100013732910e-01,2.626033425331115723e-01,8.332504882812500000e+03
5.651562809944152832e-01,2.526309788227081299e-01,2.558972900390625000e+03
4.381999671459197998e-01,1.865314543247222900e-01,2.553633056640625000e+03
6.947576999664306641e-01,2.899665832519531250e-01,4.407004394531250000e+03
9.137593507766723633e-01,3.776986002922058105e-01,1.162602246093750000e+04
5.337489247322082520e-01,2.333192825317382812e-01,2.528741455078125000e+03
5.782566070556640625e-01,2.331775128841400146e-01,2.781223388671875000e+03
7.814655303955078125e-01,3.260625302791595459e-01,1.134656835937500000e+04
7.654994130134582520e-01,3.061089217662811279e-01,5.540438476562500000e+03
7.021685242652893066e-01,3.324024081230163574e-01,1.340412792968750000e+04
1.020047664642333984e+00,3.754290044307708740e-01,9.665629687500000000e+04
5.921670198440551758e-01,2.418927997350692749e-01,2.353718017578125000e+03
4.791549146175384521e-01,2.194326519966125488e-01,3.980427490234375000e+03
7.762316465377807617e-01,3.208102881908416748e-01,2.766440820312500000e+04
5.337897539138793945e-01,2.032218277454376221e-01,4.679616210937500000e+03
7.734130024909973145e-01,3.165761828422546387e-01,1.222564062500000000e+04
7.229233384132385254e-01,2.708859145641326904e-01,4.681194531250000000e+04
5.771755576133728027e-01,2.771275341510772705e-01,1.834741455078125000e+03
5.697064995765686035e-01,2.625168859958648682e-01,2.787719482421875000e+03
8.610664606094360352e-01,4.147067070007324219e-01,6.753854003906250000e+03
4.872979521751403809e-01,1.910124868154525757e-01,1.669362670898437500e+03
6.161633729934692383e-01,2.753175795078277588e-01,4.053327392578125000e+03
1.058728575706481934e+00,3.550297617912292480e-01,2.133097167968750000e+03
6.441474556922912598e-01,2.764651775360107422e-01,3.196361572265625000e+03
1.140452146530151367e+00,3.969916999340057373e-01,5.557594921875000000e+04
6.664240360260009766e-01,2.933574914932250977e-01,3.467036132812500000e+03
3.866576254367828369e-01,2.083055526018142700e-01,1.161698242187500000e+03
6.420003771781921387e-01,2.674248814582824707e-01,5.236369140625000000e+03
4.496136009693145752e-01,1.875296235084533691e-01,1.840233276367187500e+03
1.068532228469848633e+00,3.868983387947082520e-01,1.258091015625000000e+04
7.003180980682373047e-01,3.115018606185913086e-01,4.692206054687500000e+03
4.879558980464935303e-01,2.003096491098403931e-01,3.748913574218750000e+03
6.122119426727294922e-01,2.481897175312042236e-01,3.786610351562500000e+03
5.340123176574707031e-01,1.837546527385711670e-01,3.422018798828125000e+03
5.415350198745727539e-01,2.439304143190383911e-01,2.371335205078125000e+03
4.988626539707183838e-01,2.256261259317398071e-01,2.320172851562500000e+03
6.166774630546569824e-01,2.677519619464874268e-01,5.604223144531250000e+03
4.509985744953155518e-01,1.918028593063354492e-01,2.065362304687500000e+03
6.733776926994323730e-01,2.685524821281433105e-01,2.064060791015625000e+03
5.400436520576477051e-01,2.377039641141891479e-01,2.573161865234375000e+03
3.988301753997802734e-01,1.658494770526885986e-01,1.381266723632812500e+03
4.144656360149383545e-01,1.762801706790924072e-01,1.509383911132812500e+03
7.026315927505493164e-01,2.838664352893829346e-01,2.410407714843750000e+03
8.386558890342712402e-01,3.466509580612182617e-01,7.612895019531250000e+03
4.935732185840606689e-01,2.189188599586486816e-01,2.568723388671875000e+03
6.762878894805908203e-01,3.021002709865570068e-01,7.346778320312500000e+03
7.094018459320068359e-01,2.873318493366241455e-01,8.150180664062500000e+03
8.303968906402587891e-01,4.287144243717193604e-01,2.219612304687500000e+03
9.421601891517639160e-01,3.181859254837036133e-01,2.563013183593750000e+03
7.313353419303894043e-01,2.876433730125427246e-01,2.205717578125000000e+04
5.031470656394958496e-01,2.211537808179855347e-01,2.026771728515625000e+03
1.001977920532226562e+00,3.843678534030914307e-01,3.385562500000000000e+04
5.529258847236633301e-01,2.447864711284637451e-01,3.097010009765625000e+03
8.578269481658935547e-01,3.469029068946838379e-01,1.018886523437500000e+04
6.162117719650268555e-01,2.819764614105224609e-01,5.003797363281250000e+03
7.220693230628967285e-01,2.949182093143463135e-01,9.549359375000000000e+03
8.628537654876708984e-01,3.361599743366241455e-01,1.730280859375000000e+04
8.370784521102905273e-01,3.482569754123687744e-01,6.016472167968750000e+03
5.324233174324035645e-01,2.112943977117538452e-01,6.633683593750000000e+03
6.898831129074096680e-01,3.106675446033477783e-01,1.997866943359375000e+03
5.876871943473815918e-01,2.530171573162078857e-01,2.721127929687500000e+03
6.432712674140930176e-01,2.505687475204467773e-01,8.072844726562500000e+03
7.574167251586914062e-01,2.604407370090484619e-01,4.802497070312500000e+03
7.182674407958984375e-01,2.839052081108093262e-01,7.689089355468750000e+03
4.443732202053070068e-01,1.846737563610076904e-01,3.597732177734375000e+03
7.185350060462951660e-01,2.704649865627288818e-01,2.536377441406250000e+03
5.397812128067016602e-01,2.326710075139999390e-01,2.587024902343750000e+03
3.344679772853851318e-01,1.323867291212081909e-01,1.302457153320312500e+03
6.746380925178527832e-01,2.931405603885650635e-01,9.652114257812500000e+03
9.279491305351257324e-01,3.771718740463256836e-01,3.093398828125000000e+04
4.343482851982116699e-01,1.684978157281875610e-01,3.912504638671875000e+03
2.477152496576309204e-01,9.527784585952758789e-02,1.764759155273437500e+03
8.801319599151611328e-01,3.524099886417388916e-01,5.901719238281250000e+03
1.201970696449279785e+00,1.299855262041091919e-01,6.593989257812500000e+03
3.681534528732299805e-01,1.484290063381195068e-01,2.224407470703125000e+03
5.654187202453613281e-01,2.212171256542205811e-01,4.677954589843750000e+03
6.884062886238098145e-01,2.697886526584625244e-01,3.028444580078125000e+03
9.816353917121887207e-01,3.881775736808776855e-01,3.391699951171875000e+03
7.525112032890319824e-01,2.822517752647399902e-01,9.320817382812500000e+03
7.425767183303833008e-01,3.230245113372802734e-01,6.928634375000000000e+04
1.048537492752075195e+00,3.881993591785430908e-01,7.344104492187500000e+03
4.453836977481842041e-01,1.829080134630203247e-01,7.536931152343750000e+03
7.576278448104858398e-01,3.106472492218017578e-01,1.096933789062500000e+04
7.264367938041687012e-01,3.019334971904754639e-01,5.126280273437500000e+03
5.800400376319885254e-01,2.305421233177185059e-01,1.087826562500000000e+04
6.313460469245910645e-01,2.650652527809143066e-01,5.229515625000000000e+03
4.461351633071899414e-01,1.693249344825744629e-01,2.617988525390625000e+03
6.822372674942016602e-01,2.706235945224761963e-01,1.336235156250000000e+04
8.700961470603942871e-01,3.569354414939880371e-01,9.218397460937500000e+03
6.490281820297241211e-01,2.778201997280120850e-01,8.533447265625000000e+03
2.975352108478546143e-01,1.202469244599342346e-01,1.409783081054687500e+03
9.993106722831726074e-01,3.906630575656890869e-01,9.161699218750000000e+03
9.206011891365051270e-01,3.914351165294647217e-01,2.897720507812500000e+04
5.890833735466003418e-01,2.077276557683944702e-01,1.421949462890625000e+03
7.618758082389831543e-01,2.829953730106353760e-01,3.492739746093750000e+03
4.775014817714691162e-01,1.944011300802230835e-01,2.584207031250000000e+03
1.003166794776916504e+00,3.721591830253601074e-01,9.089794921875000000e+03
7.905998826026916504e-01,3.603718280792236328e-01,1.257507031250000000e+04
6.800589561462402344e-01,3.057787716388702393e-01,2.010695556640625000e+03
1.133743405342102051e+00,3.970505297183990479e-01,4.171410156250000000e+04
5.769960284233093262e-01,2.359955757856369019e-01,6.866621093750000000e+03
1.027741312980651855e+00,3.828153312206268311e-01,1.693862109375000000e+04
5.309599041938781738e-01,2.572700977325439453e-01,1.652478759765625000e+03
1.247586965560913086e+00,6.655722856521606445e-02,6.628141601562500000e+03
1.007185816764831543e+00,3.980647921562194824e-01,4.556787890625000000e+04
7.469467520713806152e-01,2.995309531688690186e-01,1.456076660156250000e+04
8.061168193817138672e-01,3.769719898700714111e-01,7.113039062500000000e+03
2.996647059917449951e-01,1.197710558772087097e-01,1.681086547851562500e+03
6.431348919868469238e-01,3.045775592327117920e-01,3.749806640625000000e+03
6.123964786529541016e-01,2.978733777999877930e-01,6.718198242187500000e+03
6.068426966667175293e-01,2.285056710243225098e-01,1.238092968750000000e+04
5.927461385726928711e-01,2.312540262937545776e-01,1.997911328125000000e+04
6.960076689720153809e-01,3.164869844913482666e-01,1.312698828125000000e+04
6.790973544120788574e-01,2.776179611682891846e-01,3.817225341796875000e+03
6.478016376495361328e-01,2.515333294868469238e-01,2.445973632812500000e+04
1.122899889945983887e+00,7.917013019323348999e-02,6.477330078125000000e+03
5.214455127716064453e-01,2.229225337505340576e-01,2.991895263671875000e+03
8.528739809989929199e-01,3.451907336711883545e-01,1.184172167968750000e+04
6.435773968696594238e-01,3.024761974811553955e-01,5.400892578125000000e+03
7.378956675529479980e-01,3.482812941074371338e-01,2.955274658203125000e+03
8.274847865104675293e-01,3.002127408981323242e-01,7.799166015625000000e+03
6.197310090065002441e-01,2.401454448699951172e-01,4.458332031250000000e+03
5.740529894828796387e-01,2.207046598196029663e-01,5.478054199218750000e+03
4.587801992893218994e-01,2.042193412780761719e-01,1.686887939453125000e+03
4.403403401374816895e-01,2.042422145605087280e-01,2.101572753906250000e+03
6.276388168334960938e-01,2.959884107112884521e-01,2.697685791015625000e+03
7.162718176841735840e-01,2.795398831367492676e-01,8.566093750000000000e+03
5.777550935745239258e-01,2.594399750232696533e-01,3.525327880859375000e+03
4.430971741676330566e-01,1.984288394451141357e-01,3.062088623046875000e+03
6.432551741600036621e-01,2.876466214656829834e-01,4.706985839843750000e+03
6.452276110649108887e-01,3.187960386276245117e-01,1.741914550781250000e+03
7.328379154205322266e-01,3.118584752082824707e-01,8.839684570312500000e+03
5.939470529556274414e-01,2.553198635578155518e-01,1.258528320312500000e+04
9.655283689498901367e-01,3.736303746700286865e-01,9.910117187500000000e+04
5.331655144691467285e-01,2.237427234649658203e-01,5.895459960937500000e+03
6.200370192527770996e-01,2.659937739372253418e-01,2.459623779296875000e+03
7.802368402481079102e-01,3.227485120296478271e-01,1.080426757812500000e+04
6.588074564933776855e-01,2.763411700725555420e-01,2.321226806640625000e+03
6.012033820152282715e-01,2.339325696229934692e-01,5.683525390625000000e+03
4.970920383930206299e-01,2.204824686050415039e-01,2.367854003906250000e+03
5.175505876541137695e-01,2.416698038578033447e-01,2.588494628906250000e+03
4.758909344673156738e-01,2.123124450445175171e-01,1.852565551757812500e+03
3.587236106395721436e-01,1.445265263319015503e-01,2.691036376953125000e+03
1.139368295669555664e+00,3.973145782947540283e-01,7.683002343750000000e+04
8.382037281990051270e-01,3.291125595569610596e-01,7.904002929687500000e+03
7.206949591636657715e-01,3.149842321872711182e-01,5.962932617187500000e+03
4.086196720600128174e-01,1.611970365047454834e-01,3.708742187500000000e+03
5.271700024604797363e-01,2.092327028512954712e-01,4.147202636718750000e+03
4.766734838485717773e-01,1.888494491577148438e-01,3.668333984375000000e+03
5.370343923568725586e-01,2.172161787748336792e-01,2.603009765625000000e+03
1.129751563072204590e+00,3.962148725986480713e-01,4.036435546875000000e+04
5.321286916732788086e-01,2.495634406805038452e-01,2.327848876953125000e+03
6.378443837165832520e-01,2.941083610057830811e-01,1.968384643554687500e+03
7.664068937301635742e-01,3.168123662471771240e-01,8.246329101562500000e+03
5.209562778472900391e-01,2.112249135971069336e-01,3.866539550781250000e+03
6.461526155471801758e-01,3.077520132064819336e-01,9.326329101562500000e+03
7.482758760452270508e-01,3.256756961345672607e-01,9.351766601562500000e+03
5.683123469352722168e-01,2.367045879364013672e-01,3.595466064453125000e+03
6.368805170059204102e-01,2.927610576152801514e-01,3.714341308593750000e+03
5.046973228454589844e-01,2.338331043720245361e-01,1.776860839843750000e+03
1.245377540588378906e+00,6.538686901330947876e-02,6.016415527343750000e+03
6.880412697792053223e-01,3.049840927124023438e-01,6.129089843750000000e+03
6.271928548812866211e-01,2.928501963615417480e-01,3.248142089843750000e+03
5.141583681106567383e-01,1.795197427272796631e-01,2.675605224609375000e+03
5.176669955253601074e-01,2.454508990049362183e-01,1.522294677734375000e+03
1.119258046150207520e+00,3.920495510101318359e-01,2.181014843750000000e+04
6.279353499412536621e-01,2.929423153400421143e-01,2.124194580078125000e+03
1.139475584030151367e+00,4.011144638061523438e-01,3.724464062500000000e+05
7.368023395538330078e-01,2.977930307388305664e-01,7.130103515625000000e+03
6.942681074142456055e-01,3.047253489494323730e-01,1.776143359375000000e+04
8.111235499382019043e-01,3.084030449390411377e-01,1.136025683593750000e+04
7.691409587860107422e-01,3.755022287368774414e-01,3.760186279296875000e+03
7.522051334381103516e-01,2.917882204055786133e-01,1.536988769531250000e+04
5.905936360359191895e-01,2.705140113830566406e-01,1.482410400390625000e+03
3.106307685375213623e-01,1.251326948404312134e-01,2.059955810546875000e+03
5.531047582626342773e-01,2.550655901432037354e-01,1.790330078125000000e+03
8.899340629577636719e-01,4.092440903186798096e-01,3.867671875000000000e+03
9.837274551391601562e-01,3.893641531467437744e-01,6.879168457031250000e+03
6.616119146347045898e-01,2.702946364879608154e-01,3.826546630859375000e+03
5.550782084465026855e-01,2.428727298974990845e-01,1.885768920898437500e+03
6.603363156318664551e-01,2.694653272628784180e-01,5.342402343750000000e+03
3.905199468135833740e-01,1.635576635599136353e-01,2.693483886718750000e+03
6.982009410858154297e-01,2.871825695037841797e-01,4.046172363281250000e+03
5.764358043670654297e-01,2.877571582794189453e-01,3.141865966796875000e+03
3.676563203334808350e-01,1.377829909324645996e-01,1.373527221679687500e+03
9.494031667709350586e-01,3.694313168525695801e-01,5.561110839843750000e+03
7.997466325759887695e-01,3.103326857089996338e-01,1.122321484375000000e+04
8.355153203010559082e-01,1.862547844648361206e-01,3.843097900390625000e+03
9.724093675613403320e-01,3.886565566062927246e-01,4.205823730468750000e+03
1.093271017074584961e+00,3.941160142421722412e-01,1.388446484375000000e+04
6.155575513839721680e-01,1.866749972105026245e-01,5.980522460937500000e+03
4.655944108963012695e-01,1.915866136550903320e-01,3.045661865234375000e+03
4.414148330688476562e-01,1.825398504734039307e-01,5.802414062500000000e+03
4.853871464729309082e-01,1.990920007228851318e-01,1.552607177734375000e+03
3.245771229267120361e-01,1.287986487150192261e-01,3.037886230468750000e+03
8.894244432449340820e-01,4.054442942142486572e-01,5.213119140625000000e+03
8.967258930206298828e-01,3.982504308223724365e-01,1.164899902343750000e+04
5.296249985694885254e-01,2.540321648120880127e-01,1.687514160156250000e+03
3.568299114704132080e-01,1.497861146926879883e-01,1.581195556640625000e+03
7.354521155357360840e-01,2.951000928878784180e-01,5.912296875000000000e+03
1.041531324386596680e+00,3.916993439197540283e-01,4.376127441406250000e+03
5.443803071975708008e-01,1.940015256404876709e-01,4.236587402343750000e+03
3.420552909374237061e-01,1.328794807195663452e-01,1.797087890625000000e+03
8.876537084579467773e-01,3.653407692909240723e-01,9.801794531250000000e+04
4.955135583877563477e-01,2.264269739389419556e-01,1.318713867187500000e+03
4.398982226848602295e-01,2.043752819299697876e-01,1.575724975585937500e+03
4.830905199050903320e-01,2.024189829826354980e-01,2.279131103515625000e+03
5.299112200736999512e-01,2.196134924888610840e-01,2.365808593750000000e+03
5.546690821647644043e-01,2.428504824638366699e-01,3.934185302734375000e+03
5.991999506950378418e-01,2.645665705204010010e-01,1.686151000976562500e+03
5.297369360923767090e-01,1.640531569719314575e-01,1.759328247070312500e+03
4.694260060787200928e-01,1.881295293569564819e-01,5.543652832031250000e+03
5.834567546844482422e-01,3.004346787929534912e-01,2.858396728515625000e+03
7.344829440116882324e-01,2.922197878360748291e-01,2.753031445312500000e+04
5.525348782539367676e-01,2.053631246089935303e-01,4.143531738281250000e+03
7.852348685264587402e-01,3.554368615150451660e-01,3.413086914062500000e+03
5.188513398170471191e-01,2.212016731500625610e-01,4.095477294921875000e+03
6.151392459869384766e-01,2.699570357799530029e-01,3.404206054687500000e+03
6.283274292945861816e-01,2.568581998348236084e-01,8.873719482421875000e+02
5.618305206298828125e-01,2.092611193656921387e-01,4.102608398437500000e+03
6.765351295471191406e-01,2.937764525413513184e-01,3.275071044921875000e+03
7.003019452095031738e-01,2.933167517185211182e-01,6.907985839843750000e+03
6.206807494163513184e-01,2.420747876167297363e-01,1.018768554687500000e+04
5.570909380912780762e-01,2.394828349351882935e-01,3.502036376953125000e+03
9.389499425888061523e-01,3.746502995491027832e-01,6.181281738281250000e+03
5.682048201560974121e-01,2.459148466587066650e-01,1.735417968750000000e+04
4.075601398944854736e-01,1.653664112091064453e-01,3.214865234375000000e+03
5.220812559127807617e-01,2.163512259721755981e-01,2.656917236328125000e+03
9.222773909568786621e-01,3.267704546451568604e-01,1.639562500000000000e+04
5.144052505493164062e-01,2.283644229173660278e-01,3.829253906250000000e+03
1.026269912719726562e+00,3.736183345317840576e-01,1.759375000000000000e+04
8.622936010360717773e-01,3.792346715927124023e-01,4.357628417968750000e+03
5.350924730300903320e-01,2.288071215152740479e-01,5.807386718750000000e+03
4.664539396762847900e-01,2.472439855337142944e-01,1.523828369140625000e+03
3.845891952514648438e-01,1.571874618530273438e-01,1.713449218750000000e+03
5.680278539657592773e-01,2.475029677152633667e-01,3.180627685546875000e+03
3.991759121417999268e-01,1.647545248270034790e-01,1.808870849609375000e+03
5.413211584091186523e-01,2.239366620779037476e-01,4.025901123046875000e+03
4.910815060138702393e-01,1.860419660806655884e-01,2.555710937500000000e+03
6.002452969551086426e-01,2.482059299945831299e-01,5.767019042968750000e+03
4.200569093227386475e-01,1.638232618570327759e-01,1.758970825195312500e+03
7.487645149230957031e-01,3.123482763767242432e-01,1.216209570312500000e+04
5.657570958137512207e-01,2.336594164371490479e-01,2.146507080078125000e+03
5.620644688606262207e-01,2.038218677043914795e-01,2.782516601562500000e+03
6.561580300331115723e-01,2.449455410242080688e-01,8.284034179687500000e+03
5.415294170379638672e-01,2.359250038862228394e-01,4.803232421875000000e+03
6.676064729690551758e-01,2.822460532188415527e-01,3.612287353515625000e+03
7.587708830833435059e-01,3.189969956874847412e-01,1.278475468750000000e+05
5.225829482078552246e-01,1.977584064006805420e-01,5.553738281250000000e+03
6.661271452903747559e-01,2.789606153964996338e-01,8.564193359375000000e+03
4.531215727329254150e-01,2.354387491941452026e-01,1.932750000000000000e+03
1.137309789657592773e+00,2.477720230817794800e-01,4.443877441406250000e+03
8.718828558921813965e-01,3.437941074371337891e-01,7.791684082031250000e+03
1.130750775337219238e+00,3.967233598232269287e-01,1.157497421875000000e+05
7.033853530883789062e-01,2.924292683601379395e-01,1.653402929687500000e+04
7.154358029365539551e-01,3.078610002994537354e-01,3.540266845703125000e+03
1.016848206520080566e+00,3.594715595245361328e-01,3.358446777343750000e+03
9.166359901428222656e-01,3.539441823959350586e-01,3.020030468750000000e+04
8.328486680984497070e-01,3.652356863021850586e-01,8.817140625000000000e+03
6.440377831459045410e-01,2.827160656452178955e-01,2.414275195312500000e+04
5.899323821067810059e-01,3.043174147605895996e-01,2.048472656250000000e+03
8.714715242385864258e-01,3.455473184585571289e-01,1.370303906250000000e+04
5.401579737663269043e-01,2.692900896072387695e-01,2.760809570312500000e+03
5.507313609123229980e-01,2.142794132232666016e-01,1.549721069335937500e+03
1.188804030418395996e+00,8.182509988546371460e-02,5.712480468750000000e+03
9.534640312194824219e-01,3.655048608779907227e-01,3.288376171875000000e+04
3.753368556499481201e-01,1.578831225633621216e-01,8.872847900390625000e+02
5.136539936065673828e-01,2.416135966777801514e-01,3.049653320312500000e+03
6.301013827323913574e-01,2.646084725856781006e-01,6.379360351562500000e+03
9.464068412780761719e-01,3.590534627437591553e-01,1.236926855468750000e+04
1.095938682556152344e+00,8.563464879989624023e-02,6.189458984375000000e+03
7.734803557395935059e-01,3.244663774967193604e-01,5.331543359375000000e+04
7.557237148284912109e-01,3.243249952793121338e-01,9.845416015625000000e+03
5.757269859313964844e-01,2.422627359628677368e-01,2.885916992187500000e+03
8.674302697181701660e-01,9.358878433704376221e-02,5.071428710937500000e+03
7.000913023948669434e-01,2.672688663005828857e-01,9.994143554687500000e+03
5.262858867645263672e-01,2.059643119573593140e-01,3.930831298828125000e+03
7.020397186279296875e-01,2.858346700668334961e-01,3.228705810546875000e+03
5.166993141174316406e-01,2.011756449937820435e-01,6.649907226562500000e+03
6.428447961807250977e-01,2.775840759277343750e-01,1.487450292968750000e+04
6.951324939727783203e-01,2.750572264194488525e-01,2.737770507812500000e+03
5.175362825393676758e-01,2.170464098453521729e-01,2.953877441406250000e+03
5.255369544029235840e-01,2.099126577377319336e-01,6.275504882812500000e+03
8.338920474052429199e-01,3.564532995223999023e-01,4.913144531250000000e+03
6.728044748306274414e-01,2.774371802806854248e-01,4.180330078125000000e+03
3.595556616783142090e-01,1.434726566076278687e-01,3.018059082031250000e+03
4.729178845882415771e-01,1.921871900558471680e-01,2.153640380859375000e+03
4.708837866783142090e-01,1.968527883291244507e-01,4.520992675781250000e+03
6.248626112937927246e-01,2.402360439300537109e-01,7.598803710937500000e+03
9.603363275527954102e-01,3.814430236816406250e-01,1.931554687500000000e+04
5.442070960998535156e-01,1.838576644659042358e-01,3.034210205078125000e+03
6.011464595794677734e-01,2.489507496356964111e-01,4.414412109375000000e+04
7.561659216880798340e-01,3.023243546485900879e-01,8.491106445312500000e+03
7.613140344619750977e-01,3.637586236000061035e-01,3.535769042968750000e+03
6.032494306564331055e-01,2.629879713058471680e-01,2.517429687500000000e+03
7.829205989837646484e-01,2.945901155471801758e-01,7.281709472656250000e+03
4.377659857273101807e-01,2.027488946914672852e-01,9.154461059570312500e+02
3.541801869869232178e-01,1.179228946566581726e-01,7.344851074218750000e+02
7.997589111328125000e-01,3.431190550327301025e-01,4.756641015625000000e+04
7.464450597763061523e-01,3.058695197105407715e-01,3.064107812500000000e+04
3.702007830142974854e-01,1.394426673650741577e-01,2.346197998046875000e+03
4.880515336990356445e-01,1.932551413774490356e-01,4.338282226562500000e+03
5.084695219993591309e-01,2.112599760293960571e-01,1.107641796875000000e+04
9.642848372459411621e-01,2.205238640308380127e-01,3.360990234375000000e+03
4.026355445384979248e-01,1.660650968551635742e-01,1.821735351562500000e+03
4.602292776107788086e-01,1.870871186256408691e-01,1.180353759765625000e+03
8.538004159927368164e-01,3.471486866474151611e-01,2.050437695312500000e+04
3.150567114353179932e-01,1.301187723875045776e-01,2.081584472656250000e+03
1.036096692085266113e+00,3.907130956649780273e-01,2.134262812500000000e+05
7.419538497924804688e-01,2.292331904172897339e-01,4.931812500000000000e+03
5.550682544708251953e-01,2.293964922428131104e-01,5.785977539062500000e+03
9.745555520057678223e-01,3.742788732051849365e-01,1.972517187500000000e+04
8.621050715446472168e-01,3.954383432865142822e-01,3.793182617187500000e+03
5.973840355873107910e-01,2.735947370529174805e-01,1.137088378906250000e+04
4.237671196460723877e-01,2.156455069780349731e-01,1.459118530273437500e+03
7.584596872329711914e-01,3.479875624179840088e-01,1.686766357421875000e+03
9.536455273628234863e-01,2.950311899185180664e-01,3.490589843750000000e+03
6.428575515747070312e-01,2.537934184074401855e-01,1.001703222656250000e+04
6.353788375854492188e-01,2.724109590053558350e-01,3.479420898437500000e+03
5.814100503921508789e-01,2.519010901451110840e-01,6.461110351562500000e+03
8.524181246757507324e-01,3.268273770809173584e-01,1.121286425781250000e+04
7.066782712936401367e-01,2.715688049793243408e-01,2.144205859375000000e+04
3.750467598438262939e-01,1.624730229377746582e-01,5.179518432617187500e+02
6.804849505424499512e-01,3.341577351093292236e-01,2.161504150390625000e+03
4.141503274440765381e-01,2.101683467626571655e-01,1.830021850585937500e+03
3.866022825241088867e-01,1.811013519763946533e-01,1.167916015625000000e+03
5.072113871574401855e-01,2.456780970096588135e-01,1.210609741210937500e+03
6.993905901908874512e-01,2.455525100231170654e-01,3.427341308593750000e+03
6.931149363517761230e-01,2.770660817623138428e-01,3.329218505859375000e+03
4.666034281253814697e-01,1.807744204998016357e-01,2.917306884765625000e+03
7.838295698165893555e-01,3.497051298618316650e-01,6.158575683593750000e+03
7.879419326782226562e-01,3.775859177112579346e-01,5.212468750000000000e+03
5.072879195213317871e-01,2.118334174156188965e-01,1.504951904296875000e+03
8.636553287506103516e-01,3.485488891601562500e-01,9.733031250000000000e+03
5.417045950889587402e-01,2.173374593257904053e-01,4.719723144531250000e+03
6.005868911743164062e-01,2.980460524559020996e-01,1.704163476562500000e+04
7.350605130195617676e-01,2.957672476768493652e-01,1.177602832031250000e+04
9.602441191673278809e-01,3.509820699691772461e-01,2.801877539062500000e+04
5.089570283889770508e-01,2.101184725761413574e-01,4.644494140625000000e+03
6.737923622131347656e-01,2.494727075099945068e-01,2.784631835937500000e+03
5.770109891891479492e-01,2.239757180213928223e-01,6.459997070312500000e+03
7.766488194465637207e-01,3.247185051441192627e-01,4.900686718750000000e+04
8.538559079170227051e-01,3.665085732936859131e-01,4.076242187500000000e+03
2.824731171131134033e-01,1.240067556500434875e-01,2.323942626953125000e+03
8.502690792083740234e-01,3.715539574623107910e-01,5.908226074218750000e+03
9.079555273056030273e-01,3.589748144149780273e-01,9.719160156250000000e+03
8.391815423965454102e-01,3.026362359523773193e-01,2.792188964843750000e+03
1.003541827201843262e+00,3.702514767646789551e-01,1.599218164062500000e+04
5.666158199310302734e-01,2.474828213453292847e-01,4.891912597656250000e+03
6.412082910537719727e-01,2.925606369972229004e-01,1.557019042968750000e+03
1.015369057655334473e+00,4.159282743930816650e-01,1.485073046875000000e+04
6.852774620056152344e-01,3.141987919807434082e-01,1.903951904296875000e+03
5.987281799316406250e-01,2.368945032358169556e-01,3.211706298828125000e+03
4.753454327583312988e-01,2.485217303037643433e-01,1.883952270507812500e+03
3.329984247684478760e-01,1.382036209106445312e-01,1.339201171875000000e+03
7.629046440124511719e-01,3.230554759502410889e-01,8.893752929687500000e+03
5.106717944145202637e-01,2.159486114978790283e-01,2.816387695312500000e+03
5.508297085762023926e-01,2.269490361213684082e-01,2.087689208984375000e+03
5.310107469558715820e-01,1.979648470878601074e-01,3.302388916015625000e+03
4.866625964641571045e-01,2.161179035902023315e-01,6.615948730468750000e+03
5.922647118568420410e-01,2.318940311670303345e-01,8.397451171875000000e+03
5.720375180244445801e-01,2.565217018127441406e-01,2.057039306640625000e+03
6.959189772605895996e-01,3.073861896991729736e-01,8.186344238281250000e+03
6.549796462059020996e-01,2.628601193428039551e-01,3.834522216796875000e+03
1.125506639480590820e+00,7.918710261583328247e-02,5.664367187500000000e+03
3.263211250305175781e-01,1.412180811166763306e-01,2.029339965820312500e+03
4.757434725761413574e-01,1.916565746068954468e-01,5.831526367187500000e+03
4.032336473464965820e-01,1.584112942218780518e-01,1.962658325195312500e+03
6.090040206909179688e-01,2.721414566040039062e-01,2.633721923828125000e+03
8.425468802452087402e-01,3.683694303035736084e-01,7.673256835937500000e+03
5.538458228111267090e-01,2.361232936382293701e-01,1.129753808593750000e+04
5.196186304092407227e-01,2.141376286745071411e-01,5.819019042968750000e+03
7.572600245475769043e-01,3.052539229393005371e-01,1.914414062500000000e+03
5.384042263031005859e-01,2.328849136829376221e-01,4.331707519531250000e+03
8.832336068153381348e-01,3.451020717620849609e-01,1.103834375000000000e+04
7.662175297737121582e-01,3.412530422210693359e-01,3.658902832031250000e+03
4.689747393131256104e-01,2.138784229755401611e-01,1.409534179687500000e+03
9.888960123062133789e-01,3.661451935768127441e-01,1.463660351562500000e+04
1.039647459983825684e+00,3.247912228107452393e-01,2.379477539062500000e+03
6.091940402984619141e-01,2.759322226047515869e-01,6.894757324218750000e+03
4.911986887454986572e-01,2.212703526020050049e-01,2.308942138671875000e+03
3.330451548099517822e-01,1.346098035573959351e-01,1.467666503906250000e+03
4.768728613853454590e-01,2.157281041145324707e-01,5.773883300781250000e+03
7.283954024314880371e-01,2.171282470226287842e-01,1.992269165039062500e+03
5.693329572677612305e-01,2.467428296804428101e-01,9.513561523437500000e+03
4.872964024543762207e-01,2.040355503559112549e-01,7.720705078125000000e+03
5.094252228736877441e-01,2.226926684379577637e-01,7.054033691406250000e+03
7.227259278297424316e-01,2.703030407428741455e-01,1.728862695312500000e+04
5.468332767486572266e-01,2.482506930828094482e-01,3.826391357421875000e+03
7.707362771034240723e-01,2.323210686445236206e-01,1.210329101562500000e+03
5.588009953498840332e-01,1.556436121463775635e-01,3.146345458984375000e+03
3.171574473381042480e-01,1.195233315229415894e-01,1.424656616210937500e+03
1.135647058486938477e+00,3.957384228706359863e-01,3.215743750000000000e+04
4.779706895351409912e-01,2.257419973611831665e-01,1.977551513671875000e+03
6.138719916343688965e-01,2.972103059291839600e-01,4.569641601562500000e+03
8.558321595191955566e-01,3.614825010299682617e-01,8.190942968750000000e+04
3.948192000389099121e-01,1.747916936874389648e-01,2.538591796875000000e+03
8.802941441535949707e-01,3.493788540363311768e-01,1.275110156250000000e+04
7.520431876182556152e-01,3.170800507068634033e-01,1.205714140625000000e+05
4.422059655189514160e-01,1.773428469896316528e-01,1.672463378906250000e+03
8.146570324897766113e-01,3.413809239864349365e-01,1.214342187500000000e+04
6.927601695060729980e-01,2.775914371013641357e-01,7.009807128906250000e+03
7.270419597625732422e-01,3.107853531837463379e-01,3.062770263671875000e+03
4.924624264240264893e-01,2.486334741115570068e-01,1.319451293945312500e+03
4.386139214038848877e-01,1.787189543247222900e-01,1.487069335937500000e+03
4.625770747661590576e-01,1.890368014574050903e-01,2.768440429687500000e+03
4.229773283004760742e-01,1.991254389286041260e-01,2.243285644531250000e+03
9.633166790008544922e-01,4.054223895072937012e-01,1.813031054687500000e+04
4.181669354438781738e-01,1.671963781118392944e-01,3.109434326171875000e+03
6.355080604553222656e-01,2.591629028320312500e-01,4.348140234375000000e+04
7.039858698844909668e-01,2.960367500782012939e-01,3.998040283203125000e+03
8.643527626991271973e-01,3.324567675590515137e-01,4.543005859375000000e+03
4.984078705310821533e-01,2.239497900009155273e-01,1.056524121093750000e+04
4.658431112766265869e-01,1.931200027465820312e-01,5.631257812500000000e+03
9.138662219047546387e-01,3.627040982246398926e-01,1.965386718750000000e+04
5.473684072494506836e-01,2.421256303787231445e-01,2.054961181640625000e+03
6.215785741806030273e-01,3.063833117485046387e-01,2.793981445312500000e+03
3.933937251567840576e-01,1.495181024074554443e-01,5.466798339843750000e+03
5.786655545234680176e-01,2.011363059282302856e-01,3.469146240234375000e+03
5.355153083801269531e-01,2.429145127534866333e-01,1.748752441406250000e+03
6.278522014617919922e-01,2.588581740856170654e-01,5.398248535156250000e+03
4.529939293861389160e-01,1.980597823858261108e-01,1.157928833007812500e+03
7.328296303749084473e-01,2.974044084548950195e-01,6.210325000000000000e+04
7.643963098526000977e-01,2.976102530956268311e-01,1.993725585937500000e+04
3.827596902847290039e-01,1.311186105012893677e-01,1.168109497070312500e+03
7.395089864730834961e-01,2.962296009063720703e-01,4.745718261718750000e+03
6.152542233467102051e-01,2.884353697299957275e-01,4.197531250000000000e+03
6.278668642044067383e-01,2.660095691680908203e-01,2.873908691406250000e+03
5.889424681663513184e-01,2.453871816396713257e-01,9.147034179687500000e+03
6.610984802246093750e-01,2.667311429977416992e-01,4.778552246093750000e+03
6.003162860870361328e-01,2.920171022415161133e-01,5.912696289062500000e+03
6.328297853469848633e-01,2.556264698505401611e-01,3.540150146484375000e+03
4.113473892211914062e-01,1.840752065181732178e-01,2.733366210937500000e+03
5.457027554512023926e-01,2.460643053054809570e-01,6.126333007812500000e+03
4.660390913486480713e-01,1.785968840122222900e-01,2.137320068359375000e+03
1.073150277137756348e+00,3.886881768703460693e-01,4.218850585937500000e+03
4.296493232250213623e-01,1.861391961574554443e-01,1.917930175781250000e+03
1.100301980972290039e+00,3.986209928989410400e-01,2.944749218750000000e+04
6.854127645492553711e-01,3.277272284030914307e-01,7.540463256835937500e+02
7.857306003570556641e-01,3.226903975009918213e-01,1.266749511718750000e+04
5.382899045944213867e-01,2.356613427400588989e-01,4.331947753906250000e+03
5.795996189117431641e-01,2.212505787611007690e-01,5.534973144531250000e+03
8.303955793380737305e-01,2.089311182498931885e-01,3.305996337890625000e+03
5.898271799087524414e-01,2.611412703990936279e-01,3.925449462890625000e+03
8.271879553794860840e-01,3.672007322311401367e-01,6.804282714843750000e+03
3.431250154972076416e-01,1.402169466018676758e-01,1.877506958007812500e+03
5.682048797607421875e-01,2.763332724571228027e-01,6.065433105468750000e+03
4.714170098304748535e-01,1.960041970014572144e-01,2.164784667968750000e+03
7.937847971916198730e-01,3.481995165348052979e-01,1.749248437500000000e+04
7.239895462989807129e-01,3.528365194797515869e-01,2.144406250000000000e+03
5.160935521125793457e-01,2.282585203647613525e-01,3.755385253906250000e+03
5.988254547119140625e-01,2.472319453954696655e-01,1.261877246093750000e+04
6.554713249206542969e-01,3.137672245502471924e-01,3.002056152343750000e+03
3.193514347076416016e-01,1.080434620380401611e-01,1.024845947265625000e+03
6.886427402496337891e-01,3.013907372951507568e-01,3.363450683593750000e+03
4.985895454883575439e-01,2.186632305383682251e-01,2.518469482421875000e+03
8.321723341941833496e-01,2.965267896652221680e-01,3.379711425781250000e+03
8.524087667465209961e-01,3.836694955825805664e-01,7.420079101562500000e+03
4.133326411247253418e-01,1.684724837541580200e-01,2.395574218750000000e+03
4.069261550903320312e-01,1.598706841468811035e-01,1.106112304687500000e+03
6.352151632308959961e-01,2.900470495223999023e-01,3.966112548828125000e+03
7.866425514221191406e-01,3.290125131607055664e-01,4.854385253906250000e+03
7.130824327468872070e-01,2.708673477172851562e-01,7.639923828125000000e+03
6.589280962944030762e-01,2.976665496826171875e-01,8.607656250000000000e+03
4.784570038318634033e-01,2.122267186641693115e-01,3.051901123046875000e+03
6.085177659988403320e-01,2.570146620273590088e-01,5.305966308593750000e+03
6.344733834266662598e-01,2.367874532938003540e-01,1.210885498046875000e+03
6.447091102600097656e-01,2.265166044235229492e-01,3.193794189453125000e+03
6.295461654663085938e-01,2.812067568302154541e-01,4.039954101562500000e+03
8.008176684379577637e-01,2.719972431659698486e-01,1.677084228515625000e+03
4.393377304077148438e-01,1.902103126049041748e-01,2.911712890625000000e+03
6.037791371345520020e-01,2.424666285514831543e-01,1.038341796875000000e+04
4.465556740760803223e-01,1.716800481081008911e-01,1.970689941406250000e+03
4.484204649925231934e-01,1.903841644525527954e-01,3.853507812500000000e+03
6.055461764335632324e-01,2.633024156093597412e-01,1.273131835937500000e+03
7.448521852493286133e-01,2.998334169387817383e-01,5.145630859375000000e+03
8.231529593467712402e-01,3.055325448513031006e-01,1.775695507812500000e+04
6.619443893432617188e-01,2.751897871494293213e-01,9.515722656250000000e+03
1.102795004844665527e+00,3.931208550930023193e-01,7.167091308593750000e+03
6.887708902359008789e-01,2.450955510139465332e-01,1.868057373046875000e+03
4.467586278915405273e-01,1.984247714281082153e-01,3.710602294921875000e+03
8.521906733512878418e-01,2.302759140729904175e-01,4.130243652343750000e+03
5.603487491607666016e-01,2.310919910669326782e-01,2.827003515625000000e+04
4.415022432804107666e-01,2.106679379940032959e-01,1.318302978515625000e+03
5.197172760963439941e-01,2.346119284629821777e-01,6.779319335937500000e+03
7.335424423217773438e-01,3.196204006671905518e-01,7.089431640625000000e+03
5.722129940986633301e-01,2.594863474369049072e-01,3.344787597656250000e+03
7.422067523002624512e-01,2.951729297637939453e-01,6.002250488281250000e+03
8.297672867774963379e-01,2.347822338342666626e-01,3.800561523437500000e+03
4.427616000175476074e-01,1.818992048501968384e-01,3.041318847656250000e+03
6.772130131721496582e-01,3.160592019557952881e-01,1.579040893554687500e+03
6.063844561576843262e-01,2.477132827043533325e-01,3.806636962890625000e+03
6.809682250022888184e-01,2.781715691089630127e-01,5.906110839843750000e+03
6.717998981475830078e-01,2.807454466819763184e-01,2.305173828125000000e+03
4.791329801082611084e-01,1.850179433822631836e-01,3.616971679687500000e+03
4.264969527721405029e-01,1.780771315097808838e-01,2.092196044921875000e+03
2.955504655838012695e-01,1.125120222568511963e-01,1.583181762695312500e+03
7.740457057952880859e-01,2.905957102775573730e-01,5.594938964843750000e+03
7.570208907127380371e-01,3.154181540012359619e-01,1.863800195312500000e+04
6.230927705764770508e-01,2.949220538139343262e-01,1.601636108398437500e+03
3.175450265407562256e-01,1.367588639259338379e-01,1.725472656250000000e+03
6.530271172523498535e-01,2.819826006889343262e-01,3.566989501953125000e+03
6.242541670799255371e-01,2.682989537715911865e-01,3.839860351562500000e+03
6.952978372573852539e-01,3.353967368602752686e-01,2.919589843750000000e+03
3.040998876094818115e-01,1.223998218774795532e-01,1.188419311523437500e+03
4.771596491336822510e-01,1.851553320884704590e-01,8.602540039062500000e+03
4.804008305072784424e-01,2.161356806755065918e-01,1.870310180664062500e+03
7.050479054450988770e-01,2.915280461311340332e-01,2.109476367187500000e+04
8.246636986732482910e-01,3.668778538703918457e-01,2.528639453125000000e+04
5.362820029258728027e-01,2.148718535900115967e-01,5.666962402343750000e+03
5.393971204757690430e-01,2.605718672275543213e-01,2.652067626953125000e+03
7.435209155082702637e-01,3.151258528232574463e-01,4.616609375000000000e+03
6.184052824974060059e-01,2.633040249347686768e-01,4.198531738281250000e+03
8.250373601913452148e-01,3.379746377468109131e-01,1.510070214843750000e+04
7.472356557846069336e-01,3.115612864494323730e-01,2.859415039062500000e+04
4.877065420150756836e-01,2.143137902021408081e-01,5.138620605468750000e+03
5.846504569053649902e-01,2.520567774772644043e-01,1.877733593750000000e+04
4.834957122802734375e-01,2.232258468866348267e-01,1.723415039062500000e+03
7.510561347007751465e-01,3.209287226200103760e-01,2.119515820312500000e+04
5.047679543495178223e-01,2.477408796548843384e-01,2.150040527343750000e+03
7.697383165359497070e-01,2.902701497077941895e-01,1.652924414062500000e+04
9.808804988861083984e-01,3.844659626483917236e-01,9.274853515625000000e+03
7.860496640205383301e-01,3.291812837123870850e-01,1.530871289062500000e+04
4.958296716213226318e-01,2.309029698371887207e-01,5.691503906250000000e+03
4.324527084827423096e-01,1.788643002510070801e-01,1.912323242187500000e+03
5.281693339347839355e-01,2.690444886684417725e-01,9.616407470703125000e+02
3.859975636005401611e-01,1.595318317413330078e-01,2.073940673828125000e+03
3.351804912090301514e-01,1.469787061214447021e-01,1.669883422851562500e+03
7.749496102333068848e-01,3.209677040576934814e-01,1.211341796875000000e+04
4.480641484260559082e-01,2.066591829061508179e-01,2.365349853515625000e+03
9.587580561637878418e-01,3.770924806594848633e-01,2.072003906250000000e+04
7.088058590888977051e-01,3.570481538772583008e-01,8.597617187500000000e+03
1.108492374420166016e+00,3.371726870536804199e-01,1.955060546875000000e+03
6.666840910911560059e-01,2.999011278152465820e-01,2.816077636718750000e+03
6.467205286026000977e-01,2.438165247440338135e-01,1.602125610351562500e+03
1.062877893447875977e+00,4.005439281463623047e-01,1.175821386718750000e+04
7.287607192993164062e-01,3.016476929187774658e-01,9.678541015625000000e+03
7.444144487380981445e-01,3.350843489170074463e-01,3.465361083984375000e+03
5.879021286964416504e-01,2.868425548076629639e-01,3.629213134765625000e+03
6.494149565696716309e-01,2.819108664989471436e-01,3.945337402343750000e+03
4.431029856204986572e-01,2.469190359115600586e-01,9.080028686523437500e+02
2.685720324516296387e-01,1.031985878944396973e-01,2.461477050781250000e+03
5.287398695945739746e-01,2.105439603328704834e-01,2.780085693359375000e+03
7.101142406463623047e-01,3.070859014987945557e-01,1.392080810546875000e+03
1.257127642631530762e+00,8.595839887857437134e-02,6.343208007812500000e+03
6.655733585357666016e-01,2.851825356483459473e-01,3.168688964843750000e+03
5.990047454833984375e-01,2.378203719854354858e-01,1.857036621093750000e+03
4.957808256149291992e-01,2.074724733829498291e-01,2.108999023437500000e+03
6.562213897705078125e-01,2.793327867984771729e-01,2.929564941406250000e+03
5.490485429763793945e-01,2.075397670269012451e-01,6.793000000000000000e+03
5.344583392143249512e-01,2.146930247545242310e-01,2.341249755859375000e+03
7.459399104118347168e-01,3.923344314098358154e-01,3.894392333984375000e+03
8.341686129570007324e-01,3.491005003452301025e-01,3.427062890625000000e+04
8.257530927658081055e-01,3.565473258495330811e-01,1.378815039062500000e+04
1.121328949928283691e+00,3.932776749134063721e-01,7.825527343750000000e+04
1.169118762016296387e+00,2.534463703632354736e-01,6.023957519531250000e+03
4.169926643371582031e-01,1.913188695907592773e-01,1.520060791015625000e+03
3.900538086891174316e-01,1.492271721363067627e-01,9.598682617187500000e+03
9.594034552574157715e-01,4.067037701606750488e-01,2.703642187500000000e+04
5.624517202377319336e-01,2.893409132957458496e-01,2.088613037109375000e+03
6.254211664199829102e-01,2.604472041130065918e-01,3.222876953125000000e+03
9.792149066925048828e-01,3.860522508621215820e-01,1.124348437500000000e+04
5.585862994194030762e-01,2.333083003759384155e-01,1.157846875000000000e+04
1.086906909942626953e+00,3.897656202316284180e-01,5.656078906250000000e+04
7.266959547996520996e-01,3.327818512916564941e-01,9.077129882812500000e+03
5.991755127906799316e-01,2.331604510545730591e-01,1.260634082031250000e+04
6.067798137664794922e-01,2.796170413494110107e-01,8.751405273437500000e+03
4.460876584053039551e-01,2.029316127300262451e-01,1.692535644531250000e+03
5.359378457069396973e-01,2.258359193801879883e-01,4.111779296875000000e+03
6.540753245353698730e-01,3.027322292327880859e-01,1.981029174804687500e+03
5.791076421737670898e-01,3.077910542488098145e-01,1.870717529296875000e+03
7.165415287017822266e-01,1.544546782970428467e-01,2.174963623046875000e+03
2.562532126903533936e-01,9.319963306188583374e-02,1.897215942382812500e+03
6.887717247009277344e-01,2.883763611316680908e-01,2.492230468750000000e+04
1.139383792877197266e+00,3.973254561424255371e-01,1.279709921875000000e+05
6.501972675323486328e-01,2.839049994945526123e-01,3.085433837890625000e+03
6.129937171936035156e-01,2.854410111904144287e-01,2.612770996093750000e+03
6.858353018760681152e-01,2.982355356216430664e-01,7.645869628906250000e+03
3.271708786487579346e-01,1.306790411472320557e-01,1.260494384765625000e+03
6.854506731033325195e-01,2.767275571823120117e-01,1.331554980468750000e+04
6.316189765930175781e-01,2.696321904659271240e-01,4.899744628906250000e+03
6.361836194992065430e-01,2.649831473827362061e-01,3.453782958984375000e+03
1.042925000190734863e+00,3.771302103996276855e-01,1.558269531250000000e+05
7.842898368835449219e-01,3.875075280666351318e-01,8.221934570312500000e+03
7.663205862045288086e-01,3.118521869182586670e-01,1.111190332031250000e+04
4.884669184684753418e-01,2.077540010213851929e-01,2.089144775390625000e+03
5.918867588043212891e-01,2.383799999952316284e-01,8.608149414062500000e+03
6.381260752677917480e-01,2.708751261234283447e-01,2.690032714843750000e+03
3.525163531303405762e-01,1.124245002865791321e-01,2.037880981445312500e+03
8.806605935096740723e-01,3.341679275035858154e-01,9.364682617187500000e+03
5.926582813262939453e-01,2.542025744915008545e-01,2.843930419921875000e+03
4.541903436183929443e-01,1.953836232423782349e-01,1.702861206054687500e+03
3.692466616630554199e-01,1.377390772104263306e-01,1.836963500976562500e+03
6.094458699226379395e-01,2.728579342365264893e-01,3.309552001953125000e+03
8.463318347930908203e-01,3.278746306896209717e-01,4.903841796875000000e+03
9.464543461799621582e-01,2.389054894447326660e-01,5.485179199218750000e+03
7.485218048095703125e-01,3.299125730991363525e-01,9.976176757812500000e+03
1.139368295669555664e+00,3.973145782947540283e-01,2.217394140625000000e+04
6.344183683395385742e-01,2.894259691238403320e-01,7.070122070312500000e+03
3.833436667919158936e-01,1.852398216724395752e-01,2.092135742187500000e+03
5.467267632484436035e-01,2.474271506071090698e-01,1.154034960937500000e+04
9.413855671882629395e-01,3.951846659183502197e-01,2.224773632812500000e+04
1.126427650451660156e+00,3.956521153450012207e-01,2.486180781250000000e+05
4.882880151271820068e-01,1.993984133005142212e-01,2.364687988281250000e+03
6.790186166763305664e-01,2.893999814987182617e-01,7.928185058593750000e+03
6.134729385375976562e-01,2.950856983661651611e-01,6.086641113281250000e+03
8.181203603744506836e-01,3.563200831413269043e-01,3.808916796875000000e+04
8.941786289215087891e-01,2.672412395477294922e-01,4.050391845703125000e+03
6.447027325630187988e-01,2.654267251491546631e-01,3.216732910156250000e+03
6.547103524208068848e-01,2.780878841876983643e-01,5.629291503906250000e+03
8.159245848655700684e-01,3.373422026634216309e-01,1.217564550781250000e+04
6.282632350921630859e-01,2.984140515327453613e-01,1.577173706054687500e+03
6.320720314979553223e-01,2.877680659294128418e-01,3.319983886718750000e+03
7.137431502342224121e-01,2.870258390903472900e-01,8.528489257812500000e+03
1.127516746520996094e+00,7.472960650920867920e-02,6.060564453125000000e+03
6.180410385131835938e-01,2.695927023887634277e-01,1.062595214843750000e+04
5.100616812705993652e-01,2.129670530557632446e-01,3.452957031250000000e+03
4.802525639533996582e-01,2.027738988399505615e-01,4.508578613281250000e+03
7.135516405105590820e-01,3.623815774917602539e-01,2.863723388671875000e+03
6.028903126716613770e-01,2.450515925884246826e-01,2.312961718750000000e+04
3.939942419528961182e-01,1.546872407197952271e-01,2.132311767578125000e+03
4.525114297866821289e-01,2.104664891958236694e-01,1.598551025390625000e+03
1.023331046104431152e+00,3.961716592311859131e-01,3.350561328125000000e+04
6.206740140914916992e-01,2.424028664827346802e-01,7.689831054687500000e+03
8.587906360626220703e-01,3.802264034748077393e-01,4.257295898437500000e+03
4.848881065845489502e-01,2.032822072505950928e-01,2.438229492187500000e+03
5.098221302032470703e-01,2.192688286304473877e-01,1.320338964843750000e+04
5.900621414184570312e-01,2.316931784152984619e-01,4.939773437500000000e+03
4.010765254497528076e-01,1.687559038400650024e-01,1.303371948242187500e+03
4.432318806648254395e-01,2.220233678817749023e-01,1.318056518554687500e+03
1.140111088752746582e+00,3.973731398582458496e-01,4.206979687500000000e+04
6.980488896369934082e-01,2.873406708240509033e-01,5.808383789062500000e+03
5.018262267112731934e-01,2.412670254707336426e-01,1.790602661132812500e+03
5.111042261123657227e-01,2.621383666992187500e-01,1.178250610351562500e+03
6.781967878341674805e-01,2.791892290115356445e-01,3.927812011718750000e+03
8.718466758728027344e-01,3.520813286304473877e-01,1.242761230468750000e+04
5.892024636268615723e-01,2.766437828540802002e-01,2.691614746093750000e+03
4.616758823394775391e-01,1.948107928037643433e-01,2.471188232421875000e+03
8.798508644104003906e-01,3.522745370864868164e-01,3.981650781250000000e+04
6.482594013214111328e-01,2.770037949085235596e-01,4.980160156250000000e+03
5.006833672523498535e-01,1.690239608287811279e-01,1.745337280273437500e+03
9.159765243530273438e-01,3.408561050891876221e-01,2.465422070312500000e+04
5.235493183135986328e-01,3.020533621311187744e-01,1.885666870117187500e+03
5.594049692153930664e-01,2.757105529308319092e-01,3.381309814453125000e+03
6.243971586227416992e-01,2.669972181320190430e-01,2.834370117187500000e+03
7.546256780624389648e-01,3.246445953845977783e-01,1.708467578125000000e+04
1.050882458686828613e+00,3.886918127536773682e-01,1.669002968750000000e+05
1.124781370162963867e+00,3.974673449993133545e-01,8.983713281250000000e+04
9.568938016891479492e-01,3.972957730293273926e-01,3.021675976562500000e+04
6.680035591125488281e-01,2.840086519718170166e-01,7.720263183593750000e+03
6.661800146102905273e-01,2.943544685840606689e-01,1.242990039062500000e+04
6.155267357826232910e-01,2.315488159656524658e-01,2.216040039062500000e+03
7.589600682258605957e-01,3.322374820709228516e-01,2.717404101562500000e+04
5.815080404281616211e-01,2.529024183750152588e-01,7.402653320312500000e+03
1.114113211631774902e+00,8.909035474061965942e-02,6.355813964843750000e+03
8.198187351226806641e-01,3.246251940727233887e-01,3.091031982421875000e+03
4.198715388774871826e-01,1.759476512670516968e-01,2.032885986328125000e+03
4.825487136840820312e-01,2.134339958429336548e-01,1.481781005859375000e+03
3.977983295917510986e-01,1.707571446895599365e-01,5.036557617187500000e+03
1.054910182952880859e+00,3.759883344173431396e-01,2.777654052734375000e+03
6.255595088005065918e-01,2.719022631645202637e-01,5.205033691406250000e+03
4.120026528835296631e-01,1.964332312345504761e-01,2.042745117187500000e+03
7.137802839279174805e-01,3.209208250045776367e-01,4.487558593750000000e+03
9.170377254486083984e-01,3.584614992141723633e-01,2.070646093750000000e+04
5.986999273300170898e-01,2.871089279651641846e-01,1.476712768554687500e+03
9.719174504280090332e-01,3.505824208259582520e-01,1.813011328125000000e+04
6.666322350502014160e-01,2.938152849674224854e-01,1.475804589843750000e+04
5.936747789382934570e-01,1.711376011371612549e-01,2.669261230468750000e+03
5.906829237937927246e-01,2.586346268653869629e-01,3.203466796875000000e+03
9.360842704772949219e-01,3.670751452445983887e-01,2.082505312500000000e+05
6.141279935836791992e-01,2.607126832008361816e-01,7.421038085937500000e+03
9.750170707702636719e-01,3.570274710655212402e-01,6.105861816406250000e+03
5.522282719612121582e-01,2.211482524871826172e-01,1.045667578125000000e+04
6.480534672737121582e-01,2.970058023929595947e-01,1.970499755859375000e+03
1.146687865257263184e+00,3.682016134262084961e-01,5.265804199218750000e+03
6.305804252624511719e-01,2.429322898387908936e-01,6.756196777343750000e+03
1.122786760330200195e+00,3.973941504955291748e-01,1.859801093750000000e+05
6.729897260665893555e-01,3.096386194229125977e-01,1.585551513671875000e+03
7.402271032333374023e-01,2.750460505485534668e-01,2.004646118164062500e+03
8.247784972190856934e-01,3.058439791202545166e-01,1.413591503906250000e+04
7.481737732887268066e-01,3.202797770500183105e-01,5.759076171875000000e+03
9.199765920639038086e-01,3.492793738842010498e-01,6.975004687500000000e+04
5.446495413780212402e-01,2.407309263944625854e-01,3.052551025390625000e+03
5.711630582809448242e-01,2.350033819675445557e-01,1.124490234375000000e+04
1.064375400543212891e+00,8.231579512357711792e-02,5.695227539062500000e+03
5.962423086166381836e-01,2.648721337318420410e-01,3.149238769531250000e+03
5.625228285789489746e-01,2.659767568111419678e-01,2.336092529296875000e+03
3.555085361003875732e-01,1.432965695858001709e-01,2.016773681640625000e+03
1.026354074478149414e+00,4.058778285980224609e-01,7.828113281250000000e+03
5.182231664657592773e-01,2.197128534317016602e-01,4.282442382812500000e+03
4.631700217723846436e-01,2.112809717655181885e-01,1.188132690429687500e+03
4.086961448192596436e-01,1.629774421453475952e-01,2.088855468750000000e+03
6.808134317398071289e-01,2.905372381210327148e-01,7.295408691406250000e+03
6.435261368751525879e-01,2.794893085956573486e-01,1.032771289062500000e+04
5.209678411483764648e-01,2.053369581699371338e-01,1.141918457031250000e+03
4.288596510887145996e-01,1.718705892562866211e-01,1.622476318359375000e+03
1.041001796722412109e+00,2.045552581548690796e-01,6.116011230468750000e+03
4.905115067958831787e-01,2.068462520837783813e-01,3.056010253906250000e+03
5.516542792320251465e-01,2.367355227470397949e-01,4.564949218750000000e+03
7.685031294822692871e-01,3.453215062618255615e-01,5.493131835937500000e+03
6.962066292762756348e-01,2.873798310756683350e-01,6.892898925781250000e+03
1.094616174697875977e+00,3.917661309242248535e-01,6.053052734375000000e+04
6.251413822174072266e-01,2.511720657348632812e-01,1.567149804687500000e+04
6.106988787651062012e-01,2.784764468669891357e-01,3.289590087890625000e+03
6.119874715805053711e-01,2.776643633842468262e-01,2.719357666015625000e+03
5.953012108802795410e-01,2.668137252330780029e-01,2.207834228515625000e+03
8.482592105865478516e-01,3.677875697612762451e-01,6.889075195312500000e+03
7.554930448532104492e-01,3.193556368350982666e-01,2.739885546875000000e+04
8.077623248100280762e-01,3.662462532520294189e-01,5.969194824218750000e+03
6.414579749107360840e-01,2.899682521820068359e-01,4.267358886718750000e+03
8.160741925239562988e-01,3.436702489852905273e-01,6.528505371093750000e+03
6.800872683525085449e-01,2.903510332107543945e-01,5.806236816406250000e+03
7.564476728439331055e-01,2.940919995307922363e-01,1.856515234375000000e+04
5.772424936294555664e-01,2.441604584455490112e-01,7.337872070312500000e+03
7.251381278038024902e-01,3.031201064586639404e-01,2.100150390625000000e+03
6.292175054550170898e-01,2.566803693771362305e-01,1.134469238281250000e+04
8.960959911346435547e-01,3.360008597373962402e-01,6.130403125000000000e+04
8.362597227096557617e-01,3.698421120643615723e-01,1.402190332031250000e+04
4.871504604816436768e-01,2.141426205635070801e-01,2.487544189453125000e+03
3.910874724388122559e-01,1.441320925951004028e-01,1.764464843750000000e+03
6.195338964462280273e-01,2.852874100208282471e-01,5.077422851562500000e+03
9.382260441780090332e-01,3.969582319259643555e-01,7.294624511718750000e+03
6.878026127815246582e-01,2.916959822177886963e-01,4.212158691406250000e+03
6.366279721260070801e-01,2.598201632499694824e-01,8.779863281250000000e+03
4.718413352966308594e-01,1.708904206752777100e-01,5.432066894531250000e+03
9.534745812416076660e-01,3.932499885559082031e-01,3.863324609375000000e+04
4.059823155403137207e-01,1.951159238815307617e-01,8.420165405273437500e+02
3.506178557872772217e-01,1.448104232549667358e-01,1.588378173828125000e+03
8.717676997184753418e-01,3.507376611232757568e-01,2.931591601562500000e+04
6.378641128540039062e-01,2.827964425086975098e-01,1.621710546875000000e+04
4.314791262149810791e-01,1.653675138950347900e-01,3.331691406250000000e+04
4.951769411563873291e-01,2.159007638692855835e-01,1.939833251953125000e+03
5.415695309638977051e-01,2.376632243394851685e-01,3.257497070312500000e+03
7.580701112747192383e-01,3.168744146823883057e-01,1.221251269531250000e+04
8.145478367805480957e-01,3.430488109588623047e-01,1.117242480468750000e+04
5.520543456077575684e-01,2.587879300117492676e-01,1.265320556640625000e+03
4.592147171497344971e-01,1.712545752525329590e-01,3.480929443359375000e+03
5.885402560234069824e-01,2.508045732975006104e-01,1.210104980468750000e+04
7.802562713623046875e-01,3.565442562103271484e-01,4.505085449218750000e+03
6.369019150733947754e-01,2.512149214744567871e-01,5.029148437500000000e+04
8.016576766967773438e-01,3.317199051380157471e-01,1.884467578125000000e+04
5.263506174087524414e-01,2.189882546663284302e-01,2.503875244140625000e+03
5.741505026817321777e-01,2.382325530052185059e-01,2.560384521484375000e+03
6.225056648254394531e-01,2.482464462518692017e-01,5.509406250000000000e+03
5.662909746170043945e-01,2.692715525627136230e-01,2.504521484375000000e+03
4.763113558292388916e-01,1.792695224285125732e-01,4.011906982421875000e+03
6.296563744544982910e-01,2.278057783842086792e-01,2.247772656250000000e+04
5.378999114036560059e-01,2.467510104179382324e-01,2.240752685546875000e+03
6.650032401084899902e-01,2.627801597118377686e-01,2.213633007812500000e+04
7.725740671157836914e-01,3.145106732845306396e-01,1.172401562500000000e+04
6.246085762977600098e-01,2.599630355834960938e-01,2.745030273437500000e+04
3.638134002685546875e-01,1.459274739027023315e-01,1.857886108398437500e+03
9.669485092163085938e-01,2.288310974836349487e-01,3.040872802734375000e+03
4.948053061962127686e-01,2.432445138692855835e-01,1.552109497070312500e+03
8.552450537681579590e-01,4.047898352146148682e-01,1.054602148437500000e+04
6.238791346549987793e-01,2.359396666288375854e-01,4.631312988281250000e+03
7.109474539756774902e-01,3.120579421520233154e-01,4.033451660156250000e+03
8.199506998062133789e-01,3.149793148040771484e-01,1.765580273437500000e+04
6.644324660301208496e-01,2.786144018173217773e-01,3.739108886718750000e+03
5.439264774322509766e-01,2.484995275735855103e-01,7.255011230468750000e+03
6.064291596412658691e-01,2.747754156589508057e-01,3.732808349609375000e+03
5.128176808357238770e-01,2.108209133148193359e-01,2.302677734375000000e+03
6.167054176330566406e-01,2.630090713500976562e-01,4.491476074218750000e+03
7.358878850936889648e-01,3.411518037319183350e-01,4.175714355468750000e+03
7.053678035736083984e-01,3.096027374267578125e-01,1.852252319335937500e+03
6.493834257125854492e-01,2.963626682758331299e-01,1.711917236328125000e+03
4.892134964466094971e-01,2.089254707098007202e-01,3.195262451171875000e+03
8.479725122451782227e-01,4.066996276378631592e-01,2.046017456054687500e+03
5.633701086044311523e-01,2.412309348583221436e-01,3.731803710937500000e+03
1.048569083213806152e+00,3.912768065929412842e-01,4.760307812500000000e+04
8.080705404281616211e-01,3.513456881046295166e-01,4.009252929687500000e+03
8.445624709129333496e-01,3.310641050338745117e-01,1.097290332031250000e+04
5.225324630737304688e-01,2.032231986522674561e-01,5.035923828125000000e+03
3.655111789703369141e-01,1.457409858703613281e-01,9.720945312500000000e+03
9.780387282371520996e-01,4.023610651493072510e-01,6.839268066406250000e+03
6.579391956329345703e-01,2.817691564559936523e-01,3.028683349609375000e+03
3.768180608749389648e-01,1.612082123756408691e-01,2.578244384765625000e+03
8.635266423225402832e-01,3.583069741725921631e-01,9.563675781250000000e+04
7.716606259346008301e-01,2.732071578502655029e-01,1.040412109375000000e+03
1.113605499267578125e+00,3.921214044094085693e-01,3.595156250000000000e+03
1.100944280624389648e+00,3.913521170616149902e-01,2.282070703125000000e+04
8.686113357543945312e-01,2.110025137662887573e-01,2.682990966796875000e+03
4.484106302261352539e-01,1.635816693305969238e-01,2.161969970703125000e+03
5.946618318557739258e-01,2.775530517101287842e-01,3.594830810546875000e+03
6.666145324707031250e-01,2.559811770915985107e-01,4.164841796875000000e+04
5.753361582756042480e-01,2.648763656616210938e-01,2.337672119140625000e+03
3.380755782127380371e-01,1.392717361450195312e-01,1.275526245117187500e+03
5.558562874794006348e-01,2.256045639514923096e-01,2.237115478515625000e+03
6.377747058868408203e-01,2.877110838890075684e-01,2.612189941406250000e+03
5.669900178909301758e-01,2.141472101211547852e-01,5.142068847656250000e+03
6.884353756904602051e-01,2.662966251373291016e-01,1.178824511718750000e+04
6.459112167358398438e-01,2.629700005054473877e-01,5.383551757812500000e+03
9.152855873107910156e-01,3.539505600929260254e-01,1.039409570312500000e+04
3.931525051593780518e-01,1.772083640098571777e-01,2.181569580078125000e+03
5.679514408111572266e-01,2.967052161693572998e-01,1.751631958007812500e+03
5.869964361190795898e-01,2.731517255306243896e-01,9.614658203125000000e+02
1.139475584030151367e+00,4.011144638061523438e-01,3.258709062500000000e+05
5.362515449523925781e-01,2.707653939723968506e-01,1.741717773437500000e+03
6.166229844093322754e-01,2.354730963706970215e-01,1.083649121093750000e+04
5.687531232833862305e-01,2.512647211551666260e-01,3.022730957031250000e+03
9.275491833686828613e-01,3.497506678104400635e-01,3.138444531250000000e+04
7.452628612518310547e-01,3.183375000953674316e-01,4.592881835937500000e+03
6.493771672248840332e-01,2.906706035137176514e-01,2.784481933593750000e+03
4.752940535545349121e-01,2.090565711259841919e-01,3.313315185546875000e+03
8.383976817131042480e-01,3.411224484443664551e-01,6.846381835937500000e+03
4.646996855735778809e-01,1.370438933372497559e-01,1.342502319335937500e+03
5.690826773643493652e-01,2.285273522138595581e-01,2.350533935546875000e+03
6.334307789802551270e-01,2.549843192100524902e-01,5.269060058593750000e+03
1.094554424285888672e+00,8.712664246559143066e-02,5.662340332031250000e+03
5.765941143035888672e-01,2.489569485187530518e-01,6.202565917968750000e+03
6.135666370391845703e-01,2.607485949993133545e-01,2.294756591796875000e+03
7.666577696800231934e-01,3.170418143272399902e-01,1.177932324218750000e+04
5.479371547698974609e-01,2.354184389114379883e-01,6.312956054687500000e+03
6.688529253005981445e-01,2.730353474617004395e-01,5.376967285156250000e+03
6.428488492965698242e-01,2.600778341293334961e-01,4.860731445312500000e+03
5.150246620178222656e-01,1.638271957635879517e-01,2.295826171875000000e+03
7.492735385894775391e-01,3.377180695533752441e-01,3.929807861328125000e+03
2.697442173957824707e-01,1.077028736472129822e-01,1.156347534179687500e+03
7.042763233184814453e-01,2.903429567813873291e-01,3.996657421875000000e+04
6.754968762397766113e-01,2.443248480558395386e-01,9.723723632812500000e+03
5.272542238235473633e-01,2.247781455516815186e-01,2.351946044921875000e+03
6.370811462402343750e-01,2.894207239151000977e-01,3.390284423828125000e+03
7.465929388999938965e-01,2.883177101612091064e-01,5.938293457031250000e+03
8.268569111824035645e-01,3.343177437782287598e-01,5.731173828125000000e+03
4.984710216522216797e-01,2.281716018915176392e-01,2.131867919921875000e+03
6.878744959831237793e-01,2.820184230804443359e-01,1.385276855468750000e+04
5.941058993339538574e-01,2.358585596084594727e-01,2.365062695312500000e+04
7.193973064422607422e-01,2.887129485607147217e-01,3.238572998046875000e+03
8.548021316528320312e-01,3.580831289291381836e-01,1.218689941406250000e+03
5.618878602981567383e-01,2.320616245269775391e-01,1.859119262695312500e+03
6.699297428131103516e-01,3.216450512409210205e-01,6.103397949218750000e+03
5.464403033256530762e-01,2.605789005756378174e-01,1.601714111328125000e+03
3.954956531524658203e-01,1.610622704029083252e-01,2.948527832031250000e+03
3.327623903751373291e-01,1.406278163194656372e-01,1.854887573242187500e+03
5.819327831268310547e-01,2.699109017848968506e-01,2.242402587890625000e+03
1.134046912193298340e+00,3.948942422866821289e-01,4.948748535156250000e+03
1.098109602928161621e+00,1.042029336094856262e-01,5.878602050781250000e+03
7.317948341369628906e-01,2.797858715057373047e-01,2.975579882812500000e+04
8.038741946220397949e-01,3.398675918579101562e-01,1.658195434570312500e+03
8.743067979812622070e-01,3.829392194747924805e-01,6.322085449218750000e+03
6.922207474708557129e-01,2.301865071058273315e-01,8.252546875000000000e+03
2.966991364955902100e-01,1.147457510232925415e-01,1.156643920898437500e+03
5.593062639236450195e-01,2.248506546020507812e-01,4.005735107421875000e+03
3.207647204399108887e-01,1.344199031591415405e-01,1.999441528320312500e+03
1.104604244232177734e+00,2.548986971378326416e-01,2.635837646484375000e+03
7.557010650634765625e-01,3.167466819286346436e-01,1.045325292968750000e+04
1.018223643302917480e+00,3.969755470752716064e-01,1.525055625000000000e+05
1.139431595802307129e+00,4.006886780261993408e-01,1.207423203125000000e+05
1.089367151260375977e+00,3.962049782276153564e-01,2.596142578125000000e+04
6.441817879676818848e-01,2.666340470314025879e-01,1.356133398437500000e+04
4.546664059162139893e-01,1.965332776308059692e-01,2.847162109375000000e+03
5.537881255149841309e-01,2.480729669332504272e-01,6.212081542968750000e+03
7.055912017822265625e-01,3.244273364543914795e-01,5.165327148437500000e+03
7.691994309425354004e-01,3.246198892593383789e-01,1.305598828125000000e+04
7.305410504341125488e-01,3.400298058986663818e-01,3.182568603515625000e+03
3.839305341243743896e-01,1.557989716529846191e-01,1.846526123046875000e+03
8.303371667861938477e-01,3.656885921955108643e-01,1.088000585937500000e+04
5.854520797729492188e-01,2.567028403282165527e-01,5.452883789062500000e+03
8.253366947174072266e-01,3.507215678691864014e-01,8.417498437500000000e+04
8.163821697235107422e-01,3.335035443305969238e-01,6.665125000000000000e+03
5.002919435501098633e-01,2.226684689521789551e-01,2.473040283203125000e+03
6.346578001976013184e-01,2.874782383441925049e-01,3.098685791015625000e+03
6.999704837799072266e-01,2.819789052009582520e-01,5.630654296875000000e+03
9.111831188201904297e-01,3.721274733543395996e-01,1.415820312500000000e+04
4.280337691307067871e-01,1.783612370491027832e-01,2.728482666015625000e+03
5.245903134346008301e-01,2.109020799398422241e-01,1.448992553710937500e+03
6.058955192565917969e-01,3.460592031478881836e-01,1.751361450195312500e+03
9.908409118652343750e-01,3.598312139511108398e-01,4.079773925781250000e+03
6.940112113952636719e-01,2.932735681533813477e-01,4.730318359375000000e+03
2.968179881572723389e-01,1.161248311400413513e-01,1.415455688476562500e+03
6.051832437515258789e-01,2.611927986145019531e-01,5.086002929687500000e+03
6.324817538261413574e-01,2.660055458545684814e-01,8.357015625000000000e+03
8.426948189735412598e-01,2.725971043109893799e-01,1.098854687500000000e+04
3.993536829948425293e-01,1.810624748468399048e-01,1.594786987304687500e+03
7.289083003997802734e-01,3.339956700801849365e-01,6.717597656250000000e+03
7.646043896675109863e-01,3.541336357593536377e-01,6.047108398437500000e+03
8.151541948318481445e-01,3.590294122695922852e-01,8.092007324218750000e+03
6.802416443824768066e-01,3.140066266059875488e-01,7.186815917968750000e+03
1.052139043807983398e+00,8.163104206323623657e-02,5.018029785156250000e+03
4.363968074321746826e-01,2.072035074234008789e-01,2.025291992187500000e+03
6.784406900405883789e-01,2.890478968620300293e-01,1.557930761718750000e+04
7.154988050460815430e-01,3.333264887332916260e-01,4.457388183593750000e+03
1.140064477920532227e+00,3.986312747001647949e-01,3.486988437500000000e+05
7.262690663337707520e-01,3.290562927722930908e-01,3.164881835937500000e+03
6.290813088417053223e-01,3.244682252407073975e-01,2.582162841796875000e+03
4.068312942981719971e-01,1.769049167633056641e-01,1.611531494140625000e+03
5.539320707321166992e-01,2.229925990104675293e-01,1.857352148437500000e+04
5.998733639717102051e-01,2.615451812744140625e-01,2.942031250000000000e+03
1.066278219223022461e+00,3.328766226768493652e-01,7.414586914062500000e+03
6.646522879600524902e-01,2.906053364276885986e-01,4.898185546875000000e+04
5.345826745033264160e-01,2.325066030025482178e-01,1.759937011718750000e+03
6.160278320312500000e-01,2.411796301603317261e-01,3.197529492187500000e+04
6.776673197746276855e-01,2.868962883949279785e-01,1.093440820312500000e+04
5.299102067947387695e-01,2.047948092222213745e-01,9.012493164062500000e+03
6.027331948280334473e-01,2.378034442663192749e-01,3.971986816406250000e+03
4.859523177146911621e-01,2.090897262096405029e-01,2.801542968750000000e+03
7.037482857704162598e-01,2.806186974048614502e-01,3.005677734375000000e+03
4.526295363903045654e-01,1.972507089376449585e-01,2.065751464843750000e+03
7.648440599441528320e-01,3.081475794315338135e-01,1.012594726562500000e+04
9.525856971740722656e-01,3.815498948097229004e-01,9.881222656250000000e+03
4.975266158580780029e-01,1.973589956760406494e-01,9.662110351562500000e+03
6.706280708312988281e-01,3.151986598968505859e-01,5.821134765625000000e+03
4.388298094272613525e-01,1.791638135910034180e-01,3.599127929687500000e+03
5.227431058883666992e-01,2.423425465822219849e-01,1.596086914062500000e+03
5.287267565727233887e-01,2.398888170719146729e-01,5.474839843750000000e+03
4.831361472606658936e-01,2.029616087675094604e-01,2.521459472656250000e+03
7.151822447776794434e-01,2.834012508392333984e-01,5.545216796875000000e+03
5.694295763969421387e-01,2.345288097858428955e-01,1.096014160156250000e+04
4.092416763305664062e-01,1.756933033466339111e-01,2.079561035156250000e+03
7.370731234550476074e-01,2.904399037361145020e-01,2.424043554687500000e+04
1.203156709671020508e+00,7.330418378114700317e-02,7.100375000000000000e+03
4.889440536499023438e-01,1.912601590156555176e-01,6.195442871093750000e+03
4.848923981189727783e-01,2.032234370708465576e-01,1.000310937500000000e+04
6.863121986389160156e-01,3.028910458087921143e-01,4.966262695312500000e+03
7.252597808837890625e-01,3.015033304691314697e-01,7.243550781250000000e+03
5.839149355888366699e-01,2.739492356777191162e-01,1.775329956054687500e+03
5.607503056526184082e-01,2.155757695436477661e-01,1.646995117187500000e+04
1.052181363105773926e+00,3.868555724620819092e-01,5.368301171875000000e+04
4.279305338859558105e-01,2.000090628862380981e-01,6.460890625000000000e+03
9.000380635261535645e-01,3.394189476966857910e-01,2.397515039062500000e+04
5.361815690994262695e-01,2.210325896739959717e-01,2.871414062500000000e+03
9.099807143211364746e-01,2.894577980041503906e-01,2.162679199218750000e+03
4.693458080291748047e-01,1.942177563905715942e-01,3.069234619140625000e+03
5.720341205596923828e-01,2.456888705492019653e-01,1.759703710937500000e+04
6.426524519920349121e-01,2.856941819190979004e-01,9.559721679687500000e+03
4.734755754470825195e-01,2.006110101938247681e-01,4.424647949218750000e+03
5.943121910095214844e-01,2.427342832088470459e-01,4.095984619140625000e+03
7.755818367004394531e-01,2.952197194099426270e-01,1.148274511718750000e+04
5.378953814506530762e-01,2.235606461763381958e-01,7.581376953125000000e+03
4.599494636058807373e-01,1.864151507616043091e-01,2.487958740234375000e+03
7.796796560287475586e-01,3.009491860866546631e-01,5.810195800781250000e+03
1.094465374946594238e+00,3.921338021755218506e-01,6.426855078125000000e+04
5.718417763710021973e-01,2.587932646274566650e-01,1.813643676757812500e+03
4.701054394245147705e-01,2.168889343738555908e-01,1.781159057617187500e+03
6.264000535011291504e-01,2.212595045566558838e-01,4.241583984375000000e+03
4.490801692008972168e-01,1.975370496511459351e-01,3.141648925781250000e+03
4.526262283325195312e-01,1.264181435108184814e-01,2.460939208984375000e+03
5.208197236061096191e-01,2.298907041549682617e-01,1.781621948242187500e+03
8.991534113883972168e-01,1.962364166975021362e-01,4.058426757812500000e+03
5.651574730873107910e-01,2.111556380987167358e-01,7.514031738281250000e+03
8.786313533782958984e-01,3.485786020755767822e-01,5.592200195312500000e+03
7.451223731040954590e-01,3.027946650981903076e-01,7.066076171875000000e+03
1.244257092475891113e+00,7.523412257432937622e-02,7.711707519531250000e+03
6.329839825630187988e-01,2.552784979343414307e-01,1.224574218750000000e+04
6.305279135704040527e-01,2.551190853118896484e-01,1.558553125000000000e+04
7.052883505821228027e-01,3.030802607536315918e-01,8.830387695312500000e+03
2.823349237442016602e-01,1.085629090666770935e-01,1.633772949218750000e+03
6.379554867744445801e-01,2.927204072475433350e-01,2.615510742187500000e+03
4.230052828788757324e-01,1.687818020582199097e-01,3.204704101562500000e+03
3.841451108455657959e-01,1.513970643281936646e-01,2.346670410156250000e+03
5.091089606285095215e-01,2.019570469856262207e-01,2.445641113281250000e+03
6.041578650474548340e-01,2.481436580419540405e-01,7.348871582031250000e+03
5.364747643470764160e-01,2.433274239301681519e-01,1.563673950195312500e+03
9.392848014831542969e-01,3.602862060070037842e-01,1.820716992187500000e+04
5.465829372406005859e-01,2.325428128242492676e-01,2.064798828125000000e+03
3.439073562622070312e-01,1.548955738544464111e-01,2.925446289062500000e+03
6.674817204475402832e-01,2.930904328823089600e-01,7.176893554687500000e+03
8.776679039001464844e-01,3.321835100650787354e-01,8.922501953125000000e+03
5.639993548393249512e-01,2.694384753704071045e-01,2.222905029296875000e+03
5.354187488555908203e-01,2.452330887317657471e-01,2.046172607421875000e+03
7.609227299690246582e-01,3.180568516254425049e-01,9.716137695312500000e+03
5.388177633285522461e-01,2.415863871574401855e-01,4.993536132812500000e+03
3.014564216136932373e-01,1.223484426736831665e-01,1.207145629882812500e+03
4.645886421203613281e-01,2.069143354892730713e-01,2.444545898437500000e+03
5.219745635986328125e-01,2.411072403192520142e-01,3.883345703125000000e+03
5.887805819511413574e-01,2.655278742313385010e-01,2.614630126953125000e+03
7.874512672424316406e-01,2.572104632854461670e-01,9.287404174804687500e+02
7.341441512107849121e-01,3.464711010456085205e-01,1.867848266601562500e+03
6.099154949188232422e-01,2.583729326725006104e-01,3.286899169921875000e+03
4.862122237682342529e-01,2.463559210300445557e-01,1.496902954101562500e+03
1.059048414230346680e+00,3.942598700523376465e-01,8.303835937500000000e+03
6.173957586288452148e-01,2.523267567157745361e-01,5.812494140625000000e+03
6.356406807899475098e-01,2.627152800559997559e-01,8.599142578125000000e+03
5.995606184005737305e-01,2.807252407073974609e-01,1.490534790039062500e+03
8.422125577926635742e-01,3.244816660881042480e-01,1.174696777343750000e+04
6.689648628234863281e-01,2.933847904205322266e-01,5.616328613281250000e+03
5.528024435043334961e-01,2.101972699165344238e-01,1.058885058593750000e+04
8.257894515991210938e-01,3.428155481815338135e-01,1.303485937500000000e+04
4.289717674255371094e-01,1.763567775487899780e-01,2.339688232421875000e+03
6.773201823234558105e-01,2.540137171745300293e-01,3.174001953125000000e+04
7.749726772308349609e-01,2.893502414226531982e-01,1.527657519531250000e+04
6.498724818229675293e-01,2.614334523677825928e-01,3.353684765625000000e+04
4.459038674831390381e-01,2.097253948450088501e-01,2.031790527343750000e+03
7.609378695487976074e-01,3.069235980510711670e-01,9.139587890625000000e+03
5.380406975746154785e-01,2.369209229946136475e-01,1.189659912109375000e+03
1.027074217796325684e+00,3.886657655239105225e-01,4.583900781250000000e+04
4.592754542827606201e-01,1.849556714296340942e-01,2.194329833984375000e+03
6.223536729812622070e-01,2.553560733795166016e-01,5.969443359375000000e+03
8.212693929672241211e-01,3.948088586330413818e-01,6.394777832031250000e+03
7.667210102081298828e-01,3.277136385440826416e-01,3.148520019531250000e+03
7.102811932563781738e-01,3.139998018741607666e-01,8.283496875000000000e+04
5.101392269134521484e-01,2.119742929935455322e-01,3.582791259765625000e+03
6.475448012351989746e-01,3.127086460590362549e-01,6.343414550781250000e+03
5.487729907035827637e-01,2.136453390121459961e-01,3.150080322265625000e+03
6.506307125091552734e-01,2.662891745567321777e-01,7.803632324218750000e+03
9.332590103149414062e-01,3.925069570541381836e-01,2.127992187500000000e+04
4.355446696281433105e-01,1.733242571353912354e-01,2.134154541015625000e+03
3.777547478675842285e-01,1.425130069255828857e-01,1.771915405273437500e+03
7.587717771530151367e-01,3.489190936088562012e-01,9.544570312500000000e+03
7.435779571533203125e-01,2.895026206970214844e-01,8.486863281250000000e+03
1.130682110786437988e+00,3.945703804492950439e-01,1.695714648437500000e+04
8.914312124252319336e-01,3.703815937042236328e-01,6.356203125000000000e+03
5.686508417129516602e-01,3.277950882911682129e-01,1.376649902343750000e+03
9.884160161018371582e-01,3.773071169853210449e-01,3.270342382812500000e+04
5.775784850120544434e-01,2.273428142070770264e-01,1.283889843750000000e+04
4.165700674057006836e-01,1.681452095508575439e-01,2.462990234375000000e+03
7.320117950439453125e-01,2.880464792251586914e-01,5.175443359375000000e+03
5.864422917366027832e-01,1.929189413785934448e-01,4.279294921875000000e+04
6.702558398246765137e-01,2.895083427429199219e-01,6.446732421875000000e+03
1.062055230140686035e+00,3.958883285522460938e-01,1.281244296875000000e+05
1.084877610206604004e+00,3.969558179378509521e-01,6.952467187500000000e+04
4.343428909778594971e-01,1.729870736598968506e-01,3.517993164062500000e+03
5.767352581024169922e-01,2.385575920343399048e-01,6.939706054687500000e+03
9.430842399597167969e-01,3.662035167217254639e-01,2.080678125000000000e+04
9.779366254806518555e-01,3.534018993377685547e-01,1.041760937500000000e+04
3.918984830379486084e-01,1.770856082439422607e-01,1.339125244140625000e+03
7.990954518318176270e-01,3.048258423805236816e-01,6.450250000000000000e+03
1.163576841354370117e+00,7.472870498895645142e-02,5.769509277343750000e+03
1.114235639572143555e+00,3.974733650684356689e-01,1.787820312500000000e+05
3.997108042240142822e-01,1.557958722114562988e-01,2.768405273437500000e+03
6.120073199272155762e-01,2.897214591503143311e-01,3.339024169921875000e+03
8.577724099159240723e-01,3.381924331188201904e-01,5.741312011718750000e+03
4.229832887649536133e-01,1.834033429622650146e-01,1.922466308593750000e+03
5.959818363189697266e-01,2.659960091114044189e-01,4.078235595703125000e+03
7.246773242950439453e-01,3.247714340686798096e-01,4.604725585937500000e+03
6.763542294502258301e-01,2.719514071941375732e-01,4.549190917968750000e+03
1.053170323371887207e+00,3.866046071052551270e-01,2.280887109375000000e+04
4.224776923656463623e-01,1.804880797863006592e-01,2.299027343750000000e+03
5.024351477622985840e-01,2.216561287641525269e-01,1.725255615234375000e+03
4.848768413066864014e-01,2.300202697515487671e-01,2.691102539062500000e+03
7.541970014572143555e-01,3.158214986324310303e-01,9.003073242187500000e+03
9.005081057548522949e-01,3.691824972629547119e-01,5.987432128906250000e+03
8.561372756958007812e-01,3.990481197834014893e-01,7.260388183593750000e+03
1.159842729568481445e+00,4.016174674034118652e-01,7.085686718750000000e+04
6.566589474678039551e-01,2.962501347064971924e-01,3.394473388671875000e+03
1.140452146530151367e+00,3.969916999340057373e-01,1.643647187500000000e+05
1.078647732734680176e+00,3.993886709213256836e-01,2.153863867187500000e+04
3.342414796352386475e-01,1.261146366596221924e-01,1.468655883789062500e+03
3.315804898738861084e-01,1.369882673025131226e-01,1.795925537109375000e+03
3.639617264270782471e-01,1.480370014905929565e-01,1.689918945312500000e+03
7.619950175285339355e-01,3.139897584915161133e-01,7.393766113281250000e+03
7.228752970695495605e-01,3.115458488464355469e-01,6.847528808593750000e+03
7.620319724082946777e-01,3.269320130348205566e-01,5.364760742187500000e+03
6.376640796661376953e-01,3.524312078952789307e-01,1.365038452148437500e+03
8.689408302307128906e-01,4.413670003414154053e-01,1.760373168945312500e+03
3.992451429367065430e-01,1.624542623758316040e-01,4.029806884765625000e+03
7.380743026733398438e-01,3.150128126144409180e-01,3.112749023437500000e+03
6.824539899826049805e-01,2.952433824539184570e-01,4.480259277343750000e+03
5.101835131645202637e-01,2.162449061870574951e-01,1.497333496093750000e+03
8.051757812500000000e-01,3.393699526786804199e-01,8.873273437500000000e+03
3.412537574768066406e-01,1.374798566102981567e-01,1.370784423828125000e+03
3.684878051280975342e-01,1.438972949981689453e-01,1.139062011718750000e+03
8.725269436836242676e-01,3.169174790382385254e-01,1.317533300781250000e+04
6.183683872222900391e-01,2.599126994609832764e-01,3.934725097656250000e+03
5.335416197776794434e-01,2.221026420593261719e-01,2.940066650390625000e+03
4.753239452838897705e-01,2.065218687057495117e-01,4.366861328125000000e+03
5.470703840255737305e-01,2.331150919198989868e-01,2.447249511718750000e+03
5.476005673408508301e-01,2.233870476484298706e-01,8.195056640625000000e+03
7.528359889984130859e-01,3.201934397220611572e-01,5.159230957031250000e+03
4.154442846775054932e-01,1.947290450334548950e-01,2.091457275390625000e+03
6.489297151565551758e-01,3.157621920108795166e-01,2.059649902343750000e+03
4.949401021003723145e-01,2.227176874876022339e-01,1.175836669921875000e+03
8.879807591438293457e-01,3.609710931777954102e-01,1.510451367187500000e+04
7.991665601730346680e-01,3.191998600959777832e-01,1.203588281250000000e+04
6.511891484260559082e-01,3.033893704414367676e-01,2.542118896484375000e+03
7.535657882690429688e-01,3.117963075637817383e-01,6.930905273437500000e+03
5.157049894332885742e-01,2.438615262508392334e-01,3.457106689453125000e+03
6.244887709617614746e-01,2.403191179037094116e-01,6.132250000000000000e+03
6.044139266014099121e-01,2.264829725027084351e-01,1.306708300781250000e+04
4.831616282463073730e-01,2.161627560853958130e-01,1.553010009765625000e+03
9.604762196540832520e-01,3.855359852313995361e-01,1.977012304687500000e+04
9.706338644027709961e-01,3.860581517219543457e-01,5.281482421875000000e+03
7.094314098358154297e-01,3.013117015361785889e-01,3.755986328125000000e+03
8.236014842987060547e-01,2.977421581745147705e-01,5.084480859375000000e+04
4.571191966533660889e-01,1.806952357292175293e-01,4.457759765625000000e+03
8.577733635902404785e-01,3.485758900642395020e-01,1.365166093750000000e+05
3.603254556655883789e-01,1.371816247701644897e-01,1.876508911132812500e+03
4.681742489337921143e-01,1.806240826845169067e-01,3.035327880859375000e+03
6.400212049484252930e-01,2.974156439304351807e-01,2.395742919921875000e+03
6.730625629425048828e-01,2.797046005725860596e-01,4.629154296875000000e+03
2.814624011516571045e-01,1.215254068374633789e-01,1.788525024414062500e+03
4.855951070785522461e-01,2.065441608428955078e-01,1.699221679687500000e+03
8.137272000312805176e-01,3.480556011199951172e-01,4.659604003906250000e+03
5.952517390251159668e-01,2.552432119846343994e-01,5.100330078125000000e+03
4.644541442394256592e-01,1.870806813240051270e-01,4.294204101562500000e+03
7.389014959335327148e-01,3.288379907608032227e-01,2.923928222656250000e+03
5.099537968635559082e-01,2.578750550746917725e-01,1.003339416503906250e+03
7.922496199607849121e-01,3.161390125751495361e-01,6.170457031250000000e+03
6.454022526741027832e-01,2.663202285766601562e-01,9.144929687500000000e+03
8.195337057113647461e-01,1.178728491067886353e-01,3.881228271484375000e+03
9.121053218841552734e-01,3.448364734649658203e-01,8.078757812500000000e+03
4.022840261459350586e-01,1.682296842336654663e-01,2.296683837890625000e+03
1.139368295669555664e+00,3.973145782947540283e-01,4.499019921875000000e+04
5.069680809974670410e-01,2.102535516023635864e-01,5.947631347656250000e+03
7.560433745384216309e-01,3.205280005931854248e-01,4.261500000000000000e+04
9.605732560157775879e-01,2.947371900081634521e-01,4.049674072265625000e+03
9.129238128662109375e-01,3.828180730342864990e-01,1.797367968750000000e+04
1.050802350044250488e+00,3.903161287307739258e-01,5.850685937500000000e+04
7.178812026977539062e-01,2.870199084281921387e-01,6.248319335937500000e+03
6.019892096519470215e-01,2.793210148811340332e-01,2.363554443359375000e+03
3.872287571430206299e-01,1.696162670850753784e-01,1.594996582031250000e+03
8.390252590179443359e-01,3.572321534156799316e-01,5.997428222656250000e+03
5.277959704399108887e-01,2.466237396001815796e-01,1.224519042968750000e+03
3.886239528656005859e-01,1.510688066482543945e-01,2.606580810546875000e+03
2.903151512145996094e-01,1.178379282355308533e-01,1.148352539062500000e+03
5.294772982597351074e-01,2.196181267499923706e-01,4.112223144531250000e+03
5.670390129089355469e-01,2.695842087268829346e-01,3.119889648437500000e+03
5.477297306060791016e-01,2.823814749717712402e-01,1.791578247070312500e+03
2.634389102458953857e-01,1.015321761369705200e-01,1.624184936523437500e+03
9.606697559356689453e-01,3.684016466140747070e-01,1.038683007812500000e+04
5.599785447120666504e-01,2.366225868463516235e-01,4.702000488281250000e+03
6.248000264167785645e-01,3.051232695579528809e-01,2.864961669921875000e+03
4.511079192161560059e-01,1.993001997470855713e-01,2.798319091796875000e+03
6.004570126533508301e-01,2.432453334331512451e-01,1.500016357421875000e+03
4.354281127452850342e-01,1.782187223434448242e-01,6.008153320312500000e+03
6.867381930351257324e-01,2.821041345596313477e-01,5.646792968750000000e+03
5.062469244003295898e-01,1.202154755592346191e-01,2.336419189453125000e+03
7.005735635757446289e-01,2.226259410381317139e-01,4.368821289062500000e+03
6.338101625442504883e-01,3.362488448619842529e-01,1.375856323242187500e+03
7.411715984344482422e-01,2.833842635154724121e-01,1.458907910156250000e+04
5.307933092117309570e-01,2.114935666322708130e-01,4.811723144531250000e+03
6.485911011695861816e-01,3.125238716602325439e-01,2.243952880859375000e+03
6.054665446281433105e-01,2.522004246711730957e-01,6.073781738281250000e+03
8.603405952453613281e-01,3.389769792556762695e-01,2.904176367187500000e+04
6.156039834022521973e-01,2.533017992973327637e-01,6.785716308593750000e+03
8.785491585731506348e-01,3.807948827743530273e-01,1.366995703125000000e+04
1.000991225242614746e+00,3.942407071590423584e-01,1.668916992187500000e+04
3.770080208778381348e-01,1.525381505489349365e-01,1.622489013671875000e+03
8.193375468254089355e-01,3.360475301742553711e-01,2.050931396484375000e+03
4.929001927375793457e-01,2.545107305049896240e-01,2.475607177734375000e+03
9.568537473678588867e-01,3.285561203956604004e-01,3.265280273437500000e+03
7.338961362838745117e-01,2.704785168170928955e-01,6.242726562500000000e+03
4.330379962921142578e-01,2.010786533355712891e-01,1.154651367187500000e+03
3.788976073265075684e-01,1.563791483640670776e-01,3.892400878906250000e+03
7.514877319335937500e-01,2.991304993629455566e-01,6.227392578125000000e+03
4.592319428920745850e-01,1.853045821189880371e-01,3.383748046875000000e+03
4.861558675765991211e-01,2.137168794870376587e-01,2.049270507812500000e+03
5.471872687339782715e-01,2.262801080942153931e-01,5.234251464843750000e+03
9.504631161689758301e-01,3.708360493183135986e-01,4.348521484375000000e+04
6.763995289802551270e-01,3.026956617832183838e-01,4.058485839843750000e+03
4.611985981464385986e-01,1.862312257289886475e-01,3.395879394531250000e+03
8.107157349586486816e-01,2.603812813758850098e-01,5.721053710937500000e+03
7.136070132255554199e-01,3.410658240318298340e-01,1.836040771484375000e+03
5.610144138336181641e-01,2.758012115955352783e-01,2.322348632812500000e+03
8.940082788467407227e-01,3.241219520568847656e-01,3.761111816406250000e+03
9.584158658981323242e-01,3.906469047069549561e-01,1.679575781250000000e+04
9.888593554496765137e-01,3.784944117069244385e-01,2.102393593750000000e+05
8.362896442413330078e-01,2.570778429508209229e-01,3.362178466796875000e+03
4.753524065017700195e-01,1.927824765443801880e-01,3.688194824218750000e+03
7.348990440368652344e-01,3.032179474830627441e-01,3.400546875000000000e+04
6.893592476844787598e-01,3.155696988105773926e-01,3.748144287109375000e+03
5.722299218177795410e-01,2.316347211599349976e-01,1.153997949218750000e+04
5.486115813255310059e-01,2.420709431171417236e-01,3.544107421875000000e+03
8.279898166656494141e-01,3.412018716335296631e-01,1.047340527343750000e+04
6.387226581573486328e-01,2.884362041950225830e-01,7.730187988281250000e+03
6.156814098358154297e-01,2.586167454719543457e-01,4.474782226562500000e+03
4.768675267696380615e-01,2.141519635915756226e-01,4.307546875000000000e+03
8.631933331489562988e-01,3.669851124286651611e-01,1.018497070312500000e+04
1.010961890220642090e+00,3.886862099170684814e-01,8.046132031250000000e+04
1.123323559761047363e+00,3.955966830253601074e-01,4.232979296875000000e+04
1.136125206947326660e+00,3.975827693939208984e-01,1.516791718750000000e+05
7.000216245651245117e-01,2.882893979549407959e-01,1.112445410156250000e+04
7.139390707015991211e-01,2.702478170394897461e-01,1.133991210937500000e+04
3.104933202266693115e-01,1.191136986017227173e-01,1.245552124023437500e+03
6.631849408149719238e-01,2.902344167232513428e-01,1.749660937500000000e+04
4.069503247737884521e-01,1.712543964385986328e-01,1.085478637695312500e+03
5.434855222702026367e-01,2.299755513668060303e-01,2.394647216796875000e+03
9.802173376083374023e-01,3.543448150157928467e-01,3.948564697265625000e+03
6.901798844337463379e-01,2.891734540462493896e-01,6.254388183593750000e+03
5.348565578460693359e-01,2.445056885480880737e-01,1.470760742187500000e+03
5.900539755821228027e-01,2.366325557231903076e-01,1.105902929687500000e+04
4.526508152484893799e-01,1.761763244867324829e-01,5.152329101562500000e+03
2.568528652191162109e-01,9.903232753276824951e-02,1.924211669921875000e+03
3.801752626895904541e-01,1.615980416536331177e-01,1.455859497070312500e+03
3.848656415939331055e-01,1.467317044734954834e-01,1.470622802734375000e+03
3.726861476898193359e-01,1.546453833580017090e-01,1.586462524414062500e+03
6.944186091423034668e-01,3.135000169277191162e-01,2.549699462890625000e+03
7.970283031463623047e-01,3.488111495971679688e-01,9.315869140625000000e+03
9.512396454811096191e-01,3.747717440128326416e-01,2.936913476562500000e+04
5.626115202903747559e-01,2.300139367580413818e-01,8.685426757812500000e+03
5.226531624794006348e-01,2.083928138017654419e-01,6.591953125000000000e+03
4.080752730369567871e-01,1.848978251218795776e-01,1.279416870117187500e+03
6.823412179946899414e-01,2.933763265609741211e-01,2.893773437500000000e+03
5.947227478027343750e-01,2.484624236822128296e-01,8.467487304687500000e+03
6.790494322776794434e-01,2.878969013690948486e-01,5.566544921875000000e+03
7.580431699752807617e-01,3.171432614326477051e-01,1.379227050781250000e+03
4.920237064361572266e-01,1.989208161830902100e-01,3.286742431640625000e+03
9.583155512809753418e-01,3.783933222293853760e-01,7.408347656250000000e+03
7.693657875061035156e-01,3.167304396629333496e-01,2.419899218750000000e+04
9.014949798583984375e-01,3.417743444442749023e-01,1.990336914062500000e+04
4.668141007423400879e-01,2.024396657943725586e-01,3.169457031250000000e+03
3.682818710803985596e-01,1.488302946090698242e-01,1.279866088867187500e+03
7.041116356849670410e-01,3.020652532577514648e-01,6.066216796875000000e+03
2.242711335420608521e-01,8.551758527755737305e-02,6.661641235351562500e+02
4.424158930778503418e-01,1.794069707393646240e-01,2.806709228515625000e+03
7.024955153465270996e-01,3.104049265384674072e-01,6.387711425781250000e+03
7.015099525451660156e-01,3.294649720191955566e-01,4.980857421875000000e+03
5.188754200935363770e-01,2.363485097885131836e-01,1.472628662109375000e+03
4.805345833301544189e-01,2.133106440305709839e-01,3.636493164062500000e+03
1.103675961494445801e+00,3.988901972770690918e-01,1.179223339843750000e+04
6.713691949844360352e-01,2.696622908115386963e-01,1.863239648437500000e+04
4.665102958679199219e-01,1.653791368007659912e-01,1.250078857421875000e+03
5.034196376800537109e-01,2.218667417764663696e-01,5.005794433593750000e+03
6.928018927574157715e-01,3.185367286205291748e-01,1.032353515625000000e+04
6.923725008964538574e-01,2.939901649951934814e-01,6.049101562500000000e+03
5.433691740036010742e-01,2.358621954917907715e-01,4.072331298828125000e+03
7.811875939369201660e-01,3.351502716541290283e-01,2.189478027343750000e+03
4.512322545051574707e-01,1.930021494626998901e-01,1.197247192382812500e+03
9.993152022361755371e-01,3.236780166625976562e-01,2.355965820312500000e+03
3.135038614273071289e-01,1.330700218677520752e-01,1.721291625976562500e+03
7.875504493713378906e-01,3.134486675262451172e-01,6.467078125000000000e+04
6.022428274154663086e-01,1.872830539941787720e-01,4.530403808593750000e+03
6.392960548400878906e-01,2.430203855037689209e-01,8.547050781250000000e+03
5.892818570137023926e-01,3.069283068180084229e-01,1.411788696289062500e+03
1.235733509063720703e+00,7.733857631683349609e-02,5.636672363281250000e+03
7.611843347549438477e-01,3.321787118911743164e-01,1.855419726562500000e+04
5.319482684135437012e-01,2.155167311429977417e-01,6.185273437500000000e+03
6.290361881256103516e-01,2.572574615478515625e-01,1.881536499023437500e+03
6.479216217994689941e-01,2.654231190681457520e-01,6.985678222656250000e+03
4.942684769630432129e-01,2.108713835477828979e-01,1.464949829101562500e+03
9.519925713539123535e-01,3.661969900131225586e-01,9.718029687500000000e+04
5.477455854415893555e-01,2.731178104877471924e-01,1.217008178710937500e+03
5.186838507652282715e-01,2.193744182586669922e-01,3.800535400390625000e+03
7.168788313865661621e-01,2.399447262287139893e-01,3.120729736328125000e+03
6.136691570281982422e-01,2.711931169033050537e-01,7.130745117187500000e+03
6.761835217475891113e-01,2.775489389896392822e-01,5.882724121093750000e+03
8.958483338356018066e-01,3.633290529251098633e-01,4.128416796875000000e+04
4.687695801258087158e-01,1.933648139238357544e-01,2.253303466796875000e+03
5.852745771408081055e-01,3.070015311241149902e-01,4.474270019531250000e+03
4.042387306690216064e-01,1.770635694265365601e-01,2.829517578125000000e+03
6.657234430313110352e-01,2.632187306880950928e-01,5.037957519531250000e+03
9.652295112609863281e-01,1.523748487234115601e-01,4.581141113281250000e+03
2.673544585704803467e-01,9.792740643024444580e-02,1.431310546875000000e+03
4.875789284706115723e-01,1.906096190214157104e-01,2.485973144531250000e+03
9.876416921615600586e-01,4.011671543121337891e-01,2.007297460937500000e+04
7.435585260391235352e-01,2.929349839687347412e-01,2.066722070312500000e+04
3.155501782894134521e-01,1.416361033916473389e-01,1.283036254882812500e+03
6.343351006507873535e-01,2.567904591560363770e-01,8.844276367187500000e+03
4.719866514205932617e-01,1.907272785902023315e-01,5.778366210937500000e+03
1.109613299369812012e+00,3.919406831264495850e-01,5.590225000000000000e+04
6.016574501991271973e-01,2.475951164960861206e-01,1.612487109375000000e+04
3.822374343872070312e-01,1.835905015468597412e-01,1.532532104492187500e+03
7.332380414009094238e-01,2.918731868267059326e-01,3.013440673828125000e+03
7.232693433761596680e-01,3.102527856826782227e-01,5.104603027343750000e+03
7.930551171302795410e-01,3.406620323657989502e-01,1.094461523437500000e+04
6.828880310058593750e-01,2.676261961460113525e-01,7.324073242187500000e+03
6.775832176208496094e-01,2.766335010528564453e-01,5.255689453125000000e+03
5.248122811317443848e-01,2.770538330078125000e-01,1.036541870117187500e+03
3.942065834999084473e-01,1.907539814710617065e-01,2.363189208984375000e+03
5.934911966323852539e-01,2.520385980606079102e-01,2.157117187500000000e+03
9.965403676033020020e-01,3.624728620052337646e-01,4.655860937500000000e+04
6.993917822837829590e-01,3.149560093879699707e-01,3.340964111328125000e+03
4.766221344470977783e-01,1.897512227296829224e-01,4.329265136718750000e+03
6.342828273773193359e-01,2.840731143951416016e-01,5.594691894531250000e+03
6.006539463996887207e-01,2.473878562450408936e-01,3.364180419921875000e+03
8.786592483520507812e-01,3.561901152133941650e-01,1.632832519531250000e+04
6.649549603462219238e-01,2.786583602428436279e-01,7.092216796875000000e+03
8.881630897521972656e-01,2.557408511638641357e-01,3.196438232421875000e+03
6.663913130760192871e-01,3.445842266082763672e-01,3.193972412109375000e+03
4.461607635021209717e-01,1.722474396228790283e-01,1.474999877929687500e+03
5.579102039337158203e-01,2.350221574306488037e-01,3.934338867187500000e+03
7.043240070343017578e-01,3.462447822093963623e-01,5.861843750000000000e+03
7.412917017936706543e-01,3.536415994167327881e-01,3.751193359375000000e+03
3.748654723167419434e-01,1.667398959398269653e-01,9.974325561523437500e+02
9.034368991851806641e-01,3.319795727729797363e-01,1.260028046875000000e+05
1.141682624816894531e+00,3.942973017692565918e-01,9.582690429687500000e+03
7.594851255416870117e-01,3.535252511501312256e-01,1.273624511718750000e+04
7.261211872100830078e-01,2.739600539207458496e-01,7.543772460937500000e+03
6.853429079055786133e-01,2.106812894344329834e-01,4.439640136718750000e+03
8.225548267364501953e-01,4.063519835472106934e-01,6.506569824218750000e+03
8.122145533561706543e-01,3.030451238155364990e-01,7.359236328125000000e+03
5.199955701828002930e-01,2.498633265495300293e-01,1.218518554687500000e+03
5.610316395759582520e-01,2.363917380571365356e-01,3.030651611328125000e+03
4.056282937526702881e-01,2.015580385923385620e-01,1.365787475585937500e+03
1.220210075378417969e+00,7.163342088460922241e-02,7.027541992187500000e+03
5.068548321723937988e-01,2.148969173431396484e-01,3.410070068359375000e+03
6.593079566955566406e-01,3.026966154575347900e-01,3.355819580078125000e+03
7.070626616477966309e-01,3.078006207942962646e-01,2.126301171875000000e+04
6.083017587661743164e-01,2.854196429252624512e-01,5.257831542968750000e+03
7.193644046783447266e-01,3.078808784484863281e-01,7.657073242187500000e+03
5.004580020904541016e-01,2.342565655708312988e-01,1.096778076171875000e+03
5.299167633056640625e-01,2.685891687870025635e-01,1.808033935546875000e+03
6.893889307975769043e-01,3.140037953853607178e-01,2.116803466796875000e+03
1.090374708175659180e+00,3.500748872756958008e-01,2.679502929687500000e+03
7.333375811576843262e-01,3.100766539573669434e-01,5.827606445312500000e+03
1.132082462310791016e+00,3.956580758094787598e-01,7.250410156250000000e+03
4.446313381195068359e-01,2.088240087032318115e-01,1.967244018554687500e+03
6.083134412765502930e-01,2.471548765897750854e-01,3.641732421875000000e+03
8.755295872688293457e-01,3.313547968864440918e-01,4.644181640625000000e+03
3.025902509689331055e-01,1.185774430632591248e-01,1.236141601562500000e+03
8.691588044166564941e-01,3.368678390979766846e-01,4.004251171875000000e+04
4.483610689640045166e-01,1.955921202898025513e-01,2.244146240234375000e+03
6.918827891349792480e-01,3.409823775291442871e-01,7.195693359375000000e+03
5.759385228157043457e-01,2.514888644218444824e-01,1.766884277343750000e+03
7.395636439323425293e-01,3.649601638317108154e-01,2.646790283203125000e+03
7.257546782493591309e-01,3.018926680088043213e-01,3.191559814453125000e+03
5.953714251518249512e-01,2.822663486003875732e-01,2.651536865234375000e+03
5.034200549125671387e-01,2.155441343784332275e-01,3.978125732421875000e+03
6.137002706527709961e-01,2.992000579833984375e-01,2.272575683593750000e+03
8.346598148345947266e-01,3.561990261077880859e-01,4.186648046875000000e+04
5.912656784057617188e-01,2.642887234687805176e-01,2.331327880859375000e+03
7.921306490898132324e-01,3.134658932685852051e-01,1.506362695312500000e+04
4.763888716697692871e-01,2.134492546319961548e-01,4.870573730468750000e+03
6.690766215324401855e-01,2.643702924251556396e-01,5.317962890625000000e+03
8.880973458290100098e-01,3.281894326210021973e-01,8.026100585937500000e+03
6.719380021095275879e-01,2.737803757190704346e-01,9.808442382812500000e+03
9.886347651481628418e-01,3.481828272342681885e-01,2.080245605468750000e+03
5.604983568191528320e-01,2.379240393638610840e-01,2.851463867187500000e+03
6.096938252449035645e-01,2.485698163509368896e-01,6.974496582031250000e+03
6.625030636787414551e-01,3.011282980442047119e-01,3.722991699218750000e+03
4.642049372196197510e-01,2.038665562868118286e-01,1.784045776367187500e+03
4.006807208061218262e-01,1.898041218519210815e-01,2.167885253906250000e+03
6.479497551918029785e-01,1.124563068151473999e-01,2.583257080078125000e+03
6.542178392410278320e-01,2.902778387069702148e-01,1.336201171875000000e+03
4.016518592834472656e-01,1.733429431915283203e-01,1.300369140625000000e+03
5.299881100654602051e-01,2.511185705661773682e-01,5.203763183593750000e+03
5.819713473320007324e-01,2.800069451332092285e-01,4.317960449218750000e+03
9.017520546913146973e-01,4.018908143043518066e-01,7.883163574218750000e+03
4.547629654407501221e-01,1.951859891414642334e-01,2.862525146484375000e+03
4.944688677787780762e-01,1.923283040523529053e-01,4.117892089843750000e+03
7.155041694641113281e-01,2.974548041820526123e-01,4.907238769531250000e+03
5.793589949607849121e-01,2.388776838779449463e-01,5.404770507812500000e+03
5.900483727455139160e-01,2.347991168498992920e-01,2.705796630859375000e+03
5.759429931640625000e-01,2.426831126213073730e-01,2.900058593750000000e+03
6.093298196792602539e-01,2.402475625276565552e-01,1.907394531250000000e+03
8.362194299697875977e-01,3.398233950138092041e-01,2.188383398437500000e+04
7.324020266532897949e-01,3.460779786109924316e-01,2.933120605468750000e+03
6.443600058555603027e-01,3.017484843730926514e-01,1.876378662109375000e+03
8.050347566604614258e-01,3.212389349937438965e-01,1.109777832031250000e+04
4.845007359981536865e-01,2.063319683074951172e-01,2.174209228515625000e+03
4.184981286525726318e-01,1.809656023979187012e-01,2.538360107421875000e+03
7.070894837379455566e-01,2.842247188091278076e-01,4.546952636718750000e+03
4.618258774280548096e-01,2.004720866680145264e-01,2.967590087890625000e+03
7.641896605491638184e-01,3.129844963550567627e-01,1.046604003906250000e+04
3.768949210643768311e-01,1.421987563371658325e-01,1.564220581054687500e+03
1.061516642570495605e+00,4.061084091663360596e-01,1.068859667968750000e+04
4.155332744121551514e-01,1.716030985116958618e-01,1.699994750976562500e+03
5.593603849411010742e-01,2.482904046773910522e-01,2.614175781250000000e+03
7.119554877281188965e-01,3.597911298274993896e-01,2.766114257812500000e+03
9.705467224121093750e-01,3.890797495841979980e-01,1.000540332031250000e+04
8.670113682746887207e-01,3.606931865215301514e-01,2.348033691406250000e+03
7.313235998153686523e-01,3.022938072681427002e-01,1.582308984375000000e+04
8.284826874732971191e-01,2.413627505302429199e-01,3.391104296875000000e+04
5.102892518043518066e-01,2.283538579940795898e-01,3.535657226562500000e+03
5.977627038955688477e-01,2.541775405406951904e-01,4.521458984375000000e+03
6.644651293754577637e-01,2.801600694656372070e-01,3.679646240234375000e+03
5.643773674964904785e-01,2.271669805049896240e-01,6.429052246093750000e+03
5.407711267471313477e-01,2.567850947380065918e-01,3.951764160156250000e+03
7.581481933593750000e-01,3.293798565864562988e-01,5.364955566406250000e+03
4.651229083538055420e-01,1.850160062313079834e-01,3.594753173828125000e+03
6.260610222816467285e-01,2.887771129608154297e-01,2.342116943359375000e+03
5.620539784431457520e-01,2.289491146802902222e-01,3.300339843750000000e+03
5.047103762626647949e-01,2.008353620767593384e-01,2.503537597656250000e+03
5.925263166427612305e-01,2.384904772043228149e-01,5.086230468750000000e+03
7.064278721809387207e-01,3.014047145843505859e-01,4.655695800781250000e+03
6.459990739822387695e-01,1.560189723968505859e-01,3.770131835937500000e+03
7.948634624481201172e-01,3.111386299133300781e-01,9.184722656250000000e+03
6.369544267654418945e-01,2.438162863254547119e-01,1.838498901367187500e+03
5.859754085540771484e-01,2.425768673419952393e-01,2.016570190429687500e+03
9.776386618614196777e-01,3.599514067173004150e-01,4.521073046875000000e+04
5.903633236885070801e-01,2.532455325126647949e-01,2.091423095703125000e+03
9.380327463150024414e-01,3.478845357894897461e-01,7.263009277343750000e+03
3.375946879386901855e-01,1.573643088340759277e-01,1.248900634765625000e+03
7.058495283126831055e-01,2.794764041900634766e-01,8.608466796875000000e+03
9.302292466163635254e-01,3.537277579307556152e-01,1.934255004882812500e+03
8.354489207267761230e-01,3.480369448661804199e-01,2.169983007812500000e+04
4.694608449935913086e-01,2.046098262071609497e-01,2.958113769531250000e+03
4.308631718158721924e-01,1.493470221757888794e-01,6.274141113281250000e+03
1.019598603248596191e+00,3.914574980735778809e-01,5.133907812500000000e+04
3.390862047672271729e-01,1.477027386426925659e-01,2.003429199218750000e+03
6.385251879692077637e-01,2.793788909912109375e-01,3.734769042968750000e+03
1.031521558761596680e+00,3.550569713115692139e-01,3.997047607421875000e+03
5.909820795059204102e-01,2.422034144401550293e-01,2.446593261718750000e+03
6.207417845726013184e-01,2.616936564445495605e-01,6.180092285156250000e+03
3.585636019706726074e-01,1.535938531160354614e-01,2.011539062500000000e+03
1.083230495452880859e+00,3.873459398746490479e-01,1.393429785156250000e+04
8.187939524650573730e-01,2.613135278224945068e-01,5.374341308593750000e+03
4.870212674140930176e-01,2.086187452077865601e-01,2.928921630859375000e+03
6.163589954376220703e-01,2.822891771793365479e-01,4.090933349609375000e+03
9.264090657234191895e-01,4.081039726734161377e-01,6.631645996093750000e+03
7.089116573333740234e-01,3.013724684715270996e-01,4.653121093750000000e+03
6.478015184402465820e-01,2.878276109695434570e-01,5.819840332031250000e+03
5.777233242988586426e-01,2.561713159084320068e-01,9.625007812500000000e+03
6.466181278228759766e-01,2.827194631099700928e-01,7.956422363281250000e+03
1.143177747726440430e+00,3.760551214218139648e-01,1.496761718750000000e+03
4.775309264659881592e-01,1.931287050247192383e-01,1.937300537109375000e+03
7.356337308883666992e-01,2.976469695568084717e-01,2.087866015625000000e+04
3.548078238964080811e-01,1.455675810575485229e-01,2.309251953125000000e+03
8.210331797599792480e-01,3.228857219219207764e-01,1.356513085937500000e+04
7.958461046218872070e-01,2.869652807712554932e-01,3.827644287109375000e+03
8.525719642639160156e-01,3.485428392887115479e-01,2.975666406250000000e+04
5.214655399322509766e-01,2.158459424972534180e-01,2.782954101562500000e+03
4.575316011905670166e-01,1.784212291240692139e-01,1.543122924804687500e+03
4.802860021591186523e-01,1.976704746484756470e-01,3.883645996093750000e+03
1.055457949638366699e+00,3.819753229618072510e-01,2.793199023437500000e+04
1.138473629951477051e+00,4.001619517803192139e-01,4.201286718750000000e+04
4.804199039936065674e-01,2.189687788486480713e-01,1.042584472656250000e+03
4.887698292732238770e-01,2.118992507457733154e-01,1.991694824218750000e+03
9.954451322555541992e-01,3.358967304229736328e-01,5.638042968750000000e+03
9.292197227478027344e-01,3.993236720561981201e-01,2.543485742187500000e+04
6.638976931571960449e-01,2.422870993614196777e-01,1.572517578125000000e+03
7.528107762336730957e-01,2.979859411716461182e-01,7.085231445312500000e+03
5.204430818557739258e-01,2.172154188156127930e-01,3.136392333984375000e+03
3.873773515224456787e-01,1.420033127069473267e-01,2.043459106445312500e+03
5.781661868095397949e-01,2.414029687643051147e-01,3.155125244140625000e+03
1.030386686325073242e+00,3.280417621135711670e-01,3.050765869140625000e+03
1.140558838844299316e+00,3.977973759174346924e-01,2.168698906250000000e+05
4.946568906307220459e-01,2.152860164642333984e-01,2.995514648437500000e+03
3.773907124996185303e-01,1.635427027940750122e-01,1.265759399414062500e+03
7.299969792366027832e-01,2.362074702978134155e-01,2.285780761718750000e+03
7.260829806327819824e-01,3.223102390766143799e-01,7.208543457031250000e+03
7.433785200119018555e-01,3.169681131839752197e-01,1.544591796875000000e+04
5.629549026489257812e-01,2.333877533674240112e-01,3.004451660156250000e+03
5.563274025917053223e-01,2.245991080999374390e-01,5.437719726562500000e+03
8.516356945037841797e-01,2.269399762153625488e-01,2.334558837890625000e+03
9.307401180267333984e-01,3.703323304653167725e-01,3.168512890625000000e+04
4.544040262699127197e-01,2.072057276964187622e-01,2.285791015625000000e+03
8.719518780708312988e-01,3.815625607967376709e-01,3.223490234375000000e+03
7.418932318687438965e-01,3.089446127414703369e-01,1.090601562500000000e+04
9.713793396949768066e-01,3.666123747825622559e-01,9.375554687500000000e+03
7.467351555824279785e-01,3.171284496784210205e-01,5.368423339843750000e+03
8.121476173400878906e-01,3.379268050193786621e-01,2.283550585937500000e+04
3.740637898445129395e-01,1.569963246583938599e-01,2.596696289062500000e+03
8.776488900184631348e-01,3.674048781394958496e-01,4.973294921875000000e+03
6.988278627395629883e-01,3.296833038330078125e-01,2.782755126953125000e+03
8.384025096893310547e-01,3.049161732196807861e-01,2.663754394531250000e+03
5.540398955345153809e-01,2.616714537143707275e-01,1.425632202148437500e+03
4.132314622402191162e-01,1.859561353921890259e-01,1.248423217773437500e+03
5.358789563179016113e-01,2.045255899429321289e-01,4.862527343750000000e+03
5.623094439506530762e-01,2.471626400947570801e-01,3.390221191406250000e+03
4.760781228542327881e-01,2.026513814926147461e-01,1.561123291015625000e+03
6.377043724060058594e-01,2.862926721572875977e-01,6.666893066406250000e+03
6.834188103675842285e-01,2.708047926425933838e-01,1.045045410156250000e+04
1.080233812332153320e+00,3.992812633514404297e-01,4.632494628906250000e+03
6.481950879096984863e-01,3.038602173328399658e-01,3.657699951171875000e+03
7.864890694618225098e-01,3.705686330795288086e-01,2.836690673828125000e+03
6.988965868949890137e-01,3.243747353553771973e-01,1.028561914062500000e+04
5.561791658401489258e-01,2.523989379405975342e-01,2.030974487304687500e+03
7.941549420356750488e-01,3.274146914482116699e-01,6.650850585937500000e+03
1.116436362266540527e+00,3.935710191726684570e-01,1.260968984375000000e+05
4.087144732475280762e-01,1.436301618814468384e-01,2.440048339843750000e+03
9.151601791381835938e-01,3.712842762470245361e-01,1.788987695312500000e+04
1.138337135314941406e+00,3.988299071788787842e-01,1.704381562500000000e+05
4.762312769889831543e-01,2.209694087505340576e-01,2.219252929687500000e+03
6.612110733985900879e-01,2.749879062175750732e-01,2.337740625000000000e+04
3.110587298870086670e-01,1.260052770376205444e-01,8.537540283203125000e+02
7.878394722938537598e-01,2.952377498149871826e-01,1.098981054687500000e+04
3.945397138595581055e-01,1.662119776010513306e-01,1.100358886718750000e+03
5.517551898956298828e-01,2.460822761058807373e-01,4.632730957031250000e+03
6.637202501296997070e-01,2.773645818233489990e-01,4.865223144531250000e+03
4.100189208984375000e-01,1.718268096446990967e-01,1.852347412109375000e+03
8.131422400474548340e-01,3.260936141014099121e-01,1.225862597656250000e+04
1.016754746437072754e+00,3.849030435085296631e-01,3.248257080078125000e+03
7.120417356491088867e-01,3.783143758773803711e-01,1.926153125000000000e+04
8.370294570922851562e-01,3.691805005073547363e-01,7.014566406250000000e+03
1.000385046005249023e+00,4.057619869709014893e-01,1.058529296875000000e+04
8.156975507736206055e-01,3.212827444076538086e-01,3.391039550781250000e+03
1.007602572441101074e+00,3.718006014823913574e-01,8.524857421875000000e+03
6.056141853332519531e-01,2.543508708477020264e-01,2.828058837890625000e+03
6.618872880935668945e-01,2.918220758438110352e-01,2.393668945312500000e+03
6.103668808937072754e-01,2.470975369215011597e-01,5.241153808593750000e+03
4.063668549060821533e-01,1.676724404096603394e-01,1.307076171875000000e+03
7.561133503913879395e-01,3.283658921718597412e-01,6.541405273437500000e+03
1.021300077438354492e+00,3.924718201160430908e-01,1.489556054687500000e+04
4.920645952224731445e-01,1.995941400527954102e-01,6.466271484375000000e+03
1.005394101142883301e+00,3.809921741485595703e-01,3.992187500000000000e+04
9.500621557235717773e-01,3.607183098793029785e-01,7.690838867187500000e+03
7.601206302642822266e-01,2.973718047142028809e-01,2.399629882812500000e+04
2.878203094005584717e-01,1.128584668040275574e-01,1.300993652343750000e+03
5.324275493621826172e-01,2.704648971557617188e-01,1.430252563476562500e+03
4.424070119857788086e-01,1.767484545707702637e-01,2.990639160156250000e+03
4.521714746952056885e-01,1.870959550142288208e-01,2.629749023437500000e+03
3.372611403465270996e-01,1.305342465639114380e-01,1.475785278320312500e+03
8.991171717643737793e-01,3.526361882686614990e-01,8.531230468750000000e+03
4.489244520664215088e-01,1.858384609222412109e-01,1.367440429687500000e+03
9.411796331405639648e-01,3.839195370674133301e-01,1.227869921875000000e+04
8.423888087272644043e-01,3.384973704814910889e-01,8.365977539062500000e+03
4.032049477100372314e-01,1.983191519975662231e-01,1.125743286132812500e+03
4.107167422771453857e-01,1.763914376497268677e-01,1.661647705078125000e+03
7.132968902587890625e-01,2.883559465408325195e-01,4.515280761718750000e+03
7.995343208312988281e-01,2.962244749069213867e-01,2.867854492187500000e+04
3.176780343055725098e-01,1.286178231239318848e-01,1.556581176757812500e+03
7.486932277679443359e-01,3.075859248638153076e-01,1.192843652343750000e+04
5.176684260368347168e-01,2.169763594865798950e-01,1.838630981445312500e+03
2.958809733390808105e-01,1.159646958112716675e-01,1.477074584960937500e+03
1.090021729469299316e+00,4.051815867424011230e-01,7.138803125000000000e+04
8.281766772270202637e-01,3.808597624301910400e-01,1.348440429687500000e+03
5.658194422721862793e-01,2.319179028272628784e-01,1.112812890625000000e+04
9.167229533195495605e-01,3.911632001399993896e-01,4.736969726562500000e+03
5.631052255630493164e-01,2.410360127687454224e-01,4.666153808593750000e+03
5.055312514305114746e-01,2.344151288270950317e-01,5.025149414062500000e+03
3.272405862808227539e-01,1.309942901134490967e-01,1.819273925781250000e+03
9.138247966766357422e-01,3.697277605533599854e-01,1.173881738281250000e+04
1.009042620658874512e+00,3.841920197010040283e-01,5.614234375000000000e+04
7.870540618896484375e-01,3.236241638660430908e-01,2.489497802734375000e+03
8.011496067047119141e-01,3.473407924175262451e-01,3.434463378906250000e+03
3.091842532157897949e-01,1.070212051272392273e-01,5.897084350585937500e+02
6.374124884605407715e-01,2.292074114084243774e-01,5.512353515625000000e+03
4.878041744232177734e-01,2.067613303661346436e-01,2.230886962890625000e+03
6.937072873115539551e-01,3.065148293972015381e-01,3.436533691406250000e+03
9.211808443069458008e-01,3.532497286796569824e-01,1.139074511718750000e+04
6.074211001396179199e-01,2.474223822355270386e-01,4.448126953125000000e+04
7.089556455612182617e-01,3.044681549072265625e-01,4.420200195312500000e+03
1.007199883460998535e+00,3.661859929561614990e-01,1.374314160156250000e+04
6.074826121330261230e-01,2.392575889825820923e-01,3.608560546875000000e+03
4.616388678550720215e-01,1.897369325160980225e-01,5.125419921875000000e+03
6.991743445396423340e-01,3.375297784805297852e-01,3.146252197265625000e+03
9.927871227264404297e-01,3.848604559898376465e-01,2.503524023437500000e+04
1.074805140495300293e+00,3.869704902172088623e-01,1.328785937500000000e+04
1.290220975875854492e+00,3.295135498046875000e-01,6.836900024414062500e+02
4.436495602130889893e-01,2.093052864074707031e-01,1.893398803710937500e+03
5.417750477790832520e-01,2.251495867967605591e-01,4.231075195312500000e+03
6.233838796615600586e-01,2.889802753925323486e-01,3.045265380859375000e+03
6.299669146537780762e-01,2.453927397727966309e-01,3.634893798828125000e+03
6.104780435562133789e-01,2.643975615501403809e-01,1.377864501953125000e+03
7.665647268295288086e-01,2.785426676273345947e-01,9.352590820312500000e+03
4.043797850608825684e-01,1.622293591499328613e-01,2.379384765625000000e+03
4.440487325191497803e-01,1.956501901149749756e-01,1.511773803710937500e+03
6.586028933525085449e-01,2.489202320575714111e-01,3.165591406250000000e+04
6.308679580688476562e-01,3.008117377758026123e-01,3.552039062500000000e+03
6.766358613967895508e-01,2.846559286117553711e-01,3.965826904296875000e+03
8.057438731193542480e-01,2.775847017765045166e-01,6.273735351562500000e+03
1.118163704872131348e+00,4.008524715900421143e-01,1.369615937500000000e+05
8.019112348556518555e-01,3.487962186336517334e-01,6.939948730468750000e+03
6.168380379676818848e-01,2.633651793003082275e-01,6.847777832031250000e+03
5.416026115417480469e-01,2.576205432415008545e-01,1.663323242187500000e+03
4.236797988414764404e-01,1.697795838117599487e-01,5.080434082031250000e+03
4.943804442882537842e-01,2.181473970413208008e-01,2.823700439453125000e+03
9.200142621994018555e-01,3.569205701351165771e-01,6.920359375000000000e+03
9.598935246467590332e-01,3.904909193515777588e-01,1.124666210937500000e+04
5.004810094833374023e-01,1.988370418548583984e-01,2.125751464843750000e+03
9.596506357192993164e-01,3.903479278087615967e-01,4.747629687500000000e+04
8.703870773315429688e-01,3.624243140220642090e-01,1.253305371093750000e+04
5.016022324562072754e-01,2.290445417165756226e-01,2.702321289062500000e+03
8.403556346893310547e-01,3.125530779361724854e-01,3.056023632812500000e+04
7.289577722549438477e-01,2.934546470642089844e-01,2.965977929687500000e+04
8.704797029495239258e-01,3.858272135257720947e-01,8.612658203125000000e+03
4.148992896080017090e-01,1.944311857223510742e-01,1.972364990234375000e+03
5.522330999374389648e-01,2.138307988643646240e-01,9.931355468750000000e+03
5.707744956016540527e-01,2.554174065589904785e-01,3.799263671875000000e+03
1.015076398849487305e+00,3.740481138229370117e-01,3.930310937500000000e+04
9.498531818389892578e-01,3.643505871295928955e-01,2.535158007812500000e+04
6.962672472000122070e-01,2.415386736392974854e-01,3.791509277343750000e+03
3.514542877674102783e-01,1.403151899576187134e-01,2.363381835937500000e+03
7.254145741462707520e-01,3.182398378849029541e-01,2.683735595703125000e+03
5.190049409866333008e-01,2.093937397003173828e-01,4.386630859375000000e+03
1.037779331207275391e+00,8.203439414501190186e-02,4.609113769531250000e+03
7.829651236534118652e-01,3.477989137172698975e-01,7.641297363281250000e+03
6.389511823654174805e-01,2.600086927413940430e-01,5.063372070312500000e+03
7.690944075584411621e-01,3.282700777053833008e-01,8.874183593750000000e+03
3.881594836711883545e-01,1.361873894929885864e-01,1.784878784179687500e+03
3.565715849399566650e-01,1.325090527534484863e-01,1.861973632812500000e+03
4.743623435497283936e-01,2.072003632783889771e-01,3.574327392578125000e+03
6.453047990798950195e-01,2.506050169467926025e-01,3.858879638671875000e+03
7.458532452583312988e-01,3.274670839309692383e-01,9.843192382812500000e+03
9.510653018951416016e-01,3.798688650131225586e-01,1.892297460937500000e+04
3.824223577976226807e-01,1.632315367460250854e-01,1.285132568359375000e+03
3.702215850353240967e-01,1.568332910537719727e-01,1.671802490234375000e+03
7.461891770362854004e-01,3.490597903728485107e-01,3.555885498046875000e+03
5.512727499008178711e-01,2.437575459480285645e-01,2.535294189453125000e+03
7.277009487152099609e-01,3.114503622055053711e-01,4.316119140625000000e+03
7.756817936897277832e-01,3.156274855136871338e-01,8.086585449218750000e+03
5.591815710067749023e-01,2.400290369987487793e-01,3.735401123046875000e+03
6.165792942047119141e-01,2.445662915706634521e-01,1.496278808593750000e+04
7.504900693893432617e-01,3.529032170772552490e-01,1.637960546875000000e+04
6.814106106758117676e-01,3.466092646121978760e-01,6.821040039062500000e+03
8.976869583129882812e-01,3.583210110664367676e-01,1.909399414062500000e+04
9.893657565116882324e-01,3.630705475807189941e-01,2.746325781250000000e+04
8.506174683570861816e-01,3.383411765098571777e-01,1.364020019531250000e+04
8.686879277229309082e-01,3.916052579879760742e-01,1.077771484375000000e+04
6.202603578567504883e-01,2.579675614833831787e-01,6.932220703125000000e+03
1.022723197937011719e+00,3.486120998859405518e-01,5.870992187500000000e+03
6.807588934898376465e-01,2.903047502040863037e-01,3.691348632812500000e+03
5.409186482429504395e-01,2.217462360858917236e-01,4.995782714843750000e+03
7.633109092712402344e-01,3.185648620128631592e-01,1.350045800781250000e+04
5.253905057907104492e-01,2.445267289876937866e-01,2.161480712890625000e+03
1.060571312904357910e+00,9.127540886402130127e-02,5.306770507812500000e+03
4.830144941806793213e-01,2.043021470308303833e-01,2.771361816406250000e+03
6.236060261726379395e-01,3.446881175041198730e-01,1.510012817382812500e+03
1.054910182952880859e+00,3.853804767131805420e-01,5.538274218750000000e+04
7.213148474693298340e-01,2.414162456989288330e-01,1.242550048828125000e+03
3.874812126159667969e-01,1.464625149965286255e-01,2.074797119140625000e+03
7.291947603225708008e-01,3.384793400764465332e-01,4.682125488281250000e+03
7.526373863220214844e-01,3.003303706645965576e-01,3.646825781250000000e+04
4.676266908645629883e-01,1.673554182052612305e-01,1.777418579101562500e+03
6.078271269798278809e-01,2.757073044776916504e-01,2.970161376953125000e+03
5.068877935409545898e-01,2.032351046800613403e-01,4.941974609375000000e+03
6.183261871337890625e-01,2.587741315364837646e-01,5.655864746093750000e+03
7.424467802047729492e-01,2.322144061326980591e-01,4.707399414062500000e+03
5.528073310852050781e-01,2.293700426816940308e-01,2.550614746093750000e+03
4.073900282382965088e-01,1.825646907091140747e-01,2.161547607421875000e+03
5.865714550018310547e-01,2.463209182024002075e-01,1.280642968750000000e+04
6.785258650779724121e-01,1.926289945840835571e-01,3.205589111328125000e+03
8.563158512115478516e-01,3.635342717170715332e-01,3.780796484375000000e+04
9.486597180366516113e-01,3.952101171016693115e-01,3.347385937500000000e+04
6.771512031555175781e-01,3.528923988342285156e-01,6.135287597656250000e+03
4.865543842315673828e-01,1.919338852167129517e-01,1.305367553710937500e+03
1.034582972526550293e+00,3.858864605426788330e-01,1.367167382812500000e+04
6.763368248939514160e-01,2.693687975406646729e-01,8.231078125000000000e+03
1.099121093750000000e+00,3.904606699943542480e-01,5.105064062500000000e+04
8.885657787322998047e-01,3.394080698490142822e-01,4.994491699218750000e+03
3.364586830139160156e-01,1.540018767118453979e-01,1.142582031250000000e+03
4.415571391582489014e-01,2.042512148618698120e-01,1.974950927734375000e+03
7.405008673667907715e-01,3.012631833553314209e-01,3.936701660156250000e+03
1.127653360366821289e+00,1.504067927598953247e-01,5.793694335937500000e+03
4.356570541858673096e-01,1.947800368070602417e-01,7.398249511718750000e+03
6.056898832321166992e-01,2.579893171787261963e-01,4.030892089843750000e+03
4.351792931556701660e-01,1.759671717882156372e-01,3.523329833984375000e+03
5.310699939727783203e-01,2.107207179069519043e-01,4.139306640625000000e+03
7.246320843696594238e-01,2.924706339836120605e-01,4.842441894531250000e+03
1.140452146530151367e+00,3.969916999340057373e-01,1.109323437500000000e+04
6.754551529884338379e-01,2.953015863895416260e-01,7.457605957031250000e+03
6.093495488166809082e-01,2.440366446971893311e-01,4.075740722656250000e+03
6.310428977012634277e-01,2.729888558387756348e-01,3.028205078125000000e+04
7.912964820861816406e-01,3.398230075836181641e-01,5.285288085937500000e+03
8.595260977745056152e-01,3.916041851043701172e-01,6.699673828125000000e+03
6.645199656486511230e-01,3.033220469951629639e-01,4.516514160156250000e+03
1.047222256660461426e+00,3.844031691551208496e-01,7.113184570312500000e+03
6.981733441352844238e-01,2.737903594970703125e-01,2.301482421875000000e+04
7.833057641983032227e-01,3.056968748569488525e-01,1.130965820312500000e+04
8.020053505897521973e-01,2.927992641925811768e-01,7.088888671875000000e+03
5.126563906669616699e-01,2.376738339662551880e-01,2.237499023437500000e+03
7.373762726783752441e-01,3.034601211547851562e-01,1.412330625000000000e+05
6.284130215644836426e-01,2.685434520244598389e-01,7.501070312500000000e+03
5.016387701034545898e-01,2.536014914512634277e-01,2.131357421875000000e+03
5.429073572158813477e-01,2.427874058485031128e-01,2.212611572265625000e+03
7.465354204177856445e-01,2.237790822982788086e-01,2.688829345703125000e+03
6.677852869033813477e-01,3.114461302757263184e-01,7.557137695312500000e+03
4.316121041774749756e-01,2.025819420814514160e-01,1.174706298828125000e+03
7.946876883506774902e-01,3.285649418830871582e-01,4.083080078125000000e+04
6.637083888053894043e-01,2.772415578365325928e-01,1.139425488281250000e+04
7.930622696876525879e-01,3.267845213413238525e-01,9.756562500000000000e+03
5.708742141723632812e-01,2.730872333049774170e-01,3.693565429687500000e+03
7.011210918426513672e-01,3.369764387607574463e-01,6.414255371093750000e+03
7.726543545722961426e-01,3.086034357547760010e-01,1.379976074218750000e+04
7.059721350669860840e-01,3.024823367595672607e-01,1.482743847656250000e+04
3.664236664772033691e-01,1.551547795534133911e-01,4.121953613281250000e+03
5.990935564041137695e-01,2.591687738895416260e-01,1.635607324218750000e+04
7.212223410606384277e-01,3.265396356582641602e-01,2.919293945312500000e+03
1.072590827941894531e+00,3.837195932865142822e-01,3.860027734375000000e+04
6.528441905975341797e-01,2.601902782917022705e-01,1.764005468750000000e+04
6.339874267578125000e-01,2.390581220388412476e-01,1.993172460937500000e+04
8.192470669746398926e-01,3.520650863647460938e-01,3.599322998046875000e+03
1.216600060462951660e+00,7.896262407302856445e-02,6.634197753906250000e+03
7.602478265762329102e-01,3.489642143249511719e-01,3.780641845703125000e+03
4.397162199020385742e-01,1.772151589393615723e-01,3.043033691406250000e+03
6.416861414909362793e-01,2.469549179077148438e-01,4.861175781250000000e+03
5.558602809906005859e-01,2.256304770708084106e-01,1.554877050781250000e+04
7.564472556114196777e-01,2.459239810705184937e-01,5.934940429687500000e+03
5.594583153724670410e-01,3.093542158603668213e-01,2.051577148437500000e+03
6.570900678634643555e-01,2.591331899166107178e-01,3.738381835937500000e+03
6.288307309150695801e-01,2.529258430004119873e-01,5.893739257812500000e+03
8.786671161651611328e-01,3.396605551242828369e-01,1.888672070312500000e+04
3.027331829071044922e-01,1.220213249325752258e-01,2.387199951171875000e+03
7.891046404838562012e-01,2.035536617040634155e-01,4.287979003906250000e+03
6.450930237770080566e-01,2.490975260734558105e-01,4.407897949218750000e+03
4.322307109832763672e-01,2.279907763004302979e-01,2.842522705078125000e+03
3.957575261592864990e-01,1.609183847904205322e-01,4.401191406250000000e+03
9.397473931312561035e-01,3.880706727504730225e-01,4.040330468750000000e+04
1.014977455139160156e+00,3.921666443347930908e-01,1.395592480468750000e+04
6.092385649681091309e-01,2.702188193798065186e-01,6.033125000000000000e+03
7.212027311325073242e-01,2.714275121688842773e-01,8.026168945312500000e+03
6.575974225997924805e-01,2.460630685091018677e-01,2.702108398437500000e+03
6.220222711563110352e-01,2.378013134002685547e-01,6.135055175781250000e+03
6.302031278610229492e-01,2.855709195137023926e-01,9.023494140625000000e+03
1.096772670745849609e+00,3.928656876087188721e-01,5.186490625000000000e+04
4.821363389492034912e-01,2.353223562240600586e-01,1.017601806640625000e+03
5.048440098762512207e-01,2.155590951442718506e-01,1.938332519531250000e+03
3.903878331184387207e-01,1.437927186489105225e-01,1.915162597656250000e+03
4.037172794342041016e-01,1.807797402143478394e-01,2.674123046875000000e+03
4.559610188007354736e-01,2.476102560758590698e-01,9.594489135742187500e+02
4.739336669445037842e-01,1.891066730022430420e-01,2.169803955078125000e+03
5.912314057350158691e-01,2.357829362154006958e-01,4.987705078125000000e+03
6.578431129455566406e-01,2.697357237339019775e-01,9.071477539062500000e+03
7.302495241165161133e-01,3.047075867652893066e-01,8.858836914062500000e+03
8.828627467155456543e-01,3.588420748710632324e-01,9.843149414062500000e+03
8.167848587036132812e-01,3.440129458904266357e-01,1.041871582031250000e+04
8.475513458251953125e-01,3.374129533767700195e-01,9.411789062500000000e+03
6.461970806121826172e-01,2.768003344535827637e-01,1.180406347656250000e+04
5.505969524383544922e-01,2.584137320518493652e-01,1.752665649414062500e+03
6.913515925407409668e-01,2.774939835071563721e-01,8.798180664062500000e+03
4.761638045310974121e-01,1.989297121763229370e-01,3.207498779296875000e+03
4.739990234375000000e-01,1.870543509721755981e-01,5.355574707031250000e+03
6.638535857200622559e-01,2.910254895687103271e-01,3.769395507812500000e+03
4.182119667530059814e-01,1.852276176214218140e-01,1.798306274414062500e+03
1.138424873352050781e+00,3.940609991550445557e-01,5.160248046875000000e+03
1.075198650360107422e+00,3.927438557147979736e-01,1.119120312500000000e+05
5.296767354011535645e-01,2.195400297641754150e-01,4.150493164062500000e+03
4.725124239921569824e-01,2.086734324693679810e-01,1.397239501953125000e+03
6.319147944450378418e-01,2.469012886285781860e-01,1.401610717773437500e+03
6.627153754234313965e-01,2.728080153465270996e-01,8.280415039062500000e+03
1.113868951797485352e+00,4.058945477008819580e-01,2.419722900390625000e+03
7.297479510307312012e-01,2.873456478118896484e-01,2.289710742187500000e+04
5.029605031013488770e-01,2.345218062400817871e-01,1.917940307617187500e+03
9.248586297035217285e-01,3.787706494331359863e-01,3.587368164062500000e+03
5.285610556602478027e-01,2.236789911985397339e-01,4.896905761718750000e+03
5.799347758293151855e-01,2.538335323333740234e-01,1.917151562500000000e+04
6.231741309165954590e-01,2.441293150186538696e-01,7.969988281250000000e+03
3.335070312023162842e-01,1.573245972394943237e-01,1.378903686523437500e+03
6.712600588798522949e-01,2.775790393352508545e-01,5.997942382812500000e+03
3.231457769870758057e-01,1.404522061347961426e-01,9.935932617187500000e+02
7.553902268409729004e-01,3.305418193340301514e-01,1.478338769531250000e+04
4.658707380294799805e-01,1.915250718593597412e-01,2.737400146484375000e+03
5.993050932884216309e-01,2.519512474536895752e-01,1.733293457031250000e+03
1.135846495628356934e+00,3.967533111572265625e-01,2.137619140625000000e+04
4.824497997760772705e-01,2.133024036884307861e-01,4.872363281250000000e+03
8.307883143424987793e-01,3.265403211116790771e-01,1.819608007812500000e+04
3.230523765087127686e-01,1.451354622840881348e-01,1.041468017578125000e+03
6.999167799949645996e-01,3.048772513866424561e-01,5.848071777343750000e+03
1.065488696098327637e+00,3.902030289173126221e-01,3.547623437500000000e+04
1.212733745574951172e+00,1.926230341196060181e-01,6.277749023437500000e+03
4.319410324096679688e-01,2.170919030904769897e-01,9.329506835937500000e+02
6.631408929824829102e-01,3.108409047126770020e-01,2.089803466796875000e+03
9.397876262664794922e-01,4.067217707633972168e-01,1.200088769531250000e+04
7.914031147956848145e-01,1.788984835147857666e-01,3.414033447265625000e+03
3.748179376125335693e-01,1.775184720754623413e-01,1.934800292968750000e+03
5.909243822097778320e-01,2.462182343006134033e-01,1.719088867187500000e+03
4.583077430725097656e-01,2.004960328340530396e-01,8.051398925781250000e+03
8.327414989471435547e-01,3.290456235408782959e-01,1.467092871093750000e+04
4.256601631641387939e-01,1.651934236288070679e-01,1.336151123046875000e+03
6.877911090850830078e-01,2.906431257724761963e-01,1.485089257812500000e+04
6.713874936103820801e-01,2.941885292530059814e-01,3.401374609375000000e+04
8.863431215286254883e-01,3.869872093200683594e-01,2.107408398437500000e+04
9.402270913124084473e-01,3.811751604080200195e-01,4.046394287109375000e+03
5.101346969604492188e-01,2.145783007144927979e-01,3.562792724609375000e+03
1.033927440643310547e+00,3.967916965484619141e-01,9.842396484375000000e+03
5.439773201942443848e-01,2.289143055677413940e-01,2.765396728515625000e+03
5.233008861541748047e-01,2.535764873027801514e-01,1.526387329101562500e+03
3.988316953182220459e-01,1.619980931282043457e-01,1.805171386718750000e+03
6.405453681945800781e-01,2.685880959033966064e-01,1.409649291992187500e+03
1.140452146530151367e+00,3.969916999340057373e-01,3.888710937500000000e+04
1.127926468849182129e+00,3.958531320095062256e-01,4.546293945312500000e+03
3.904203474521636963e-01,1.628335118293762207e-01,3.535464599609375000e+03
7.854387760162353516e-01,3.456382751464843750e-01,7.004395996093750000e+03
1.082132935523986816e+00,3.926454484462738037e-01,8.092882812500000000e+04
9.981487989425659180e-01,3.783151507377624512e-01,3.769720703125000000e+04
4.276015758514404297e-01,1.653680205345153809e-01,7.462474609375000000e+03
6.362890601158142090e-01,2.657195031642913818e-01,4.798639160156250000e+03
4.940445423126220703e-01,2.167961448431015015e-01,2.236896240234375000e+03
7.602742910385131836e-01,3.025556206703186035e-01,3.215750976562500000e+03
5.591593980789184570e-01,2.507914602756500244e-01,3.136217041015625000e+03
6.320193409919738770e-01,2.596825659275054932e-01,3.112747070312500000e+03
4.099921286106109619e-01,1.732592582702636719e-01,1.528200683593750000e+03
4.533711969852447510e-01,1.964521408081054688e-01,2.443620605468750000e+03
9.263802170753479004e-01,3.458497524261474609e-01,5.991087890625000000e+04
3.595093190670013428e-01,1.328656226396560669e-01,3.599818847656250000e+03
5.744028091430664062e-01,2.551240026950836182e-01,1.387904174804687500e+03
6.532679200172424316e-01,2.947019040584564209e-01,3.277686767578125000e+03
7.371641993522644043e-01,3.047133386135101318e-01,6.182602539062500000e+03
4.675409495830535889e-01,2.030880153179168701e-01,3.120707519531250000e+03
4.569165408611297607e-01,2.009804546833038330e-01,1.426734863281250000e+03
5.517761707305908203e-01,2.295773923397064209e-01,8.669704101562500000e+03
6.003895401954650879e-01,2.782263159751892090e-01,9.292705078125000000e+02
5.383509993553161621e-01,2.214312255382537842e-01,9.085015625000000000e+03
5.044669508934020996e-01,2.125147730112075806e-01,1.495705566406250000e+03
9.257212877273559570e-01,3.565577566623687744e-01,8.381115625000000000e+04
8.988263607025146484e-01,3.502818048000335693e-01,1.545013769531250000e+04
6.941893100738525391e-01,2.752980589866638184e-01,9.285216796875000000e+03
1.078264594078063965e+00,3.958954215049743652e-01,2.036125390625000000e+04
5.028910636901855469e-01,2.309429347515106201e-01,1.712968261718750000e+03
6.616768836975097656e-01,2.935883998870849609e-01,5.023115234375000000e+03
9.449990987777709961e-01,3.731462359428405762e-01,2.471103027343750000e+03
3.933220505714416504e-01,1.433437168598175049e-01,1.624034423828125000e+03
1.138773798942565918e+00,3.976878225803375244e-01,1.585725156250000000e+05
8.828757405281066895e-01,3.183252811431884766e-01,2.636596093750000000e+04
5.029404163360595703e-01,2.050525844097137451e-01,2.745940917968750000e+03
1.045259714126586914e+00,3.942746818065643311e-01,4.511012109375000000e+04
6.952053308486938477e-01,3.061995804309844971e-01,4.925624023437500000e+03
5.326928496360778809e-01,2.249946296215057373e-01,4.459950683593750000e+03
3.260174989700317383e-01,1.242286488413810730e-01,3.841216552734375000e+03
6.294348835945129395e-01,2.704510986804962158e-01,5.751748437500000000e+04
6.621325016021728516e-01,2.631702721118927002e-01,5.874126464843750000e+03
9.470615983009338379e-01,3.781536817550659180e-01,1.622113671875000000e+04
7.058284878730773926e-01,3.468887507915496826e-01,2.567949218750000000e+03
7.161172032356262207e-01,2.908418476581573486e-01,1.186004453125000000e+05
6.018922924995422363e-01,2.681649029254913330e-01,6.538391601562500000e+03
7.704821228981018066e-01,3.181308507919311523e-01,4.381418359375000000e+04
6.520909667015075684e-01,2.707480490207672119e-01,2.695905517578125000e+03
7.158325314521789551e-01,2.782182395458221436e-01,1.541995312500000000e+04
5.577186346054077148e-01,2.337022870779037476e-01,4.364818847656250000e+03
7.403141260147094727e-01,2.725001275539398193e-01,6.753061523437500000e+03
7.702620625495910645e-01,3.143919110298156738e-01,5.519203125000000000e+03
8.548242449760437012e-01,1.854107081890106201e-01,1.988809814453125000e+03
4.647371470928192139e-01,1.883473247289657593e-01,2.264082763671875000e+03
4.941799640655517578e-01,2.020719200372695923e-01,4.685418457031250000e+03
7.184443473815917969e-01,3.305570185184478760e-01,4.132024414062500000e+03
5.828891992568969727e-01,2.637430429458618164e-01,4.007897949218750000e+03
5.858282446861267090e-01,2.725867033004760742e-01,6.199611328125000000e+03
6.866610646247863770e-01,2.670071721076965332e-01,1.008110449218750000e+04
5.535972714424133301e-01,2.293754518032073975e-01,7.246590820312500000e+03
9.385372996330261230e-01,3.614741563796997070e-01,3.962111328125000000e+04
8.829585909843444824e-01,3.705948591232299805e-01,8.555196289062500000e+03
4.568625390529632568e-01,2.223904728889465332e-01,2.111801025390625000e+03
1.123767018318176270e+00,3.957907557487487793e-01,2.972870898437500000e+04
3.645505607128143311e-01,1.579145938158035278e-01,1.429680175781250000e+03
6.102957725524902344e-01,2.399645149707794189e-01,8.179881835937500000e+03
4.333591461181640625e-01,1.821555197238922119e-01,2.687752685546875000e+03
1.140492439270019531e+00,3.974057734012603760e-01,1.403398750000000000e+05
8.062225580215454102e-01,4.133691191673278809e-01,2.931048583984375000e+03
5.732029676437377930e-01,2.287201285362243652e-01,1.657275390625000000e+04
5.309073925018310547e-01,2.165062725543975830e-01,3.664406250000000000e+03
1.059768915176391602e+00,9.029940515756607056e-02,5.651029296875000000e+03
7.637248039245605469e-01,2.963882982730865479e-01,5.075299804687500000e+03
3.761205077171325684e-01,1.518962383270263672e-01,3.644175048828125000e+03
9.311782717704772949e-01,2.666682898998260498e-01,3.017645996093750000e+03
5.048742294311523438e-01,1.989945769309997559e-01,9.190631835937500000e+03
9.551145434379577637e-01,3.643281161785125732e-01,8.383403320312500000e+03
6.409479975700378418e-01,2.793969810009002686e-01,3.924226318359375000e+03
6.369510293006896973e-01,2.665011882781982422e-01,1.104866406250000000e+04
6.754348874092102051e-01,2.790841758251190186e-01,5.957370117187500000e+03
9.280098676681518555e-01,3.780945837497711182e-01,3.054150781250000000e+04
5.267482399940490723e-01,2.190761119127273560e-01,4.565740234375000000e+03
1.129374265670776367e+00,3.958174288272857666e-01,3.324094921875000000e+04
3.241509199142456055e-01,1.409769356250762939e-01,1.097816650390625000e+03
3.374825417995452881e-01,1.246624439954757690e-01,2.707488769531250000e+03
5.621294379234313965e-01,2.429378330707550049e-01,5.306550292968750000e+03
6.195222735404968262e-01,2.638729214668273926e-01,3.085033447265625000e+03
6.486626267433166504e-01,2.650904953479766846e-01,3.064359960937500000e+04
2.317732870578765869e-01,8.888822793960571289e-02,7.172601318359375000e+02
7.031980156898498535e-01,2.963715791702270508e-01,2.069456250000000000e+04
4.632918834686279297e-01,2.163905650377273560e-01,1.771910034179687500e+03
4.125501215457916260e-01,1.577126830816268921e-01,4.275610839843750000e+03
9.415654540061950684e-01,4.355480074882507324e-01,4.400360351562500000e+03
4.078114926815032959e-01,1.750097125768661499e-01,1.966207397460937500e+03
8.175561428070068359e-01,3.163592219352722168e-01,3.062754150390625000e+03
7.124869227409362793e-01,3.010150194168090820e-01,8.522796875000000000e+03
5.589163899421691895e-01,2.286545932292938232e-01,3.574913085937500000e+03
3.617236316204071045e-01,1.534473448991775513e-01,2.275847900390625000e+03
1.001486897468566895e+00,3.934175968170166016e-01,2.648427539062500000e+04
7.954379916191101074e-01,3.012361526489257812e-01,1.174395703125000000e+04
1.129381656646728516e+00,3.997156620025634766e-01,6.011300781250000000e+03
9.196281433105468750e-01,3.362934887409210205e-01,5.599171386718750000e+03
8.060563802719116211e-01,2.436403185129165649e-01,6.267243652343750000e+03
6.993777155876159668e-01,3.010647594928741455e-01,1.021368261718750000e+04
8.366849422454833984e-01,2.672300338745117188e-01,3.562645507812500000e+03
7.823046445846557617e-01,2.987967729568481445e-01,1.711745898437500000e+04
4.832697212696075439e-01,2.102513462305068970e-01,2.660829101562500000e+03
3.785020709037780762e-01,1.637945771217346191e-01,2.902517089843750000e+03
4.071973264217376709e-01,1.604174524545669556e-01,1.389444458007812500e+03
1.084155440330505371e+00,1.127155572175979614e-01,5.027633789062500000e+03
5.447888970375061035e-01,2.411951124668121338e-01,2.634185302734375000e+03
7.919701933860778809e-01,3.416944742202758789e-01,3.993166259765625000e+03
3.351179957389831543e-01,1.293931901454925537e-01,1.898580078125000000e+03
9.285362958908081055e-01,3.627553880214691162e-01,7.390159179687500000e+03
7.450801134109497070e-01,3.609073162078857422e-01,3.081308593750000000e+03
1.208663582801818848e+00,7.092773914337158203e-02,5.912392089843750000e+03
5.658774971961975098e-01,2.464168816804885864e-01,5.690128906250000000e+03
5.892484188079833984e-01,2.480755299329757690e-01,1.049978515625000000e+04
6.521397233009338379e-01,2.897952795028686523e-01,3.430244384765625000e+03
6.070660352706909180e-01,2.208715379238128662e-01,1.224677441406250000e+04
9.633868336677551270e-01,3.628752231597900391e-01,5.196586718750000000e+04
8.501214385032653809e-01,3.555031716823577881e-01,2.156011962890625000e+03
6.923226118087768555e-01,3.302183747291564941e-01,8.099919921875000000e+03
6.403912305831909180e-01,2.513670623302459717e-01,4.983282714843750000e+03
6.534859538078308105e-01,2.725023329257965088e-01,5.610403320312500000e+03
9.674092531204223633e-01,3.965485095977783203e-01,1.345777031250000000e+05
5.705726146697998047e-01,2.476026266813278198e-01,7.100609863281250000e+03
5.979697108268737793e-01,2.581020593643188477e-01,5.498396972656250000e+03
6.261514425277709961e-01,2.804689109325408936e-01,5.042923828125000000e+03
1.215289592742919922e+00,8.682659268379211426e-02,5.840416015625000000e+03
7.040539383888244629e-01,2.959218919277191162e-01,6.502883300781250000e+03
4.777481257915496826e-01,2.077179998159408569e-01,2.789449707031250000e+03
5.325869321823120117e-01,2.233507335186004639e-01,2.196433837890625000e+03
3.582219779491424561e-01,1.507161706686019897e-01,1.336128784179687500e+03
8.791629672050476074e-01,3.659435808658599854e-01,2.640310156250000000e+04
7.055798768997192383e-01,3.043226599693298340e-01,3.472745849609375000e+03
2.582649290561676025e-01,1.074810251593589783e-01,1.031033325195312500e+03
4.351198077201843262e-01,1.942017972469329834e-01,1.750138793945312500e+03
1.134770870208740234e+00,3.953450024127960205e-01,2.041472460937500000e+04
4.862538576126098633e-01,2.206991612911224365e-01,2.004630371093750000e+03
5.361309647560119629e-01,2.333368957042694092e-01,3.179605712890625000e+03
5.252017974853515625e-01,2.085973769426345825e-01,3.446596679687500000e+03
5.584508180618286133e-01,2.454615235328674316e-01,4.339178222656250000e+03
5.688493251800537109e-01,2.420372068881988525e-01,4.611609375000000000e+03
7.385613322257995605e-01,3.328904509544372559e-01,1.764319921875000000e+04
5.650329589843750000e-01,2.512395679950714111e-01,2.831518554687500000e+03
4.344345927238464355e-01,1.813424676656723022e-01,1.801948364257812500e+03
5.372351408004760742e-01,2.606478929519653320e-01,4.220055175781250000e+03
8.198466300964355469e-01,3.417515754699707031e-01,5.092168457031250000e+03
9.666013717651367188e-01,3.767562210559844971e-01,2.394622070312500000e+04
9.101976752281188965e-01,3.298918902873992920e-01,4.342793945312500000e+03
5.572860836982727051e-01,2.296912819147109985e-01,5.199526367187500000e+03
3.509135842323303223e-01,1.508965939283370972e-01,1.339039428710937500e+03
6.448437571525573730e-01,2.747725248336791992e-01,1.157563476562500000e+04
5.239142775535583496e-01,2.230532318353652954e-01,4.509037597656250000e+03
5.520467162132263184e-01,2.392620891332626343e-01,1.649093383789062500e+03
3.866108059883117676e-01,1.756651401519775391e-01,1.593732421875000000e+03
7.322644591331481934e-01,2.734774053096771240e-01,3.619724365234375000e+03
6.656357645988464355e-01,2.728653252124786377e-01,5.695370117187500000e+03
7.349585294723510742e-01,2.561110854148864746e-01,3.418764404296875000e+03
9.867185354232788086e-01,3.658553063869476318e-01,3.434525781250000000e+04
5.562933087348937988e-01,2.636021077632904053e-01,2.516107666015625000e+03
8.408161401748657227e-01,3.596048653125762939e-01,1.148380859375000000e+04
8.049404025077819824e-01,3.068674802780151367e-01,1.395975097656250000e+04
1.241921782493591309e+00,6.790766119956970215e-02,5.783257812500000000e+03
7.723315954208374023e-01,3.191708326339721680e-01,2.158203857421875000e+03
7.549074292182922363e-01,3.524683415889739990e-01,7.914148925781250000e+03
5.495132803916931152e-01,2.184051722288131714e-01,1.023731542968750000e+04
7.414509654045104980e-01,2.796764671802520752e-01,1.404636718750000000e+04
5.231724977493286133e-01,2.107245177030563354e-01,1.029278710937500000e+04
7.637758851051330566e-01,3.277487158775329590e-01,1.770123632812500000e+04
6.411052942276000977e-01,2.862587571144104004e-01,4.709664550781250000e+03
5.487695932388305664e-01,2.115672975778579712e-01,9.983125000000000000e+03
1.154853224754333496e+00,7.747015357017517090e-02,5.682177734375000000e+03
6.753934025764465332e-01,2.732316553592681885e-01,1.787865039062500000e+04
8.250842094421386719e-01,2.999393343925476074e-01,3.657423095703125000e+03
7.778254747390747070e-01,3.336537778377532959e-01,7.135894042968750000e+03
1.073490262031555176e+00,3.822565078735351562e-01,2.523639257812500000e+04
6.886184215545654297e-01,3.106587827205657959e-01,6.222472167968750000e+03
4.315562844276428223e-01,1.933490782976150513e-01,5.852794921875000000e+03
5.395922660827636719e-01,2.667351663112640381e-01,1.577095019531250000e+04
8.099498152732849121e-01,3.458028137683868408e-01,1.398700000000000000e+04
4.183771014213562012e-01,1.709278374910354614e-01,1.310342163085937500e+03
5.056466460227966309e-01,2.295714616775512695e-01,2.294051269531250000e+03
7.310152053833007812e-01,3.065511882305145264e-01,3.972033691406250000e+03
5.441448688507080078e-01,2.148755341768264771e-01,3.312407714843750000e+03
6.680002212524414062e-01,2.697515487670898438e-01,5.681134765625000000e+03
5.328742265701293945e-01,2.657769024372100830e-01,1.116412719726562500e+03
9.782212376594543457e-01,3.976796567440032959e-01,4.150345703125000000e+03
5.727931261062622070e-01,2.137326449155807495e-01,1.525953613281250000e+04
7.085531353950500488e-01,2.900622487068176270e-01,1.617668359375000000e+04
7.592760324478149414e-01,2.972544133663177490e-01,7.127037597656250000e+03
6.768022179603576660e-01,2.655843198299407959e-01,4.478268554687500000e+03
6.232842206954956055e-01,2.775458395481109619e-01,3.167710693359375000e+03
7.417129278182983398e-01,2.831347882747650146e-01,2.789019726562500000e+04
5.982051491737365723e-01,2.576715350151062012e-01,3.332637939453125000e+03
5.353543162345886230e-01,2.603936195373535156e-01,2.630111083984375000e+03
4.671407341957092285e-01,2.096068412065505981e-01,2.273994873046875000e+03
5.507339239120483398e-01,2.348955720663070679e-01,5.764637207031250000e+03
7.439719438552856445e-01,2.909317016601562500e-01,1.543807519531250000e+04
5.531231164932250977e-01,2.414642721414566040e-01,1.867577636718750000e+03
6.855444908142089844e-01,3.139582276344299316e-01,7.868835449218750000e+03
9.417431354522705078e-01,3.787724971771240234e-01,4.926566406250000000e+03
5.359532237052917480e-01,2.414672523736953735e-01,2.251623535156250000e+03
8.268603086471557617e-01,3.185363411903381348e-01,3.055254882812500000e+04
4.162393212318420410e-01,1.922637075185775757e-01,1.778293945312500000e+03
8.235070705413818359e-01,3.542126417160034180e-01,7.790231445312500000e+03
6.433687210083007812e-01,1.833085715770721436e-01,5.986635742187500000e+03
6.796717643737792969e-01,2.831244766712188721e-01,4.012368652343750000e+03
4.182109534740447998e-01,1.754325181245803833e-01,1.609281005859375000e+03
6.081603765487670898e-01,2.707262039184570312e-01,6.418642578125000000e+03
5.993213057518005371e-01,2.961906194686889648e-01,5.559703613281250000e+03
1.091388344764709473e+00,3.897244036197662354e-01,4.636781640625000000e+04
9.301300048828125000e-01,4.128068983554840088e-01,5.131957519531250000e+03
8.005867004394531250e-01,3.421534895896911621e-01,1.042575292968750000e+04
9.034497737884521484e-01,3.540155887603759766e-01,8.989783203125000000e+03
8.328016996383666992e-01,2.861100435256958008e-01,7.555054199218750000e+03
5.083319544792175293e-01,2.222692072391510010e-01,2.682739257812500000e+03
3.814992606639862061e-01,1.742409318685531616e-01,1.103301147460937500e+03
7.460433840751647949e-01,3.395456075668334961e-01,2.085725097656250000e+03
9.289339184761047363e-01,3.906047344207763672e-01,4.728386230468750000e+03
9.010477662086486816e-01,2.955654859542846680e-01,6.338797851562500000e+03
5.188360214233398438e-01,2.148949950933456421e-01,2.929077636718750000e+03
5.369344949722290039e-01,2.370751798152923584e-01,3.411049316406250000e+03
1.168939590454101562e+00,3.223983049392700195e-01,3.407368164062500000e+03
5.877730846405029297e-01,2.533035278320312500e-01,6.974956542968750000e+03
8.067165613174438477e-01,3.724061846733093262e-01,3.354027343750000000e+04
7.468708753585815430e-01,3.002823293209075928e-01,2.411987500000000000e+04
6.785316467285156250e-01,3.001600801944732666e-01,2.049227539062500000e+03
6.558373570442199707e-01,2.747260928153991699e-01,7.798413085937500000e+03
5.493065118789672852e-01,2.806091606616973877e-01,3.161010253906250000e+03
9.957558512687683105e-01,3.683573305606842041e-01,2.838019140625000000e+04
5.116224288940429688e-01,2.058135569095611572e-01,1.195956909179687500e+03
3.870144486427307129e-01,1.555506139993667603e-01,2.217128662109375000e+03
8.374230861663818359e-01,3.095870614051818848e-01,1.421081640625000000e+04
9.052151441574096680e-01,3.850163221359252930e-01,1.045269726562500000e+04
1.212566614151000977e+00,7.855804264545440674e-02,6.253015625000000000e+03
5.264932513236999512e-01,2.417933642864227295e-01,1.804264648437500000e+03
4.167340099811553955e-01,1.755912452936172485e-01,3.006763427734375000e+03
5.907043814659118652e-01,2.469763010740280151e-01,3.281330810546875000e+03
9.058628678321838379e-01,3.800585567951202393e-01,2.831517382812500000e+04
5.321322679519653320e-01,2.319918721914291382e-01,1.908570556640625000e+03
4.494248926639556885e-01,2.111515104770660400e-01,1.026523071289062500e+03
5.814813375473022461e-01,2.826312482357025146e-01,1.888417358398437500e+03
3.456678986549377441e-01,1.282107234001159668e-01,2.109912841796875000e+03
1.030527591705322266e+00,3.861813843250274658e-01,1.254760000000000000e+05
7.475268244743347168e-01,3.361722230911254883e-01,5.138580078125000000e+03
6.603106856346130371e-01,2.790406942367553711e-01,4.043751953125000000e+03
4.652819335460662842e-01,2.001289576292037964e-01,4.140834960937500000e+03
6.931269764900207520e-01,2.962050139904022217e-01,8.360725585937500000e+03
5.039317011833190918e-01,2.392237037420272827e-01,2.124638183593750000e+03
4.648175239562988281e-01,2.069641053676605225e-01,1.639459106445312500e+03
6.572480201721191406e-01,3.154747188091278076e-01,1.311838500976562500e+03
3.433295190334320068e-01,1.369576603174209595e-01,1.558355224609375000e+03
4.958491921424865723e-01,1.930880546569824219e-01,8.152276855468750000e+03
6.861171722412109375e-01,2.694621384143829346e-01,4.986995703125000000e+04
6.309185028076171875e-01,2.891222536563873291e-01,3.446744384765625000e+03
6.737505793571472168e-01,2.428188771009445190e-01,5.608486328125000000e+03
7.739579081535339355e-01,2.922636866569519043e-01,8.612340087890625000e+02
4.603858888149261475e-01,1.749562919139862061e-01,3.353443847656250000e+03
5.998685359954833984e-01,2.635438144207000732e-01,9.745371093750000000e+03
9.313194155693054199e-01,3.903092741966247559e-01,4.251292578125000000e+04
7.165201306343078613e-01,2.947871387004852295e-01,6.561391113281250000e+03
5.836704969406127930e-01,2.250273376703262329e-01,2.581263916015625000e+03
3.321614861488342285e-01,1.418839097023010254e-01,2.073503906250000000e+03
5.738512277603149414e-01,2.686122357845306396e-01,4.052085449218750000e+03
7.790726423263549805e-01,3.255572915077209473e-01,7.616333007812500000e+03
4.217333793640136719e-01,1.282538473606109619e-01,1.373177246093750000e+03
4.995974004268646240e-01,2.360129356384277344e-01,2.359319091796875000e+03
4.385134577751159668e-01,1.763423979282379150e-01,1.964237915039062500e+03
6.481287479400634766e-01,2.937473654747009277e-01,1.509096557617187500e+03
6.532273888587951660e-01,3.026554882526397705e-01,3.143958251953125000e+03
6.068190336227416992e-01,3.016486167907714844e-01,1.394981567382812500e+03
6.685599684715270996e-01,3.258940279483795166e-01,1.518317260742187500e+03
6.142037510871887207e-01,2.583658695220947266e-01,2.416981933593750000e+03
4.228872060775756836e-01,1.819614022970199585e-01,1.203606811523437500e+03
5.168254971504211426e-01,2.277437150478363037e-01,1.959240600585937500e+03
7.284436821937561035e-01,2.684152126312255859e-01,5.004347656250000000e+03
6.416455507278442383e-01,2.843382358551025391e-01,2.624532714843750000e+03
4.674201011657714844e-01,2.193066328763961792e-01,1.766480224609375000e+03
6.895452737808227539e-01,2.735644876956939697e-01,9.834197265625000000e+03
7.256408929824829102e-01,2.746666073799133301e-01,3.200826953125000000e+04
4.341440498828887939e-01,1.670820713043212891e-01,2.933080078125000000e+03
6.516988873481750488e-01,2.530973851680755615e-01,4.008686523437500000e+03
5.256902575492858887e-01,2.209324389696121216e-01,5.137105468750000000e+03
1.122582197189331055e+00,3.261242806911468506e-01,1.192713671875000000e+04
8.133495450019836426e-01,3.905434608459472656e-01,3.542544677734375000e+03
6.408914923667907715e-01,2.687172293663024902e-01,4.376586914062500000e+03
7.875439524650573730e-01,3.450760245323181152e-01,1.550137597656250000e+04
6.005619168281555176e-01,2.585416436195373535e-01,1.776302148437500000e+04
3.716662824153900146e-01,1.614889651536941528e-01,1.904002807617187500e+03
3.650517463684082031e-01,1.712512671947479248e-01,2.504626220703125000e+03
4.323539733886718750e-01,1.435312330722808838e-01,2.265114013671875000e+03
4.006029665470123291e-01,1.659995317459106445e-01,1.469378906250000000e+03
4.829405844211578369e-01,2.137859761714935303e-01,1.225411743164062500e+03
7.615128159523010254e-01,3.235280811786651611e-01,9.612372070312500000e+03
4.335319697856903076e-01,1.812257021665573120e-01,3.006267089843750000e+03
9.591528177261352539e-01,3.834366500377655029e-01,9.646984375000000000e+03
5.626080036163330078e-01,2.457590848207473755e-01,3.707305664062500000e+03
1.132563948631286621e+00,1.162658557295799255e-01,5.660071289062500000e+03
4.543915688991546631e-01,1.973483860492706299e-01,3.110004150390625000e+03
5.365757942199707031e-01,2.234438657760620117e-01,2.193943115234375000e+03
5.872861742973327637e-01,2.554314732551574707e-01,4.046210693359375000e+03
3.960832059383392334e-01,1.622924953699111938e-01,7.707184448242187500e+02
1.220559358596801758e+00,8.669139444828033447e-02,6.068484375000000000e+03
4.644935131072998047e-01,1.929926872253417969e-01,3.549042480468750000e+03
7.557268142700195312e-01,2.046197503805160522e-01,4.751414550781250000e+03
4.751018583774566650e-01,2.106903493404388428e-01,4.514149902343750000e+03
5.385388135910034180e-01,2.087889760732650757e-01,6.499682617187500000e+03
5.737251639366149902e-01,2.235940247774124146e-01,6.013181640625000000e+03
4.440791010856628418e-01,1.550689786672592163e-01,1.607206909179687500e+03
7.120355963706970215e-01,3.263701796531677246e-01,7.565455566406250000e+03
5.921453833580017090e-01,2.471168935298919678e-01,3.272559814453125000e+03
7.297912240028381348e-01,3.107471466064453125e-01,4.563480468750000000e+03
6.245287656784057617e-01,3.019541501998901367e-01,3.729996826171875000e+03
4.203439652919769287e-01,1.649393886327743530e-01,2.573391113281250000e+03
6.811521053314208984e-01,3.792358338832855225e-01,2.497806396484375000e+03
9.276663064956665039e-01,3.878336250782012939e-01,2.556352050781250000e+03
1.072556614875793457e+00,3.659049868583679199e-01,7.850351074218750000e+03
6.895970702171325684e-01,3.062427341938018799e-01,1.463980566406250000e+04
5.207984447479248047e-01,2.481959909200668335e-01,2.984454589843750000e+03
7.527061104774475098e-01,2.757025957107543945e-01,2.685126708984375000e+03
3.694708645343780518e-01,1.529983431100845337e-01,4.063158691406250000e+03
4.218088984489440918e-01,1.926566213369369507e-01,1.881014770507812500e+03
6.680051088333129883e-01,2.730208635330200195e-01,7.438368164062500000e+03
7.171485424041748047e-01,2.959107160568237305e-01,4.939537109375000000e+03
4.109731316566467285e-01,1.701549440622329712e-01,9.811313476562500000e+03
9.712248444557189941e-01,3.340851962566375732e-01,2.759209228515625000e+03
3.727372884750366211e-01,1.646402478218078613e-01,2.895347656250000000e+03
4.389460384845733643e-01,1.826731115579605103e-01,4.174445800781250000e+03
7.611301541328430176e-01,3.530103862285614014e-01,5.707585937500000000e+03
5.011680126190185547e-01,1.927815228700637817e-01,7.583753417968750000e+03
7.261477112770080566e-01,3.086922466754913330e-01,5.011729980468750000e+03
4.887175858020782471e-01,2.102606445550918579e-01,3.181598632812500000e+03
1.103637218475341797e+00,3.923254013061523438e-01,1.494791015625000000e+04
4.691997170448303223e-01,2.180356234312057495e-01,4.380773925781250000e+03
6.916322708129882812e-01,2.804114520549774170e-01,6.920699218750000000e+03
5.596724748611450195e-01,2.131659835577011108e-01,5.788230957031250000e+03
5.511909723281860352e-01,2.228803783655166626e-01,3.371784912109375000e+03
1.048015236854553223e+00,3.962257206439971924e-01,6.256007031250000000e+04
4.342193901538848877e-01,1.805504560470581055e-01,2.143665771484375000e+03
3.021785318851470947e-01,1.220215260982513428e-01,1.237022705078125000e+03
6.479095816612243652e-01,2.303554415702819824e-01,6.584333007812500000e+03
5.865322351455688477e-01,2.822503745555877686e-01,1.495697998046875000e+03
6.719765067100524902e-01,2.880922555923461914e-01,2.043623828125000000e+04
4.873605966567993164e-01,2.020920515060424805e-01,1.618394775390625000e+03
4.575657844543457031e-01,2.012686133384704590e-01,1.729198730468750000e+03
7.575430870056152344e-01,3.222749531269073486e-01,1.828220703125000000e+04
9.225926995277404785e-01,3.801365196704864502e-01,2.065988671875000000e+04
4.803220331668853760e-01,1.940047740936279297e-01,5.831939453125000000e+03
4.648504853248596191e-01,2.067407071590423584e-01,2.783924560546875000e+03
1.025955557823181152e+00,3.820636272430419922e-01,1.179886425781250000e+04
4.025398492813110352e-01,1.767214536666870117e-01,1.595241455078125000e+03
3.111299872398376465e-01,1.260432153940200806e-01,6.640380859375000000e+02
6.264807581901550293e-01,2.336788326501846313e-01,1.054644921875000000e+04
6.688827276229858398e-01,2.598431110382080078e-01,1.351395019531250000e+04
7.403322458267211914e-01,3.460264801979064941e-01,2.892739501953125000e+03
4.731106460094451904e-01,2.214422225952148438e-01,2.249621337890625000e+03
4.788097441196441650e-01,2.341617494821548462e-01,1.347693481445312500e+03
9.144925475120544434e-01,3.755640983581542969e-01,2.100697460937500000e+04
7.334965467453002930e-01,3.015322685241699219e-01,5.929408203125000000e+03
5.481705665588378906e-01,2.188822180032730103e-01,3.027529785156250000e+03
6.162580847740173340e-01,2.795666158199310303e-01,8.168378417968750000e+03
4.270826578140258789e-01,1.762028783559799194e-01,2.177864990234375000e+03
9.412323832511901855e-01,3.628717660903930664e-01,9.435252929687500000e+03
1.139368295669555664e+00,3.973145782947540283e-01,1.245244375000000000e+05
5.035476088523864746e-01,2.528454959392547607e-01,1.719147583007812500e+03
6.621353030204772949e-01,3.179601728916168213e-01,3.609849121093750000e+03
6.419823765754699707e-01,2.913672626018524170e-01,2.183036718750000000e+04
4.689019322395324707e-01,2.271236926317214966e-01,2.224606445312500000e+03
4.784139096736907959e-01,2.053666412830352783e-01,2.558548583984375000e+03
5.998526215553283691e-01,2.390211671590805054e-01,4.920098632812500000e+03
6.450809836387634277e-01,2.582572400569915771e-01,6.144372558593750000e+03
7.150653600692749023e-01,3.231022655963897705e-01,8.409201171875000000e+03
9.586936235427856445e-01,4.053544700145721436e-01,1.727123632812500000e+04
7.346878647804260254e-01,3.403334617614746094e-01,6.761668945312500000e+03
1.048998951911926270e+00,3.791535198688507080e-01,4.661823046875000000e+04
1.217211842536926270e+00,7.177653908729553223e-02,6.740589843750000000e+03
3.248084783554077148e-01,1.355493068695068359e-01,9.888427734375000000e+02
8.275188207626342773e-01,3.176515698432922363e-01,2.241901123046875000e+03
4.591268897056579590e-01,1.863368749618530273e-01,2.842403564453125000e+03
5.942881703376770020e-01,2.016409635543823242e-01,3.448889160156250000e+03
3.594919145107269287e-01,1.713539063930511475e-01,6.995021972656250000e+02
8.743534684181213379e-01,4.164063632488250732e-01,5.445017089843750000e+03
6.745047569274902344e-01,2.781598865985870361e-01,4.418293457031250000e+03
9.343341588973999023e-01,3.578589558601379395e-01,2.584844531250000000e+04
3.174664974212646484e-01,1.277665197849273682e-01,1.736340820312500000e+03
6.238284707069396973e-01,2.368860244750976562e-01,8.566324218750000000e+03
4.749659597873687744e-01,2.009056210517883301e-01,2.090732177734375000e+03
1.109490275382995605e+00,3.938098549842834473e-01,5.572297656250000000e+04
9.521890282630920410e-01,3.738210797309875488e-01,2.800115625000000000e+04
6.207193136215209961e-01,2.718312740325927734e-01,6.618185546875000000e+03
5.294082760810852051e-01,2.137717157602310181e-01,9.803571289062500000e+03
6.081557273864746094e-01,2.700525820255279541e-01,4.366895019531250000e+03
8.217683434486389160e-01,3.292664587497711182e-01,8.980788085937500000e+03
4.097087979316711426e-01,1.693800538778305054e-01,2.216469970703125000e+03
1.131595849990844727e+00,3.961203992366790771e-01,7.088717187500000000e+04
7.160337567329406738e-01,2.732127606868743896e-01,3.824675781250000000e+03
7.185387611389160156e-01,2.990213632583618164e-01,1.896665625000000000e+04
3.697170913219451904e-01,1.540363729000091553e-01,1.151381103515625000e+03
6.571019887924194336e-01,2.779131829738616943e-01,2.189952392578125000e+03
6.878278851509094238e-01,2.590088248252868652e-01,2.577866210937500000e+04
7.615832090377807617e-01,2.933097481727600098e-01,1.835185742187500000e+04
4.248752593994140625e-01,1.826240718364715576e-01,4.666759277343750000e+03
5.868712663650512695e-01,2.170670628547668457e-01,4.288708984375000000e+03
5.238356590270996094e-01,2.229276448488235474e-01,4.072340332031250000e+03
7.097309231758117676e-01,2.973130047321319580e-01,7.952076660156250000e+03
3.819248974323272705e-01,1.627804934978485107e-01,2.417981933593750000e+03
1.067302703857421875e+00,2.773668169975280762e-01,5.411350097656250000e+03
4.496434628963470459e-01,2.076157331466674805e-01,1.530052856445312500e+03
5.699563622474670410e-01,2.525011599063873291e-01,2.508490722656250000e+03
4.566268324851989746e-01,1.828337609767913818e-01,1.518781127929687500e+03
1.021620750427246094e+00,3.854711949825286865e-01,3.444219921875000000e+04
9.137929081916809082e-01,2.074457108974456787e-01,2.346061523437500000e+03
4.606194496154785156e-01,2.014192193746566772e-01,1.217146362304687500e+03
7.142398357391357422e-01,3.296505808830261230e-01,9.543545898437500000e+03
6.500470638275146484e-01,2.957383394241333008e-01,2.693050048828125000e+03
8.227209448814392090e-01,3.435983657836914062e-01,9.744557617187500000e+03
9.773582220077514648e-01,3.735908865928649902e-01,5.792124609375000000e+04
7.668747901916503906e-01,3.257156312465667725e-01,3.384172265625000000e+04
4.802106320858001709e-01,2.128089219331741333e-01,3.287355224609375000e+03
6.079902052879333496e-01,2.825362682342529297e-01,4.589629882812500000e+03
5.706812739372253418e-01,2.441207617521286011e-01,3.266843750000000000e+03
6.225284934043884277e-01,2.658384442329406738e-01,5.416973144531250000e+03
7.129496335983276367e-01,2.215626388788223267e-01,3.898647949218750000e+03
6.054319143295288086e-01,2.677074670791625977e-01,2.677930908203125000e+03
5.999294519424438477e-01,2.652926445007324219e-01,1.277383886718750000e+04
4.868788123130798340e-01,2.240923196077346802e-01,1.607908691406250000e+03
6.642633676528930664e-01,3.168540894985198975e-01,2.123540820312500000e+04
6.408327221870422363e-01,2.759496271610260010e-01,4.685528320312500000e+03
6.540119647979736328e-01,2.998883128166198730e-01,4.397108886718750000e+03
9.732711315155029297e-01,3.567253351211547852e-01,1.514512329101562500e+03
6.530964374542236328e-01,2.764262259006500244e-01,8.974745117187500000e+03
9.857097268104553223e-01,3.755286931991577148e-01,8.746283203125000000e+03
5.648971796035766602e-01,2.404471337795257568e-01,3.464834472656250000e+03
4.819809794425964355e-01,2.112027555704116821e-01,3.049060058593750000e+03
6.121608614921569824e-01,2.617484629154205322e-01,7.197913574218750000e+03
7.113146781921386719e-01,3.008116185665130615e-01,3.834789306640625000e+03
9.435186386108398438e-01,3.907006084918975830e-01,2.649672656250000000e+04
9.997242093086242676e-01,3.849654495716094971e-01,3.526129296875000000e+04
4.971036612987518311e-01,1.851783692836761475e-01,7.206538085937500000e+03
5.429120659828186035e-01,2.008849233388900757e-01,2.266586914062500000e+03
8.302292823791503906e-01,3.440481424331665039e-01,1.433971289062500000e+04
7.833861112594604492e-01,2.132952213287353516e-01,2.883113525390625000e+03
8.625841140747070312e-01,3.714340627193450928e-01,1.273888671875000000e+04
6.371902823448181152e-01,2.850812375545501709e-01,8.171309082031250000e+03
8.102869391441345215e-01,3.943538367748260498e-01,3.643842041015625000e+03
7.389759421348571777e-01,2.937607765197753906e-01,1.361987402343750000e+04
4.222560524940490723e-01,1.596022844314575195e-01,2.378793945312500000e+03
6.252985000610351562e-01,2.568693459033966064e-01,3.695904541015625000e+03
5.945165157318115234e-01,2.330266684293746948e-01,2.371652099609375000e+03
3.981918394565582275e-01,1.858172863721847534e-01,1.077977539062500000e+03
6.417115926742553711e-01,2.483782768249511719e-01,3.759643066406250000e+03
7.264301180839538574e-01,3.027924895286560059e-01,3.440626562500000000e+04
4.368108510971069336e-01,1.730799078941345215e-01,1.397373046875000000e+03
1.133129477500915527e+00,3.887796401977539062e-01,4.275789062500000000e+03
6.498589515686035156e-01,2.908163964748382568e-01,4.185661132812500000e+03
6.243615150451660156e-01,2.595534324645996094e-01,3.844592285156250000e+03
1.040334582328796387e+00,3.897823393344879150e-01,4.599616796875000000e+04
3.686608076095581055e-01,1.519753783941268921e-01,2.608427001953125000e+03
4.855095148086547852e-01,2.260027080774307251e-01,2.715293457031250000e+03
5.691952109336853027e-01,2.291291952133178711e-01,3.177277099609375000e+03
5.445778369903564453e-01,2.340504527091979980e-01,2.091827880859375000e+03
6.401255130767822266e-01,2.583910524845123291e-01,6.704588378906250000e+03
7.739033699035644531e-01,3.284908533096313477e-01,6.429495605468750000e+03
7.406604290008544922e-01,3.455516397953033447e-01,2.935717773437500000e+03
5.353888869285583496e-01,2.245900779962539673e-01,1.838042968750000000e+03
6.673087477684020996e-01,2.771095633506774902e-01,6.765728515625000000e+03
4.239676892757415771e-01,1.813875436782836914e-01,2.578165771484375000e+03
4.593435823917388916e-01,1.845414489507675171e-01,2.602446777343750000e+03
6.274909973144531250e-01,2.191612720489501953e-01,1.505829394531250000e+04
6.065556406974792480e-01,2.237315475940704346e-01,2.789082275390625000e+03
9.346868395805358887e-01,3.604208827018737793e-01,7.668932812500000000e+04
3.453284502029418945e-01,1.428639292716979980e-01,1.940919921875000000e+03
3.711732029914855957e-01,1.478314250707626343e-01,2.329148437500000000e+03
7.940609455108642578e-01,3.049553930759429932e-01,5.465119921875000000e+04
5.539348721504211426e-01,2.624031901359558105e-01,2.680677001953125000e+03
4.284172356128692627e-01,1.858931630849838257e-01,2.507556884765625000e+03
8.210546970367431641e-01,2.688963413238525391e-01,3.730766113281250000e+03
7.866190075874328613e-01,3.707594871520996094e-01,5.844531738281250000e+03
7.421277165412902832e-01,3.001281619071960449e-01,3.420418750000000000e+04
7.815465331077575684e-01,3.260906636714935303e-01,1.035938671875000000e+04
1.003346800804138184e+00,3.440309762954711914e-01,3.077321044921875000e+03
5.463959574699401855e-01,2.617066204547882080e-01,1.508325073242187500e+03
8.026182651519775391e-01,3.549513518810272217e-01,7.593257812500000000e+03
3.866557776927947998e-01,1.514635682106018066e-01,5.966735839843750000e+03
8.913714289665222168e-01,2.738268077373504639e-01,6.264973144531250000e+03
5.847333669662475586e-01,2.648225724697113037e-01,2.437369140625000000e+03
7.101457715034484863e-01,3.197135329246520996e-01,4.519202148437500000e+03
6.916500329971313477e-01,2.833285629749298096e-01,6.088691406250000000e+03
7.642467021942138672e-01,3.164735436439514160e-01,4.210801269531250000e+03
5.268409252166748047e-01,2.418879866600036621e-01,1.782379882812500000e+03
6.117637157440185547e-01,2.600247561931610107e-01,4.067130126953125000e+03
8.168538212776184082e-01,3.418911993503570557e-01,6.470638183593750000e+03
5.848874449729919434e-01,2.406679689884185791e-01,4.103583984375000000e+03
6.126774549484252930e-01,3.434524834156036377e-01,2.134223144531250000e+03
6.183716058731079102e-01,2.635436952114105225e-01,5.502572753906250000e+03
7.058843970298767090e-01,2.862732112407684326e-01,5.564348632812500000e+03
5.191543698310852051e-01,2.172302454710006714e-01,2.780698730468750000e+03
6.764622330665588379e-01,2.932567298412322998e-01,1.060597851562500000e+04
4.800987541675567627e-01,2.430752217769622803e-01,1.068476196289062500e+03
7.127213478088378906e-01,2.071027606725692749e-01,3.742814697265625000e+03
5.183811783790588379e-01,2.039490342140197754e-01,4.124125976562500000e+03
6.841203570365905762e-01,3.061139583587646484e-01,4.000166503906250000e+03
6.341149806976318359e-01,2.917904853820800781e-01,1.802567382812500000e+03
5.336013436317443848e-01,2.370035648345947266e-01,2.794788330078125000e+03
6.223540306091308594e-01,2.495012283325195312e-01,5.129663085937500000e+03
7.166453599929809570e-01,3.071642518043518066e-01,2.784546630859375000e+03
5.334693193435668945e-01,2.262147814035415649e-01,5.780289550781250000e+03
6.698965430259704590e-01,3.044166564941406250e-01,4.662512207031250000e+03
5.924425721168518066e-01,2.535313367843627930e-01,7.528202148437500000e+03
9.818829894065856934e-01,3.817992806434631348e-01,1.238919335937500000e+04
3.431803584098815918e-01,1.349493861198425293e-01,2.452959472656250000e+03
5.839700698852539062e-01,2.424500286579132080e-01,6.041845214843750000e+03
7.891120910644531250e-01,3.149066269397735596e-01,6.039523925781250000e+03
9.262041449546813965e-01,3.691959977149963379e-01,6.220178515625000000e+04
5.691797733306884766e-01,2.570053637027740479e-01,2.567629150390625000e+03
6.100124120712280273e-01,2.659601867198944092e-01,3.397944091796875000e+03
4.456796348094940186e-01,2.044395953416824341e-01,1.427050659179687500e+03
9.509117603302001953e-01,4.000507891178131104e-01,1.896927148437500000e+04
5.153741240501403809e-01,2.188699990510940552e-01,1.664115600585937500e+03
6.259734630584716797e-01,3.003333806991577148e-01,7.064669433593750000e+03
6.505828499794006348e-01,2.558104693889617920e-01,2.608274414062500000e+03
6.871625185012817383e-01,3.003056943416595459e-01,2.568040527343750000e+03
5.141254067420959473e-01,2.433103024959564209e-01,4.261735351562500000e+03
4.899196624755859375e-01,1.871082782745361328e-01,1.254796191406250000e+04
3.415345251560211182e-01,1.147048547863960266e-01,2.014439453125000000e+03
5.490322709083557129e-01,2.391249388456344604e-01,2.519015625000000000e+03
7.444853782653808594e-01,3.243433237075805664e-01,2.059963867187500000e+04
5.089817047119140625e-01,2.160586267709732056e-01,4.488340332031250000e+03
4.716873764991760254e-01,2.176217585802078247e-01,5.915234375000000000e+03
6.892816424369812012e-01,2.731437087059020996e-01,1.066783007812500000e+04
5.012792348861694336e-01,2.764030396938323975e-01,1.464150390625000000e+03
6.333583593368530273e-01,2.695741355419158936e-01,7.654476074218750000e+03
6.164846420288085938e-01,2.687594890594482422e-01,3.773042724609375000e+03
5.197458267211914062e-01,2.035335749387741089e-01,8.918381835937500000e+03
8.047763109207153320e-01,3.040511906147003174e-01,2.867473242187500000e+04
4.411670565605163574e-01,1.765944063663482666e-01,5.144003906250000000e+03
5.371322631835937500e-01,2.418297380208969116e-01,3.919477050781250000e+03
8.879840970039367676e-01,3.928163051605224609e-01,8.324328125000000000e+03
8.627362847328186035e-01,3.358049094676971436e-01,2.732363476562500000e+04
9.946596026420593262e-01,3.961000442504882812e-01,8.338609375000000000e+03
5.351778864860534668e-01,2.788944840431213379e-01,1.050471923828125000e+03
5.814788341522216797e-01,2.378166317939758301e-01,1.128610449218750000e+04
5.049871802330017090e-01,2.204510122537612915e-01,1.881313232421875000e+03
5.201303362846374512e-01,1.845789104700088501e-01,2.936796142578125000e+03
3.522595763206481934e-01,1.506552398204803467e-01,1.349692016601562500e+03
6.327931284904479980e-01,2.576048672199249268e-01,3.130625244140625000e+03
5.311810970306396484e-01,2.495327740907669067e-01,1.832838378906250000e+03
9.714877605438232422e-01,3.790319561958312988e-01,3.260785937500000000e+04
9.310115575790405273e-01,3.925592303276062012e-01,4.297799804687500000e+03
4.921308457851409912e-01,2.221522927284240723e-01,3.130102783203125000e+03
2.707178294658660889e-01,1.072345450520515442e-01,9.480888061523437500e+02
7.344954013824462891e-01,2.832340002059936523e-01,6.760365234375000000e+03
7.963487505912780762e-01,3.428754210472106934e-01,5.537895507812500000e+03
8.640025258064270020e-01,3.346815109252929688e-01,1.321726367187500000e+04
4.891913235187530518e-01,2.015901803970336914e-01,1.763880615234375000e+03
3.520583510398864746e-01,1.410709172487258911e-01,1.817250122070312500e+03
5.218440890312194824e-01,2.224505543708801270e-01,2.500815185546875000e+03
7.012658119201660156e-01,3.065091073513031006e-01,1.311120800781250000e+04
6.301389932632446289e-01,2.814843654632568359e-01,2.702456298828125000e+03
5.168746113777160645e-01,2.315110117197036743e-01,1.839551757812500000e+03
6.788157224655151367e-01,2.619686126708984375e-01,2.460921630859375000e+03
5.447458028793334961e-01,2.162071615457534790e-01,3.658452343750000000e+04
5.543283820152282715e-01,2.403932660818099976e-01,1.372596313476562500e+03
3.294263482093811035e-01,1.222376301884651184e-01,1.164054321289062500e+03
6.050860285758972168e-01,1.761936992406845093e-01,4.077064208984375000e+03
5.075799822807312012e-01,2.434194087982177734e-01,1.213232177734375000e+03
6.540924906730651855e-01,2.865417599678039551e-01,2.811177734375000000e+03
4.083239436149597168e-01,1.542535275220870972e-01,6.796934570312500000e+03
5.508388280868530273e-01,2.155863493680953979e-01,3.270073242187500000e+03
4.112721979618072510e-01,1.730892062187194824e-01,1.630143554687500000e+03
4.513154327869415283e-01,1.857005953788757324e-01,1.779286376953125000e+03
5.690752267837524414e-01,2.452084124088287354e-01,5.916500488281250000e+03
7.317768931388854980e-01,3.184770047664642334e-01,7.424340332031250000e+03
4.780335426330566406e-01,2.307903021574020386e-01,2.050089355468750000e+03
7.766863703727722168e-01,3.356652259826660156e-01,2.851887207031250000e+03
5.086387395858764648e-01,2.378131002187728882e-01,1.742163085937500000e+03
5.471355319023132324e-01,2.798136770725250244e-01,2.868715087890625000e+03
3.414800465106964111e-01,1.249886974692344666e-01,1.606548217773437500e+03
6.959580779075622559e-01,2.945380508899688721e-01,2.596655078125000000e+04
4.162575006484985352e-01,1.822370141744613647e-01,4.200278320312500000e+03
6.816279292106628418e-01,2.785314023494720459e-01,3.451421386718750000e+03
9.633827805519104004e-01,3.984282612800598145e-01,4.812159179687500000e+03
6.340636610984802246e-01,2.446182370185852051e-01,1.806471093750000000e+04
8.787176012992858887e-01,3.314659893512725830e-01,6.303633300781250000e+03
5.756628513336181641e-01,2.523183524608612061e-01,3.288316650390625000e+03
9.419103860855102539e-01,3.840931057929992676e-01,7.653682128906250000e+03
4.221012294292449951e-01,1.558083891868591309e-01,2.480904785156250000e+03
5.864953398704528809e-01,2.306771576404571533e-01,6.627884765625000000e+03
7.895479202270507812e-01,2.372207343578338623e-01,1.840862426757812500e+03
4.595683515071868896e-01,2.055682092905044556e-01,2.703075927734375000e+03
5.468068718910217285e-01,2.505850493907928467e-01,1.967738037109375000e+03
4.748650789260864258e-01,1.919617056846618652e-01,4.018706542968750000e+03
8.484035730361938477e-01,3.622453212738037109e-01,9.864395312500000000e+04
4.917070567607879639e-01,2.156669646501541138e-01,2.049704589843750000e+03
3.445050716400146484e-01,1.385913044214248657e-01,2.760750244140625000e+03
3.115824460983276367e-01,1.273532658815383911e-01,2.524991455078125000e+03
6.731327176094055176e-01,3.101763427257537842e-01,4.774631835937500000e+03
6.632571816444396973e-01,2.553734481334686279e-01,5.263207519531250000e+03
3.244784474372863770e-01,1.326647251844406128e-01,1.291071289062500000e+03
4.740342199802398682e-01,1.144446134567260742e-01,2.459691894531250000e+03
7.547638416290283203e-01,2.914591729640960693e-01,1.654160644531250000e+03
6.879154443740844727e-01,3.089455664157867432e-01,9.861749023437500000e+03
2.862019538879394531e-01,1.175833716988563538e-01,1.739959960937500000e+03
1.234162807464599609e+00,3.323426246643066406e-01,8.956793945312500000e+03
1.227552533149719238e+00,7.620117813348770142e-02,6.575267578125000000e+03
7.689044475555419922e-01,3.466217219829559326e-01,6.500334472656250000e+03
4.351337850093841553e-01,1.755104064941406250e-01,4.593201660156250000e+03
4.444889426231384277e-01,1.853019744157791138e-01,5.952721679687500000e+03
6.468958258628845215e-01,2.670373618602752686e-01,3.684346435546875000e+03
5.355892777442932129e-01,2.681932151317596436e-01,2.433267578125000000e+03
1.009154319763183594e+00,3.849853575229644775e-01,1.120783984375000000e+05
8.933454155921936035e-01,3.458946049213409424e-01,2.768849609375000000e+04
8.403608798980712891e-01,3.791458904743194580e-01,6.189451171875000000e+03
4.777093231678009033e-01,2.142155468463897705e-01,2.741670410156250000e+03
7.678384184837341309e-01,3.432467877864837646e-01,6.136101562500000000e+03
5.478678941726684570e-01,2.136335074901580811e-01,1.292864135742187500e+03
4.951772987842559814e-01,1.965116858482360840e-01,2.589604248046875000e+03
9.991353750228881836e-01,3.664616346359252930e-01,3.770238281250000000e+04
7.294980287551879883e-01,3.144556581974029541e-01,7.301737500000000000e+04
6.758581399917602539e-01,2.480462640523910522e-01,9.492639770507812500e+02
3.986739516258239746e-01,1.610921025276184082e-01,7.908226318359375000e+02
7.041962742805480957e-01,3.040668368339538574e-01,6.300181640625000000e+03
8.808864355087280273e-01,3.519633412361145020e-01,2.179222851562500000e+04
4.282960295677185059e-01,1.686510294675827026e-01,1.204270385742187500e+03
2.981147468090057373e-01,1.154183894395828247e-01,1.946178100585937500e+03
8.602588772773742676e-01,3.787962198257446289e-01,7.271434082031250000e+03
5.834942460060119629e-01,2.769542634487152100e-01,2.511065917968750000e+03
5.199993848800659180e-01,2.433828860521316528e-01,1.905002685546875000e+03
8.623819947242736816e-01,3.547825515270233154e-01,1.738841992187500000e+04
3.933431208133697510e-01,1.558770984411239624e-01,2.149832519531250000e+03
4.247530400753021240e-01,1.794605106115341187e-01,1.606086669921875000e+03
5.776546001434326172e-01,2.530560791492462158e-01,2.572105712890625000e+03
7.302159667015075684e-01,3.243866264820098877e-01,1.067808691406250000e+04
4.854800105094909668e-01,1.371129155158996582e-01,1.789164306640625000e+03
7.460296750068664551e-01,3.665242195129394531e-01,3.507825683593750000e+03
1.108655214309692383e+00,3.945316076278686523e-01,2.064118164062500000e+04
5.870332121849060059e-01,2.342972755432128906e-01,8.242699218750000000e+03
7.635558843612670898e-01,2.925272285938262939e-01,6.528970703125000000e+03
2.926302850246429443e-01,1.235541552305221558e-01,1.341327026367187500e+03
9.465804696083068848e-01,4.121609330177307129e-01,6.272355957031250000e+03
6.681075096130371094e-01,3.134526610374450684e-01,2.560116210937500000e+03
4.042697548866271973e-01,1.926444619894027710e-01,9.239676513671875000e+02
5.133028626441955566e-01,2.446288019418716431e-01,3.193703613281250000e+03
1.138282656669616699e+00,3.971758186817169189e-01,1.032978320312500000e+04
9.310824275016784668e-01,3.676962852478027344e-01,7.409567871093750000e+03
8.829543590545654297e-01,3.500284552574157715e-01,2.541598242187500000e+04
6.282147169113159180e-01,2.573081851005554199e-01,7.114814941406250000e+03
5.888822674751281738e-01,2.977649271488189697e-01,9.475062255859375000e+02
5.622062087059020996e-01,2.160512059926986694e-01,7.014379394531250000e+03
5.004971623420715332e-01,2.319410294294357300e-01,3.915419189453125000e+03
9.448001384735107422e-01,3.395893573760986328e-01,4.230063964843750000e+03
9.734452366828918457e-01,3.800970613956451416e-01,9.100432812500000000e+04
7.805275917053222656e-01,3.462259769439697266e-01,4.079913085937500000e+03
8.696195483207702637e-01,4.125131368637084961e-01,3.027287109375000000e+03
7.195555567741394043e-01,3.061868548393249512e-01,2.816343750000000000e+03
5.953305959701538086e-01,2.756811380386352539e-01,8.237930664062500000e+03
3.747757077217102051e-01,1.501656472682952881e-01,1.858020996093750000e+03
3.992646634578704834e-01,1.538619846105575562e-01,2.093534179687500000e+03
8.850527405738830566e-01,3.631775379180908203e-01,1.064860058593750000e+04
9.776647090911865234e-01,3.900613784790039062e-01,7.671314843750000000e+04
7.633537054061889648e-01,3.236415684223175049e-01,5.574458496093750000e+03
5.900194644927978516e-01,2.931303381919860840e-01,1.865213500976562500e+03
3.459196388721466064e-01,1.343581378459930420e-01,1.566439331054687500e+03
7.620459198951721191e-01,3.105452954769134521e-01,3.828269531250000000e+03
7.326890826225280762e-01,2.896005809307098389e-01,2.101071484375000000e+04
7.353771924972534180e-01,2.955875098705291748e-01,6.709157031250000000e+04
8.890439271926879883e-01,3.518265187740325928e-01,5.814314062500000000e+04
5.577199459075927734e-01,2.255620807409286499e-01,4.616984375000000000e+03
1.128201961517333984e+00,3.954039812088012695e-01,8.987406250000000000e+03
1.139368295669555664e+00,3.973145782947540283e-01,5.079098437500000000e+04
6.629775166511535645e-01,3.090174496173858643e-01,6.088888671875000000e+03
4.696867167949676514e-01,2.057797908782958984e-01,2.583615234375000000e+03
7.614488005638122559e-01,3.057603538036346436e-01,1.143756445312500000e+04
5.705696344375610352e-01,2.897575795650482178e-01,2.601229003906250000e+03
4.124146699905395508e-01,1.968786716461181641e-01,8.278466186523437500e+02
7.661854028701782227e-01,3.201338648796081543e-01,2.365465087890625000e+03
6.314034461975097656e-01,2.434027045965194702e-01,1.042397363281250000e+04
7.900071740150451660e-01,3.510515689849853516e-01,5.433303710937500000e+03
3.183782398700714111e-01,1.296007335186004639e-01,1.376276977539062500e+03
6.984894871711730957e-01,3.144125044345855713e-01,4.483901367187500000e+03
9.587934017181396484e-01,3.855032026767730713e-01,2.855023242187500000e+04
6.551614999771118164e-01,2.689943313598632812e-01,1.778723828125000000e+04
7.614204287528991699e-01,2.698508203029632568e-01,5.480733886718750000e+03
7.190142869949340820e-01,2.227124869823455811e-01,8.195162109375000000e+03
1.128097176551818848e+00,3.950859010219573975e-01,1.782288671875000000e+04
5.223250389099121094e-01,2.246785610914230347e-01,6.029916503906250000e+03
5.390481352806091309e-01,2.245540022850036621e-01,1.478147949218750000e+04
9.863587617874145508e-01,3.834815621376037598e-01,8.724158593750000000e+04
5.919574499130249023e-01,2.505121231079101562e-01,3.990004394531250000e+03
5.972557067871093750e-01,2.214984148740768433e-01,1.007745507812500000e+04
8.496312499046325684e-01,3.381598591804504395e-01,2.217369140625000000e+04
6.242587566375732422e-01,2.892908453941345215e-01,2.815704589843750000e+03
5.772101879119873047e-01,3.040911257266998291e-01,2.399852783203125000e+03
4.259016215801239014e-01,1.612709164619445801e-01,2.337678222656250000e+03
2.719801068305969238e-01,1.124522909522056580e-01,8.419119262695312500e+02
5.344300866127014160e-01,2.281513214111328125e-01,1.039541796875000000e+04
3.619794249534606934e-01,1.482038944959640503e-01,9.627431640625000000e+02
4.207861423492431641e-01,1.878040879964828491e-01,3.751919433593750000e+03
4.802134037017822266e-01,1.914494335651397705e-01,6.166973632812500000e+03
5.335491895675659180e-01,2.477026730775833130e-01,2.335628662109375000e+03
5.379815697669982910e-01,2.362290024757385254e-01,2.361370361328125000e+03
4.310508072376251221e-01,1.799379140138626099e-01,1.868863037109375000e+03
8.186983466148376465e-01,3.291854858398437500e-01,1.119458691406250000e+04
6.309502124786376953e-01,2.452537566423416138e-01,1.019934082031250000e+04
6.684529185295104980e-01,2.373362183570861816e-01,5.265161621093750000e+03
5.105834603309631348e-01,1.985521316528320312e-01,1.868648315429687500e+03
4.751440286636352539e-01,1.955660581588745117e-01,2.467525634765625000e+03
7.616997361183166504e-01,3.173369467258453369e-01,1.174500585937500000e+04
4.144886136054992676e-01,1.655911505222320557e-01,2.153082031250000000e+03
7.688707709312438965e-01,4.043951332569122314e-01,4.750348144531250000e+03
8.657546043395996094e-01,3.775010406970977783e-01,4.147925781250000000e+03
5.734170675277709961e-01,2.311361879110336304e-01,3.107403320312500000e+03
6.202566027641296387e-01,2.306755781173706055e-01,4.990653320312500000e+03
5.531518459320068359e-01,2.140061110258102417e-01,2.159614990234375000e+03
6.544086337089538574e-01,3.383426666259765625e-01,4.728904785156250000e+03
1.145288705825805664e+00,3.592761456966400146e-01,4.988323730468750000e+03
3.918359279632568359e-01,1.639426648616790771e-01,2.630692138671875000e+03
1.088660597801208496e+00,3.791528046131134033e-01,4.147978027343750000e+03
4.434385001659393311e-01,1.842177063226699829e-01,2.219994384765625000e+03
7.325164079666137695e-01,3.204776346683502197e-01,7.370642089843750000e+03
7.045512199401855469e-01,2.887876629829406738e-01,7.875423339843750000e+03
6.139833927154541016e-01,2.541170120239257812e-01,9.168142578125000000e+03
6.436116099357604980e-01,2.580270767211914062e-01,9.397595703125000000e+03
6.727789044380187988e-01,2.695471644401550293e-01,7.267023925781250000e+03
1.005219221115112305e+00,3.617046475410461426e-01,2.881812890625000000e+04
8.173159360885620117e-01,3.290116190910339355e-01,5.809014160156250000e+03
9.265302419662475586e-01,3.805126845836639404e-01,2.267461328125000000e+04
4.827816784381866455e-01,1.970209926366806030e-01,2.470051367187500000e+04
8.643465638160705566e-01,3.893712162971496582e-01,9.244049804687500000e+03
5.253908634185791016e-01,2.470776438713073730e-01,2.753050292968750000e+03
4.553173482418060303e-01,2.171869724988937378e-01,3.289241455078125000e+03
5.532636046409606934e-01,2.306212037801742554e-01,3.099187500000000000e+03
5.685258507728576660e-01,2.583708167076110840e-01,5.627878906250000000e+03
4.070693850517272949e-01,1.615758538246154785e-01,1.881096923828125000e+03
6.541114449501037598e-01,2.731130421161651611e-01,3.986187011718750000e+03
9.028224945068359375e-01,2.426531016826629639e-01,6.336226562500000000e+03
5.679274797439575195e-01,2.609277963638305664e-01,5.189403320312500000e+03
9.717130064964294434e-01,3.929084539413452148e-01,1.878350000000000000e+04
1.140452146530151367e+00,3.969916999340057373e-01,3.756138671875000000e+04
5.456976890563964844e-01,2.290902435779571533e-01,5.878325195312500000e+03
5.450781583786010742e-01,2.137228697538375854e-01,7.316167968750000000e+03
9.653058648109436035e-01,3.940308988094329834e-01,6.366187500000000000e+03
4.979456663131713867e-01,2.202121764421463013e-01,2.101545166015625000e+03
5.283260941505432129e-01,2.393640726804733276e-01,3.381633056640625000e+03
9.219562411308288574e-01,3.768128156661987305e-01,8.300330078125000000e+03
4.620265960693359375e-01,2.007044255733489990e-01,2.460680908203125000e+03
4.247226715087890625e-01,1.858951896429061890e-01,2.461390869140625000e+03
6.100088357925415039e-01,2.613035738468170166e-01,3.071671142578125000e+03
7.956117391586303711e-01,3.145550191402435303e-01,1.148849218750000000e+04
4.883081018924713135e-01,2.075095623731613159e-01,3.593657958984375000e+03
9.244424104690551758e-01,3.700757920742034912e-01,8.365435546875000000e+03
5.282894372940063477e-01,2.130413055419921875e-01,5.693791503906250000e+03
5.563273429870605469e-01,2.268426120281219482e-01,5.976919921875000000e+04
4.238035380840301514e-01,1.751582175493240356e-01,1.804862915039062500e+03
3.723807036876678467e-01,1.598009914159774780e-01,2.524356933593750000e+03
1.055834174156188965e+00,3.846734464168548584e-01,6.243172656250000000e+04
4.588001668453216553e-01,1.993458271026611328e-01,2.960507080078125000e+03
5.629696846008300781e-01,2.745437324047088623e-01,4.810608398437500000e+03
8.000991940498352051e-01,3.197260797023773193e-01,1.583141210937500000e+04
7.396270632743835449e-01,3.586695194244384766e-01,4.001327636718750000e+03
5.991033911705017090e-01,2.599823772907257080e-01,2.501315429687500000e+03
7.209694385528564453e-01,2.565416693687438965e-01,2.280795898437500000e+03
9.795554280281066895e-01,1.174543872475624084e-01,4.917369628906250000e+03
3.586523830890655518e-01,1.351154297590255737e-01,2.622776855468750000e+03
5.047122836112976074e-01,2.179543375968933105e-01,2.219126708984375000e+03
9.147542715072631836e-01,3.606120347976684570e-01,5.441241015625000000e+04
5.616754889488220215e-01,2.481846064329147339e-01,1.529670605468750000e+04
1.162664890289306641e+00,8.734261244535446167e-02,6.414432617187500000e+03
7.008152604103088379e-01,3.162595927715301514e-01,4.863139160156250000e+03
3.859471380710601807e-01,1.580127924680709839e-01,2.916808837890625000e+03
3.520493209362030029e-01,1.433764547109603882e-01,1.282981079101562500e+03
6.636856198310852051e-01,3.100958764553070068e-01,1.242590136718750000e+04
7.020273208618164062e-01,2.846835255622863770e-01,7.558581250000000000e+04
8.625043034553527832e-01,3.058194518089294434e-01,3.214771484375000000e+03
6.806906461715698242e-01,3.286299109458923340e-01,4.477132812500000000e+03
5.780696868896484375e-01,2.481230795383453369e-01,3.036058837890625000e+03
4.873490631580352783e-01,1.875549107789993286e-01,5.317155761718750000e+03
1.134143352508544922e+00,3.970662951469421387e-01,1.252026953125000000e+05
7.673360109329223633e-01,3.428328037261962891e-01,2.202431640625000000e+04
6.642156839370727539e-01,2.795557379722595215e-01,6.474626464843750000e+03
2.612952291965484619e-01,9.787747263908386230e-02,7.199597167968750000e+02
4.744730293750762939e-01,2.115031331777572632e-01,2.378003417968750000e+03
9.790620803833007812e-01,3.617488741874694824e-01,1.191603613281250000e+04
1.009866476058959961e+00,3.984256684780120850e-01,2.395239453125000000e+04
7.138932943344116211e-01,3.027313351631164551e-01,8.260572265625000000e+03
4.887817203998565674e-01,2.183855026960372925e-01,2.228548583984375000e+03
5.173561573028564453e-01,2.163863480091094971e-01,4.488672851562500000e+03
3.783869445323944092e-01,1.531918197870254517e-01,1.439446166992187500e+03
6.666243672370910645e-01,2.646657824516296387e-01,2.686798242187500000e+04
7.578033208847045898e-01,3.304763436317443848e-01,2.033359741210937500e+03
5.696728825569152832e-01,2.746835052967071533e-01,3.322553222656250000e+03
3.961804211139678955e-01,1.680782288312911987e-01,1.078249145507812500e+03
9.386096596717834473e-01,3.590405285358428955e-01,8.701681640625000000e+03
9.651769399642944336e-01,3.960655629634857178e-01,1.668034960937500000e+04
5.792326331138610840e-01,2.641356587409973145e-01,5.481427734375000000e+03
3.514319658279418945e-01,1.401152610778808594e-01,1.352720092773437500e+03
3.586445748805999756e-01,1.729809492826461792e-01,8.047175292968750000e+02
5.671664476394653320e-01,2.663329839706420898e-01,2.864100830078125000e+03
7.268677353858947754e-01,3.051451444625854492e-01,8.035424804687500000e+03
8.518788814544677734e-01,3.865111172199249268e-01,4.761314453125000000e+03
9.253711700439453125e-01,4.005568623542785645e-01,6.321482421875000000e+03
6.598984003067016602e-01,2.777144610881805420e-01,2.713684082031250000e+03
6.770619153976440430e-01,2.635404467582702637e-01,1.735205566406250000e+03
5.732867717742919922e-01,2.557399868965148926e-01,1.844232788085937500e+03
6.928028464317321777e-01,2.808197140693664551e-01,1.398855957031250000e+04
3.560436069965362549e-01,1.486865878105163574e-01,2.226573242187500000e+03
6.358957886695861816e-01,2.831735014915466309e-01,8.181334472656250000e+03
5.028879046440124512e-01,1.966473758220672607e-01,3.252975341796875000e+03
3.991006612777709961e-01,1.663360148668289185e-01,2.703249023437500000e+03
3.350938260555267334e-01,1.310907602310180664e-01,1.431252319335937500e+03
6.745480895042419434e-01,2.598725855350494385e-01,1.317514941406250000e+04
5.946108102798461914e-01,2.852112352848052979e-01,2.591347900390625000e+03
5.765346884727478027e-01,2.233576774597167969e-01,1.257521972656250000e+04
6.356349587440490723e-01,3.048350214958190918e-01,1.598882812500000000e+03
5.303420424461364746e-01,2.476934939622879028e-01,2.282427490234375000e+03
6.433769464492797852e-01,3.048380613327026367e-01,2.614661865234375000e+03
6.695941686630249023e-01,2.896201610565185547e-01,7.562017089843750000e+03
5.576098561286926270e-01,2.403040677309036255e-01,1.834175048828125000e+03
7.424328923225402832e-01,2.953314781188964844e-01,7.968430175781250000e+03
4.901115596294403076e-01,2.071569561958312988e-01,2.961982421875000000e+03
4.465349018573760986e-01,2.056793123483657837e-01,2.770325927734375000e+03
1.060709476470947266e+00,3.799800574779510498e-01,1.365936523437500000e+04
5.501664280891418457e-01,2.221491038799285889e-01,2.840195556640625000e+03
9.769815802574157715e-01,3.771460354328155518e-01,1.252381054687500000e+04
6.304158568382263184e-01,2.986059486865997314e-01,2.671600341796875000e+03
8.748130202293395996e-01,3.332200348377227783e-01,1.124822949218750000e+04
4.437670111656188965e-01,1.680170446634292603e-01,1.160644165039062500e+03
8.350662589073181152e-01,3.983988463878631592e-01,8.561114257812500000e+03
5.055822730064392090e-01,2.122870087623596191e-01,8.184475097656250000e+03
5.703477263450622559e-01,2.358503192663192749e-01,3.565907470703125000e+03
7.608783841133117676e-01,3.396689891815185547e-01,2.676338134765625000e+03
2.787579298019409180e-01,1.047699153423309326e-01,1.105181274414062500e+03
6.210150122642517090e-01,2.435776889324188232e-01,4.989059082031250000e+03
9.647622108459472656e-01,3.940429985523223877e-01,7.668849121093750000e+03
8.739233613014221191e-01,3.616301417350769043e-01,3.876373437500000000e+04
8.428015112876892090e-01,3.407004177570343018e-01,3.956405273437500000e+03
7.788007259368896484e-01,2.086409628391265869e-01,2.579804492187500000e+04
9.669014811515808105e-01,3.713192343711853027e-01,1.113527636718750000e+04
6.190309524536132812e-01,2.491101175546646118e-01,6.164573730468750000e+03
7.327610850334167480e-01,3.007922768592834473e-01,4.160299316406250000e+03
4.848119616508483887e-01,1.920900940895080566e-01,3.777949951171875000e+03
5.299531221389770508e-01,2.488683909177780151e-01,2.953415039062500000e+03
3.361909389495849609e-01,1.369169354438781738e-01,2.143649169921875000e+03
5.261486768722534180e-01,2.602008283138275146e-01,2.609015625000000000e+03
8.772107958793640137e-01,3.795082867145538330e-01,1.709073632812500000e+04
7.558316588401794434e-01,3.979615569114685059e-01,3.024322998046875000e+03
7.392812371253967285e-01,3.643748760223388672e-01,3.636828613281250000e+03
8.593160510063171387e-01,3.544516563415527344e-01,1.441226953125000000e+04
5.754725933074951172e-01,2.343378216028213501e-01,3.344171386718750000e+03
1.132647395133972168e+00,3.965356945991516113e-01,9.111349218750000000e+04
3.719114065170288086e-01,1.507394760847091675e-01,2.267604248046875000e+03
5.974481701850891113e-01,2.444890439510345459e-01,3.998433593750000000e+03
7.677067518234252930e-01,2.273069471120834351e-01,2.855432128906250000e+03
4.696500897407531738e-01,2.124688178300857544e-01,1.442193481445312500e+03
6.197471618652343750e-01,2.560633718967437744e-01,3.004323974609375000e+03
1.007845520973205566e+00,4.060278534889221191e-01,2.846415820312500000e+04
7.917835116386413574e-01,3.165812492370605469e-01,4.112797363281250000e+03
4.916155636310577393e-01,1.793447881937026978e-01,3.341175781250000000e+03
6.221010088920593262e-01,2.537774145603179932e-01,5.599038085937500000e+03
7.204496860504150391e-01,2.760635316371917725e-01,1.814078320312500000e+04
6.769518256187438965e-01,2.921961843967437744e-01,3.100571533203125000e+03
4.694067239761352539e-01,2.005994915962219238e-01,4.485363281250000000e+03
7.300012111663818359e-01,3.122734427452087402e-01,2.587639453125000000e+04
5.673474073410034180e-01,2.538850009441375732e-01,1.194329223632812500e+03
4.689516425132751465e-01,1.548688560724258423e-01,2.716019531250000000e+03
1.052427411079406738e+00,3.950661122798919678e-01,9.205537109375000000e+03
7.214683294296264648e-01,3.314611911773681641e-01,2.821464111328125000e+03
5.774588584899902344e-01,2.376398891210556030e-01,5.647552246093750000e+03
4.980359673500061035e-01,2.508087754249572754e-01,1.865682983398437500e+03
7.042394280433654785e-01,3.051280677318572998e-01,1.099445312500000000e+04
6.829264760017395020e-01,2.730447649955749512e-01,5.601130859375000000e+03
3.694853186607360840e-01,1.433804184198379517e-01,1.104226440429687500e+03
1.053056120872497559e+00,4.100022315979003906e-01,6.455159667968750000e+03
4.264725744724273682e-01,1.867298632860183716e-01,1.628327636718750000e+03
8.617792129516601562e-01,3.456414043903350830e-01,1.105118457031250000e+04
8.909979462623596191e-01,3.553489148616790771e-01,6.011155761718750000e+03
6.912809610366821289e-01,3.011831641197204590e-01,7.516921386718750000e+03
4.624724984169006348e-01,2.177843302488327026e-01,2.367768798828125000e+03
3.245189189910888672e-01,1.126212254166603088e-01,2.061127685546875000e+03
4.979660809040069580e-01,2.001181691884994507e-01,9.496196289062500000e+03
9.134001731872558594e-01,3.238321542739868164e-01,1.209021972656250000e+04
3.570817112922668457e-01,1.367009580135345459e-01,2.811815673828125000e+03
4.645033776760101318e-01,1.817437410354614258e-01,2.137164550781250000e+03
4.108924865722656250e-01,1.857423782348632812e-01,1.261012695312500000e+03
6.206127405166625977e-01,2.490594834089279175e-01,1.887012695312500000e+04
8.842489719390869141e-01,2.616995871067047119e-01,6.359562988281250000e+03
4.468946158885955811e-01,1.831039935350418091e-01,3.447617675781250000e+03
6.136700510978698730e-01,2.894180715084075928e-01,1.595072509765625000e+03
7.148377895355224609e-01,3.009277880191802979e-01,4.387330078125000000e+03
5.541430115699768066e-01,2.256249338388442993e-01,5.702345703125000000e+03
5.700394511222839355e-01,2.531009912490844727e-01,5.541017578125000000e+03
4.475294351577758789e-01,1.916459351778030396e-01,3.174182861328125000e+03
1.083608508110046387e+00,3.971236646175384521e-01,6.373787500000000000e+04
7.612175345420837402e-01,2.949344515800476074e-01,1.164568652343750000e+04
2.911314964294433594e-01,1.193478628993034363e-01,1.345037963867187500e+03
6.274511218070983887e-01,2.514164745807647705e-01,2.317658203125000000e+04
5.625644326210021973e-01,3.305472731590270996e-01,7.588263549804687500e+02
5.756469368934631348e-01,2.422809600830078125e-01,3.026557617187500000e+03
7.019114494323730469e-01,2.664752900600433350e-01,9.563541992187500000e+03
4.457116425037384033e-01,1.936898976564407349e-01,1.777565185546875000e+03
2.611079514026641846e-01,9.191739559173583984e-02,1.406025512695312500e+03
4.939686357975006104e-01,2.035556435585021973e-01,1.264743041992187500e+03
6.141274571418762207e-01,2.563182413578033447e-01,3.611718261718750000e+03
5.531674027442932129e-01,2.324999719858169556e-01,1.771937133789062500e+03
5.662634372711181641e-01,2.426298856735229492e-01,2.337116455078125000e+03
8.433125615119934082e-01,3.865261971950531006e-01,1.184636914062500000e+04
1.048277616500854492e+00,3.947111368179321289e-01,1.159586816406250000e+04
5.422809123992919922e-01,1.997183561325073242e-01,3.119351562500000000e+03
3.197935521602630615e-01,1.360511034727096558e-01,9.784180297851562500e+02
6.435018181800842285e-01,2.167364805936813354e-01,5.519634765625000000e+03
5.845320820808410645e-01,2.328102886676788330e-01,3.338513916015625000e+03
8.961005210876464844e-01,3.645991086959838867e-01,1.584431933593750000e+04
2.763407826423645020e-01,1.207123249769210815e-01,1.387423461914062500e+03
6.623921394348144531e-01,2.804727852344512939e-01,5.746019531250000000e+03
3.559262156486511230e-01,1.429632902145385742e-01,2.518446044921875000e+03
8.962159752845764160e-01,3.553622663021087646e-01,7.661543945312500000e+03
7.006607651710510254e-01,3.004820942878723145e-01,8.950813476562500000e+03
5.093150138854980469e-01,2.208135128021240234e-01,1.295209472656250000e+03
8.496697545051574707e-01,3.427871465682983398e-01,6.315118359375000000e+04
5.817026495933532715e-01,2.450678050518035889e-01,1.380378173828125000e+03
5.065185427665710449e-01,1.989246755838394165e-01,3.168760009765625000e+03
5.878890156745910645e-01,2.302823513746261597e-01,5.051821777343750000e+03
8.878038525581359863e-01,3.673107922077178955e-01,4.418712109375000000e+04
8.491149544715881348e-01,3.443281352519989014e-01,6.038380859375000000e+03
5.360829234123229980e-01,2.208330482244491577e-01,5.805641601562500000e+03
8.159390091896057129e-01,3.366925418376922607e-01,4.634300292968750000e+03
6.228831410408020020e-01,2.689772546291351318e-01,2.173581250000000000e+04
8.111824393272399902e-01,3.181802630424499512e-01,1.209745410156250000e+04
4.911783933639526367e-01,2.338136881589889526e-01,4.124926757812500000e+03
6.751436591148376465e-01,3.054768145084381104e-01,4.743450195312500000e+03
6.020154356956481934e-01,2.641219794750213623e-01,1.072501367187500000e+04
8.750349283218383789e-01,3.446690142154693604e-01,4.578661718750000000e+04
8.198303580284118652e-01,3.376998305320739746e-01,4.156090820312500000e+03
5.905789136886596680e-01,2.711041271686553955e-01,1.721133544921875000e+03
5.420777797698974609e-01,2.429693341255187988e-01,1.491401123046875000e+03
5.814468860626220703e-01,2.588277757167816162e-01,5.819674804687500000e+03
6.242129206657409668e-01,2.263426333665847778e-01,2.565809814453125000e+03
5.019282698631286621e-01,2.527109980583190918e-01,1.896288940429687500e+03
4.341307580471038818e-01,1.959864646196365356e-01,2.285720703125000000e+03
9.697802662849426270e-01,3.721118569374084473e-01,1.913957617187500000e+04
6.894411444664001465e-01,3.847840130329132080e-01,2.511701660156250000e+03
6.660923361778259277e-01,2.743304371833801270e-01,4.585619628906250000e+03
3.328275978565216064e-01,1.186937019228935242e-01,1.211705444335937500e+03
7.024844884872436523e-01,2.856465578079223633e-01,5.992322265625000000e+03
6.608546376228332520e-01,2.908349931240081787e-01,6.473159667968750000e+03
3.343265056610107422e-01,1.351634263992309570e-01,2.296131103515625000e+03
4.807273745536804199e-01,1.954940557479858398e-01,2.935469238281250000e+03
7.841423153877258301e-01,3.129390776157379150e-01,1.935741333007812500e+03
3.162507116794586182e-01,1.357153058052062988e-01,9.389559936523437500e+02
3.789241015911102295e-01,1.768128126859664917e-01,9.959161376953125000e+02
6.432470083236694336e-01,3.119453787803649902e-01,4.320452148437500000e+03
4.258348643779754639e-01,2.067097723484039307e-01,1.878695678710937500e+03
1.035779118537902832e+00,3.808619081974029541e-01,2.110502929687500000e+04
7.980951070785522461e-01,3.416632115840911865e-01,1.637516796875000000e+04
7.361680865287780762e-01,3.213902413845062256e-01,7.766979003906250000e+03
9.958719015121459961e-01,3.919781446456909180e-01,1.226488085937500000e+04
3.767026364803314209e-01,1.525818854570388794e-01,1.436584960937500000e+03
6.426230072975158691e-01,2.961682975292205811e-01,2.803927246093750000e+03
9.274106025695800781e-01,3.701408207416534424e-01,6.695361816406250000e+03
8.593670129776000977e-01,2.320084124803543091e-01,3.301400146484375000e+03
7.980893850326538086e-01,3.720840513706207275e-01,9.004886718750000000e+03
3.959241211414337158e-01,1.754807829856872559e-01,2.156173095703125000e+03
5.240511894226074219e-01,2.088458240032196045e-01,4.930077636718750000e+03
5.657884478569030762e-01,2.420267313718795776e-01,1.785981567382812500e+03
6.907255053520202637e-01,2.834986150264739990e-01,5.773680664062500000e+03
6.035938858985900879e-01,2.553245723247528076e-01,9.845068359375000000e+03
5.987128615379333496e-01,2.961142063140869141e-01,2.448394042968750000e+03
4.151133894920349121e-01,1.593864709138870239e-01,2.068979736328125000e+03
6.355883479118347168e-01,2.869797348976135254e-01,2.448075683593750000e+03
7.013752460479736328e-01,2.725089490413665771e-01,3.765632568359375000e+03
8.297333121299743652e-01,3.587191402912139893e-01,5.402659179687500000e+03
6.615924835205078125e-01,3.521872162818908691e-01,2.125645751953125000e+03
5.251621603965759277e-01,2.052715867757797241e-01,2.212530273437500000e+03
9.631249904632568359e-01,3.605214953422546387e-01,1.132723281250000000e+05
7.112194299697875977e-01,3.083169460296630859e-01,2.515663330078125000e+03
6.261040568351745605e-01,2.733102440834045410e-01,2.415437500000000000e+03
3.969184756278991699e-01,1.591901630163192749e-01,1.922856811523437500e+03
2.683750689029693604e-01,1.031027287244796753e-01,1.222047241210937500e+03
3.524233698844909668e-01,1.479415744543075562e-01,1.950898193359375000e+03
1.089592814445495605e+00,3.862799108028411865e-01,4.915478906250000000e+04
6.333571076393127441e-01,2.748164236545562744e-01,9.577291992187500000e+03
5.069647431373596191e-01,1.982299834489822388e-01,7.755426757812500000e+03
5.324048399925231934e-01,2.605991661548614502e-01,4.486549316406250000e+03
5.324319005012512207e-01,2.222441434860229492e-01,1.911227050781250000e+03
6.723414063453674316e-01,2.961293756961822510e-01,7.432825195312500000e+03
5.231813192367553711e-01,1.808842718601226807e-01,1.985742553710937500e+03
6.455580592155456543e-01,2.902597784996032715e-01,3.329530761718750000e+03
6.559736728668212891e-01,2.776268720626831055e-01,2.902736718750000000e+04
6.378557085990905762e-01,2.646904587745666504e-01,4.594786621093750000e+03
7.184861302375793457e-01,2.837862372398376465e-01,1.215253906250000000e+04
5.854937434196472168e-01,2.592330276966094971e-01,2.498488281250000000e+03
5.358036160469055176e-01,2.329765111207962036e-01,4.112259765625000000e+03
8.071343302726745605e-01,3.333503901958465576e-01,5.811708007812500000e+03
5.436713695526123047e-01,2.242305278778076172e-01,3.362370849609375000e+03
7.748897075653076172e-01,3.054415583610534668e-01,2.402775146484375000e+03
1.177287697792053223e+00,8.072569221258163452e-02,6.179163574218750000e+03
1.076627731323242188e+00,3.896842002868652344e-01,2.992293945312500000e+04
6.203438043594360352e-01,2.933734059333801270e-01,6.369435058593750000e+03
5.030684471130371094e-01,2.033689767122268677e-01,3.002154296875000000e+03
8.906349539756774902e-01,3.134802579879760742e-01,2.754995117187500000e+03
5.233267545700073242e-01,2.619786560535430908e-01,3.934984130859375000e+03
5.983387827873229980e-01,2.469708323478698730e-01,2.205958593750000000e+04
7.056233882904052734e-01,3.007720112800598145e-01,6.741741210937500000e+03
3.801046013832092285e-01,1.567292213439941406e-01,4.672249511718750000e+03
7.236832380294799805e-01,2.889339923858642578e-01,1.184383515625000000e+05
5.322050452232360840e-01,2.447191178798675537e-01,4.415115722656250000e+03
9.694734215736389160e-01,3.648831844329833984e-01,1.116792089843750000e+04
8.293492197990417480e-01,3.143066763877868652e-01,4.245374218750000000e+04
6.746016740798950195e-01,2.733011543750762939e-01,2.191794140625000000e+04
6.840031147003173828e-01,3.266498744487762451e-01,1.098887109375000000e+04
7.521631717681884766e-01,3.250740468502044678e-01,1.881613671875000000e+04
4.447232484817504883e-01,2.020052224397659302e-01,3.179471435546875000e+03
5.314741730690002441e-01,2.250693589448928833e-01,2.436012451171875000e+03
6.434727311134338379e-01,2.552259862422943115e-01,1.211630566406250000e+04
6.237424612045288086e-01,2.737509906291961670e-01,1.763128662109375000e+03
6.232952475547790527e-01,2.920696139335632324e-01,2.822113525390625000e+03
1.064350485801696777e+00,8.168344199657440186e-02,6.228247070312500000e+03
5.595870018005371094e-01,2.344908863306045532e-01,9.106651367187500000e+03
5.466822385787963867e-01,2.187142521142959595e-01,9.285447265625000000e+03
6.391561031341552734e-01,2.501919567584991455e-01,1.077100781250000000e+04
4.059994220733642578e-01,1.621173918247222900e-01,3.554131835937500000e+03
5.168012976646423340e-01,2.140862047672271729e-01,2.397773437500000000e+03
5.266094207763671875e-01,2.051119804382324219e-01,2.086854248046875000e+03
7.743527293205261230e-01,3.539954125881195068e-01,4.059202148437500000e+03
5.487956404685974121e-01,2.208140492439270020e-01,6.623526855468750000e+03
6.027849316596984863e-01,2.420973777770996094e-01,9.235352539062500000e+03
5.502640008926391602e-01,2.477986365556716919e-01,3.769273193359375000e+03
6.074373126029968262e-01,2.074078619480133057e-01,6.458629882812500000e+03
1.225028038024902344e+00,8.475647121667861938e-02,6.293555175781250000e+03
6.240447163581848145e-01,2.773622274398803711e-01,2.052856445312500000e+03
8.273674845695495605e-01,3.766206204891204834e-01,6.166691406250000000e+03
5.845139026641845703e-01,2.499233633279800415e-01,6.626500488281250000e+03
6.840200424194335938e-01,2.759361565113067627e-01,1.047646777343750000e+04
4.873624742031097412e-01,2.196248322725296021e-01,3.992022705078125000e+03
4.215848743915557861e-01,1.979733705520629883e-01,1.656665771484375000e+03
5.478381514549255371e-01,2.298433482646942139e-01,3.483071777343750000e+03
5.304275155067443848e-01,2.074176669120788574e-01,4.647395507812500000e+03
1.015880465507507324e+00,3.748459815979003906e-01,3.239537500000000000e+04
8.891143798828125000e-01,3.343806862831115723e-01,3.628911718750000000e+04
4.740358591079711914e-01,1.940700858831405640e-01,4.421858886718750000e+03
6.978088617324829102e-01,3.286065459251403809e-01,4.389659179687500000e+03
8.858888149261474609e-01,3.750809133052825928e-01,6.583116210937500000e+03
6.878105401992797852e-01,2.861886620521545410e-01,4.333282226562500000e+03
4.740811288356781006e-01,2.286050468683242798e-01,2.853024658203125000e+03
8.522052168846130371e-01,4.074470400810241699e-01,3.425402099609375000e+03
4.574543535709381104e-01,2.273442298173904419e-01,4.338561523437500000e+03
8.855421543121337891e-01,3.558107018470764160e-01,3.498378125000000000e+04
3.800891637802124023e-01,1.675471067428588867e-01,2.346213134765625000e+03
4.936980605125427246e-01,1.971468180418014526e-01,4.990619628906250000e+03
6.592431664466857910e-01,2.351720631122589111e-01,2.008650634765625000e+03
4.407823979854583740e-01,1.892890632152557373e-01,1.865235961914062500e+03
9.544967412948608398e-01,4.106309115886688232e-01,2.178008789062500000e+04
1.010993361473083496e+00,3.870738148689270020e-01,2.836817578125000000e+04
5.884921550750732422e-01,2.207356095314025879e-01,7.808600585937500000e+03
5.102656483650207520e-01,2.305316776037216187e-01,9.658038940429687500e+02
6.319052577018737793e-01,2.829015851020812988e-01,4.065749511718750000e+03
7.239612936973571777e-01,3.069974482059478760e-01,5.340297363281250000e+03
5.421659946441650391e-01,2.236135303974151611e-01,3.075656250000000000e+03
6.313959956169128418e-01,2.741327583789825439e-01,1.449324902343750000e+04
5.646440982818603516e-01,2.301473766565322876e-01,2.265781005859375000e+03
5.471355915069580078e-01,1.876034438610076904e-01,7.589985351562500000e+03
4.216974079608917236e-01,2.014416158199310303e-01,2.112871093750000000e+03
8.140947818756103516e-01,3.445583879947662354e-01,3.639894531250000000e+03
3.896721005439758301e-01,1.666669100522994995e-01,1.324916503906250000e+03
6.075888276100158691e-01,2.534441649913787842e-01,8.148811035156250000e+03
7.044927477836608887e-01,2.873434722423553467e-01,6.601552246093750000e+03
5.757939219474792480e-01,2.594525814056396484e-01,2.998804687500000000e+04
9.099118113517761230e-01,4.212599396705627441e-01,1.103191210937500000e+04
4.440237581729888916e-01,1.797931343317031860e-01,1.880240844726562500e+03
4.952115118503570557e-01,2.014637291431427002e-01,3.891094726562500000e+03
8.239603638648986816e-01,3.335018157958984375e-01,2.877168359375000000e+04
4.043870866298675537e-01,1.736118644475936890e-01,3.485428955078125000e+03
8.514384031295776367e-01,2.774810194969177246e-01,4.229734375000000000e+03
5.975079536437988281e-01,2.537249028682708740e-01,3.670987792968750000e+03
7.905636429786682129e-01,3.445608615875244141e-01,6.642688964843750000e+03
5.877836942672729492e-01,2.459253370761871338e-01,4.114259765625000000e+03
6.480081677436828613e-01,2.547725439071655273e-01,4.775913085937500000e+03
4.814938604831695557e-01,2.200163155794143677e-01,1.489183837890625000e+03
5.511072874069213867e-01,2.360646724700927734e-01,9.647493164062500000e+03
9.322811365127563477e-01,3.014874458312988281e-01,2.616422119140625000e+03
8.020610213279724121e-01,3.079403340816497803e-01,8.117885742187500000e+03
6.519928574562072754e-01,2.852334082126617432e-01,3.692949218750000000e+03
4.168961346149444580e-01,2.076718658208847046e-01,1.409123901367187500e+03
5.924565792083740234e-01,2.555245161056518555e-01,2.185380859375000000e+03
4.782050549983978271e-01,2.072594761848449707e-01,1.584986206054687500e+03
1.097963571548461914e+00,3.938323557376861572e-01,9.363032812500000000e+04
5.949625372886657715e-01,2.425573915243148804e-01,5.034454687500000000e+04
1.220710158348083496e+00,6.817854195833206177e-02,5.573402832031250000e+03
3.928048014640808105e-01,1.634850502014160156e-01,3.107904052734375000e+03
7.172028422355651855e-01,3.118661344051361084e-01,6.582960937500000000e+03
4.077339470386505127e-01,1.625569313764572144e-01,1.785352783203125000e+03
6.736347079277038574e-01,2.769415974617004395e-01,5.090025878906250000e+03
5.138476490974426270e-01,2.249039411544799805e-01,3.094019042968750000e+03
7.781702876091003418e-01,3.773331344127655029e-01,4.866538085937500000e+03
4.670132100582122803e-01,1.856513768434524536e-01,5.772371582031250000e+03
5.943555235862731934e-01,2.678599357604980469e-01,2.521176757812500000e+03
7.991885542869567871e-01,3.247223794460296631e-01,2.650415527343750000e+03
7.479910850524902344e-01,3.251782357692718506e-01,2.104934570312500000e+04
6.763576269149780273e-01,2.885542809963226318e-01,1.202482128906250000e+04
9.352324604988098145e-01,3.053653538227081299e-01,8.126998046875000000e+03
4.777997136116027832e-01,2.247428297996520996e-01,2.612824951171875000e+03
8.663263916969299316e-01,2.733808457851409912e-01,1.165743457031250000e+04
5.452430248260498047e-01,2.234425246715545654e-01,8.225278320312500000e+03
1.139088153839111328e+00,4.014468193054199219e-01,8.287348437500000000e+04
4.489963948726654053e-01,1.777970045804977417e-01,3.295589843750000000e+03
9.980830550193786621e-01,3.685086965560913086e-01,7.153343261718750000e+03
7.402802705764770508e-01,3.589340448379516602e-01,4.967211914062500000e+03
7.620080709457397461e-01,3.619812428951263428e-01,1.125330078125000000e+04
9.943684339523315430e-01,3.876851797103881836e-01,6.937782031250000000e+04
6.197028160095214844e-01,2.477841675281524658e-01,5.577789453125000000e+04
4.167921543121337891e-01,2.123840898275375366e-01,1.348445434570312500e+03
4.596378803253173828e-01,2.167693674564361572e-01,1.494556030273437500e+03
2.600327134132385254e-01,9.931388497352600098e-02,1.520248046875000000e+03
6.456688642501831055e-01,2.589249908924102783e-01,3.249046142578125000e+03
5.760061144828796387e-01,2.322277873754501343e-01,1.228825976562500000e+04
1.139368295669555664e+00,3.973145782947540283e-01,4.081671093750000000e+04
8.188486695289611816e-01,3.704791963100433350e-01,3.297859375000000000e+03
7.662324905395507812e-01,3.750868141651153564e-01,3.072250390625000000e+04
7.868769764900207520e-01,2.351961731910705566e-01,4.788081542968750000e+03
6.096881628036499023e-01,2.231227457523345947e-01,4.307368164062500000e+03
3.281660676002502441e-01,1.363391429185867310e-01,1.164570434570312500e+03
9.477963447570800781e-01,4.080289900302886963e-01,1.533264355468750000e+04
8.027395009994506836e-01,3.240709006786346436e-01,5.775612304687500000e+03
6.413366198539733887e-01,2.707479596138000488e-01,1.451452246093750000e+04
7.919629216194152832e-01,2.928951978683471680e-01,3.844866943359375000e+03
7.183317542076110840e-01,2.755137383937835693e-01,4.637485937500000000e+04
5.421512722969055176e-01,2.249423712491989136e-01,3.898930175781250000e+03
5.844714641571044922e-01,2.433058470487594604e-01,6.249237792968750000e+03
3.757787942886352539e-01,1.380092203617095947e-01,6.287626464843750000e+03
7.667186260223388672e-01,3.060453832149505615e-01,6.058603515625000000e+03
8.753930926322937012e-01,3.506914973258972168e-01,1.562807910156250000e+04
5.101543068885803223e-01,2.012723535299301147e-01,3.919345214843750000e+03
5.127921700477600098e-01,1.950530856847763062e-01,6.819289062500000000e+03
6.833055019378662109e-01,2.816928625106811523e-01,1.598039550781250000e+04
5.319069623947143555e-01,2.362936437129974365e-01,5.011575683593750000e+03
5.217821598052978516e-01,2.081599533557891846e-01,6.371068359375000000e+03
8.529102206230163574e-01,3.698107302188873291e-01,4.047939062500000000e+04
3.704089224338531494e-01,1.509193181991577148e-01,1.433113281250000000e+03
8.394746780395507812e-01,3.631017208099365234e-01,2.706630273437500000e+04
2.775998711585998535e-01,1.071195080876350403e-01,1.211223144531250000e+03
5.565469861030578613e-01,2.385752350091934204e-01,1.991092163085937500e+03
6.675108075141906738e-01,2.498050034046173096e-01,7.358435058593750000e+03
6.229298710823059082e-01,2.600623965263366699e-01,1.166200292968750000e+04
4.618243277072906494e-01,1.924304217100143433e-01,3.369059814453125000e+03
5.723031759262084961e-01,2.714506089687347412e-01,5.895232421875000000e+03
7.955287098884582520e-01,3.474889695644378662e-01,1.501521875000000000e+04
5.263322591781616211e-01,2.218097299337387085e-01,4.858102050781250000e+03
5.878220796585083008e-01,2.501913011074066162e-01,1.030099707031250000e+04
7.974585294723510742e-01,3.355119526386260986e-01,3.809472167968750000e+03
4.872559905052185059e-01,2.011151164770126343e-01,2.345229003906250000e+03
1.184614300727844238e+00,7.668980956077575684e-02,6.757693847656250000e+03
7.052727937698364258e-01,2.754323482513427734e-01,2.253315625000000000e+04
8.227084875106811523e-01,3.614845573902130127e-01,1.279748730468750000e+04
1.026817917823791504e+00,3.496937155723571777e-01,4.038753906250000000e+03
4.848208129405975342e-01,2.535605430603027344e-01,8.176173095703125000e+02
6.005021929740905762e-01,2.520978450775146484e-01,3.456805175781250000e+03
5.530265569686889648e-01,2.356234192848205566e-01,7.156478125000000000e+04
8.247541785240173340e-01,3.020398914813995361e-01,1.396922167968750000e+04
8.302488327026367188e-01,3.527822196483612061e-01,1.990272460937500000e+04
7.702423930168151855e-01,3.551068007946014404e-01,8.534372070312500000e+03
4.727370440959930420e-01,1.644022166728973389e-01,2.825698486328125000e+03
6.334694623947143555e-01,2.643460333347320557e-01,5.071421875000000000e+04
6.813590526580810547e-01,1.929028332233428955e-01,2.552754882812500000e+03
6.033146977424621582e-01,2.193274945020675659e-01,3.113464599609375000e+03
1.069778800010681152e+00,3.829347789287567139e-01,2.134281250000000000e+04
7.193990349769592285e-01,3.126040101051330566e-01,4.131338378906250000e+03
4.387164711952209473e-01,1.791060119867324829e-01,1.818627807617187500e+03
9.466197490692138672e-01,3.693281710147857666e-01,4.710185546875000000e+04
6.861302256584167480e-01,2.723652720451354980e-01,4.141650390625000000e+04
9.613778591156005859e-01,3.429732322692871094e-01,1.506882324218750000e+03
5.373150706291198730e-01,2.262787371873855591e-01,8.598280273437500000e+03
4.790533185005187988e-01,1.964065581560134888e-01,5.489624511718750000e+03
8.903965353965759277e-01,3.121377229690551758e-01,3.316810791015625000e+03
5.499221682548522949e-01,2.447191029787063599e-01,3.018364501953125000e+03
6.077934503555297852e-01,2.484288066625595093e-01,8.232327148437500000e+03
4.133214652538299561e-01,1.865974515676498413e-01,2.639047851562500000e+03
4.840323925018310547e-01,2.032518684864044189e-01,2.152407226562500000e+03
9.137569665908813477e-01,3.607246577739715576e-01,2.177608007812500000e+04
4.596407711505889893e-01,1.906026750802993774e-01,1.453258789062500000e+03
5.237314105033874512e-01,2.339935451745986938e-01,2.707754882812500000e+03
5.208464264869689941e-01,2.097559720277786255e-01,3.547699218750000000e+03
4.917461574077606201e-01,2.145161777734756470e-01,2.049967285156250000e+03
5.931082963943481445e-01,2.308075875043869019e-01,3.222586718750000000e+04
6.605325937271118164e-01,2.687604725360870361e-01,4.674413085937500000e+03
7.317602038383483887e-01,3.013011813163757324e-01,1.933331909179687500e+03
6.845703125000000000e-01,2.755885124206542969e-01,1.493647460937500000e+04
5.679671764373779297e-01,2.500143945217132568e-01,7.676913085937500000e+03
6.250426769256591797e-01,2.676617205142974854e-01,4.725699218750000000e+03
4.771237671375274658e-01,1.814142763614654541e-01,4.900879394531250000e+03
5.871997475624084473e-01,2.365771383047103882e-01,4.700995605468750000e+03
6.904705762863159180e-01,2.838264405727386475e-01,4.344677343750000000e+04
8.767979145050048828e-01,3.345950841903686523e-01,6.514318359375000000e+03
6.901910901069641113e-01,2.831520736217498779e-01,5.919946289062500000e+03
5.253573656082153320e-01,2.380110621452331543e-01,2.706509521484375000e+03
5.711826682090759277e-01,2.326766848564147949e-01,1.400385156250000000e+04
6.495940685272216797e-01,2.497837543487548828e-01,2.215703320312500000e+04
4.604441821575164795e-01,1.736375242471694946e-01,1.387946289062500000e+03
5.167405605316162109e-01,2.155853509902954102e-01,5.793775390625000000e+03
5.310308337211608887e-01,2.348265647888183594e-01,3.884554931640625000e+03
5.923398137092590332e-01,2.812152504920959473e-01,1.671374755859375000e+03
6.338227391242980957e-01,2.888433933258056641e-01,4.069758789062500000e+03
4.583187401294708252e-01,2.139979600906372070e-01,1.399581298828125000e+03
4.060567319393157959e-01,1.755300909280776978e-01,9.680874633789062500e+02
6.131221652030944824e-01,2.990431785583496094e-01,7.773042968750000000e+03
4.779992699623107910e-01,2.082296609878540039e-01,4.071916503906250000e+03
9.651449918746948242e-01,3.257856369018554688e-01,2.684110546875000000e+04
9.820629954338073730e-01,3.973383009433746338e-01,1.406849414062500000e+04
6.546598672866821289e-01,2.689917981624603271e-01,7.093912109375000000e+03
5.626791119575500488e-01,2.412976324558258057e-01,1.835794189453125000e+03
6.395750045776367188e-01,2.857906222343444824e-01,2.330896972656250000e+03
5.651773214340209961e-01,2.429447025060653687e-01,2.326875000000000000e+04
4.194380044937133789e-01,2.027783095836639404e-01,2.831674560546875000e+03
4.016923606395721436e-01,1.644119769334793091e-01,2.923515136718750000e+03
4.958830177783966064e-01,2.171430438756942749e-01,4.142922363281250000e+03
7.375679016113281250e-01,3.208393752574920654e-01,9.684155273437500000e+03
1.031983852386474609e+00,3.787415325641632080e-01,1.727932812500000000e+04
9.213423728942871094e-01,3.595085442066192627e-01,4.875172363281250000e+03
7.602366209030151367e-01,3.081055879592895508e-01,2.475909960937500000e+04
6.544957160949707031e-01,2.864280939102172852e-01,3.717564208984375000e+03
7.122085690498352051e-01,2.926739156246185303e-01,2.316695556640625000e+03
1.144411444664001465e+00,3.956612050533294678e-01,6.400079589843750000e+03
4.794017970561981201e-01,2.256071716547012329e-01,1.674659912109375000e+03
4.622059166431427002e-01,1.957432031631469727e-01,2.618484619140625000e+03
3.913858532905578613e-01,1.557724624872207642e-01,1.564560668945312500e+03
5.722386240959167480e-01,2.685848772525787354e-01,1.326963745117187500e+03
4.492555260658264160e-01,1.951333135366439819e-01,4.988563476562500000e+03
8.394112586975097656e-01,3.293668627738952637e-01,1.541134863281250000e+04
4.191971719264984131e-01,1.984351128339767456e-01,6.698591308593750000e+03
5.477324724197387695e-01,2.611427009105682373e-01,3.764462890625000000e+03
7.951667308807373047e-01,2.664373219013214111e-01,4.847139648437500000e+03
7.150358557701110840e-01,2.823973000049591064e-01,2.217574609375000000e+04
9.161386489868164062e-01,3.482517600059509277e-01,1.816264453125000000e+04
5.143244266510009766e-01,2.086701542139053345e-01,6.504500976562500000e+03
4.083573520183563232e-01,1.774365901947021484e-01,3.912456298828125000e+03
5.297635197639465332e-01,2.211301773786544800e-01,3.171684082031250000e+03
7.566556930541992188e-01,2.821799516677856445e-01,6.812428222656250000e+03
4.948482811450958252e-01,1.849300116300582886e-01,2.738786132812500000e+03
6.574488878250122070e-01,2.575477361679077148e-01,3.339887451171875000e+03
8.494576215744018555e-01,3.748551011085510254e-01,6.347645996093750000e+03
5.632016062736511230e-01,2.263053208589553833e-01,2.774594726562500000e+04
8.518682718276977539e-01,3.742263019084930420e-01,4.898604980468750000e+03
6.790655851364135742e-01,2.610577642917633057e-01,3.021326171875000000e+03
5.653338432312011719e-01,2.644569575786590576e-01,2.175117919921875000e+03
4.809922277927398682e-01,1.856538057327270508e-01,5.043553222656250000e+03
3.272104859352111816e-01,1.351771056652069092e-01,1.339632080078125000e+03
5.185677409172058105e-01,2.300498932600021362e-01,2.082884277343750000e+03
6.298253536224365234e-01,2.336762398481369019e-01,4.962404296875000000e+03
1.106760859489440918e+00,4.016425311565399170e-01,2.360880615234375000e+03
5.584838390350341797e-01,2.052854001522064209e-01,2.167384765625000000e+03
6.769572496414184570e-01,2.853216528892517090e-01,1.763611132812500000e+04
9.171038269996643066e-01,3.680253624916076660e-01,1.094707714843750000e+04
5.329362154006958008e-01,2.441059798002243042e-01,6.256022949218750000e+03
4.906137287616729736e-01,2.201904803514480591e-01,2.573956054687500000e+03
3.345690667629241943e-01,1.375433653593063354e-01,2.421510986328125000e+03
3.643638491630554199e-01,1.506761759519577026e-01,1.150929809570312500e+03
8.968829512596130371e-01,3.778279721736907959e-01,1.317073437500000000e+04
7.983142733573913574e-01,3.411364853382110596e-01,7.563417480468750000e+03
6.366431713104248047e-01,2.714962065219879150e-01,4.961010742187500000e+03
5.934458971023559570e-01,2.517546415328979492e-01,5.672826171875000000e+03
5.812395811080932617e-01,2.615215778350830078e-01,2.144285644531250000e+03
1.210439205169677734e+00,6.818381696939468384e-02,5.241799316406250000e+03
6.578759551048278809e-01,2.899352312088012695e-01,4.322614746093750000e+03
8.493487238883972168e-01,2.784818708896636963e-01,4.560196289062500000e+03
3.570923507213592529e-01,1.363984793424606323e-01,2.107857910156250000e+03
8.648423552513122559e-01,3.664294779300689697e-01,1.165945410156250000e+04
3.116363584995269775e-01,1.145922318100929260e-01,1.126263793945312500e+03
3.387056291103363037e-01,1.492954194545745850e-01,1.221195556640625000e+03
4.864148795604705811e-01,2.439493089914321899e-01,1.176733764648437500e+03
6.641840934753417969e-01,2.674135267734527588e-01,6.622034179687500000e+03
4.675232768058776855e-01,2.085832506418228149e-01,1.202230712890625000e+03
6.172024607658386230e-01,2.609162032604217529e-01,4.185423339843750000e+03
5.053674578666687012e-01,2.122779339551925659e-01,2.472858886718750000e+03
5.377042889595031738e-01,2.333725243806838989e-01,2.957018310546875000e+03
7.859463095664978027e-01,3.058432638645172119e-01,1.763678906250000000e+04
4.834460318088531494e-01,2.143231779336929321e-01,1.228227416992187500e+03
5.948764085769653320e-01,2.532551288604736328e-01,1.102675585937500000e+04
4.835270047187805176e-01,2.643716037273406982e-01,6.806606445312500000e+02
5.084190368652343750e-01,2.068883180618286133e-01,3.146781494140625000e+03
5.042479634284973145e-01,2.380775362253189087e-01,1.797846557617187500e+03
4.861527085304260254e-01,1.816153526306152344e-01,3.483835449218750000e+03
5.795381665229797363e-01,2.689443826675415039e-01,1.662155395507812500e+03
6.284493803977966309e-01,2.583437263965606689e-01,5.909782226562500000e+03
9.288886189460754395e-01,3.711117804050445557e-01,9.518349609375000000e+03
6.493958830833435059e-01,2.678952217102050781e-01,4.451589355468750000e+03
4.918728768825531006e-01,2.073511630296707153e-01,7.465505371093750000e+03
9.546034336090087891e-01,3.700454235076904297e-01,1.056215917968750000e+04
7.078808546066284180e-01,3.123030662536621094e-01,2.653994335937500000e+04
5.809944868087768555e-01,2.267877459526062012e-01,5.925330078125000000e+03
4.648511707782745361e-01,1.896554380655288696e-01,6.499070312500000000e+03
8.926788568496704102e-01,3.544509410858154297e-01,3.752659667968750000e+03
4.668003916740417480e-01,1.802075654268264771e-01,3.279063720703125000e+03
8.159809112548828125e-01,3.081600069999694824e-01,1.923144531250000000e+04
5.880619883537292480e-01,2.432208657264709473e-01,1.949516235351562500e+03
9.239311814308166504e-01,3.602902889251708984e-01,3.149892773437500000e+04
6.504252552986145020e-01,2.957675755023956299e-01,3.335640625000000000e+03
8.443631529808044434e-01,3.993055820465087891e-01,4.933624023437500000e+03
9.769200086593627930e-01,3.772945404052734375e-01,5.514173046875000000e+04
4.036615192890167236e-01,1.620542556047439575e-01,2.848827148437500000e+03
3.628199994564056396e-01,1.533605605363845825e-01,2.902159667968750000e+03
3.206281960010528564e-01,1.290541440248489380e-01,1.505895507812500000e+03
1.138775587081909180e+00,3.933898508548736572e-01,7.403849121093750000e+03
6.730002164840698242e-01,2.696259021759033203e-01,4.974969726562500000e+03
5.420719981193542480e-01,2.601344585418701172e-01,1.089182226562500000e+04
5.171140432357788086e-01,2.386482357978820801e-01,1.799703125000000000e+03
1.010984301567077637e+00,3.913238942623138428e-01,2.048780029296875000e+03
1.104224801063537598e+00,4.005912840366363525e-01,2.468882031250000000e+04
4.995277225971221924e-01,1.960018128156661987e-01,6.868238281250000000e+03
5.615878701210021973e-01,2.420431226491928101e-01,3.682661376953125000e+03
3.360277414321899414e-01,1.330646425485610962e-01,1.313050903320312500e+03
8.495886921882629395e-01,3.650257587432861328e-01,6.523566406250000000e+03
6.765539050102233887e-01,2.840710282325744629e-01,4.186432128906250000e+03
8.582506179809570312e-01,3.623119890689849854e-01,1.363767968750000000e+04
5.472613573074340820e-01,2.378210574388504028e-01,1.366745605468750000e+04
7.584044933319091797e-01,2.882915437221527100e-01,1.035085351562500000e+04
6.507260799407958984e-01,3.026714324951171875e-01,4.046839355468750000e+03
4.984309673309326172e-01,2.540938258171081543e-01,8.307742919921875000e+02
5.836678147315979004e-01,2.433992326259613037e-01,2.951808837890625000e+03
5.669865012168884277e-01,2.420562207698822021e-01,8.118876953125000000e+03
6.787074804306030273e-01,2.731010913848876953e-01,5.764773437500000000e+03
4.714437425136566162e-01,2.089217752218246460e-01,2.209679199218750000e+03
9.493830204010009766e-01,3.838560879230499268e-01,1.012753046875000000e+05
6.299968361854553223e-01,2.723497748374938965e-01,7.509693359375000000e+03
1.053093194961547852e+00,3.751178979873657227e-01,3.453443847656250000e+03
9.975441098213195801e-01,3.658852875232696533e-01,7.521129882812500000e+03
9.530696272850036621e-01,4.116793274879455566e-01,1.354543359375000000e+04
5.772486329078674316e-01,2.440121471881866455e-01,5.918484375000000000e+03
7.690373063087463379e-01,3.351205289363861084e-01,1.934767187500000000e+04
9.385749697685241699e-01,3.984236121177673340e-01,6.555150878906250000e+03
4.533965587615966797e-01,1.793980151414871216e-01,4.300192871093750000e+03
7.362176179885864258e-01,3.413512706756591797e-01,6.603038085937500000e+03
6.914506554603576660e-01,2.835483551025390625e-01,5.606547363281250000e+03
8.424463272094726562e-01,3.502530753612518311e-01,2.321667382812500000e+04
6.955081224441528320e-01,2.593863606452941895e-01,8.114929199218750000e+03
7.752366065979003906e-01,2.996795177459716797e-01,7.143328125000000000e+03
7.761429548263549805e-01,3.188952505588531494e-01,2.031032617187500000e+04
6.695587635040283203e-01,2.663263380527496338e-01,8.335463867187500000e+03
7.791597843170166016e-01,2.663903832435607910e-01,2.247557617187500000e+04
8.947630524635314941e-01,3.857247829437255859e-01,7.043043457031250000e+03
5.482625365257263184e-01,2.558026015758514404e-01,2.136572509765625000e+03
6.015934944152832031e-01,2.540525496006011963e-01,7.356122070312500000e+03
6.280582547187805176e-01,2.877391576766967773e-01,2.995273193359375000e+03
3.641577959060668945e-01,1.621948480606079102e-01,2.538022460937500000e+03
5.633403658866882324e-01,2.615087628364562988e-01,2.086240234375000000e+03
6.862106323242187500e-01,2.918341159820556641e-01,4.297298828125000000e+03
9.123584628105163574e-01,3.582860231399536133e-01,2.518502734375000000e+04
6.337760090827941895e-01,2.788352966308593750e-01,3.353197021484375000e+03
8.338325023651123047e-01,3.339405357837677002e-01,1.306698046875000000e+04
5.182913541793823242e-01,2.297799140214920044e-01,4.035304199218750000e+03
6.602182984352111816e-01,2.936578392982482910e-01,3.580248291015625000e+03
7.167570590972900391e-01,2.657367587089538574e-01,3.108018310546875000e+03
9.614013433456420898e-01,3.851209878921508789e-01,9.765755859375000000e+03
4.632233977317810059e-01,2.075008451938629150e-01,2.111969238281250000e+03
6.374455690383911133e-01,2.783156633377075195e-01,2.942947265625000000e+03
4.614116251468658447e-01,1.949210166931152344e-01,2.818349609375000000e+03
5.421659350395202637e-01,2.155744582414627075e-01,4.403563964843750000e+03
8.732208013534545898e-01,3.709020912647247314e-01,3.563911328125000000e+04
6.271637678146362305e-01,2.539092004299163818e-01,5.825440917968750000e+03
5.426340103149414062e-01,2.127806097269058228e-01,4.923908691406250000e+03
6.433172225952148438e-01,2.764602005481719971e-01,3.210680859375000000e+04
7.479183077812194824e-01,2.810896933078765869e-01,3.264404541015625000e+03
4.223106503486633301e-01,1.631528586149215698e-01,2.945325439453125000e+03
6.274288892745971680e-01,2.618698477745056152e-01,9.908366210937500000e+03
8.576754927635192871e-01,3.940299749374389648e-01,8.720309570312500000e+03
8.683304786682128906e-01,3.804416656494140625e-01,9.922949218750000000e+03
5.418769717216491699e-01,2.048600167036056519e-01,6.974113281250000000e+03
7.928180694580078125e-01,2.175011485815048218e-01,3.134136962890625000e+03
6.421406865119934082e-01,2.640582025051116943e-01,2.793372558593750000e+03
5.091337561607360840e-01,2.236004620790481567e-01,9.381761718750000000e+03
5.203984975814819336e-01,2.039756476879119873e-01,2.646045654296875000e+03
5.771586298942565918e-01,2.521731555461883545e-01,4.093580810546875000e+03
3.987745344638824463e-01,1.604087799787521362e-01,2.524796630859375000e+03
4.627047777175903320e-01,2.082343250513076782e-01,3.544192626953125000e+03
6.106435656547546387e-01,2.503970563411712646e-01,2.020608203125000000e+04
5.052447915077209473e-01,2.254610210657119751e-01,1.209293823242187500e+03
8.209778666496276855e-01,3.441712558269500732e-01,9.410102539062500000e+03
4.495685398578643799e-01,1.707231253385543823e-01,2.645514404296875000e+03
6.380922198295593262e-01,2.686284482479095459e-01,6.442784667968750000e+03
4.336451888084411621e-01,1.872343719005584717e-01,2.544334228515625000e+03
5.287483334541320801e-01,2.662745416164398193e-01,3.330393798828125000e+03
8.441854715347290039e-01,3.498810529708862305e-01,7.678565917968750000e+03
7.859284877777099609e-01,3.265123367309570312e-01,8.444154296875000000e+03
8.251439332962036133e-01,3.776432573795318604e-01,4.676551269531250000e+03
3.975333273410797119e-01,1.630692183971405029e-01,3.520845214843750000e+03
6.404311656951904297e-01,2.781510651111602783e-01,5.387970214843750000e+03
5.791946053504943848e-01,2.371804267168045044e-01,7.808307128906250000e+03
6.825993657112121582e-01,2.798667550086975098e-01,6.822245605468750000e+03
5.342467427253723145e-01,2.186246663331985474e-01,3.761510986328125000e+03
6.561439037322998047e-01,2.997503876686096191e-01,4.787999023437500000e+03
5.979074239730834961e-01,2.528306245803833008e-01,2.891127441406250000e+03
2.982134222984313965e-01,1.279712319374084473e-01,1.098713256835937500e+03
1.106346011161804199e+00,3.981977999210357666e-01,1.321664355468750000e+04
5.454732775688171387e-01,2.300410121679306030e-01,1.691196289062500000e+03
8.057342171669006348e-01,3.641714155673980713e-01,4.669221679687500000e+03
3.959112763404846191e-01,1.824502199888229370e-01,1.549994018554687500e+03
6.682218909263610840e-01,2.751825749874114990e-01,5.646888671875000000e+04
7.055568695068359375e-01,2.713835537433624268e-01,6.509630859375000000e+03
5.904411077499389648e-01,2.491157501935958862e-01,2.392316894531250000e+03
3.142472207546234131e-01,1.313073039054870605e-01,2.255745605468750000e+03
5.882762670516967773e-01,2.294198423624038696e-01,8.618775390625000000e+03
6.888479590415954590e-01,2.114316076040267944e-01,5.382060058593750000e+03
6.932873725891113281e-01,2.643040716648101807e-01,9.591104492187500000e+03
5.754473209381103516e-01,2.693006098270416260e-01,2.909270263671875000e+03
1.244744420051574707e+00,6.548602133989334106e-02,6.051984863281250000e+03
6.779726743698120117e-01,2.654407620429992676e-01,4.750303222656250000e+03
8.059160113334655762e-01,2.847725749015808105e-01,3.456726171875000000e+04
3.490367531776428223e-01,1.368097513914108276e-01,1.824173583984375000e+03
4.295047521591186523e-01,1.864569336175918579e-01,1.672929321289062500e+03
5.280293226242065430e-01,2.362803369760513306e-01,9.109241943359375000e+02
7.793146371841430664e-01,3.320839405059814453e-01,4.677107421875000000e+04
3.609087169170379639e-01,1.534181088209152222e-01,3.925784423828125000e+03
7.612569332122802734e-01,3.154465556144714355e-01,2.227548632812500000e+04
4.397652447223663330e-01,1.554943770170211792e-01,2.532711425781250000e+03
4.231796562671661377e-01,1.728850901126861572e-01,1.491815795898437500e+03
7.050567865371704102e-01,3.180897533893585205e-01,2.863196289062500000e+03
2.793866693973541260e-01,1.069984063506126404e-01,2.312459716796875000e+03
7.953947186470031738e-01,3.603100776672363281e-01,4.228725097656250000e+03
5.022842884063720703e-01,2.099703401327133179e-01,6.112062988281250000e+03
4.199186563491821289e-01,1.667281836271286011e-01,1.818443359375000000e+03
9.223350286483764648e-01,3.510409295558929443e-01,1.320315722656250000e+04
7.694350481033325195e-01,2.502791583538055420e-01,1.412442968750000000e+04
9.153475165367126465e-01,3.583282530307769775e-01,3.264112304687500000e+03
7.326184511184692383e-01,2.886355519294738770e-01,3.063135742187500000e+03
5.686993598937988281e-01,2.668956816196441650e-01,1.648604248046875000e+03
5.299557447433471680e-01,2.217792570590972900e-01,6.651927734375000000e+03
6.340643167495727539e-01,2.558420300483703613e-01,4.041258056640625000e+03
4.829716086387634277e-01,1.939841359853744507e-01,1.633448730468750000e+03
4.268402159214019775e-01,2.120784521102905273e-01,2.589479492187500000e+03
6.714959144592285156e-01,3.066124618053436279e-01,4.076558349609375000e+03
6.529096364974975586e-01,2.634794116020202637e-01,9.310168945312500000e+03
3.483571410179138184e-01,1.478622555732727051e-01,1.234633178710937500e+03
4.359592795372009277e-01,1.819204390048980713e-01,7.784860351562500000e+03
5.557848215103149414e-01,2.429228872060775757e-01,3.967045166015625000e+03
1.095022678375244141e+00,2.672656774520874023e-01,5.325309570312500000e+03
4.568618237972259521e-01,2.282711267471313477e-01,3.574190673828125000e+03
3.776493966579437256e-01,1.563161164522171021e-01,1.251684814453125000e+03
8.234941363334655762e-01,3.393281102180480957e-01,7.319199218750000000e+03
4.083027243614196777e-01,1.735827326774597168e-01,2.317430419921875000e+03
5.053861737251281738e-01,2.166099697351455688e-01,6.151951660156250000e+03
4.781019091606140137e-01,2.302584499120712280e-01,5.189107910156250000e+03
7.023332118988037109e-01,2.888997197151184082e-01,1.990774291992187500e+03
5.874959230422973633e-01,2.600114047527313232e-01,2.141680908203125000e+03
5.029521584510803223e-01,2.156516015529632568e-01,5.539801269531250000e+03
4.906656742095947266e-01,2.080082744359970093e-01,6.717390136718750000e+03
6.114854216575622559e-01,2.427877336740493774e-01,8.222207031250000000e+03
1.017166614532470703e+00,3.863279819488525391e-01,1.590018945312500000e+04
5.136107206344604492e-01,2.116403579711914062e-01,3.745022216796875000e+03
9.340801239013671875e-01,3.643730580806732178e-01,5.332527343750000000e+04
6.588144302368164062e-01,2.718198299407958984e-01,8.472714843750000000e+03
7.017787098884582520e-01,3.082225918769836426e-01,6.331686523437500000e+03
5.284246206283569336e-01,2.275922000408172607e-01,9.278470703125000000e+03
1.181290984153747559e+00,2.986965775489807129e-01,5.577076660156250000e+03
5.778754353523254395e-01,2.378807067871093750e-01,1.337201074218750000e+04
7.899098396301269531e-01,3.955975770950317383e-01,4.912871093750000000e+03
8.875253200531005859e-01,3.680576086044311523e-01,1.880676757812500000e+04
9.408274292945861816e-01,3.729307651519775391e-01,1.996081835937500000e+04
3.699788153171539307e-01,1.383120119571685791e-01,1.491867431640625000e+03
6.601899266242980957e-01,2.850606739521026611e-01,5.397737304687500000e+03
6.916028261184692383e-01,2.838845252990722656e-01,4.569750976562500000e+03
8.568409085273742676e-01,3.163793683052062988e-01,5.584075195312500000e+03
4.147050976753234863e-01,1.842022985219955444e-01,5.169759277343750000e+03
7.834515571594238281e-01,3.156356513500213623e-01,3.324003173828125000e+03
4.018569588661193848e-01,1.664010584354400635e-01,2.193773925781250000e+03
8.146219849586486816e-01,3.061334788799285889e-01,1.428234667968750000e+04
5.667089223861694336e-01,2.155632078647613525e-01,9.379151367187500000e+03
9.202805757522583008e-01,3.436629474163055420e-01,2.248803515625000000e+04
7.269839048385620117e-01,2.933930754661560059e-01,4.447742187500000000e+03
5.012816190719604492e-01,2.035749703645706177e-01,1.052020019531250000e+04
8.545349836349487305e-01,3.832143545150756836e-01,1.840445117187500000e+04
7.906272411346435547e-01,3.447138667106628418e-01,4.611708984375000000e+03
8.864814639091491699e-01,3.429445624351501465e-01,7.435433593750000000e+03
5.398656129837036133e-01,2.355777025222778320e-01,4.274128417968750000e+03
1.039489150047302246e+00,2.470879554748535156e-01,7.629473632812500000e+03
3.631188571453094482e-01,1.531120836734771729e-01,1.674317504882812500e+03
8.890675902366638184e-01,3.389606177806854248e-01,6.170625976562500000e+03
7.727254033088684082e-01,2.301018387079238892e-01,1.615342578125000000e+04
5.293870568275451660e-01,2.483081966638565063e-01,2.764831787109375000e+03
6.466143727302551270e-01,3.223593831062316895e-01,1.808542236328125000e+03
6.323812007904052734e-01,2.555914521217346191e-01,1.019965527343750000e+04
3.967394828796386719e-01,1.682582795619964600e-01,1.555788696289062500e+03
5.449108481407165527e-01,2.509713470935821533e-01,2.197503417968750000e+03
5.426499247550964355e-01,2.343781292438507080e-01,6.149393554687500000e+03
4.226147532463073730e-01,2.350752800703048706e-01,1.137555053710937500e+03
1.139045000076293945e+00,4.010196924209594727e-01,6.204785546875000000e+04
7.684269547462463379e-01,3.631050586700439453e-01,3.417513671875000000e+03
7.408853173255920410e-01,3.593631088733673096e-01,5.052024414062500000e+03
4.936372637748718262e-01,1.860472261905670166e-01,3.989434814453125000e+03
8.535434603691101074e-01,3.668523132801055908e-01,5.594633789062500000e+03
4.327005743980407715e-01,1.776912808418273926e-01,3.387325683593750000e+03
4.151189327239990234e-01,1.758007556200027466e-01,1.330465942382812500e+03
5.129200816154479980e-01,1.988051086664199829e-01,4.282661132812500000e+03
6.811116337776184082e-01,2.908359467983245850e-01,2.647294921875000000e+03
8.430215120315551758e-01,3.575704693794250488e-01,1.045323437500000000e+04
3.520854413509368896e-01,1.346267610788345337e-01,2.519173828125000000e+03
6.772049665451049805e-01,3.075768053531646729e-01,1.270320214843750000e+04
5.241283774375915527e-01,2.079762369394302368e-01,4.114496093750000000e+03
5.865982174873352051e-01,2.301567494869232178e-01,2.194980224609375000e+03
4.343112111091613770e-01,1.935697495937347412e-01,1.860955444335937500e+03
7.899948954582214355e-01,3.620139062404632568e-01,7.827231445312500000e+03
9.705835580825805664e-01,3.900730609893798828e-01,9.821616210937500000e+03
5.952755808830261230e-01,2.296405434608459473e-01,3.433653564453125000e+03
8.730326890945434570e-01,3.438574075698852539e-01,9.460248413085937500e+02
4.265828728675842285e-01,1.792693883180618286e-01,2.675139404296875000e+03
5.128337740898132324e-01,1.990524679422378540e-01,2.747622558593750000e+03
4.892742633819580078e-01,2.092885076999664307e-01,2.008884887695312500e+03
1.221852540969848633e+00,7.488158345222473145e-02,6.314569824218750000e+03
5.613778233528137207e-01,2.517888247966766357e-01,1.598838745117187500e+03
4.693881571292877197e-01,1.885193139314651489e-01,9.780204101562500000e+03
1.067313075065612793e+00,3.907922804355621338e-01,3.723724609375000000e+04
7.692831754684448242e-01,2.860754728317260742e-01,2.805843945312500000e+04
4.324644505977630615e-01,1.788575798273086548e-01,2.996407714843750000e+03
3.183732628822326660e-01,1.189932376146316528e-01,1.442323486328125000e+03
1.110093712806701660e+00,3.927192687988281250e-01,5.244217968750000000e+04
1.060233831405639648e+00,3.834759593009948730e-01,2.823889257812500000e+04
5.687494277954101562e-01,2.296086847782135010e-01,1.390413671875000000e+04
8.197783231735229492e-01,3.388756811618804932e-01,4.640299316406250000e+03
4.609270691871643066e-01,1.912945210933685303e-01,2.118262939453125000e+03
1.062043309211730957e+00,3.894915878772735596e-01,1.052464355468750000e+04
5.958327651023864746e-01,2.672317922115325928e-01,3.106567626953125000e+03
4.553534388542175293e-01,1.773140579462051392e-01,3.168081787109375000e+03
5.524135828018188477e-01,2.158499211072921753e-01,2.654239501953125000e+03
7.138269543647766113e-01,3.367010354995727539e-01,2.528858642578125000e+03
6.684278249740600586e-01,3.267086148262023926e-01,2.734604492187500000e+03
7.889435887336730957e-01,3.438535630702972412e-01,8.402591796875000000e+03
4.719581604003906250e-01,1.924591809511184692e-01,2.323054931640625000e+03
9.604319334030151367e-01,3.744055330753326416e-01,8.797731445312500000e+03
6.621423959732055664e-01,2.815442383289337158e-01,2.843300537109375000e+03
6.573208570480346680e-01,2.642167508602142334e-01,5.321761718750000000e+03
7.697463631629943848e-01,3.109419643878936768e-01,3.182104736328125000e+03
3.081568479537963867e-01,1.354162693023681641e-01,2.165396484375000000e+03
8.907476663589477539e-01,3.685096800327301025e-01,1.211249140625000000e+05
4.403927028179168701e-01,1.727146953344345093e-01,1.300156127929687500e+03
7.054975032806396484e-01,2.065500169992446899e-01,3.077243164062500000e+03
1.133147358894348145e+00,3.946005105972290039e-01,5.897204296875000000e+04
6.876880526542663574e-01,3.251370787620544434e-01,2.384591308593750000e+03
8.459820151329040527e-01,2.967843413352966309e-01,2.532633056640625000e+03
9.969995617866516113e-01,3.898209035396575928e-01,2.982293945312500000e+04
7.250081896781921387e-01,3.325353562831878662e-01,7.489419921875000000e+03
4.374987483024597168e-01,2.123594135046005249e-01,4.344525878906250000e+03
6.156861782073974609e-01,2.350313961505889893e-01,6.120283203125000000e+03
6.393321752548217773e-01,2.786440551280975342e-01,9.742896484375000000e+03
6.897352933883666992e-01,2.993999719619750977e-01,8.363733398437500000e+03
3.944619297981262207e-01,1.683043688535690308e-01,2.258140625000000000e+03
8.806967139244079590e-01,3.570656776428222656e-01,1.623162304687500000e+04
5.971170067787170410e-01,2.701559662818908691e-01,1.689674560546875000e+03
1.058608531951904297e+00,3.775590062141418457e-01,3.252437695312500000e+04
1.030694484710693359e+00,3.277511000633239746e-01,2.416591308593750000e+03
8.673616647720336914e-01,4.154997467994689941e-01,2.521839599609375000e+03
4.879610240459442139e-01,2.046950161457061768e-01,4.229992675781250000e+03
6.733695268630981445e-01,2.780930697917938232e-01,1.376803125000000000e+04
6.509866714477539062e-01,3.293687403202056885e-01,1.507035522460937500e+03
6.126577854156494141e-01,2.589906454086303711e-01,3.812047607421875000e+03
8.701210618019104004e-01,3.957193791866302490e-01,3.537256347656250000e+03
5.011134743690490723e-01,2.120007723569869995e-01,1.762161865234375000e+03
4.925152063369750977e-01,1.942679435014724731e-01,3.287423583984375000e+03
7.008764147758483887e-01,3.018373847007751465e-01,4.367581542968750000e+03
4.988416135311126709e-01,2.244225293397903442e-01,2.904067871093750000e+03
6.374749541282653809e-01,2.713403999805450439e-01,3.726352539062500000e+03
8.579854369163513184e-01,3.394235968589782715e-01,3.087768945312500000e+04
4.715322256088256836e-01,1.843471229076385498e-01,4.211139648437500000e+03
6.247320771217346191e-01,2.469687014818191528e-01,5.855212890625000000e+03
5.367798209190368652e-01,2.971209287643432617e-01,6.874663696289062500e+02
3.833851814270019531e-01,1.551926732063293457e-01,1.441213500976562500e+03
7.471266388893127441e-01,3.098654448986053467e-01,4.797522656250000000e+04
3.825463056564331055e-01,1.539967656135559082e-01,1.659715454101562500e+03
3.969488143920898438e-01,1.812467128038406372e-01,1.654739135742187500e+03
5.158246755599975586e-01,2.161927223205566406e-01,3.590364746093750000e+03
5.751836299896240234e-01,2.372828722000122070e-01,4.220989257812500000e+03
5.089147090911865234e-01,2.317348569631576538e-01,4.505671875000000000e+03
2.912829220294952393e-01,1.166638508439064026e-01,1.692325073242187500e+03
5.423496961593627930e-01,1.975434720516204834e-01,2.608569335937500000e+03
5.516098141670227051e-01,2.574216723442077637e-01,1.505054687500000000e+03
7.541009783744812012e-01,3.360798656940460205e-01,1.804338745117187500e+03
6.729067564010620117e-01,3.285075128078460693e-01,1.762674316406250000e+03
1.140452146530151367e+00,3.969916999340057373e-01,2.961058789062500000e+04
8.662741184234619141e-01,3.864527642726898193e-01,7.846537109375000000e+03
5.587000250816345215e-01,2.545294761657714844e-01,4.338866699218750000e+03
7.026358246803283691e-01,2.309273928403854370e-01,2.511046875000000000e+03
6.317542195320129395e-01,2.838337719440460205e-01,6.626341796875000000e+03
7.925755381584167480e-01,3.663472831249237061e-01,1.094745703125000000e+04
4.576744735240936279e-01,1.995600014925003052e-01,4.530915039062500000e+03
7.460892200469970703e-01,3.015412688255310059e-01,7.214602343750000000e+04
5.478162765502929688e-01,2.293651401996612549e-01,2.917780517578125000e+03
8.364214897155761719e-01,3.279237449169158936e-01,3.541375390625000000e+04
1.016962528228759766e+00,3.927955031394958496e-01,1.310111523437500000e+04
9.409719109535217285e-01,3.882218599319458008e-01,1.747072656250000000e+04
7.600236535072326660e-01,3.144403696060180664e-01,4.701071777343750000e+03
8.184766769409179688e-01,3.522181510925292969e-01,9.793993164062500000e+03
5.694010853767395020e-01,2.331665456295013428e-01,3.349779541015625000e+03
8.971566557884216309e-01,3.603873848915100098e-01,1.621609531250000000e+05
3.314938247203826904e-01,1.456462889909744263e-01,1.839331542968750000e+03
6.273064017295837402e-01,2.868911027908325195e-01,2.289781005859375000e+03
6.990271210670471191e-01,3.296207189559936523e-01,2.563109863281250000e+03
6.383463740348815918e-01,2.605560421943664551e-01,4.530739746093750000e+03
9.817230701446533203e-01,2.710499763488769531e-01,3.173987792968750000e+03
7.623686790466308594e-01,3.024568557739257812e-01,2.618188720703125000e+03
3.908165693283081055e-01,1.684778928756713867e-01,1.897816040039062500e+03
6.854428052902221680e-01,3.025102019309997559e-01,3.756280273437500000e+03
4.080680310726165771e-01,1.911743879318237305e-01,4.740958496093750000e+03
3.875057995319366455e-01,1.698169559240341187e-01,8.800856323242187500e+02
6.030307412147521973e-01,2.587860822677612305e-01,2.976444824218750000e+03
1.112561702728271484e+00,4.041328430175781250e-01,1.951548242187500000e+04
6.019452214241027832e-01,2.435960471630096436e-01,4.591494628906250000e+03
1.135552763938903809e+00,3.992438018321990967e-01,4.164564062500000000e+04
4.767350256443023682e-01,2.068212777376174927e-01,2.569516601562500000e+03
7.925612926483154297e-01,3.175923526287078857e-01,5.684981933593750000e+03
6.185771226882934570e-01,2.457085102796554565e-01,1.166472753906250000e+04
4.159468114376068115e-01,2.040205001831054688e-01,1.670187622070312500e+03
5.912091135978698730e-01,2.380142509937286377e-01,6.875354003906250000e+03
9.912369847297668457e-01,3.978510499000549316e-01,6.338309570312500000e+03
1.266910552978515625e+00,7.141599804162979126e-02,6.591003417968750000e+03
4.523140490055084229e-01,1.964479237794876099e-01,1.478160644531250000e+03
8.685154318809509277e-01,3.858877718448638916e-01,5.070127441406250000e+03
7.020444273948669434e-01,2.636782228946685791e-01,1.452233691406250000e+04
6.331441402435302734e-01,2.514100670814514160e-01,2.975291503906250000e+03
6.855292320251464844e-01,2.904196977615356445e-01,2.613149414062500000e+04
4.731118381023406982e-01,1.999637037515640259e-01,6.593605468750000000e+03
4.892463684082031250e-01,2.118202596902847290e-01,3.625798095703125000e+03
7.248284220695495605e-01,3.349004089832305908e-01,2.646547363281250000e+03
8.109818696975708008e-01,3.560460507869720459e-01,7.279548828125000000e+03
6.067526936531066895e-01,2.760434150695800781e-01,2.020475341796875000e+03
8.653419613838195801e-01,3.636959791183471680e-01,1.341218457031250000e+04
1.055788040161132812e+00,1.203811392188072205e-01,5.217194335937500000e+03
9.563724994659423828e-01,3.783864676952362061e-01,1.436142773437500000e+04
5.924836993217468262e-01,2.462223619222640991e-01,1.403150195312500000e+04
7.120128870010375977e-01,2.948124706745147705e-01,3.054831298828125000e+03
5.895526409149169922e-01,3.240569233894348145e-01,1.210053588867187500e+03
5.150239467620849609e-01,2.130873650312423706e-01,1.455231811523437500e+03
8.428740501403808594e-01,3.406721651554107666e-01,4.268809765625000000e+04
5.921158194541931152e-01,2.509529292583465576e-01,4.287525878906250000e+03
4.494185447692871094e-01,1.949621289968490601e-01,2.041502075195312500e+03
6.056774258613586426e-01,2.878282368183135986e-01,3.268494384765625000e+03
4.846760034561157227e-01,2.150438278913497925e-01,4.816955566406250000e+03
6.745982766151428223e-01,8.794409036636352539e-02,3.309274658203125000e+03
4.372195601463317871e-01,1.921295076608657837e-01,3.829679931640625000e+03
4.140278100967407227e-01,1.871694177389144897e-01,1.490291748046875000e+03
8.136028647422790527e-01,3.187209069728851318e-01,7.837503417968750000e+03
6.162469983100891113e-01,2.764347791671752930e-01,6.949452636718750000e+03
4.518952369689941406e-01,1.754782795906066895e-01,5.675793945312500000e+03
9.787319898605346680e-01,3.677825927734375000e-01,3.343531250000000000e+04
6.745440959930419922e-01,3.057442307472229004e-01,3.978625000000000000e+03
6.676281094551086426e-01,3.054213225841522217e-01,3.076174609375000000e+04
6.950833797454833984e-01,3.014044761657714844e-01,2.038876220703125000e+03
6.176549792289733887e-01,2.384068667888641357e-01,3.316676269531250000e+03
7.034916877746582031e-01,2.815254032611846924e-01,1.433733496093750000e+04
6.679549217224121094e-01,2.675443589687347412e-01,1.932886132812500000e+04
4.927573800086975098e-01,2.299698442220687866e-01,2.197961425781250000e+03
4.673786461353302002e-01,2.124142646789550781e-01,1.730179687500000000e+03
6.818624138832092285e-01,2.998101413249969482e-01,3.776542480468750000e+03
7.669416666030883789e-01,3.070830106735229492e-01,8.952248046875000000e+03
5.626788735389709473e-01,2.485701888799667358e-01,5.599713378906250000e+03
6.161893606185913086e-01,2.692123949527740479e-01,7.468390625000000000e+03
3.599263131618499756e-01,1.551201343536376953e-01,3.068934814453125000e+03
5.911451578140258789e-01,2.267169207334518433e-01,1.089612500000000000e+04
6.585464477539062500e-01,2.601392567157745361e-01,5.257339843750000000e+03
7.894767522811889648e-01,3.294683992862701416e-01,8.408921875000000000e+04
4.392901360988616943e-01,1.880883276462554932e-01,4.208140625000000000e+03
7.387984395027160645e-01,3.168558180332183838e-01,5.323811523437500000e+03
6.196171045303344727e-01,2.695139646530151367e-01,4.823904785156250000e+03
1.136292457580566406e+00,3.960996270179748535e-01,6.501600585937500000e+03
9.817977547645568848e-01,3.733374774456024170e-01,6.481424316406250000e+03
3.471032977104187012e-01,1.311736851930618286e-01,1.973973388671875000e+03
6.473485231399536133e-01,2.662065029144287109e-01,5.030367675781250000e+03
7.975118756294250488e-01,3.067130446434020996e-01,7.813857910156250000e+03
4.316431879997253418e-01,1.645416468381881714e-01,5.451095703125000000e+03
7.844108939170837402e-01,3.602809309959411621e-01,6.557840820312500000e+03
8.567824363708496094e-01,3.512993156909942627e-01,4.961603515625000000e+03
5.725411772727966309e-01,2.179053872823715210e-01,9.470123046875000000e+03
5.729358196258544922e-01,2.183633148670196533e-01,1.250716406250000000e+04
6.685405373573303223e-01,3.284989893436431885e-01,5.096774414062500000e+03
6.610549092292785645e-01,2.892097234725952148e-01,2.043754101562500000e+04
6.618533730506896973e-01,2.680749297142028809e-01,1.558990722656250000e+04
7.273541092872619629e-01,2.019793391227722168e-01,4.396832031250000000e+03
7.687936425209045410e-01,3.379496634006500244e-01,1.075102832031250000e+04
7.134805917739868164e-01,2.569218277931213379e-01,3.152109619140625000e+03
8.191545605659484863e-01,3.946982920169830322e-01,2.869151123046875000e+03
6.056137681007385254e-01,2.777779996395111084e-01,8.592743164062500000e+03
6.467860341072082520e-01,2.727656066417694092e-01,5.731856445312500000e+03
4.278189241886138916e-01,1.657719314098358154e-01,4.327841308593750000e+03
6.450254321098327637e-01,2.489010542631149292e-01,1.938936914062500000e+04
7.319616675376892090e-01,3.472511172294616699e-01,5.016198242187500000e+03
8.003526329994201660e-01,3.411367237567901611e-01,1.222418164062500000e+04
1.067774891853332520e+00,3.390721678733825684e-01,1.171289916992187500e+03
8.322390913963317871e-01,3.442230820655822754e-01,3.281941015625000000e+04
6.196774840354919434e-01,2.445749342441558838e-01,6.135904785156250000e+03
6.262429952621459961e-01,3.122920095920562744e-01,1.798945434570312500e+03
5.002475380897521973e-01,2.140166908502578735e-01,1.626107910156250000e+03
7.000358700752258301e-01,2.894075512886047363e-01,4.607575683593750000e+03
7.543085813522338867e-01,2.926440238952636719e-01,5.866880859375000000e+03
6.447030305862426758e-01,3.017101585865020752e-01,2.635950683593750000e+03
3.394776582717895508e-01,1.310945600271224976e-01,2.528841796875000000e+03
8.001318573951721191e-01,3.320136964321136475e-01,7.690492187500000000e+03
6.167000532150268555e-01,2.437743246555328369e-01,1.838657617187500000e+04
8.543591499328613281e-01,3.937136828899383545e-01,1.165408300781250000e+04
5.188013315200805664e-01,2.794364392757415771e-01,3.307451904296875000e+03
9.480229020118713379e-01,3.583883643150329590e-01,4.914432421875000000e+04
4.312931895256042480e-01,1.690287590026855469e-01,2.418329345703125000e+03
8.701703548431396484e-01,3.951344788074493408e-01,3.753825195312500000e+03
5.814172029495239258e-01,2.296019494533538818e-01,3.675034667968750000e+03
4.380198419094085693e-01,1.739729940891265869e-01,5.425607421875000000e+03
5.978199839591979980e-01,2.427212297916412354e-01,3.674086181640625000e+03
6.570662260055541992e-01,2.787841260433197021e-01,5.472709472656250000e+03
9.875795841217041016e-01,4.011858701705932617e-01,1.347433105468750000e+04
7.528368234634399414e-01,3.262439072132110596e-01,6.029061718750000000e+04
6.510483622550964355e-01,2.913171947002410889e-01,2.138268310546875000e+03
4.176757037639617920e-01,1.766112297773361206e-01,1.211481445312500000e+03
5.051612854003906250e-01,2.049347758293151855e-01,2.683032226562500000e+03
5.344418287277221680e-01,1.969435960054397583e-01,1.049117089843750000e+04
8.707491755485534668e-01,1.918025612831115723e-01,4.411802246093750000e+03
6.220700740814208984e-01,2.326162755489349365e-01,1.892389282226562500e+03
9.268026947975158691e-01,3.643583953380584717e-01,5.725135546875000000e+04
1.098360538482666016e+00,3.948474526405334473e-01,2.974789648437500000e+04
5.013963580131530762e-01,2.447011917829513550e-01,2.272312500000000000e+03
8.083006739616394043e-01,4.046555757522583008e-01,4.542859375000000000e+03
7.261020541191101074e-01,2.752086520195007324e-01,4.337016015625000000e+04
5.954271554946899414e-01,2.670428752899169922e-01,2.539393310546875000e+03
1.120558977127075195e+00,3.943414688110351562e-01,7.732192382812500000e+03
8.716032505035400391e-01,3.780539333820343018e-01,1.245275683593750000e+04
9.126433730125427246e-01,3.573198616504669189e-01,1.110046093750000000e+04
4.442833662033081055e-01,1.696533113718032837e-01,4.255043457031250000e+03
4.541694223880767822e-01,1.804962307214736938e-01,5.061826171875000000e+03
5.664125680923461914e-01,2.512800693511962891e-01,3.009283447265625000e+03
4.594526886940002441e-01,1.959407925605773926e-01,2.032065063476562500e+03
5.529452562332153320e-01,2.536172568798065186e-01,3.055760498046875000e+03
6.431463956832885742e-01,2.198392152786254883e-01,3.625881835937500000e+03
5.087955594062805176e-01,2.057324796915054321e-01,3.545461669921875000e+03
8.784488439559936523e-01,3.654096126556396484e-01,1.581508789062500000e+04
5.734095573425292969e-01,2.311406284570693970e-01,3.661318359375000000e+03
4.785316884517669678e-01,2.309710979461669922e-01,1.879184082031250000e+03
1.070236086845397949e+00,4.012314379215240479e-01,4.403929687500000000e+04
8.136178255081176758e-01,3.154750764369964600e-01,9.349964843750000000e+03
5.778092145919799805e-01,2.427561581134796143e-01,2.162342285156250000e+03
5.207669138908386230e-01,2.326135635375976562e-01,4.430560058593750000e+03
9.691212177276611328e-01,3.689280748367309570e-01,1.711332421875000000e+04
5.575492978096008301e-01,2.384896427392959595e-01,4.819384277343750000e+03
6.525118947029113770e-01,2.338959127664566040e-01,4.204986328125000000e+03
5.823109745979309082e-01,2.522936761379241943e-01,3.030417480468750000e+03
5.531609654426574707e-01,2.210277915000915527e-01,5.321493652343750000e+03
4.860211908817291260e-01,2.075206041336059570e-01,1.933177001953125000e+03
6.619971394538879395e-01,3.348183035850524902e-01,2.263339843750000000e+03
1.107740879058837891e+00,2.788195908069610596e-01,3.802092529296875000e+03
7.036137580871582031e-01,2.882350385189056396e-01,3.837908691406250000e+03
4.838120043277740479e-01,1.994478255510330200e-01,2.404307861328125000e+03
5.366199016571044922e-01,2.420559227466583252e-01,8.369644531250000000e+03
4.441185593605041504e-01,1.746583878993988037e-01,2.612382617187500000e+04
7.159897089004516602e-01,3.415693044662475586e-01,2.751928466796875000e+03
5.871414542198181152e-01,2.452988177537918091e-01,3.987330810546875000e+03
3.979148268699645996e-01,1.599484533071517944e-01,2.021311645507812500e+03
5.083102583885192871e-01,2.278994023799896240e-01,1.272096313476562500e+03
4.277106225490570068e-01,1.779824346303939819e-01,1.349905517578125000e+03
6.675988435745239258e-01,2.705364227294921875e-01,1.283258691406250000e+04
9.435865283012390137e-01,8.264310657978057861e-02,4.834966308593750000e+03
7.471665740013122559e-01,3.158053159713745117e-01,7.373744140625000000e+03
7.384597659111022949e-01,3.170600533485412598e-01,1.160943945312500000e+04
3.586282134056091309e-01,1.412501633167266846e-01,8.986654663085937500e+02
7.138312458992004395e-01,2.541249692440032959e-01,6.815687011718750000e+03
6.528570652008056641e-01,2.613953053951263428e-01,1.339420312500000000e+04
3.545199930667877197e-01,1.600188016891479492e-01,2.068141113281250000e+03
5.761061310768127441e-01,2.791186869144439697e-01,1.350064575195312500e+03
7.412073612213134766e-01,3.134607076644897461e-01,1.189561132812500000e+04
7.649981379508972168e-01,3.628271818161010742e-01,1.996618164062500000e+03
8.290629982948303223e-01,3.382537066936492920e-01,5.551453515625000000e+04
7.615517377853393555e-01,3.296081423759460449e-01,1.144548925781250000e+04
9.759881496429443359e-01,3.875416517257690430e-01,2.436167968750000000e+04
9.399215579032897949e-01,3.708228468894958496e-01,6.157458203125000000e+04
7.920895218849182129e-01,2.896594405174255371e-01,5.659473632812500000e+03
1.019764661788940430e+00,3.891192078590393066e-01,1.245426250000000000e+05
4.367929100990295410e-01,1.872787624597549438e-01,1.551941650390625000e+03
3.563183546066284180e-01,1.511320471763610840e-01,2.758211669921875000e+03
5.257388353347778320e-01,2.182219028472900391e-01,2.717145019531250000e+03
9.311427474021911621e-01,3.815004229545593262e-01,1.278884472656250000e+04
8.178588747978210449e-01,3.158733248710632324e-01,1.652261328125000000e+04
4.623258411884307861e-01,2.470459789037704468e-01,1.744611572265625000e+03
3.460178673267364502e-01,1.421093195676803589e-01,1.896814819335937500e+03
4.569566547870635986e-01,1.756202131509780884e-01,1.665511962890625000e+03
7.188667058944702148e-01,3.111659884452819824e-01,5.796195312500000000e+03
6.003550887107849121e-01,2.780280411243438721e-01,2.686477783203125000e+03
6.928108334541320801e-01,2.747762501239776611e-01,4.466021093750000000e+04
5.824036002159118652e-01,2.298545241355895996e-01,3.988116699218750000e+03
6.700972318649291992e-01,3.085524737834930420e-01,8.045833496093750000e+03
6.578539609909057617e-01,2.664449810981750488e-01,8.370276367187500000e+03
6.879231333732604980e-01,3.020664751529693604e-01,1.549777734375000000e+04
7.001816630363464355e-01,2.864386439323425293e-01,7.183000781250000000e+04
5.282393097877502441e-01,2.191768139600753784e-01,3.321008300781250000e+03
5.683624744415283203e-01,2.175609469413757324e-01,4.569494140625000000e+03
5.392739772796630859e-01,2.529910802841186523e-01,1.252414916992187500e+03
5.764208436012268066e-01,2.477435469627380371e-01,4.648531250000000000e+03
6.193733215332031250e-01,2.672685682773590088e-01,1.644972412109375000e+03
5.906888842582702637e-01,2.802682220935821533e-01,1.209413940429687500e+03
5.374176502227783203e-01,2.133132666349411011e-01,7.387238769531250000e+03
7.121040225028991699e-01,2.985558211803436279e-01,6.213916992187500000e+03
6.772032976150512695e-01,2.812116444110870361e-01,7.303451660156250000e+03
7.852395772933959961e-01,3.362366259098052979e-01,3.792696533203125000e+03
7.513989210128784180e-01,3.417900502681732178e-01,5.997149902343750000e+03
5.427306294441223145e-01,2.321648895740509033e-01,6.015578125000000000e+03
2.993915081024169922e-01,1.161974072456359863e-01,1.559324462890625000e+03
5.397104024887084961e-01,2.316832244396209717e-01,3.300404052734375000e+03
7.560007572174072266e-01,3.264191448688507080e-01,7.000885742187500000e+03
2.901493906974792480e-01,1.164033785462379456e-01,9.629204101562500000e+02
1.139368295669555664e+00,3.973145782947540283e-01,1.715659179687500000e+04
8.243775367736816406e-01,3.258135616779327393e-01,1.041556445312500000e+04
6.242676973342895508e-01,2.438984811305999756e-01,8.238850585937500000e+03
1.209911346435546875e+00,7.495974749326705933e-02,6.936470214843750000e+03
7.885427474975585938e-01,3.465262949466705322e-01,1.205696777343750000e+04
6.606198549270629883e-01,2.687523066997528076e-01,6.283281738281250000e+03
6.372119784355163574e-01,2.993849217891693115e-01,5.657548339843750000e+03
7.980788946151733398e-01,3.133563697338104248e-01,7.487053222656250000e+03
5.315645933151245117e-01,2.080561667680740356e-01,1.734994506835937500e+03
4.923186600208282471e-01,2.141086608171463013e-01,2.125954101562500000e+03
5.236656069755554199e-01,2.501959800720214844e-01,3.314961669921875000e+03
6.294611692428588867e-01,2.502016425132751465e-01,3.475079833984375000e+03
5.670230984687805176e-01,2.209623157978057861e-01,2.267046630859375000e+03
5.876099467277526855e-01,2.366942167282104492e-01,3.372041992187500000e+03
7.914152145385742188e-01,3.329457938671112061e-01,5.934014160156250000e+03
6.904100775718688965e-01,2.777246534824371338e-01,7.167721679687500000e+03
9.041166305541992188e-01,4.170434772968292236e-01,8.757324218750000000e+03
7.923613190650939941e-01,2.169847637414932251e-01,1.734815673828125000e+03
5.301024913787841797e-01,2.107975780963897705e-01,3.537211425781250000e+03
4.539276361465454102e-01,2.274235486984252930e-01,1.887984985351562500e+03
5.065864324569702148e-01,2.244773507118225098e-01,2.781388183593750000e+03
7.305932044982910156e-01,3.073056936264038086e-01,1.166108886718750000e+04
3.976700901985168457e-01,1.537285447120666504e-01,1.836417968750000000e+03
1.092502832412719727e+00,4.039047360420227051e-01,3.706458984375000000e+04
3.888638317584991455e-01,1.552845537662506104e-01,1.908918823242187500e+03
1.042447209358215332e+00,3.820654749870300293e-01,8.282496875000000000e+04
3.869127929210662842e-01,1.672984808683395386e-01,1.913337890625000000e+03
7.203884124755859375e-01,3.448164761066436768e-01,2.330362304687500000e+03
5.198376774787902832e-01,2.568299770355224609e-01,2.762602539062500000e+03
5.153223276138305664e-01,2.227981537580490112e-01,3.048092529296875000e+03
6.042027473449707031e-01,2.954581677913665771e-01,4.773975585937500000e+03
7.918818593025207520e-01,3.113665580749511719e-01,1.227585742187500000e+04
5.227038860321044922e-01,2.190221697092056274e-01,2.901729492187500000e+03
3.287333250045776367e-01,1.275077909231185913e-01,2.556664550781250000e+03
6.926305294036865234e-01,3.009760975837707520e-01,2.045296289062500000e+04
6.419392824172973633e-01,2.855162322521209717e-01,5.223093750000000000e+03
1.000967860221862793e+00,3.684093952178955078e-01,7.889333007812500000e+03
5.615446567535400391e-01,2.366280853748321533e-01,4.212550292968750000e+03
3.929179906845092773e-01,1.666147112846374512e-01,5.294128906250000000e+03
3.396508097648620605e-01,1.288438439369201660e-01,2.317601318359375000e+03
4.884335994720458984e-01,1.984412521123886108e-01,1.769013671875000000e+03
1.017358064651489258e+00,3.800553977489471436e-01,3.563058593750000000e+04
6.155472993850708008e-01,2.625451982021331787e-01,1.420785058593750000e+04
4.481996595859527588e-01,2.080857008695602417e-01,1.555766235351562500e+03
7.480133771896362305e-01,3.063039481639862061e-01,2.591417187500000000e+04
5.389780402183532715e-01,2.491483092308044434e-01,3.000095214843750000e+03
6.512241363525390625e-01,2.975774109363555908e-01,4.693758203125000000e+04
1.030492424964904785e+00,3.809603154659271240e-01,3.868651562500000000e+04
8.455443382263183594e-01,3.399512469768524170e-01,1.663977734375000000e+04
8.412149548530578613e-01,3.334516584873199463e-01,9.816687500000000000e+04
3.519803583621978760e-01,1.372980326414108276e-01,2.851447265625000000e+03
5.720938444137573242e-01,2.571108043193817139e-01,2.375635253906250000e+03
1.136469364166259766e+00,3.976628184318542480e-01,9.149962500000000000e+04
3.611245751380920410e-01,1.265255212783813477e-01,1.557816894531250000e+03
7.650826573371887207e-01,3.537985980510711670e-01,4.813547851562500000e+03
8.380863070487976074e-01,2.618995308876037598e-01,9.758341796875000000e+03
7.276217341423034668e-01,2.787846922874450684e-01,3.521851562500000000e+03
1.039352178573608398e+00,3.744598627090454102e-01,2.752933984375000000e+04
4.725942611694335938e-01,1.974048614501953125e-01,3.369016357421875000e+03
5.071644186973571777e-01,1.834935843944549561e-01,3.390796142578125000e+03
5.455841422080993652e-01,2.577833533287048340e-01,2.770157714843750000e+03
3.941464424133300781e-01,1.402541697025299072e-01,2.125431640625000000e+03
9.077081084251403809e-01,3.619061708450317383e-01,2.358867968750000000e+04
1.053993463516235352e+00,3.512698709964752197e-01,7.823497924804687500e+02
9.035335183143615723e-01,2.279369980096817017e-01,3.140075195312500000e+03
8.567999005317687988e-01,3.712803721427917480e-01,3.754555419921875000e+03
9.046685099601745605e-01,3.730452656745910645e-01,3.047686718750000000e+04
3.939576447010040283e-01,1.530674099922180176e-01,2.296465576171875000e+03
6.436768174171447754e-01,2.740750312805175781e-01,1.089354199218750000e+04
1.065498471260070801e+00,3.916708528995513916e-01,6.095960937500000000e+04
5.839084982872009277e-01,2.679478228092193604e-01,2.127047607421875000e+03
7.441034317016601562e-01,3.007772862911224365e-01,6.016262207031250000e+03
7.880476713180541992e-01,3.245314955711364746e-01,4.200250000000000000e+03
6.261290907859802246e-01,2.723841667175292969e-01,3.160476074218750000e+03
6.132885217666625977e-01,2.395539134740829468e-01,1.203489453125000000e+04
6.461119651794433594e-01,2.752010822296142578e-01,1.542668554687500000e+04
6.166377663612365723e-01,2.434269636869430542e-01,6.095352539062500000e+03
5.321395993232727051e-01,2.106465846300125122e-01,3.591588378906250000e+03
7.170664072036743164e-01,3.384861648082733154e-01,2.769714111328125000e+03
2.648676633834838867e-01,9.758296608924865723e-02,1.385888671875000000e+03
7.473253607749938965e-01,3.271150588989257812e-01,1.286257519531250000e+04
8.468814492225646973e-01,1.769375950098037720e-01,1.378846069335937500e+03
4.807559847831726074e-01,2.549177706241607666e-01,1.242170898437500000e+03
5.182054042816162109e-01,2.252663522958755493e-01,2.836399169921875000e+03
4.720847010612487793e-01,2.507975995540618896e-01,2.125447753906250000e+03
7.541497349739074707e-01,3.249059915542602539e-01,5.689015136718750000e+03
3.076284229755401611e-01,1.046032086014747620e-01,1.754215698242187500e+03
4.368970990180969238e-01,1.876787692308425903e-01,4.384061523437500000e+03
5.240789055824279785e-01,2.153830677270889282e-01,2.557960693359375000e+03
4.088890552520751953e-01,1.638130247592926025e-01,2.107501464843750000e+03
8.236272931098937988e-01,3.494810760021209717e-01,1.180087109375000000e+04
5.870888829231262207e-01,2.354158759117126465e-01,1.043063671875000000e+04
1.029597401618957520e+00,3.878820240497589111e-01,3.440653125000000000e+04
1.033011078834533691e+00,3.286687731742858887e-01,1.753458374023437500e+03
4.939012229442596436e-01,1.911634057760238647e-01,6.293622558593750000e+03
4.494794309139251709e-01,1.741788983345031738e-01,2.699895263671875000e+03
6.362740397453308105e-01,2.910073399543762207e-01,1.899608398437500000e+03
6.410161256790161133e-01,2.249061465263366699e-01,5.080286621093750000e+03
7.201114296913146973e-01,3.288823664188385010e-01,3.512630371093750000e+03
8.345031738281250000e-01,3.256272375583648682e-01,2.049944091796875000e+03
6.105117201805114746e-01,2.733823955059051514e-01,4.701125976562500000e+03
7.151828408241271973e-01,2.847262620925903320e-01,4.886199218750000000e+03
6.173905730247497559e-01,2.653149664402008057e-01,2.274355712890625000e+03
5.636713504791259766e-01,2.291895896196365356e-01,3.907577392578125000e+03
3.920698165893554688e-01,1.672108173370361328e-01,2.193886718750000000e+03
3.521661460399627686e-01,1.403126716613769531e-01,2.449474853515625000e+03
4.000980556011199951e-01,1.707271039485931396e-01,1.817868652343750000e+03
6.449034810066223145e-01,2.611817121505737305e-01,4.956045898437500000e+03
5.420894026756286621e-01,2.439973056316375732e-01,1.614493164062500000e+03
4.865466058254241943e-01,2.024325877428054810e-01,2.917364257812500000e+03
5.993561148643493652e-01,2.688394486904144287e-01,2.300347900390625000e+03
4.141791462898254395e-01,1.702284216880798340e-01,2.809881347656250000e+03
6.166277527809143066e-01,2.814903557300567627e-01,3.476715332031250000e+03
7.404848933219909668e-01,3.125858008861541748e-01,1.026488281250000000e+04
7.958453297615051270e-01,2.806059718132019043e-01,6.398358886718750000e+03
8.424039483070373535e-01,3.533049225807189941e-01,3.685232666015625000e+03
5.629104971885681152e-01,2.392296642065048218e-01,4.101542480468750000e+03
7.093666791915893555e-01,3.349791467189788818e-01,3.097471923828125000e+03
6.390864849090576172e-01,2.595559358596801758e-01,8.663339843750000000e+03
7.352570891380310059e-01,3.447492420673370361e-01,3.036954101562500000e+03
1.102414965629577637e+00,3.703082501888275146e-01,2.517695068359375000e+03
1.139284610748291016e+00,4.001719653606414795e-01,6.167067968750000000e+04
5.307919979095458984e-01,2.332126945257186890e-01,5.366107910156250000e+03
4.823004901409149170e-01,2.057044804096221924e-01,2.123206542968750000e+03
9.589558839797973633e-01,3.887576460838317871e-01,8.058687500000000000e+03
7.627732157707214355e-01,3.634695112705230713e-01,2.680803125000000000e+04
5.723772644996643066e-01,2.221421003341674805e-01,5.270151855468750000e+03
5.412753224372863770e-01,2.060533314943313599e-01,6.338014160156250000e+03
8.293293118476867676e-01,3.689662814140319824e-01,4.489211425781250000e+03
9.223862886428833008e-01,3.870570063591003418e-01,1.884864648437500000e+04
6.212381720542907715e-01,2.514799237251281738e-01,5.997211914062500000e+03
4.460845887660980225e-01,1.973375231027603149e-01,1.566395019531250000e+03
9.404205679893493652e-01,3.750160634517669678e-01,2.755178710937500000e+04
6.912137866020202637e-01,3.194257020950317383e-01,3.772200439453125000e+03
1.068417787551879883e+00,3.872756063938140869e-01,4.644648925781250000e+03
3.166509270668029785e-01,1.289748847484588623e-01,1.314595458984375000e+03
5.465860366821289062e-01,2.203349918127059937e-01,1.522478906250000000e+04
4.489327669143676758e-01,1.855003088712692261e-01,2.739195556640625000e+03
7.066325545310974121e-01,3.426829874515533447e-01,2.775503906250000000e+03
6.546610593795776367e-01,2.897122204303741455e-01,3.215665771484375000e+03
6.268161535263061523e-01,2.271139919757843018e-01,1.271066528320312500e+03
9.033586382865905762e-01,3.532076776027679443e-01,1.159185351562500000e+04
3.484629094600677490e-01,1.348726451396942139e-01,1.034445190429687500e+03
8.646283745765686035e-01,3.754921853542327881e-01,3.812826171875000000e+03
9.005832076072692871e-01,2.763952016830444336e-01,5.307243652343750000e+03
6.652628183364868164e-01,2.528690397739410400e-01,5.637627929687500000e+03
4.502450525760650635e-01,1.697708070278167725e-01,2.692493896484375000e+03
8.076346516609191895e-01,3.647200167179107666e-01,6.429979492187500000e+03
5.390844345092773438e-01,2.106195688247680664e-01,5.352792968750000000e+03
1.011746048927307129e+00,3.822980821132659912e-01,6.991409179687500000e+03
7.580465674400329590e-01,3.371484577655792236e-01,5.083698730468750000e+03
5.408372879028320312e-01,1.861940920352935791e-01,2.493830566406250000e+03
4.919495284557342529e-01,2.017519176006317139e-01,3.361558349609375000e+03
5.935321450233459473e-01,2.569081187248229980e-01,3.105217773437500000e+03
1.002066850662231445e+00,3.494229018688201904e-01,5.132002441406250000e+03
4.792481362819671631e-01,1.988765448331832886e-01,2.050761962890625000e+03
6.761240363121032715e-01,2.662609815597534180e-01,3.411263427734375000e+03
5.459319353103637695e-01,2.148714512586593628e-01,1.619572021484375000e+03
7.912671566009521484e-01,3.176442086696624756e-01,2.079927343750000000e+04
7.395664453506469727e-01,3.357539474964141846e-01,3.421193603515625000e+03
6.782755255699157715e-01,2.960821390151977539e-01,4.739588867187500000e+03
7.884240746498107910e-01,3.404616117477416992e-01,7.817172851562500000e+03
5.391013622283935547e-01,2.269437760114669800e-01,3.787767578125000000e+03
5.150380134582519531e-01,2.063605040311813354e-01,6.016617675781250000e+03
5.236831307411193848e-01,1.975783407688140869e-01,4.534738769531250000e+03
4.541347324848175049e-01,1.922539621591567993e-01,1.927641479492187500e+03
5.142143368721008301e-01,2.282254993915557861e-01,1.022818420410156250e+03
6.306625008583068848e-01,2.957408428192138672e-01,3.056870849609375000e+03
5.316107869148254395e-01,2.543428838253021240e-01,3.673703369140625000e+03
6.105322241783142090e-01,2.439434230327606201e-01,4.557550781250000000e+03
4.238356649875640869e-01,1.850960403680801392e-01,5.822007812500000000e+03
6.405900716781616211e-01,2.568305432796478271e-01,4.301813964843750000e+03
6.290218234062194824e-01,2.787073552608489990e-01,9.763963867187500000e+03
5.036208033561706543e-01,2.078692018985748291e-01,9.603972656250000000e+03
7.798469066619873047e-01,3.388437330722808838e-01,3.375375244140625000e+03
5.390496850013732910e-01,2.494649291038513184e-01,5.803408203125000000e+03
6.946994066238403320e-01,3.047725558280944824e-01,2.441758789062500000e+03
5.270587205886840820e-01,2.239104360342025757e-01,4.729012695312500000e+03
8.253621459007263184e-01,3.727333545684814453e-01,2.882796484375000000e+04
5.636916756629943848e-01,2.284940183162689209e-01,3.031628173828125000e+03
3.103891909122467041e-01,1.275530159473419189e-01,3.780919189453125000e+03
4.467155039310455322e-01,1.811127364635467529e-01,4.917961425781250000e+03
1.007166147232055664e+00,3.298687636852264404e-01,4.965868652343750000e+03
7.019327282905578613e-01,3.011746704578399658e-01,6.261836425781250000e+03
9.227154850959777832e-01,3.741218447685241699e-01,7.478868164062500000e+03
7.312141656875610352e-01,2.943711876869201660e-01,6.432744140625000000e+03
5.079917907714843750e-01,2.639880776405334473e-01,1.329381469726562500e+03
7.715979814529418945e-01,3.370355665683746338e-01,6.289866210937500000e+03
9.650496244430541992e-01,3.897213637828826904e-01,2.910414453125000000e+04
4.849984645843505859e-01,2.255282104015350342e-01,3.522183349609375000e+03
8.815900087356567383e-01,3.768323361873626709e-01,4.934675292968750000e+03
6.404429078102111816e-01,2.902515232563018799e-01,5.214577636718750000e+03
5.722972750663757324e-01,2.473784238100051880e-01,4.499198730468750000e+03
3.380187451839447021e-01,1.176483705639839172e-01,1.783917724609375000e+03
6.990901231765747070e-01,3.198517560958862305e-01,3.885087646484375000e+03
6.820040345191955566e-01,2.617250382900238037e-01,2.704117187500000000e+03
1.045993566513061523e+00,3.885272741317749023e-01,1.596824511718750000e+04
8.035696744918823242e-01,3.503079116344451904e-01,4.056041015625000000e+03
4.485393166542053223e-01,1.758016049861907959e-01,3.254675781250000000e+03
4.640893340110778809e-01,1.957804560661315918e-01,2.155325683593750000e+03
1.190787672996520996e+00,8.147998899221420288e-02,6.561581054687500000e+03
8.285588622093200684e-01,3.704171478748321533e-01,3.774377929687500000e+03
4.583499729633331299e-01,2.009126096963882446e-01,2.660133300781250000e+03
4.877256453037261963e-01,2.492385655641555786e-01,1.388144287109375000e+03
7.073372602462768555e-01,3.604859709739685059e-01,4.412300292968750000e+03
7.259098291397094727e-01,3.177539706230163574e-01,6.656263183593750000e+03
5.014317035675048828e-01,2.155688107013702393e-01,3.004709472656250000e+03
6.199777126312255859e-01,2.817752063274383545e-01,4.686208007812500000e+03
4.934551417827606201e-01,2.257494181394577026e-01,4.976506835937500000e+03
7.436368465423583984e-01,2.911514639854431152e-01,3.549613281250000000e+03
1.145542502403259277e+00,6.955068558454513550e-02,5.412421875000000000e+03
1.035799622535705566e+00,4.007159471511840820e-01,9.582913085937500000e+03
1.053724646568298340e+00,1.564024090766906738e-01,5.914189453125000000e+03
4.988380670547485352e-01,2.402484416961669922e-01,2.766083007812500000e+03
6.132105588912963867e-01,3.039583563804626465e-01,2.771177490234375000e+03
1.072420477867126465e+00,3.888035118579864502e-01,1.746093164062500000e+04
5.597591996192932129e-01,2.821852862834930420e-01,1.025247314453125000e+03
6.474323868751525879e-01,1.180318593978881836e-01,3.956286376953125000e+03
5.484313368797302246e-01,2.442064583301544189e-01,6.590743164062500000e+03
5.281078815460205078e-01,2.062244266271591187e-01,3.383453369140625000e+03
1.156400918960571289e+00,8.110092580318450928e-02,6.832485351562500000e+03
9.420037269592285156e-01,4.434528350830078125e-01,2.091728271484375000e+03
6.210017800331115723e-01,2.346524000167846680e-01,7.294336914062500000e+03
5.820515751838684082e-01,2.758100330829620361e-01,4.540833007812500000e+03
5.103422999382019043e-01,1.956547647714614868e-01,2.519419189453125000e+03
8.313624262809753418e-01,3.272092342376708984e-01,3.570512109375000000e+04
1.236985206604003906e+00,6.649202108383178711e-02,5.171305175781250000e+03
1.094334840774536133e+00,3.526350855827331543e-01,2.644987792968750000e+03
5.723701119422912598e-01,2.403001934289932251e-01,2.420327392578125000e+03
5.985545516014099121e-01,1.985448896884918213e-01,1.097652050781250000e+04
6.957278251647949219e-01,2.994726896286010742e-01,7.255833984375000000e+03
5.138074755668640137e-01,2.305395901203155518e-01,9.902703857421875000e+02
4.940865635871887207e-01,2.087557762861251831e-01,1.279296020507812500e+03
8.450727462768554688e-01,2.462419271469116211e-01,1.857521606445312500e+03
1.116799354553222656e+00,3.978335261344909668e-01,2.025806835937500000e+04
4.434617459774017334e-01,1.722392141819000244e-01,6.406524902343750000e+03
7.037259936332702637e-01,3.172756135463714600e-01,9.422884765625000000e+03
6.166599988937377930e-01,2.577018439769744873e-01,7.822062988281250000e+03
2.910025715827941895e-01,1.188208684325218201e-01,1.076527832031250000e+03
7.144933342933654785e-01,2.767609357833862305e-01,2.311714355468750000e+03
5.097746253013610840e-01,1.997877359390258789e-01,9.984766601562500000e+03
7.609202861785888672e-01,3.403741121292114258e-01,4.564447753906250000e+03
4.574821591377258301e-01,1.826907545328140259e-01,4.270370117187500000e+03
1.014781475067138672e+00,3.619689345359802246e-01,6.948194335937500000e+03
6.949380040168762207e-01,2.506133615970611572e-01,4.718538085937500000e+03
7.297371625900268555e-01,3.163634836673736572e-01,6.960079101562500000e+03
6.791138052940368652e-01,2.962076365947723389e-01,3.926331298828125000e+03
4.370724260807037354e-01,1.962818205356597900e-01,1.757042114257812500e+03
7.313365340232849121e-01,2.899526655673980713e-01,2.294791406250000000e+04
6.841667890548706055e-01,2.783406376838684082e-01,1.212347949218750000e+04
8.488935828208923340e-01,3.272098600864410400e-01,3.473604492187500000e+03
4.856622219085693359e-01,1.994125843048095703e-01,6.068998535156250000e+03
1.002416729927062988e+00,3.946405351161956787e-01,9.425766601562500000e+03
6.655024290084838867e-01,2.837428152561187744e-01,4.007757568359375000e+03
9.064098000526428223e-01,8.698654174804687500e-02,4.729845214843750000e+03
5.871490240097045898e-01,2.545402944087982178e-01,6.010235351562500000e+03
5.120884180068969727e-01,2.167084217071533203e-01,1.738686035156250000e+03
6.162744164466857910e-01,2.521487474441528320e-01,1.848365234375000000e+03
7.947459220886230469e-01,3.167346715927124023e-01,4.189010742187500000e+03
7.496874332427978516e-01,3.796054720878601074e-01,4.522118164062500000e+03
9.629610180854797363e-01,3.866734802722930908e-01,4.048948046875000000e+04
8.194856047630310059e-01,3.110670149326324463e-01,4.251416503906250000e+03
7.223225831985473633e-01,2.975435853004455566e-01,1.129187695312500000e+04
1.079515933990478516e+00,3.899482190608978271e-01,1.398227500000000000e+05
7.168499827384948730e-01,3.237322568893432617e-01,3.924451904296875000e+03
8.430536389350891113e-01,3.732280135154724121e-01,5.396930664062500000e+03
6.576588749885559082e-01,2.815152704715728760e-01,7.589294921875000000e+03
8.972703218460083008e-01,3.548060953617095947e-01,2.997481445312500000e+04
4.206981062889099121e-01,1.660785973072052002e-01,2.184723388671875000e+03
9.536499977111816406e-01,3.708428144454956055e-01,3.082124023437500000e+04
6.122800707817077637e-01,3.544584810733795166e-01,3.703158691406250000e+03
5.258983373641967773e-01,2.213092446327209473e-01,4.825387207031250000e+03
8.853879570960998535e-01,3.648462891578674316e-01,5.788224609375000000e+04
1.099896550178527832e+00,3.912032246589660645e-01,3.000743750000000000e+04
7.504242658615112305e-01,2.880617082118988037e-01,9.410391601562500000e+03
5.067155957221984863e-01,1.844279319047927856e-01,3.727465087890625000e+03
1.027101516723632812e+00,3.867025971412658691e-01,5.887068359375000000e+04
7.750832438468933105e-01,3.419270813465118408e-01,3.651611328125000000e+03
5.518125295639038086e-01,2.349775135517120361e-01,7.137172851562500000e+03
3.973395228385925293e-01,1.655516922473907471e-01,1.234014770507812500e+03
1.027609467506408691e+00,3.920152187347412109e-01,3.362823828125000000e+04
6.674686074256896973e-01,2.944667637348175049e-01,1.082210351562500000e+04
8.010975718498229980e-01,3.502558171749114990e-01,1.349159277343750000e+04
4.839781820774078369e-01,2.324900776147842407e-01,1.181433105468750000e+03
6.958228945732116699e-01,3.090401589870452881e-01,5.389256835937500000e+03
7.396647930145263672e-01,3.163017630577087402e-01,3.281612109375000000e+04
5.338423848152160645e-01,2.556428313255310059e-01,1.582728393554687500e+03
4.530626237392425537e-01,1.584492623805999756e-01,3.386057861328125000e+03
4.815644323825836182e-01,2.081850171089172363e-01,2.041411499023437500e+03
8.508044481277465820e-01,3.572664856910705566e-01,1.592111914062500000e+04
5.608267784118652344e-01,2.241311520338058472e-01,6.156484375000000000e+03
7.770339250564575195e-01,3.186727464199066162e-01,7.098163085937500000e+03
8.368926048278808594e-01,3.575042784214019775e-01,1.736016796875000000e+04
5.710957646369934082e-01,2.677534520626068115e-01,2.405881591796875000e+03
7.212469577789306641e-01,3.459386229515075684e-01,1.830525756835937500e+03
7.254585623741149902e-01,1.874289661645889282e-01,4.785587402343750000e+03
4.658632874488830566e-01,1.972227096557617188e-01,5.628077148437500000e+03
6.916854977607727051e-01,2.708241045475006104e-01,1.580989160156250000e+04
8.668748736381530762e-01,3.635178208351135254e-01,1.326775488281250000e+04
4.476431012153625488e-01,1.957712322473526001e-01,1.437597656250000000e+03
9.317888617515563965e-01,3.854797482490539551e-01,1.475553222656250000e+04
9.734069705009460449e-01,3.885597884654998779e-01,6.567768066406250000e+03
1.222592473030090332e+00,6.943474709987640381e-02,6.672069335937500000e+03
3.716836571693420410e-01,1.651466637849807739e-01,1.229746582031250000e+03
1.252266407012939453e+00,7.006491720676422119e-02,7.767240722656250000e+03
8.844981789588928223e-01,3.698600530624389648e-01,6.569288574218750000e+03
5.912624001502990723e-01,2.376626431941986084e-01,1.940948828125000000e+04
4.539860785007476807e-01,1.743957698345184326e-01,2.468264648437500000e+03
4.994895756244659424e-01,1.833482384681701660e-01,1.135396386718750000e+04
9.160190224647521973e-01,3.605765104293823242e-01,1.802588867187500000e+04
6.388307213783264160e-01,2.537468373775482178e-01,2.935851806640625000e+03
6.363124251365661621e-01,3.064566552639007568e-01,2.428001708984375000e+03
6.956493258476257324e-01,3.325467407703399658e-01,2.440542236328125000e+03
4.108677804470062256e-01,1.900902688503265381e-01,1.515576904296875000e+03
9.828797578811645508e-01,3.892104923725128174e-01,2.212723828125000000e+04
7.938462495803833008e-01,3.977037668228149414e-01,1.521118066406250000e+04
5.305924415588378906e-01,2.128398418426513672e-01,3.666172607421875000e+03
6.335783600807189941e-01,2.690439224243164062e-01,3.803934082031250000e+03
7.469104528427124023e-01,3.147461116313934326e-01,3.064367578125000000e+04
6.797528266906738281e-01,3.464454412460327148e-01,4.352467285156250000e+03
8.953149318695068359e-01,3.372350037097930908e-01,8.717575195312500000e+03
3.766950368881225586e-01,1.529485136270523071e-01,1.775663452148437500e+03
5.410012006759643555e-01,2.041788101196289062e-01,1.167579296875000000e+04
1.084090590476989746e+00,3.841413557529449463e-01,3.523560937500000000e+04
7.149114012718200684e-01,2.942380011081695557e-01,5.452297265625000000e+04
4.535565674304962158e-01,1.914410740137100220e-01,2.922850585937500000e+03
7.563605904579162598e-01,3.138734698295593262e-01,3.849992675781250000e+03
4.438716769218444824e-01,1.819364428520202637e-01,3.480185302734375000e+03
6.352760195732116699e-01,2.827088236808776855e-01,3.552684765625000000e+04
6.005417108535766602e-01,2.574444115161895752e-01,1.016806445312500000e+04
6.172487735748291016e-01,2.965743839740753174e-01,2.119890380859375000e+03
2.741120457649230957e-01,1.038501784205436707e-01,1.613459106445312500e+03
6.452844142913818359e-01,2.980267703533172607e-01,2.475547363281250000e+03
6.000509262084960938e-01,2.388874888420104980e-01,5.618328613281250000e+03
8.199158310890197754e-01,3.200885355472564697e-01,2.309293359375000000e+04
4.975977241992950439e-01,2.255973517894744873e-01,1.854431274414062500e+03
4.668177068233489990e-01,2.191440612077713013e-01,1.737017211914062500e+03
9.652333259582519531e-01,3.961326181888580322e-01,8.155503906250000000e+03
8.599470257759094238e-01,3.510689437389373779e-01,4.194505859375000000e+04
4.143532812595367432e-01,1.293147206306457520e-01,2.372941406250000000e+03
6.241269111633300781e-01,2.774249017238616943e-01,3.396008056640625000e+03
1.168596863746643066e+00,2.236565798521041870e-01,4.877243164062500000e+03
8.855034708976745605e-01,4.000936448574066162e-01,9.030854492187500000e+03
6.342695951461791992e-01,2.417071163654327393e-01,9.942925781250000000e+03
7.320102453231811523e-01,3.184885680675506592e-01,7.989124511718750000e+03
5.934109091758728027e-01,2.618073225021362305e-01,2.500431396484375000e+03
4.485554099082946777e-01,1.948102861642837524e-01,2.703621826171875000e+03
6.563103199005126953e-01,2.798226177692413330e-01,4.717531738281250000e+03
6.635482907295227051e-01,2.769530713558197021e-01,3.005565185546875000e+03
7.336609363555908203e-01,3.107056021690368652e-01,4.071925781250000000e+03
8.172791600227355957e-01,3.049165904521942139e-01,1.139422851562500000e+04
3.479143381118774414e-01,1.865078806877136230e-01,1.005006164550781250e+03
5.125079154968261719e-01,2.315713018178939819e-01,4.111330078125000000e+03
4.950646162033081055e-01,2.150762379169464111e-01,3.900652587890625000e+03
9.006379842758178711e-01,3.655402660369873047e-01,4.124655859375000000e+04
4.290981590747833252e-01,1.824277341365814209e-01,1.326544921875000000e+03
5.134966373443603516e-01,2.621317207813262939e-01,1.411816406250000000e+03
9.607412815093994141e-01,3.853826820850372314e-01,1.622480859375000000e+04
5.250228047370910645e-01,2.200303971767425537e-01,7.368011230468750000e+03
4.840077161788940430e-01,2.001134455204010010e-01,2.619357421875000000e+03
4.297156035900115967e-01,2.108989506959915161e-01,8.788165283203125000e+02
9.639510512351989746e-01,3.923254013061523438e-01,1.175047363281250000e+04
6.361740827560424805e-01,2.641133964061737061e-01,2.039211914062500000e+04
5.241409540176391602e-01,2.154145538806915283e-01,2.413692871093750000e+03
3.878837227821350098e-01,1.629008352756500244e-01,3.246515380859375000e+03
5.283544063568115234e-01,2.093660831451416016e-01,7.521809082031250000e+03
6.342509388923645020e-01,2.773407399654388428e-01,1.371196386718750000e+04
4.285083413124084473e-01,1.768795549869537354e-01,1.923994628906250000e+03
5.620077252388000488e-01,2.324927300214767456e-01,2.195739257812500000e+03
4.967355132102966309e-01,2.009968012571334839e-01,1.789852294921875000e+03
4.122447371482849121e-01,1.661216914653778076e-01,2.083584472656250000e+03
7.175665497779846191e-01,2.786909341812133789e-01,8.238343750000000000e+03
1.139368295669555664e+00,3.973145782947540283e-01,3.629416250000000000e+05
5.215966105461120605e-01,2.119038403034210205e-01,4.524760742187500000e+03
5.547865033149719238e-01,2.460419833660125732e-01,2.612532470703125000e+03
9.717554450035095215e-01,3.922813236713409424e-01,5.778547656250000000e+04
6.808389425277709961e-01,2.605583965778350830e-01,7.276859375000000000e+03
6.655099391937255859e-01,2.471824586391448975e-01,6.074037109375000000e+03
5.274087786674499512e-01,2.253157496452331543e-01,2.144704833984375000e+03
9.322617650032043457e-01,3.596388101577758789e-01,7.528154785156250000e+03
3.978339433670043945e-01,1.617568731307983398e-01,1.994926757812500000e+03
9.535370469093322754e-01,3.732283115386962891e-01,9.436525000000000000e+04
7.342565059661865234e-01,3.400209546089172363e-01,6.503076171875000000e+03
5.853807330131530762e-01,2.590073645114898682e-01,2.614172607421875000e+03
7.562981247901916504e-01,2.990772426128387451e-01,6.386031738281250000e+03
6.847641468048095703e-01,3.257649540901184082e-01,2.193334960937500000e+03
6.310358047485351562e-01,2.622907161712646484e-01,4.041395263671875000e+03
4.178939163684844971e-01,1.594579070806503296e-01,2.436499267578125000e+03
6.978769302368164062e-01,2.853103876113891602e-01,5.485762695312500000e+03
5.576620101928710938e-01,2.152290344238281250e-01,1.290888085937500000e+04
3.793546259403228760e-01,1.452023237943649292e-01,2.700304443359375000e+03
5.107190012931823730e-01,2.265434712171554565e-01,3.696719726562500000e+03
4.945646822452545166e-01,2.384561002254486084e-01,5.774657714843750000e+03
6.417751908302307129e-01,2.638421356678009033e-01,1.798723437500000000e+04
7.407685518264770508e-01,2.967290282249450684e-01,1.735607055664062500e+03
1.204730391502380371e+00,2.770949304103851318e-01,2.602075683593750000e+03
4.949100613594055176e-01,1.919405311346054077e-01,3.042489501953125000e+03
2.990475893020629883e-01,1.198842823505401611e-01,1.223759643554687500e+03
1.121531844139099121e+00,3.963329195976257324e-01,7.013193750000000000e+04
4.131980836391448975e-01,1.798397451639175415e-01,1.299363769531250000e+03
8.836429119110107422e-01,3.453584611415863037e-01,6.139362304687500000e+03
4.445527493953704834e-01,1.705227643251419067e-01,1.161859082031250000e+04
5.256382226943969727e-01,2.094338238239288330e-01,3.064442382812500000e+03
4.078561961650848389e-01,1.870206147432327271e-01,1.888634399414062500e+03
5.352687835693359375e-01,2.000431120395660400e-01,3.014513916015625000e+03
2.935946881771087646e-01,1.251559704542160034e-01,2.437379882812500000e+03
5.648698806762695312e-01,2.353540807962417603e-01,8.517818359375000000e+03
1.031714677810668945e+00,3.984401524066925049e-01,3.152997070312500000e+04
4.183497130870819092e-01,1.713958978652954102e-01,2.344847167968750000e+03
6.374454498291015625e-01,2.513787746429443359e-01,1.393212768554687500e+03
6.017584204673767090e-01,2.284215241670608521e-01,2.573794433593750000e+03
1.008156657218933105e+00,3.804191052913665771e-01,1.770021679687500000e+04
5.633969306945800781e-01,2.441227287054061890e-01,5.280270019531250000e+03
3.587912619113922119e-01,1.456379145383834839e-01,1.630934082031250000e+03
1.079800844192504883e+00,3.929910957813262939e-01,1.624895117187500000e+04
4.594015777111053467e-01,1.911830306053161621e-01,2.895391357421875000e+03
5.724568963050842285e-01,2.193365395069122314e-01,1.728406445312500000e+04
6.103862524032592773e-01,2.786077558994293213e-01,2.400801025390625000e+03
8.438557386398315430e-01,3.501848578453063965e-01,1.699878515625000000e+04
3.715841770172119141e-01,1.372285038232803345e-01,2.966009521484375000e+03
9.264937639236450195e-01,3.739845156669616699e-01,7.569754687500000000e+04
6.571939587593078613e-01,2.944841980934143066e-01,1.553663818359375000e+03
1.080946326255798340e+00,2.104902863502502441e-01,3.998381347656250000e+03
8.347604870796203613e-01,3.727056384086608887e-01,3.433298095703125000e+03
8.413997888565063477e-01,3.694863319396972656e-01,5.774768066406250000e+03
6.221712231636047363e-01,2.460120767354965210e-01,1.254561132812500000e+04
1.110105991363525391e+00,3.976278007030487061e-01,1.083632890625000000e+05
4.363480806350708008e-01,1.763602793216705322e-01,1.101260253906250000e+03
1.024439454078674316e+00,3.957700431346893311e-01,4.444487500000000000e+04
3.190146982669830322e-01,1.253711879253387451e-01,1.207742797851562500e+03
6.970227360725402832e-01,2.052249610424041748e-01,4.813018554687500000e+03
5.755688548088073730e-01,2.533747851848602295e-01,3.104776367187500000e+03
5.880758166313171387e-01,2.334288358688354492e-01,3.234310302734375000e+03
5.756843686103820801e-01,2.176463305950164795e-01,1.607107226562500000e+04
1.139475584030151367e+00,4.011144638061523438e-01,6.187286718750000000e+04
7.495404481887817383e-01,3.376637995243072510e-01,4.722576660156250000e+03
9.291323423385620117e-01,1.586464941501617432e-01,2.778663818359375000e+03
8.318166136741638184e-01,3.404227495193481445e-01,3.062889453125000000e+04
3.340030610561370850e-01,1.454697400331497192e-01,2.586681396484375000e+03
8.982198238372802734e-01,3.756818175315856934e-01,3.974931396484375000e+03
1.039144277572631836e+00,3.876473307609558105e-01,1.568433007812500000e+04
3.661728203296661377e-01,1.517001539468765259e-01,2.415021484375000000e+03
9.528181552886962891e-01,3.882077336311340332e-01,4.177307421875000000e+04
7.222595214843750000e-01,2.972155213356018066e-01,4.195020507812500000e+03
3.289463222026824951e-01,1.301520764827728271e-01,2.178923339843750000e+03
1.064574003219604492e+00,8.792895078659057617e-02,5.452717285156250000e+03
3.649581372737884521e-01,1.472722589969635010e-01,2.067653320312500000e+03
6.469687819480895996e-01,2.779150307178497314e-01,3.352920166015625000e+03
4.591805636882781982e-01,1.867391318082809448e-01,2.806310058593750000e+03
5.132862329483032227e-01,1.779720336198806763e-01,1.111335815429687500e+03
5.831987261772155762e-01,2.422894239425659180e-01,5.429126464843750000e+03
8.929678201675415039e-01,3.701088726520538330e-01,2.122663085937500000e+04
7.698752880096435547e-01,3.091287612915039062e-01,4.491048046875000000e+04
6.394545435905456543e-01,3.059288561344146729e-01,3.027114501953125000e+03
4.301108419895172119e-01,1.718194484710693359e-01,5.247923339843750000e+03
7.070628404617309570e-01,2.699953019618988037e-01,3.713823828125000000e+04
4.848379194736480713e-01,1.974855214357376099e-01,2.534910400390625000e+03
3.989120125770568848e-01,1.685998886823654175e-01,2.561306152343750000e+03
6.303622126579284668e-01,2.814768850803375244e-01,3.769737548828125000e+03
5.219719409942626953e-01,2.076856642961502075e-01,4.123173339843750000e+03
1.139368295669555664e+00,3.973145782947540283e-01,1.287867578125000000e+04
4.625153839588165283e-01,2.081053853034973145e-01,1.661782592773437500e+03
9.007155299186706543e-01,8.228959143161773682e-02,4.674530761718750000e+03
5.308607220649719238e-01,2.037352770566940308e-01,1.590167968750000000e+04
6.474035978317260742e-01,2.737606167793273926e-01,3.357088378906250000e+03
5.153541564941406250e-01,2.387320697307586670e-01,2.111947509765625000e+03
7.081596255302429199e-01,3.057955801486968994e-01,7.726086914062500000e+03
5.977516174316406250e-01,2.650667428970336914e-01,3.587687255859375000e+03
6.406074166297912598e-01,2.432152926921844482e-01,5.300606445312500000e+03
1.062736868858337402e+00,3.869037032127380371e-01,7.153310937500000000e+04
7.536213397979736328e-01,3.215905427932739258e-01,5.663956542968750000e+03
9.027630090713500977e-01,3.596610724925994873e-01,5.931286621093750000e+03
5.662667155265808105e-01,1.989675909280776978e-01,6.353200195312500000e+03
5.779293179512023926e-01,2.567441761493682861e-01,3.966280273437500000e+03
5.515350699424743652e-01,2.236703038215637207e-01,3.723276123046875000e+03
5.043807029724121094e-01,1.936791986227035522e-01,3.781851562500000000e+03
4.791493713855743408e-01,2.036556452512741089e-01,1.880180297851562500e+03
7.746827602386474609e-01,2.285969406366348267e-01,2.406908935546875000e+03
4.483190476894378662e-01,2.022610306739807129e-01,1.319400146484375000e+03
7.752321362495422363e-01,2.994178831577301025e-01,7.884138183593750000e+03
8.451538681983947754e-01,3.351704478263854980e-01,1.931902734375000000e+04
7.264225482940673828e-01,3.253063261508941650e-01,6.060392089843750000e+03
4.623209536075592041e-01,1.776246875524520874e-01,4.254780761718750000e+03
1.003999590873718262e+00,3.886182308197021484e-01,2.123465039062500000e+04
4.297697544097900391e-01,1.802804023027420044e-01,2.228418701171875000e+03
6.639554500579833984e-01,2.846312820911407471e-01,2.908050781250000000e+04
4.771171808242797852e-01,2.082043737173080444e-01,3.438126464843750000e+03
8.818154931068420410e-01,3.440745174884796143e-01,1.971879882812500000e+04
3.882911205291748047e-01,1.749815493822097778e-01,1.616442749023437500e+03
4.935925304889678955e-01,2.010319828987121582e-01,2.769449707031250000e+03
8.977690935134887695e-01,3.375788629055023193e-01,2.166269531250000000e+03
7.393774986267089844e-01,3.055883944034576416e-01,3.803879882812500000e+03
8.913603425025939941e-01,3.831670582294464111e-01,2.025389257812500000e+04
6.631252765655517578e-01,2.623093128204345703e-01,3.597279296875000000e+04
4.206985533237457275e-01,1.882425546646118164e-01,2.299757080078125000e+03
6.260201334953308105e-01,2.761753499507904053e-01,4.185067871093750000e+03
1.061811923980712891e+00,1.468067467212677002e-01,5.675188964843750000e+03
5.100696682929992676e-01,2.032019644975662231e-01,5.644254394531250000e+03
4.979101121425628662e-01,2.113909274339675903e-01,2.874527832031250000e+03
6.420758962631225586e-01,2.449350655078887939e-01,1.096620996093750000e+04
5.510002374649047852e-01,2.372368574142456055e-01,2.133751464843750000e+03
6.071600914001464844e-01,2.322595417499542236e-01,1.986959570312500000e+04
8.851338624954223633e-01,3.556454181671142578e-01,2.802141406250000000e+04
9.143671989440917969e-01,3.573825061321258545e-01,2.374944140625000000e+04
5.849730968475341797e-01,2.263635993003845215e-01,1.454666992187500000e+04
7.571279406547546387e-01,3.617636859416961670e-01,2.979060546875000000e+03
6.342445611953735352e-01,2.563680112361907959e-01,4.547067871093750000e+03
5.208127498626708984e-01,2.096720784902572632e-01,6.406385742187500000e+03
6.277222633361816406e-01,2.849036753177642822e-01,1.733222656250000000e+03
1.070528030395507812e+00,3.969397246837615967e-01,1.155472167968750000e+04
9.325109720230102539e-01,3.766357004642486572e-01,1.676657617187500000e+04
8.576262593269348145e-01,4.020279347896575928e-01,6.329248046875000000e+03
5.978395342826843262e-01,2.592643499374389648e-01,2.217634033203125000e+03
1.100968003273010254e+00,3.676400482654571533e-01,3.194101318359375000e+03
6.427648663520812988e-01,3.003042936325073242e-01,5.870180175781250000e+03
4.928106665611267090e-01,2.300297021865844727e-01,2.870726806640625000e+03
6.054631471633911133e-01,2.279893010854721069e-01,9.305815429687500000e+03
3.298135399818420410e-01,1.304215937852859497e-01,3.210433349609375000e+03
8.164414763450622559e-01,3.633948862552642822e-01,5.742231933593750000e+03
7.380343079566955566e-01,3.432529568672180176e-01,7.696061035156250000e+03
5.599144101142883301e-01,2.654545903205871582e-01,3.448726562500000000e+03
4.680081307888031006e-01,2.022863775491714478e-01,2.152827880859375000e+03
6.282876729965209961e-01,2.854821383953094482e-01,2.927184082031250000e+03
9.883161783218383789e-01,3.865489661693572998e-01,1.057337695312500000e+04
6.473008394241333008e-01,2.967960834503173828e-01,3.417078125000000000e+03
4.482200741767883301e-01,1.791990995407104492e-01,1.513251098632812500e+03
5.015507340431213379e-01,2.414525598287582397e-01,2.474331542968750000e+03
5.364417433738708496e-01,2.261210530996322632e-01,5.303290039062500000e+03
3.888740837574005127e-01,1.608416438102722168e-01,2.390055419921875000e+03
8.795871734619140625e-01,3.772724568843841553e-01,5.191757324218750000e+03
1.036754250526428223e+00,3.874917030334472656e-01,6.148423437500000000e+04
6.257848739624023438e-01,2.926208972930908203e-01,1.110746875000000000e+04
1.002348780632019043e+00,3.836665451526641846e-01,4.971553125000000000e+04
5.842663645744323730e-01,2.299804240465164185e-01,5.405987792968750000e+03
6.706919670104980469e-01,2.778341472148895264e-01,6.900334472656250000e+03
6.395202875137329102e-01,2.554423809051513672e-01,1.448480761718750000e+04
5.675562620162963867e-01,2.164156734943389893e-01,3.252386230468750000e+03
4.383961558341979980e-01,1.757251769304275513e-01,3.682151611328125000e+03
1.086358547210693359e+00,3.870577514171600342e-01,1.317673095703125000e+03
4.406354129314422607e-01,1.966574043035507202e-01,3.945530761718750000e+03
6.811689734458923340e-01,2.796062231063842773e-01,3.505593261718750000e+03
5.898481607437133789e-01,2.628697752952575684e-01,2.252487060546875000e+03
6.785264611244201660e-01,3.153945505619049072e-01,4.853594726562500000e+03
6.008028984069824219e-01,2.741566300392150879e-01,3.456414306640625000e+03
8.606793880462646484e-01,3.313594460487365723e-01,3.252961425781250000e+03
8.087639212608337402e-01,3.488272428512573242e-01,3.561573974609375000e+03
5.373875498771667480e-01,2.055398076772689819e-01,6.035286621093750000e+03
4.308106303215026855e-01,1.796332299709320068e-01,1.890191894531250000e+03
6.569227576255798340e-01,3.234688043594360352e-01,2.849028076171875000e+03
4.990704357624053955e-01,2.228340804576873779e-01,1.839117431640625000e+03
3.846535384654998779e-01,1.545239984989166260e-01,1.448663574218750000e+03
5.458215475082397461e-01,2.542374730110168457e-01,4.298616699218750000e+03
2.715439498424530029e-01,1.097345352172851562e-01,1.678385375976562500e+03
6.143667697906494141e-01,2.654938399791717529e-01,6.668104980468750000e+03
5.907328128814697266e-01,2.274563610553741455e-01,2.481058837890625000e+03
3.427306413650512695e-01,1.514873802661895752e-01,1.998587768554687500e+03
7.638066411018371582e-01,3.637745082378387451e-01,7.120926269531250000e+03
1.070095539093017578e+00,1.697001606225967407e-01,3.562332763671875000e+03
7.676876187324523926e-01,3.246079087257385254e-01,1.098086523437500000e+04
4.298904240131378174e-01,1.920427232980728149e-01,1.490996459960937500e+03
1.054475069046020508e+00,3.741439580917358398e-01,2.194593554687500000e+04
4.107726812362670898e-01,1.924629360437393188e-01,1.747380615234375000e+03
1.087903261184692383e+00,3.929030001163482666e-01,1.539300415039062500e+03
6.532014012336730957e-01,2.756992876529693604e-01,2.127657421875000000e+04
9.659197330474853516e-01,3.753795027732849121e-01,2.474803320312500000e+04
8.671621084213256836e-01,3.365270197391510010e-01,3.843184814453125000e+03
7.460529208183288574e-01,3.113922476768493652e-01,3.043446679687500000e+04
6.027020812034606934e-01,3.037224709987640381e-01,1.459445068359375000e+03
9.379258751869201660e-01,3.766337633132934570e-01,1.974400585937500000e+04
7.468371987342834473e-01,3.198470771312713623e-01,2.873682861328125000e+03
4.258236289024353027e-01,1.615077257156372070e-01,1.883539306640625000e+03
6.317837834358215332e-01,2.612816393375396729e-01,9.808080078125000000e+03
6.825300455093383789e-01,2.823262512683868408e-01,5.469544433593750000e+03
5.202864408493041992e-01,2.293903827667236328e-01,2.757433593750000000e+03
5.033271908760070801e-01,2.191426157951354980e-01,3.720470214843750000e+03
8.303867578506469727e-01,3.845102787017822266e-01,6.534434570312500000e+03
1.082167863845825195e+00,3.925727903842926025e-01,5.678736328125000000e+04
8.776659965515136719e-01,3.721891939640045166e-01,1.431044921875000000e+04
2.477934062480926514e-01,9.900739789009094238e-02,1.506832519531250000e+03
3.236583173274993896e-01,1.217965334653854370e-01,1.690153320312500000e+03
7.773859500885009766e-01,3.181687891483306885e-01,2.840181250000000000e+04
1.056164383888244629e+00,3.986193239688873291e-01,7.840671386718750000e+03
8.630716800689697266e-01,3.579349815845489502e-01,1.277222167968750000e+04
6.402066946029663086e-01,2.558507323265075684e-01,2.853506591796875000e+03
1.002394556999206543e+00,3.855434656143188477e-01,3.392321093750000000e+04
4.967130422592163086e-01,2.125201523303985596e-01,3.568627441406250000e+03
2.906648814678192139e-01,1.185616478323936462e-01,1.066425048828125000e+03
7.286060452461242676e-01,2.813093662261962891e-01,1.085784667968750000e+04
4.568774700164794922e-01,1.807478368282318115e-01,2.879071289062500000e+03
7.301965355873107910e-01,3.221786320209503174e-01,3.259817382812500000e+03
5.359238386154174805e-01,2.354446947574615479e-01,4.535350585937500000e+03
7.073453068733215332e-01,1.988264173269271851e-01,2.973932617187500000e+03
4.698109626770019531e-01,1.823788434267044067e-01,3.190918457031250000e+03
4.491102993488311768e-01,2.084579169750213623e-01,1.585360595703125000e+03
7.288159132003784180e-01,2.905539572238922119e-01,3.156816601562500000e+04
9.195533394813537598e-01,3.577641844749450684e-01,1.003286796875000000e+05
4.628053009510040283e-01,1.968953460454940796e-01,4.224005859375000000e+03
5.090420246124267578e-01,1.899751871824264526e-01,3.926209960937500000e+03
8.788183331489562988e-01,3.592322468757629395e-01,4.453244531250000000e+04
9.488877058029174805e-01,3.361715078353881836e-01,1.622853515625000000e+03
1.109461784362792969e+00,3.899428546428680420e-01,5.860586914062500000e+03
1.018433928489685059e+00,3.889954984188079834e-01,2.180953125000000000e+04
5.173183083534240723e-01,2.047102004289627075e-01,1.003318652343750000e+04
7.604514956474304199e-01,3.081577420234680176e-01,5.800583007812500000e+03
4.308034181594848633e-01,1.798884272575378418e-01,1.555417114257812500e+03
7.028656601905822754e-01,3.426847457885742188e-01,1.919219848632812500e+03
5.044403672218322754e-01,2.101810574531555176e-01,3.278737792968750000e+03
5.598465800285339355e-01,2.173450142145156860e-01,3.336688720703125000e+03
9.029502868652343750e-01,3.671884238719940186e-01,1.918104687500000000e+04
4.332668483257293701e-01,1.793736964464187622e-01,3.430101562500000000e+03
6.667783856391906738e-01,2.814142405986785889e-01,8.984072656250000000e+04
5.649777650833129883e-01,2.438743412494659424e-01,5.201279296875000000e+03
5.432077050209045410e-01,2.406413257122039795e-01,2.969419921875000000e+03
9.977187514305114746e-01,3.856464922428131104e-01,2.198176171875000000e+04
7.730566859245300293e-01,3.245525062084197998e-01,3.699309570312500000e+03
9.292211532592773438e-01,3.843353092670440674e-01,3.823416015625000000e+04
7.834182977676391602e-01,3.458379805088043213e-01,9.589599609375000000e+03
3.680594563484191895e-01,1.455981284379959106e-01,2.760259033203125000e+03
4.398711621761322021e-01,1.949128657579421997e-01,1.742269409179687500e+03
9.527550935745239258e-01,3.884485661983489990e-01,7.714239746093750000e+03
6.034588813781738281e-01,2.069708257913589478e-01,1.978935302734375000e+03
7.330544590950012207e-01,2.793631851673126221e-01,1.041416796875000000e+04
4.655665159225463867e-01,1.843633055686950684e-01,4.748595703125000000e+03
6.237581968307495117e-01,2.504443228244781494e-01,5.406875488281250000e+03
4.775272905826568604e-01,2.124464958906173706e-01,3.820842285156250000e+03
4.598925709724426270e-01,1.934022754430770874e-01,4.014327880859375000e+03
7.940335273742675781e-01,3.394235372543334961e-01,9.854147460937500000e+03
5.141085982322692871e-01,2.449842244386672974e-01,1.326223388671875000e+03
6.128891706466674805e-01,2.559016048908233643e-01,3.898263427734375000e+03
7.709276676177978516e-01,3.838082849979400635e-01,2.536611816406250000e+03
9.936599731445312500e-01,3.829678893089294434e-01,9.123319335937500000e+03
4.918356239795684814e-01,1.968498677015304565e-01,2.069248046875000000e+03
9.982541799545288086e-01,7.669068872928619385e-02,4.791222656250000000e+03
1.001016497611999512e+00,7.276990264654159546e-02,4.888052734375000000e+03
7.961138486862182617e-01,3.216781020164489746e-01,1.533140625000000000e+04
5.737962126731872559e-01,2.453580945730209351e-01,3.727890136718750000e+03
6.799762248992919922e-01,3.277952373027801514e-01,2.876208007812500000e+03
7.490323185920715332e-01,3.130902051925659180e-01,3.351459765625000000e+04
8.820293545722961426e-01,3.446930348873138428e-01,2.231133007812500000e+04
5.177605152130126953e-01,2.459430247545242310e-01,2.505752929687500000e+03
1.017245888710021973e+00,3.833500444889068604e-01,3.999486328125000000e+04
4.078819453716278076e-01,1.785381138324737549e-01,1.761214965820312500e+03
1.033352494239807129e+00,3.840525448322296143e-01,2.040485937500000000e+04
6.466202139854431152e-01,2.616724967956542969e-01,8.779269531250000000e+03
5.929081439971923828e-01,2.548041045665740967e-01,5.287772949218750000e+03
6.614081859588623047e-01,2.911774516105651855e-01,3.111768554687500000e+03
3.740242719650268555e-01,1.509935259819030762e-01,2.609591552734375000e+03
9.094108343124389648e-01,3.644339740276336670e-01,2.854536328125000000e+04
6.481150984764099121e-01,2.549354434013366699e-01,1.008900781250000000e+04
1.145523548126220703e+00,3.480187952518463135e-01,1.126725952148437500e+03
5.997613668441772461e-01,2.569511532783508301e-01,6.536264160156250000e+03
7.042424678802490234e-01,3.412832319736480713e-01,3.430453613281250000e+03
6.032227277755737305e-01,3.124392032623291016e-01,2.396953613281250000e+03
7.704374194145202637e-01,2.765102684497833252e-01,3.001358886718750000e+03
6.445566415786743164e-01,2.750153243541717529e-01,5.249469238281250000e+03
6.741894483566284180e-01,2.900873422622680664e-01,9.110307617187500000e+03
4.637196063995361328e-01,1.983177810907363892e-01,4.624615722656250000e+03
1.077393054962158203e+00,3.962343037128448486e-01,2.029373437500000000e+04
7.341088652610778809e-01,3.394301831722259521e-01,4.819187011718750000e+03
1.000248789787292480e+00,7.395521551370620728e-02,5.570856445312500000e+03
4.898393154144287109e-01,2.085477262735366821e-01,2.475180664062500000e+03
5.253193974494934082e-01,2.553290128707885742e-01,1.581125976562500000e+03
1.055326819419860840e+00,2.539923191070556641e-01,4.928405273437500000e+03
1.074171662330627441e+00,4.022030532360076904e-01,3.220560156250000000e+04
7.844475507736206055e-01,3.363325595855712891e-01,1.169503417968750000e+04
8.497792482376098633e-01,3.452507555484771729e-01,1.663540820312500000e+04
6.740003228187561035e-01,2.644496858119964600e-01,4.493344726562500000e+03
7.018859982490539551e-01,2.976454496383666992e-01,5.089593261718750000e+03
6.478883624076843262e-01,2.819373011589050293e-01,4.753424316406250000e+03
8.421169519424438477e-01,3.604050278663635254e-01,1.167484570312500000e+04
7.218334078788757324e-01,3.217390179634094238e-01,6.019649414062500000e+03
6.493437886238098145e-01,2.515358626842498779e-01,6.890007812500000000e+03
4.835647642612457275e-01,2.041506320238113403e-01,2.365707031250000000e+03
9.181390404701232910e-01,3.738991916179656982e-01,3.103665039062500000e+04
8.741801977157592773e-01,2.562527954578399658e-01,1.473330566406250000e+03
7.364072799682617188e-01,2.857933640480041504e-01,1.832356054687500000e+04
5.761379003524780273e-01,2.534118294715881348e-01,2.863949462890625000e+03
6.537402272224426270e-01,2.987585067749023438e-01,1.460575561523437500e+03
5.402494072914123535e-01,2.187624126672744751e-01,2.922686035156250000e+03
5.906015634536743164e-01,2.461454272270202637e-01,7.489145996093750000e+03
7.951295375823974609e-01,3.250425159931182861e-01,1.092668457031250000e+04
7.181556820869445801e-01,3.207933604717254639e-01,4.739281738281250000e+03
3.247921764850616455e-01,1.204526126384735107e-01,1.438671997070312500e+03
4.023763537406921387e-01,1.567344069480895996e-01,1.785199096679687500e+03
5.506173372268676758e-01,2.349448353052139282e-01,2.877931640625000000e+03
8.904640078544616699e-01,4.124886393547058105e-01,6.592801757812500000e+03
7.586046457290649414e-01,3.137971162796020508e-01,1.005956542968750000e+04
5.669462084770202637e-01,2.335316240787506104e-01,7.660689453125000000e+03
8.604556918144226074e-01,3.926007449626922607e-01,4.442216796875000000e+03
1.156869769096374512e+00,2.367960512638092041e-01,4.239241699218750000e+03
3.996571004390716553e-01,1.603355854749679565e-01,1.801519897460937500e+03
6.145427823066711426e-01,2.433757632970809937e-01,2.261351806640625000e+03
9.008319377899169922e-01,3.881796896457672119e-01,6.221304687500000000e+03
6.330707073211669922e-01,2.906711995601654053e-01,4.161191894531250000e+03
6.291333436965942383e-01,2.577451467514038086e-01,5.334204589843750000e+03
5.540809631347656250e-01,2.676503658294677734e-01,7.027206542968750000e+03
6.363512873649597168e-01,2.639060318470001221e-01,2.071248535156250000e+03
4.971790909767150879e-01,1.976808905601501465e-01,1.882054199218750000e+03
7.988238334655761719e-01,3.254662752151489258e-01,2.867359570312500000e+04
6.118509769439697266e-01,2.725307643413543701e-01,3.448327636718750000e+03
5.052503347396850586e-01,2.094274461269378662e-01,2.817646484375000000e+03
9.773904085159301758e-01,3.825547993183135986e-01,2.255651562500000000e+04
8.450434207916259766e-01,3.347890079021453857e-01,1.434801660156250000e+04
4.066520035266876221e-01,1.600852459669113159e-01,4.621854980468750000e+03
3.100354075431823730e-01,1.454073041677474976e-01,8.712758178710937500e+02
6.976116299629211426e-01,2.693447172641754150e-01,6.816337402343750000e+03
4.683668613433837891e-01,2.483605444431304932e-01,1.839307861328125000e+03
6.090025305747985840e-01,2.478494048118591309e-01,3.903802734375000000e+03
8.636261820793151855e-01,3.658312857151031494e-01,1.221621484375000000e+04
3.585590124130249023e-01,1.833600401878356934e-01,1.404093261718750000e+03
6.175019145011901855e-01,2.270004898309707642e-01,1.702571533203125000e+03
1.120191216468811035e+00,3.964796066284179688e-01,4.925694531250000000e+04
9.214036464691162109e-01,3.703791797161102295e-01,1.778768359375000000e+04
6.615380048751831055e-01,2.540401518344879150e-01,1.191607421875000000e+04
1.035191655158996582e+00,4.036651551723480225e-01,4.190833203125000000e+04
2.956047058105468750e-01,1.298070251941680908e-01,8.293709106445312500e+02
4.732652604579925537e-01,1.968331933021545410e-01,2.039255126953125000e+03
5.406447052955627441e-01,2.216633707284927368e-01,2.645797607421875000e+03
4.244467616081237793e-01,2.039036154747009277e-01,9.320173339843750000e+02
8.980733156204223633e-01,1.030376404523849487e-01,4.508398437500000000e+03
7.490317821502685547e-01,3.400208652019500732e-01,6.398427734375000000e+03
5.073294043540954590e-01,2.008727341890335083e-01,2.374463671875000000e+04
1.011289954185485840e+00,3.837901055812835693e-01,5.481453906250000000e+04
5.384415984153747559e-01,2.248409390449523926e-01,5.874593261718750000e+03
4.940887391567230225e-01,2.216989845037460327e-01,2.720122558593750000e+03
5.091249942779541016e-01,2.365243285894393921e-01,3.304784179687500000e+03
6.342010498046875000e-01,3.461881577968597412e-01,1.252449707031250000e+03
6.371914744377136230e-01,2.523688375949859619e-01,2.110500781250000000e+04
5.496537089347839355e-01,2.211598902940750122e-01,3.940157958984375000e+03
4.002998471260070801e-01,1.428088843822479248e-01,2.482358642578125000e+03
9.241444468498229980e-01,2.855211794376373291e-01,1.827347045898437500e+03
7.351624369621276855e-01,3.196040987968444824e-01,7.867379882812500000e+03
5.454662442207336426e-01,2.409834265708923340e-01,2.671522949218750000e+03
5.416947007179260254e-01,2.322990894317626953e-01,5.858479492187500000e+03
7.377707362174987793e-01,2.953166365623474121e-01,9.388329101562500000e+03
5.698245167732238770e-01,2.592048645019531250e-01,2.278786132812500000e+03
5.013517737388610840e-01,2.150101959705352783e-01,1.847529052734375000e+03
4.975977540016174316e-01,2.210508286952972412e-01,2.402349609375000000e+03
8.731346726417541504e-01,3.749931454658508301e-01,6.126770703125000000e+04
4.553999900817871094e-01,2.272314131259918213e-01,1.542717041015625000e+03
4.999584257602691650e-01,2.183388471603393555e-01,6.117602539062500000e+03
9.319594502449035645e-01,3.279264867305755615e-01,2.131627539062500000e+04
8.043940067291259766e-01,3.641562461853027344e-01,4.895038574218750000e+03
7.794511318206787109e-01,3.199569582939147949e-01,4.615551757812500000e+03
8.013309240341186523e-01,3.336128592491149902e-01,4.905419433593750000e+03
5.028339028358459473e-01,2.296966463327407837e-01,1.778128173828125000e+03
5.480719804763793945e-01,2.378862798213958740e-01,5.115664550781250000e+03
8.646647334098815918e-01,3.213419318199157715e-01,3.702475585937500000e+03
6.157767772674560547e-01,2.493520975112915039e-01,3.642133789062500000e+03
9.961303472518920898e-01,3.842884898185729980e-01,1.189920214843750000e+04
4.981518089771270752e-01,2.050023823976516724e-01,3.117107910156250000e+03
7.438092231750488281e-01,2.737790942192077637e-01,2.276138281250000000e+04
1.223004579544067383e+00,7.555476576089859009e-02,5.971568359375000000e+03
1.121321558952331543e+00,3.955352008342742920e-01,2.523215429687500000e+04
4.265360534191131592e-01,1.745165139436721802e-01,2.543419433593750000e+03
6.568610668182373047e-01,2.635840177536010742e-01,1.283787988281250000e+04
5.695079565048217773e-01,1.045279800891876221e-01,2.806526367187500000e+03
9.279577136039733887e-01,3.444122970104217529e-01,2.431412695312500000e+04
7.674981355667114258e-01,3.114611506462097168e-01,4.371512890625000000e+04
4.968208074569702148e-01,2.216173261404037476e-01,1.119982788085937500e+03
8.202208876609802246e-01,3.999598920345306396e-01,4.246438964843750000e+03
8.439341187477111816e-01,3.378838002681732178e-01,8.297691406250000000e+03
3.723347187042236328e-01,1.556945294141769409e-01,1.694526977539062500e+03
5.042262077331542969e-01,2.487549334764480591e-01,2.191530517578125000e+03
6.936327815055847168e-01,3.002253174781799316e-01,1.103009863281250000e+04
6.784182190895080566e-01,2.976635396480560303e-01,1.628682324218750000e+04
5.706927776336669922e-01,2.453303635120391846e-01,6.303958007812500000e+03
9.467912316322326660e-01,3.799860775470733643e-01,8.200865234375000000e+03
9.641070961952209473e-01,3.757792711257934570e-01,2.180379296875000000e+04
3.708838224411010742e-01,1.293039917945861816e-01,2.875925048828125000e+03
5.861276984214782715e-01,2.822748124599456787e-01,3.967600097656250000e+03
1.101098179817199707e+00,3.962966203689575195e-01,4.793358203125000000e+04
1.001814484596252441e+00,3.547321557998657227e-01,1.160518359375000000e+04
4.705231189727783203e-01,1.895879060029983521e-01,3.024806396484375000e+03
1.111113071441650391e+00,8.720313757658004761e-02,6.402095703125000000e+03
2.964354753494262695e-01,1.136445328593254089e-01,1.899982421875000000e+03
8.964260220527648926e-01,3.698710501194000244e-01,1.161522949218750000e+04
8.414680361747741699e-01,3.738775849342346191e-01,3.907148437500000000e+03
3.971349000930786133e-01,1.660778373479843140e-01,3.190642089843750000e+03
6.394466161727905273e-01,2.918141484260559082e-01,3.267440185546875000e+03
1.023990988731384277e+00,2.270409315824508667e-01,3.256288818359375000e+03
6.934253573417663574e-01,3.164044618606567383e-01,7.204586425781250000e+03
7.617447972297668457e-01,2.877208292484283447e-01,9.612171875000000000e+03
5.400803685188293457e-01,2.319488227367401123e-01,1.987275146484375000e+03
3.664562106132507324e-01,1.258061528205871582e-01,1.309823437500000000e+04
7.362971305847167969e-01,3.059628307819366455e-01,1.125638183593750000e+04
6.697974801063537598e-01,2.681449651718139648e-01,8.222511718750000000e+03
8.297881484031677246e-01,3.350453674793243408e-01,1.958730712890625000e+03
5.694378614425659180e-01,2.411226928234100342e-01,4.418543945312500000e+03
6.963405609130859375e-01,3.182626068592071533e-01,3.815532958984375000e+03
4.370886683464050293e-01,1.867015510797500610e-01,2.299436035156250000e+03
8.276963233947753906e-01,3.171027600765228271e-01,1.869739843750000000e+04
7.454147934913635254e-01,3.602928817272186279e-01,3.363863281250000000e+03
8.536777496337890625e-01,3.805443048477172852e-01,8.630522460937500000e+03
1.138157248497009277e+00,3.975625336170196533e-01,1.878775625000000000e+05
3.392930626869201660e-01,1.409060508012771606e-01,1.649068847656250000e+03
5.208522677421569824e-01,2.207739949226379395e-01,2.637825439453125000e+03
6.165239810943603516e-01,3.164089024066925049e-01,1.476541015625000000e+03
4.242816865444183350e-01,1.674597710371017456e-01,6.007241699218750000e+03
1.223682284355163574e+00,7.570010423660278320e-02,5.653428222656250000e+03
6.354690194129943848e-01,2.878233194351196289e-01,2.997175781250000000e+03
4.127698540687561035e-01,1.710226684808731079e-01,1.951758422851562500e+03
7.355636954307556152e-01,2.733397781848907471e-01,9.400525390625000000e+03
7.424827814102172852e-01,3.125945627689361572e-01,5.627107421875000000e+03
5.840301513671875000e-01,2.305790036916732788e-01,4.765345214843750000e+03
6.818504929542541504e-01,2.229945808649063110e-01,4.848612304687500000e+03
5.401799082756042480e-01,2.224546670913696289e-01,2.584671386718750000e+03
4.100753962993621826e-01,1.881888061761856079e-01,1.566372802734375000e+03
4.532393217086791992e-01,1.792784631252288818e-01,2.440990478515625000e+03
7.744213342666625977e-01,3.527299761772155762e-01,3.985864257812500000e+03
5.552238225936889648e-01,2.545439004898071289e-01,3.386143310546875000e+03
5.370721220970153809e-01,2.225304245948791504e-01,3.127399414062500000e+03
7.968355417251586914e-01,3.683215975761413574e-01,2.138448046875000000e+04
7.260562181472778320e-01,3.071522414684295654e-01,7.046321875000000000e+04
8.485022187232971191e-01,3.191379308700561523e-01,9.912953125000000000e+03
6.912924647331237793e-01,2.653749883174896240e-01,3.341940917968750000e+03
1.134046912193298340e+00,3.961432874202728271e-01,2.181906835937500000e+04
4.719255566596984863e-01,2.086994796991348267e-01,1.481752807617187500e+03
4.521834850311279297e-01,2.024970650672912598e-01,3.456878662109375000e+03
4.700203835964202881e-01,1.679615378379821777e-01,1.513723388671875000e+03
3.881028592586517334e-01,1.542310714721679688e-01,1.902171508789062500e+03
7.678329944610595703e-01,3.159643709659576416e-01,6.247582031250000000e+03
6.054441928863525391e-01,2.468755990266799927e-01,1.114593554687500000e+04
6.589542031288146973e-01,2.658486664295196533e-01,5.394071289062500000e+03
5.451033115386962891e-01,2.348943650722503662e-01,1.924373779296875000e+03
5.568929910659790039e-01,2.034615874290466309e-01,3.654576904296875000e+03
7.997403740882873535e-01,3.572979569435119629e-01,4.936372070312500000e+03
5.155586004257202148e-01,2.285513430833816528e-01,2.482669433593750000e+03
7.446323633193969727e-01,3.099449574947357178e-01,9.246920898437500000e+03
4.087036848068237305e-01,1.660575568675994873e-01,1.927563964843750000e+03
5.429781675338745117e-01,2.426100373268127441e-01,9.572866210937500000e+03
4.638057351112365723e-01,2.095747143030166626e-01,3.006142089843750000e+03
6.093308925628662109e-01,2.433974742889404297e-01,3.346592285156250000e+03
5.127165317535400391e-01,2.094283252954483032e-01,2.503182373046875000e+03
1.095728874206542969e+00,3.928068876266479492e-01,1.144771562500000000e+05
6.344455480575561523e-01,2.558827102184295654e-01,3.208196289062500000e+03
5.326718688011169434e-01,2.328899651765823364e-01,2.642979492187500000e+03
8.461936116218566895e-01,4.210398495197296143e-01,5.181647460937500000e+03
4.690803289413452148e-01,1.823949068784713745e-01,2.630999755859375000e+03
5.063441395759582520e-01,2.184045314788818359e-01,3.495976806640625000e+03
6.293262243270874023e-01,2.560981214046478271e-01,4.478547363281250000e+03
5.653514266014099121e-01,2.588321566581726074e-01,2.876062500000000000e+03
5.055812001228332520e-01,2.092558890581130981e-01,3.860382568359375000e+03
5.476167201995849609e-01,2.345115542411804199e-01,2.288031005859375000e+03
5.528698563575744629e-01,2.633678317070007324e-01,4.852014648437500000e+03
4.826000332832336426e-01,2.156884968280792236e-01,2.468758300781250000e+03
8.826365470886230469e-01,1.642483919858932495e-01,4.886371582031250000e+03
3.006440699100494385e-01,1.252776682376861572e-01,8.842214355468750000e+02
6.456199884414672852e-01,2.855785787105560303e-01,2.553877929687500000e+03
3.640705645084381104e-01,1.613957583904266357e-01,1.884795410156250000e+03
5.721416473388671875e-01,2.754469215869903564e-01,3.294558105468750000e+03
9.450718760490417480e-01,3.616087436676025391e-01,2.384108203125000000e+04
9.354162216186523438e-01,3.684311509132385254e-01,2.752084179687500000e+04
9.218775033950805664e-01,3.702873289585113525e-01,1.447796972656250000e+04
1.065933704376220703e+00,3.866681456565856934e-01,5.073773437500000000e+03
8.340591192245483398e-01,3.349581658840179443e-01,1.336699804687500000e+04
5.896822214126586914e-01,2.519856691360473633e-01,4.761595214843750000e+03
1.124589681625366211e+00,3.213788568973541260e-01,5.046559082031250000e+03
6.077738404273986816e-01,2.726232111454010010e-01,1.972518798828125000e+03
4.544703662395477295e-01,1.871069073677062988e-01,4.218949707031250000e+03
2.707643508911132812e-01,8.884041011333465576e-02,1.383616210937500000e+03
9.509568214416503906e-01,3.861610293388366699e-01,3.014844921875000000e+04
5.515213012695312500e-01,2.346054166555404663e-01,3.989653808593750000e+03
7.594496607780456543e-01,3.076245188713073730e-01,6.593448730468750000e+03
7.098477482795715332e-01,2.981581985950469971e-01,1.019757226562500000e+04
7.121737003326416016e-01,2.771112322807312012e-01,1.407308300781250000e+04
5.573390126228332520e-01,2.569246292114257812e-01,3.207569335937500000e+03
7.240771651268005371e-01,2.612060010433197021e-01,3.501591064453125000e+03
4.574106633663177490e-01,2.082564234733581543e-01,1.751070556640625000e+03
4.570717811584472656e-01,2.265164554119110107e-01,1.810755004882812500e+03
5.526951551437377930e-01,2.643330097198486328e-01,3.144002197265625000e+03
3.858149945735931396e-01,1.491305083036422729e-01,2.296512695312500000e+03
4.827216565608978271e-01,2.187660038471221924e-01,2.003853759765625000e+03
5.981225371360778809e-01,2.445007711648941040e-01,5.196889160156250000e+03
7.306182980537414551e-01,2.913493514060974121e-01,3.808158593750000000e+04
7.265900969505310059e-01,2.848932147026062012e-01,2.934601953125000000e+04
8.246287703514099121e-01,2.270150035619735718e-01,4.551547363281250000e+03
1.087761998176574707e+00,3.650915622711181641e-01,5.176848144531250000e+03
4.673354625701904297e-01,1.856332421302795410e-01,3.642658203125000000e+03
6.015836000442504883e-01,2.475095242261886597e-01,3.969597412109375000e+03
3.740320205688476562e-01,1.498191505670547485e-01,4.119255859375000000e+03
5.810171365737915039e-01,2.403561025857925415e-01,2.663853271484375000e+03
8.719067573547363281e-01,3.912878632545471191e-01,3.318244140625000000e+03
5.502996444702148438e-01,2.340531051158905029e-01,1.537434375000000000e+04
7.655592560768127441e-01,3.119213879108428955e-01,3.944305859375000000e+04
4.927254319190979004e-01,2.008958309888839722e-01,1.564615112304687500e+03
7.450038194656372070e-01,3.117806911468505859e-01,3.280754882812500000e+03
8.876317739486694336e-01,3.748093247413635254e-01,1.276597851562500000e+04
5.359291434288024902e-01,2.471158206462860107e-01,2.518605468750000000e+03
8.841072320938110352e-01,3.543717861175537109e-01,1.459755957031250000e+04
1.046387553215026855e+00,3.795507252216339111e-01,6.500565429687500000e+03
5.294011831283569336e-01,2.163946479558944702e-01,4.565203613281250000e+03
5.422209501266479492e-01,2.002041190862655640e-01,1.536948364257812500e+03
7.455766797065734863e-01,3.062679767608642578e-01,5.252103515625000000e+03
6.367849707603454590e-01,2.949653863906860352e-01,2.358496826171875000e+03
7.045879364013671875e-01,2.743832468986511230e-01,1.307882714843750000e+04
6.724253892898559570e-01,2.069964110851287842e-01,1.033117553710937500e+03
4.802657067775726318e-01,2.013170123100280762e-01,2.758532470703125000e+03
4.485194981098175049e-01,1.840820908546447754e-01,3.002848144531250000e+03
4.406307935714721680e-01,1.876996457576751709e-01,1.665285766601562500e+03
1.005627989768981934e+00,3.925036489963531494e-01,8.748996093750000000e+03
3.394113779067993164e-01,1.339612305164337158e-01,1.726978271484375000e+03
4.203938245773315430e-01,1.747400462627410889e-01,2.526585205078125000e+03
7.220692634582519531e-01,3.031041920185089111e-01,2.683814843750000000e+04
7.546930313110351562e-01,3.255175054073333740e-01,2.105975000000000000e+04
5.070955753326416016e-01,2.153625041246414185e-01,2.569532958984375000e+03
9.222993254661560059e-01,3.494643568992614746e-01,2.486891601562500000e+04
5.877718925476074219e-01,2.596275210380554199e-01,7.041471191406250000e+03
1.170694947242736816e+00,8.235635608434677124e-02,6.128473632812500000e+03
3.703519999980926514e-01,1.467894613742828369e-01,2.328347656250000000e+03
6.945234537124633789e-01,3.167052865028381348e-01,5.892258300781250000e+03
6.120941638946533203e-01,2.334237843751907349e-01,6.525376464843750000e+03
5.247499942779541016e-01,2.209987640380859375e-01,2.856382080078125000e+03
3.923478722572326660e-01,1.966239064931869507e-01,2.783486816406250000e+03
5.327309370040893555e-01,1.980449408292770386e-01,2.879590332031250000e+03
9.320600628852844238e-01,3.462895452976226807e-01,3.096362890625000000e+04
6.973598003387451172e-01,3.078916966915130615e-01,4.230333007812500000e+03
9.278383851051330566e-01,3.548464179039001465e-01,9.099217773437500000e+03
6.580567955970764160e-01,2.729490101337432861e-01,9.403399414062500000e+03
5.878993868827819824e-01,2.308610379695892334e-01,2.107223144531250000e+03
7.206556200981140137e-01,3.330781459808349609e-01,3.853513916015625000e+03
6.472354531288146973e-01,2.416526228189468384e-01,1.663520117187500000e+04
5.133314728736877441e-01,2.506880462169647217e-01,1.251510498046875000e+03
7.835028767585754395e-01,3.024848699569702148e-01,7.352844238281250000e+03
7.001410126686096191e-01,2.924675643444061279e-01,1.860149023437500000e+04
5.136530399322509766e-01,2.053056359291076660e-01,2.981772460937500000e+03
5.531815886497497559e-01,2.516332566738128662e-01,1.799978881835937500e+03
6.643342971801757812e-01,2.836078107357025146e-01,1.014176660156250000e+04
7.236185669898986816e-01,3.463293612003326416e-01,3.942262207031250000e+03
3.962127864360809326e-01,1.585870385169982910e-01,3.487155517578125000e+03
6.375045776367187500e-01,2.573583424091339111e-01,3.839679199218750000e+03
7.104942798614501953e-01,3.133771717548370361e-01,7.443431640625000000e+03
5.549993515014648438e-01,2.135396599769592285e-01,5.386601562500000000e+03
5.091302394866943359e-01,2.213222980499267578e-01,4.322785156250000000e+03
9.749701023101806641e-01,3.923560678958892822e-01,5.958303710937500000e+03
6.651373505592346191e-01,2.916986346244812012e-01,4.845075195312500000e+03
7.198382019996643066e-01,2.886654436588287354e-01,8.860603515625000000e+03
7.986559271812438965e-01,3.359323740005493164e-01,3.365826171875000000e+04
1.139088153839111328e+00,4.014468193054199219e-01,2.011371718750000000e+05
1.126147031784057617e+00,3.959564268589019775e-01,7.345060156250000000e+04
7.932444810867309570e-01,3.434867560863494873e-01,1.973942578125000000e+04
7.268744111061096191e-01,2.869477272033691406e-01,5.142415527343750000e+03
5.002572536468505859e-01,2.045047879219055176e-01,2.096336914062500000e+03
6.923568844795227051e-01,2.647452652454376221e-01,4.930510742187500000e+03
6.288530826568603516e-01,2.598566710948944092e-01,9.211701171875000000e+03
3.358931839466094971e-01,1.473591476678848267e-01,1.794184570312500000e+03
8.206472396850585938e-01,3.243865668773651123e-01,4.916024902343750000e+03
6.794998049736022949e-01,2.731693685054779053e-01,4.952630371093750000e+03
6.302472949028015137e-01,3.042135238647460938e-01,4.314629394531250000e+03
6.205574870109558105e-01,2.526767849922180176e-01,4.539613769531250000e+03
7.075352072715759277e-01,3.331383168697357178e-01,5.381803222656250000e+03
5.581154227256774902e-01,2.046358585357666016e-01,1.044509399414062500e+03
1.110963463783264160e+00,3.974021971225738525e-01,1.303207519531250000e+04
6.552959680557250977e-01,2.804399132728576660e-01,2.999359375000000000e+03
5.717573761940002441e-01,2.420157194137573242e-01,2.429076904296875000e+03
4.086197018623352051e-01,1.657774597406387329e-01,2.375154541015625000e+03
8.560522794723510742e-01,3.315577805042266846e-01,4.219679687500000000e+04
3.626476526260375977e-01,1.408698260784149170e-01,2.615906005859375000e+03
4.952276647090911865e-01,1.871725469827651978e-01,5.334310058593750000e+03
5.397847890853881836e-01,2.270814776420593262e-01,3.882967285156250000e+03
7.301089167594909668e-01,3.207681775093078613e-01,1.228937792968750000e+04
4.445832669734954834e-01,1.904909610748291016e-01,4.323612792968750000e+03
5.648605227470397949e-01,2.161997407674789429e-01,5.457338867187500000e+03
5.500507354736328125e-01,2.414260953664779663e-01,2.602260009765625000e+03
7.634533643722534180e-01,3.100759685039520264e-01,6.733081542968750000e+03
3.237545192241668701e-01,1.268488764762878418e-01,1.444496582031250000e+03
5.362408757209777832e-01,2.359944730997085571e-01,1.389546264648437500e+03
5.828483700752258301e-01,2.476206123828887939e-01,4.085787597656250000e+03
8.303124308586120605e-01,3.187343180179595947e-01,8.173431640625000000e+03
6.338285207748413086e-01,2.930962443351745605e-01,3.587562744140625000e+03
9.034266471862792969e-01,3.458310663700103760e-01,1.061154882812500000e+04
9.889843463897705078e-01,2.139780521392822266e-01,4.282230957031250000e+03
8.327451348304748535e-01,2.647594511508941650e-01,3.792496582031250000e+03
5.021013021469116211e-01,2.096277922391891479e-01,5.183322265625000000e+03
8.797516822814941406e-01,3.196774721145629883e-01,6.424860839843750000e+03
5.053122043609619141e-01,2.332068830728530884e-01,4.484697753906250000e+03
1.107527017593383789e+00,3.983301520347595215e-01,6.213025390625000000e+03
1.076108574867248535e+00,3.434720933437347412e-01,4.464849121093750000e+03
6.511504054069519043e-01,3.048284947872161865e-01,8.642374023437500000e+03
4.033985733985900879e-01,1.725461035966873169e-01,1.080993774414062500e+03
6.880692243576049805e-01,3.068254292011260986e-01,2.932763671875000000e+03
3.125289976596832275e-01,1.154905855655670166e-01,8.616828613281250000e+02
6.038698554039001465e-01,2.294340580701828003e-01,8.373599609375000000e+03
5.316280722618103027e-01,2.163433730602264404e-01,5.139867675781250000e+03
6.602702140808105469e-01,2.850832641124725342e-01,1.328511328125000000e+04
9.186065793037414551e-01,2.518841624259948730e-01,3.696812500000000000e+03
7.733613252639770508e-01,3.064219355583190918e-01,1.849539843750000000e+04
6.527283787727355957e-01,3.167982101440429688e-01,1.324900756835937500e+03
5.194374918937683105e-01,2.019651830196380615e-01,9.064621093750000000e+03
8.151120543479919434e-01,3.635956048965454102e-01,9.772269531250000000e+03
5.653851628303527832e-01,2.224191725254058838e-01,3.936589599609375000e+03
6.653627753257751465e-01,2.673517465591430664e-01,2.157332519531250000e+03
7.459852099418640137e-01,3.309558629989624023e-01,3.716364990234375000e+03
6.157948374748229980e-01,2.485587894916534424e-01,8.194411132812500000e+03
9.705704450607299805e-01,3.912670612335205078e-01,9.400838867187500000e+03
5.131057500839233398e-01,1.798409223556518555e-01,2.543557861328125000e+03
7.443058490753173828e-01,3.102526962757110596e-01,1.644035546875000000e+04
3.836989104747772217e-01,1.512350589036941528e-01,1.811567749023437500e+03
6.825563311576843262e-01,2.826985418796539307e-01,3.968677246093750000e+03
9.096024632453918457e-01,3.506190776824951172e-01,4.941090820312500000e+03
6.748475432395935059e-01,2.225384861230850220e-01,1.453774536132812500e+03
4.915413260459899902e-01,1.498466730117797852e-01,4.392079589843750000e+03
6.398631930351257324e-01,2.613276839256286621e-01,7.277350781250000000e+04
9.616014361381530762e-01,3.616871833801269531e-01,1.238558300781250000e+04
5.919550657272338867e-01,2.367812991142272949e-01,2.303937500000000000e+03
6.149559617042541504e-01,2.705739438533782959e-01,3.274435058593750000e+03
6.289684176445007324e-01,2.555427551269531250e-01,1.210373828125000000e+04
8.173301219940185547e-01,2.004967629909515381e-01,3.649095703125000000e+03
7.601593732833862305e-01,3.494345843791961670e-01,9.413126953125000000e+03
9.302101135253906250e-01,3.734728395938873291e-01,2.834696679687500000e+04
5.809010863304138184e-01,2.312031686305999756e-01,8.920481445312500000e+03
4.835868477821350098e-01,1.990600973367691040e-01,4.697195312500000000e+03
7.566552162170410156e-01,3.573081195354461670e-01,2.746474853515625000e+03
6.870979070663452148e-01,3.135458528995513916e-01,3.038863525390625000e+03
7.374620437622070312e-01,3.041189312934875488e-01,5.180827636718750000e+03
6.299431324005126953e-01,2.780253589153289795e-01,4.657546875000000000e+03
9.230781197547912598e-01,3.761076629161834717e-01,3.511548828125000000e+04
2.971117496490478516e-01,1.050831750035285950e-01,1.192864746093750000e+03
7.184691429138183594e-01,2.674827277660369873e-01,5.590771972656250000e+03
5.714634060859680176e-01,2.429046034812927246e-01,2.648719482421875000e+03
6.740481853485107422e-01,2.783068418502807617e-01,8.321372070312500000e+03
1.105933308601379395e+00,3.888272643089294434e-01,7.355176269531250000e+03
5.813862085342407227e-01,2.387770861387252808e-01,3.981799804687500000e+03
5.690240859985351562e-01,2.856600880622863770e-01,2.070161865234375000e+03
5.971520543098449707e-01,2.353072464466094971e-01,9.481688232421875000e+02
9.714116454124450684e-01,3.167729973793029785e-01,5.161938964843750000e+03
4.933955371379852295e-01,2.538179457187652588e-01,1.359916137695312500e+03
5.669523477554321289e-01,2.477901577949523926e-01,6.557166503906250000e+03
4.137641489505767822e-01,1.744916439056396484e-01,1.190964721679687500e+03
7.020782828330993652e-01,2.895300388336181641e-01,2.905686523437500000e+03
8.330475091934204102e-01,2.483592182397842407e-01,4.718895507812500000e+03
1.136437654495239258e+00,3.970870673656463623e-01,1.121639062500000000e+05
1.139368295669555664e+00,3.973145782947540283e-01,2.501456093750000000e+05
5.096086263656616211e-01,2.272140830755233765e-01,2.613765136718750000e+03
5.796177387237548828e-01,2.268906980752944946e-01,5.768671875000000000e+03
8.756392598152160645e-01,3.982656002044677734e-01,8.184040527343750000e+03
7.183742523193359375e-01,2.905275821685791016e-01,1.049534375000000000e+04
1.076414823532104492e+00,3.950527906417846680e-01,4.284282714843750000e+03
4.610117673873901367e-01,2.001167684793472290e-01,2.347223144531250000e+03
6.101410984992980957e-01,2.582460641860961914e-01,1.683306396484375000e+03
4.960493743419647217e-01,2.123606801033020020e-01,1.952105712890625000e+03
8.352551460266113281e-01,3.210373520851135254e-01,4.989994628906250000e+03
7.239661216735839844e-01,2.885311543941497803e-01,1.753421508789062500e+03
6.695627570152282715e-01,2.558946013450622559e-01,1.417923437500000000e+04
1.098650813102722168e+00,3.992369771003723145e-01,4.280880859375000000e+03
5.405793190002441406e-01,2.328679114580154419e-01,3.258567382812500000e+03
1.139631032943725586e+00,3.994190394878387451e-01,1.575735625000000000e+05
7.040020823478698730e-01,2.786215245723724365e-01,1.785578125000000000e+04
8.518226742744445801e-01,3.731938898563385010e-01,4.990079589843750000e+03
5.741297006607055664e-01,2.854971587657928467e-01,1.831295288085937500e+03
6.309056282043457031e-01,2.509956955909729004e-01,6.031234863281250000e+03
3.131056427955627441e-01,1.174385398626327515e-01,4.966492675781250000e+03
6.727288961410522461e-01,2.731317579746246338e-01,4.798203613281250000e+03
7.692755460739135742e-01,3.378237187862396240e-01,1.012995996093750000e+04
2.997533679008483887e-01,1.350037157535552979e-01,8.091885986328125000e+02
9.758684039115905762e-01,3.962725102901458740e-01,1.966836523437500000e+04
3.391597568988800049e-01,1.290899217128753662e-01,1.093826660156250000e+03
5.544187426567077637e-01,2.027308940887451172e-01,8.878504882812500000e+03
7.100871205329895020e-01,2.827418446540832520e-01,1.044610253906250000e+04
6.936861872673034668e-01,3.060318827629089355e-01,1.049930078125000000e+04
7.079263925552368164e-01,2.794640362262725830e-01,2.097578369140625000e+03
3.356992900371551514e-01,1.326664388179779053e-01,3.410704345703125000e+03
5.566674470901489258e-01,2.668930888175964355e-01,3.327136474609375000e+03
6.862604618072509766e-01,2.932968437671661377e-01,3.687921142578125000e+03
6.196887493133544922e-01,2.398870438337326050e-01,1.469141308593750000e+04
8.069840073585510254e-01,3.515089750289916992e-01,4.986686035156250000e+03
5.482869148254394531e-01,2.526684999465942383e-01,5.057409179687500000e+03
5.351108312606811523e-01,2.259496152400970459e-01,8.058740234375000000e+03
7.447440624237060547e-01,3.076651394367218018e-01,1.737353125000000000e+04
6.074611544609069824e-01,1.891945898532867432e-01,7.761625366210937500e+02
9.927401542663574219e-01,3.774838149547576904e-01,4.054648046875000000e+04
3.760703504085540771e-01,1.646031141281127930e-01,1.397899780273437500e+03
8.751461505889892578e-01,3.672743439674377441e-01,3.050647070312500000e+04
6.878923177719116211e-01,2.958852946758270264e-01,6.310594726562500000e+03
6.743526458740234375e-01,2.402406632900238037e-01,1.073908300781250000e+04
5.575482845306396484e-01,2.170615792274475098e-01,6.870640136718750000e+03
3.278661370277404785e-01,1.484823077917098999e-01,1.974470825195312500e+03
8.912449479103088379e-01,4.010217785835266113e-01,9.470376953125000000e+03
7.827603220939636230e-01,3.003353476524353027e-01,3.107868750000000000e+04
7.257970571517944336e-01,3.035214841365814209e-01,9.231752929687500000e+03
3.460366129875183105e-01,1.367818415164947510e-01,7.996394042968750000e+02
6.400033831596374512e-01,2.527830004692077637e-01,1.194011425781250000e+04
7.420533895492553711e-01,3.125053942203521729e-01,2.187157421875000000e+04
5.962860584259033203e-01,2.478871047496795654e-01,4.518151367187500000e+03
5.748453736305236816e-01,2.215429842472076416e-01,3.911021484375000000e+03
6.293683052062988281e-01,2.671296000480651855e-01,2.733402099609375000e+03
5.298724174499511719e-01,1.989579200744628906e-01,5.890913085937500000e+03
3.884262740612030029e-01,1.773204058408737183e-01,1.892720825195312500e+03
7.485610842704772949e-01,3.155925869941711426e-01,9.447826171875000000e+03
7.438462376594543457e-01,2.952704727649688721e-01,6.485234863281250000e+03
7.476311922073364258e-01,3.120602071285247803e-01,4.238564453125000000e+03
8.270524144172668457e-01,3.469242751598358154e-01,4.020617431640625000e+03
4.759337604045867920e-01,2.029874473810195923e-01,2.113943115234375000e+03
5.431734323501586914e-01,2.326888144016265869e-01,2.086860839843750000e+03
6.066520214080810547e-01,2.551344335079193115e-01,3.081654785156250000e+03
7.598678469657897949e-01,2.434269487857818604e-01,1.176819628906250000e+04
5.447989702224731445e-01,2.490443587303161621e-01,6.352507324218750000e+03
4.937649369239807129e-01,1.867259144783020020e-01,8.132474121093750000e+03
5.968953967094421387e-01,2.698449492454528809e-01,4.458379394531250000e+03
4.687411487102508545e-01,1.714777350425720215e-01,2.322270507812500000e+03
5.647021532058715820e-01,2.346181273460388184e-01,2.792299072265625000e+03
7.367596030235290527e-01,3.014042079448699951e-01,7.661320312500000000e+03
7.822960615158081055e-01,3.620178997516632080e-01,2.359939697265625000e+03
6.839631795883178711e-01,2.543922960758209229e-01,1.053957714843750000e+04
5.094674825668334961e-01,2.111273258924484253e-01,1.686763305664062500e+03
7.741355895996093750e-01,3.439243733882904053e-01,1.036182421875000000e+04
4.910240769386291504e-01,2.171561121940612793e-01,3.311274414062500000e+03
5.924198031425476074e-01,2.360438704490661621e-01,1.641810913085937500e+03
8.718252778053283691e-01,3.723180592060089111e-01,6.760873535156250000e+03
8.251011371612548828e-01,3.446547985076904297e-01,1.867636132812500000e+04
7.376408576965332031e-01,3.344308137893676758e-01,2.258756835937500000e+03
2.945724725723266602e-01,1.151218637824058533e-01,1.436929077148437500e+03
6.443250179290771484e-01,2.650761306285858154e-01,2.980959228515625000e+03
5.471444129943847656e-01,2.160732001066207886e-01,1.030122851562500000e+04
5.386775135993957520e-01,2.363206446170806885e-01,3.309818847656250000e+03
7.393142580986022949e-01,2.878438830375671387e-01,7.605159179687500000e+03
8.049695491790771484e-01,3.438677787780761719e-01,2.572538085937500000e+04
1.104478955268859863e+00,3.747404515743255615e-01,9.336581054687500000e+03
7.480745911598205566e-01,3.582953810691833496e-01,2.071056396484375000e+03
9.509058594703674316e-01,3.272269964218139648e-01,4.099932617187500000e+03
4.296713769435882568e-01,2.048411816358566284e-01,1.354433715820312500e+03
1.054161071777343750e+00,3.872771561145782471e-01,1.008596953125000000e+05
1.056646823883056641e+00,3.851611018180847168e-01,2.810207812500000000e+04
5.653355121612548828e-01,2.629336416721343994e-01,1.578373535156250000e+03
5.818900465965270996e-01,2.588897645473480225e-01,5.548604492187500000e+03
5.723381042480468750e-01,2.535246312618255615e-01,4.234229980468750000e+03
1.092867732048034668e+00,3.666275441646575928e-01,6.032971191406250000e+03
5.469974875450134277e-01,2.605052292346954346e-01,1.238130371093750000e+03
6.323843002319335938e-01,2.584128379821777344e-01,1.805153125000000000e+04
8.542822003364562988e-01,3.436429500579833984e-01,6.597552734375000000e+03
5.932893753051757812e-01,2.496197223663330078e-01,3.327607910156250000e+03
5.003104209899902344e-01,2.075267434120178223e-01,3.109431640625000000e+03
5.204423069953918457e-01,2.190646082162857056e-01,4.537196777343750000e+03
4.622322618961334229e-01,2.012225985527038574e-01,2.521069091796875000e+03
1.064672231674194336e+00,4.120416343212127686e-01,7.875973144531250000e+03
5.866466164588928223e-01,2.974901199340820312e-01,2.144428710937500000e+03
6.258572340011596680e-01,3.396949470043182373e-01,2.327307373046875000e+03
6.196966171264648438e-01,2.780538499355316162e-01,7.150817871093750000e+03
4.024936556816101074e-01,1.649941056966781616e-01,1.700800170898437500e+03
6.323692798614501953e-01,2.984081804752349854e-01,3.584881347656250000e+03
9.256188273429870605e-01,4.015816152095794678e-01,2.088424414062500000e+04
6.559785008430480957e-01,3.002415001392364502e-01,2.324580078125000000e+03
6.210252642631530762e-01,1.648760139942169189e-01,3.134128417968750000e+03
5.130479335784912109e-01,2.168150395154953003e-01,2.694991455078125000e+03
1.118073582649230957e+00,3.956794440746307373e-01,1.217258828125000000e+05
4.017257988452911377e-01,1.252267509698867798e-01,9.556452636718750000e+02
8.267464637756347656e-01,3.839122354984283447e-01,3.150444824218750000e+03
4.747116565704345703e-01,1.889947056770324707e-01,2.585913818359375000e+03
7.059950232505798340e-01,3.088376522064208984e-01,6.771202636718750000e+03
7.001023888587951660e-01,2.218848019838333130e-01,1.532688354492187500e+03
9.733166694641113281e-01,3.680686354637145996e-01,2.765519140625000000e+04
8.808367848396301270e-01,1.752518117427825928e-01,3.882347412109375000e+03
6.829279661178588867e-01,2.837089896202087402e-01,1.739405078125000000e+04
9.523726701736450195e-01,4.301561415195465088e-01,3.282912353515625000e+03
7.042491436004638672e-01,2.638298273086547852e-01,1.563014746093750000e+04
7.716870903968811035e-01,3.185974359512329102e-01,5.902144042968750000e+03
9.075269699096679688e-01,3.564203977584838867e-01,3.698970947265625000e+03
8.534895181655883789e-01,2.840818166732788086e-01,3.474724365234375000e+03
5.285325646400451660e-01,2.049005627632141113e-01,3.658003906250000000e+03
5.050163269042968750e-01,2.180592715740203857e-01,2.180364746093750000e+03
8.287196159362792969e-01,3.095529079437255859e-01,2.669205468750000000e+04
5.883408784866333008e-01,2.475784569978713989e-01,7.265359863281250000e+03
8.580077886581420898e-01,2.347422093152999878e-01,2.565728759765625000e+03
6.617439985275268555e-01,3.044317662715911865e-01,4.161081054687500000e+03
1.054248571395874023e+00,3.961164355278015137e-01,1.962319921875000000e+04
5.313956737518310547e-01,2.600883245468139648e-01,4.289288085937500000e+03
6.643655300140380859e-01,2.587002813816070557e-01,1.290062500000000000e+04
9.932875633239746094e-01,3.697049915790557861e-01,8.384098632812500000e+03
6.866169571876525879e-01,2.975320219993591309e-01,3.227930664062500000e+03
4.510133862495422363e-01,1.854656189680099487e-01,1.830292480468750000e+03
8.837107419967651367e-01,3.752852082252502441e-01,1.615305859375000000e+04
8.103202581405639648e-01,3.567141294479370117e-01,1.264118066406250000e+04
4.118639230728149414e-01,1.841144710779190063e-01,1.684193359375000000e+03
9.763086438179016113e-01,3.717345595359802246e-01,6.013482910156250000e+03
7.627362012863159180e-01,3.089629709720611572e-01,6.089995117187500000e+03
4.920983314514160156e-01,2.015358507633209229e-01,1.947783081054687500e+03
6.700851917266845703e-01,2.818979620933532715e-01,2.222346923828125000e+03
6.297222971916198730e-01,2.709331214427947998e-01,5.978641796875000000e+04
6.798153519630432129e-01,3.257823288440704346e-01,2.972368652343750000e+03
6.092381477355957031e-01,2.541012465953826904e-01,2.538877929687500000e+03
6.813712716102600098e-01,2.752653658390045166e-01,5.474419140625000000e+04
1.164721488952636719e+00,3.743521273136138916e-01,1.165122680664062500e+03
5.196347236633300781e-01,2.341870367527008057e-01,1.021828417968750000e+04
3.257056176662445068e-01,1.383889764547348022e-01,2.667927490234375000e+03
8.314402699470520020e-01,2.539471983909606934e-01,6.146669433593750000e+03
1.041639208793640137e+00,3.845870494842529297e-01,1.979949609375000000e+04
1.139680147171020508e+00,3.989607393741607666e-01,1.288956718750000000e+05
1.035171270370483398e+00,3.913576602935791016e-01,2.676536914062500000e+04
4.889084994792938232e-01,1.908087879419326782e-01,3.757206298828125000e+03
7.186191678047180176e-01,3.521825373172760010e-01,4.538482421875000000e+03
3.631019890308380127e-01,1.658207923173904419e-01,1.730070312500000000e+03
5.722486376762390137e-01,2.507081627845764160e-01,4.278005859375000000e+03
4.900382757186889648e-01,1.922663450241088867e-01,2.202481689453125000e+03
6.117148995399475098e-01,2.298657000064849854e-01,5.222184570312500000e+03
4.186464250087738037e-01,1.837722808122634888e-01,2.337279296875000000e+03
6.939549446105957031e-01,3.688749670982360840e-01,1.905631250000000000e+04
6.098369956016540527e-01,2.105639576911926270e-01,6.922691406250000000e+03
6.118025779724121094e-01,2.515067458152770996e-01,6.532394042968750000e+03
5.809352397918701172e-01,2.132332026958465576e-01,2.186495117187500000e+03
4.500295221805572510e-01,2.046732306480407715e-01,3.266051513671875000e+03
7.517158389091491699e-01,3.209236860275268555e-01,6.564735351562500000e+03
6.162421703338623047e-01,2.657941281795501709e-01,6.462217773437500000e+03
5.291593074798583984e-01,2.516286671161651611e-01,1.676609863281250000e+03
7.913271188735961914e-01,3.377320468425750732e-01,8.277287109375000000e+03
6.844400167465209961e-01,3.024601936340332031e-01,3.454830566406250000e+03
5.291037559509277344e-01,2.778404951095581055e-01,5.320846191406250000e+03
6.733455657958984375e-01,3.195357322692871094e-01,3.441111572265625000e+03
7.980729341506958008e-01,3.015941977500915527e-01,1.896305664062500000e+04
6.027943491935729980e-01,2.399561852216720581e-01,6.519569335937500000e+03
7.941764593124389648e-01,3.173613548278808594e-01,7.983472656250000000e+04
7.316665053367614746e-01,2.791717052459716797e-01,6.808365234375000000e+03
1.050598621368408203e+00,3.809238076210021973e-01,1.664004687500000000e+04
5.466435551643371582e-01,2.560970783233642578e-01,9.189428710937500000e+02
5.958791971206665039e-01,2.659878730773925781e-01,2.747768066406250000e+03
9.463407993316650391e-01,2.550935745239257812e-01,7.742285644531250000e+03
5.584948658943176270e-01,2.222106158733367920e-01,9.384901367187500000e+03
6.746034026145935059e-01,2.327786982059478760e-01,1.954208862304687500e+03
6.732788085937500000e-01,3.077509999275207520e-01,2.084281982421875000e+03
5.225062966346740723e-01,2.448200583457946777e-01,2.310516601562500000e+03
4.281486868858337402e-01,1.798435300588607788e-01,4.831295410156250000e+03
7.926520109176635742e-01,3.517316281795501709e-01,5.075719238281250000e+03
5.241674780845642090e-01,2.180232256650924683e-01,1.411821289062500000e+03
2.522128522396087646e-01,1.007738709449768066e-01,8.351832885742187500e+02
7.558267116546630859e-01,3.187189698219299316e-01,4.304056152343750000e+03
6.066755056381225586e-01,2.618089914321899414e-01,4.372625000000000000e+03
6.411185264587402344e-01,3.537563979625701904e-01,4.076022216796875000e+03
8.857675194740295410e-01,3.706432580947875977e-01,6.762208007812500000e+03
8.452609181404113770e-01,3.620086312294006348e-01,6.626504394531250000e+03
5.083913207054138184e-01,2.428621947765350342e-01,1.310805541992187500e+03
8.301622271537780762e-01,3.046625256538391113e-01,6.252125000000000000e+03
7.341279387474060059e-01,3.021950423717498779e-01,1.272978759765625000e+03
1.031953930854797363e+00,2.100495845079421997e-01,5.618149414062500000e+03
6.165594458580017090e-01,3.045262098312377930e-01,2.953564941406250000e+03
2.642684876918792725e-01,1.011618226766586304e-01,1.039041992187500000e+03
8.635939955711364746e-01,4.102835953235626221e-01,1.141389453125000000e+04
4.825205206871032715e-01,1.930866986513137817e-01,1.372041601562500000e+04
6.795008182525634766e-01,2.676285803318023682e-01,1.579463183593750000e+04
5.102727413177490234e-01,2.207514196634292603e-01,2.653491210937500000e+03
6.656697392463684082e-01,2.828045189380645752e-01,3.018135253906250000e+03
8.478980064392089844e-01,3.383822441101074219e-01,1.215768359375000000e+04
4.267669022083282471e-01,1.914118975400924683e-01,4.380620117187500000e+03
4.679083228111267090e-01,1.920156627893447876e-01,1.396208129882812500e+03
6.276796460151672363e-01,2.046868652105331421e-01,7.042730468750000000e+03
5.048326849937438965e-01,1.712145507335662842e-01,1.855843627929687500e+03
7.858557105064392090e-01,2.369108647108078003e-01,4.290153808593750000e+03
6.053507924079895020e-01,2.570130527019500732e-01,4.140178222656250000e+03
6.557000875473022461e-01,2.835691571235656738e-01,2.606643798828125000e+03
7.289078831672668457e-01,3.040328323841094971e-01,1.317448242187500000e+04
5.548364520072937012e-01,2.397264391183853149e-01,2.204771728515625000e+03
5.563978552818298340e-01,2.687747180461883545e-01,1.872260620117187500e+03
6.333758234977722168e-01,2.430648207664489746e-01,2.506494384765625000e+03
5.765560269355773926e-01,2.604874074459075928e-01,8.809380859375000000e+03
7.185215950012207031e-01,3.043348789215087891e-01,6.864614257812500000e+03
6.102641224861145020e-01,2.615747451782226562e-01,3.135160156250000000e+03
2.674786448478698730e-01,1.080674827098846436e-01,1.081793579101562500e+03
4.441640377044677734e-01,1.831299364566802979e-01,4.615626953125000000e+03
6.807641983032226562e-01,3.067634701728820801e-01,3.777261474609375000e+03
9.892199635505676270e-01,1.165014430880546570e-01,5.250052734375000000e+03
9.217717051506042480e-01,3.473352789878845215e-01,2.868674023437500000e+04
7.449396252632141113e-01,3.321714103221893311e-01,8.835472656250000000e+03
6.280114650726318359e-01,2.643899023532867432e-01,2.544856933593750000e+03
9.942912459373474121e-01,3.824017941951751709e-01,1.384128222656250000e+04
6.761432886123657227e-01,2.488694936037063599e-01,2.279899169921875000e+03
4.427662491798400879e-01,1.805721968412399292e-01,2.456106689453125000e+03
4.828552305698394775e-01,1.731721460819244385e-01,2.343372558593750000e+03
4.692255258560180664e-01,1.900065094232559204e-01,2.600568847656250000e+03
9.986292719841003418e-01,3.770116865634918213e-01,6.300671875000000000e+04
7.922331690788269043e-01,3.661395907402038574e-01,4.384679687500000000e+03
6.737247109413146973e-01,3.005113005638122559e-01,3.285834716796875000e+03
6.113915443420410156e-01,2.082640230655670166e-01,3.806381347656250000e+03
6.894128918647766113e-01,2.854253053665161133e-01,4.754916015625000000e+03
5.769913196563720703e-01,2.386252284049987793e-01,2.713977783203125000e+03
7.588319778442382812e-01,2.775440216064453125e-01,6.174201562500000000e+04
7.542300224304199219e-01,2.328147441148757935e-01,2.737838867187500000e+03
1.090197443962097168e+00,3.906813263893127441e-01,1.289558398437500000e+04
8.126468658447265625e-01,3.171077370643615723e-01,2.243102343750000000e+04
7.554234862327575684e-01,2.521397769451141357e-01,3.429936523437500000e+03
4.086995124816894531e-01,1.980885416269302368e-01,1.450873901367187500e+03
6.393508911132812500e-01,2.771057188510894775e-01,3.468103759765625000e+03
5.208647251129150391e-01,2.070665508508682251e-01,3.583791015625000000e+03
4.323753416538238525e-01,1.690313667058944702e-01,1.956968383789062500e+03
5.712871551513671875e-01,2.331708073616027832e-01,7.739328613281250000e+02
6.981101036071777344e-01,2.951751053333282471e-01,3.233955078125000000e+03
4.077464044094085693e-01,1.676095575094223022e-01,3.942060302734375000e+03
7.313532829284667969e-01,3.109157979488372803e-01,2.957525585937500000e+04
4.666841030120849609e-01,1.987465471029281616e-01,2.907992187500000000e+03
6.887326240539550781e-01,2.825928926467895508e-01,1.961480859375000000e+04
7.987877130508422852e-01,3.503485620021820068e-01,9.062582031250000000e+03
8.893132805824279785e-01,3.513770997524261475e-01,5.485733398437500000e+03
9.208891391754150391e-01,3.677014708518981934e-01,8.771849609375000000e+03
4.732422232627868652e-01,2.145575731992721558e-01,3.207645507812500000e+03
8.956445455551147461e-01,2.945532798767089844e-01,1.418229980468750000e+03
5.893313884735107422e-01,2.656542360782623291e-01,8.708221679687500000e+03
1.031639456748962402e+00,3.807834386825561523e-01,1.660610156250000000e+04
9.146727323532104492e-01,3.467734456062316895e-01,6.484042480468750000e+03
6.067306995391845703e-01,2.439574003219604492e-01,5.293768554687500000e+03
5.385343432426452637e-01,2.478848844766616821e-01,6.904989257812500000e+03
8.907480835914611816e-01,3.415548205375671387e-01,2.319787500000000000e+04
5.271658301353454590e-01,2.307803034782409668e-01,2.753863037109375000e+03
1.037283062934875488e+00,3.884557783603668213e-01,1.811857812500000000e+04
5.916637778282165527e-01,2.138831019401550293e-01,2.667164794921875000e+03
6.067680716514587402e-01,2.712767720222473145e-01,6.733764648437500000e+03
5.775674581527709961e-01,2.367621064186096191e-01,7.548552734375000000e+03
9.306697249412536621e-01,3.778511285781860352e-01,3.742959375000000000e+04
6.177173256874084473e-01,2.285815477371215820e-01,9.583881835937500000e+03
5.939372777938842773e-01,2.699463367462158203e-01,6.753508300781250000e+03
5.890933275222778320e-01,2.418536394834518433e-01,2.384788476562500000e+04
9.079736471176147461e-01,3.754191398620605469e-01,1.199750976562500000e+04
1.140500783920288086e+00,3.974053263664245605e-01,5.228632812500000000e+04
8.798018693923950195e-01,2.506912648677825928e-01,1.067892089843750000e+04
8.859821557998657227e-01,3.739743232727050781e-01,7.613674316406250000e+03
9.118593335151672363e-01,3.883312046527862549e-01,5.446907226562500000e+03
4.472607076168060303e-01,2.078486233949661255e-01,1.369316650390625000e+03
5.754563808441162109e-01,2.339729070663452148e-01,5.425135742187500000e+03
8.567696809768676758e-01,3.705975115299224854e-01,1.298538183593750000e+04
4.653059542179107666e-01,1.819850653409957886e-01,2.932691894531250000e+03
8.203461170196533203e-01,3.435192406177520752e-01,7.653539550781250000e+03
5.586938858032226562e-01,2.384493201971054077e-01,3.870320312500000000e+03
6.211267709732055664e-01,2.450126558542251587e-01,2.259795507812500000e+04
6.722420454025268555e-01,2.711177468299865723e-01,3.512133593750000000e+04
3.696448504924774170e-01,1.580175161361694336e-01,2.299801757812500000e+03
8.089674711227416992e-01,3.226299881935119629e-01,4.743302246093750000e+03
4.507394134998321533e-01,1.794488131999969482e-01,2.437110839843750000e+03
8.200442790985107422e-01,3.704569041728973389e-01,3.031903564453125000e+03
6.411768198013305664e-01,2.493338882923126221e-01,2.964049804687500000e+03
4.444859027862548828e-01,1.888704448938369751e-01,1.352200561523437500e+03
6.588877439498901367e-01,3.232155442237854004e-01,3.303380371093750000e+03
2.943770289421081543e-01,1.206305176019668579e-01,1.505753784179687500e+03
6.877923607826232910e-01,2.036716938018798828e-01,9.041209960937500000e+03
5.743442177772521973e-01,2.601448595523834229e-01,6.015847167968750000e+03
5.528455376625061035e-01,2.321133464574813843e-01,4.739774902343750000e+03
8.980523347854614258e-01,3.896294534206390381e-01,9.066129882812500000e+03
6.774783730506896973e-01,2.703004479408264160e-01,7.637818847656250000e+03
1.058305025100708008e+00,1.375737637281417847e-01,5.349388183593750000e+03
6.202598214149475098e-01,2.226816117763519287e-01,5.483717773437500000e+03
7.853501439094543457e-01,3.815860450267791748e-01,2.307582519531250000e+03
9.098207354545593262e-01,3.728336095809936523e-01,5.935278125000000000e+04
6.267145872116088867e-01,2.873125076293945312e-01,1.387404052734375000e+03
9.469190239906311035e-01,3.735402226448059082e-01,5.436874609375000000e+04
7.773765921592712402e-01,3.371864259243011475e-01,4.564275878906250000e+03
3.641787767410278320e-01,1.548932939767837524e-01,1.170128784179687500e+03
2.914361357688903809e-01,1.189081817865371704e-01,1.030412719726562500e+03
8.195922374725341797e-01,3.377495408058166504e-01,2.309569726562500000e+04
4.534873664379119873e-01,2.157700806856155396e-01,1.068663818359375000e+03
9.983815550804138184e-01,3.778692185878753662e-01,5.584793457031250000e+03
6.437977552413940430e-01,3.275482356548309326e-01,2.111527343750000000e+03
6.372460126876831055e-01,2.892780900001525879e-01,4.693051757812500000e+03
1.045541048049926758e+00,3.904160857200622559e-01,9.610441406250000000e+04
7.948845624923706055e-01,3.669664561748504639e-01,5.213967285156250000e+03
4.166376888751983643e-01,2.032328248023986816e-01,1.112519042968750000e+03
7.444070577621459961e-01,3.072742223739624023e-01,4.981145996093750000e+03
9.735112786293029785e-01,4.061268568038940430e-01,8.499730468750000000e+03
4.587894380092620850e-01,2.020432054996490479e-01,1.096680053710937500e+03
7.812467813491821289e-01,3.175541460514068604e-01,1.330604394531250000e+04
4.203893244266510010e-01,1.851099878549575806e-01,2.703822509765625000e+03
5.082709193229675293e-01,2.322947382926940918e-01,1.813020385742187500e+03
7.802859544754028320e-01,2.944683730602264404e-01,1.477091015625000000e+04
9.169891476631164551e-01,3.724317550659179688e-01,8.986233398437500000e+03
7.816671133041381836e-01,3.155778944492340088e-01,2.842942968750000000e+04
4.194309413433074951e-01,1.745657771825790405e-01,1.992817504882812500e+03
1.097891807556152344e+00,3.909513652324676514e-01,1.783034570312500000e+04
7.571843266487121582e-01,2.785285711288452148e-01,5.737253906250000000e+04
4.352197349071502686e-01,1.856488138437271118e-01,2.243689208984375000e+03
7.995140552520751953e-01,3.264841139316558838e-01,1.686608007812500000e+04
6.218144893646240234e-01,2.726778090000152588e-01,2.212600097656250000e+03
6.814917922019958496e-01,2.968190014362335205e-01,7.619769042968750000e+03
9.232882261276245117e-01,3.920874595642089844e-01,1.408730566406250000e+04
3.179013133049011230e-01,1.289598196744918823e-01,1.574211181640625000e+03
6.025946736335754395e-01,2.577255964279174805e-01,6.634569824218750000e+03
3.040223717689514160e-01,1.124797761440277100e-01,1.969672485351562500e+03
7.630746960639953613e-01,3.078039586544036865e-01,1.268427441406250000e+04
4.942882359027862549e-01,2.234016060829162598e-01,3.114904785156250000e+03
4.333233237266540527e-01,1.461624205112457275e-01,1.708897705078125000e+03
4.901835024356842041e-01,1.990471482276916504e-01,2.604212646484375000e+03
1.260942220687866211e+00,6.880687922239303589e-02,6.666788574218750000e+03
1.137796044349670410e+00,3.974222540855407715e-01,1.811222656250000000e+04
5.970034599304199219e-01,2.357812523841857910e-01,9.042752929687500000e+03
6.979476213455200195e-01,3.016572296619415283e-01,2.326999023437500000e+03
5.608292818069458008e-01,2.172850817441940308e-01,1.496761840820312500e+03
4.831673800945281982e-01,2.014248669147491455e-01,2.472301513671875000e+03
6.779381036758422852e-01,2.950503230094909668e-01,3.042622802734375000e+03
4.825812876224517822e-01,2.015690058469772339e-01,3.809863281250000000e+03
7.941956520080566406e-01,3.641791343688964844e-01,1.135307226562500000e+04
7.557309269905090332e-01,3.025222718715667725e-01,3.133789550781250000e+03
9.862186908721923828e-01,3.829328715801239014e-01,2.507172070312500000e+04
5.441117286682128906e-01,2.610392570495605469e-01,1.391089160156250000e+04
5.643302798271179199e-01,2.336759865283966064e-01,2.720145507812500000e+03
6.718661189079284668e-01,2.208212316036224365e-01,3.496517578125000000e+03
6.930253505706787109e-01,2.857462167739868164e-01,1.366963281250000000e+04
4.949573278427124023e-01,2.322517782449722290e-01,2.729429199218750000e+03
7.006916999816894531e-01,3.095915317535400391e-01,3.153704833984375000e+03
4.756560921669006348e-01,1.982531547546386719e-01,7.112187500000000000e+03
6.153299808502197266e-01,2.581402659416198730e-01,2.575037109375000000e+03
4.266417324542999268e-01,1.763836443424224854e-01,4.155284667968750000e+03
4.587040543556213379e-01,1.774666011333465576e-01,3.801352539062500000e+03
8.872531652450561523e-01,3.373858034610748291e-01,1.365686250000000000e+05
3.500478863716125488e-01,1.460965126752853394e-01,2.110838378906250000e+03
6.954676508903503418e-01,3.102793395519256592e-01,8.780446289062500000e+03
4.524978399276733398e-01,1.816852390766143799e-01,2.892290527343750000e+03
3.675505816936492920e-01,1.350153833627700806e-01,1.411303100585937500e+03
6.642631888389587402e-01,2.490513622760772705e-01,1.557358691406250000e+04
6.795186400413513184e-01,2.808472514152526855e-01,8.131221191406250000e+03
6.787996292114257812e-01,2.355511933565139771e-01,3.182168457031250000e+03
4.561665058135986328e-01,2.376172840595245361e-01,1.866335693359375000e+03
6.968466043472290039e-01,2.671890854835510254e-01,4.042516357421875000e+03
4.973137378692626953e-01,2.113619744777679443e-01,5.372177734375000000e+03
1.146947145462036133e+00,3.929753899574279785e-01,4.960645019531250000e+03
4.671579599380493164e-01,2.211410403251647949e-01,6.265640625000000000e+03
5.359632968902587891e-01,2.156982272863388062e-01,5.742093261718750000e+03
8.452003598213195801e-01,3.856761157512664795e-01,6.002495117187500000e+03
5.391435623168945312e-01,2.235966622829437256e-01,5.311812988281250000e+03
7.026501297950744629e-01,3.245387673377990723e-01,1.178244238281250000e+04
9.663790464401245117e-01,3.713949620723724365e-01,9.106818359375000000e+03
5.443800091743469238e-01,2.105152457952499390e-01,5.526932128906250000e+03
6.180734634399414062e-01,2.620320916175842285e-01,1.919303344726562500e+03
4.596775472164154053e-01,1.848122328519821167e-01,1.947469238281250000e+03
4.453951418399810791e-01,1.848292797803878784e-01,1.019168212890625000e+03
8.500868678092956543e-01,3.839432597160339355e-01,1.632275683593750000e+04
7.289250493049621582e-01,2.831078469753265381e-01,1.097468554687500000e+04
8.711746335029602051e-01,3.651514351367950439e-01,1.099811523437500000e+04
1.022292017936706543e+00,3.762648701667785645e-01,3.064131835937500000e+04
5.205011367797851562e-01,2.483797967433929443e-01,1.372239990234375000e+03
4.918867349624633789e-01,2.106209397315979004e-01,2.070832031250000000e+03
6.178301572799682617e-01,2.784948348999023438e-01,3.978671386718750000e+03
1.067208766937255859e+00,1.493497192859649658e-01,5.523923339843750000e+03
8.101093769073486328e-01,3.316364884376525879e-01,7.034266113281250000e+03
4.944491982460021973e-01,2.130526900291442871e-01,7.725329101562500000e+03
1.257753849029541016e+00,1.070074141025543213e-01,6.457323730468750000e+03
6.099389195442199707e-01,2.618314325809478760e-01,3.210115478515625000e+03
4.836156964302062988e-01,1.924486160278320312e-01,3.741051269531250000e+03
6.157974004745483398e-01,2.793660759925842285e-01,2.239511230468750000e+03
1.139368295669555664e+00,3.973145782947540283e-01,1.036248632812500000e+04
8.655806779861450195e-01,3.719491660594940186e-01,1.015663476562500000e+04
5.443593263626098633e-01,2.542553544044494629e-01,1.876348144531250000e+03
5.393324494361877441e-01,2.642316818237304688e-01,1.848731079101562500e+03
4.602300822734832764e-01,2.134480178356170654e-01,1.086583374023437500e+03
5.638365745544433594e-01,2.384604960680007935e-01,2.889289550781250000e+03
7.582144737243652344e-01,3.706688880920410156e-01,1.469064086914062500e+03
5.792097449302673340e-01,2.655406892299652100e-01,3.722345703125000000e+03
4.331691563129425049e-01,1.926297545433044434e-01,4.820913574218750000e+03
8.563139438629150391e-01,3.234307765960693359e-01,2.142082617187500000e+04
4.239861369132995605e-01,2.051716744899749756e-01,1.403997802734375000e+03
6.623054742813110352e-01,2.837149500846862793e-01,9.118097656250000000e+03
7.960193157196044922e-01,3.586843013763427734e-01,6.220734863281250000e+03
3.865124881267547607e-01,1.649517267942428589e-01,2.367717773437500000e+03
4.619999825954437256e-01,1.864538043737411499e-01,1.770916381835937500e+03
6.355164647102355957e-01,2.625693976879119873e-01,7.130652832031250000e+03
5.513556003570556641e-01,2.346025854349136353e-01,5.002781738281250000e+03
9.879004955291748047e-01,3.858286142349243164e-01,7.089257324218750000e+03
5.823281407356262207e-01,2.334713637828826904e-01,5.634460449218750000e+03
7.055356502532958984e-01,2.751456797122955322e-01,5.078558593750000000e+03
5.370510220527648926e-01,2.182424217462539673e-01,2.467885742187500000e+03
9.859476685523986816e-01,3.715331852436065674e-01,1.479997656250000000e+05
1.013819932937622070e+00,3.997768461704254150e-01,2.931121484375000000e+04
5.864377021789550781e-01,2.052774578332901001e-01,2.749106201171875000e+03
5.110126137733459473e-01,2.205776125192642212e-01,1.577677368164062500e+03
1.118807673454284668e+00,3.999473154544830322e-01,1.664257812500000000e+05
7.149416208267211914e-01,3.114090561866760254e-01,1.570068261718750000e+04
4.176972210407257080e-01,1.648273915052413940e-01,5.133513183593750000e+03
8.922177553176879883e-01,3.578378558158874512e-01,2.561506640625000000e+04
8.768674135208129883e-01,4.075234532356262207e-01,2.956104980468750000e+03
3.927754163742065430e-01,1.684178113937377930e-01,6.623762207031250000e+03
6.045928597450256348e-01,2.616562247276306152e-01,2.945545654296875000e+03
7.337718009948730469e-01,3.233877420425415039e-01,1.642650781250000000e+04
6.277805566787719727e-01,2.788628339767456055e-01,3.045660400390625000e+03
8.826912641525268555e-01,3.392423093318939209e-01,7.576609375000000000e+03
1.069861173629760742e+00,3.815891742706298828e-01,1.429211914062500000e+04
9.812797307968139648e-01,3.957795202732086182e-01,1.400279785156250000e+04
5.081824064254760742e-01,2.654316723346710205e-01,1.237329711914062500e+03
9.343441724777221680e-01,3.770224153995513916e-01,1.293385468750000000e+05
7.683039307594299316e-01,3.272360861301422119e-01,1.064516796875000000e+04
9.007961153984069824e-01,3.979468643665313721e-01,2.995994140625000000e+03
6.836369037628173828e-01,3.188084959983825684e-01,3.998322998046875000e+03
9.846267700195312500e-01,3.111114799976348877e-01,2.869242187500000000e+03
4.041062593460083008e-01,1.540233939886093140e-01,2.498836425781250000e+03
7.854458689689636230e-01,3.831361234188079834e-01,3.449482421875000000e+03
3.399154245853424072e-01,1.347499340772628784e-01,9.574048461914062500e+02
5.129793286323547363e-01,2.198380082845687866e-01,2.774292480468750000e+03
4.855070114135742188e-01,1.785852760076522827e-01,3.243740966796875000e+03
7.016109824180603027e-01,2.896758019924163818e-01,5.856563476562500000e+03
7.123820781707763672e-01,3.056684732437133789e-01,1.941013305664062500e+03
7.587534785270690918e-01,3.149754703044891357e-01,5.013866015625000000e+04
1.139135599136352539e+00,3.993810415267944336e-01,2.547381406250000000e+05
8.457174301147460938e-01,3.889879882335662842e-01,8.401586914062500000e+03
6.688249111175537109e-01,2.822571098804473877e-01,6.675457031250000000e+03
5.294249057769775391e-01,2.648566067218780518e-01,2.361851562500000000e+03
5.026131272315979004e-01,2.425116449594497681e-01,2.060032226562500000e+03
1.141167283058166504e+00,3.978939354419708252e-01,7.595621582031250000e+03
8.784504532814025879e-01,3.412768542766571045e-01,1.034605273437500000e+04
5.598272681236267090e-01,2.662381529808044434e-01,1.302650634765625000e+03
8.133564591407775879e-01,3.435293436050415039e-01,4.967287597656250000e+03
8.124475479125976562e-01,4.135110080242156982e-01,2.848581542968750000e+03
4.203403294086456299e-01,1.529365479946136475e-01,1.570850341796875000e+03
4.640716612339019775e-01,2.200927138328552246e-01,1.672083007812500000e+03
7.347523570060729980e-01,2.994014322757720947e-01,1.943276562500000000e+04
8.580729961395263672e-01,3.683149218559265137e-01,1.231241406250000000e+04
5.370573401451110840e-01,2.110861837863922119e-01,1.642902832031250000e+03
8.170334100723266602e-01,3.153055608272552490e-01,3.894342529296875000e+03
6.375226378440856934e-01,2.607829868793487549e-01,9.441578125000000000e+03
1.127873063087463379e+00,3.968561589717864990e-01,8.908916406250000000e+04
7.522489428520202637e-01,3.177438676357269287e-01,9.223772460937500000e+03
6.600553393363952637e-01,2.861703336238861084e-01,1.601688281250000000e+04
6.320236325263977051e-01,3.421683311462402344e-01,1.728596313476562500e+03
4.614509344100952148e-01,2.248309552669525146e-01,3.170994628906250000e+03
4.825311303138732910e-01,2.119596302509307861e-01,4.607162597656250000e+03
4.696486890316009521e-01,1.708886325359344482e-01,1.934410644531250000e+03
5.277338624000549316e-01,2.103910744190216064e-01,1.329249877929687500e+03
3.494998812675476074e-01,1.513684093952178955e-01,4.759453613281250000e+03
8.215441703796386719e-01,3.358008563518524170e-01,1.688501367187500000e+04
7.223505377769470215e-01,3.020933866500854492e-01,1.127915039062500000e+04
3.406448066234588623e-01,1.547948420047760010e-01,2.410998779296875000e+03
6.620381474494934082e-01,2.926309704780578613e-01,1.127758496093750000e+04
5.878264307975769043e-01,2.457655072212219238e-01,4.679982421875000000e+03
8.795095086097717285e-01,3.746357858180999756e-01,2.272750390625000000e+04
5.572493076324462891e-01,2.163938134908676147e-01,8.364265625000000000e+03
7.852029204368591309e-01,3.321137428283691406e-01,2.533924414062500000e+04
1.104660749435424805e+00,3.997126221656799316e-01,3.547378417968750000e+03
1.005083203315734863e+00,3.731421232223510742e-01,1.880492187500000000e+04
9.700149297714233398e-01,3.032447993755340576e-01,2.565340087890625000e+03
6.332937479019165039e-01,2.451804876327514648e-01,1.691051879882812500e+03
5.133135914802551270e-01,2.091142982244491577e-01,4.164826660156250000e+03
6.265639662742614746e-01,2.655818760395050049e-01,4.520602050781250000e+03
5.980811119079589844e-01,2.579075694084167480e-01,1.542706420898437500e+03
2.503029704093933105e-01,1.000196859240531921e-01,1.351975341796875000e+03
8.492875695228576660e-01,3.124884963035583496e-01,5.185263671875000000e+04
7.218317389488220215e-01,3.103485107421875000e-01,2.415941650390625000e+03
1.053654551506042480e+00,3.461155891418457031e-01,2.649946777343750000e+03
4.912311136722564697e-01,2.141831219196319580e-01,5.947561035156250000e+03
6.440318822860717773e-01,2.795571088790893555e-01,4.956208007812500000e+03
6.667172908782958984e-01,3.047605752944946289e-01,3.184277832031250000e+03
6.026808023452758789e-01,2.430720031261444092e-01,5.809340332031250000e+03
3.505637943744659424e-01,1.435354351997375488e-01,1.826335083007812500e+03
5.781989693641662598e-01,2.803030610084533691e-01,1.574890014648437500e+03
3.464251458644866943e-01,1.405227035284042358e-01,1.477953613281250000e+03
5.251332521438598633e-01,2.381358742713928223e-01,1.038709716796875000e+03
6.590776443481445312e-01,2.785128951072692871e-01,6.270147949218750000e+03
6.287913322448730469e-01,2.940611839294433594e-01,3.413114990234375000e+03
6.481078267097473145e-01,2.776062488555908203e-01,1.853211132812500000e+04
5.964375734329223633e-01,2.558498084545135498e-01,2.728823486328125000e+03
5.591073036193847656e-01,2.177443653345108032e-01,1.031802343750000000e+04
7.121289372444152832e-01,3.328901231288909912e-01,3.515009033203125000e+03
6.588789820671081543e-01,3.188961744308471680e-01,6.286436523437500000e+03
1.009077906608581543e+00,4.057832658290863037e-01,1.228166894531250000e+04
5.266057252883911133e-01,2.180678844451904297e-01,6.577184082031250000e+03
3.720279932022094727e-01,1.371550112962722778e-01,1.678998657226562500e+03
7.158243656158447266e-01,3.279931843280792236e-01,4.581900878906250000e+03
9.275547266006469727e-01,3.743143677711486816e-01,1.633649804687500000e+04
4.808944165706634521e-01,2.175779491662979126e-01,1.700682250976562500e+03
6.587836146354675293e-01,2.660580873489379883e-01,5.088615722656250000e+03
4.219351708889007568e-01,1.758164018392562866e-01,1.991716796875000000e+03
8.141174912452697754e-01,3.420324325561523438e-01,4.336780761718750000e+03
3.927273154258728027e-01,1.668267995119094849e-01,4.481614746093750000e+03
5.542486906051635742e-01,2.497240602970123291e-01,2.376492675781250000e+03
6.081262826919555664e-01,2.608839869499206543e-01,4.254092773437500000e+03
5.680737495422363281e-01,2.337097674608230591e-01,1.880312866210937500e+03
5.713148713111877441e-01,2.508350908756256104e-01,3.923851318359375000e+03
7.753579616546630859e-01,3.686940968036651611e-01,4.746679687500000000e+03
5.189576745033264160e-01,1.822155863046646118e-01,2.693595214843750000e+03
6.622915267944335938e-01,2.712009251117706299e-01,1.302101074218750000e+04
6.584126949310302734e-01,2.870840430259704590e-01,9.533278320312500000e+03
5.890343189239501953e-01,2.834378480911254883e-01,2.083398193359375000e+03
6.665741801261901855e-01,2.816421985626220703e-01,2.940487548828125000e+03
4.886645674705505371e-01,2.011548429727554321e-01,2.718723144531250000e+03
5.442202687263488770e-01,2.571906149387359619e-01,3.970921630859375000e+03
1.011193752288818359e+00,3.888139128684997559e-01,1.598398046875000000e+04
1.125344395637512207e+00,3.962800800800323486e-01,1.927753125000000000e+05
4.839897155761718750e-01,2.383591085672378540e-01,1.272478759765625000e+03
3.414771854877471924e-01,1.509754210710525513e-01,2.656171630859375000e+03
7.318920493125915527e-01,3.359349668025970459e-01,1.800595336914062500e+03
7.944457530975341797e-01,3.231080174446105957e-01,2.681244140625000000e+04
6.175224781036376953e-01,2.643148005008697510e-01,4.402269531250000000e+03
5.700982809066772461e-01,2.294344455003738403e-01,6.681320312500000000e+03
4.042294323444366455e-01,1.951370537281036377e-01,1.874035034179687500e+03
3.593503832817077637e-01,1.606642603874206543e-01,1.569452758789062500e+03
1.167217373847961426e+00,2.798112332820892334e-01,4.004578125000000000e+03
7.436244487762451172e-01,2.921260893344879150e-01,1.509890625000000000e+04
7.092509865760803223e-01,3.492706120014190674e-01,2.872583496093750000e+03
8.258412480354309082e-01,1.863921433687210083e-01,4.962158691406250000e+03
4.077977240085601807e-01,1.725092232227325439e-01,1.800005615234375000e+03
5.076466798782348633e-01,2.050101310014724731e-01,6.194758300781250000e+03
5.753415822982788086e-01,2.766302525997161865e-01,1.940982910156250000e+03
6.105102896690368652e-01,2.615169882774353027e-01,4.820059570312500000e+03
5.885801911354064941e-01,2.912811934947967529e-01,1.363577514648437500e+03
9.016799926757812500e-01,3.557604849338531494e-01,1.283932128906250000e+04
5.411858558654785156e-01,2.287237495183944702e-01,2.683010986328125000e+03
6.237801313400268555e-01,2.507335841655731201e-01,2.039475219726562500e+03
1.090946793556213379e+00,3.926421105861663818e-01,8.857005859375000000e+03
4.767407178878784180e-01,1.905013322830200195e-01,6.238464843750000000e+03
7.015562057495117188e-01,3.092682659626007080e-01,3.136815917968750000e+03
2.940636575222015381e-01,1.149729564785957336e-01,3.424542724609375000e+03
5.190545916557312012e-01,2.076547592878341675e-01,1.613517944335937500e+03
9.907574057579040527e-01,3.813179433345794678e-01,1.028010937500000000e+04
5.278078317642211914e-01,2.341941148042678833e-01,3.280926757812500000e+03
8.528450727462768555e-01,3.539227545261383057e-01,8.851937500000000000e+03
8.488544225692749023e-01,3.633883297443389893e-01,7.878391113281250000e+03
4.760727286338806152e-01,1.932140737771987915e-01,2.937059082031250000e+03
4.154752492904663086e-01,1.670811176300048828e-01,1.207522827148437500e+03
6.451312899589538574e-01,2.542523443698883057e-01,5.855732421875000000e+04
5.399659872055053711e-01,2.613356113433837891e-01,1.028650024414062500e+03
6.215233802795410156e-01,2.593447864055633545e-01,1.122010449218750000e+04
3.562172949314117432e-01,7.762704789638519287e-02,1.356598144531250000e+03
1.177875161170959473e+00,7.721514254808425903e-02,5.912958984375000000e+03
4.842252135276794434e-01,2.067271918058395386e-01,2.492598388671875000e+03
8.388191461563110352e-01,3.975364267826080322e-01,1.120313281250000000e+04
7.761901021003723145e-01,4.034436941146850586e-01,2.588510009765625000e+03
7.300958037376403809e-01,2.980967462062835693e-01,1.891043359375000000e+04
6.718090772628784180e-01,3.014628291130065918e-01,2.953361572265625000e+03
6.451250314712524414e-01,2.694009244441986084e-01,5.035766601562500000e+03
5.488107204437255859e-01,2.385829389095306396e-01,3.885636230468750000e+03
3.204571902751922607e-01,1.301847845315933228e-01,2.531195800781250000e+03
7.966784238815307617e-01,3.277969360351562500e-01,1.102385253906250000e+04
1.033376812934875488e+00,3.903304338455200195e-01,1.906945922851562500e+03
8.404554724693298340e-01,3.318849802017211914e-01,1.276411914062500000e+04
7.665778994560241699e-01,2.124487608671188354e-01,2.296251708984375000e+03
4.707737565040588379e-01,1.944001615047454834e-01,2.365684814453125000e+03
5.359257459640502930e-01,2.333059459924697876e-01,1.011513305664062500e+03
6.707994937896728516e-01,2.493359595537185669e-01,6.117606445312500000e+03
4.774798452854156494e-01,2.121239900588989258e-01,1.268287963867187500e+03
3.824752867221832275e-01,1.437821984291076660e-01,3.352913085937500000e+03
7.456741333007812500e-01,2.748710811138153076e-01,1.695656445312500000e+04
6.126587390899658203e-01,2.951596379280090332e-01,3.018206787109375000e+03
4.738876521587371826e-01,2.057592272758483887e-01,3.906389648437500000e+03
5.662533044815063477e-01,2.619412839412689209e-01,2.241310302734375000e+03
6.648474931716918945e-01,2.640232145786285400e-01,3.854959228515625000e+03
8.420793414115905762e-01,3.669074475765228271e-01,8.767201171875000000e+03
4.976084232330322266e-01,2.402104884386062622e-01,2.360846191406250000e+03
7.512072324752807617e-01,3.455295264720916748e-01,3.052804687500000000e+03
1.058511137962341309e+00,3.851298391819000244e-01,5.186132812500000000e+04
7.258219718933105469e-01,3.851617574691772461e-01,2.523072998046875000e+03
1.102899670600891113e+00,8.386410772800445557e-02,6.429778808593750000e+03
1.077374339103698730e+00,4.000141322612762451e-01,5.647716015625000000e+04
5.186098814010620117e-01,2.067667096853256226e-01,2.186433105468750000e+03
6.785144805908203125e-01,2.096198648214340210e-01,1.252143261718750000e+04
3.800364434719085693e-01,1.553948372602462769e-01,2.046610473632812500e+03
4.353605210781097412e-01,1.801831275224685669e-01,2.829807861328125000e+03
1.018023014068603516e+00,3.716670274734497070e-01,1.260222460937500000e+04
7.557108998298645020e-01,3.104897141456604004e-01,1.952232617187500000e+04
6.770476102828979492e-01,2.391366660594940186e-01,7.401306152343750000e+03
6.328074336051940918e-01,2.572175562381744385e-01,6.036030761718750000e+03
5.362354516983032227e-01,2.507126033306121826e-01,2.130715820312500000e+03
5.549459457397460938e-01,2.615889012813568115e-01,2.401753906250000000e+03
4.778637886047363281e-01,1.985320001840591431e-01,3.519329833984375000e+03
7.911884188652038574e-01,3.473465442657470703e-01,5.828245117187500000e+03
5.920530557632446289e-01,1.244724765419960022e-01,2.175727050781250000e+03
1.109486818313598633e+00,3.999109864234924316e-01,1.871929687500000000e+04
1.146669268608093262e+00,1.910061240196228027e-01,6.715748046875000000e+03
5.411861538887023926e-01,2.249698042869567871e-01,4.353233886718750000e+03
1.002576351165771484e+00,1.167643964290618896e-01,4.910220214843750000e+03
5.997715592384338379e-01,2.484761029481887817e-01,4.878941894531250000e+03
5.650258660316467285e-01,2.629358172416687012e-01,1.224864624023437500e+03
3.555591702461242676e-01,1.584192067384719849e-01,1.190099243164062500e+03
5.110034942626953125e-01,2.010029256343841553e-01,1.087767578125000000e+04
5.707417726516723633e-01,2.528293430805206299e-01,1.827275024414062500e+03
4.678235054016113281e-01,2.113508135080337524e-01,3.566339599609375000e+03
8.127599358558654785e-01,3.539569675922393799e-01,4.088628417968750000e+03
5.069596171379089355e-01,1.932865530252456665e-01,3.172002929687500000e+03
6.126863956451416016e-01,2.677068114280700684e-01,1.647138476562500000e+04
8.092433214187622070e-01,3.093801438808441162e-01,4.040655761718750000e+03
8.030016422271728516e-01,2.884546220302581787e-01,8.759706054687500000e+03
4.296168684959411621e-01,2.313262224197387695e-01,1.972044799804687500e+03
7.758312821388244629e-01,3.511627614498138428e-01,6.099621093750000000e+03
6.520916819572448730e-01,2.768371105194091797e-01,9.451152343750000000e+03
6.147799491882324219e-01,2.610772252082824707e-01,3.489975097656250000e+03
5.039936900138854980e-01,2.190821170806884766e-01,6.528140625000000000e+03
7.487524747848510742e-01,3.691485524177551270e-01,5.300161132812500000e+03
9.809442758560180664e-01,3.957030177116394043e-01,2.237794140625000000e+04
6.106873750686645508e-01,2.415213882923126221e-01,8.177942382812500000e+03
4.488254785537719727e-01,1.709973216056823730e-01,5.332680175781250000e+03
4.423058927059173584e-01,1.709783077239990234e-01,5.730061035156250000e+03
5.559114217758178711e-01,2.369058579206466675e-01,5.044635253906250000e+03
4.771571159362792969e-01,1.820002198219299316e-01,3.757241210937500000e+03
6.646770834922790527e-01,2.828048765659332275e-01,5.272895019531250000e+03
7.297040820121765137e-01,2.822748720645904541e-01,3.129620361328125000e+03
5.934028029441833496e-01,1.908490359783172607e-01,1.519099609375000000e+03
5.046290755271911621e-01,2.131505012512207031e-01,3.452060302734375000e+03
9.453457593917846680e-01,3.752648532390594482e-01,2.362629882812500000e+04
5.059437751770019531e-01,2.175177037715911865e-01,4.014493408203125000e+03
9.463547468185424805e-01,3.696176707744598389e-01,1.108941894531250000e+04
4.684253036975860596e-01,2.020922899246215820e-01,2.153015625000000000e+03
2.246266603469848633e-01,8.259423822164535522e-02,8.279797973632812500e+02
8.487575650215148926e-01,2.813933491706848145e-01,4.419111328125000000e+03
5.628533363342285156e-01,2.469137609004974365e-01,6.923965820312500000e+03
6.483008861541748047e-01,2.883573770523071289e-01,3.888866943359375000e+03
4.841354787349700928e-01,1.964274048805236816e-01,7.965675781250000000e+03
8.392647504806518555e-01,3.235969841480255127e-01,3.488850390625000000e+04
7.481091618537902832e-01,2.965469658374786377e-01,1.028741308593750000e+04
6.423786282539367676e-01,2.324093878269195557e-01,2.765406835937500000e+04
4.929619729518890381e-01,1.954405456781387329e-01,4.419844238281250000e+03
1.059164524078369141e+00,3.105799555778503418e-01,4.635080078125000000e+03
5.789570808410644531e-01,2.333581000566482544e-01,2.150620507812500000e+04
5.036187171936035156e-01,2.354389429092407227e-01,1.212247436523437500e+03
6.245949864387512207e-01,3.130654990673065186e-01,3.054867187500000000e+03
7.659134864807128906e-01,3.205088078975677490e-01,8.964359375000000000e+03
8.562750220298767090e-01,3.724173605442047119e-01,2.068972656250000000e+04
8.342438936233520508e-01,3.715299963951110840e-01,3.295712890625000000e+03
5.260272026062011719e-01,2.405203133821487427e-01,1.535860839843750000e+03
6.917751431465148926e-01,3.255284726619720459e-01,3.836021728515625000e+03
3.693160116672515869e-01,1.570117473602294922e-01,1.137994750976562500e+03
7.868732810020446777e-01,3.242924213409423828e-01,5.555641113281250000e+03
6.240904331207275391e-01,2.348936200141906738e-01,2.761873242187500000e+04
6.321227550506591797e-01,2.925802171230316162e-01,2.326250488281250000e+03
3.890206813812255859e-01,1.374486386775970459e-01,2.283820556640625000e+03
5.420114994049072266e-01,2.373524904251098633e-01,3.605981933593750000e+03
4.991004765033721924e-01,2.066108882427215576e-01,2.320003662109375000e+03
4.682164192199707031e-01,2.018378674983978271e-01,3.254566162109375000e+03
4.688112735748291016e-01,2.448592931032180786e-01,1.455661499023437500e+03
5.800226926803588867e-01,2.352965921163558960e-01,3.287354248046875000e+03
6.831759214401245117e-01,2.815909385681152344e-01,2.837156250000000000e+03
6.550490856170654297e-01,2.713927030563354492e-01,3.444527099609375000e+03
1.133873224258422852e+00,3.962348401546478271e-01,7.809881250000000000e+04
6.001313328742980957e-01,2.583481669425964355e-01,5.785092285156250000e+03
6.259487867355346680e-01,2.799163758754730225e-01,2.560831298828125000e+03
6.888554692268371582e-01,3.004829883575439453e-01,1.510188720703125000e+03
8.577011227607727051e-01,3.618146181106567383e-01,4.422862304687500000e+03
6.788964271545410156e-01,3.009068369865417480e-01,5.149310546875000000e+03
8.984875082969665527e-01,3.556145429611206055e-01,8.631792968750000000e+03
4.232850074768066406e-01,1.794516295194625854e-01,1.909099365234375000e+03
6.843640208244323730e-01,3.160336613655090332e-01,4.357995605468750000e+03
5.926815867424011230e-01,2.563106417655944824e-01,3.727166503906250000e+03
7.541875839233398438e-01,3.222912251949310303e-01,5.728427734375000000e+03
7.314152121543884277e-01,3.686733543872833252e-01,3.854600585937500000e+03
7.399287223815917969e-01,3.353531360626220703e-01,1.277219042968750000e+04
4.570742845535278320e-01,1.879696547985076904e-01,2.997982421875000000e+03
6.202907562255859375e-01,2.827805280685424805e-01,1.757424682617187500e+03
7.418713569641113281e-01,2.815377712249755859e-01,6.045187500000000000e+03
1.134318113327026367e+00,4.003001451492309570e-01,7.229559375000000000e+04
6.082533001899719238e-01,2.581125497817993164e-01,4.348038574218750000e+03
1.046453475952148438e+00,3.845542967319488525e-01,1.541309863281250000e+04
5.899037718772888184e-01,2.082853615283966064e-01,5.354458496093750000e+03
3.967769443988800049e-01,1.683353334665298462e-01,9.353966064453125000e+02
3.427813649177551270e-01,1.536620557308197021e-01,1.579132812500000000e+03
6.464037895202636719e-01,2.719632089138031006e-01,3.715694824218750000e+03
7.417992353439331055e-01,3.245178163051605225e-01,6.311199707031250000e+03
6.722312569618225098e-01,2.719631195068359375e-01,1.107466796875000000e+04
4.923892021179199219e-01,2.114271223545074463e-01,2.629782470703125000e+03
8.351320624351501465e-01,1.656560897827148438e-01,3.391294189453125000e+03
7.869573235511779785e-01,3.607739210128784180e-01,1.619895703125000000e+04
4.256586134433746338e-01,1.778787672519683838e-01,2.774147460937500000e+03
9.077614545822143555e-01,3.766423761844635010e-01,5.615031738281250000e+03
1.014144778251647949e+00,3.933869302272796631e-01,1.998626367187500000e+04
3.409747481346130371e-01,1.325764954090118408e-01,1.178343139648437500e+03
9.247062206268310547e-01,3.897192180156707764e-01,3.899452392578125000e+03
8.996541500091552734e-01,3.480363786220550537e-01,8.246352539062500000e+03
4.690164029598236084e-01,2.257481515407562256e-01,1.008196472167968750e+03
5.290699005126953125e-01,2.712723910808563232e-01,2.846177001953125000e+03
5.504851341247558594e-01,2.217259705066680908e-01,4.943930664062500000e+03
6.848720312118530273e-01,2.871417403221130371e-01,3.536861816406250000e+03
4.798270165920257568e-01,2.092695832252502441e-01,1.972408813476562500e+03
5.525442361831665039e-01,2.357607036828994751e-01,2.548123046875000000e+03
4.970994293689727783e-01,1.712444424629211426e-01,2.559720214843750000e+03
5.167003870010375977e-01,2.258170396089553833e-01,2.277462646484375000e+03
1.046861410140991211e+00,2.619373500347137451e-01,1.577625488281250000e+03
3.999564051628112793e-01,1.825366169214248657e-01,1.222365112304687500e+03
5.026162862777709961e-01,2.389910221099853516e-01,1.812936157226562500e+03
3.886356353759765625e-01,1.492715179920196533e-01,1.967118652343750000e+03
3.353842794895172119e-01,1.419179886579513550e-01,1.777740966796875000e+03
9.255509972572326660e-01,3.600746393203735352e-01,1.140143457031250000e+04
7.309997677803039551e-01,2.432053089141845703e-01,4.513657714843750000e+03
6.405664086341857910e-01,2.683663666248321533e-01,5.195148925781250000e+03
1.004968881607055664e+00,3.698766231536865234e-01,6.376030761718750000e+03
6.966903209686279297e-01,2.832514345645904541e-01,1.501837011718750000e+04
6.113071441650390625e-01,2.653561234474182129e-01,2.648766601562500000e+03
5.160712599754333496e-01,1.979840993881225586e-01,3.088677001953125000e+03
4.437840580940246582e-01,2.161636054515838623e-01,1.538646484375000000e+03
6.214784383773803711e-01,2.624475061893463135e-01,7.484473144531250000e+03
7.860042452812194824e-01,3.272582292556762695e-01,7.672979980468750000e+03
5.644978284835815430e-01,2.348567098379135132e-01,7.509505859375000000e+03
4.398532509803771973e-01,1.835794597864151001e-01,1.736810791015625000e+03
1.225816726684570312e+00,7.683672755956649780e-02,7.474401855468750000e+03
4.765163660049438477e-01,2.044073790311813354e-01,2.033091918945312500e+03
6.004108190536499023e-01,2.631126344203948975e-01,2.906085693359375000e+03
9.446471929550170898e-01,3.708064854145050049e-01,6.354441406250000000e+03
5.319371819496154785e-01,1.900494843721389771e-01,1.262858520507812500e+03
5.894907116889953613e-01,2.550534605979919434e-01,2.933100341796875000e+03
7.272281646728515625e-01,2.763844132423400879e-01,6.188298437500000000e+04
5.461291074752807617e-01,2.124774605035781860e-01,3.372616699218750000e+03
9.413848519325256348e-01,1.922629475593566895e-01,3.797760009765625000e+03
3.579785525798797607e-01,1.520624309778213501e-01,1.061383911132812500e+03
4.380640685558319092e-01,2.018122375011444092e-01,1.360274414062500000e+03
6.390364170074462891e-01,2.676912546157836914e-01,1.527026489257812500e+03
1.033998966217041016e+00,3.855663836002349854e-01,1.672132226562500000e+04
3.753469884395599365e-01,1.660977751016616821e-01,1.478571533203125000e+03
1.104294776916503906e+00,3.941274881362915039e-01,6.049172851562500000e+03
5.880573391914367676e-01,1.697120219469070435e-01,2.362417480468750000e+03
5.524109601974487305e-01,2.381720095872879028e-01,1.965306152343750000e+03
6.363439559936523438e-01,2.562229633331298828e-01,7.198435156250000000e+04
5.675401687622070312e-01,2.563630342483520508e-01,2.477448242187500000e+03
1.137732744216918945e+00,3.972393572330474854e-01,7.945774902343750000e+03
7.506154775619506836e-01,3.363264501094818115e-01,6.269177246093750000e+03
6.900725364685058594e-01,3.013284504413604736e-01,1.044038867187500000e+04
9.027931094169616699e-01,3.523925244808197021e-01,1.251775976562500000e+04
8.299738168716430664e-01,2.587059736251831055e-01,2.197563476562500000e+03
5.486524701118469238e-01,2.361351698637008667e-01,1.458750732421875000e+03
8.210721611976623535e-01,3.657207787036895752e-01,8.583789062500000000e+03
5.776870846748352051e-01,2.080589234828948975e-01,1.595770019531250000e+03
5.622895359992980957e-01,2.209260314702987671e-01,5.376016113281250000e+03
9.366224408149719238e-01,3.829218745231628418e-01,1.144508007812500000e+04
6.828660368919372559e-01,2.765032351016998291e-01,4.621260253906250000e+03
8.754165768623352051e-01,3.791696429252624512e-01,2.344525585937500000e+04
7.753595709800720215e-01,3.191544711589813232e-01,3.067501708984375000e+03
6.815172433853149414e-01,2.931251525878906250e-01,1.785132202148437500e+03
4.976809620857238770e-01,2.335955649614334106e-01,1.013816503906250000e+04
6.483882665634155273e-01,2.617994844913482666e-01,4.478360839843750000e+03
9.067885875701904297e-01,4.029179513454437256e-01,2.059396679687500000e+04
5.051252245903015137e-01,2.145679146051406860e-01,2.339019775390625000e+03
7.320468425750732422e-01,2.948746383190155029e-01,6.945923339843750000e+03
8.677226305007934570e-01,3.485782146453857422e-01,8.537860351562500000e+03
3.643828630447387695e-01,1.835569143295288086e-01,2.877233154296875000e+03
7.302761673927307129e-01,3.014865517616271973e-01,1.080668945312500000e+04
6.451101303100585938e-01,2.993434369564056396e-01,2.128039550781250000e+03
8.017219901084899902e-01,3.105553686618804932e-01,6.575070312500000000e+03
6.870948076248168945e-01,2.930509150028228760e-01,6.970685546875000000e+03
7.804087400436401367e-01,3.271062374114990234e-01,4.505616210937500000e+03
5.770509839057922363e-01,2.358548939228057861e-01,3.498418945312500000e+03
6.956726908683776855e-01,2.790512740612030029e-01,1.960696777343750000e+03
8.573407530784606934e-01,3.934873938560485840e-01,6.885277832031250000e+03
7.355530261993408203e-01,2.977951467037200928e-01,1.510957226562500000e+04
6.211212277412414551e-01,2.495769560337066650e-01,1.358190527343750000e+04
5.477390885353088379e-01,2.445232421159744263e-01,1.708454687500000000e+04
8.291494250297546387e-01,2.819861173629760742e-01,5.533600097656250000e+03
1.051214337348937988e+00,3.917537629604339600e-01,1.245441894531250000e+04
5.835780501365661621e-01,2.673232555389404297e-01,1.736316772460937500e+03
8.048381805419921875e-01,3.777117431163787842e-01,7.031367675781250000e+03
7.337065935134887695e-01,3.006162047386169434e-01,9.763867968750000000e+04
5.225030779838562012e-01,2.004258781671524048e-01,1.262720703125000000e+04
8.686772584915161133e-01,3.347503244876861572e-01,4.317268359375000000e+04
7.524027228355407715e-01,2.990792691707611084e-01,2.286961328125000000e+04
7.351325750350952148e-01,3.368577361106872559e-01,6.911441406250000000e+03
7.043388485908508301e-01,3.255966305732727051e-01,1.406817773437500000e+04
5.389214158058166504e-01,2.341089546680450439e-01,3.270624267578125000e+03
4.610668420791625977e-01,1.884491741657257080e-01,2.007293579101562500e+03
5.290135741233825684e-01,2.151030749082565308e-01,5.574961914062500000e+03
1.068793296813964844e+00,3.915602266788482666e-01,1.243169042968750000e+04
7.469689249992370605e-01,3.185777962207794189e-01,4.957122070312500000e+03
7.995840311050415039e-01,3.340753614902496338e-01,5.463228515625000000e+03
6.517767310142517090e-01,2.580256760120391846e-01,4.280745312500000000e+04
6.071775555610656738e-01,2.496472597122192383e-01,4.299506835937500000e+03
4.801258742809295654e-01,2.018205374479293823e-01,3.217881347656250000e+03
8.320220112800598145e-01,3.387024402618408203e-01,1.427188964843750000e+04
6.377048492431640625e-01,2.703284919261932373e-01,2.563553710937500000e+03
7.570143342018127441e-01,3.012466728687286377e-01,5.404891113281250000e+03
6.316185593605041504e-01,2.512347698211669922e-01,1.624995605468750000e+03
7.470210194587707520e-01,3.101851642131805420e-01,3.355577636718750000e+03
8.326234221458435059e-01,3.024746477603912354e-01,4.405498046875000000e+03
4.785892963409423828e-01,1.932960301637649536e-01,2.609661865234375000e+03
3.831129372119903564e-01,1.650473475456237793e-01,1.580274414062500000e+03
9.647286534309387207e-01,3.968639671802520752e-01,1.246960156250000000e+04
8.157365322113037109e-01,3.367395699024200439e-01,4.309264843750000000e+04
7.524196505546569824e-01,3.040780127048492432e-01,5.909430175781250000e+03
4.968790113925933838e-01,2.231172472238540649e-01,3.312630859375000000e+03
6.708385944366455078e-01,3.244204521179199219e-01,5.953395996093750000e+03
5.782153606414794922e-01,2.491646856069564819e-01,4.913658691406250000e+03
2.893385887145996094e-01,1.237526088953018188e-01,1.829223022460937500e+03
6.652522087097167969e-01,2.784146964550018311e-01,1.461448242187500000e+03
6.277070641517639160e-01,2.598925828933715820e-01,6.778502441406250000e+03
1.097331643104553223e+00,3.926957547664642334e-01,5.519719238281250000e+03
5.331943035125732422e-01,2.377112209796905518e-01,6.428078125000000000e+03
5.668206810951232910e-01,2.782896161079406738e-01,1.132322998046875000e+03
7.033190727233886719e-01,2.192925065755844116e-01,3.766571777343750000e+03
5.181769728660583496e-01,2.204118221998214722e-01,3.065414550781250000e+03
1.139431595802307129e+00,4.006886780261993408e-01,1.098738593750000000e+05
6.632198691368103027e-01,2.736909091472625732e-01,4.072730712890625000e+03
3.727062940597534180e-01,1.546560972929000854e-01,1.830987060546875000e+03
1.133603334426879883e+00,3.965413272380828857e-01,2.250509179687500000e+04
6.552403569221496582e-01,2.719118893146514893e-01,9.998882812500000000e+03
7.762594819068908691e-01,3.750843703746795654e-01,2.791908203125000000e+03
3.568761348724365234e-01,1.437028646469116211e-01,3.620860839843750000e+03
3.835362195968627930e-01,1.509943902492523193e-01,3.982091308593750000e+03
9.975788593292236328e-01,3.947156071662902832e-01,2.060473437500000000e+04
7.143213748931884766e-01,3.064563274383544922e-01,9.770528320312500000e+03
4.527724087238311768e-01,2.181102484464645386e-01,1.407290893554687500e+03
5.147981047630310059e-01,2.267202585935592651e-01,2.077570556640625000e+03
9.412471652030944824e-01,2.350715845823287964e-01,4.219006835937500000e+03
3.906304836273193359e-01,1.519678682088851929e-01,2.172721679687500000e+03
5.985628962516784668e-01,2.503061592578887939e-01,5.685162109375000000e+03
6.752353906631469727e-01,2.660541236400604248e-01,6.056311523437500000e+03
9.918052554130554199e-01,3.612730801105499268e-01,1.077920507812500000e+04
5.799078345298767090e-01,2.348999232053756714e-01,4.353979003906250000e+03
7.782372236251831055e-01,3.317426145076751709e-01,2.336876562500000000e+04
8.384777307510375977e-01,4.051606059074401855e-01,8.137756347656250000e+03
3.516828119754791260e-01,1.507120728492736816e-01,2.453780029296875000e+03
4.893053770065307617e-01,2.099848836660385132e-01,2.908741699218750000e+03
6.363025903701782227e-01,2.870657145977020264e-01,3.385447998046875000e+03
7.918691635131835938e-01,3.765541911125183105e-01,2.738453125000000000e+03
1.139368295669555664e+00,3.973145782947540283e-01,2.226463593750000000e+05
5.755686759948730469e-01,2.444508224725723267e-01,3.263795654296875000e+03
6.670169830322265625e-01,2.676724493503570557e-01,1.484444433593750000e+04
6.806477904319763184e-01,2.984646260738372803e-01,4.079920654296875000e+03
6.615763306617736816e-01,3.112986385822296143e-01,3.888499023437500000e+03
8.383508920669555664e-01,3.075438737869262695e-01,9.229888671875000000e+03
3.577506840229034424e-01,1.422942876815795898e-01,2.015679931640625000e+03
8.548642396926879883e-01,3.462421894073486328e-01,7.951359863281250000e+03
4.391297698020935059e-01,1.784050464630126953e-01,4.084614013671875000e+03
8.295994400978088379e-01,3.432670831680297852e-01,8.507335156250000000e+04
8.624787926673889160e-01,3.656413555145263672e-01,8.253041015625000000e+03
8.348643183708190918e-01,3.493128120899200439e-01,3.174796875000000000e+03
6.098064780235290527e-01,2.659794092178344727e-01,2.431100097656250000e+03
6.468060016632080078e-01,3.021557033061981201e-01,5.483645507812500000e+03
1.119930505752563477e+00,3.973847627639770508e-01,1.384589062500000000e+05
6.996780037879943848e-01,3.082758784294128418e-01,4.823983886718750000e+03
5.969706177711486816e-01,2.852243781089782715e-01,2.367016357421875000e+03
6.815773844718933105e-01,2.837039232254028320e-01,1.109194531250000000e+04
7.292308807373046875e-01,2.950308918952941895e-01,2.485595312500000000e+04
8.440226316452026367e-01,3.293326497077941895e-01,8.960063476562500000e+03
2.992414832115173340e-01,1.269347667694091797e-01,1.440628662109375000e+03
6.668366193771362305e-01,3.087259232997894287e-01,3.222719482421875000e+03
1.005146265029907227e+00,3.864143192768096924e-01,3.650271875000000000e+04
5.195678472518920898e-01,2.115815430879592896e-01,6.975052246093750000e+03
9.448543787002563477e-01,3.488714993000030518e-01,1.071735312500000000e+05
7.166823744773864746e-01,2.758126258850097656e-01,5.187929199218750000e+03
6.086948513984680176e-01,3.187933266162872314e-01,1.716640014648437500e+03
6.556683778762817383e-01,2.885057330131530762e-01,5.562178222656250000e+03
4.177947640419006348e-01,1.988777220249176025e-01,1.457690551757812500e+03
8.646278381347656250e-01,3.590451478958129883e-01,1.917073828125000000e+04
6.994467973709106445e-01,2.814502716064453125e-01,8.503171875000000000e+03
5.029472708702087402e-01,2.265412509441375732e-01,1.399183959960937500e+03
7.523339390754699707e-01,2.837294042110443115e-01,2.214606250000000000e+04
5.358623266220092773e-01,2.199791520833969116e-01,9.229691406250000000e+03
6.513234376907348633e-01,2.538676559925079346e-01,1.180288085937500000e+04
7.832421064376831055e-01,3.314430117607116699e-01,4.230841308593750000e+03
7.552899718284606934e-01,2.398839443922042847e-01,6.806789062500000000e+03
6.721532344818115234e-01,2.878320515155792236e-01,4.110256347656250000e+03
4.838548302650451660e-01,2.324425578117370605e-01,2.541787597656250000e+03
8.057627677917480469e-01,2.722098529338836670e-01,8.703132812500000000e+03
8.821755051612854004e-01,3.462428748607635498e-01,3.170153564453125000e+03
7.168494462966918945e-01,2.845647037029266357e-01,5.665491210937500000e+03
8.246738314628601074e-01,3.217664957046508789e-01,2.749735839843750000e+03
3.258799612522125244e-01,1.215023919939994812e-01,1.197320800781250000e+03
5.474159717559814453e-01,2.260545492172241211e-01,3.380384521484375000e+03
7.643732428550720215e-01,3.264025151729583740e-01,4.918042480468750000e+03
5.220490097999572754e-01,2.178770750761032104e-01,4.131853027343750000e+03
4.684694707393646240e-01,2.073662281036376953e-01,4.141001953125000000e+03
7.398402690887451172e-01,3.067008554935455322e-01,3.479147949218750000e+03
3.603684604167938232e-01,1.423766463994979858e-01,1.984372070312500000e+03
5.716561079025268555e-01,2.431163489818572998e-01,5.811368164062500000e+03
1.081674098968505859e+00,3.918811678886413574e-01,3.547791796875000000e+04
3.135991096496582031e-01,1.280191242694854736e-01,1.542708251953125000e+03
5.866788625717163086e-01,2.068158984184265137e-01,4.589975585937500000e+03
9.598476290702819824e-01,3.344942629337310791e-01,1.240554077148437500e+03
5.316456556320190430e-01,2.417263388633728027e-01,3.127771484375000000e+03
9.313613772392272949e-01,3.726108074188232422e-01,2.975531640625000000e+04
2.562356591224670410e-01,9.813417494297027588e-02,1.142058959960937500e+03
1.113371253013610840e+00,3.970943987369537354e-01,1.275795234375000000e+05
7.256314754486083984e-01,3.049731552600860596e-01,2.829928222656250000e+03
3.599815964698791504e-01,1.207488998770713806e-01,2.601781005859375000e+03
8.304844498634338379e-01,3.028381764888763428e-01,1.975159179687500000e+04
5.184850096702575684e-01,2.203259319067001343e-01,1.883688842773437500e+03
5.805314779281616211e-01,2.492790222167968750e-01,3.718863525390625000e+03
9.381880760192871094e-01,3.331922292709350586e-01,1.910355957031250000e+03
5.664792656898498535e-01,2.603145539760589600e-01,3.134109375000000000e+03
3.531273603439331055e-01,1.631507426500320435e-01,1.658893798828125000e+03
1.135213255882263184e+00,6.441782414913177490e-02,6.950904296875000000e+03
6.602998971939086914e-01,3.268773853778839111e-01,4.336223144531250000e+03
7.807391881942749023e-01,3.531171679496765137e-01,5.128938476562500000e+03
4.340116977691650391e-01,1.698519438505172729e-01,1.598321166992187500e+03
6.878910660743713379e-01,2.589567601680755615e-01,4.682720703125000000e+03
4.941869974136352539e-01,1.983709931373596191e-01,5.467651367187500000e+03
7.515223026275634766e-01,3.460207283496856689e-01,5.532977050781250000e+03
5.959299802780151367e-01,2.300053983926773071e-01,4.622765136718750000e+03
1.075509905815124512e+00,3.499295413494110107e-01,1.337719482421875000e+03
5.101446509361267090e-01,2.198706418275833130e-01,2.455134033203125000e+03
7.385026216506958008e-01,2.944997847080230713e-01,3.115107421875000000e+04
9.243254065513610840e-01,3.627366721630096436e-01,8.835396875000000000e+04
7.057356834411621094e-01,3.066296279430389404e-01,9.646205078125000000e+03
7.483123540878295898e-01,3.105610311031341553e-01,2.149452148437500000e+03
6.442998647689819336e-01,2.706235945224761963e-01,7.204535644531250000e+03
9.976190328598022461e-01,4.074261784553527832e-01,1.023252187500000000e+05
6.294623017311096191e-01,2.597600221633911133e-01,5.004089355468750000e+03
5.656569004058837891e-01,2.336575537919998169e-01,3.227524902343750000e+03
7.488402128219604492e-01,3.438995778560638428e-01,3.742172119140625000e+03
1.072953462600708008e+00,4.027331471443176270e-01,7.723072265625000000e+03
6.508912444114685059e-01,2.698161303997039795e-01,6.539308105468750000e+03
5.093889236450195312e-01,2.162910401821136475e-01,2.829453613281250000e+03
3.900819122791290283e-01,1.538039594888687134e-01,1.388033447265625000e+03
5.916538834571838379e-01,2.384381145238876343e-01,3.476079101562500000e+03
4.462481439113616943e-01,1.847773194313049316e-01,2.891135498046875000e+03
4.219867587089538574e-01,1.702272295951843262e-01,2.658006835937500000e+03
8.907714486122131348e-01,3.496650755405426025e-01,5.975828613281250000e+03
6.268635988235473633e-01,2.933029532432556152e-01,2.603879638671875000e+03
7.296417951583862305e-01,2.901249825954437256e-01,3.663744384765625000e+03
4.558653831481933594e-01,1.692757308483123779e-01,1.122135986328125000e+03
5.721561312675476074e-01,2.322123497724533081e-01,1.014701269531250000e+04
3.780347406864166260e-01,1.592438966035842896e-01,1.391917236328125000e+03
6.215819120407104492e-01,3.047337532043457031e-01,3.230174316406250000e+03
4.985518455505371094e-01,2.152630239725112915e-01,5.361130859375000000e+03
3.356895148754119873e-01,1.400554478168487549e-01,1.122510131835937500e+03
4.926670789718627930e-01,2.148804813623428345e-01,3.090970947265625000e+03
7.218866944313049316e-01,3.256892859935760498e-01,2.456083251953125000e+03
6.592435836791992188e-01,2.476020306348800659e-01,7.760867187500000000e+03
5.394832491874694824e-01,2.275670170783996582e-01,2.445667724609375000e+03
7.093557119369506836e-01,3.241843283176422119e-01,2.601267822265625000e+03
5.601539611816406250e-01,2.363498955965042114e-01,2.411410156250000000e+03
8.511077165603637695e-01,3.975260853767395020e-01,5.732395996093750000e+03
5.917134284973144531e-01,2.512528002262115479e-01,9.476598632812500000e+03
4.025591611862182617e-01,1.764879524707794189e-01,1.503249511718750000e+03
5.526345372200012207e-01,2.461812049150466919e-01,4.005436035156250000e+03
4.097307026386260986e-01,1.656605452299118042e-01,2.445375488281250000e+03
1.106472611427307129e+00,3.963744044303894043e-01,1.417494687500000000e+05
5.008500218391418457e-01,2.008906900882720947e-01,2.758778564453125000e+03
5.148077011108398438e-01,2.091663330793380737e-01,4.495812011718750000e+03
9.960369467735290527e-01,3.926815092563629150e-01,1.933991406250000000e+04
4.213449358940124512e-01,1.945999413728713989e-01,2.517109863281250000e+03
1.004846572875976562e+00,3.946274220943450928e-01,3.116280273437500000e+04
5.075477361679077148e-01,2.182670980691909790e-01,2.500106689453125000e+03
4.812311530113220215e-01,2.102979272603988647e-01,1.987039306640625000e+03
8.419039845466613770e-01,3.465977609157562256e-01,2.879061328125000000e+04
6.065231561660766602e-01,2.715751826763153076e-01,3.195254150390625000e+03
9.139298796653747559e-01,4.140757620334625244e-01,4.566834472656250000e+03
6.439177989959716797e-01,2.623262703418731689e-01,2.103369140625000000e+03
9.897320270538330078e-01,3.914825022220611572e-01,1.267593847656250000e+04
1.097515702247619629e+00,3.969681859016418457e-01,1.770383007812500000e+04
8.510251045227050781e-01,3.326031565666198730e-01,9.044561523437500000e+03
5.589048266410827637e-01,1.972016692161560059e-01,2.999329833984375000e+03
9.233287572860717773e-01,3.649427890777587891e-01,2.127617382812500000e+04
1.030704259872436523e+00,3.848427832126617432e-01,1.909609960937500000e+04
9.757894873619079590e-01,3.890615403652191162e-01,8.624295898437500000e+03
7.055000066757202148e-01,2.891953587532043457e-01,5.930704101562500000e+03
6.949180364608764648e-01,2.965351939201354980e-01,4.224771972656250000e+03
5.366564393043518066e-01,2.189505696296691895e-01,2.504549316406250000e+03
5.302764177322387695e-01,2.077722996473312378e-01,3.289055908203125000e+03
8.381019234657287598e-01,2.808625698089599609e-01,3.844277587890625000e+03
3.807274401187896729e-01,1.648910194635391235e-01,1.779743774414062500e+03
7.410290837287902832e-01,2.977633774280548096e-01,1.075155859375000000e+04
9.878054857254028320e-01,4.002410471439361572e-01,8.990758789062500000e+03
5.693350434303283691e-01,2.262786924839019775e-01,7.322521484375000000e+03
1.057695269584655762e+00,3.919505178928375244e-01,6.115196484375000000e+04
9.434495568275451660e-01,3.894658088684082031e-01,2.218751562500000000e+04
8.162239789962768555e-01,3.260450959205627441e-01,7.374107910156250000e+03
6.225356459617614746e-01,2.511707842350006104e-01,6.460242187500000000e+03
4.130309224128723145e-01,1.822746992111206055e-01,3.407292480468750000e+03
7.010998725891113281e-01,2.803407907485961914e-01,4.745828613281250000e+03
2.865350544452667236e-01,1.105454042553901672e-01,9.742570190429687500e+02
8.322512507438659668e-01,3.216283321380615234e-01,1.259078222656250000e+04
3.276745975017547607e-01,1.283742338418960571e-01,2.629700927734375000e+03
4.885120093822479248e-01,2.263743430376052856e-01,2.285546386718750000e+03
6.310985088348388672e-01,2.939586639404296875e-01,2.545101074218750000e+03
6.898148655891418457e-01,2.970714271068572998e-01,2.933530273437500000e+03
4.623322486877441406e-01,2.127998620271682739e-01,2.565812500000000000e+03
8.645420670509338379e-01,2.134227305650711060e-01,8.685211914062500000e+03
6.074922084808349609e-01,2.492125928401947021e-01,5.839611328125000000e+03
6.864320635795593262e-01,1.129569634795188904e-01,3.502284423828125000e+03
4.056284725666046143e-01,1.814538687467575073e-01,1.311925659179687500e+03
6.365789175033569336e-01,2.594261765480041504e-01,1.201153906250000000e+04
1.012265443801879883e+00,1.436061114072799683e-01,5.061857421875000000e+03
7.236251235008239746e-01,2.753641307353973389e-01,9.694234375000000000e+03
7.799615263938903809e-01,3.389957547187805176e-01,2.180297656250000000e+04
7.376934289932250977e-01,3.031238019466400146e-01,1.754943359375000000e+04
6.645935177803039551e-01,2.601526677608489990e-01,5.027358886718750000e+03
4.730700552463531494e-01,2.021224498748779297e-01,3.874086425781250000e+03
7.415735721588134766e-01,2.848752439022064209e-01,4.163521972656250000e+03
7.693930864334106445e-01,3.154968321323394775e-01,1.155396386718750000e+04
7.023092508316040039e-01,1.802628189325332642e-01,3.673874267578125000e+03
7.315323948860168457e-01,2.336914241313934326e-01,4.494091308593750000e+03
3.892433345317840576e-01,1.655499637126922607e-01,2.670836669921875000e+03
4.406558871269226074e-01,1.818732321262359619e-01,1.726059204101562500e+03
8.203524947166442871e-01,3.606398999691009521e-01,1.023617089843750000e+04
8.960357308387756348e-01,3.436480462551116943e-01,1.047911132812500000e+04
5.252777934074401855e-01,2.263036519289016724e-01,2.501472167968750000e+03
5.219162702560424805e-01,2.149514406919479370e-01,1.969190551757812500e+03
9.409702420234680176e-01,3.730778098106384277e-01,2.551447656250000000e+04
4.351216256618499756e-01,1.971326172351837158e-01,2.257347167968750000e+03
4.626272618770599365e-01,1.817813515663146973e-01,4.788551757812500000e+03
6.910189986228942871e-01,2.799682915210723877e-01,6.685013183593750000e+03
6.241899132728576660e-01,2.923872470855712891e-01,3.335270019531250000e+03
8.849545121192932129e-01,4.102374613285064697e-01,3.689910400390625000e+03
7.003284692764282227e-01,2.984712421894073486e-01,4.406641601562500000e+03
1.040040254592895508e+00,3.827297389507293701e-01,1.138778808593750000e+04
7.562676668167114258e-01,3.056326210498809814e-01,1.556506591796875000e+03
7.604209184646606445e-01,3.793289661407470703e-01,7.270849121093750000e+03
7.748224735260009766e-01,2.858391404151916504e-01,3.136390380859375000e+03
4.981074929237365723e-01,2.413370311260223389e-01,2.511221191406250000e+03
8.577316999435424805e-01,3.788106143474578857e-01,1.355698535156250000e+04
4.885049760341644287e-01,1.982231438159942627e-01,2.375652539062500000e+04
6.747383475303649902e-01,2.976399660110473633e-01,5.288830078125000000e+03
3.586488068103790283e-01,1.555572301149368286e-01,2.027862060546875000e+03
6.067578792572021484e-01,2.749562263488769531e-01,2.487397656250000000e+04
7.041396498680114746e-01,3.039962351322174072e-01,1.589329394531250000e+04
5.135223865509033203e-01,2.163716256618499756e-01,2.467104980468750000e+03
7.242951393127441406e-01,2.478715032339096069e-01,1.589259155273437500e+03
4.306109249591827393e-01,1.794122755527496338e-01,2.754852539062500000e+03
5.307639837265014648e-01,2.325076609849929810e-01,1.412502929687500000e+03
3.926311433315277100e-01,1.636658906936645508e-01,1.602720581054687500e+03
5.397206544876098633e-01,2.132251858711242676e-01,7.463362304687500000e+03
1.056051492691040039e+00,3.922146260738372803e-01,1.300901757812500000e+04
5.439192056655883789e-01,2.141492813825607300e-01,8.556751953125000000e+03
6.961401700973510742e-01,2.984508275985717773e-01,8.349243164062500000e+03
6.461940407752990723e-01,2.601745426654815674e-01,9.991878906250000000e+03
1.137027621269226074e+00,3.977292478084564209e-01,6.721428222656250000e+03
8.880931735038757324e-01,3.799237608909606934e-01,2.023971875000000000e+04
6.902141571044921875e-01,2.710559666156768799e-01,3.864110107421875000e+03
8.698450922966003418e-01,3.585574030876159668e-01,1.568887304687500000e+04
1.077739000320434570e+00,3.920950591564178467e-01,1.116249609375000000e+04
3.218400776386260986e-01,1.307634413242340088e-01,1.748862915039062500e+03
1.000135660171508789e+00,3.682748973369598389e-01,1.349761875000000000e+05
1.006719231605529785e+00,3.962957859039306641e-01,7.379147949218750000e+03
4.891612231731414795e-01,2.128338962793350220e-01,2.202343261718750000e+03
4.153181314468383789e-01,1.734741479158401489e-01,2.758858398437500000e+03
9.662705063819885254e-01,4.048483967781066895e-01,2.938311914062500000e+04
4.163201451301574707e-01,1.604969352483749390e-01,2.546550537109375000e+03
8.446191549301147461e-01,3.855766057968139648e-01,6.374410644531250000e+03
6.185214519500732422e-01,2.376964837312698364e-01,2.864597167968750000e+03
7.574008107185363770e-01,3.105739951133728027e-01,1.839203710937500000e+04
6.722208261489868164e-01,2.720648646354675293e-01,4.643871093750000000e+03
6.295238137245178223e-01,2.723407149314880371e-01,5.302493652343750000e+03
5.959674119949340820e-01,2.639531791210174561e-01,2.402957031250000000e+03
3.944711685180664062e-01,1.784373968839645386e-01,2.173692626953125000e+03
7.873073816299438477e-01,3.257910311222076416e-01,7.474726562500000000e+03
4.837613999843597412e-01,1.988594233989715576e-01,1.809418579101562500e+03
8.841073513031005859e-01,3.658621013164520264e-01,9.287211914062500000e+03
6.067202687263488770e-01,2.759334444999694824e-01,3.254471191406250000e+03
9.861816167831420898e-01,3.493273556232452393e-01,1.836083740234375000e+03
6.772688627243041992e-01,2.885030210018157959e-01,5.156897949218750000e+03
1.202102303504943848e+00,7.766209542751312256e-02,6.357931152343750000e+03
5.539854764938354492e-01,2.339942008256912231e-01,8.109831054687500000e+03
7.200590372085571289e-01,3.110404908657073975e-01,3.831181884765625000e+03
5.385392904281616211e-01,2.078275829553604126e-01,7.211503417968750000e+03
8.529496788978576660e-01,3.384238481521606445e-01,9.001989257812500000e+03
5.263900756835937500e-01,2.238239645957946777e-01,2.001512084960937500e+03
9.903829097747802734e-01,3.943817615509033203e-01,3.632538671875000000e+04
9.656512737274169922e-01,3.988324999809265137e-01,2.466950585937500000e+04
3.106804788112640381e-01,1.166880875825881958e-01,1.566298339843750000e+03
1.002788662910461426e+00,3.914995491504669189e-01,2.360714648437500000e+04
2.732290923595428467e-01,1.009980142116546631e-01,1.490025390625000000e+03
4.007672369480133057e-01,1.544690430164337158e-01,1.147747802734375000e+03
5.488513708114624023e-01,2.033580243587493896e-01,3.846694824218750000e+03
1.125858783721923828e+00,3.962016701698303223e-01,1.688680078125000000e+04
4.777715206146240234e-01,1.772110164165496826e-01,2.938255371093750000e+03
5.228800773620605469e-01,2.220870852470397949e-01,4.958754882812500000e+03
6.359357237815856934e-01,3.099268078804016113e-01,1.816831420898437500e+03
1.040015578269958496e+00,1.210338771343231201e-01,4.537456054687500000e+03
1.042757391929626465e+00,3.712307810783386230e-01,1.056323828125000000e+05
7.291066646575927734e-01,3.366256356239318848e-01,3.946981640625000000e+04
8.039134740829467773e-01,2.865042686462402344e-01,7.875965820312500000e+03
7.164359092712402344e-01,2.859372794628143311e-01,8.901898437500000000e+03
2.782209217548370361e-01,1.126232072710990906e-01,1.753823364257812500e+03
1.032261371612548828e+00,3.854057192802429199e-01,1.661842187500000000e+04
7.824699878692626953e-01,3.349333107471466064e-01,1.524475000000000000e+04
4.780180752277374268e-01,2.101856023073196411e-01,1.858834106445312500e+03
5.316087603569030762e-01,2.651491165161132812e-01,1.387362548828125000e+03
4.281397461891174316e-01,1.770415157079696655e-01,1.679751586914062500e+03
5.737851858139038086e-01,2.483348399400711060e-01,7.169850097656250000e+03
5.002315640449523926e-01,1.932277679443359375e-01,4.126275878906250000e+03
4.819551706314086914e-01,2.050627619028091431e-01,2.974675537109375000e+03
8.461213111877441406e-01,2.987870872020721436e-01,1.203426660156250000e+04
6.682603359222412109e-01,2.691619992256164551e-01,4.254258789062500000e+03
9.100984930992126465e-01,3.678962290287017822e-01,1.369618066406250000e+04
1.040650486946105957e+00,3.981629908084869385e-01,1.226733203125000000e+05
3.603990674018859863e-01,1.143445074558258057e-01,1.548468872070312500e+03
9.737914800643920898e-01,2.759850025177001953e-01,5.366881835937500000e+03
3.270989358425140381e-01,1.362079530954360962e-01,1.985000610351562500e+03
5.246370434761047363e-01,2.360945343971252441e-01,4.519940917968750000e+03
5.775907039642333984e-01,2.618838250637054443e-01,9.035827148437500000e+03
6.876638531684875488e-01,2.995552718639373779e-01,2.522470703125000000e+03
6.214415431022644043e-01,2.567009627819061279e-01,8.492908203125000000e+03
7.501585483551025391e-01,3.380417227745056152e-01,5.214235839843750000e+03
5.187835097312927246e-01,2.291346937417984009e-01,3.774181640625000000e+03
5.539327263832092285e-01,2.534852623939514160e-01,2.523740722656250000e+03
5.609299540519714355e-01,2.358009964227676392e-01,6.282780761718750000e+03
6.342375278472900391e-01,2.877092361450195312e-01,1.056158007812500000e+04
3.548484444618225098e-01,1.550446450710296631e-01,2.265771484375000000e+03
9.890470504760742188e-01,3.730568587779998779e-01,1.294689550781250000e+04
8.485394716262817383e-01,3.443671464920043945e-01,5.269286132812500000e+03
3.018466830253601074e-01,1.286658644676208496e-01,1.282177734375000000e+03
6.899345517158508301e-01,2.908103764057159424e-01,5.862866796875000000e+04
7.620980143547058105e-01,3.221332132816314697e-01,4.829128906250000000e+03
8.005264997482299805e-01,3.597871959209442139e-01,4.507243164062500000e+03
7.088548541069030762e-01,3.021388053894042969e-01,3.536005859375000000e+03
1.065308809280395508e+00,3.892698287963867188e-01,5.218594921875000000e+04
1.127943515777587891e+00,4.002585113048553467e-01,7.306806152343750000e+03
8.681535124778747559e-01,3.685992062091827393e-01,2.408575000000000000e+04
6.785675287246704102e-01,2.849328517913818359e-01,6.543859863281250000e+03
4.356539845466613770e-01,1.661837100982666016e-01,1.143325195312500000e+03
4.089489877223968506e-01,1.499642580747604370e-01,1.946330444335937500e+03
1.131862640380859375e+00,3.976576626300811768e-01,1.127192285156250000e+04
7.946950197219848633e-01,2.793976366519927979e-01,1.383455273437500000e+04
4.331537187099456787e-01,1.923409253358840942e-01,1.767881347656250000e+03
3.499586582183837891e-01,1.389786452054977417e-01,2.188217041015625000e+03
4.552506506443023682e-01,2.041678130626678467e-01,2.278617919921875000e+03
4.075732231140136719e-01,1.960280388593673706e-01,1.672127075195312500e+03
4.361562430858612061e-01,1.837480813264846802e-01,1.575554565429687500e+03
1.059759974479675293e+00,3.832774758338928223e-01,4.004801757812500000e+03
7.532191276550292969e-01,3.123703598976135254e-01,2.079293945312500000e+04
9.409793019294738770e-01,3.732546865940093994e-01,1.332478222656250000e+04
4.250836074352264404e-01,1.631536036729812622e-01,2.354078369140625000e+03
7.211396098136901855e-01,3.009262084960937500e-01,6.746739257812500000e+03
5.144944787025451660e-01,2.037720829248428345e-01,3.595270263671875000e+03
8.051224946975708008e-01,3.218992948532104492e-01,3.172050537109375000e+03
6.818296909332275391e-01,2.752378880977630615e-01,2.716130859375000000e+03
7.149006724357604980e-01,3.089812994003295898e-01,2.869674316406250000e+03
9.854806661605834961e-01,3.754028379917144775e-01,4.584978515625000000e+03
4.049132466316223145e-01,1.886482834815979004e-01,1.179454101562500000e+03
5.469938516616821289e-01,2.727042138576507568e-01,1.900336059570312500e+03
1.134861230850219727e+00,3.988161683082580566e-01,9.107865625000000000e+04
6.152303814888000488e-01,2.911435961723327637e-01,6.666929199218750000e+03
1.036302804946899414e+00,3.856998980045318604e-01,2.736438476562500000e+04
9.790814518928527832e-01,3.831716775894165039e-01,1.152890527343750000e+04
1.095516443252563477e+00,3.960495591163635254e-01,4.209894140625000000e+04
7.778588533401489258e-01,3.270559012889862061e-01,6.962804687500000000e+03
6.023028492927551270e-01,2.500399947166442871e-01,1.341135156250000000e+04
7.786231637001037598e-01,3.343868255615234375e-01,3.647313281250000000e+04
4.691331088542938232e-01,1.941320300102233887e-01,3.839839599609375000e+03
8.409078717231750488e-01,3.736694157123565674e-01,3.649924804687500000e+03
1.132210493087768555e+00,3.971805870532989502e-01,3.105406494140625000e+03
3.718059062957763672e-01,1.653438359498977661e-01,2.080104492187500000e+03
8.802842497825622559e-01,3.754670917987823486e-01,7.427177246093750000e+03
7.685157060623168945e-01,3.270664513111114502e-01,9.969143554687500000e+03
6.205641031265258789e-01,2.588916122913360596e-01,1.280617578125000000e+04
6.030943989753723145e-01,2.459408640861511230e-01,1.003287207031250000e+04
5.444931983947753906e-01,2.395492047071456909e-01,4.027983398437500000e+03
7.209872007369995117e-01,3.249571025371551514e-01,2.234682421875000000e+04
6.063743233680725098e-01,2.726314961910247803e-01,4.666733398437500000e+03
5.079628825187683105e-01,1.936237215995788574e-01,3.928885498046875000e+03
3.033728301525115967e-01,9.826970100402832031e-02,9.093119506835937500e+02
6.568722724914550781e-01,2.681466937065124512e-01,3.362603027343750000e+03
5.368299484252929688e-01,2.675187289714813232e-01,2.183264648437500000e+03
1.081408262252807617e+00,7.773634046316146851e-02,4.713671875000000000e+03
6.382511258125305176e-01,2.758093774318695068e-01,3.753319091796875000e+03
6.588836312294006348e-01,2.848346531391143799e-01,3.630421875000000000e+03
7.391428947448730469e-01,3.222711980342864990e-01,1.158807714843750000e+04
6.731154918670654297e-01,3.679302930831909180e-01,4.432779296875000000e+03
7.791392803192138672e-01,3.409613668918609619e-01,3.507982421875000000e+03
7.055320143699645996e-01,2.340019047260284424e-01,4.383158691406250000e+03
5.544539690017700195e-01,2.274546027183532715e-01,5.681074707031250000e+03
7.110592722892761230e-01,2.866374254226684570e-01,6.889028808593750000e+03
9.769071936607360840e-01,3.403337299823760986e-01,5.819022460937500000e+03
5.262448787689208984e-01,2.733345329761505127e-01,1.909257934570312500e+03
8.839646577835083008e-01,3.402305841445922852e-01,9.544392578125000000e+03
6.491833329200744629e-01,2.640789747238159180e-01,1.606706787109375000e+03
9.105550646781921387e-01,3.471460640430450439e-01,2.743590576171875000e+03
4.651027321815490723e-01,1.945443898439407349e-01,3.193244873046875000e+03
5.637800097465515137e-01,2.763400077819824219e-01,1.550316772460937500e+03
5.477212667465209961e-01,2.414949834346771240e-01,3.695956542968750000e+03
4.174218773841857910e-01,1.846970021724700928e-01,1.895252685546875000e+03
1.171385049819946289e+00,1.568339169025421143e-01,4.956878906250000000e+03
4.514680206775665283e-01,1.821229457855224609e-01,5.467397460937500000e+03
3.912291228771209717e-01,2.033230811357498169e-01,1.338539306640625000e+03
1.232399106025695801e+00,6.255541741847991943e-02,6.662176269531250000e+03
6.091147661209106445e-01,8.951397985219955444e-02,2.917828857421875000e+03
6.742954254150390625e-01,2.569250464439392090e-01,5.421044921875000000e+03
5.937983989715576172e-01,2.674572765827178955e-01,2.054175048828125000e+03
4.820986092090606689e-01,1.904818266630172729e-01,2.951158935546875000e+03
6.494283676147460938e-01,2.970740795135498047e-01,2.897900146484375000e+03
1.014991402626037598e+00,3.392424881458282471e-01,5.169859375000000000e+03
4.044044315814971924e-01,1.529435813426971436e-01,1.888435180664062500e+03
3.497908115386962891e-01,1.646847575902938843e-01,2.105802734375000000e+03
6.606833338737487793e-01,2.970069348812103271e-01,1.912985473632812500e+03
7.568303942680358887e-01,3.282667398452758789e-01,1.461169335937500000e+04
7.524022459983825684e-01,3.090155422687530518e-01,1.249870605468750000e+04
7.678154110908508301e-01,2.357010692358016968e-01,3.461312011718750000e+03
4.808561503887176514e-01,2.374029606580734253e-01,8.805535888671875000e+02
9.672045707702636719e-01,3.714943230152130127e-01,7.593540527343750000e+03
1.059299230575561523e+00,3.693797886371612549e-01,2.831705566406250000e+03
8.262961506843566895e-01,3.442133367061614990e-01,7.286542968750000000e+03
7.439884543418884277e-01,2.839835882186889648e-01,1.561811621093750000e+04
3.031636774539947510e-01,1.307814270257949829e-01,8.503796386718750000e+02
5.662986636161804199e-01,2.345875799655914307e-01,4.385465332031250000e+03
5.043299198150634766e-01,2.200661897659301758e-01,3.160556640625000000e+03
6.763772368431091309e-01,2.755625545978546143e-01,9.596064453125000000e+03
5.364130735397338867e-01,2.214307039976119995e-01,3.717310546875000000e+03
5.479316115379333496e-01,2.398957163095474243e-01,5.814370117187500000e+03
6.872267127037048340e-01,2.942837476730346680e-01,7.155028808593750000e+03
6.138342022895812988e-01,2.497725933790206909e-01,2.642221191406250000e+03
5.369523763656616211e-01,2.151388078927993774e-01,2.217196044921875000e+03
5.884787440299987793e-01,2.477574944496154785e-01,4.446786132812500000e+03
9.484182000160217285e-01,3.603868484497070312e-01,3.037986523437500000e+04
9.015651345252990723e-01,3.603628575801849365e-01,4.849798046875000000e+04
1.037641763687133789e+00,3.921815454959869385e-01,3.058851757812500000e+04
4.902875125408172607e-01,2.033681869506835938e-01,4.970912597656250000e+03
6.783010363578796387e-01,2.894281446933746338e-01,1.058317285156250000e+04
7.407070398330688477e-01,3.599526286125183105e-01,1.757133984375000000e+04
4.425210952758789062e-01,1.854464858770370483e-01,3.667670898437500000e+03
3.851345181465148926e-01,1.550493240356445312e-01,7.582167480468750000e+03
6.391534805297851562e-01,2.655159533023834229e-01,1.509659960937500000e+04
7.297208905220031738e-01,2.804036736488342285e-01,1.330246972656250000e+04
6.191730499267578125e-01,3.480458259582519531e-01,3.028600097656250000e+03
6.471836566925048828e-01,3.134107589721679688e-01,1.014122851562500000e+04
4.855381250381469727e-01,2.341988384723663330e-01,2.415106689453125000e+03
8.218282461166381836e-01,3.661262094974517822e-01,7.139717285156250000e+03
7.898086905479431152e-01,3.402371406555175781e-01,1.182132617187500000e+04
6.366153955459594727e-01,2.598079144954681396e-01,1.008145507812500000e+04
9.721022844314575195e-01,4.032520055770874023e-01,4.615538281250000000e+04
9.114795327186584473e-01,3.505783379077911377e-01,5.084982910156250000e+03
7.877770662307739258e-01,3.618508279323577881e-01,4.033886962890625000e+03
4.676505029201507568e-01,1.792010068893432617e-01,5.315960937500000000e+03
7.599390149116516113e-01,3.048284649848937988e-01,4.360914453125000000e+04
6.611099839210510254e-01,3.083202838897705078e-01,2.805527587890625000e+03
5.843927264213562012e-01,2.925001978874206543e-01,4.652422851562500000e+03
3.940693438053131104e-01,1.552095264196395874e-01,2.229783691406250000e+03
5.615456700325012207e-01,2.317414283752441406e-01,4.495297363281250000e+03
1.094910025596618652e+00,3.877750337123870850e-01,4.510083007812500000e+03
7.709047794342041016e-01,3.241226971149444580e-01,2.198936132812500000e+04
7.551215887069702148e-01,2.568511962890625000e-01,1.881015136718750000e+03
6.352356076240539551e-01,2.783570885658264160e-01,2.676982177734375000e+03
6.368468403816223145e-01,2.586549818515777588e-01,7.025236816406250000e+03
6.707400679588317871e-01,2.735750079154968262e-01,1.226249267578125000e+03
7.814922332763671875e-01,3.751301765441894531e-01,2.135162109375000000e+04
4.222071468830108643e-01,1.604785025119781494e-01,3.493143310546875000e+03
5.537670254707336426e-01,2.360934317111968994e-01,2.950021484375000000e+03
4.933663904666900635e-01,2.077046632766723633e-01,3.812489013671875000e+03
5.477107167243957520e-01,2.279487401247024536e-01,2.725616210937500000e+03
4.544907212257385254e-01,2.012764811515808105e-01,2.343267089843750000e+03
3.445258736610412598e-01,1.408178657293319702e-01,1.812975097656250000e+03
8.331053853034973145e-01,3.106633126735687256e-01,4.293250000000000000e+03
4.504360556602478027e-01,2.141807377338409424e-01,1.491881591796875000e+03
4.654758572578430176e-01,1.894298344850540161e-01,1.647710937500000000e+03
5.915527343750000000e-01,2.705171108245849609e-01,5.289963867187500000e+03
6.315069794654846191e-01,2.921253442764282227e-01,3.514094970703125000e+03
4.566948413848876953e-01,2.589895427227020264e-01,2.565937500000000000e+03
5.714535713195800781e-01,3.024879395961761475e-01,9.606889648437500000e+02
8.589076995849609375e-01,3.588251471519470215e-01,1.777981835937500000e+04
8.094488382339477539e-01,3.201017975807189941e-01,4.770937988281250000e+03
5.476547479629516602e-01,2.337611913681030273e-01,2.984125488281250000e+03
7.166078686714172363e-01,2.973075807094573975e-01,5.629869140625000000e+03
8.525665402412414551e-01,3.515639007091522217e-01,5.111261230468750000e+03
6.259540915489196777e-01,2.473570555448532104e-01,1.049186230468750000e+04
5.873735547065734863e-01,2.439223676919937134e-01,2.734563720703125000e+03
5.167168974876403809e-01,2.629697918891906738e-01,1.406795776367187500e+03
4.722031056880950928e-01,1.910862475633621216e-01,2.871498046875000000e+03
7.172583937644958496e-01,3.621388971805572510e-01,2.005641845703125000e+03
6.542028188705444336e-01,2.907013595104217529e-01,3.363756347656250000e+03
6.583986282348632812e-01,3.071172833442687988e-01,5.803965332031250000e+03
6.881747841835021973e-01,2.602643966674804688e-01,1.318485058593750000e+04
7.456231117248535156e-01,3.012401759624481201e-01,9.991372070312500000e+03
1.116404533386230469e+00,3.915414214134216309e-01,3.207267822265625000e+03
5.421134829521179199e-01,2.416616082191467285e-01,7.993776367187500000e+03
8.885278105735778809e-01,3.904291391372680664e-01,3.722833251953125000e+03
5.338198542594909668e-01,2.308690994977951050e-01,4.325326660156250000e+03
9.037467837333679199e-01,3.863145112991333008e-01,1.131120410156250000e+04
3.258232474327087402e-01,1.292457729578018188e-01,1.071600097656250000e+03
5.987772941589355469e-01,2.431589066982269287e-01,1.567250585937500000e+04
8.738300204277038574e-01,8.876325190067291260e-02,3.748779541015625000e+03
9.621737599372863770e-01,3.814132809638977051e-01,6.379753417968750000e+03
4.589747786521911621e-01,1.819621622562408447e-01,2.361797607421875000e+03
5.296393036842346191e-01,2.137549817562103271e-01,8.872780273437500000e+03
6.195814013481140137e-01,2.630931138992309570e-01,2.892425537109375000e+03
6.955981850624084473e-01,2.769017517566680908e-01,3.796005859375000000e+04
5.621271729469299316e-01,2.333907634019851685e-01,4.103274902343750000e+03
4.990461170673370361e-01,2.113418430089950562e-01,3.889367919921875000e+03
7.294431924819946289e-01,3.002318441867828369e-01,1.272822460937500000e+04
3.579918742179870605e-01,1.542263031005859375e-01,4.007648193359375000e+03
1.132499456405639648e+00,3.975211977958679199e-01,1.109761171875000000e+05
7.853332757949829102e-01,3.204667866230010986e-01,1.504930371093750000e+04
5.923429727554321289e-01,2.288220077753067017e-01,1.215276367187500000e+04
8.494728803634643555e-01,3.550711870193481445e-01,8.706517578125000000e+03
7.449628710746765137e-01,3.087663948535919189e-01,9.358271484375000000e+03
6.904216408729553223e-01,2.985547184944152832e-01,6.081058105468750000e+03
6.250331997871398926e-01,3.086728453636169434e-01,3.828551269531250000e+03
7.567757368087768555e-01,3.096258342266082764e-01,1.386579101562500000e+04
4.552127122879028320e-01,1.926532983779907227e-01,1.971138061523437500e+03
6.022323369979858398e-01,2.441660910844802856e-01,2.679129150390625000e+03
8.770725131034851074e-01,3.081947267055511475e-01,3.070964111328125000e+03
5.525205731391906738e-01,2.543472647666931152e-01,1.610732421875000000e+03
9.551376104354858398e-01,3.905892372131347656e-01,2.078386132812500000e+04
3.819752335548400879e-01,1.703181564807891846e-01,1.586923706054687500e+03
8.776713013648986816e-01,3.539108932018280029e-01,8.845261718750000000e+03
4.516456425189971924e-01,1.851148903369903564e-01,5.719231933593750000e+03
6.659832000732421875e-01,2.781472504138946533e-01,1.438393652343750000e+04
5.672918558120727539e-01,2.383757978677749634e-01,1.896342285156250000e+03
5.231192708015441895e-01,2.455165535211563110e-01,2.321756347656250000e+03
1.020165443420410156e+00,7.648383826017379761e-02,5.233488769531250000e+03
4.497537016868591309e-01,1.988262534141540527e-01,1.666469848632812500e+03
4.929843544960021973e-01,1.985131800174713135e-01,5.971387695312500000e+03
4.003942012786865234e-01,2.201475948095321655e-01,1.608427612304687500e+03
6.001358628273010254e-01,2.251982837915420532e-01,2.695041503906250000e+03
4.987620413303375244e-01,2.267118096351623535e-01,8.816251953125000000e+03
4.640379250049591064e-01,2.049733549356460571e-01,1.601664672851562500e+03
7.237488627433776855e-01,2.378241717815399170e-01,9.908367187500000000e+03
6.856687664985656738e-01,2.954678237438201904e-01,7.102627441406250000e+03
9.588675498962402344e-01,3.235284686088562012e-01,4.453072265625000000e+03
5.114154219627380371e-01,1.891022622585296631e-01,6.306355468750000000e+03
1.140452146530151367e+00,3.969916999340057373e-01,1.690599062500000000e+05
5.973845720291137695e-01,2.151867896318435669e-01,4.555904296875000000e+03
5.788964629173278809e-01,2.434631735086441040e-01,1.796618164062500000e+04
5.344009995460510254e-01,2.533448934555053711e-01,1.858177001953125000e+03
1.162874817848205566e+00,3.683521151542663574e-01,1.197420410156250000e+04
4.007741808891296387e-01,1.738756299018859863e-01,1.615277832031250000e+03
4.609774947166442871e-01,1.961828917264938354e-01,2.202995849609375000e+03
7.967880964279174805e-01,3.244663178920745850e-01,1.584856542968750000e+04
1.039773941040039062e+00,3.954421281814575195e-01,1.416229882812500000e+04
6.659278869628906250e-01,2.362425476312637329e-01,1.092024414062500000e+04
7.258481979370117188e-01,3.094899654388427734e-01,8.086483398437500000e+03
5.392662286758422852e-01,2.318203598260879517e-01,3.133560791015625000e+03
7.195636630058288574e-01,2.305559962987899780e-01,8.960408203125000000e+03
6.997119784355163574e-01,3.118103742599487305e-01,4.862278320312500000e+03
5.385619401931762695e-01,2.094082236289978027e-01,9.930736083984375000e+02
9.244581460952758789e-01,3.828352689743041992e-01,5.272617187500000000e+03
6.923425793647766113e-01,3.145122230052947998e-01,2.651987304687500000e+03
4.467343091964721680e-01,1.729455590248107910e-01,3.712453857421875000e+03
9.310528635978698730e-01,3.719969391822814941e-01,5.630617578125000000e+04
5.954736471176147461e-01,2.518764734268188477e-01,6.943724121093750000e+03
5.715684294700622559e-01,2.440901100635528564e-01,5.859290039062500000e+03
9.673902392387390137e-01,4.045559763908386230e-01,1.122571386718750000e+04
4.984497427940368652e-01,2.355269044637680054e-01,1.556007446289062500e+03
4.799781143665313721e-01,2.201240509748458862e-01,1.016702514648437500e+03
7.991291880607604980e-01,3.348070979118347168e-01,1.135683496093750000e+04
5.445082187652587891e-01,2.192564904689788818e-01,2.780519775390625000e+03
5.835951566696166992e-01,2.457767874002456665e-01,3.156551269531250000e+03
3.561857640743255615e-01,1.471014469861984253e-01,1.841684204101562500e+03
6.833019852638244629e-01,2.782267630100250244e-01,2.177506250000000000e+04
5.709834098815917969e-01,2.767919003963470459e-01,2.513018066406250000e+03
5.821447968482971191e-01,2.546955347061157227e-01,3.071266113281250000e+03
1.023479104042053223e+00,3.863783478736877441e-01,4.679417187500000000e+04
8.072685599327087402e-01,3.450414240360260010e-01,4.318622558593750000e+03
6.753923296928405762e-01,3.228662014007568359e-01,2.498836181640625000e+03
5.675743818283081055e-01,2.400955706834793091e-01,4.404130859375000000e+03
8.295758366584777832e-01,1.121162325143814087e-01,4.358163085937500000e+03
3.872732818126678467e-01,1.574092507362365723e-01,2.072052246093750000e+03
9.281764626502990723e-01,4.087871313095092773e-01,1.482243750000000000e+04
5.369127392768859863e-01,2.447881549596786499e-01,1.114577636718750000e+03
5.376400351524353027e-01,2.698253393173217773e-01,2.295172607421875000e+03
6.299737095832824707e-01,2.991747856140136719e-01,2.533498046875000000e+03
6.261022686958312988e-01,2.455101460218429565e-01,2.144800000000000000e+04
9.536821246147155762e-01,3.921535015106201172e-01,2.682531494140625000e+03
4.713097214698791504e-01,1.900359243154525757e-01,3.594286376953125000e+03
4.415352940559387207e-01,2.087558060884475708e-01,1.008849975585937500e+03
6.129455566406250000e-01,2.558428347110748291e-01,1.526908105468750000e+04
1.122114777565002441e+00,3.777848184108734131e-01,2.624637207031250000e+03
7.016454935073852539e-01,2.913725376129150391e-01,1.873832812500000000e+04
5.073713064193725586e-01,2.548691928386688232e-01,2.392267822265625000e+03
1.023392319679260254e+00,2.984121441841125488e-01,3.940854492187500000e+03
8.831567168235778809e-01,3.424883782863616943e-01,4.930385742187500000e+03
7.370302677154541016e-01,3.348539769649505615e-01,2.327571777343750000e+03
5.714285373687744141e-01,2.539158761501312256e-01,2.269530273437500000e+03
5.751405954360961914e-01,2.242216318845748901e-01,3.644249755859375000e+03
9.007226824760437012e-01,3.831619322299957275e-01,1.403402441406250000e+04
5.280266404151916504e-01,2.477689981460571289e-01,3.789336425781250000e+03
5.531992316246032715e-01,2.722439169883728027e-01,1.296343505859375000e+03
5.585443377494812012e-01,2.594919800758361816e-01,2.977371826171875000e+03
9.473183751106262207e-01,3.615459501743316650e-01,1.266025976562500000e+04
5.832013487815856934e-01,2.622143328189849854e-01,3.705948486328125000e+03
5.956839323043823242e-01,2.317856848239898682e-01,5.525487792968750000e+03
5.509328842163085938e-01,2.499276399612426758e-01,3.806857666015625000e+03
5.377089977264404297e-01,2.363973855972290039e-01,1.656989990234375000e+03
8.153347969055175781e-01,3.447672724723815918e-01,6.003605957031250000e+03
7.658087015151977539e-01,3.207976520061492920e-01,2.424145507812500000e+04
6.695918440818786621e-01,2.743052542209625244e-01,1.332045117187500000e+04
4.951691925525665283e-01,2.047010958194732666e-01,4.167057617187500000e+03
6.740512251853942871e-01,2.941582202911376953e-01,5.804640136718750000e+03
6.569436192512512207e-01,2.957128286361694336e-01,5.905339843750000000e+03
8.195468187332153320e-01,3.472104668617248535e-01,9.963952148437500000e+03
6.135743856430053711e-01,2.311840653419494629e-01,2.638911914062500000e+04
9.927071332931518555e-01,3.753663301467895508e-01,1.607187304687500000e+04
9.208826422691345215e-01,3.845911622047424316e-01,2.155753320312500000e+04
6.269364953041076660e-01,1.466520726680755615e-01,3.649321289062500000e+03
5.844284296035766602e-01,2.709113359451293945e-01,3.134753906250000000e+03
1.139306306838989258e+00,3.978705704212188721e-01,7.045032714843750000e+03
5.545979142189025879e-01,2.643793225288391113e-01,2.602013427734375000e+03
7.086809277534484863e-01,3.472663760185241699e-01,3.428483398437500000e+03
9.504824280738830566e-01,3.710558116436004639e-01,1.248941328125000000e+05
5.145962834358215332e-01,2.311569601297378540e-01,3.474734375000000000e+03
6.784628033638000488e-01,2.297523915767669678e-01,3.893879638671875000e+03
1.005036830902099609e+00,3.929020166397094727e-01,4.067707275390625000e+03
5.267683267593383789e-01,2.419631928205490112e-01,2.330220703125000000e+03
6.044328808784484863e-01,2.793267369270324707e-01,3.986622802734375000e+03
3.447978794574737549e-01,1.452042460441589355e-01,9.937405395507812500e+02
8.916293382644653320e-01,3.841216862201690674e-01,1.679623632812500000e+04
4.242459833621978760e-01,1.991713792085647583e-01,2.287806640625000000e+03
4.398615956306457520e-01,1.704948544502258301e-01,5.954984863281250000e+03
8.163942098617553711e-01,3.402301371097564697e-01,5.879304687500000000e+03
8.619745373725891113e-01,3.827287852764129639e-01,4.797424316406250000e+03
6.336989402770996094e-01,3.050789237022399902e-01,2.475824462890625000e+03
6.852794289588928223e-01,2.770665287971496582e-01,4.352969238281250000e+03
4.272720217704772949e-01,1.896549165248870850e-01,2.077565429687500000e+03
7.768645882606506348e-01,3.125587105751037598e-01,5.778805664062500000e+03
5.653751492500305176e-01,2.953589856624603271e-01,2.575884277343750000e+03
7.724580764770507812e-01,3.021449148654937744e-01,6.774815917968750000e+03
5.983757376670837402e-01,2.451800853013992310e-01,4.676466796875000000e+03
1.137224197387695312e+00,3.974426090717315674e-01,5.611637109375000000e+04
7.294732928276062012e-01,3.584839999675750732e-01,1.667544555664062500e+03
2.961930632591247559e-01,1.165895760059356689e-01,2.188451660156250000e+03
9.097481966018676758e-01,3.503942191600799561e-01,9.397198242187500000e+03
4.465594887733459473e-01,1.827906519174575806e-01,3.087118408203125000e+03
4.553260505199432373e-01,1.906426995992660522e-01,2.327940429687500000e+03
6.668178439140319824e-01,2.699737548828125000e-01,5.283401855468750000e+03
8.403017520904541016e-01,3.460687100887298584e-01,1.549573339843750000e+04
9.486314654350280762e-01,3.677098751068115234e-01,8.829131250000000000e+04
4.378176629543304443e-01,1.934025436639785767e-01,1.109861450195312500e+03
6.389001607894897461e-01,2.373399585485458374e-01,5.769416015625000000e+03
7.343398928642272949e-01,2.828918099403381348e-01,4.193172851562500000e+03
2.698185443878173828e-01,1.127401068806648254e-01,1.376640014648437500e+03
1.092001557350158691e+00,3.894779682159423828e-01,2.632178906250000000e+04
7.809409499168395996e-01,3.450105190277099609e-01,1.247550585937500000e+04
5.055965781211853027e-01,3.065131008625030518e-01,1.261075927734375000e+03
5.097814798355102539e-01,2.398011386394500732e-01,4.163143066406250000e+03
9.950279593467712402e-01,4.098031520843505859e-01,2.211463085937500000e+04
5.914818644523620605e-01,2.919717133045196533e-01,1.275150512695312500e+03
1.001115918159484863e+00,3.574246466159820557e-01,6.650589355468750000e+03
3.437233269214630127e-01,1.366486400365829468e-01,1.812845825195312500e+03
3.858224153518676758e-01,1.808158308267593384e-01,9.334254760742187500e+02
8.132104277610778809e-01,3.803333938121795654e-01,8.921215820312500000e+03
6.548351049423217773e-01,2.732107341289520264e-01,9.053234375000000000e+03
8.603348731994628906e-01,3.607895672321319580e-01,2.269135937500000000e+04
4.636721014976501465e-01,1.980023384094238281e-01,7.041626464843750000e+03
4.304864406585693359e-01,1.951413750648498535e-01,2.316116943359375000e+03
6.080592274665832520e-01,2.839437723159790039e-01,2.906687255859375000e+03
4.787691831588745117e-01,2.042343765497207642e-01,2.578723876953125000e+03
5.094912648200988770e-01,2.357884943485260010e-01,4.927558593750000000e+03
6.560316681861877441e-01,2.860643863677978516e-01,3.631755126953125000e+03
6.805621385574340820e-01,3.028576076030731201e-01,1.247301660156250000e+04
6.296139359474182129e-01,2.870571017265319824e-01,3.079512695312500000e+03
6.447325944900512695e-01,2.110428214073181152e-01,1.817468750000000000e+04
3.920333385467529297e-01,1.565548330545425415e-01,3.163969238281250000e+03
7.313004136085510254e-01,3.030873239040374756e-01,4.629068847656250000e+03
4.537155330181121826e-01,2.041464447975158691e-01,1.086251953125000000e+03
4.287334084510803223e-01,1.946950107812881470e-01,1.515372924804687500e+03
6.757808327674865723e-01,2.592277228832244873e-01,1.903887573242187500e+03
6.648931503295898438e-01,2.506648302078247070e-01,1.403175000000000000e+04
1.133640050888061523e+00,3.955089449882507324e-01,8.983669921875000000e+03
4.933600425720214844e-01,1.866901069879531860e-01,4.904354980468750000e+03
4.277206063270568848e-01,1.754755228757858276e-01,2.461399169921875000e+03
4.873924553394317627e-01,2.343355864286422729e-01,1.202855224609375000e+03
6.467827558517456055e-01,2.618311047554016113e-01,3.398683593750000000e+03
6.657854318618774414e-01,2.511655092239379883e-01,4.403291992187500000e+03
5.066933631896972656e-01,2.070250362157821655e-01,2.007684692382812500e+03
7.808661460876464844e-01,2.917906045913696289e-01,3.524528076171875000e+03
6.900587081909179688e-01,3.115322291851043701e-01,5.821775390625000000e+03
4.944000542163848877e-01,1.940339654684066772e-01,7.825601074218750000e+03
7.074866890907287598e-01,2.810049355030059814e-01,2.341155664062500000e+04
6.367418169975280762e-01,1.919091790914535522e-01,2.913784667968750000e+03
7.360620498657226562e-01,3.209874033927917480e-01,8.531656250000000000e+03
8.838262557983398438e-01,3.385592103004455566e-01,3.784594970703125000e+03
6.287289857864379883e-01,2.604397535324096680e-01,2.594785644531250000e+03
4.199531078338623047e-01,1.609922051429748535e-01,6.284654296875000000e+03
6.269141435623168945e-01,2.700397968292236328e-01,7.119012695312500000e+03
6.165646910667419434e-01,2.687282264232635498e-01,2.849401611328125000e+03
6.267843246459960938e-01,2.564711868762969971e-01,5.074367187500000000e+03
1.137628078460693359e+00,3.984495103359222412e-01,8.623190429687500000e+03
4.490946829319000244e-01,2.119954824447631836e-01,1.216453247070312500e+03
5.814481973648071289e-01,2.441329658031463623e-01,6.922979980468750000e+03
9.324183464050292969e-01,3.258505761623382568e-01,9.230776367187500000e+03
5.729667544364929199e-01,2.165823876857757568e-01,4.026793945312500000e+03
5.793521404266357422e-01,2.511502504348754883e-01,2.976048095703125000e+03
9.964210987091064453e-01,3.833533227443695068e-01,1.197530566406250000e+04
6.769204735755920410e-01,3.037427365779876709e-01,3.959858642578125000e+03
7.278492450714111328e-01,2.994808852672576904e-01,9.412177734375000000e+03
5.932718515396118164e-01,2.915740311145782471e-01,2.658659179687500000e+03
9.639123082160949707e-01,3.845369517803192139e-01,1.389164160156250000e+04
5.252273678779602051e-01,2.327888458967208862e-01,1.516946777343750000e+03
5.872607827186584473e-01,2.458880096673965454e-01,2.798617187500000000e+03
5.544186234474182129e-01,2.327551245689392090e-01,1.904990234375000000e+03
3.107361793518066406e-01,1.156520396471023560e-01,1.682197021484375000e+03
8.307781815528869629e-01,3.704596459865570068e-01,1.198045410156250000e+04
9.371228218078613281e-01,3.644335865974426270e-01,4.510383984375000000e+04
5.302449464797973633e-01,2.189125865697860718e-01,4.689020019531250000e+03
6.522829532623291016e-01,2.881669402122497559e-01,3.789176269531250000e+03
4.435321688652038574e-01,1.898692846298217773e-01,1.604609252929687500e+03
4.612847268581390381e-01,2.052001655101776123e-01,8.695000976562500000e+03
6.807517409324645996e-01,2.714118063449859619e-01,1.750865039062500000e+04
4.488222599029541016e-01,1.909836381673812866e-01,2.830660156250000000e+03
4.757316708564758301e-01,1.825079768896102905e-01,3.228545166015625000e+03
5.922499299049377441e-01,2.973522841930389404e-01,2.927891845703125000e+03
2.809103727340698242e-01,1.069981306791305542e-01,1.201215698242187500e+03
5.774439573287963867e-01,2.733767032623291016e-01,2.369463623046875000e+03
9.906026124954223633e-01,3.897515237331390381e-01,5.746848046875000000e+04
8.713041543960571289e-01,3.634518980979919434e-01,2.061916406250000000e+04
5.374032855033874512e-01,2.486930340528488159e-01,1.367700927734375000e+03
6.002323031425476074e-01,2.576202452182769775e-01,1.143616503906250000e+04
3.138523101806640625e-01,1.227870211005210876e-01,3.110190185546875000e+03
7.685979008674621582e-01,3.391256034374237061e-01,1.574320898437500000e+04
5.514028668403625488e-01,2.554493844509124756e-01,5.173051757812500000e+03
5.988990068435668945e-01,2.465078234672546387e-01,2.856522460937500000e+03
1.046206593513488770e+00,3.521060943603515625e-01,3.497671386718750000e+03
8.868510127067565918e-01,3.347361087799072266e-01,5.112337402343750000e+03
3.503901064395904541e-01,1.260169595479965210e-01,1.051068115234375000e+03
5.822125673294067383e-01,2.771972417831420898e-01,2.467033691406250000e+03
6.741040945053100586e-01,2.954517304897308350e-01,2.075439843750000000e+04
5.411922931671142578e-01,2.262531369924545288e-01,1.598475219726562500e+03
4.455517530441284180e-01,1.740981340408325195e-01,3.121356201171875000e+03
5.180267691612243652e-01,2.449437528848648071e-01,2.693798583984375000e+03
7.723004221916198730e-01,3.823232054710388184e-01,3.313199951171875000e+03
9.527763724327087402e-01,3.541235327720642090e-01,4.195279785156250000e+03
5.160111188888549805e-01,2.130696475505828857e-01,2.473251220703125000e+03
5.689719915390014648e-01,2.890779972076416016e-01,6.397510986328125000e+02
4.658545255661010742e-01,2.034568637609481812e-01,1.577714477539062500e+03
4.877337217330932617e-01,1.871487498283386230e-01,4.003949951171875000e+03
2.966616749763488770e-01,1.098069250583648682e-01,1.206626586914062500e+03
4.708545804023742676e-01,1.707012951374053955e-01,1.841623291015625000e+03
7.684761285781860352e-01,2.989116907119750977e-01,1.285815917968750000e+04
6.314699053764343262e-01,2.300609797239303589e-01,6.368958984375000000e+03
5.319467782974243164e-01,2.047505825757980347e-01,3.953095214843750000e+03
6.415204405784606934e-01,2.846205830574035645e-01,4.640058593750000000e+03
7.342593669891357422e-01,3.327861726284027100e-01,1.082779003906250000e+04
8.962594270706176758e-01,3.879732787609100342e-01,5.549361328125000000e+03
4.956499338150024414e-01,2.049726843833923340e-01,4.591086425781250000e+03
8.169115781784057617e-01,3.429354727268218994e-01,3.283920703125000000e+04
9.304460883140563965e-01,3.062441349029541016e-01,7.751788574218750000e+03
5.112845897674560547e-01,1.971184015274047852e-01,4.646833496093750000e+03
1.149946093559265137e+00,2.792122364044189453e-01,1.993531127929687500e+03
3.048243820667266846e-01,1.302454769611358643e-01,1.088963745117187500e+03
5.339539051055908203e-01,2.348214387893676758e-01,6.217591308593750000e+03
4.511584341526031494e-01,2.121755629777908325e-01,1.486232788085937500e+03
2.649926543235778809e-01,1.063839569687843323e-01,1.235846801757812500e+03
7.232058644294738770e-01,2.969878315925598145e-01,7.580876562500000000e+04
5.097295641899108887e-01,2.080195844173431396e-01,1.908514160156250000e+03
7.423537969589233398e-01,3.273381292819976807e-01,6.267294921875000000e+03
4.674937129020690918e-01,1.961287558078765869e-01,2.379448974609375000e+03
1.137656807899475098e+00,1.226352378726005554e-01,4.568145507812500000e+03
2.652818560600280762e-01,1.056397780776023865e-01,1.174629272460937500e+03
3.590950369834899902e-01,1.555262804031372070e-01,1.311051879882812500e+03
1.057348370552062988e+00,3.643445372581481934e-01,1.541905395507812500e+03
5.621548891067504883e-01,2.470390200614929199e-01,1.931917968750000000e+03
1.005553960800170898e+00,3.807836771011352539e-01,3.307963671875000000e+04
6.352073550224304199e-01,2.291940450668334961e-01,1.693878417968750000e+03
6.324268579483032227e-01,2.143242359161376953e-01,1.766121826171875000e+03
5.244133472442626953e-01,2.255407422780990601e-01,4.009471191406250000e+03
5.607326030731201172e-01,2.858683466911315918e-01,1.667715209960937500e+03
5.362442135810852051e-01,2.237474173307418823e-01,1.876503417968750000e+03
6.539426445960998535e-01,3.043817877769470215e-01,7.032320800781250000e+03
6.041254401206970215e-01,2.477932721376419067e-01,3.470061718750000000e+04
4.711096882820129395e-01,2.072754651308059692e-01,2.864753417968750000e+03
7.326606512069702148e-01,3.286571502685546875e-01,7.472862304687500000e+03
8.098063468933105469e-01,3.820402324199676514e-01,2.781260253906250000e+03
2.586039602756500244e-01,9.864424169063568115e-02,7.194217529296875000e+02
1.119484901428222656e+00,3.319452702999114990e-01,2.179675537109375000e+03
6.021077632904052734e-01,2.428193390369415283e-01,8.389958984375000000e+03
7.831412553787231445e-01,3.022316694259643555e-01,4.681680468750000000e+04
6.523000001907348633e-01,2.890208065509796143e-01,3.251119384765625000e+03
7.197883129119873047e-01,2.734288573265075684e-01,3.832891113281250000e+03
5.727674365043640137e-01,2.911868393421173096e-01,1.704386474609375000e+03
5.770182013511657715e-01,2.448524981737136841e-01,5.795247070312500000e+03
7.724160552024841309e-01,3.254235088825225830e-01,8.054426757812500000e+03
3.222113549709320068e-01,1.260817348957061768e-01,2.143281494140625000e+03
6.472183465957641602e-01,2.974354624748229980e-01,4.039526367187500000e+03
4.212268292903900146e-01,1.775029748678207397e-01,3.260352783203125000e+03
9.552353024482727051e-01,3.647046089172363281e-01,2.573004492187500000e+04
4.644815623760223389e-01,2.027919888496398926e-01,3.544693847656250000e+03
5.104220509529113770e-01,2.113519906997680664e-01,3.757487060546875000e+03
4.405244588851928711e-01,1.955815553665161133e-01,4.219752441406250000e+03
8.939153552055358887e-01,3.792093396186828613e-01,8.942428710937500000e+03
7.676351070404052734e-01,2.911709547042846680e-01,3.089889160156250000e+03
2.750144898891448975e-01,1.123540103435516357e-01,2.096783935546875000e+03
8.401227593421936035e-01,3.440227806568145752e-01,5.076764648437500000e+03
6.194112300872802734e-01,3.060832619667053223e-01,2.382328613281250000e+03
4.672361612319946289e-01,1.904053837060928345e-01,3.337061035156250000e+03
5.448030829429626465e-01,2.456835657358169556e-01,4.777456054687500000e+03
8.961122632026672363e-01,3.633494973182678223e-01,4.800791015625000000e+03
7.044572830200195312e-01,2.979777157306671143e-01,8.600783203125000000e+03
6.621703505516052246e-01,3.184968829154968262e-01,2.347994628906250000e+03
1.065731287002563477e+00,3.939596712589263916e-01,6.254814062500000000e+04
5.601193904876708984e-01,2.370133101940155029e-01,2.347254394531250000e+03
1.047480344772338867e+00,3.839682340621948242e-01,1.268974218750000000e+04
6.171447634696960449e-01,2.744028568267822266e-01,3.521542968750000000e+03
6.414362788200378418e-01,2.830012440681457520e-01,2.381574462890625000e+03
5.520259141921997070e-01,2.331921160221099854e-01,2.710000488281250000e+03
4.218210875988006592e-01,1.721234917640686035e-01,3.268395263671875000e+03
5.019112229347229004e-01,1.948426961898803711e-01,4.101396484375000000e+03
4.105713069438934326e-01,2.147250920534133911e-01,1.304772949218750000e+03
5.329234004020690918e-01,2.426518201828002930e-01,1.691265014648437500e+03
5.583637356758117676e-01,2.797177135944366455e-01,7.898726562500000000e+03
7.852448225021362305e-01,2.974384427070617676e-01,5.567046093750000000e+04
7.418028116226196289e-01,3.140432238578796387e-01,6.128264843750000000e+04
7.746520638465881348e-01,3.183996379375457764e-01,5.551728027343750000e+03
3.700917065143585205e-01,1.648171246051788330e-01,3.097922119140625000e+03
3.710950613021850586e-01,1.451930254697799683e-01,5.341422851562500000e+03
7.343916296958923340e-01,3.755439221858978271e-01,2.399099121093750000e+03
9.607457518577575684e-01,3.861134648323059082e-01,7.506482910156250000e+03
5.261991620063781738e-01,2.291313111782073975e-01,1.559607421875000000e+03
1.107947230339050293e+00,3.910765349864959717e-01,1.396891308593750000e+04
4.439657926559448242e-01,2.057988494634628296e-01,1.739733886718750000e+03
4.764544367790222168e-01,2.083303034305572510e-01,1.520014404296875000e+03
6.871631145477294922e-01,3.860611021518707275e-01,6.120520996093750000e+03
7.145055532455444336e-01,2.889146208763122559e-01,4.118430468750000000e+04
1.044636845588684082e+00,3.710317015647888184e-01,2.087470703125000000e+04
7.673580646514892578e-01,3.156456947326660156e-01,1.117834082031250000e+04
6.631199717521667480e-01,3.541248738765716553e-01,4.788413574218750000e+03
7.814787030220031738e-01,3.258532881736755371e-01,1.213698535156250000e+04
1.098330020904541016e+00,3.928049504756927490e-01,3.504200781250000000e+04
6.783584952354431152e-01,2.780984640121459961e-01,8.455652343750000000e+03
8.523256778717041016e-01,3.469690680503845215e-01,6.118538085937500000e+03
3.429461717605590820e-01,1.399923712015151978e-01,2.478902832031250000e+03
6.493331789970397949e-01,2.527953684329986572e-01,1.658943164062500000e+04
3.055721819400787354e-01,1.174843534827232361e-01,1.370560913085937500e+03
6.731380224227905273e-01,3.222657442092895508e-01,2.022546142578125000e+03
5.601848959922790527e-01,2.673736512660980225e-01,2.401162353515625000e+03
5.925227403640747070e-01,2.196679562330245972e-01,2.476302001953125000e+03
2.450458854436874390e-01,9.052775055170059204e-02,2.463835449218750000e+03
8.185677528381347656e-01,3.502177000045776367e-01,2.271401757812500000e+04
6.834512352943420410e-01,3.133414983749389648e-01,5.914492187500000000e+03
5.129328966140747070e-01,1.966089308261871338e-01,6.929633300781250000e+03
7.763581275939941406e-01,3.062342107295989990e-01,5.055116210937500000e+03
3.993272185325622559e-01,1.623617857694625854e-01,1.612230224609375000e+03
6.723809838294982910e-01,2.721353471279144287e-01,1.413089160156250000e+04
7.469043731689453125e-01,2.740570604801177979e-01,1.532522851562500000e+04
1.066489934921264648e+00,3.595532178878784180e-01,3.010252685546875000e+03
6.047901511192321777e-01,2.866596281528472900e-01,2.547443847656250000e+03
1.044259548187255859e+00,3.989416658878326416e-01,1.408848339843750000e+04
6.781245470046997070e-01,2.868363857269287109e-01,1.494224511718750000e+04
6.910107731819152832e-01,2.707568705081939697e-01,6.264680664062500000e+03
7.314081788063049316e-01,3.025822937488555908e-01,5.520124511718750000e+03
5.776221156120300293e-01,2.203308492898941040e-01,6.536055175781250000e+03
6.746821999549865723e-01,2.541119754314422607e-01,3.347949707031250000e+03
5.769849419593811035e-01,2.519934177398681641e-01,1.858169189453125000e+03
6.475405097007751465e-01,2.822156250476837158e-01,4.310802734375000000e+03
4.525774121284484863e-01,1.856715083122253418e-01,2.034328369140625000e+03
7.213010191917419434e-01,3.238154947757720947e-01,1.005246777343750000e+04
8.270195126533508301e-01,3.843647241592407227e-01,8.556843750000000000e+03
1.050956726074218750e+00,3.875815868377685547e-01,6.112415039062500000e+03
7.274186015129089355e-01,3.269992768764495850e-01,4.096448242187500000e+03
9.110574722290039062e-01,2.436836212873458862e-01,3.337992919921875000e+03
5.064779520034790039e-01,2.217724174261093140e-01,2.591477294921875000e+03
5.281187295913696289e-01,2.212000638246536255e-01,4.138741699218750000e+03
6.231480240821838379e-01,2.931905388832092285e-01,3.041497314453125000e+03
8.841587901115417480e-01,3.773839771747589111e-01,2.421468554687500000e+04
7.680529952049255371e-01,3.237296342849731445e-01,4.500172656250000000e+04
3.331386744976043701e-01,1.425623595714569092e-01,1.549346801757812500e+03
5.610922574996948242e-01,2.197745442390441895e-01,3.293194580078125000e+03
4.169187247753143311e-01,1.774615645408630371e-01,1.408958251953125000e+03
5.827830433845520020e-01,2.790724933147430420e-01,2.168110839843750000e+03
6.119333505630493164e-01,2.673408687114715576e-01,8.636990234375000000e+03
4.640799164772033691e-01,2.240215241909027100e-01,1.941069091796875000e+03
6.723027825355529785e-01,2.942660748958587646e-01,3.543857910156250000e+03
7.536877393722534180e-01,3.026649355888366699e-01,4.379591796875000000e+03
6.859991550445556641e-01,3.424074053764343262e-01,2.586754638671875000e+03
5.539261102676391602e-01,2.290560603141784668e-01,3.614591308593750000e+03
5.271472334861755371e-01,2.258262485265731812e-01,2.731459716796875000e+03
1.013601660728454590e+00,2.770420908927917480e-01,4.200853027343750000e+03
4.728703200817108154e-01,2.116494327783584595e-01,3.326951904296875000e+03
4.547118246555328369e-01,1.642681658267974854e-01,3.419620849609375000e+03
7.485056519508361816e-01,3.419046700000762939e-01,9.076199218750000000e+03
6.111249923706054688e-01,2.555219829082489014e-01,3.595854248046875000e+03
6.737096309661865234e-01,2.955451309680938721e-01,9.449443359375000000e+03
6.450001597404479980e-01,2.872467637062072754e-01,6.752242675781250000e+03
9.641382098197937012e-01,3.879016339778900146e-01,2.241584179687500000e+04
1.028681635856628418e+00,3.768156170845031738e-01,1.850320898437500000e+04
4.383021593093872070e-01,1.677408367395401001e-01,3.465135986328125000e+03
6.162124872207641602e-01,2.352852970361709595e-01,1.033076757812500000e+04
4.330705702304840088e-01,1.790022253990173340e-01,3.200546630859375000e+03
4.214797616004943848e-01,1.999474018812179565e-01,3.169143066406250000e+03
7.371872663497924805e-01,2.872250378131866455e-01,2.907297119140625000e+03
5.239164233207702637e-01,2.204151898622512817e-01,2.381225830078125000e+03
5.760183334350585938e-01,2.361825406551361084e-01,6.151907714843750000e+03
9.505705833435058594e-01,2.995684146881103516e-01,2.976328613281250000e+03
8.892766237258911133e-01,3.828774988651275635e-01,7.447170898437500000e+03
5.697790384292602539e-01,2.823589742183685303e-01,2.466856201171875000e+03
5.376226902008056641e-01,2.393379509449005127e-01,3.430843261718750000e+03
5.130237936973571777e-01,2.408197373151779175e-01,5.501117675781250000e+03
9.928259849548339844e-01,3.696241974830627441e-01,1.501822363281250000e+04
5.538941621780395508e-01,2.232489138841629028e-01,2.533679199218750000e+03
6.153303980827331543e-01,2.543509006500244141e-01,2.266796142578125000e+03
8.469355106353759766e-01,3.762711286544799805e-01,4.344842773437500000e+03
9.294353723526000977e-01,2.361958920955657959e-01,5.104861328125000000e+03
5.308819413185119629e-01,2.029900699853897095e-01,1.876339965820312500e+03
6.463490724563598633e-01,2.774835228919982910e-01,4.284087402343750000e+03
5.454680919647216797e-01,2.067698538303375244e-01,6.584179687500000000e+03
5.602552294731140137e-01,2.259499281644821167e-01,4.271135742187500000e+03
7.501028776168823242e-01,3.172922134399414062e-01,6.091237792968750000e+03
4.038437008857727051e-01,1.638581007719039917e-01,2.420008544921875000e+03
6.647655367851257324e-01,2.631571292877197266e-01,1.566704199218750000e+04
6.204397678375244141e-01,2.663400769233703613e-01,5.307453613281250000e+03
5.470642447471618652e-01,2.342409342527389526e-01,7.345958496093750000e+03
3.486670851707458496e-01,1.383486837148666382e-01,1.467247802734375000e+03
8.119977116584777832e-01,3.513168692588806152e-01,4.247974121093750000e+03
7.405886650085449219e-01,2.736148834228515625e-01,1.265999145507812500e+03
6.698425412178039551e-01,2.704586088657379150e-01,9.019176757812500000e+03
5.848560333251953125e-01,2.598316669464111328e-01,2.300614257812500000e+03
5.623638629913330078e-01,2.404559105634689331e-01,2.460325683593750000e+03
6.892268061637878418e-01,3.101297914981842041e-01,6.255379394531250000e+03
5.390995740890502930e-01,2.463970929384231567e-01,1.423940307617187500e+03
1.139368295669555664e+00,3.973145782947540283e-01,1.447763437500000000e+05
7.312584519386291504e-01,2.892583012580871582e-01,9.530584960937500000e+03
7.559046149253845215e-01,3.222543895244598389e-01,3.494656005859375000e+03
4.268716871738433838e-01,2.256659716367721558e-01,1.591948730468750000e+03
6.866188049316406250e-01,3.316002190113067627e-01,1.546457031250000000e+04
6.577818989753723145e-01,2.461400777101516724e-01,2.534872070312500000e+03
7.133532166481018066e-01,2.820403873920440674e-01,1.737044140625000000e+04
5.859195590019226074e-01,2.781435549259185791e-01,2.594443847656250000e+03
4.238194823265075684e-01,1.688244640827178955e-01,4.844962402343750000e+03
3.893864154815673828e-01,1.553889364004135132e-01,3.643303466796875000e+03
5.146570205688476562e-01,1.970115303993225098e-01,3.484541503906250000e+03
6.419199109077453613e-01,2.731177806854248047e-01,2.951063671875000000e+04
4.734282195568084717e-01,1.981176584959030151e-01,5.362537597656250000e+03
3.896715342998504639e-01,1.812239736318588257e-01,1.050423828125000000e+03
5.706238746643066406e-01,2.119459211826324463e-01,2.879835937500000000e+03
6.891388893127441406e-01,2.714458405971527100e-01,8.598163281250000000e+04
3.748500943183898926e-01,1.630459129810333252e-01,1.846539062500000000e+03
8.442177176475524902e-01,3.047538101673126221e-01,8.281730468750000000e+03
4.843204021453857422e-01,1.954279839992523193e-01,7.634062988281250000e+03
5.801073312759399414e-01,2.460651993751525879e-01,4.863193847656250000e+03
4.642208516597747803e-01,2.035805284976959229e-01,1.197807006835937500e+03
5.331143736839294434e-01,2.492201179265975952e-01,1.825492919921875000e+03
5.390323996543884277e-01,2.386196553707122803e-01,1.187939331054687500e+03
6.123295426368713379e-01,2.357311248779296875e-01,3.605737792968750000e+03
8.341532349586486816e-01,3.368757367134094238e-01,2.765157617187500000e+04
6.148916482925415039e-01,2.370385378599166870e-01,7.970139648437500000e+03
6.447943449020385742e-01,2.558378577232360840e-01,4.802041015625000000e+03
8.903586268424987793e-01,3.707143366336822510e-01,3.764987109375000000e+04
3.668782114982604980e-01,1.535805314779281616e-01,2.047904174804687500e+03
9.515617489814758301e-01,2.203285545110702515e-01,3.216157470703125000e+03
4.519427418708801270e-01,1.947521865367889404e-01,1.642036010742187500e+03
4.425798356533050537e-01,2.057615369558334351e-01,2.003185546875000000e+03
5.891202688217163086e-01,2.557263076305389404e-01,1.726616210937500000e+04
6.816244125366210938e-01,2.757560014724731445e-01,1.812570703125000000e+04
5.370536446571350098e-01,2.173742800951004028e-01,5.815739746093750000e+03
6.913371682167053223e-01,3.099606633186340332e-01,6.106876464843750000e+03
5.809377431869506836e-01,2.861265838146209717e-01,2.649333251953125000e+03
5.746514797210693359e-01,2.722097337245941162e-01,2.837719238281250000e+03
8.516593575477600098e-01,3.120580315589904785e-01,1.800943725585937500e+03
8.350886702537536621e-01,2.982105612754821777e-01,2.466767822265625000e+03
6.328930258750915527e-01,2.770506441593170166e-01,7.953660156250000000e+03
1.061766743659973145e+00,3.824617266654968262e-01,3.568776562500000000e+04
7.925611734390258789e-01,3.426541984081268311e-01,4.767334960937500000e+03
4.757977128028869629e-01,1.872456222772598267e-01,2.006422363281250000e+03
4.744273126125335693e-01,2.009391784667968750e-01,2.207886474609375000e+03
1.032653570175170898e+00,3.891013860702514648e-01,1.039646093750000000e+04
3.597270846366882324e-01,1.556621193885803223e-01,1.885394165039062500e+03
7.093704342842102051e-01,3.050457537174224854e-01,4.643486328125000000e+03
4.235676527023315430e-01,1.870651543140411377e-01,1.408204223632812500e+03
3.494785130023956299e-01,1.506197899580001831e-01,2.601064697265625000e+03
8.117623329162597656e-01,4.028110802173614502e-01,3.888051269531250000e+03
4.968296885490417480e-01,2.351236045360565186e-01,1.709610595703125000e+03
8.433495163917541504e-01,3.491759896278381348e-01,4.212972656250000000e+04
4.629130959510803223e-01,1.833794564008712769e-01,1.910365478515625000e+03
1.108357787132263184e+00,3.921231031417846680e-01,6.256844140625000000e+04
6.688089370727539062e-01,2.639652490615844727e-01,2.504888427734375000e+03
1.086338400840759277e+00,3.990176618099212646e-01,4.268245117187500000e+03
5.721921324729919434e-01,2.481624931097030640e-01,3.510799560546875000e+03
1.087694525718688965e+00,3.830266594886779785e-01,9.759693359375000000e+03
4.493829011917114258e-01,1.912360936403274536e-01,2.139957519531250000e+03
4.668091237545013428e-01,2.074972689151763916e-01,2.894225341796875000e+03
8.321040868759155273e-01,3.349670171737670898e-01,2.903459765625000000e+04
5.526732206344604492e-01,2.126063406467437744e-01,3.397005371093750000e+03
7.930541634559631348e-01,2.855137288570404053e-01,1.945893359375000000e+04
4.208706319332122803e-01,1.402511298656463623e-01,8.367094116210937500e+02
3.666781783103942871e-01,1.433679014444351196e-01,1.376890625000000000e+03
5.029523968696594238e-01,1.782804429531097412e-01,3.479362548828125000e+03
6.649636626243591309e-01,2.574963867664337158e-01,1.618867797851562500e+03
9.366445541381835938e-01,4.083369374275207520e-01,1.029703027343750000e+04
7.505185604095458984e-01,2.571094334125518799e-01,1.642188867187500000e+04
8.610362410545349121e-01,2.950174510478973389e-01,5.641635253906250000e+03
7.396744489669799805e-01,4.047723710536956787e-01,2.007147705078125000e+03
8.243579864501953125e-01,3.472417294979095459e-01,1.468335625000000000e+05
4.486648440361022949e-01,1.731222569942474365e-01,2.225713623046875000e+03
2.573887407779693604e-01,9.997740387916564941e-02,9.325001831054687500e+02
4.707135260105133057e-01,1.892310082912445068e-01,8.089065917968750000e+03
7.968319654464721680e-01,2.874032557010650635e-01,2.291764892578125000e+03
5.942727923393249512e-01,2.286337465047836304e-01,8.749116210937500000e+03
6.382649540901184082e-01,2.818387150764465332e-01,6.208234863281250000e+03
4.049488306045532227e-01,1.606183350086212158e-01,2.058474609375000000e+03
8.892650604248046875e-01,3.407067060470581055e-01,9.769861328125000000e+03
6.318271160125732422e-01,2.793326377868652344e-01,3.810246582031250000e+03
8.171356320381164551e-01,3.976715207099914551e-01,2.915347412109375000e+03
3.784191310405731201e-01,1.757162660360336304e-01,1.569107543945312500e+03
6.165282726287841797e-01,2.608163356781005859e-01,3.066099853515625000e+03
9.504182338714599609e-01,4.009462296962738037e-01,1.491427050781250000e+04
3.630438148975372314e-01,1.374692171812057495e-01,2.811516113281250000e+03
3.655270338058471680e-01,1.479762792587280273e-01,1.371691284179687500e+03
5.875540971755981445e-01,2.403598427772521973e-01,9.199521484375000000e+03
6.232328414916992188e-01,2.682427167892456055e-01,2.922467529296875000e+03
8.136935830116271973e-01,3.057235181331634521e-01,7.389702148437500000e+03
7.360898256301879883e-01,3.163999617099761963e-01,8.182254882812500000e+03
7.897697687149047852e-01,3.582648932933807373e-01,8.321388671875000000e+03
6.148450374603271484e-01,2.506902515888214111e-01,4.350096679687500000e+03
6.086577177047729492e-01,2.357732951641082764e-01,4.068924804687500000e+03
4.471028149127960205e-01,1.856586784124374390e-01,3.761552001953125000e+03
3.605087995529174805e-01,1.327635943889617920e-01,1.566770874023437500e+03
8.937411904335021973e-01,4.036668837070465088e-01,5.223714843750000000e+03
6.137179732322692871e-01,2.937269806861877441e-01,5.150884765625000000e+03
6.219844818115234375e-01,2.777125835418701172e-01,4.446471191406250000e+03
7.571644783020019531e-01,3.176499605178833008e-01,6.912068750000000000e+04
8.247099518775939941e-01,3.387565910816192627e-01,2.243207763671875000e+03
4.149947464466094971e-01,1.553545147180557251e-01,1.879587158203125000e+03
4.685762524604797363e-01,1.902483850717544556e-01,7.143674316406250000e+03
8.321083188056945801e-01,3.599691390991210938e-01,3.672977294921875000e+03
7.810719609260559082e-01,3.140421807765960693e-01,1.426537109375000000e+04
6.333676576614379883e-01,2.456105500459671021e-01,2.917377441406250000e+03
6.470673680305480957e-01,1.748194843530654907e-01,3.541080810546875000e+03
8.277227282524108887e-01,3.220905959606170654e-01,8.831702148437500000e+03
7.215147018432617188e-01,3.163106143474578857e-01,8.723047851562500000e+03
4.960592389106750488e-01,2.585595846176147461e-01,1.339139526367187500e+03
5.683030486106872559e-01,2.197139859199523926e-01,7.550178710937500000e+03
6.638817787170410156e-01,2.646544575691223145e-01,7.097035156250000000e+03
5.496457815170288086e-01,2.225967943668365479e-01,2.920373046875000000e+03
5.336073040962219238e-01,2.183789163827896118e-01,9.177966796875000000e+03
5.158995389938354492e-01,1.885945647954940796e-01,1.838808593750000000e+03
5.306386947631835938e-01,2.185653448104858398e-01,5.752512695312500000e+03
5.220515131950378418e-01,2.364349067211151123e-01,2.091031494140625000e+03
6.551857590675354004e-01,2.747962772846221924e-01,3.813792480468750000e+03
4.054300487041473389e-01,1.523762047290802002e-01,3.959428710937500000e+03
1.093162298202514648e+00,2.876658737659454346e-01,5.274073730468750000e+03
4.082190394401550293e-01,1.706152856349945068e-01,2.450677978515625000e+03
1.102219939231872559e+00,3.931036293506622314e-01,4.174641601562500000e+03
5.810180902481079102e-01,2.941708862781524658e-01,1.486747558593750000e+03
4.767061173915863037e-01,2.057991325855255127e-01,1.641483276367187500e+03
7.180230021476745605e-01,2.889481782913208008e-01,4.196777734375000000e+04
8.457959890365600586e-01,3.427667021751403809e-01,6.710967773437500000e+03
6.806525588035583496e-01,3.007145524024963379e-01,8.581166992187500000e+03
6.254532337188720703e-01,2.551850974559783936e-01,3.177455810546875000e+03
7.882542610168457031e-01,3.171645998954772949e-01,1.921121484375000000e+04
5.052723288536071777e-01,2.037382423877716064e-01,1.545816772460937500e+03
6.260709762573242188e-01,2.461950927972793579e-01,4.386391601562500000e+03
8.436601758003234863e-01,3.623600006103515625e-01,1.104534667968750000e+04
7.567960023880004883e-01,3.269553184509277344e-01,7.096112792968750000e+03
3.164451420307159424e-01,1.264940053224563599e-01,1.289661254882812500e+03
4.576453864574432373e-01,1.888181120157241821e-01,3.373719726562500000e+03
7.477550506591796875e-01,3.541906476020812988e-01,3.509265136718750000e+03
5.633740425109863281e-01,2.265154868364334106e-01,4.177826171875000000e+04
1.138128042221069336e+00,1.731522977352142334e-01,6.028108398437500000e+03
4.819289147853851318e-01,2.653720080852508545e-01,1.212504272460937500e+03
1.109902977943420410e+00,8.339110761880874634e-02,5.842957031250000000e+03
7.162019014358520508e-01,3.266051411628723145e-01,4.510896484375000000e+03
6.224532723426818848e-01,2.505400180816650391e-01,6.001420898437500000e+03
8.656708598136901855e-01,3.376238346099853516e-01,8.232404296875000000e+03
1.010099411010742188e+00,3.829084932804107666e-01,2.303661328125000000e+04
5.658212900161743164e-01,2.471754550933837891e-01,2.356020263671875000e+03
4.177423417568206787e-01,1.805669963359832764e-01,1.227930664062500000e+03
1.097712755203247070e+00,3.969456851482391357e-01,8.138591406250000000e+04
3.862700760364532471e-01,1.603866219520568848e-01,1.058350341796875000e+03
4.824369847774505615e-01,1.950554996728897095e-01,2.976073242187500000e+03
6.861864328384399414e-01,3.181574940681457520e-01,4.029131591796875000e+03
6.200346350669860840e-01,2.724242210388183594e-01,2.513673095703125000e+03
7.832100391387939453e-01,3.306084275245666504e-01,2.059319335937500000e+03
3.666563034057617188e-01,1.635792702436447144e-01,9.331579589843750000e+02
5.459815263748168945e-01,3.014905452728271484e-01,9.846419677734375000e+02
5.971156954765319824e-01,2.464724630117416382e-01,3.748120361328125000e+03
7.035821676254272461e-01,3.002625405788421631e-01,8.501734375000000000e+03
1.030606508255004883e+00,3.840260803699493408e-01,5.314816015625000000e+04
3.948908150196075439e-01,1.598581969738006592e-01,2.345303222656250000e+03
4.107421636581420898e-01,1.677371561527252197e-01,4.628939941406250000e+03
7.714255452156066895e-01,3.516229093074798584e-01,1.378508544921875000e+03
4.494346976280212402e-01,1.713236421346664429e-01,2.616267578125000000e+03
1.014916062355041504e+00,3.532205522060394287e-01,7.405017578125000000e+03
5.604845881462097168e-01,2.280666530132293701e-01,4.439730957031250000e+03
3.705051541328430176e-01,1.350096613168716431e-01,1.546999389648437500e+03
7.673971056938171387e-01,3.580183088779449463e-01,1.085706347656250000e+04
7.843292355537414551e-01,3.744415938854217529e-01,2.924642333984375000e+03
7.920135855674743652e-01,3.285191059112548828e-01,5.064200781250000000e+04
1.117573738098144531e+00,2.748509645462036133e-01,6.673216308593750000e+03
4.229778051376342773e-01,1.787478774785995483e-01,2.084054199218750000e+03
5.329790115356445312e-01,2.159009873867034912e-01,1.544847290039062500e+03
8.659902811050415039e-01,3.774848282337188721e-01,1.029195019531250000e+04
3.130659461021423340e-01,1.208373904228210449e-01,3.194192626953125000e+03
5.154498219490051270e-01,2.238366603851318359e-01,3.897894531250000000e+03
9.940941333770751953e-01,3.628996908664703369e-01,2.048610546875000000e+04
4.879443049430847168e-01,1.982521116733551025e-01,5.803373046875000000e+03
8.670521974563598633e-01,3.689547479152679443e-01,1.803738671875000000e+04
6.565966010093688965e-01,2.998374104499816895e-01,2.995942626953125000e+03
7.539808154106140137e-01,3.746357560157775879e-01,2.323108154296875000e+03
2.832840383052825928e-01,1.129473373293876648e-01,1.042678344726562500e+03
5.429385304450988770e-01,2.615867853164672852e-01,1.650682861328125000e+03
7.065837979316711426e-01,3.094201683998107910e-01,6.216891113281250000e+03
7.574977874755859375e-01,3.153132796287536621e-01,1.871214062500000000e+04
7.969647049903869629e-01,3.340522348880767822e-01,1.223729101562500000e+04
5.859180688858032227e-01,2.501215338706970215e-01,2.774600097656250000e+03
8.998397588729858398e-01,3.676623404026031494e-01,8.153337500000000000e+04
1.199512481689453125e+00,7.880070805549621582e-02,6.439784179687500000e+03
4.643962383270263672e-01,1.954509913921356201e-01,2.952875732421875000e+03
7.292199730873107910e-01,1.501928269863128662e-01,2.928519287109375000e+03
7.629868388175964355e-01,3.287161886692047119e-01,1.822652099609375000e+03
8.809264302253723145e-01,3.273917436599731445e-01,1.274838476562500000e+04
4.348654747009277344e-01,1.879807859659194946e-01,1.288689697265625000e+03
7.861075997352600098e-01,3.530464768409729004e-01,4.953354980468750000e+03
5.684859156608581543e-01,2.230838835239410400e-01,7.275824707031250000e+03
9.158221483230590820e-01,3.440817892551422119e-01,8.003987792968750000e+03
6.231705546379089355e-01,2.654928565025329590e-01,1.384470605468750000e+04
5.391782522201538086e-01,2.271886169910430908e-01,4.898954589843750000e+03
1.069608092308044434e+00,2.616091966629028320e-01,4.565919433593750000e+03
6.435570716857910156e-01,2.759883701801300049e-01,5.822034667968750000e+03
1.119186758995056152e+00,1.648714989423751831e-01,6.335075683593750000e+03
5.440616607666015625e-01,2.094047963619232178e-01,5.530706542968750000e+03
7.065486311912536621e-01,3.237776160240173340e-01,4.220748046875000000e+03
7.105661630630493164e-01,2.856880128383636475e-01,2.576452392578125000e+03
5.923808813095092773e-01,2.660859227180480957e-01,8.346199218750000000e+03
6.199924945831298828e-01,2.625202536582946777e-01,2.133295898437500000e+04
5.290063619613647461e-01,2.335872501134872437e-01,2.427808593750000000e+03
6.578618884086608887e-01,3.194143772125244141e-01,2.892537353515625000e+03
9.783214926719665527e-01,3.933628499507904053e-01,1.768881445312500000e+04
5.851281881332397461e-01,2.384760230779647827e-01,3.138391113281250000e+03
3.884652256965637207e-01,1.628540158271789551e-01,2.665317138671875000e+03
7.652625441551208496e-01,2.868932783603668213e-01,3.281960693359375000e+03
6.192666888236999512e-01,2.439252734184265137e-01,4.930104003906250000e+03
7.149698138236999512e-01,3.434968590736389160e-01,3.468018066406250000e+03
9.728340506553649902e-01,3.712550699710845947e-01,2.088294531250000000e+04
4.490746557712554932e-01,1.813834011554718018e-01,1.292542236328125000e+03
5.509004592895507812e-01,2.478383779525756836e-01,3.229888427734375000e+03
5.682726502418518066e-01,2.283426821231842041e-01,4.119592285156250000e+03
5.515559911727905273e-01,2.072576433420181274e-01,2.846846923828125000e+03
5.296928286552429199e-01,2.255049794912338257e-01,1.871632934570312500e+03
4.702079296112060547e-01,1.812310814857482910e-01,2.576936767578125000e+03
4.584584236145019531e-01,1.959055066108703613e-01,2.624013671875000000e+03
4.331563115119934082e-01,1.764566153287887573e-01,1.431552612304687500e+03
3.876283466815948486e-01,1.576856970787048340e-01,1.818434814453125000e+03
7.422308325767517090e-01,3.310277462005615234e-01,3.517634033203125000e+03
4.725598394870758057e-01,2.012118846178054810e-01,1.800792114257812500e+03
5.884717106819152832e-01,2.387158572673797607e-01,5.440202148437500000e+03
9.169417619705200195e-01,3.810536265373229980e-01,7.691167187500000000e+04
5.041198134422302246e-01,1.979445517063140869e-01,3.669810058593750000e+03
5.824075341224670410e-01,2.915646433830261230e-01,1.669158081054687500e+03
6.297363638877868652e-01,2.662303447723388672e-01,2.284498437500000000e+04
6.009103655815124512e-01,2.361036539077758789e-01,5.439026367187500000e+03
5.587368011474609375e-01,2.208712100982666016e-01,4.116392089843750000e+03
6.697859764099121094e-01,2.456524670124053955e-01,1.317000781250000000e+04
7.026726007461547852e-01,2.863208651542663574e-01,9.053906250000000000e+03
5.151183605194091797e-01,2.334716469049453735e-01,3.565200927734375000e+03
1.217943072319030762e+00,7.052347064018249512e-02,5.104083496093750000e+03
7.254535555839538574e-01,3.113207817077636719e-01,4.303511230468750000e+03
4.333675801753997803e-01,1.864822357892990112e-01,2.054073242187500000e+03
6.445807218551635742e-01,2.448229938745498657e-01,7.244584472656250000e+03
7.600222229957580566e-01,2.505583763122558594e-01,3.759245849609375000e+03
4.722693860530853271e-01,2.081303149461746216e-01,2.470009765625000000e+03
1.063930273056030273e+00,3.988394737243652344e-01,1.609095312500000000e+05
5.801237225532531738e-01,2.415326237678527832e-01,3.225677246093750000e+03
4.406926035881042480e-01,2.244492918252944946e-01,5.664191894531250000e+02
7.559232711791992188e-01,2.902202904224395752e-01,3.894900878906250000e+03
8.049964904785156250e-01,3.274135589599609375e-01,2.952593505859375000e+03
3.934559822082519531e-01,1.621558368206024170e-01,1.308378417968750000e+03
9.983312487602233887e-01,3.928244709968566895e-01,3.636211328125000000e+04
1.036070108413696289e+00,3.860859870910644531e-01,1.750865820312500000e+04
4.344914853572845459e-01,1.816675812005996704e-01,8.181406250000000000e+03
7.436598539352416992e-01,2.292707562446594238e-01,5.935815917968750000e+03
5.071521401405334473e-01,2.310944795608520508e-01,6.947749023437500000e+03
5.822938084602355957e-01,2.617850899696350098e-01,1.091235644531250000e+04
6.731185317039489746e-01,2.853972911834716797e-01,2.892715234375000000e+04
5.674635171890258789e-01,2.409869879484176636e-01,6.162272949218750000e+03
7.401825785636901855e-01,3.081216812133789062e-01,2.941437255859375000e+03
7.167434692382812500e-01,2.806043028831481934e-01,1.046076855468750000e+04
3.379929959774017334e-01,1.477725803852081299e-01,1.593765747070312500e+03
5.692750811576843262e-01,2.445789575576782227e-01,2.049489501953125000e+03
4.612060189247131348e-01,1.937139630317687988e-01,1.482803222656250000e+03
1.236408114433288574e+00,1.328326612710952759e-01,6.525002441406250000e+03
7.031776905059814453e-01,2.922610044479370117e-01,3.059096679687500000e+03
3.921463787555694580e-01,1.670393049716949463e-01,2.202838378906250000e+03
8.071299791336059570e-01,3.561998307704925537e-01,7.812776855468750000e+03
5.958049893379211426e-01,2.667023837566375732e-01,2.281938964843750000e+03
4.950193166732788086e-01,2.042289972305297852e-01,2.787084228515625000e+03
6.723659038543701172e-01,2.789115309715270996e-01,3.447538330078125000e+03
4.722623527050018311e-01,2.182160913944244385e-01,2.078887207031250000e+03
8.074166774749755859e-01,3.984237909317016602e-01,4.190713378906250000e+03
5.294750928878784180e-01,2.104064524173736572e-01,3.280159423828125000e+03
5.561252236366271973e-01,2.548336386680603027e-01,2.923894287109375000e+03
5.927378535270690918e-01,3.013361692428588867e-01,5.470304199218750000e+03
5.806748867034912109e-01,2.324483841657638550e-01,5.188018066406250000e+03
8.593022227287292480e-01,3.379135131835937500e-01,2.120040820312500000e+04
7.620668411254882812e-01,3.055054843425750732e-01,5.062826171875000000e+03
8.250548243522644043e-01,3.153841495513916016e-01,3.181910156250000000e+04
7.828832268714904785e-01,3.316919803619384766e-01,1.180923437500000000e+04
4.982316493988037109e-01,2.251641452312469482e-01,2.963298095703125000e+03
7.241963148117065430e-01,2.846587002277374268e-01,6.627408203125000000e+03
7.227508425712585449e-01,3.025874495506286621e-01,5.280047363281250000e+03
4.779860973358154297e-01,2.139525562524795532e-01,1.459080810546875000e+03
6.592065095901489258e-01,2.784212529659271240e-01,2.832703613281250000e+03
4.931473433971405029e-01,2.074262350797653198e-01,1.353349365234375000e+03
3.697057366371154785e-01,1.576717644929885864e-01,1.316707153320312500e+03
9.618760347366333008e-01,3.744466006755828857e-01,3.961768066406250000e+03
7.637054324150085449e-01,3.175721466541290283e-01,8.333483398437500000e+03
6.205643415451049805e-01,2.580350935459136963e-01,2.845552978515625000e+03
4.290412664413452148e-01,1.776697635650634766e-01,7.189561035156250000e+03
7.959947586059570312e-01,3.451225459575653076e-01,9.616937500000000000e+03
1.134471297264099121e+00,3.959539234638214111e-01,6.054439453125000000e+04
8.951425552368164062e-01,3.940156400203704834e-01,2.964375585937500000e+04
8.433104157447814941e-01,2.583173215389251709e-01,4.409058105468750000e+03
1.206377983093261719e+00,8.748526871204376221e-02,6.668396972656250000e+03
5.478112697601318359e-01,2.302832156419754028e-01,5.212137207031250000e+03
1.063536286354064941e+00,3.921648859977722168e-01,9.130882031250000000e+04
6.507655382156372070e-01,2.945909500122070312e-01,1.079712109375000000e+04
5.379281640052795410e-01,2.286089360713958740e-01,9.343796875000000000e+03
4.803888499736785889e-01,2.039925009012222290e-01,1.718620727539062500e+03
7.726722955703735352e-01,3.217499256134033203e-01,7.665750976562500000e+03
9.484310746192932129e-01,3.682730197906494141e-01,1.996119726562500000e+04
9.839634895324707031e-01,3.858969807624816895e-01,8.525778320312500000e+03
8.109021186828613281e-01,3.241385817527770996e-01,3.481721435546875000e+03
5.586113929748535156e-01,2.560497522354125977e-01,3.353623779296875000e+03
4.734913110733032227e-01,2.336482256650924683e-01,4.765281250000000000e+03
8.008773326873779297e-01,3.601096272468566895e-01,4.920543457031250000e+03
3.777288794517517090e-01,1.385387480258941650e-01,2.156029052734375000e+03
5.957586765289306641e-01,2.495025694370269775e-01,1.157580273437500000e+04
9.436869025230407715e-01,3.978815078735351562e-01,1.490357812500000000e+04
6.213304400444030762e-01,2.465096563100814819e-01,5.686393554687500000e+03
6.657649874687194824e-01,2.798120677471160889e-01,4.182460156250000000e+04
1.136500716209411621e+00,3.957298994064331055e-01,1.193633828125000000e+05
4.642947614192962646e-01,1.700145602226257324e-01,3.003056640625000000e+03
7.755554318428039551e-01,3.162598609924316406e-01,9.699668945312500000e+03
8.314811587333679199e-01,3.321743309497833252e-01,1.314652246093750000e+04
5.484293103218078613e-01,2.144111692905426025e-01,4.295542480468750000e+03
8.111404776573181152e-01,3.621224462985992432e-01,6.567983886718750000e+03
6.209958791732788086e-01,2.449446022510528564e-01,9.153509765625000000e+03
4.649507403373718262e-01,1.944622844457626343e-01,3.157133789062500000e+03
6.676137447357177734e-01,2.745307683944702148e-01,9.472204101562500000e+03
7.545068264007568359e-01,3.371132910251617432e-01,4.367909667968750000e+03
4.189472496509552002e-01,1.641889810562133789e-01,2.405226074218750000e+03
6.234560608863830566e-01,2.643913328647613525e-01,3.532232421875000000e+03
4.341994524002075195e-01,1.681502610445022583e-01,2.627360595703125000e+03
5.926194787025451660e-01,2.652437090873718262e-01,7.232391406250000000e+04
5.296429991722106934e-01,2.448036223649978638e-01,3.034986083984375000e+03
5.343620181083679199e-01,2.184690684080123901e-01,5.484262695312500000e+03
7.323371171951293945e-01,3.335458040237426758e-01,2.582244873046875000e+03
9.758722782135009766e-01,3.650982677936553955e-01,5.541421875000000000e+03
5.711462497711181641e-01,2.492805719375610352e-01,1.227070507812500000e+04
6.326420903205871582e-01,2.574834525585174561e-01,5.901690429687500000e+03
5.452581048011779785e-01,2.288344204425811768e-01,2.496291503906250000e+03
7.048352360725402832e-01,2.858980298042297363e-01,5.945136230468750000e+03
1.262073755264282227e+00,6.798142194747924805e-02,6.272733398437500000e+03
1.034622192382812500e+00,3.783259987831115723e-01,2.960126757812500000e+04
4.876686334609985352e-01,2.155573815107345581e-01,1.799619018554687500e+03
1.051512479782104492e+00,4.104678034782409668e-01,2.123266796875000000e+04
4.407000541687011719e-01,2.266174554824829102e-01,7.343659057617187500e+02
1.070539951324462891e+00,3.939024209976196289e-01,3.923156640625000000e+04
3.136458098888397217e-01,1.201683729887008667e-01,1.010990905761718750e+03
3.469057679176330566e-01,1.377500593662261963e-01,2.094072509765625000e+03
1.068834066390991211e+00,1.951769143342971802e-01,5.995304687500000000e+03
1.054720282554626465e+00,3.860015571117401123e-01,5.797277734375000000e+04
9.595863223075866699e-01,3.837573230266571045e-01,2.151693359375000000e+03
7.438765168190002441e-01,3.304991722106933594e-01,2.682458496093750000e+03
1.116386294364929199e+00,7.792708277702331543e-02,6.850588867187500000e+03
5.461584925651550293e-01,2.807630002498626709e-01,1.220356567382812500e+03
3.990772962570190430e-01,1.634763479232788086e-01,2.680073974609375000e+03
6.131082773208618164e-01,2.579841613769531250e-01,5.465043945312500000e+03
3.505230247974395752e-01,1.437351852655410767e-01,3.791277099609375000e+03
7.020283937454223633e-01,3.209339082241058350e-01,4.882060058593750000e+03
6.905567049980163574e-01,3.050181567668914795e-01,3.706352294921875000e+03
5.919153690338134766e-01,2.712706923484802246e-01,3.587697265625000000e+03
5.190207958221435547e-01,2.264013588428497314e-01,1.939369995117187500e+03
4.017052650451660156e-01,1.438678950071334839e-01,1.448014038085937500e+03
6.950358748435974121e-01,2.833797037601470947e-01,5.222467773437500000e+03
5.905832648277282715e-01,2.802203297615051270e-01,2.360276123046875000e+03
8.886251449584960938e-01,4.133574962615966797e-01,4.557397460937500000e+03
5.932044386863708496e-01,2.883380353450775146e-01,3.471891113281250000e+03
4.439181387424468994e-01,1.863662153482437134e-01,1.455771972656250000e+03
7.456405758857727051e-01,3.311528265476226807e-01,2.150469335937500000e+04
9.067431688308715820e-01,3.570193052291870117e-01,2.227321679687500000e+04
8.307971954345703125e-01,3.367580175399780273e-01,2.948948242187500000e+04
5.887579917907714844e-01,2.852472662925720215e-01,2.789547607421875000e+03
8.499178886413574219e-01,3.294942677021026611e-01,6.110281738281250000e+03
3.411372303962707520e-01,1.606887876987457275e-01,1.024671752929687500e+03
4.726746976375579834e-01,2.120770812034606934e-01,2.955681396484375000e+03
5.148912072181701660e-01,2.079192250967025757e-01,4.101889160156250000e+03
7.060245275497436523e-01,3.025749623775482178e-01,4.745256835937500000e+03
4.013945758342742920e-01,1.526107043027877808e-01,1.217139282226562500e+03
8.929126858711242676e-01,3.611254096031188965e-01,3.448771484375000000e+03
6.665852665901184082e-01,3.016701936721801758e-01,3.926997802734375000e+03
6.568495631217956543e-01,3.013529777526855469e-01,6.954161132812500000e+03
5.779700875282287598e-01,2.400215268135070801e-01,1.785304199218750000e+03
5.472453832626342773e-01,2.173490077257156372e-01,6.547246093750000000e+03
9.384864568710327148e-01,3.687384724617004395e-01,4.815386230468750000e+03
1.225100755691528320e+00,7.221344113349914551e-02,6.703415039062500000e+03
5.790357589721679688e-01,2.227802425622940063e-01,3.566554931640625000e+03
7.266143560409545898e-01,3.343695402145385742e-01,3.217542480468750000e+03
6.331790089607238770e-01,2.294805049896240234e-01,2.377230468750000000e+03
4.789888560771942139e-01,1.912156045436859131e-01,3.962599609375000000e+03
5.157951712608337402e-01,2.175863534212112427e-01,3.285407470703125000e+03
6.570777893066406250e-01,2.788406014442443848e-01,3.021245361328125000e+03
5.856479406356811523e-01,2.511402070522308350e-01,3.756764648437500000e+03
7.185010910034179688e-01,2.837867736816406250e-01,3.156175048828125000e+03
4.755035340785980225e-01,1.839517802000045776e-01,6.857412109375000000e+03
6.566339731216430664e-01,3.298359215259552002e-01,3.101355712890625000e+03
9.568264484405517578e-01,4.042963683605194092e-01,1.912944531250000000e+04
6.562467217445373535e-01,2.725425362586975098e-01,1.392829785156250000e+04
7.061175107955932617e-01,2.949897646903991699e-01,5.167597167968750000e+03
8.068575859069824219e-01,3.672229051589965820e-01,1.127013281250000000e+04
6.123105287551879883e-01,2.487827837467193604e-01,3.430966552734375000e+03
5.900678634643554688e-01,2.642050087451934814e-01,4.035779296875000000e+03
5.908978581428527832e-01,2.350617200136184692e-01,9.493557617187500000e+03
9.150908589363098145e-01,3.990119099617004395e-01,1.243829687500000000e+04
7.099027633666992188e-01,2.781077325344085693e-01,4.374412597656250000e+03
5.549776554107666016e-01,2.173072099685668945e-01,3.265843017578125000e+03
8.399809002876281738e-01,3.770350813865661621e-01,3.469845214843750000e+03
1.059912919998168945e+00,3.884114623069763184e-01,1.899616796875000000e+04
9.916713833808898926e-01,7.102159410715103149e-02,4.125111816406250000e+03
5.500645637512207031e-01,2.270507216453552246e-01,5.994911132812500000e+03
6.138393282890319824e-01,2.445240765810012817e-01,6.047755371093750000e+03
7.274093627929687500e-01,3.240197002887725830e-01,4.915045410156250000e+03
6.776013374328613281e-01,2.791381478309631348e-01,2.344091992187500000e+04
5.758877992630004883e-01,2.503671944141387939e-01,6.100326660156250000e+03
4.918536841869354248e-01,2.107409685850143433e-01,3.505473388671875000e+03
5.188930630683898926e-01,2.565687894821166992e-01,1.814482666015625000e+03
9.234282970428466797e-01,3.650719821453094482e-01,6.792172363281250000e+03
8.347107768058776855e-01,3.116305172443389893e-01,8.541968750000000000e+03
7.610560059547424316e-01,2.882450222969055176e-01,9.227370117187500000e+03
7.425631284713745117e-01,3.333696424961090088e-01,4.475677246093750000e+03
5.810557603836059570e-01,2.632471323013305664e-01,3.283205322265625000e+03
3.662244379520416260e-01,1.438038349151611328e-01,2.659561279296875000e+03
1.066969752311706543e+00,3.916791379451751709e-01,3.701916992187500000e+03
2.857675254344940186e-01,1.154595166444778442e-01,8.070263671875000000e+02
8.023215532302856445e-01,3.241399526596069336e-01,1.141985351562500000e+04
5.992110371589660645e-01,2.829077541828155518e-01,2.425184814453125000e+03
5.449158549308776855e-01,2.142436206340789795e-01,1.116375292968750000e+04
6.000784039497375488e-01,2.440697699785232544e-01,7.660425781250000000e+03
4.788537323474884033e-01,2.095898538827896118e-01,2.032546630859375000e+03
6.949970126152038574e-01,3.037505447864532471e-01,7.526666503906250000e+03
4.717625081539154053e-01,1.338236331939697266e-01,1.124664794921875000e+03
7.896022200584411621e-01,2.642003595829010010e-01,1.097589746093750000e+04
7.365226745605468750e-01,3.037347197532653809e-01,8.308730468750000000e+03
5.951115489006042480e-01,2.202168852090835571e-01,4.559835449218750000e+03
6.930339336395263672e-01,3.495404720306396484e-01,3.530572265625000000e+03
4.272037148475646973e-01,1.973984837532043457e-01,1.698392822265625000e+03
8.217048048973083496e-01,2.209777384996414185e-01,7.602735351562500000e+03
5.258408784866333008e-01,2.150176614522933960e-01,3.513826660156250000e+03
9.803229570388793945e-01,3.952766358852386475e-01,1.458308789062500000e+04
5.273663997650146484e-01,2.268190681934356689e-01,1.633880981445312500e+03
8.878616690635681152e-01,4.015735685825347900e-01,6.454817382812500000e+03
8.153015971183776855e-01,3.330913484096527100e-01,3.866887939453125000e+03
9.444389343261718750e-01,3.741527497768402100e-01,1.723000781250000000e+04
7.035177946090698242e-01,2.979555726051330566e-01,2.570034667968750000e+03
4.295374751091003418e-01,1.781810820102691650e-01,1.619143310546875000e+03
7.600630521774291992e-01,3.575361073017120361e-01,2.097080566406250000e+03
4.212333261966705322e-01,2.138109207153320312e-01,2.245412353515625000e+03
3.410782814025878906e-01,1.353998631238937378e-01,2.205306640625000000e+03
4.126653373241424561e-01,1.796420067548751831e-01,3.122456298828125000e+03
6.379826068878173828e-01,2.755379676818847656e-01,6.083693359375000000e+03
7.159571051597595215e-01,2.967904210090637207e-01,6.467176757812500000e+03
8.007415533065795898e-01,3.240002691745758057e-01,9.548612304687500000e+03
8.177586197853088379e-01,3.513967990875244141e-01,6.573273925781250000e+03
8.503162264823913574e-01,3.425428569316864014e-01,7.318079101562500000e+03
7.174002528190612793e-01,2.389545738697052002e-01,1.399020312500000000e+04
8.804660439491271973e-01,3.150777518749237061e-01,3.509844238281250000e+03
8.141707777976989746e-01,3.312491476535797119e-01,1.004642480468750000e+04
3.248583376407623291e-01,1.383630633354187012e-01,1.587175415039062500e+03
4.921263754367828369e-01,1.773637980222702026e-01,2.533113281250000000e+03
6.378832459449768066e-01,2.709100246429443359e-01,4.345860351562500000e+03
5.358279943466186523e-01,2.369266897439956665e-01,2.063882568359375000e+03
4.353071153163909912e-01,1.719526052474975586e-01,6.838864257812500000e+03
5.412381887435913086e-01,2.326980531215667725e-01,1.527135620117187500e+03
4.669221639633178711e-01,1.915233582258224487e-01,2.374445312500000000e+03
5.397681593894958496e-01,2.208676636219024658e-01,4.299211914062500000e+03
5.126196742057800293e-01,2.095256000757217407e-01,5.127291503906250000e+03
4.842611253261566162e-01,1.795378923416137695e-01,3.571404541015625000e+03
6.282201409339904785e-01,2.367643266916275024e-01,4.222729492187500000e+03
1.167935013771057129e+00,7.682589441537857056e-02,6.163241699218750000e+03
3.919035792350769043e-01,1.705404520034790039e-01,2.491326171875000000e+03
6.271131038665771484e-01,2.419772297143936157e-01,2.080080273437500000e+04
7.838791012763977051e-01,3.217488825321197510e-01,4.583343750000000000e+04
8.579323291778564453e-01,3.824729025363922119e-01,1.743527343750000000e+04
9.994015693664550781e-01,9.932771325111389160e-02,5.728130371093750000e+03
8.773328661918640137e-01,3.587687611579895020e-01,3.364017089843750000e+03
2.677424848079681396e-01,1.022724807262420654e-01,9.392354736328125000e+02
5.651834607124328613e-01,2.250936031341552734e-01,3.201560546875000000e+03
6.570790410041809082e-01,2.974246740341186523e-01,4.549772949218750000e+03
5.418060421943664551e-01,2.475022077560424805e-01,2.471459716796875000e+03
6.778651475906372070e-01,2.781014442443847656e-01,5.946745605468750000e+03
8.408557176589965820e-01,2.129130512475967407e-01,1.967282348632812500e+03
5.565491914749145508e-01,2.235717326402664185e-01,3.973522216796875000e+03
3.859993815422058105e-01,1.626921147108078003e-01,6.860527832031250000e+03
8.001244068145751953e-01,3.522096872329711914e-01,6.639698730468750000e+03
6.519198417663574219e-01,2.557771205902099609e-01,9.455784179687500000e+03
6.859517097473144531e-01,3.010668754577636719e-01,8.638528320312500000e+03
6.530655026435852051e-01,2.657508552074432373e-01,5.757929687500000000e+03
8.153594732284545898e-01,1.965347677469253540e-01,3.978948730468750000e+03
5.297936201095581055e-01,2.465632706880569458e-01,1.610489624023437500e+03
8.342519402503967285e-01,3.792164027690887451e-01,6.074027343750000000e+03
2.570926547050476074e-01,1.096445396542549133e-01,7.944192504882812500e+02
6.683195233345031738e-01,2.606240808963775635e-01,2.691188964843750000e+03
6.977037787437438965e-01,3.066598176956176758e-01,1.271033691406250000e+04
6.003770828247070312e-01,2.594992220401763916e-01,9.517062500000000000e+03
3.169516324996948242e-01,1.299043446779251099e-01,2.063239013671875000e+03
3.347724080085754395e-01,1.411693692207336426e-01,1.041795898437500000e+03
6.577169299125671387e-01,2.851216197013854980e-01,5.037254882812500000e+03
4.523130357265472412e-01,1.743180155754089355e-01,2.906853759765625000e+03
3.717983663082122803e-01,1.492606699466705322e-01,1.709164062500000000e+03
5.907281637191772461e-01,2.864234447479248047e-01,4.466537597656250000e+03
5.777474045753479004e-01,2.429564297199249268e-01,4.190488769531250000e+03
9.118189215660095215e-01,3.932626545429229736e-01,5.720952636718750000e+03
8.249975442886352539e-01,2.842961847782135010e-01,4.531063476562500000e+03
5.777978301048278809e-01,2.424314320087432861e-01,7.151796875000000000e+03
9.375264644622802734e-01,3.856933712959289551e-01,1.441710644531250000e+04
4.807143807411193848e-01,2.065169960260391235e-01,3.510124755859375000e+03
4.033050239086151123e-01,1.501430571079254150e-01,1.465584838867187500e+03
4.317726194858551025e-01,1.899518817663192749e-01,1.865076049804687500e+03
6.636995077133178711e-01,2.190358042716979980e-01,5.364896484375000000e+03
1.063712477684020996e+00,4.119504392147064209e-01,8.800612304687500000e+03
7.586551904678344727e-01,3.371889889240264893e-01,4.852940917968750000e+03
6.376576423645019531e-01,2.592312395572662354e-01,1.479708398437500000e+04
5.704441070556640625e-01,2.660967409610748291e-01,2.675340576171875000e+03
5.940302014350891113e-01,2.330050021409988403e-01,5.739301757812500000e+03
4.162319302558898926e-01,1.659754067659378052e-01,2.325498535156250000e+03
7.812181115150451660e-01,3.189921975135803223e-01,1.619480175781250000e+04
4.879460036754608154e-01,1.792253106832504272e-01,4.586724121093750000e+03
7.848408222198486328e-01,3.157563507556915283e-01,8.054425000000000000e+04
4.989252388477325439e-01,1.934405416250228882e-01,4.290085937500000000e+03
7.645391225814819336e-01,3.353836238384246826e-01,2.816499023437500000e+03
2.848306298255920410e-01,1.222392991185188293e-01,1.600061889648437500e+03
5.347572565078735352e-01,2.093133777379989624e-01,4.435420410156250000e+03
6.639680266380310059e-01,2.965983152389526367e-01,3.836198974609375000e+03
5.075520873069763184e-01,2.231116741895675659e-01,2.457482666015625000e+03
5.791233181953430176e-01,3.457034826278686523e-01,9.335262451171875000e+02
7.669689059257507324e-01,2.957826554775238037e-01,4.208007812500000000e+04
5.462951660156250000e-01,2.362889349460601807e-01,2.568528076171875000e+03
5.527294278144836426e-01,2.160544544458389282e-01,8.920621093750000000e+03
7.163335084915161133e-01,2.807301282882690430e-01,5.807900878906250000e+03
7.595396041870117188e-01,3.586666882038116455e-01,9.406419921875000000e+03
1.056535840034484863e+00,3.810687661170959473e-01,1.118912695312500000e+04
7.593894600868225098e-01,2.988494336605072021e-01,1.485737500000000000e+04
7.198373675346374512e-01,3.381336331367492676e-01,5.670133789062500000e+03
8.852675557136535645e-01,3.741177022457122803e-01,8.190336425781250000e+03
6.964100599288940430e-01,2.710152864456176758e-01,4.699396484375000000e+03
3.486284017562866211e-01,1.419795155525207520e-01,1.413315429687500000e+03
7.403599619865417480e-01,3.382548391819000244e-01,4.156343750000000000e+03
6.106759309768676758e-01,2.686000168323516846e-01,2.324373291015625000e+03
4.972503781318664551e-01,1.872671693563461304e-01,3.433070556640625000e+03
8.806316256523132324e-01,3.586128354072570801e-01,1.654369921875000000e+04
7.778099179267883301e-01,3.336127698421478271e-01,3.595849609375000000e+03
4.505552053451538086e-01,1.901666224002838135e-01,3.311715332031250000e+03
6.201838850975036621e-01,2.794809937477111816e-01,4.527701171875000000e+03
4.925479888916015625e-01,2.021833360195159912e-01,2.458482177734375000e+03
6.870037317276000977e-01,2.862578928470611572e-01,5.259148437500000000e+03
4.869734942913055420e-01,2.029942721128463745e-01,2.062778076171875000e+03
6.117436885833740234e-01,3.039482235908508301e-01,2.446205566406250000e+03
3.482388257980346680e-01,1.499252766370773315e-01,1.470319091796875000e+03
1.060406804084777832e+00,2.039365470409393311e-01,5.821943847656250000e+03
7.419795393943786621e-01,2.929191589355468750e-01,5.736230468750000000e+03
4.657206237316131592e-01,1.955213993787765503e-01,5.902191894531250000e+03
8.647124767303466797e-01,3.358870744705200195e-01,2.825191406250000000e+04
1.094331502914428711e+00,4.011191129684448242e-01,7.079772460937500000e+03
6.314221620559692383e-01,2.985864281654357910e-01,1.912870849609375000e+03
5.983815193176269531e-01,2.532968819141387939e-01,2.816242968750000000e+04
7.066861391067504883e-01,3.292225003242492676e-01,4.330828613281250000e+03
8.304052352905273438e-01,2.914550304412841797e-01,6.963823730468750000e+03
6.149769425392150879e-01,2.163838595151901245e-01,3.611877197265625000e+03
6.771333813667297363e-01,3.015986084938049316e-01,7.459744140625000000e+03
8.017464876174926758e-01,3.711009621620178223e-01,8.093666992187500000e+03
5.807069540023803711e-01,2.578744292259216309e-01,2.211754150390625000e+03
4.759990274906158447e-01,2.247834503650665283e-01,4.747771972656250000e+03
7.936019301414489746e-01,3.580191135406494141e-01,3.005985156250000000e+04
4.157648086547851562e-01,1.880822479724884033e-01,1.340538574218750000e+03
6.785042881965637207e-01,2.654365003108978271e-01,1.006589746093750000e+04
5.540485978126525879e-01,2.442699223756790161e-01,1.671580322265625000e+03
5.025726556777954102e-01,2.108650654554367065e-01,2.434518066406250000e+03
6.635031700134277344e-01,3.097796440124511719e-01,4.619462402343750000e+03
1.134407758712768555e+00,3.975458145141601562e-01,9.808332031250000000e+04
9.354155063629150391e-01,3.923381567001342773e-01,1.136383007812500000e+04
4.642561376094818115e-01,2.327321618795394897e-01,2.064875976562500000e+03
7.764489054679870605e-01,3.223010897636413574e-01,7.994522949218750000e+03
9.117336869239807129e-01,4.176902770996093750e-01,2.711296630859375000e+03
6.440573334693908691e-01,2.801850438117980957e-01,1.357493457031250000e+04
8.016528487205505371e-01,2.973524928092956543e-01,5.515770996093750000e+03
5.332466363906860352e-01,2.633142173290252686e-01,2.124967041015625000e+03
7.219168543815612793e-01,2.784711420536041260e-01,1.359581152343750000e+04
4.657072424888610840e-01,1.838793009519577026e-01,2.215759765625000000e+03
6.538889408111572266e-01,2.683123946189880371e-01,6.254707519531250000e+03
5.999731421470642090e-01,2.382892370223999023e-01,7.970139160156250000e+03
6.132413744926452637e-01,2.422500252723693848e-01,3.751105468750000000e+03
6.245049834251403809e-01,2.690318524837493896e-01,2.628989013671875000e+03
7.580120563507080078e-01,2.425495386123657227e-01,7.186523437500000000e+03
3.047778606414794922e-01,1.257697641849517822e-01,1.027978759765625000e+03
4.188061952590942383e-01,1.623040139675140381e-01,2.778164794921875000e+03
6.660659909248352051e-01,1.880016624927520752e-01,3.206891601562500000e+03
5.931631922721862793e-01,2.682155072689056396e-01,2.086540283203125000e+03
6.927113533020019531e-01,2.870908975601196289e-01,4.460976562500000000e+03
9.740463495254516602e-01,3.924270272254943848e-01,2.460217578125000000e+04
5.714567303657531738e-01,2.100559324026107788e-01,2.666818359375000000e+03
6.516142487525939941e-01,2.912288904190063477e-01,5.665576171875000000e+03
9.666998982429504395e-01,3.962823152542114258e-01,6.180479492187500000e+03
5.617749691009521484e-01,2.561793327331542969e-01,8.563961181640625000e+02
1.139045000076293945e+00,4.010196924209594727e-01,4.717799687500000000e+05
1.018004775047302246e+00,3.966750800609588623e-01,2.881537841796875000e+03
1.094101309776306152e+00,3.908644318580627441e-01,1.515486328125000000e+04
9.053387045860290527e-01,3.973437547683715820e-01,1.134183398437500000e+04
6.378703713417053223e-01,2.419510334730148315e-01,1.643069335937500000e+04
3.969301283359527588e-01,1.813708543777465820e-01,1.788279418945312500e+03
7.033744454383850098e-01,3.096115291118621826e-01,6.378567382812500000e+03
9.773597717285156250e-01,3.761071264743804932e-01,2.707448632812500000e+04
6.715851426124572754e-01,2.973661720752716064e-01,5.010712402343750000e+03
9.425580501556396484e-01,4.038481712341308594e-01,3.152337158203125000e+03
7.229191660881042480e-01,2.969617545604705811e-01,5.256800292968750000e+03
9.248269200325012207e-01,3.743645548820495605e-01,5.128258300781250000e+03
6.100613474845886230e-01,2.710455060005187988e-01,4.199322753906250000e+03
8.533816933631896973e-01,3.540002703666687012e-01,1.004489941406250000e+04
5.928459167480468750e-01,2.460122704505920410e-01,3.571043212890625000e+03
1.249695777893066406e+00,6.799209862947463989e-02,6.081541503906250000e+03
7.080979943275451660e-01,1.401998102664947510e-01,3.032728271484375000e+03
5.105901956558227539e-01,2.262945026159286499e-01,1.913006835937500000e+03
4.592881798744201660e-01,2.092705368995666504e-01,1.390858032226562500e+03
6.283560991287231445e-01,2.094125300645828247e-01,2.776546386718750000e+03
7.746212482452392578e-01,2.082697153091430664e-01,1.962039672851562500e+03
3.674097657203674316e-01,1.443439424037933350e-01,2.001864868164062500e+03
8.241087794303894043e-01,3.635693788528442383e-01,9.040921875000000000e+03
7.305741310119628906e-01,3.077575862407684326e-01,4.782801269531250000e+03
7.687717080116271973e-01,2.964731156826019287e-01,1.702761328125000000e+04
6.734596490859985352e-01,2.929525077342987061e-01,1.388073730468750000e+04
8.850166201591491699e-01,3.877759277820587158e-01,1.114583496093750000e+04
1.193237662315368652e+00,8.105820417404174805e-02,6.692300781250000000e+03
7.716028094291687012e-01,3.148529827594757080e-01,1.074716210937500000e+04
8.400291204452514648e-01,3.603126108646392822e-01,6.984932617187500000e+03
4.455726146697998047e-01,2.048673629760742188e-01,1.555800903320312500e+03
8.935765624046325684e-01,3.394309580326080322e-01,6.002063476562500000e+03
9.885627627372741699e-01,3.870583176612854004e-01,1.097669843750000000e+05
6.284785866737365723e-01,2.658588290214538574e-01,2.060445312500000000e+03
5.994326472282409668e-01,2.398793548345565796e-01,1.043134863281250000e+04
6.378067731857299805e-01,2.550967037677764893e-01,6.745004394531250000e+03
3.099110424518585205e-01,1.281397789716720581e-01,1.815678588867187500e+03
5.817962884902954102e-01,2.500643432140350342e-01,3.260681884765625000e+03
3.457355201244354248e-01,1.290458142757415771e-01,1.396317382812500000e+03
7.952389717102050781e-01,3.707894384860992432e-01,3.853388671875000000e+03
6.039170622825622559e-01,2.909921407699584961e-01,2.492248046875000000e+03
9.984569549560546875e-01,3.858890831470489502e-01,2.497001757812500000e+04
7.149537205696105957e-01,2.854569852352142334e-01,1.665991992187500000e+04
5.449869632720947266e-01,2.430692613124847412e-01,2.204543457031250000e+03
7.508225440979003906e-01,2.955041527748107910e-01,2.857690429687500000e+04
7.741282582283020020e-01,3.089545965194702148e-01,9.763828125000000000e+03
4.622709751129150391e-01,2.048557996749877930e-01,1.895813476562500000e+03
5.822594165802001953e-01,2.629572451114654541e-01,5.692174804687500000e+03
5.593492388725280762e-01,2.442670017480850220e-01,5.514605957031250000e+03
4.623558223247528076e-01,2.206882536411285400e-01,1.340212402343750000e+03
7.071774601936340332e-01,3.029927909374237061e-01,5.569222167968750000e+03
8.121377229690551758e-01,3.094127774238586426e-01,6.959507324218750000e+03
8.623127937316894531e-01,3.527233004570007324e-01,1.330309375000000000e+04
7.024189829826354980e-01,1.895292550325393677e-01,5.494204101562500000e+03
9.847382903099060059e-01,3.700695931911468506e-01,7.391686523437500000e+03
6.049573421478271484e-01,2.740887999534606934e-01,2.291684082031250000e+03
8.220539689064025879e-01,3.713613152503967285e-01,9.237685546875000000e+03
6.199066042900085449e-01,2.776840925216674805e-01,1.992362109375000000e+04
5.469970107078552246e-01,2.582993507385253906e-01,1.698079956054687500e+03
6.314336061477661133e-01,2.660261094570159912e-01,1.533118554687500000e+04
5.540786385536193848e-01,2.477817088365554810e-01,3.999137939453125000e+03
7.468928098678588867e-01,2.686538994312286377e-01,2.137829296875000000e+04
6.590043306350708008e-01,2.738375067710876465e-01,9.615655273437500000e+03
6.786701679229736328e-01,2.610385715961456299e-01,2.933808593750000000e+04
4.389081001281738281e-01,1.940266937017440796e-01,1.459839599609375000e+03
7.733522057533264160e-01,3.286696672439575195e-01,2.470031005859375000e+03
6.060000658035278320e-01,2.743364274501800537e-01,3.314017333984375000e+03
5.621762275695800781e-01,2.340479046106338501e-01,3.093411621093750000e+03
4.998546838760375977e-01,2.017523050308227539e-01,9.724681640625000000e+03
2.537299990653991699e-01,9.429074078798294067e-02,1.050368774414062500e+03
5.367681384086608887e-01,2.027109712362289429e-01,6.021021972656250000e+03
8.770985007286071777e-01,3.742990791797637939e-01,5.073932617187500000e+03
6.717880368232727051e-01,3.087065517902374268e-01,2.396492675781250000e+03
7.920739650726318359e-01,3.803452551364898682e-01,4.318793945312500000e+03
8.590874075889587402e-01,3.900043666362762451e-01,1.088502441406250000e+04
6.436422467231750488e-01,2.936991751194000244e-01,2.698145507812500000e+03
5.167983770370483398e-01,2.615909278392791748e-01,2.547978515625000000e+03
7.291221022605895996e-01,3.213560581207275391e-01,7.740372070312500000e+03
6.677312850952148438e-01,2.677066624164581299e-01,9.546873046875000000e+03
8.536324501037597656e-01,3.874330222606658936e-01,5.690334960937500000e+03
9.787718057632446289e-01,3.857700824737548828e-01,4.255759375000000000e+04
5.711036324501037598e-01,2.142595946788787842e-01,8.341260742187500000e+03
6.940098404884338379e-01,2.975715994834899902e-01,3.058312500000000000e+03
8.534373641014099121e-01,3.521287739276885986e-01,1.092319042968750000e+04
1.076258778572082520e+00,3.882126808166503906e-01,2.011228710937500000e+04
4.502882659435272217e-01,1.932147592306137085e-01,2.999208984375000000e+03
3.422239124774932861e-01,1.311232745647430420e-01,2.136834472656250000e+03
7.665305733680725098e-01,3.051059544086456299e-01,4.389895996093750000e+03
6.847406029701232910e-01,3.031016886234283447e-01,2.741952880859375000e+03
5.630096793174743652e-01,2.973180413246154785e-01,1.064740039062500000e+04
8.945623636245727539e-01,3.620841503143310547e-01,5.323497070312500000e+03
5.296486616134643555e-01,2.284965664148330688e-01,3.905457275390625000e+03
9.198678135871887207e-01,3.577332496643066406e-01,5.750155761718750000e+03
4.850478470325469971e-01,2.020468264818191528e-01,3.602195068359375000e+03
5.309606790542602539e-01,2.091511934995651245e-01,5.558168457031250000e+03
4.852501153945922852e-01,2.146762162446975708e-01,1.755247924804687500e+03
6.501024365425109863e-01,2.655575871467590332e-01,2.893516601562500000e+03
5.562323927879333496e-01,2.859694659709930420e-01,1.684532714843750000e+03
8.458785414695739746e-01,2.621207237243652344e-01,3.327936767578125000e+03
6.559146642684936523e-01,2.902193665504455566e-01,5.974524902343750000e+03
7.955275774002075195e-01,3.189752399921417236e-01,9.662446289062500000e+03
5.658430457115173340e-01,2.920913994312286377e-01,1.627509521484375000e+03
3.762653172016143799e-01,1.585436463356018066e-01,1.358324951171875000e+03
5.338469147682189941e-01,2.427438050508499146e-01,1.760270141601562500e+03
5.267209410667419434e-01,2.160985469818115234e-01,2.673927734375000000e+03
5.586258769035339355e-01,2.401239722967147827e-01,4.319833496093750000e+03
8.970738649368286133e-01,3.882041871547698975e-01,1.074451269531250000e+04
7.457261085510253906e-01,3.176869153976440430e-01,4.984914550781250000e+03
4.848633408546447754e-01,1.910654902458190918e-01,2.238946044921875000e+03
4.770564734935760498e-01,1.944393068552017212e-01,3.893569091796875000e+03
5.350624322891235352e-01,2.487920969724655151e-01,4.052730957031250000e+03
8.942126035690307617e-01,2.991583943367004395e-01,5.309460449218750000e+03
9.711456298828125000e-01,2.886091768741607666e-01,3.100508789062500000e+03
9.329180717468261719e-01,3.502204418182373047e-01,5.326740234375000000e+03
5.016223788261413574e-01,2.151906937360763550e-01,1.129755615234375000e+03
4.533285200595855713e-01,1.819556355476379395e-01,2.424705078125000000e+03
4.186887145042419434e-01,1.910590827465057373e-01,1.664537353515625000e+03
8.096014261245727539e-01,3.253311514854431152e-01,1.199555468750000000e+04
6.166096329689025879e-01,2.425551861524581909e-01,2.481375976562500000e+03
1.133295178413391113e+00,3.919626474380493164e-01,4.235804687500000000e+03
8.442910313606262207e-01,1.982600092887878418e-01,2.714873046875000000e+03
6.971633434295654297e-01,3.009746670722961426e-01,3.919262451171875000e+03
4.745548367500305176e-01,2.236178517341613770e-01,1.254569213867187500e+03
7.179932594299316406e-01,2.981723248958587646e-01,4.631738769531250000e+03
8.326610922813415527e-01,3.423721790313720703e-01,8.617071289062500000e+03
1.065158367156982422e+00,3.980828225612640381e-01,4.732316796875000000e+04
5.103246569633483887e-01,1.894520223140716553e-01,7.058970214843750000e+03
7.019168138504028320e-01,2.832891643047332764e-01,4.094833984375000000e+04
8.541831374168395996e-01,3.484890460968017578e-01,1.006997753906250000e+04
1.108938574790954590e+00,3.927173018455505371e-01,2.166529687500000000e+04
5.073110461235046387e-01,2.270068079233169556e-01,1.968494140625000000e+03
6.507967710494995117e-01,2.775920033454895020e-01,4.107444335937500000e+03
6.865108609199523926e-01,2.875789701938629150e-01,2.175734375000000000e+04
8.458409905433654785e-01,1.852924376726150513e-01,5.032610839843750000e+03
8.250131607055664062e-01,3.855119943618774414e-01,2.705440917968750000e+03
5.066474080085754395e-01,2.130677402019500732e-01,1.344387573242187500e+03
4.327377974987030029e-01,1.837002784013748169e-01,2.100296875000000000e+03
1.247061967849731445e+00,7.304905354976654053e-02,6.214000488281250000e+03
3.110117316246032715e-01,1.180524304509162903e-01,1.244583496093750000e+03
8.527582287788391113e-01,3.672859072685241699e-01,6.727454589843750000e+03
6.472378969192504883e-01,2.705654799938201904e-01,1.652599414062500000e+04
9.072302579879760742e-01,3.706700205802917480e-01,7.181236816406250000e+03
1.019847154617309570e+00,1.316917985677719116e-01,5.711571777343750000e+03
5.550553202629089355e-01,2.670028507709503174e-01,3.167625244140625000e+03
5.472913980484008789e-01,2.363495677709579468e-01,6.147198730468750000e+03
5.520681142807006836e-01,2.522429525852203369e-01,2.044882080078125000e+03
8.235068321228027344e-01,3.296017944812774658e-01,1.506812304687500000e+04
8.478296995162963867e-01,3.494351208209991455e-01,6.926714843750000000e+03
1.177542686462402344e+00,2.902533710002899170e-01,4.815418457031250000e+03
6.962209343910217285e-01,2.897677421569824219e-01,5.324454589843750000e+03
5.301971435546875000e-01,2.376718223094940186e-01,2.997095458984375000e+03
7.043468356132507324e-01,2.796494960784912109e-01,1.131479882812500000e+04
6.880506277084350586e-01,1.882725507020950317e-01,2.389799804687500000e+03
9.252047538757324219e-01,4.116011261940002441e-01,1.762005078125000000e+04
7.541829943656921387e-01,3.864604532718658447e-01,3.993742919921875000e+03
4.760686159133911133e-01,2.112067937850952148e-01,1.939775268554687500e+03
3.601554930210113525e-01,1.522146761417388916e-01,2.855010742187500000e+03
6.297760605812072754e-01,2.909868657588958740e-01,4.037954833984375000e+03
7.712445259094238281e-01,2.987112700939178467e-01,2.600600195312500000e+04
6.099079251289367676e-01,2.501348853111267090e-01,1.399948242187500000e+04
5.766864418983459473e-01,2.164795845746994019e-01,1.133186035156250000e+04
7.679678201675415039e-01,3.015641868114471436e-01,2.531764062500000000e+04
6.037122011184692383e-01,2.416553199291229248e-01,4.880811035156250000e+03
5.770650506019592285e-01,2.506459951400756836e-01,3.528834960937500000e+03
8.567158579826354980e-01,4.072403311729431152e-01,5.746046386718750000e+03
5.612611174583435059e-01,2.120162099599838257e-01,3.765380615234375000e+03
8.883600234985351562e-01,3.703539669513702393e-01,7.087821777343750000e+03
8.121480941772460938e-01,3.182273507118225098e-01,9.995589843750000000e+03
1.116989850997924805e+00,2.674713730812072754e-01,4.956406250000000000e+03
8.192320466041564941e-01,3.280544281005859375e-01,2.295533984375000000e+04
5.219922065734863281e-01,2.420047074556350708e-01,1.729242553710937500e+03
9.940122961997985840e-01,3.727015852928161621e-01,3.649812890625000000e+04
5.699008703231811523e-01,2.235852330923080444e-01,4.471841308593750000e+03
6.721211671829223633e-01,2.504945993423461914e-01,3.358155761718750000e+03
5.532314181327819824e-01,2.421725690364837646e-01,6.536764160156250000e+03
4.079747796058654785e-01,1.539508104324340820e-01,2.116602294921875000e+03
5.966446399688720703e-01,2.516078054904937744e-01,7.559242187500000000e+03
8.980880975723266602e-01,3.689931929111480713e-01,2.261827343750000000e+04
5.094298720359802246e-01,2.216298729181289673e-01,7.324106933593750000e+03
6.271321773529052734e-01,2.920043766498565674e-01,7.945223632812500000e+03
3.942756056785583496e-01,1.639682501554489136e-01,1.241580688476562500e+03
7.802300453186035156e-01,3.177286386489868164e-01,2.959775390625000000e+04
7.073577642440795898e-01,3.184656202793121338e-01,3.023103515625000000e+03
6.937160491943359375e-01,3.071091473102569580e-01,4.147496093750000000e+03
4.630106985569000244e-01,1.938849389553070068e-01,3.473371582031250000e+03
3.960119783878326416e-01,1.486054509878158569e-01,2.309558593750000000e+03
5.261908173561096191e-01,2.325149178504943848e-01,2.148931396484375000e+03
9.004256129264831543e-01,3.537398576736450195e-01,1.910251171875000000e+04
4.930370748043060303e-01,1.879321038722991943e-01,3.316730224609375000e+03
1.139708399772644043e+00,3.990192711353302002e-01,6.554924218750000000e+04
4.155780673027038574e-01,1.794087737798690796e-01,5.079859375000000000e+03
6.057740449905395508e-01,2.662358880043029785e-01,3.791038818359375000e+03
1.152787804603576660e+00,6.978455930948257446e-02,5.921662597656250000e+03
6.484236717224121094e-01,2.890575528144836426e-01,2.005450195312500000e+04
5.816528797149658203e-01,2.287792414426803589e-01,3.020754150390625000e+03
7.539738416671752930e-01,3.155962526798248291e-01,7.338154785156250000e+03
7.472530603408813477e-01,3.130006194114685059e-01,6.017625976562500000e+03
7.130279541015625000e-01,2.383793890476226807e-01,6.990401855468750000e+03
3.721016943454742432e-01,1.593213677406311035e-01,1.441618408203125000e+03
5.987358689308166504e-01,2.178434580564498901e-01,2.677837646484375000e+03
6.247516870498657227e-01,2.594910860061645508e-01,4.892929687500000000e+03
9.091312289237976074e-01,3.612889349460601807e-01,1.548067578125000000e+04
6.909800767898559570e-01,2.161434143781661987e-01,1.277155957031250000e+04
9.091476798057556152e-01,3.742527663707733154e-01,5.369145703125000000e+04
9.134168624877929688e-01,3.879339098930358887e-01,1.477470703125000000e+04
5.660546422004699707e-01,2.468589544296264648e-01,1.965179443359375000e+03
8.359916806221008301e-01,3.380311131477355957e-01,8.644377929687500000e+03
7.031356692314147949e-01,2.805120348930358887e-01,4.388580078125000000e+03
4.538389444351196289e-01,1.998800188302993774e-01,1.844840942382812500e+03
4.333494305610656738e-01,1.694297641515731812e-01,3.764929931640625000e+03
4.429056346416473389e-01,1.852533072233200073e-01,3.738954101562500000e+03
5.632686018943786621e-01,2.481503188610076904e-01,3.498064697265625000e+03
6.415733098983764648e-01,2.435763180255889893e-01,2.637028906250000000e+04
5.269423127174377441e-01,2.143703252077102661e-01,2.975495361328125000e+03
8.847055435180664062e-01,3.732273280620574951e-01,6.460030273437500000e+03
5.672079920768737793e-01,2.207719981670379639e-01,2.436081542968750000e+03
5.168548822402954102e-01,2.191250324249267578e-01,2.067161376953125000e+03
4.963020980358123779e-01,2.074330449104309082e-01,3.002286132812500000e+03
4.070719480514526367e-01,1.783116906881332397e-01,3.477324218750000000e+03
5.287464261054992676e-01,2.288863509893417358e-01,2.739128906250000000e+03
9.358663558959960938e-01,3.212185502052307129e-01,1.975449096679687500e+03
1.111242890357971191e+00,3.935180604457855225e-01,7.431146093750000000e+04
7.129766941070556641e-01,2.688536942005157471e-01,4.782294433593750000e+03
7.488282322883605957e-01,3.268322646617889404e-01,2.240482421875000000e+03
5.120584368705749512e-01,2.211092412471771240e-01,1.052868286132812500e+03
5.113893151283264160e-01,2.185777127742767334e-01,2.374267578125000000e+03
3.282772898674011230e-01,1.262870132923126221e-01,1.298554443359375000e+03
8.244760632514953613e-01,3.767858743667602539e-01,7.158197265625000000e+03
5.506138205528259277e-01,2.235709130764007568e-01,5.599085937500000000e+03
5.721703171730041504e-01,2.412266284227371216e-01,2.304057617187500000e+03
6.702554821968078613e-01,3.036965131759643555e-01,2.909808837890625000e+03
5.795997381210327148e-01,2.509503364562988281e-01,2.596015625000000000e+03
8.613144159317016602e-01,3.501726984977722168e-01,5.188845214843750000e+03
5.499662756919860840e-01,2.333239167928695679e-01,4.414156250000000000e+03
1.241348147392272949e+00,8.002465218305587769e-02,6.720404296875000000e+03
5.897887349128723145e-01,2.291738986968994141e-01,2.279634375000000000e+04
6.547484993934631348e-01,2.661876082420349121e-01,3.398615234375000000e+03
4.968529641628265381e-01,2.058085650205612183e-01,3.023675292968750000e+03
9.898635149002075195e-01,3.822443783283233643e-01,1.518040527343750000e+04
6.800217032432556152e-01,2.729882299900054932e-01,4.561455078125000000e+03
5.427644848823547363e-01,2.049741894006729126e-01,7.464266113281250000e+03
9.282978773117065430e-01,3.475730419158935547e-01,5.048062500000000000e+03
6.278867125511169434e-01,2.291008234024047852e-01,1.989431640625000000e+03
7.214310765266418457e-01,2.884323596954345703e-01,4.435409179687500000e+03
7.333425879478454590e-01,2.929341495037078857e-01,1.482736523437500000e+04
9.662795066833496094e-01,3.733787238597869873e-01,9.207523437500000000e+04
5.555548071861267090e-01,2.274171710014343262e-01,1.562926635742187500e+03
5.747734308242797852e-01,2.373110949993133545e-01,4.321088378906250000e+03
7.882152199745178223e-01,3.458156585693359375e-01,8.896452148437500000e+03
7.354435324668884277e-01,3.604201078414916992e-01,4.204054687500000000e+03
5.500208735466003418e-01,2.448613643646240234e-01,2.261107177734375000e+03
6.166880130767822266e-01,2.596716284751892090e-01,1.229828710937500000e+04
8.537949919700622559e-01,3.312160074710845947e-01,4.401051757812500000e+03
3.496681451797485352e-01,1.352802366018295288e-01,1.382937988281250000e+03
2.764200270175933838e-01,1.051171347498893738e-01,7.959792480468750000e+02
7.839870452880859375e-01,3.482852280139923096e-01,4.591968261718750000e+03
6.323719024658203125e-01,2.581189572811126709e-01,2.519918945312500000e+03
5.141597986221313477e-01,2.016701102256774902e-01,1.563129003906250000e+04
8.036889433860778809e-01,3.778920471668243408e-01,2.644783447265625000e+03
5.176983475685119629e-01,2.561470270156860352e-01,1.231474731445312500e+03
8.638398051261901855e-01,3.612362146377563477e-01,1.025974023437500000e+04
7.232427597045898438e-01,2.779586315155029297e-01,8.620670312500000000e+04
9.694522619247436523e-01,3.685619533061981201e-01,5.632871875000000000e+04
8.701682686805725098e-01,3.567652404308319092e-01,3.806868408203125000e+03
7.170861363410949707e-01,3.031517565250396729e-01,4.776508300781250000e+03
8.411696553230285645e-01,3.381536006927490234e-01,1.639093554687500000e+04
8.855588436126708984e-01,3.792347013950347900e-01,1.377337402343750000e+04
6.786935925483703613e-01,2.938284873962402344e-01,2.115372460937500000e+04
7.371942400932312012e-01,2.890155315399169922e-01,2.023249023437500000e+04
4.945123195648193359e-01,2.192316651344299316e-01,1.513587402343750000e+03
1.067347049713134766e+00,3.876770734786987305e-01,2.216683203125000000e+04
5.747711062431335449e-01,2.576928436756134033e-01,2.025891235351562500e+03
9.513972401618957520e-01,3.689354360103607178e-01,8.551813476562500000e+03
8.211879730224609375e-01,3.861508965492248535e-01,1.372316308593750000e+04
7.335456609725952148e-01,2.895416617393493652e-01,1.325892285156250000e+04
8.585780858993530273e-01,3.432368040084838867e-01,3.083974609375000000e+03
1.168966412544250488e+00,7.605858147144317627e-02,6.039707519531250000e+03
8.375142216682434082e-01,3.917945921421051025e-01,3.098988769531250000e+03
4.223911464214324951e-01,1.690641045570373535e-01,3.055480957031250000e+03
4.479605555534362793e-01,2.801836729049682617e-01,6.426391601562500000e+02
6.309151649475097656e-01,2.616796195507049561e-01,3.235672363281250000e+03
4.615991413593292236e-01,1.778476238250732422e-01,7.718629882812500000e+03
6.887223124504089355e-01,2.682805955410003662e-01,3.949221435546875000e+03
6.122128367424011230e-01,2.458258271217346191e-01,6.224834472656250000e+03
8.617605566978454590e-01,3.735576570034027100e-01,3.460576904296875000e+03
1.201876401901245117e+00,7.452254742383956909e-02,6.531673339843750000e+03
5.116405487060546875e-01,2.105728089809417725e-01,2.952455322265625000e+03
5.273739695549011230e-01,2.454686611890792847e-01,2.219763671875000000e+03
3.923109173774719238e-01,1.625822186470031738e-01,2.466898681640625000e+03
9.280287027359008789e-01,3.226850628852844238e-01,1.625442675781250000e+04
5.754275918006896973e-01,2.559869587421417236e-01,1.400591674804687500e+03
9.888983368873596191e-01,3.197247385978698730e-01,4.906170410156250000e+03
7.767984867095947266e-01,3.993438482284545898e-01,2.510682861328125000e+03
6.749039292335510254e-01,2.785312831401824951e-01,1.180264746093750000e+04
7.163895964622497559e-01,2.838894426822662354e-01,1.122234277343750000e+04
5.635006427764892578e-01,2.239471077919006348e-01,2.413746679687500000e+04
5.806228518486022949e-01,2.079695165157318115e-01,3.316992675781250000e+03
3.373879194259643555e-01,1.387917846441268921e-01,1.678745849609375000e+03
5.291795730590820312e-01,2.726534605026245117e-01,1.923531372070312500e+03
6.535332798957824707e-01,2.626415789127349854e-01,5.487644531250000000e+03
4.578010737895965576e-01,2.000424861907958984e-01,2.350024902343750000e+03
6.905156373977661133e-01,2.015219628810882568e-01,2.186759277343750000e+03
6.063422560691833496e-01,2.444871515035629272e-01,1.508696777343750000e+04
7.520576715469360352e-01,2.992515265941619873e-01,1.138204375000000000e+05
5.043697953224182129e-01,2.439598590135574341e-01,1.597602783203125000e+03
6.212484836578369141e-01,2.093884497880935669e-01,1.457525634765625000e+03
6.472015976905822754e-01,1.955211907625198364e-01,3.925087646484375000e+03
3.019239008426666260e-01,1.122796162962913513e-01,1.470160644531250000e+03
1.035182356834411621e+00,3.849985003471374512e-01,6.561565429687500000e+03
4.744978547096252441e-01,1.798258870840072632e-01,1.837487182617187500e+03
7.396362423896789551e-01,2.973490655422210693e-01,9.462870117187500000e+03
8.680744171142578125e-01,4.216453731060028076e-01,8.154550292968750000e+03
6.334528326988220215e-01,2.684735655784606934e-01,4.240307128906250000e+03
6.792620420455932617e-01,3.007544577121734619e-01,2.452896240234375000e+03
7.086207270622253418e-01,2.408988624811172485e-01,4.365177734375000000e+03
9.617440700531005859e-01,3.855665922164916992e-01,2.171361328125000000e+04
1.065996050834655762e+00,3.862209022045135498e-01,4.799950781250000000e+04
5.435764789581298828e-01,2.546244561672210693e-01,2.977541015625000000e+03
3.851618468761444092e-01,1.386633813381195068e-01,1.552292968750000000e+03
6.434227824211120605e-01,2.500328719615936279e-01,3.390653076171875000e+03
6.606889367103576660e-01,2.914723455905914307e-01,6.801615722656250000e+03
4.120909273624420166e-01,1.780227124691009521e-01,1.592073242187500000e+03
4.235507249832153320e-01,1.923448890447616577e-01,4.235152832031250000e+03
5.376001000404357910e-01,2.133198380470275879e-01,1.864539843750000000e+04
6.109634637832641602e-01,2.228899002075195312e-01,1.124662231445312500e+03
8.844282031059265137e-01,3.799037039279937744e-01,8.474811523437500000e+03
6.922001838684082031e-01,2.701687514781951904e-01,4.075173095703125000e+03
4.990631639957427979e-01,2.321515232324600220e-01,1.545384887695312500e+03
6.506649255752563477e-01,3.101533651351928711e-01,3.209494873046875000e+03
1.168794989585876465e+00,7.478102296590805054e-02,6.169044433593750000e+03
7.197089791297912598e-01,3.286686837673187256e-01,3.270615478515625000e+03
7.843451499938964844e-01,3.071437776088714600e-01,4.552219238281250000e+03
6.620658636093139648e-01,2.820888161659240723e-01,7.477705566406250000e+03
1.099751830101013184e+00,3.976649045944213867e-01,1.235112187500000000e+05
4.744920730590820312e-01,1.856208294630050659e-01,1.486966406250000000e+04
8.680051565170288086e-01,3.279405534267425537e-01,4.104900390625000000e+04
6.504364013671875000e-01,2.678807377815246582e-01,3.490114501953125000e+03
5.116447210311889648e-01,2.159252911806106567e-01,2.466060791015625000e+03
5.318634510040283203e-01,2.595026493072509766e-01,2.625182128906250000e+03
9.071933627128601074e-01,3.570877313613891602e-01,1.684224414062500000e+04
9.981902837753295898e-01,3.618920445442199707e-01,6.574121582031250000e+03
7.632601261138916016e-01,3.294416666030883789e-01,3.561874755859375000e+03
7.416599392890930176e-01,3.319833874702453613e-01,3.889535644531250000e+03
4.585267305374145508e-01,1.917162686586380005e-01,3.300730224609375000e+03
6.773369908332824707e-01,2.556072175502777100e-01,4.729342773437500000e+03
9.046149849891662598e-01,3.511485755443572998e-01,6.241562500000000000e+03
6.981750726699829102e-01,2.753937542438507080e-01,5.806509277343750000e+03
7.885849475860595703e-01,3.259444236755371094e-01,6.538717187500000000e+04
1.078849196434020996e+00,3.884826302528381348e-01,3.525650390625000000e+04
8.810787796974182129e-01,2.886149287223815918e-01,4.154571777343750000e+03
8.426293134689331055e-01,2.942868471145629883e-01,2.301929443359375000e+03
1.063517332077026367e+00,3.952248394489288330e-01,8.991324218750000000e+04
6.615725755691528320e-01,2.298761159181594849e-01,5.173868164062500000e+03
7.438095808029174805e-01,2.969523370265960693e-01,1.098456347656250000e+04
5.680871605873107910e-01,2.340940237045288086e-01,4.244658691406250000e+03
6.722226738929748535e-01,2.803075909614562988e-01,5.745489257812500000e+03
7.678564786911010742e-01,3.595192134380340576e-01,8.251851562500000000e+03
6.127784252166748047e-01,3.222075700759887695e-01,2.503024658203125000e+03
5.564832091331481934e-01,2.309659719467163086e-01,3.527016357421875000e+03
9.092848896980285645e-01,3.689437806606292725e-01,5.561214355468750000e+03
6.534053087234497070e-01,2.836474180221557617e-01,2.010377441406250000e+03
1.042003870010375977e+00,3.772970139980316162e-01,1.541618164062500000e+04
3.752528429031372070e-01,1.585963964462280273e-01,1.628333984375000000e+03
4.554792940616607666e-01,2.516617774963378906e-01,9.402251586914062500e+02
6.280810236930847168e-01,2.727649807929992676e-01,7.125851562500000000e+03
9.200813770294189453e-01,3.558124303817749023e-01,3.262916748046875000e+03
4.817178249359130859e-01,2.003836482763290405e-01,2.177699218750000000e+03
5.448093414306640625e-01,2.854532599449157715e-01,8.882355346679687500e+02
7.148473262786865234e-01,2.980213165283203125e-01,5.467705078125000000e+03
5.958644747734069824e-01,2.566500604152679443e-01,1.885284960937500000e+04
1.223693966865539551e+00,2.105721831321716309e-01,7.244026855468750000e+03
9.379441738128662109e-01,4.218589067459106445e-01,5.033285644531250000e+03
9.864183068275451660e-01,3.890682458877563477e-01,8.571331250000000000e+04
4.608148634433746338e-01,2.515843808650970459e-01,2.188918701171875000e+03
7.097041010856628418e-01,2.876932919025421143e-01,3.696524169921875000e+03
4.869001209735870361e-01,2.066096216440200806e-01,2.396331542968750000e+03
6.932521462440490723e-01,2.869836688041687012e-01,1.049802832031250000e+04
4.717305898666381836e-01,2.040299326181411743e-01,2.940848876953125000e+03
4.855461120605468750e-01,2.041588872671127319e-01,1.633296752929687500e+03
7.253543138504028320e-01,2.687596976757049561e-01,2.524696044921875000e+03
6.240500807762145996e-01,2.700546085834503174e-01,1.902518188476562500e+03
4.470394849777221680e-01,1.805783212184906006e-01,2.475491943359375000e+03
4.522705972194671631e-01,1.776715517044067383e-01,4.485669433593750000e+03
3.969102799892425537e-01,1.717450767755508423e-01,1.080041381835937500e+03
8.476099967956542969e-01,2.988469600677490234e-01,2.601452148437500000e+03
8.366501927375793457e-01,3.388717174530029297e-01,3.265689941406250000e+03
6.407583355903625488e-01,2.937839031219482422e-01,1.847302368164062500e+03
4.862953126430511475e-01,2.301896214485168457e-01,1.703540893554687500e+03
7.588624358177185059e-01,2.731555998325347900e-01,2.828486572265625000e+03
1.083642840385437012e+00,3.930945098400115967e-01,4.457533203125000000e+04
4.975234270095825195e-01,1.805275082588195801e-01,2.418834228515625000e+03
5.771049857139587402e-01,2.693714499473571777e-01,2.763313232421875000e+03
5.797719955444335938e-01,2.111438959836959839e-01,1.895258789062500000e+03
5.807550549507141113e-01,2.434521764516830444e-01,4.214279296875000000e+03
4.496701061725616455e-01,1.688692867755889893e-01,5.474260253906250000e+03
8.871599435806274414e-01,4.047806262969970703e-01,1.099381152343750000e+04
4.636563658714294434e-01,1.853243708610534668e-01,3.048993896484375000e+03
5.869899392127990723e-01,2.466714233160018921e-01,3.310272705078125000e+03
9.340947270393371582e-01,3.663830161094665527e-01,6.910802343750000000e+04
5.520535111427307129e-01,2.382189184427261353e-01,3.215933593750000000e+03
8.666791319847106934e-01,3.813647627830505371e-01,7.652967285156250000e+03
8.254879117012023926e-01,3.241871297359466553e-01,8.071040527343750000e+03
7.548645138740539551e-01,3.394049108028411865e-01,1.042636816406250000e+04
