-1.151089668273925781e-01,-4.696730375289916992e-01,-1.830268651247024536e-01,-7.847771048545837402e-01,1.161233186721801758e+00,5.955325067043304443e-02,3.992000000000000000e+03,4.293952636718750000e+03
3.562291860580444336e-01,4.223684668540954590e-01,5.504446625709533691e-01,3.566991090774536133e-01,9.320657253265380859e-01,6.340006738901138306e-02,3.028000000000000000e+03,3.172931640625000000e+03
6.961627006530761719e-01,-1.500000059604644775e-01,6.031805276870727539e-01,-5.077760294079780579e-02,9.170840382575988770e-01,8.067452907562255859e-02,2.864000000000000000e+03,2.926536376953125000e+03
7.247940897941589355e-01,-1.826782822608947754e-01,6.242252588272094727e-01,-1.614250093698501587e-01,6.572176218032836914e-01,1.367869526147842407e-01,1.695000000000000000e+03,1.736108398437500000e+03
4.862083792686462402e-01,-5.500000119209289551e-01,5.943737030029296875e-01,-6.325469613075256348e-01,8.198478221893310547e-01,9.079815447330474854e-02,2.635000000000000000e+03,2.707050781250000000e+03
-4.000000059604644775e-01,-3.659073412418365479e-01,-4.681478440761566162e-01,-3.309111893177032471e-01,6.941947340965270996e-01,7.505666464567184448e-02,2.579000000000000000e+03,2.610294921875000000e+03
5.481259822845458984e-01,-2.000000029802322388e-01,6.680524945259094238e-01,-2.243461608886718750e-01,6.408700346946716309e-01,5.991292372345924377e-02,2.499000000000000000e+03,2.589537109375000000e+03
-7.500000000000000000e-01,-3.499999940395355225e-01,-9.218059182167053223e-01,-4.029389321804046631e-01,6.601819992065429688e-01,6.765554100275039673e-02,2.109000000000000000e+03,2.262948730468750000e+03
4.545493423938751221e-01,1.306265294551849365e-01,4.559543132781982422e-01,2.149147242307662964e-01,1.090047597885131836e+00,7.556934654712677002e-02,4.022000000000000000e+03,4.046097167968750000e+03
1.852602362632751465e-01,-8.999999761581420898e-01,2.420073747634887695e-01,-8.540733456611633301e-01,6.482697725296020508e-01,6.164774671196937561e-02,2.768000000000000000e+03,2.802859863281250000e+03
1.764043420553207397e-01,9.482004493474960327e-02,3.082197308540344238e-01,-1.147602871060371399e-01,7.123727202415466309e-01,5.452546477317810059e-02,2.819000000000000000e+03,3.150381103515625000e+03
-7.500000000000000000e-01,-3.178191184997558594e-01,-6.790183186531066895e-01,-3.636097013950347900e-01,6.639330983161926270e-01,6.166110560297966003e-02,2.343000000000000000e+03,2.380645263671875000e+03
6.961627006530761719e-01,-2.627544999122619629e-01,7.528317570686340332e-01,-3.341880142688751221e-01,5.792496204376220703e-01,1.319737732410430908e-01,1.296000000000000000e+03,1.327863281250000000e+03
4.862083792686462402e-01,-3.166139423847198486e-01,5.852367877960205078e-01,-2.273950576782226562e-01,5.067499876022338867e-01,1.126429587602615356e-01,9.350000000000000000e+02,9.987777709960937500e+02
4.862083792686462402e-01,-4.499999880790710449e-01,8.792240023612976074e-01,-6.105685830116271973e-01,9.465987086296081543e-01,7.503537088632583618e-02,3.265000000000000000e+03,3.894522216796875000e+03
6.961627006530761719e-01,2.145627290010452271e-01,7.150200605392456055e-01,8.495116233825683594e-02,6.194332242012023926e-01,7.898781448602676392e-02,2.569000000000000000e+03,2.682642578125000000e+03
3.896152675151824951e-01,-1.500000059604644775e-01,1.718022674322128296e-01,2.123734652996063232e-01,1.203673958778381348e+00,8.076577633619308472e-02,3.138000000000000000e+03,3.514217773437500000e+03
-4.499999880790710449e-01,-3.499999940395355225e-01,-3.762467205524444580e-01,-1.579114049673080444e-01,5.417225360870361328e-01,1.022830232977867126e-01,1.459000000000000000e+03,1.663264160156250000e+03
5.481259822845458984e-01,-3.844330608844757080e-01,4.076637625694274902e-01,-3.778670132160186768e-01,4.278965890407562256e-01,1.558784693479537964e-01,2.191000000000000000e+03,2.422240234375000000e+03
6.083970069885253906e-01,2.341922074556350708e-01,7.659366726875305176e-01,3.341888785362243652e-01,8.380840420722961426e-01,6.611271947622299194e-02,3.146000000000000000e+03,3.299717529296875000e+03
4.545493423938751221e-01,4.862083792686462402e-01,4.331858754158020020e-01,4.259478747844696045e-01,6.555790901184082031e-01,7.787454873323440552e-02,2.343000000000000000e+03,2.365181396484375000e+03
-6.999999880790710449e-01,2.913883328437805176e-01,-5.509486794471740723e-01,3.038975000381469727e-01,4.786799252033233643e-01,7.969997078180313110e-02,1.464000000000000000e+03,1.603493530273437500e+03
-1.618416309356689453e-01,2.872454822063446045e-01,-2.173027992248535156e-01,1.244547739624977112e-01,8.554447293281555176e-01,7.983041554689407349e-02,2.599000000000000000e+03,2.703251464843750000e+03
-3.000000119209289551e-01,4.862083792686462402e-01,-4.012234508991241455e-01,1.766121536493301392e-01,1.096680641174316406e+00,6.019110977649688721e-02,3.467000000000000000e+03,3.766955078125000000e+03
1.707469075918197632e-01,-6.000000238418579102e-01,5.895826816558837891e-01,-3.290630578994750977e-01,1.076084017753601074e+00,5.993083119392395020e-02,3.407000000000000000e+03,4.106904296875000000e+03
2.145627290010452271e-01,6.961627006530761719e-01,8.265465497970581055e-03,7.885344028472900391e-01,8.143904209136962891e-01,1.047886535525321960e-01,2.797000000000000000e+03,3.008563720703125000e+03
2.425294220447540283e-01,6.379825472831726074e-01,2.898606359958648682e-01,5.235932469367980957e-01,9.117149710655212402e-01,4.906115680932998657e-02,3.066000000000000000e+03,3.122415283203125000e+03
5.173884034156799316e-01,-2.666139304637908936e-01,4.278095066547393799e-01,-3.591336607933044434e-01,6.694105863571166992e-01,7.306113839149475098e-02,2.481000000000000000e+03,2.571926513671875000e+03
5.481259822845458984e-01,3.221365213394165039e-01,6.060296893119812012e-01,4.437741339206695557e-01,9.786455631256103516e-01,6.532490253448486328e-02,3.501000000000000000e+03,3.566923828125000000e+03
6.083970069885253906e-01,-2.641935050487518311e-01,5.480928421020507812e-01,-2.950801253318786621e-01,4.790272414684295654e-01,8.755314350128173828e-02,1.067000000000000000e+03,1.088184082031250000e+03
2.684254944324493408e-01,6.961627006530761719e-01,1.823256760835647583e-01,5.390061140060424805e-01,7.541272044181823730e-01,7.638011127710342407e-02,2.483000000000000000e+03,2.621216552734375000e+03
-6.999999880790710449e-01,4.223684668540954590e-01,-7.747600078582763672e-01,2.449866235256195068e-01,4.839770197868347168e-01,7.900917530059814453e-02,1.479000000000000000e+03,1.705007080078125000e+03
3.221365213394165039e-01,6.083970069885253906e-01,2.648951709270477295e-01,5.915690064430236816e-01,5.036573410034179688e-01,6.710007786750793457e-02,1.891000000000000000e+03,1.917524902343750000e+03
-6.499999761581420898e-01,-4.000000059604644775e-01,-4.675316512584686279e-01,-4.951499104499816895e-01,8.093765377998352051e-01,7.112939655780792236e-02,3.088000000000000000e+03,3.284530273437500000e+03
-1.627545058727264404e-01,-9.499999880790710449e-01,-9.982162714004516602e-02,-1.010326862335205078e+00,6.386092305183410645e-01,5.921907722949981689e-02,1.813000000000000000e+03,1.846618286132812500e+03
3.562291860580444336e-01,4.545493423938751221e-01,1.186979711055755615e-01,3.861671090126037598e-01,1.135721683502197266e+00,6.241592392325401306e-02,4.418000000000000000e+03,4.625111816406250000e+03
-3.172467947006225586e-01,6.672313809394836426e-01,-2.667057514190673828e-01,8.959053158760070801e-01,6.676920652389526367e-01,9.775990992784500122e-02,2.094000000000000000e+03,2.345051513671875000e+03
0.000000000000000000e+00,6.961627006530761719e-01,4.699715971946716309e-02,8.502128720283508301e-01,7.654767036437988281e-01,7.897578179836273193e-02,2.435000000000000000e+03,2.541569580078125000e+03
-2.131237089633941650e-01,-8.000000119209289551e-01,-9.436371922492980957e-02,-8.770070672035217285e-01,8.248099088668823242e-01,5.914978682994842529e-02,2.271000000000000000e+03,2.337206054687500000e+03
5.481259822845458984e-01,1.764043420553207397e-01,3.886349499225616455e-01,2.726665139198303223e-01,1.115352988243103027e+00,6.153504177927970886e-02,3.924000000000000000e+03,4.032695800781250000e+03
-4.000000059604644775e-01,-2.500000000000000000e-01,-2.702903449535369873e-01,-1.322825625538825989e-02,7.642950415611267090e-01,7.173664122819900513e-02,2.896000000000000000e+03,3.247318603515625000e+03
6.961627006530761719e-01,-3.172467947006225586e-01,7.526519298553466797e-01,-4.893523454666137695e-01,7.289831638336181641e-01,7.831152528524398804e-02,1.968000000000000000e+03,2.087484375000000000e+03
-3.000000119209289551e-01,5.481259822845458984e-01,-3.787902891635894775e-01,5.928182601928710938e-01,7.441719174385070801e-01,7.313599437475204468e-02,2.761000000000000000e+03,2.801792480468750000e+03
-4.499999880790710449e-01,-1.000000014901161194e-01,-3.083745241165161133e-01,-7.803402841091156006e-02,5.836664438247680664e-01,8.282466977834701538e-02,2.052000000000000000e+03,2.174231445312500000e+03
5.466371774673461914e-01,1.798353940248489380e-01,2.522716522216796875e-01,1.289200782775878906e-01,1.038725376129150391e+00,6.082474812865257263e-02,3.364000000000000000e+03,3.636903564453125000e+03
-3.000000119209289551e-01,5.784529447555541992e-01,-3.224629163742065430e-02,5.406045317649841309e-01,9.160823225975036621e-01,6.488416343927383423e-02,3.370000000000000000e+03,3.657861328125000000e+03
3.720497190952301025e-01,8.639526963233947754e-01,3.795078992843627930e-01,8.641571998596191406e-01,4.548598229885101318e-01,8.457444608211517334e-02,1.302000000000000000e+03,1.302354614257812500e+03
-7.500000000000000000e-01,-3.837264478206634521e-01,-8.872988820075988770e-01,-1.074973568320274353e-01,7.252443432807922363e-01,6.446059048175811768e-02,2.508000000000000000e+03,2.945180908203125000e+03
-4.499999880790710449e-01,-5.500000119209289551e-01,-4.335258007049560547e-01,-4.464888870716094971e-01,9.719737172126770020e-01,6.854082643985748291e-02,3.405000000000000000e+03,3.444406250000000000e+03
-1.678191274404525757e-01,-5.500000119209289551e-01,-4.193100929260253906e-01,-8.648705482482910156e-01,1.103911995887756348e+00,6.028806418180465698e-02,3.483000000000000000e+03,3.932733154296875000e+03
-3.659073412418365479e-01,2.872454822063446045e-01,-3.362565040588378906e-01,2.339462637901306152e-01,9.272370934486389160e-01,6.035231426358222961e-02,3.291000000000000000e+03,3.305226318359375000e+03
-3.499999940395355225e-01,2.132806330919265747e-01,-3.345334827899932861e-01,2.061910778284072876e-01,3.780969381332397461e-01,1.353542357683181763e-01,1.050000000000000000e+03,1.052133789062500000e+03
6.672313809394836426e-01,-2.196730524301528931e-01,7.006967067718505859e-01,-4.512723982334136963e-01,9.986733794212341309e-01,5.023938417434692383e-02,3.744000000000000000e+03,3.947347167968750000e+03
-6.499999761581420898e-01,3.896152675151824951e-01,-4.557940959930419922e-01,5.486466288566589355e-01,8.598105311393737793e-01,6.236340850591659546e-02,3.115000000000000000e+03,3.375446533203125000e+03
5.481259822845458984e-01,2.091575562953948975e-01,5.357228517532348633e-01,2.018664628267288208e-01,7.818104624748229980e-01,7.215257734060287476e-02,2.709000000000000000e+03,2.709927734375000000e+03
-6.000000238418579102e-01,2.872454822063446045e-01,-5.927774310111999512e-01,3.081011772155761719e-01,7.951369881629943848e-01,5.451242998242378235e-02,2.763000000000000000e+03,2.765092285156250000e+03
6.379825472831726074e-01,-5.378751158714294434e-01,4.367563426494598389e-01,-5.822427868843078613e-01,6.281045079231262207e-01,6.117300689220428467e-02,2.672000000000000000e+03,2.952867919921875000e+03
-3.358763456344604492e-01,6.083970069885253906e-01,-3.697057068347930908e-01,3.534640073776245117e-01,9.875982999801635742e-01,6.211863085627555847e-02,2.973000000000000000e+03,3.171195800781250000e+03
-6.834094226360321045e-02,-5.500000119209289551e-01,-1.802177578210830688e-01,-3.820711970329284668e-01,8.853328824043273926e-01,9.075778722763061523e-02,2.142000000000000000e+03,2.252124023437500000e+03
-3.659073412418365479e-01,5.481259822845458984e-01,6.258462369441986084e-02,5.263949632644653320e-01,1.024044275283813477e+00,5.569373071193695068e-02,3.672000000000000000e+03,4.293184082031250000e+03
-2.000000029802322388e-01,-5.000000000000000000e-01,-7.816300541162490845e-02,-5.654873251914978027e-01,5.910331010818481445e-01,8.052686601877212524e-02,1.824000000000000000e+03,1.922577758789062500e+03
2.145627290010452271e-01,2.514390051364898682e-01,2.676477730274200439e-01,5.007101893424987793e-01,9.171451330184936523e-01,7.224211841821670532e-02,2.992000000000000000e+03,3.219315673828125000e+03
5.481259822845458984e-01,2.514390051364898682e-01,6.653111577033996582e-01,2.815199792385101318e-01,9.708992838859558105e-01,6.252908706665039062e-02,3.466000000000000000e+03,3.519423095703125000e+03
-8.000000119209289551e-01,2.014390081167221069e-01,-9.756726026535034180e-01,3.434767425060272217e-01,7.349115610122680664e-01,7.549788802862167358e-02,2.132000000000000000e+03,2.329314453125000000e+03
-2.131237089633941650e-01,4.223684668540954590e-01,-1.682306379079818726e-01,3.660965561866760254e-01,4.027613997459411621e-01,9.260660409927368164e-02,1.308000000000000000e+03,1.349339233398437500e+03
5.481259822845458984e-01,3.164942860603332520e-01,3.722344636917114258e-01,7.416941225528717041e-02,7.167664170265197754e-01,8.624844998121261597e-02,2.140000000000000000e+03,2.499313476562500000e+03
9.482004493474960327e-02,6.672313809394836426e-01,-2.796296775341033936e-01,7.259188890457153320e-01,9.409995675086975098e-01,5.733127519488334656e-02,3.867000000000000000e+03,4.471477050781250000e+03
-5.000000000000000000e-01,4.844933748245239258e-01,-6.029161214828491211e-01,2.608569860458374023e-01,5.290363430976867676e-01,8.069780468940734863e-02,1.864000000000000000e+03,2.249792480468750000e+03
-1.200559586286544800e-01,5.481259822845458984e-01,-5.428875796496868134e-03,4.161358177661895752e-01,1.080749869346618652e+00,6.522043049335479736e-02,3.126000000000000000e+03,3.207100830078125000e+03
-5.000000074505805969e-02,5.481259822845458984e-01,2.603726685047149658e-01,1.077454462647438049e-01,1.151016831398010254e+00,6.785908341407775879e-02,4.826000000000000000e+03,5.836086425781250000e+03
3.562291860580444336e-01,-3.499999940395355225e-01,3.323767781257629395e-01,-3.595983982086181641e-01,9.591698050498962402e-01,5.623782053589820862e-02,2.820000000000000000e+03,2.822058349609375000e+03
-6.999999880790710449e-01,-3.499999940395355225e-01,-7.961245775222778320e-01,-5.050158128142356873e-02,7.071284651756286621e-01,7.167976349592208862e-02,2.540000000000000000e+03,3.022482421875000000e+03
-6.692624092102050781e-01,1.764043420553207397e-01,-8.175605535507202148e-01,1.524581313133239746e-01,5.371835231781005859e-01,8.448661863803863525e-02,1.554000000000000000e+03,1.673110351562500000e+03
6.083970069885253906e-01,3.017221093177795410e-01,4.851609766483306885e-01,3.392298221588134766e-01,7.603632807731628418e-01,6.453232467174530029e-02,2.542000000000000000e+03,2.614246826171875000e+03
3.221365213394165039e-01,-3.000000119209289551e-01,2.868406176567077637e-01,-2.117649018764495850e-01,1.021091222763061523e+00,6.016008183360099792e-02,3.144000000000000000e+03,3.171311279296875000e+03
-3.151089549064636230e-01,-5.500000119209289551e-01,-5.223948955535888672e-01,-4.030594229698181152e-01,8.643248081207275391e-01,7.517370581626892090e-02,2.774000000000000000e+03,3.008936035156250000e+03
-7.196730375289916992e-01,2.145627290010452271e-01,-9.938214421272277832e-01,3.546363115310668945e-01,7.938359975814819336e-01,8.331687003374099731e-02,2.498000000000000000e+03,2.861338623046875000e+03
6.961627006530761719e-01,-6.967304646968841553e-02,6.101061701774597168e-01,-6.720336675643920898e-01,1.014856457710266113e+00,6.974894553422927856e-02,3.342000000000000000e+03,4.466332519531250000e+03
-7.196730375289916992e-01,-5.000000074505805969e-02,-5.167693495750427246e-01,-1.844453215599060059e-01,8.186078071594238281e-01,6.929301470518112183e-02,1.961000000000000000e+03,2.130660156250000000e+03
-6.881999224424362183e-02,-6.692624092102050781e-01,1.148646622896194458e-01,-1.057766795158386230e+00,9.762501120567321777e-01,5.432994291186332703e-02,3.621000000000000000e+03,4.293593750000000000e+03
4.223684668540954590e-01,-5.500000119209289551e-01,4.424099028110504150e-01,-6.217989921569824219e-01,5.452051162719726562e-01,6.740893423557281494e-02,1.625000000000000000e+03,1.655132202148437500e+03
4.641601350158452988e-03,-7.196730375289916992e-01,-1.931126415729522705e-02,-7.730749845504760742e-01,6.683004498481750488e-01,6.541386246681213379e-02,2.562000000000000000e+03,2.581652832031250000e+03
-5.000000074505805969e-02,-5.500000119209289551e-01,-9.733151644468307495e-02,-4.795737266540527344e-01,4.928625822067260742e-01,9.533626586198806763e-02,1.638000000000000000e+03,1.686054565429687500e+03
-8.999999761581420898e-01,-2.388334423303604126e-01,-9.326204061508178711e-01,-3.152150511741638184e-01,6.660780906677246094e-01,7.756085693836212158e-02,2.498000000000000000e+03,2.536826660156250000e+03
-5.000000074505805969e-02,3.562291860580444336e-01,-1.079776063561439514e-01,4.980902075767517090e-01,9.706127047538757324e-01,5.830450728535652161e-02,3.871000000000000000e+03,3.966820312500000000e+03
-7.500000000000000000e-01,5.784529447555541992e-01,-9.081819057464599609e-01,5.271573662757873535e-01,6.134865880012512207e-01,1.135829314589500427e-01,2.002000000000000000e+03,2.146835449218750000e+03
-4.672468006610870361e-01,-4.499999880790710449e-01,-1.576627790927886963e-01,-6.514145135879516602e-01,1.025457620620727539e+00,6.664548069238662720e-02,3.756000000000000000e+03,4.229806640625000000e+03
-2.151089608669281006e-01,-5.683409571647644043e-01,-4.753722995519638062e-02,-3.531936407089233398e-01,7.792488336563110352e-01,8.421967923641204834e-02,2.839000000000000000e+03,3.176702636718750000e+03
-1.641935110092163086e-01,-8.500000238418579102e-01,1.016588415950536728e-02,-8.795171380043029785e-01,7.983610630035400391e-01,5.204626545310020447e-02,2.485000000000000000e+03,2.605797607421875000e+03
-1.834094338119029999e-02,-5.183409452438354492e-01,1.093887537717819214e-02,-2.627113461494445801e-01,1.092425227165222168e+00,5.620409175753593445e-02,4.452000000000000000e+03,4.696197265625000000e+03
-1.826961636543273926e-01,-8.000000119209289551e-01,-2.619891762733459473e-01,-9.172757863998413086e-01,5.600507855415344238e-01,9.383887052536010742e-02,2.121000000000000000e+03,2.254729003906250000e+03
-8.500000238418579102e-01,-3.862869739532470703e-01,-7.128025889396667480e-01,-2.695280909538269043e-01,6.665039658546447754e-01,6.564309448003768921e-02,2.187000000000000000e+03,2.343804687500000000e+03
1.979487836360931396e-01,-6.000000238418579102e-01,2.099320590496063232e-01,-4.449111223220825195e-01,4.835679531097412109e-01,5.714384466409683228e-02,1.350000000000000000e+03,1.486254760742187500e+03
-4.499999880790710449e-01,-6.590732932090759277e-02,-4.336394667625427246e-01,-3.383168578147888184e-01,1.165525555610656738e+00,7.002743333578109741e-02,4.499000000000000000e+03,4.742147949218750000e+03
5.481259822845458984e-01,5.784529447555541992e-01,6.185539960861206055e-01,4.537095725536346436e-01,7.738931775093078613e-01,8.118689060211181641e-02,2.592000000000000000e+03,2.680053710937500000e+03
6.083970069885253906e-01,3.562291860580444336e-01,7.602619528770446777e-01,-2.301576733589172363e-02,9.372391104698181152e-01,6.620579957962036133e-02,3.748000000000000000e+03,4.431308105468750000e+03
2.872454822063446045e-01,-4.000000059604644775e-01,5.762467980384826660e-01,-2.981992959976196289e-01,8.611212968826293945e-01,8.104647696018218994e-02,1.993000000000000000e+03,2.238591796875000000e+03
-2.500000000000000000e-01,-4.672468006610870361e-01,-3.076531887054443359e-01,-5.061181187629699707e-01,6.968454718589782715e-01,6.405082345008850098e-02,2.108000000000000000e+03,2.129022460937500000e+03
-3.000000119209289551e-01,-6.000000238418579102e-01,-4.199047088623046875e-01,-6.638949513435363770e-01,8.449011445045471191e-01,6.409287452697753906e-02,3.278000000000000000e+03,3.362480712890625000e+03
6.672313809394836426e-01,1.810241676867008209e-02,6.740233898162841797e-01,9.454471617937088013e-02,8.713432550430297852e-01,6.321006268262863159e-02,2.649000000000000000e+03,2.669557617187500000e+03
-5.500000119209289551e-01,5.173884034156799316e-01,-4.444894492626190186e-01,3.189272284507751465e-01,8.389366269111633301e-01,6.401420384645462036e-02,2.847000000000000000e+03,3.048384765625000000e+03
-5.500000119209289551e-01,1.979487836360931396e-01,-5.012270808219909668e-01,3.943110108375549316e-01,1.000013232231140137e+00,9.472502022981643677e-02,2.876000000000000000e+03,2.992645751953125000e+03
3.562291860580444336e-01,4.223684668540954590e-01,2.354364097118377686e-01,2.409838289022445679e-01,1.134773492813110352e+00,6.406629830598831177e-02,3.939000000000000000e+03,4.083360839843750000e+03
-6.999999880790710449e-01,-2.500000000000000000e-01,-6.921159029006958008e-01,7.773948460817337036e-02,8.339026570320129395e-01,8.287817984819412231e-02,2.629000000000000000e+03,3.021706054687500000e+03
4.223684668540954590e-01,4.223684668540954590e-01,4.775745570659637451e-01,7.803700864315032959e-02,1.091252088546752930e+00,9.107299149036407471e-02,3.384000000000000000e+03,3.721380615234375000e+03
-5.000000000000000000e-01,5.173884034156799316e-01,-2.575811147689819336e-01,3.163482844829559326e-01,6.922113299369812012e-01,7.213272154331207275e-02,2.251000000000000000e+03,2.696493652343750000e+03
6.379825472831726074e-01,5.000000074505805969e-02,3.019155859947204590e-01,-5.765506997704505920e-02,8.536302447319030762e-01,6.670165061950683594e-02,2.986000000000000000e+03,3.478034912109375000e+03
-6.499999761581420898e-01,2.003692090511322021e-01,-6.602751612663269043e-01,1.357383430004119873e-01,4.217784404754638672e-01,7.288349419832229614e-02,1.559000000000000000e+03,1.596294677734375000e+03
-2.000000029802322388e-01,-7.500000000000000000e-01,-2.331944555044174194e-01,-9.192050099372863770e-01,5.184984207153320312e-01,1.086065024137496948e-01,1.586000000000000000e+03,1.756795776367187500e+03
-7.196730375289916992e-01,2.326190173625946045e-01,-6.786192655563354492e-01,1.634546369314193726e-01,8.779206275939941406e-01,5.506724491715431213e-02,2.874000000000000000e+03,2.898150634765625000e+03
-1.059878058731555939e-02,-8.000000119209289551e-01,1.550831496715545654e-01,-9.611759781837463379e-01,6.070083379745483398e-01,2.492781877517700195e-01,1.841000000000000000e+03,2.099733642578125000e+03
-3.659073412418365479e-01,-3.659073412418365479e-01,-3.866528868675231934e-01,-3.736085593700408936e-01,4.598655998706817627e-01,6.275615841150283813e-02,1.613000000000000000e+03,1.616731445312500000e+03
6.961627006530761719e-01,-3.485609889030456543e-01,7.373598217964172363e-01,-6.171201467514038086e-01,6.304545402526855469e-01,1.641476899385452271e-01,1.200000000000000000e+03,1.413925170898437500e+03
-4.000000059604644775e-01,-4.172467887401580811e-01,-2.796044945716857910e-01,-6.227043271064758301e-01,7.158946394920349121e-01,6.584824621677398682e-02,2.031000000000000000e+03,2.249717773437500000e+03
4.223684668540954590e-01,-5.000000000000000000e-01,6.543941497802734375e-01,-5.571387410163879395e-01,8.483232855796813965e-01,7.383723556995391846e-02,3.396000000000000000e+03,3.660909179687500000e+03
2.494537532329559326e-01,-6.000000238418579102e-01,3.450626730918884277e-01,-5.175452232360839844e-01,8.343758583068847656e-01,7.107473909854888916e-02,3.078000000000000000e+03,3.148133056640625000e+03
-3.696730434894561768e-01,6.961627006530761719e-01,-6.763476729393005371e-01,6.651236414909362793e-01,8.028764128684997559e-01,8.454128354787826538e-02,2.978000000000000000e+03,3.402975341796875000e+03
4.545493423938751221e-01,5.481259822845458984e-01,3.679096698760986328e-01,4.581726193428039551e-01,9.357727766036987305e-01,5.792730674147605896e-02,2.811000000000000000e+03,2.860743896484375000e+03
4.545493423938751221e-01,4.545493423938751221e-01,6.231495738029479980e-01,4.569818452000617981e-02,1.067723989486694336e+00,5.360355600714683533e-02,4.167000000000000000e+03,4.856225585937500000e+03
5.000000074505805969e-02,-5.000000000000000000e-01,-2.559417486190795898e-01,-2.913432121276855469e-01,1.024298429489135742e+00,7.792175561189651489e-02,3.548000000000000000e+03,3.999064941406250000e+03
-4.499999880790710449e-01,3.865561485290527344e-01,-3.417548537254333496e-01,2.348047047853469849e-01,9.686666131019592285e-01,6.628645956516265869e-02,3.265000000000000000e+03,3.384659179687500000e+03
3.197583854198455811e-01,-8.999999761581420898e-01,4.619434773921966553e-01,-9.207957983016967773e-01,5.337674617767333984e-01,1.794148236513137817e-01,2.162000000000000000e+03,2.316316406250000000e+03
5.784529447555541992e-01,-2.172468006610870361e-01,4.620135128498077393e-01,-1.683339625597000122e-01,8.206560015678405762e-01,6.727685779333114624e-02,2.584000000000000000e+03,2.644967285156250000e+03
2.668310701847076416e-01,-8.999999761581420898e-01,1.778853833675384521e-01,-9.162334203720092773e-01,5.996747016906738281e-01,8.306623250246047974e-02,1.903000000000000000e+03,1.946056030273437500e+03
-4.672468006610870361e-01,-6.499999761581420898e-01,-3.808832764625549316e-01,-5.408145785331726074e-01,5.721507072448730469e-01,2.263977378606796265e-01,1.001000000000000000e+03,1.059493164062500000e+03
-3.000000119209289551e-01,2.848250567913055420e-01,1.206188201904296875e-01,4.055421650409698486e-01,1.091183066368103027e+00,6.718644499778747559e-02,4.387000000000000000e+03,5.067600097656250000e+03
3.221365213394165039e-01,6.672313809394836426e-01,2.603623569011688232e-01,8.401668071746826172e-01,9.263065457344055176e-01,5.371615663170814514e-02,3.247000000000000000e+03,3.373665039062500000e+03
3.665424138307571411e-02,6.961627006530761719e-01,-1.059043183922767639e-01,6.659318804740905762e-01,7.925112247467041016e-01,1.274410188198089600e-01,2.616000000000000000e+03,2.703819091796875000e+03
-2.131237089633941650e-01,-3.499999940395355225e-01,-1.650800853967666626e-01,-8.351635187864303589e-03,8.729496598243713379e-01,8.835101872682571411e-02,3.070000000000000000e+03,3.533828125000000000e+03
-1.823861002922058105e-01,5.784529447555541992e-01,-3.183646500110626221e-01,5.362254977226257324e-01,9.094983339309692383e-01,6.561547517776489258e-02,3.472000000000000000e+03,3.556782714843750000e+03
4.862083792686462402e-01,-3.499999940395355225e-01,1.818491816520690918e-01,-2.256187945604324341e-01,1.057985305786132812e+00,6.516348570585250854e-02,4.802000000000000000e+03,5.255767578125000000e+03
2.830980718135833740e-01,6.961627006530761719e-01,1.414021104574203491e-01,6.248205900192260742e-01,9.834856986999511719e-01,6.190177798271179199e-02,3.285000000000000000e+03,3.369661132812500000e+03
5.784529447555541992e-01,2.872454822063446045e-01,4.157154262065887451e-01,1.977092176675796509e-01,8.234654664993286133e-01,7.993532717227935791e-02,2.643000000000000000e+03,2.776158935546875000e+03
5.784529447555541992e-01,-1.661394163966178894e-02,4.481990635395050049e-01,-1.800125390291213989e-01,1.044340252876281738e+00,6.386067718267440796e-02,4.127000000000000000e+03,4.290713867187500000e+03
4.862083792686462402e-01,1.366542428731918335e-01,7.196251749992370605e-01,1.073986068367958069e-01,1.203469753265380859e+00,6.155667081475257874e-02,3.453000000000000000e+03,3.583958007812500000e+03
-5.683409571647644043e-01,-6.724679470062255859e-02,-4.539469778537750244e-01,1.270930049940943718e-03,1.010212421417236328e+00,5.763794854283332825e-02,3.258000000000000000e+03,3.314301025390625000e+03
-6.999999880790710449e-01,5.173884034156799316e-01,-5.688716769218444824e-01,7.094619274139404297e-01,8.068240880966186523e-01,6.339494138956069946e-02,2.578000000000000000e+03,2.788046630859375000e+03
-4.000000059604644775e-01,-6.999999880790710449e-01,-3.357783257961273193e-01,-9.729834794998168945e-01,8.727737665176391602e-01,9.778676182031631470e-02,2.393000000000000000e+03,2.634524169921875000e+03
6.961627006530761719e-01,3.221365213394165039e-01,7.520420551300048828e-01,7.068000435829162598e-01,8.354685902595520020e-01,7.452750951051712036e-02,2.314000000000000000e+03,2.792929199218750000e+03
-4.000000059604644775e-01,-4.672468006610870361e-01,-5.430006384849548340e-01,-7.900635004043579102e-01,1.003953814506530762e+00,6.375756859779357910e-02,4.012000000000000000e+03,4.494896484375000000e+03
4.862083792686462402e-01,5.481259822845458984e-01,3.259493708610534668e-01,6.198815703392028809e-01,7.407408952713012695e-01,6.013962998986244202e-02,2.907000000000000000e+03,3.068027343750000000e+03
6.961627006530761719e-01,-6.184162572026252747e-02,4.467516541481018066e-01,-2.432551085948944092e-01,8.224834799766540527e-01,7.028140872716903687e-02,2.570000000000000000e+03,2.920273925781250000e+03
2.826190292835235596e-01,-6.999999880790710449e-01,2.106259167194366455e-01,-7.912682294845581055e-01,5.932684540748596191e-01,5.979625508189201355e-02,2.031000000000000000e+03,2.108464843750000000e+03
5.000000074505805969e-02,-5.000000000000000000e-01,3.473807871341705322e-01,-3.637698590755462646e-01,1.138253927230834961e+00,6.111975014209747314e-02,4.877000000000000000e+03,5.272645507812500000e+03
4.862083792686462402e-01,-1.000000014901161194e-01,3.466121852397918701e-01,2.080788090825080872e-02,7.731995582580566406e-01,6.505132466554641724e-02,2.313000000000000000e+03,2.443018798828125000e+03
3.221365213394165039e-01,6.083970069885253906e-01,3.697221577167510986e-01,3.517773449420928955e-01,9.174479842185974121e-01,6.482523679733276367e-02,3.842000000000000000e+03,4.146984375000000000e+03
-6.999999880790710449e-01,-1.618416309356689453e-01,-5.588650703430175781e-01,-1.019075438380241394e-01,8.954017758369445801e-01,6.020664796233177185e-02,3.045000000000000000e+03,3.133770263671875000e+03
5.780700445175170898e-01,-2.000000029802322388e-01,6.866530179977416992e-01,3.475980460643768311e-02,7.518280744552612305e-01,6.105707958340644836e-02,2.574000000000000000e+03,2.870656005859375000e+03
6.961627006530761719e-01,-2.500000000000000000e-01,5.875084400177001953e-01,-1.170233115553855896e-01,7.525648474693298340e-01,1.105676442384719849e-01,2.080000000000000000e+03,2.186936279296875000e+03
6.083970069885253906e-01,8.073761314153671265e-02,4.595457911491394043e-01,-9.853991866111755371e-02,1.100556373596191406e+00,5.428593978285789490e-02,4.009000000000000000e+03,4.186342773437500000e+03
-7.500000000000000000e-01,1.559578627347946167e-01,-7.275514006614685059e-01,2.155569940805435181e-01,5.800919532775878906e-01,7.137897610664367676e-02,1.839000000000000000e+03,1.861106811523437500e+03
4.545493423938751221e-01,-2.166139483451843262e-01,6.861875206232070923e-02,-4.581812322139739990e-01,1.182295680046081543e+00,7.186136394739151001e-02,3.759000000000000000e+03,4.299537597656250000e+03
-4.000000059604644775e-01,-2.000000029802322388e-01,-4.538945555686950684e-01,-4.314890503883361816e-02,1.042506456375122070e+00,7.008790224790573120e-02,3.866000000000000000e+03,3.962999267578125000e+03
-2.000000029802322388e-01,-6.000000238418579102e-01,-1.132282763719558716e-01,-8.298636078834533691e-01,6.918057799339294434e-01,9.037338197231292725e-02,3.132000000000000000e+03,3.516440673828125000e+03
3.896152675151824951e-01,-2.500000000000000000e-01,3.735043406486511230e-01,-2.123142778873443604e-01,5.964240431785583496e-01,8.217009156942367554e-02,2.181000000000000000e+03,2.191318603515625000e+03
-6.000000238418579102e-01,-1.000000014901161194e-01,-3.295609354972839355e-01,-9.926912933588027954e-02,9.483025074005126953e-01,6.613823771476745605e-02,3.622000000000000000e+03,3.910775146484375000e+03
3.896152675151824951e-01,-6.000000238418579102e-01,1.154629141092300415e-01,-4.327970445156097412e-01,7.747141122817993164e-01,6.972537934780120850e-02,2.683000000000000000e+03,3.126770751953125000e+03
-4.499999880790710449e-01,-2.141935080289840698e-01,-3.898414075374603271e-01,-7.063055634498596191e-01,1.161182880401611328e+00,5.354149267077445984e-02,4.169000000000000000e+03,4.901176757812500000e+03
2.872454822063446045e-01,-1.000000014901161194e-01,1.039507910609245300e-01,2.129293382167816162e-01,1.069746613502502441e+00,3.146505653858184814e-01,7.066000000000000000e+03,7.858019531250000000e+03
2.145627290010452271e-01,-4.166139364242553711e-01,-2.021633647382259369e-02,-2.270706444978713989e-01,1.178642272949218750e+00,6.515078246593475342e-02,4.224000000000000000e+03,4.496617187500000000e+03
-4.000000059604644775e-01,-6.000000238418579102e-01,-1.017800047993659973e-01,-3.945283591747283936e-01,8.502098917961120605e-01,7.099777460098266602e-02,3.094000000000000000e+03,3.633329345703125000e+03
-5.500000119209289551e-01,1.103938817977905273e-01,-5.868032574653625488e-01,2.993621528148651123e-01,9.823943376541137695e-01,1.117006391286849976e-01,2.665000000000000000e+03,2.766646240234375000e+03
-2.500000000000000000e-01,-6.499999761581420898e-01,-5.047585368156433105e-01,-3.730142414569854736e-01,1.040927529335021973e+00,8.836922794580459595e-02,2.351000000000000000e+03,2.649887695312500000e+03
2.514390051364898682e-01,-2.000000029802322388e-01,4.376487061381340027e-02,-1.948538050055503845e-02,9.545683860778808594e-01,8.518551290035247803e-02,2.300000000000000000e+03,2.487396240234375000e+03
1.684605777263641357e-01,-4.499999880790710449e-01,1.528900116682052612e-01,-3.709990680217742920e-01,5.204302072525024414e-01,2.212868928909301758e-01,1.390000000000000000e+03,1.423023437500000000e+03
3.221365213394165039e-01,0.000000000000000000e+00,4.415018260478973389e-01,5.341026782989501953e-01,9.688533544540405273e-01,6.935515254735946655e-02,3.055000000000000000e+03,3.973184570312500000e+03
7.555765658617019653e-02,6.672313809394836426e-01,1.587046682834625244e-01,6.163876652717590332e-01,1.046372294425964355e+00,7.512338459491729736e-02,2.908000000000000000e+03,2.933261230468750000e+03
-2.000000029802322388e-01,8.169633150100708008e-02,-1.464446336030960083e-01,5.903899669647216797e-02,4.119892120361328125e-01,9.115860611200332642e-02,1.061000000000000000e+03,1.082065063476562500e+03
7.812180519104003906e-01,-3.437708020210266113e-01,7.985656261444091797e-01,-4.383670985698699951e-01,3.901199996471405029e-01,6.780513375997543335e-02,1.287000000000000000e+03,1.364030029296875000e+03
6.672313809394836426e-01,-3.000000119209289551e-01,6.852375864982604980e-01,-3.817241191864013672e-01,5.953890085220336914e-01,5.975476652383804321e-02,1.729000000000000000e+03,1.763071411132812500e+03
-3.499999940395355225e-01,-4.499999880790710449e-01,-1.916972845792770386e-01,-3.840563818812370300e-02,9.972958564758300781e-01,6.988673657178878784e-02,3.397000000000000000e+03,4.035090576171875000e+03
2.326190173625946045e-01,6.961627006530761719e-01,2.372910231351852417e-01,7.701516747474670410e-01,7.022869586944580078e-01,1.214126646518707275e-01,1.686000000000000000e+03,1.704771850585937500e+03
2.145627290010452271e-01,2.872454822063446045e-01,2.897835373878479004e-01,3.948616981506347656e-01,6.339799165725708008e-01,6.733942031860351562e-02,2.083000000000000000e+03,2.171262695312500000e+03
2.700092084705829620e-02,6.961627006530761719e-01,-3.378323316574096680e-01,6.682040691375732422e-01,8.483448028564453125e-01,9.400736540555953979e-02,2.291000000000000000e+03,2.700948242187500000e+03
-4.499999880790710449e-01,-1.631237119436264038e-01,-3.532713353633880615e-01,6.838224083185195923e-02,1.120134234428405762e+00,5.608538165688514709e-02,4.779000000000000000e+03,5.016123535156250000e+03
-2.500000000000000000e-01,-8.707512021064758301e-01,-2.339525520801544189e-01,-8.615031242370605469e-01,7.719272971153259277e-01,5.760664120316505432e-02,2.993000000000000000e+03,2.994725830078125000e+03
4.862083792686462402e-01,-6.510896980762481689e-02,9.905169159173965454e-02,-2.452728152275085449e-01,1.119942188262939453e+00,7.252568006515502930e-02,3.558000000000000000e+03,4.058040283203125000e+03
-3.000000119209289551e-01,-3.000000119209289551e-01,-1.775243729352951050e-01,-2.513949573040008545e-01,1.057140231132507324e+00,6.892184168100357056e-02,3.510000000000000000e+03,3.564101318359375000e+03
1.645627170801162720e-01,-3.659073412418365479e-01,1.688420325517654419e-01,-3.344001471996307373e-01,6.936365365982055664e-01,1.093790680170059204e-01,1.457000000000000000e+03,1.460027343750000000e+03
5.173884034156799316e-01,-5.000000000000000000e-01,5.677256584167480469e-01,-3.120809495449066162e-01,9.221284389495849609e-01,5.696732923388481140e-02,3.006000000000000000e+03,3.138265625000000000e+03
-8.000000119209289551e-01,6.575053185224533081e-02,-7.644106745719909668e-01,-1.847340762615203857e-01,9.078802466392517090e-01,7.252201437950134277e-02,2.841000000000000000e+03,3.057798095703125000e+03
5.481259822845458984e-01,-1.303705126047134399e-01,4.721230566501617432e-01,-2.217381894588470459e-01,1.100112676620483398e+00,6.155575811862945557e-02,4.279000000000000000e+03,4.328996582031250000e+03
2.830980718135833740e-01,-8.500000238418579102e-01,2.475457340478897095e-01,-9.596638679504394531e-01,7.590228319168090820e-01,5.897408351302146912e-02,2.502000000000000000e+03,2.559410400390625000e+03
-4.000000059604644775e-01,-5.178191065788269043e-01,-4.388708770275115967e-01,-2.849080562591552734e-01,1.032795786857604980e+00,5.567843466997146606e-02,3.170000000000000000e+03,3.333798095703125000e+03
-4.564812183380126953e-01,-8.000000119209289551e-01,-6.424602866172790527e-01,-9.251310229301452637e-01,7.404158115386962891e-01,6.301891803741455078e-02,2.686000000000000000e+03,2.927400390625000000e+03
4.862083792686462402e-01,-2.000000029802322388e-01,4.282464683055877686e-01,-2.487908750772476196e-01,9.201159477233886719e-01,5.686103925108909607e-02,3.549000000000000000e+03,3.573148193359375000e+03
-2.700559496879577637e-01,6.083970069885253906e-01,-5.263559222221374512e-01,4.376550018787384033e-01,8.557516336441040039e-01,7.546653598546981812e-02,2.616000000000000000e+03,2.944716552734375000e+03
6.083970069885253906e-01,-2.696730494499206543e-01,6.374102830886840820e-01,1.392199248075485229e-01,1.004082322120666504e+00,5.845409631729125977e-02,3.826000000000000000e+03,4.440065917968750000e+03
6.672313809394836426e-01,8.378289639949798584e-03,7.559095621109008789e-01,-4.460889697074890137e-01,1.000784277915954590e+00,6.336915493011474609e-02,3.876000000000000000e+03,4.669285644531250000e+03
1.289127171039581299e-01,-4.000000059604644775e-01,-1.863965094089508057e-01,1.069239061325788498e-02,1.043643712997436523e+00,9.431926161050796509e-02,3.559000000000000000e+03,4.392478515625000000e+03
3.221365213394165039e-01,-2.131237089633941650e-01,5.427472591400146484e-01,1.053354665637016296e-01,8.143274784088134766e-01,6.360946595668792725e-02,2.787000000000000000e+03,3.388017578125000000e+03
4.223684668540954590e-01,-3.000000119209289551e-01,7.243307828903198242e-01,-4.242823123931884766e-01,1.077294468879699707e+00,5.217611789703369141e-02,4.394000000000000000e+03,4.788904296875000000e+03
2.872454822063446045e-01,4.223684668540954590e-01,5.929683446884155273e-01,9.779074043035507202e-02,1.145034790039062500e+00,5.543829128146171570e-02,4.076000000000000000e+03,4.673392578125000000e+03
-6.000000238418579102e-01,-1.312371436506509781e-02,-8.866688013076782227e-01,-2.676765993237495422e-02,1.022001624107360840e+00,6.041037291288375854e-02,3.880000000000000000e+03,4.180020507812500000e+03
1.973159313201904297e-01,4.545493423938751221e-01,-5.466885492205619812e-02,4.841217696666717529e-01,1.062644124031066895e+00,5.505180358886718750e-02,3.711000000000000000e+03,3.919603271484375000e+03
-5.204144120216369629e-01,3.858147561550140381e-01,-3.483362495899200439e-01,2.928988635540008545e-01,7.119432091712951660e-01,7.543791830539703369e-02,2.101000000000000000e+03,2.256431640625000000e+03
-5.183409452438354492e-01,5.784529447555541992e-01,-2.765475213527679443e-01,7.372826933860778809e-01,8.990709781646728516e-01,6.895390152931213379e-02,3.726000000000000000e+03,4.102062988281250000e+03
2.059899121522903442e-01,6.083970069885253906e-01,6.760150194168090820e-02,3.874714672565460205e-01,7.606968879699707031e-01,7.469870895147323608e-02,2.908000000000000000e+03,3.240502197265625000e+03
-1.876612305641174316e-01,6.672313809394836426e-01,-3.091328144073486328e-01,4.330099523067474365e-01,6.174077987670898438e-01,6.439488381147384644e-02,1.955000000000000000e+03,2.298344970703125000e+03
3.896152675151824951e-01,3.562291860580444336e-01,4.254431724548339844e-01,3.228370845317840576e-01,9.822024106979370117e-01,5.703186616301536560e-02,2.934000000000000000e+03,2.941219970703125000e+03
6.379825472831726074e-01,-2.166139483451843262e-01,5.157389640808105469e-01,-3.847202360630035400e-01,5.598947405815124512e-01,6.430511921644210815e-02,1.882000000000000000e+03,2.133614013671875000e+03
-1.166139394044876099e-01,-6.499999761581420898e-01,6.434941291809082031e-02,-9.303096532821655273e-01,9.925132393836975098e-01,5.232335627079010010e-02,3.266000000000000000e+03,3.626281005859375000e+03
-1.500000059604644775e-01,-5.500000119209289551e-01,-3.249554634094238281e-01,-6.269382238388061523e-01,1.020924806594848633e+00,5.967807397246360779e-02,3.813000000000000000e+03,3.945625488281250000e+03
6.379825472831726074e-01,2.917987108230590820e-01,5.630936622619628906e-01,2.821936309337615967e-01,3.000681996345520020e-01,1.186049133539199829e-01,1.086000000000000000e+03,1.153832153320312500e+03
-5.696730613708496094e-01,6.083970069885253906e-01,-5.121340751647949219e-01,5.453799962997436523e-01,8.765858411788940430e-01,6.732662022113800049e-02,2.207000000000000000e+03,2.227893798828125000e+03
5.481259822845458984e-01,9.482004493474960327e-02,8.115551471710205078e-01,1.292535662651062012e-01,1.079339861869812012e+00,5.363272130489349365e-02,3.812000000000000000e+03,4.040157226562500000e+03
-2.860668003559112549e-01,-6.133457422256469727e-01,-2.624391913414001465e-01,-4.562647938728332520e-01,4.063219726085662842e-01,1.623193323612213135e-01,7.340000000000000000e+02,8.423988037109375000e+02
5.481259822845458984e-01,-5.500000119209289551e-01,3.835172951221466064e-01,-3.762276768684387207e-01,9.115458130836486816e-01,5.853671208024024963e-02,2.720000000000000000e+03,2.904688964843750000e+03
-1.500000059604644775e-01,-4.499999880790710449e-01,-2.863993346691131592e-01,-7.476093769073486328e-01,7.883291244506835938e-01,6.728556752204895020e-02,2.689000000000000000e+03,3.135436767578125000e+03
-1.172467991709709167e-01,6.379825472831726074e-01,-2.131234109401702881e-01,7.685668468475341797e-01,6.547273993492126465e-01,8.934405446052551270e-02,2.275000000000000000e+03,2.412468261718750000e+03
6.379825472831726074e-01,2.872454822063446045e-01,6.431331634521484375e-01,2.277521640062332153e-01,8.390809297561645508e-01,5.022471398115158081e-02,2.428000000000000000e+03,2.440348632812500000e+03
4.223684668540954590e-01,-7.500000000000000000e-01,1.400362104177474976e-01,-7.734147310256958008e-01,8.991257548332214355e-01,8.739559352397918701e-02,1.869000000000000000e+03,2.050052001953125000e+03
4.862083792686462402e-01,-4.000000059604644775e-01,3.421306610107421875e-01,-1.801238209009170532e-01,1.022692441940307617e+00,6.502277404069900513e-02,2.824000000000000000e+03,3.007962646484375000e+03
3.199987113475799561e-01,6.961627006530761719e-01,1.505223661661148071e-01,6.449928879737854004e-01,8.613076210021972656e-01,8.045153319835662842e-02,2.649000000000000000e+03,2.760032226562500000e+03
1.764043420553207397e-01,4.841349124908447266e-01,1.821283996105194092e-01,5.453096628189086914e-01,1.083880662918090820e+00,6.133738905191421509e-02,3.790000000000000000e+03,3.802166748046875000e+03
-1.000000014901161194e-01,6.961627006530761719e-01,-2.229390740394592285e-01,7.903934121131896973e-01,9.042204618453979492e-01,9.644687175750732422e-02,2.979000000000000000e+03,3.065846191406250000e+03
-1.051799505949020386e-01,-6.999999880790710449e-01,4.849912971258163452e-02,-5.424556136131286621e-01,7.166400551795959473e-01,8.102688938379287720e-02,2.467000000000000000e+03,2.694366699218750000e+03
-2.712766528129577637e-01,6.961627006530761719e-01,-2.563318908214569092e-01,6.956980824470520020e-01,6.707572937011718750e-01,1.544820666313171387e-01,1.320000000000000000e+03,1.320668823242187500e+03
1.234932467341423035e-01,-6.000000238418579102e-01,4.458795487880706787e-01,-7.153077125549316406e-01,9.649885892868041992e-01,6.455093622207641602e-02,4.034000000000000000e+03,4.527223144531250000e+03
-5.000000074505805969e-02,4.862083792686462402e-01,-1.500262469053268433e-01,9.978112578392028809e-01,1.110326766967773438e+00,6.080472096800804138e-02,3.878000000000000000e+03,4.695753417968750000e+03
3.580648824572563171e-02,-4.000000059604644775e-01,-1.072946488857269287e-01,-3.678017258644104004e-01,8.358204960823059082e-01,7.342792302370071411e-02,2.934000000000000000e+03,3.023921875000000000e+03
3.562291860580444336e-01,1.366542428731918335e-01,4.337012767791748047e-01,-1.919654160737991333e-01,1.100885868072509766e+00,6.385756283998489380e-02,4.121000000000000000e+03,4.500804687500000000e+03
-3.000000119209289551e-01,-6.000000238418579102e-01,-6.053082346916198730e-01,-5.341036319732666016e-01,9.115319848060607910e-01,7.444950193166732788e-02,3.514000000000000000e+03,3.915792480468750000e+03
2.145627290010452271e-01,-4.000000059604644775e-01,-9.400229901075363159e-02,-3.279762864112854004e-01,7.563238143920898438e-01,8.851763606071472168e-02,2.468000000000000000e+03,2.885506347656250000e+03
-4.499999880790710449e-01,-2.641935050487518311e-01,-3.843998014926910400e-01,-1.973201781511306763e-01,4.714512825012207031e-01,5.984738469123840332e-02,1.642000000000000000e+03,1.706054199218750000e+03
4.862083792686462402e-01,-2.000000029802322388e-01,3.226739466190338135e-01,-3.735056519508361816e-02,1.074404835700988770e+00,5.333354696631431580e-02,4.503000000000000000e+03,4.708633789062500000e+03
6.083970069885253906e-01,1.366542428731918335e-01,5.108781456947326660e-01,-2.142153680324554443e-03,1.018676996231079102e+00,5.417732149362564087e-02,4.173000000000000000e+03,4.287848144531250000e+03
-3.499999940395355225e-01,5.784529447555541992e-01,-2.828728258609771729e-01,3.083643019199371338e-01,9.725221395492553711e-01,5.242830514907836914e-02,3.783000000000000000e+03,4.087245117187500000e+03
1.764043420553207397e-01,5.481259822845458984e-01,-1.022682115435600281e-01,5.823293328285217285e-01,1.033053874969482422e+00,7.316847890615463257e-02,3.268000000000000000e+03,3.505486328125000000e+03
0.000000000000000000e+00,6.083970069885253906e-01,-8.942482620477676392e-02,4.451774358749389648e-01,1.030235171318054199e+00,5.652764067053794861e-02,2.974000000000000000e+03,3.070306152343750000e+03
3.896152675151824951e-01,-2.659073472023010254e-01,4.084168672561645508e-01,-1.202551126480102539e-01,5.112286806106567383e-01,9.489321708679199219e-02,1.917000000000000000e+03,2.072516113281250000e+03
4.862083792686462402e-01,2.514390051364898682e-01,4.131020009517669678e-01,1.449764519929885864e-01,8.853566050529479980e-01,5.821570754051208496e-02,3.713000000000000000e+03,3.791769531250000000e+03
-4.499999880790710449e-01,-5.500000119209289551e-01,-3.075866997241973877e-01,-3.461653292179107666e-01,9.690997600555419922e-01,6.954200565814971924e-02,3.950000000000000000e+03,4.206121093750000000e+03
-4.627545177936553955e-01,3.305853605270385742e-01,-6.138797402381896973e-01,3.108503222465515137e-01,4.122035205364227295e-01,1.793651282787322998e-01,2.137000000000000000e+03,2.420510009765625000e+03
-6.000000238418579102e-01,-2.678191363811492920e-01,-3.504941165447235107e-01,-2.076962590217590332e-01,9.853472113609313965e-01,6.458837538957595825e-02,3.436000000000000000e+03,3.665061767578125000e+03
-3.499999940395355225e-01,-1.000000014901161194e-01,-3.985374867916107178e-01,2.830445021390914917e-02,8.477475643157958984e-01,7.147037982940673828e-02,2.112000000000000000e+03,2.166793701171875000e+03
-6.499999761581420898e-01,-2.535886131227016449e-02,-6.499214172363281250e-01,1.441439688205718994e-01,5.382164716720581055e-01,1.011629998683929443e-01,1.429000000000000000e+03,1.567428833007812500e+03
6.961627006530761719e-01,3.221365213394165039e-01,7.188454866409301758e-01,3.717362582683563232e-01,6.845496296882629395e-01,8.218612521886825562e-02,2.100000000000000000e+03,2.113251220703125000e+03
3.221365213394165039e-01,3.221365213394165039e-01,1.813745498657226562e-01,4.968063831329345703e-01,8.849919438362121582e-01,9.446974843740463257e-02,3.549000000000000000e+03,3.773815673828125000e+03
2.145627290010452271e-01,-5.000000000000000000e-01,-9.784553945064544678e-02,-8.790839910507202148e-01,9.307780265808105469e-01,6.519319862127304077e-02,3.114000000000000000e+03,3.934190185546875000e+03
4.223684668540954590e-01,4.545493423938751221e-01,2.932560145854949951e-01,3.793959915637969971e-01,1.036007285118103027e+00,5.928108468651771545e-02,3.657000000000000000e+03,3.732902587890625000e+03
-3.499999940395355225e-01,-4.000000059604644775e-01,-3.015473186969757080e-01,-8.014287948608398438e-01,1.133001089096069336e+00,6.054705008864402771e-02,3.282000000000000000e+03,3.688015869140625000e+03
1.764043420553207397e-01,6.379825472831726074e-01,3.680157065391540527e-01,8.102313876152038574e-01,7.289881706237792969e-01,7.206738740205764771e-02,2.438000000000000000e+03,2.733758056640625000e+03
2.368384897708892822e-01,6.961627006530761719e-01,3.851128816604614258e-01,8.540973663330078125e-01,5.367054939270019531e-01,7.544188201427459717e-02,2.006000000000000000e+03,2.321947509765625000e+03
5.173884034156799316e-01,-6.000000238418579102e-01,6.798527836799621582e-01,-8.200840950012207031e-01,7.892283201217651367e-01,8.339385688304901123e-02,2.616000000000000000e+03,2.922306152343750000e+03
-7.500000000000000000e-01,-2.000000029802322388e-01,-6.665690541267395020e-01,-1.765604019165039062e-01,8.108667135238647461e-01,7.286532223224639893e-02,2.817000000000000000e+03,2.848979492187500000e+03
5.481259822845458984e-01,-3.000000119209289551e-01,7.490583062171936035e-01,-3.251239359378814697e-01,6.530069708824157715e-01,8.036874234676361084e-02,2.475000000000000000e+03,2.707906738281250000e+03
-5.683409571647644043e-01,4.862083792686462402e-01,-6.461510062217712402e-01,3.135676681995391846e-01,8.861498832702636719e-01,7.008847594261169434e-02,3.598000000000000000e+03,3.760580078125000000e+03
4.223684668540954590e-01,0.000000000000000000e+00,5.052050352096557617e-01,1.187876537442207336e-01,6.010766625404357910e-01,6.378796696662902832e-02,2.640000000000000000e+03,2.791315429687500000e+03
4.862083792686462402e-01,-1.309428364038467407e-01,2.416406720876693726e-01,-2.883204072713851929e-02,1.189904808998107910e+00,6.035071238875389099e-02,3.638000000000000000e+03,3.816671630859375000e+03
-3.051417469978332520e-01,5.784529447555541992e-01,-2.573694884777069092e-01,2.168276160955429077e-01,1.050336718559265137e+00,8.766712993383407593e-02,3.398000000000000000e+03,3.797444091796875000e+03
3.562291860580444336e-01,1.735305190086364746e-01,6.305764913558959961e-01,1.213541254401206970e-01,1.170302987098693848e+00,8.067135512828826904e-02,3.590000000000000000e+03,3.791801513671875000e+03
-4.499999880790710449e-01,-2.500000000000000000e-01,-1.413663625717163086e-01,-3.497200906276702881e-01,9.222353100776672363e-01,8.385802805423736572e-02,3.321000000000000000e+03,3.720725585937500000e+03
0.000000000000000000e+00,-5.500000119209289551e-01,1.956142336130142212e-01,-5.847200155258178711e-01,1.056561708450317383e+00,6.146455928683280945e-02,3.925000000000000000e+03,4.062324218750000000e+03
-6.692624092102050781e-01,-3.229990899562835693e-01,-7.803246974945068359e-01,-3.821938037872314453e-01,4.587261676788330078e-01,8.330967277288436890e-02,1.624000000000000000e+03,1.744143188476562500e+03
4.223684668540954590e-01,-4.499999880790710449e-01,4.346155226230621338e-01,-7.974724769592285156e-01,1.048506855964660645e+00,5.402242764830589294e-02,3.617000000000000000e+03,4.004949462890625000e+03
1.854323595762252808e-01,-8.999999761581420898e-01,7.821502536535263062e-02,-5.617189407348632812e-01,7.650657296180725098e-01,6.698136031627655029e-02,2.764000000000000000e+03,3.331812011718750000e+03
-1.700559556484222412e-01,-2.000000029802322388e-01,-1.948996633291244507e-01,2.897076904773712158e-01,1.038149595260620117e+00,7.091244310140609741e-02,4.028000000000000000e+03,4.886955078125000000e+03
3.562291860580444336e-01,-6.000000238418579102e-01,4.315562844276428223e-01,-5.558710098266601562e-01,9.020576477050781250e-01,6.733352690935134888e-02,2.897000000000000000e+03,2.924137939453125000e+03
2.872454822063446045e-01,-3.499999940395355225e-01,2.018258571624755859e-01,-4.383335113525390625e-01,8.539019227027893066e-01,1.615786701440811157e-01,3.311000000000000000e+03,3.379218750000000000e+03
-4.000000059604644775e-01,2.494537532329559326e-01,-4.084988236427307129e-01,3.571100831031799316e-01,3.638913929462432861e-01,8.373714983463287354e-02,1.222000000000000000e+03,1.327275268554687500e+03
6.961627006530761719e-01,1.709280908107757568e-01,7.620822191238403320e-01,2.311297208070755005e-01,7.019058465957641602e-01,2.089467048645019531e-01,7.930000000000000000e+02,8.057412109375000000e+02
-2.500000000000000000e-01,-5.178191065788269043e-01,-1.005619689822196960e-01,-2.865840494632720947e-01,9.482972621917724609e-01,8.499842137098312378e-02,3.027000000000000000e+03,3.276844482421875000e+03
-6.999999880790710449e-01,-2.500000000000000000e-01,-7.562065124511718750e-01,-1.874282360076904297e-01,9.520702362060546875e-01,6.539751589298248291e-02,3.714000000000000000e+03,3.742822753906250000e+03
-5.000000000000000000e-01,-6.000000238418579102e-01,-4.140672087669372559e-01,-2.553015649318695068e-01,8.846865296363830566e-01,5.811376869678497314e-02,3.264000000000000000e+03,3.772294433593750000e+03
-8.999999761581420898e-01,2.221365272998809814e-01,-8.309091329574584961e-01,2.372216582298278809e-01,5.471367239952087402e-01,7.322854548692703247e-02,1.642000000000000000e+03,1.669258178710937500e+03
5.784529447555541992e-01,-2.672467827796936035e-01,5.294023752212524414e-01,-1.177957132458686829e-01,7.603253722190856934e-01,7.858556509017944336e-02,2.326000000000000000e+03,2.424559326171875000e+03
-6.926239281892776489e-02,-6.999999880790710449e-01,2.143774777650833130e-01,-6.497850418090820312e-01,1.033958077430725098e+00,7.978738099336624146e-02,3.008000000000000000e+03,3.237541992187500000e+03
0.000000000000000000e+00,2.514390051364898682e-01,2.239931076765060425e-01,-1.443044841289520264e-01,1.028516530990600586e+00,7.806666940450668335e-02,3.897000000000000000e+03,4.629010253906250000e+03
-5.500000119209289551e-01,9.482004493474960327e-02,-4.281562566757202148e-01,-2.704980969429016113e-02,1.127557992935180664e+00,6.433755904436111450e-02,4.574000000000000000e+03,4.680431152343750000e+03
4.545493423938751221e-01,-1.500000059604644775e-01,6.585544347763061523e-01,-5.735711753368377686e-02,1.089435577392578125e+00,6.137276813387870789e-02,4.099000000000000000e+03,4.270808593750000000e+03
5.481259822845458984e-01,4.545493423938751221e-01,6.581382751464843750e-01,6.269308924674987793e-01,8.024362921714782715e-01,8.724790066480636597e-02,2.065000000000000000e+03,2.197038574218750000e+03
-3.499999940395355225e-01,-3.659073412418365479e-01,2.458169683814048767e-02,-1.920877248048782349e-01,8.744552135467529297e-01,7.081024348735809326e-02,3.165000000000000000e+03,3.839923828125000000e+03
-1.102498918771743774e-01,-5.500000119209289551e-01,-2.529248222708702087e-02,-8.766396045684814453e-01,1.082323074340820312e+00,6.170288473367691040e-02,3.561000000000000000e+03,3.900300781250000000e+03
-6.000000238418579102e-01,-3.000000119209289551e-01,-7.030125260353088379e-01,-6.741105318069458008e-01,9.802601933479309082e-01,5.872977897524833679e-02,3.761000000000000000e+03,4.331384765625000000e+03
1.366542428731918335e-01,-3.499999940395355225e-01,3.289566142484545708e-03,-5.926432609558105469e-01,1.121122956275939941e+00,5.905827134847640991e-02,4.801000000000000000e+03,5.089725097656250000e+03
6.961627006530761719e-01,3.169633448123931885e-02,6.287102699279785156e-01,1.215859875082969666e-01,7.295235991477966309e-01,1.731488704681396484e-01,1.321000000000000000e+03,1.352167846679687500e+03
-6.000000238418579102e-01,5.000000074505805969e-02,-2.593188881874084473e-01,1.834941655397415161e-01,1.170741438865661621e+00,5.520106479525566101e-02,4.336000000000000000e+03,4.750858886718750000e+03
6.379825472831726074e-01,-1.000000014901161194e-01,6.069231033325195312e-01,-5.008016824722290039e-01,9.791252017021179199e-01,7.174935191869735718e-02,3.443000000000000000e+03,4.001871093750000000e+03
5.481259822845458984e-01,-6.499999761581420898e-01,4.329134225845336914e-01,-5.685492157936096191e-01,7.354058623313903809e-01,6.547225266695022583e-02,2.315000000000000000e+03,2.399355957031250000e+03
-6.692624092102050781e-01,2.820282578468322754e-01,-1.058836579322814941e+00,4.242689609527587891e-01,7.317633032798767090e-01,8.089148253202438354e-02,2.360000000000000000e+03,3.072110351562500000e+03
-6.000000238418579102e-01,5.000000074505805969e-02,-7.127552032470703125e-01,-1.105407178401947021e-01,9.699349999427795410e-01,5.996356904506683350e-02,3.381000000000000000e+03,3.518127685546875000e+03
1.962217837572097778e-01,-6.000000238418579102e-01,1.917405873537063599e-01,-2.664014101028442383e-01,9.229454398155212402e-01,5.897311866283416748e-02,3.349000000000000000e+03,3.774765625000000000e+03
-2.651089727878570557e-01,-8.999999761581420898e-01,-3.184793591499328613e-01,-9.035218954086303711e-01,7.361125946044921875e-01,7.900149375200271606e-02,2.357000000000000000e+03,2.369504150390625000e+03
2.132806330919265747e-01,5.784529447555541992e-01,2.724749743938446045e-01,4.581227898597717285e-01,6.286661028861999512e-01,8.184701949357986450e-02,1.905000000000000000e+03,1.990625122070312500e+03
2.145627290010452271e-01,5.173884034156799316e-01,3.764823079109191895e-02,4.872302412986755371e-01,1.093558311462402344e+00,5.815967544913291931e-02,4.772000000000000000e+03,4.899956054687500000e+03
-6.692624092102050781e-01,-1.000000014901161194e-01,-5.024373531341552734e-01,-2.395141422748565674e-01,1.026975154876708984e+00,5.166763067245483398e-02,3.507000000000000000e+03,3.662965087890625000e+03
3.221365213394165039e-01,4.223684668540954590e-01,3.415535390377044678e-01,9.944117665290832520e-01,1.113961458206176758e+00,7.634396106004714966e-02,3.863000000000000000e+03,4.831312011718750000e+03
-5.500000119209289551e-01,0.000000000000000000e+00,-7.092425227165222168e-01,-1.916593164205551147e-01,9.494818449020385742e-01,6.178126856684684753e-02,3.675000000000000000e+03,3.924533935546875000e+03
6.672313809394836426e-01,6.961627006530761719e-01,6.222463846206665039e-01,8.582881093025207520e-01,5.533555746078491211e-01,7.618819922208786011e-02,1.739000000000000000e+03,1.896609252929687500e+03
4.545493423938751221e-01,1.366542428731918335e-01,5.378891825675964355e-01,-4.534080252051353455e-02,1.078496098518371582e+00,6.172264367341995239e-02,3.889000000000000000e+03,4.021899169921875000e+03
4.862083792686462402e-01,6.672313809394836426e-01,2.796628177165985107e-01,7.344520688056945801e-01,8.577632904052734375e-01,8.280498534440994263e-02,3.112000000000000000e+03,3.308211669921875000e+03
-7.500000000000000000e-01,-3.831543028354644775e-02,-4.669666886329650879e-01,-4.269140958786010742e-01,1.040093064308166504e+00,5.541085451841354370e-02,2.968000000000000000e+03,3.575448974609375000e+03
1.662398129701614380e-01,4.862083792686462402e-01,1.407945454120635986e-01,5.194985270500183105e-01,4.584839344024658203e-01,7.050957530736923218e-02,1.959000000000000000e+03,1.975278686523437500e+03
5.784529447555541992e-01,2.872454822063446045e-01,5.163245201110839844e-01,-9.265612065792083740e-02,8.887359499931335449e-01,6.166792288422584534e-02,3.792000000000000000e+03,4.475625976562500000e+03
5.481259822845458984e-01,4.183419048786163330e-02,2.745338976383209229e-01,3.287156298756599426e-02,1.163877248764038086e+00,6.587292253971099854e-02,4.000000000000000000e+03,4.218326171875000000e+03
4.862083792686462402e-01,-2.188199907541275024e-01,2.423453181982040405e-01,-6.881011277437210083e-02,1.052845358848571777e+00,6.294491887092590332e-02,3.839000000000000000e+03,4.117980957031250000e+03
-3.204144239425659180e-01,-4.000000059604644775e-01,-3.994962871074676514e-01,-4.270699918270111084e-01,3.849432468414306641e-01,1.680798381567001343e-01,8.760000000000000000e+02,9.168521728515625000e+02
2.514390051364898682e-01,6.379825472831726074e-01,2.841841578483581543e-01,4.286706149578094482e-01,5.639716386795043945e-01,8.365079760551452637e-02,2.035000000000000000e+03,2.313425048828125000e+03
-1.627545058727264404e-01,-7.196730375289916992e-01,-1.483577638864517212e-01,-9.032796621322631836e-01,4.690411686897277832e-01,1.062495112419128418e-01,1.256000000000000000e+03,1.442903686523437500e+03
3.221365213394165039e-01,-5.178191065788269043e-01,2.985428571701049805e-01,-4.121144711971282959e-01,8.509059548377990723e-01,5.976531654596328735e-02,3.614000000000000000e+03,3.672545410156250000e+03
6.961627006530761719e-01,2.145627290010452271e-01,7.773017287254333496e-01,4.346458911895751953e-01,8.415470719337463379e-01,6.574480980634689331e-02,3.213000000000000000e+03,3.458185546875000000e+03
-1.000000014901161194e-01,6.961627006530761719e-01,3.838863968849182129e-02,4.987093806266784668e-01,9.523747563362121582e-01,6.170732900500297546e-02,3.345000000000000000e+03,3.555902343750000000e+03
-4.000000059604644775e-01,-5.500000119209289551e-01,-2.711043953895568848e-01,-8.493546247482299805e-01,9.381511807441711426e-01,5.679044127464294434e-02,3.743000000000000000e+03,4.182999511718750000e+03
-4.499999880790710449e-01,-2.000000029802322388e-01,-2.259802371263504028e-01,-7.346628308296203613e-01,1.175977706909179688e+00,6.968616694211959839e-02,4.442000000000000000e+03,5.470600097656250000e+03
3.878882527351379395e-01,-6.000000238418579102e-01,3.686296343803405762e-01,-8.273217678070068359e-01,8.653627634048461914e-01,8.099457621574401855e-02,2.840000000000000000e+03,3.034607177734375000e+03
-2.500000000000000000e-01,-5.683409571647644043e-01,-2.149381041526794434e-01,-8.689546585083007812e-01,1.067104339599609375e+00,4.906113445758819580e-02,3.376000000000000000e+03,3.642826171875000000e+03
5.784529447555541992e-01,-3.000000119209289551e-01,4.707235395908355713e-01,-5.973962545394897461e-01,7.150552868843078613e-01,6.777837872505187988e-02,2.957000000000000000e+03,3.512441162109375000e+03
2.863300442695617676e-01,-3.000000119209289551e-01,2.773779928684234619e-01,-3.279713690280914307e-01,7.666698098182678223e-01,5.717440322041511536e-02,2.253000000000000000e+03,2.256348144531250000e+03
-9.210686087608337402e-01,-3.554803431034088135e-01,-8.952828645706176758e-01,-2.654942870140075684e-01,4.885967671871185303e-01,5.988078564405441284e-02,1.159000000000000000e+03,1.201232666015625000e+03
-8.000000119209289551e-01,3.062292039394378662e-01,-7.674075961112976074e-01,2.871839404106140137e-01,5.058062672615051270e-01,9.345313906669616699e-02,1.417000000000000000e+03,1.424834716796875000e+03
3.221365213394165039e-01,4.545493423938751221e-01,2.457370907068252563e-01,2.263387739658355713e-01,5.414083600044250488e-01,8.524221926927566528e-02,2.321000000000000000e+03,2.760240966796875000e+03
-7.204144597053527832e-01,1.764043420553207397e-01,-7.736085653305053711e-01,3.353962004184722900e-01,8.137015104293823242e-01,1.109694167971611023e-01,2.252000000000000000e+03,2.346392089843750000e+03
-1.188199892640113831e-01,5.173884034156799316e-01,-1.470821201801300049e-01,3.144415915012359619e-01,8.037820458412170410e-01,6.361999362707138062e-02,3.110000000000000000e+03,3.308857177734375000e+03
5.000000074505805969e-02,2.872454822063446045e-01,2.342082709074020386e-01,1.267028041183948517e-02,7.759357094764709473e-01,1.059632897377014160e-01,2.669000000000000000e+03,3.135989990234375000e+03
5.481259822845458984e-01,4.223684668540954590e-01,3.083189725875854492e-01,1.485970765352249146e-01,8.872911334037780762e-01,6.855485588312149048e-02,2.777000000000000000e+03,3.227765380859375000e+03
6.083970069885253906e-01,6.672313809394836426e-01,5.842044949531555176e-01,5.083421468734741211e-01,6.608635783195495605e-01,8.263278007507324219e-02,1.858000000000000000e+03,1.966571777343750000e+03
-4.499999880790710449e-01,-1.631237119436264038e-01,-2.123860456049442291e-02,-1.565966010093688965e-01,1.225422501564025879e+00,5.436001718044281006e-02,4.388000000000000000e+03,4.909958007812500000e+03
3.489103168249130249e-02,4.223684668540954590e-01,-1.299449354410171509e-01,4.050514698028564453e-01,9.925547838211059570e-01,6.985077261924743652e-02,2.998000000000000000e+03,3.081045410156250000e+03
-4.499999880790710449e-01,2.145627290010452271e-01,-1.149647012352943420e-01,1.523991078138351440e-01,1.152882814407348633e+00,5.862336978316307068e-02,4.781000000000000000e+03,5.191132324218750000e+03
-1.500000059604644775e-01,2.145627290010452271e-01,-8.774332702159881592e-02,3.006405830383300781e-01,8.329579830169677734e-01,6.341755390167236328e-02,3.012000000000000000e+03,3.060793212890625000e+03
-5.816580727696418762e-02,-4.672468006610870361e-01,-6.840690225362777710e-02,-2.764788269996643066e-01,8.518565297126770020e-01,8.342107385396957397e-02,3.005000000000000000e+03,3.154101562500000000e+03
4.862083792686462402e-01,-4.672468006610870361e-01,4.333478808403015137e-01,-4.954868555068969727e-01,8.618950247764587402e-01,5.912350118160247803e-02,2.435000000000000000e+03,2.446690673828125000e+03
4.545493423938751221e-01,2.514390051364898682e-01,4.012640118598937988e-01,2.565606832504272461e-01,7.220377922058105469e-01,7.044621556997299194e-02,2.131000000000000000e+03,2.142622314453125000e+03
-6.499999761581420898e-01,-6.834094226360321045e-02,-9.590944647789001465e-01,5.791396647691726685e-02,8.558028340339660645e-01,6.843959540128707886e-02,2.845000000000000000e+03,3.263562011718750000e+03
3.221365213394165039e-01,-2.500000000000000000e-01,4.488579928874969482e-01,-1.620826870203018188e-01,1.042819380760192871e+00,6.458514928817749023e-02,4.944000000000000000e+03,5.051954101562500000e+03
-1.000000014901161194e-01,-5.000000000000000000e-01,1.460755914449691772e-01,-6.289918422698974609e-01,1.161162853240966797e+00,5.321779847145080566e-02,4.326000000000000000e+03,4.570362792968750000e+03
-6.499999761581420898e-01,1.366542428731918335e-01,-5.579094886779785156e-01,1.599481403827667236e-01,5.707947015762329102e-01,7.709001749753952026e-02,1.764000000000000000e+03,1.812548217773437500e+03
-6.999999880790710449e-01,3.896152675151824951e-01,-6.266325116157531738e-01,2.820795476436614990e-01,8.715899586677551270e-01,8.955494314432144165e-02,2.992000000000000000e+03,3.058271240234375000e+03
2.872454822063446045e-01,6.083970069885253906e-01,3.055335879325866699e-01,6.163588166236877441e-01,8.580905199050903320e-01,6.159145757555961609e-02,3.340000000000000000e+03,3.341768554687500000e+03
-6.692624092102050781e-01,2.600005455315113068e-02,-7.881943583488464355e-01,2.744026668369770050e-02,5.180310606956481934e-01,6.143895164132118225e-02,1.758000000000000000e+03,1.849296020507812500e+03
0.000000000000000000e+00,-6.499999761581420898e-01,-2.131074219942092896e-01,-5.316399931907653809e-01,8.663035035133361816e-01,5.024961009621620178e-02,3.306000000000000000e+03,3.562760498046875000e+03
-3.985610008239746094e-01,-9.499999880790710449e-01,-5.661023855209350586e-01,-8.441908359527587891e-01,6.488037705421447754e-01,8.242829144001007080e-02,1.826000000000000000e+03,1.992887817382812500e+03
-6.188200116157531738e-01,1.366542428731918335e-01,-6.552773714065551758e-01,7.622026372700929642e-03,9.268515706062316895e-01,6.853936612606048584e-02,3.085000000000000000e+03,3.149030517578125000e+03
-6.692624092102050781e-01,-4.499999880790710449e-01,-6.183542013168334961e-01,-5.150287747383117676e-01,6.967525482177734375e-01,9.066760540008544922e-02,2.036000000000000000e+03,2.064558837890625000e+03
-6.000000238418579102e-01,0.000000000000000000e+00,-3.717055618762969971e-01,9.412960708141326904e-02,1.121305704116821289e+00,6.022460758686065674e-02,4.194000000000000000e+03,4.394740722656250000e+03
5.173884034156799316e-01,-3.499999940395355225e-01,7.878239154815673828e-01,-4.786102175712585449e-01,9.217497110366821289e-01,5.769207328557968140e-02,3.503000000000000000e+03,3.863830322265625000e+03
-8.999999761581420898e-01,-4.209979251027107239e-02,-7.338158488273620605e-01,1.005478128790855408e-01,8.054969310760498047e-01,6.702186167240142822e-02,1.909000000000000000e+03,2.047727539062500000e+03
-4.166139364242553711e-01,3.213381767272949219e-01,-7.691347002983093262e-01,2.333567738533020020e-01,9.741581082344055176e-01,7.002322375774383545e-02,3.019000000000000000e+03,3.425747802734375000e+03
-5.000000000000000000e-01,-5.000000000000000000e-01,-5.540241599082946777e-01,-5.335539579391479492e-01,4.637739956378936768e-01,9.839782863855361938e-02,1.488000000000000000e+03,1.515805053710937500e+03
-3.172467947006225586e-01,-4.499999880790710449e-01,-3.397761583328247070e-01,-5.898358821868896484e-01,1.119315862655639648e+00,5.149965360760688782e-02,4.292000000000000000e+03,4.360394042968750000e+03
-5.000000000000000000e-01,-2.659073472023010254e-01,-4.138940572738647461e-01,-2.500577643513679504e-02,1.110981106758117676e+00,6.413184851408004761e-02,4.404000000000000000e+03,4.635011718750000000e+03
-2.172468006610870361e-01,-4.499999880790710449e-01,-1.650565862655639648e-01,-4.854637384414672852e-01,7.123892903327941895e-01,5.627711117267608643e-02,2.536000000000000000e+03,2.555909423828125000e+03
5.481259822845458984e-01,1.118065416812896729e-01,4.408913254737854004e-01,5.805611014366149902e-01,1.055323600769042969e+00,7.423165440559387207e-02,3.542000000000000000e+03,4.245613769531250000e+03
3.562291860580444336e-01,-6.499999761581420898e-01,7.135039567947387695e-02,-8.248555660247802734e-01,8.172718286514282227e-01,6.390871107578277588e-02,3.049000000000000000e+03,3.540205078125000000e+03
4.862083792686462402e-01,-3.499999940395355225e-01,5.396355986595153809e-01,-2.743802666664123535e-01,9.532757997512817383e-01,6.177975609898567200e-02,2.995000000000000000e+03,3.023055908203125000e+03
-6.000000238418579102e-01,4.545493423938751221e-01,-4.850463569164276123e-01,4.265317022800445557e-01,7.082933187484741211e-01,6.207441538572311401e-02,2.081000000000000000e+03,2.138644287109375000e+03
-1.666139364242553711e-01,3.562291860580444336e-01,-3.674596548080444336e-01,4.595821797847747803e-01,7.948212027549743652e-01,1.060486584901809692e-01,2.669000000000000000e+03,2.880869628906250000e+03
4.862083792686462402e-01,-5.000000000000000000e-01,3.282236158847808838e-01,-2.280539423227310181e-01,1.091694235801696777e+00,6.177201494574546814e-02,3.638000000000000000e+03,3.934411865234375000e+03
3.562291860580444336e-01,-3.151089549064636230e-01,4.180813133716583252e-01,-3.771806061267852783e-01,7.348596453666687012e-01,6.013401225209236145e-02,2.246000000000000000e+03,2.277781005859375000e+03
-6.999999880790710449e-01,-2.500000000000000000e-01,-6.925249099731445312e-01,-2.921174168586730957e-01,9.110348820686340332e-01,7.086825370788574219e-02,2.773000000000000000e+03,2.779149169921875000e+03
-7.700559496879577637e-01,-6.024989485740661621e-02,-7.751367092132568359e-01,-3.100638464093208313e-02,5.995517969131469727e-01,1.222401037812232971e-01,2.271000000000000000e+03,2.276588378906250000e+03
3.221365213394165039e-01,-4.000000059604644775e-01,3.095906376838684082e-01,-6.362105607986450195e-01,1.046841144561767578e+00,5.973088741302490234e-02,4.055000000000000000e+03,4.259297851562500000e+03
-6.999999880790710449e-01,-1.188199892640113831e-01,-6.555200219154357910e-01,-5.294941067695617676e-01,9.579002857208251953e-01,5.896625667810440063e-02,3.220000000000000000e+03,3.796182373046875000e+03
5.784529447555541992e-01,3.562291860580444336e-01,9.672106504440307617e-01,1.846080273389816284e-01,9.327659606933593750e-01,7.049538940191268921e-02,3.340000000000000000e+03,4.003486572265625000e+03
-6.000000238418579102e-01,2.145627290010452271e-01,-6.934603452682495117e-01,2.619450092315673828e-01,1.031983852386474609e+00,5.179930478334426880e-02,4.140000000000000000e+03,4.182570800781250000e+03
-6.000000238418579102e-01,-1.666139364242553711e-01,-4.149239957332611084e-01,-2.075721323490142822e-01,4.806116223335266113e-01,6.539276242256164551e-02,1.509000000000000000e+03,1.736123168945312500e+03
6.846058368682861328e-02,-8.000000119209289551e-01,-6.641816347837448120e-02,-6.575490236282348633e-01,8.010372519493103027e-01,7.384651899337768555e-02,2.835000000000000000e+03,3.002262451171875000e+03
-2.000000029802322388e-01,6.961627006530761719e-01,-1.131641194224357605e-01,5.585752129554748535e-01,7.862238883972167969e-01,1.109590604901313782e-01,2.145000000000000000e+03,2.235889892578125000e+03
1.748126149177551270e-01,6.379825472831726074e-01,3.425005972385406494e-01,4.087925851345062256e-01,1.071316003799438477e+00,5.707598850131034851e-02,3.591000000000000000e+03,3.839320800781250000e+03
5.154571533203125000e-01,3.562291860580444336e-01,3.876109421253204346e-01,4.183484613895416260e-02,9.560356736183166504e-01,6.844120472669601440e-02,3.613000000000000000e+03,4.056481689453125000e+03
4.545493423938751221e-01,1.764043420553207397e-01,4.731819033622741699e-01,1.172267049551010132e-01,8.266548514366149902e-01,7.018382847309112549e-02,2.662000000000000000e+03,2.676919921875000000e+03
8.032695204019546509e-02,6.379825472831726074e-01,6.593076884746551514e-02,8.891631364822387695e-01,9.964455366134643555e-01,5.880824849009513855e-02,3.313000000000000000e+03,3.520906738281250000e+03
1.694074422121047974e-01,-6.692624092102050781e-01,3.533205687999725342e-01,-6.270418167114257812e-01,8.895788788795471191e-01,6.776483356952667236e-02,3.497000000000000000e+03,3.652520507812500000e+03
5.000000074505805969e-02,6.672313809394836426e-01,-3.663135766983032227e-01,5.139092206954956055e-01,1.025882840156555176e+00,7.614389061927795410e-02,2.772000000000000000e+03,3.269874755859375000e+03
2.145627290010452271e-01,5.784529447555541992e-01,6.343478709459304810e-02,3.623774051666259766e-01,9.364605545997619629e-01,6.677763909101486206e-02,3.694000000000000000e+03,3.980894531250000000e+03
-1.500000059604644775e-01,-4.499999880790710449e-01,-3.538213968276977539e-01,-4.370793998241424561e-01,6.199350357055664062e-01,7.787305861711502075e-02,2.036000000000000000e+03,2.251750976562500000e+03
-1.510896813124418259e-02,6.083970069885253906e-01,-1.756508350372314453e-01,6.999662518501281738e-01,8.811047077178955078e-01,6.547550112009048462e-02,3.389000000000000000e+03,3.536528808593750000e+03
-2.358763366937637329e-01,-6.999999880790710449e-01,-1.472813636064529419e-01,-8.046457767486572266e-01,8.094851970672607422e-01,6.679171323776245117e-02,2.786000000000000000e+03,2.865181640625000000e+03
-3.178191184997558594e-01,6.379825472831726074e-01,-4.752018749713897705e-01,5.186368227005004883e-01,5.740485787391662598e-01,8.355118334293365479e-02,1.768000000000000000e+03,1.971763793945312500e+03
-6.499999761581420898e-01,-2.966075018048286438e-02,-4.865812957286834717e-01,8.413637429475784302e-02,9.626448154449462891e-01,7.239954173564910889e-02,3.809000000000000000e+03,3.970398437500000000e+03
6.379825472831726074e-01,2.841922044754028320e-01,5.028180480003356934e-01,1.885995268821716309e-01,5.533450245857238770e-01,7.539404183626174927e-02,1.957000000000000000e+03,2.128483398437500000e+03
-2.500000000000000000e-01,-2.000000029802322388e-01,-2.109676003456115723e-01,-1.010736227035522461e-01,1.066770434379577637e+00,6.806724518537521362e-02,3.775000000000000000e+03,3.812261230468750000e+03
-3.159073293209075928e-01,-6.999999880790710449e-01,-3.180191516876220703e-01,-7.925959229469299316e-01,4.958925843238830566e-01,6.971526145935058594e-02,1.430000000000000000e+03,1.479447509765625000e+03
-6.692624092102050781e-01,3.695592880249023438e-01,-1.022220015525817871e+00,-1.049037557095289230e-02,8.915737867355346680e-01,5.391043052077293396e-02,3.227000000000000000e+03,4.252536621093750000e+03
6.961627006530761719e-01,3.889922518283128738e-03,6.521072387695312500e-01,-3.587972819805145264e-01,7.788429856300354004e-01,1.430386006832122803e-01,1.924000000000000000e+03,2.328201416015625000e+03
5.173884034156799316e-01,-5.500000119209289551e-01,3.461864590644836426e-01,-5.006488561630249023e-01,9.160764813423156738e-01,5.578340590000152588e-02,2.626000000000000000e+03,2.724468017578125000e+03
6.083970069885253906e-01,3.562291860580444336e-01,9.167584776878356934e-01,2.029173970222473145e-01,9.983655810356140137e-01,4.863772913813591003e-02,3.195000000000000000e+03,3.564688476562500000e+03
-6.999999880790710449e-01,2.132806330919265747e-01,-7.884014248847961426e-01,4.657388329505920410e-01,7.917914986610412598e-01,8.625348657369613647e-02,3.087000000000000000e+03,3.430267822265625000e+03
4.523124992847442627e-01,5.784529447555541992e-01,2.441311478614807129e-01,1.865649670362472534e-01,9.997082352638244629e-01,8.070249855518341064e-02,3.110000000000000000e+03,3.698556152343750000e+03
6.961627006530761719e-01,-8.037050813436508179e-02,9.442195892333984375e-01,1.033752560615539551e-01,7.492019534111022949e-01,1.271438896656036377e-01,2.149000000000000000e+03,2.500461425781250000e+03
6.961627006530761719e-01,-2.641935050487518311e-01,4.845101833343505859e-01,-3.050633668899536133e-01,7.793471813201904297e-01,9.206913411617279053e-02,2.246000000000000000e+03,2.415135986328125000e+03
-6.000000238418579102e-01,-5.000000074505805969e-02,-5.896728634834289551e-01,-3.199953585863113403e-02,1.041382670402526855e+00,6.440415978431701660e-02,3.821000000000000000e+03,3.822529541015625000e+03
-3.735956549644470215e-01,-1.000000000000000000e+00,-6.204726696014404297e-01,-9.425516724586486816e-01,5.406059622764587402e-01,7.260744273662567139e-02,1.808000000000000000e+03,2.187831542968750000e+03
-4.549800753593444824e-01,-6.633457541465759277e-01,-5.221818685531616211e-01,-6.777731776237487793e-01,5.024747848510742188e-01,1.949961185455322266e-01,9.540000000000000000e+02,9.718265991210937500e+02
-3.692623972892761230e-01,4.862083792686462402e-01,-1.989275217056274414e-01,5.263433456420898438e-01,1.055544734001159668e+00,5.838578939437866211e-02,4.234000000000000000e+03,4.349773437500000000e+03
4.545493423938751221e-01,6.083970069885253906e-01,6.698192954063415527e-01,6.343258023262023926e-01,8.978672623634338379e-01,4.827199131250381470e-02,3.834000000000000000e+03,4.054818115234375000e+03
6.379825472831726074e-01,-6.999999880790710449e-01,4.335683882236480713e-01,-6.591786146163940430e-01,5.927373766899108887e-01,8.451846987009048462e-02,1.846000000000000000e+03,2.068190185546875000e+03
-4.672468006610870361e-01,-6.499999761581420898e-01,-4.903536438941955566e-01,-6.764719486236572266e-01,8.354525566101074219e-01,5.428342521190643311e-02,3.098000000000000000e+03,3.103481689453125000e+03
6.672313809394836426e-01,2.056531310081481934e-01,4.297446906566619873e-01,2.045120894908905029e-01,6.317279338836669922e-01,7.399319857358932495e-02,2.402000000000000000e+03,2.730637207031250000e+03
-9.499999880790710449e-01,-2.151089608669281006e-01,-1.029921889305114746e+00,-1.090184599161148071e-01,6.191142201423645020e-01,7.428939640522003174e-02,2.843000000000000000e+03,2.972145263671875000e+03
-3.499999940395355225e-01,3.896152675151824951e-01,-2.549341022968292236e-01,3.672072589397430420e-01,4.708089232444763184e-01,1.023932695388793945e-01,1.129000000000000000e+03,1.177098876953125000e+03
-6.999999880790710449e-01,-2.500000000000000000e-01,-7.763929367065429688e-01,-4.728093743324279785e-02,9.288511276245117188e-01,7.431133091449737549e-02,2.534000000000000000e+03,2.670272949218750000e+03
-5.000000000000000000e-01,3.975010663270950317e-02,-5.019603967666625977e-01,2.138029634952545166e-01,8.385514616966247559e-01,6.349439918994903564e-02,2.944000000000000000e+03,3.069423583984375000e+03
-1.312371436506509781e-02,-6.000000238418579102e-01,-2.361178770661354065e-02,-4.700999259948730469e-01,7.916783094406127930e-01,6.562093645334243774e-02,3.042000000000000000e+03,3.124103271484375000e+03
4.545493423938751221e-01,-5.500000119209289551e-01,2.981297075748443604e-01,-2.999849319458007812e-01,8.932905197143554688e-01,6.866632401943206787e-02,3.639000000000000000e+03,4.026176513671875000e+03
-2.000000029802322388e-01,-6.999999880790710449e-01,-9.575057774782180786e-02,-3.070239424705505371e-01,9.046856760978698730e-01,6.542153656482696533e-02,3.594000000000000000e+03,4.289545898437500000e+03
2.872454822063446045e-01,2.872454822063446045e-01,2.389273643493652344e-01,5.573861002922058105e-01,8.814853429794311523e-01,5.777163803577423096e-02,3.879000000000000000e+03,4.247071777343750000e+03
5.784529447555541992e-01,3.528741300106048584e-01,1.645209193229675293e-01,2.819764316082000732e-01,9.336937665939331055e-01,6.425717473030090332e-02,3.759000000000000000e+03,4.486478515625000000e+03
-6.200559735298156738e-01,-5.500000119209289551e-01,-7.864683866500854492e-01,-8.068510293960571289e-01,8.791796565055847168e-01,7.180615514516830444e-02,2.332000000000000000e+03,2.607216552734375000e+03
4.545493423938751221e-01,-5.000000000000000000e-01,7.893580198287963867e-02,-5.232957601547241211e-01,9.860351085662841797e-01,6.264131516218185425e-02,4.191000000000000000e+03,4.782259277343750000e+03
-6.999999880790710449e-01,2.145627290010452271e-01,-8.185790777206420898e-01,1.278283298015594482e-01,7.585414648056030273e-01,7.996863871812820435e-02,2.752000000000000000e+03,2.854021484375000000e+03
4.023124873638153076e-01,6.083970069885253906e-01,3.124210536479949951e-01,6.514378786087036133e-01,3.976794481277465820e-01,8.615186065435409546e-02,1.097000000000000000e+03,1.164876464843750000e+03
-6.692624092102050781e-01,3.878882527351379395e-01,-6.133883595466613770e-01,2.320750057697296143e-01,8.864443302154541016e-01,5.713485181331634521e-02,3.731000000000000000e+03,3.860012939453125000e+03
5.481259822845458984e-01,2.872454822063446045e-01,3.471229374408721924e-01,2.430875301361083984e-01,6.457778811454772949e-01,1.369248926639556885e-01,1.542000000000000000e+03,1.695106933593750000e+03
-2.500000000000000000e-01,-4.000000059604644775e-01,-3.677677810192108154e-01,-6.260113716125488281e-01,1.120658993721008301e+00,6.250575184822082520e-02,4.497000000000000000e+03,4.727035156250000000e+03
3.221365213394165039e-01,-5.000000000000000000e-01,5.870395302772521973e-01,-2.861010730266571045e-01,1.066138625144958496e+00,6.387663632631301880e-02,3.870000000000000000e+03,4.255834472656250000e+03
-5.000000000000000000e-01,-4.499999880790710449e-01,-3.535075485706329346e-01,-2.326096892356872559e-01,1.059727549552917480e+00,6.525892764329910278e-02,3.281000000000000000e+03,3.479256591796875000e+03
-6.000000238418579102e-01,3.562291860580444336e-01,-5.566913485527038574e-01,5.822326540946960449e-01,8.001424074172973633e-01,5.889554321765899658e-02,2.853000000000000000e+03,3.084448974609375000e+03
3.221365213394165039e-01,-4.672468006610870361e-01,3.566726148128509521e-01,-4.590568244457244873e-01,5.691080093383789062e-01,8.623819053173065186e-02,1.694000000000000000e+03,1.700555908203125000e+03
-5.500000119209289551e-01,6.961627006530761719e-01,-5.653144121170043945e-01,6.479146480560302734e-01,7.020232081413269043e-01,8.591764420270919800e-02,2.584000000000000000e+03,2.597329589843750000e+03
1.753749400377273560e-01,7.247940897941589355e-01,1.313073784112930298e-01,6.003772616386413574e-01,7.600535154342651367e-01,6.623554229736328125e-02,2.432000000000000000e+03,2.504704833984375000e+03
-1.919365972280502319e-01,-8.999999761581420898e-01,-2.447303235530853271e-01,-8.615502119064331055e-01,6.520059704780578613e-01,7.402452826499938965e-02,2.663000000000000000e+03,2.689557373046875000e+03
-9.210686087608337402e-01,1.157923415303230286e-01,-9.656405448913574219e-01,1.646024137735366821e-01,6.097956895828247070e-01,6.131868064403533936e-02,1.928000000000000000e+03,1.950527099609375000e+03
-3.000000119209289551e-01,-5.178191065788269043e-01,-1.912900656461715698e-01,-6.955377459526062012e-01,8.620666861534118652e-01,6.173696368932723999e-02,3.637000000000000000e+03,3.846471923828125000e+03
-5.308810994029045105e-02,7.812180519104003906e-01,-1.605026125907897949e-01,8.371164798736572266e-01,6.217770576477050781e-01,1.814907193183898926e-01,6.350000000000000000e+02,6.588107910156250000e+02
4.207952618598937988e-01,6.083970069885253906e-01,3.195308744907379150e-01,6.568638682365417480e-01,9.817761778831481934e-01,6.265593320131301880e-02,3.162000000000000000e+03,3.203303222656250000e+03
4.545493423938751221e-01,-7.500000000000000000e-01,4.642990231513977051e-01,-8.636514544486999512e-01,6.237688660621643066e-01,1.251116394996643066e-01,1.869000000000000000e+03,1.930997314453125000e+03
-7.359565049409866333e-02,-9.499999880790710449e-01,-3.453322947025299072e-01,-1.048367142677307129e+00,5.423294901847839355e-01,8.882488310337066650e-02,1.894000000000000000e+03,2.402508300781250000e+03
2.145627290010452271e-01,5.481259822845458984e-01,-1.561452597379684448e-01,3.596217632293701172e-01,1.094940543174743652e+00,8.214606344699859619e-02,3.571000000000000000e+03,4.070950195312500000e+03
2.872454822063446045e-01,-6.188200116157531738e-01,4.875816404819488525e-01,-5.384758710861206055e-01,9.623289108276367188e-01,6.497617810964584351e-02,2.843000000000000000e+03,2.984063476562500000e+03
-5.446642637252807617e-01,5.481259822845458984e-01,-5.826756954193115234e-01,4.665996730327606201e-01,4.887418746948242188e-01,1.082934811711311340e-01,1.716000000000000000e+03,1.773606079101562500e+03
-5.500000119209289551e-01,6.961627006530761719e-01,-6.916526556015014648e-01,6.856006979942321777e-01,6.601904034614562988e-01,1.158670336008071899e-01,1.826000000000000000e+03,1.909386108398437500e+03
6.961627006530761719e-01,3.275320306420326233e-02,8.797481060028076172e-01,1.084156483411788940e-01,8.246535658836364746e-01,1.092406958341598511e-01,2.013000000000000000e+03,2.128377929687500000e+03
3.562291860580444336e-01,-3.000000119209289551e-01,-3.804674372076988220e-02,-6.318604350090026855e-01,1.047337293624877930e+00,7.392413914203643799e-02,3.837000000000000000e+03,4.722173339843750000e+03
-4.000000059604644775e-01,-1.500000059604644775e-01,-4.608479738235473633e-01,-3.843097686767578125e-01,6.865229606628417969e-01,8.586575835943222046e-02,1.942000000000000000e+03,2.176664794921875000e+03
3.562291860580444336e-01,4.545493423938751221e-01,4.198324084281921387e-01,1.777436584234237671e-01,7.190396189689636230e-01,7.751836627721786499e-02,2.080000000000000000e+03,2.393065917968750000e+03
-3.094284050166606903e-02,6.379825472831726074e-01,-1.628465801477432251e-01,1.001209616661071777e+00,9.253003001213073730e-01,7.345920801162719727e-02,3.282000000000000000e+03,3.833059082031250000e+03
6.961627006530761719e-01,-4.683409333229064941e-01,6.470087170600891113e-01,-4.748638272285461426e-01,7.304330468177795410e-01,1.047316417098045349e-01,2.134000000000000000e+03,2.143801269531250000e+03
3.862083852291107178e-01,-4.688200056552886963e-01,3.762003481388092041e-01,-3.640332520008087158e-01,5.144280791282653809e-01,5.342270061373710632e-02,1.240000000000000000e+03,1.291409912109375000e+03
-1.500000059604644775e-01,5.173884034156799316e-01,-2.027668356895446777e-01,4.618543684482574463e-01,1.007722735404968262e+00,7.694149762392044067e-02,3.826000000000000000e+03,3.848029296875000000e+03
0.000000000000000000e+00,6.961627006530761719e-01,-2.363025248050689697e-01,4.596455991268157959e-01,1.007437467575073242e+00,6.595328450202941895e-02,3.049000000000000000e+03,3.376027343750000000e+03
-2.000000029802322388e-01,-5.500000119209289551e-01,1.981980800628662109e-01,-5.743898153305053711e-01,1.113901615142822266e+00,5.183361098170280457e-02,3.545000000000000000e+03,3.986990234375000000e+03
-8.000000119209289551e-01,2.462217807769775391e-01,-8.143300414085388184e-01,2.317950427532196045e-01,7.774774432182312012e-01,7.070755213499069214e-02,2.670000000000000000e+03,2.671807128906250000e+03
-4.499999880790710449e-01,-1.000000014901161194e-01,-4.057714939117431641e-01,-9.567094035446643829e-03,9.439460635185241699e-01,6.344395875930786133e-02,3.102000000000000000e+03,3.137215087890625000e+03
6.961627006530761719e-01,-4.696730375289916992e-01,7.509881258010864258e-01,-4.968295991420745850e-01,7.326041460037231445e-01,7.279088348150253296e-02,2.368000000000000000e+03,2.384512695312500000e+03
3.562291860580444336e-01,-3.659073412418365479e-01,2.845309674739837646e-01,-5.367912054061889648e-01,1.149657368659973145e+00,4.767996072769165039e-02,4.255000000000000000e+03,4.364659667968750000e+03
2.316000014543533325e-01,-8.000000119209289551e-01,4.981707632541656494e-01,-8.212990164756774902e-01,7.423978447914123535e-01,8.480237424373626709e-02,2.393000000000000000e+03,2.694868896484375000e+03
-3.499999940395355225e-01,-3.683409392833709717e-01,-4.672792553901672363e-01,-5.153161883354187012e-01,7.871423363685607910e-01,6.266503781080245972e-02,2.744000000000000000e+03,2.898246093750000000e+03
2.145627290010452271e-01,-4.000000059604644775e-01,-2.695280127227306366e-02,-1.550340205430984497e-01,1.205690026283264160e+00,6.529688835144042969e-02,4.157000000000000000e+03,4.488429687500000000e+03
6.961627006530761719e-01,2.514390051364898682e-01,6.561487913131713867e-01,5.256209373474121094e-01,8.860100507736206055e-01,9.014815092086791992e-02,3.155000000000000000e+03,3.456863525390625000e+03
-8.999999761581420898e-01,-4.499999880790710449e-01,-1.012347102165222168e+00,-3.695992529392242432e-01,5.500422120094299316e-01,7.305819541215896606e-02,2.364000000000000000e+03,2.510962890625000000e+03
1.188351139426231384e-01,-6.999999880790710449e-01,-1.260027289390563965e-01,-3.592246174812316895e-01,1.028109312057495117e+00,6.003084033727645874e-02,3.731000000000000000e+03,4.329818359375000000e+03
-4.499999880790710449e-01,-2.000000029802322388e-01,-3.024757504463195801e-01,-5.174975991249084473e-01,9.139332175254821777e-01,5.525872856378555298e-02,4.016000000000000000e+03,4.586918457031250000e+03
-3.000000119209289551e-01,-6.499999761581420898e-01,-1.726092398166656494e-01,-8.308530449867248535e-01,9.679328203201293945e-01,6.053188815712928772e-02,3.393000000000000000e+03,3.568320800781250000e+03
4.545493423938751221e-01,4.188640415668487549e-01,5.648763775825500488e-01,1.534519791603088379e-01,9.836946725845336914e-01,6.614819169044494629e-02,3.729000000000000000e+03,4.040783203125000000e+03
-2.000000029802322388e-01,5.784529447555541992e-01,-3.500584661960601807e-01,6.178451776504516602e-01,7.573231458663940430e-01,7.366442680358886719e-02,2.231000000000000000e+03,2.323496337890625000e+03
-4.000000059604644775e-01,-2.641935050487518311e-01,-3.341064453125000000e-01,-2.002971768379211426e-01,7.615243792533874512e-01,8.638858795166015625e-02,1.882000000000000000e+03,1.909332275390625000e+03
2.514390051364898682e-01,5.481259822845458984e-01,3.394040465354919434e-01,5.690044760704040527e-01,1.081449389457702637e+00,5.612814798951148987e-02,3.457000000000000000e+03,3.481106689453125000e+03
-6.999999880790710449e-01,-2.641935050487518311e-01,-7.713029384613037109e-01,-1.243093088269233704e-01,7.081087231636047363e-01,6.491445749998092651e-02,2.326000000000000000e+03,2.439068359375000000e+03
4.223684668540954590e-01,3.562291860580444336e-01,4.207095503807067871e-01,3.292911052703857422e-01,1.132492542266845703e+00,5.820034816861152649e-02,3.780000000000000000e+03,3.782179443359375000e+03
-5.000000000000000000e-01,-2.000000029802322388e-01,-7.761404514312744141e-01,-2.648609876632690430e-01,8.873400092124938965e-01,6.983829289674758911e-02,3.566000000000000000e+03,3.921525878906250000e+03
2.145627290010452271e-01,6.379825472831726074e-01,2.316753268241882324e-01,4.626758396625518799e-01,5.838517546653747559e-01,6.810780614614486694e-02,2.248000000000000000e+03,2.448341064453125000e+03
5.481259822845458984e-01,4.545493423938751221e-01,3.870327174663543701e-01,4.472884237766265869e-01,7.862065434455871582e-01,6.582223623991012573e-02,2.607000000000000000e+03,2.715677490234375000e+03
4.223684668540954590e-01,4.862083792686462402e-01,5.547842383384704590e-01,1.872059553861618042e-01,9.507418274879455566e-01,6.301693618297576904e-02,3.135000000000000000e+03,3.496312011718750000e+03
-5.500000119209289551e-01,-1.823557615280151367e-01,-1.768901497125625610e-01,4.176450148224830627e-02,1.122722148895263672e+00,6.395740061998367310e-02,3.673000000000000000e+03,4.207244628906250000e+03
-6.499999761581420898e-01,1.029610112309455872e-01,-5.412847399711608887e-01,1.469001024961471558e-01,4.856623709201812744e-01,7.506994158029556274e-02,1.287000000000000000e+03,1.361124389648437500e+03
4.223684668540954590e-01,-3.000000119209289551e-01,3.571992516517639160e-01,-1.734374016523361206e-01,1.082171559333801270e+00,6.334865838289260864e-02,3.635000000000000000e+03,3.697815917968750000e+03
5.013426542282104492e-01,5.481259822845458984e-01,5.708461999893188477e-01,4.452810585498809814e-01,6.362557411193847656e-01,8.242601901292800903e-02,1.853000000000000000e+03,1.922878906250000000e+03
-7.500000000000000000e-01,3.815837576985359192e-02,-6.535303592681884766e-01,1.298495382070541382e-01,5.088173747062683105e-01,8.065235614776611328e-02,1.676000000000000000e+03,1.788762817382812500e+03
-4.000000059604644775e-01,-2.659073472023010254e-01,-2.616297602653503418e-01,-4.723616838455200195e-01,9.196834564208984375e-01,7.427198439836502075e-02,3.486000000000000000e+03,3.735941162109375000e+03
6.961627006530761719e-01,-6.312371790409088135e-02,5.516120791435241699e-01,-2.049365639686584473e-01,8.787856101989746094e-01,5.836802721023559570e-02,2.817000000000000000e+03,2.964765625000000000e+03
-1.797376573085784912e-01,-7.196730375289916992e-01,-2.255206108093261719e-01,-7.402511835098266602e-01,6.272485256195068359e-01,6.489385664463043213e-02,1.724000000000000000e+03,1.735018310546875000e+03
5.784529447555541992e-01,-1.000000014901161194e-01,3.431752324104309082e-01,-1.919000744819641113e-01,8.285573720932006836e-01,8.651764690876007080e-02,2.330000000000000000e+03,2.542060546875000000e+03
-8.500000238418579102e-01,4.180304110050201416e-01,-7.233333587646484375e-01,4.736947119235992432e-01,6.736708283424377441e-01,8.884905278682708740e-02,1.548000000000000000e+03,1.612531127929687500e+03
-2.500000000000000000e-01,2.514390051364898682e-01,-4.334920048713684082e-01,3.651308417320251465e-01,1.085428714752197266e+00,6.796083599328994751e-02,4.197000000000000000e+03,4.361643066406250000e+03
5.173884034156799316e-01,1.764043420553207397e-01,6.174307465553283691e-01,2.933799289166927338e-03,5.855370759963989258e-01,7.816724479198455811e-02,1.662000000000000000e+03,1.851280761718750000e+03
3.896152675151824951e-01,3.896152675151824951e-01,2.008948028087615967e-01,3.864166438579559326e-01,1.031403660774230957e+00,6.109320744872093201e-02,3.635000000000000000e+03,3.755578125000000000e+03
-3.499999940395355225e-01,-5.500000119209289551e-01,-4.481195509433746338e-01,-6.140409111976623535e-01,4.989305734634399414e-01,6.760416179895401001e-02,1.963000000000000000e+03,2.069615966796875000e+03
3.221365213394165039e-01,4.223684668540954590e-01,7.052806764841079712e-02,4.592802524566650391e-01,7.055440545082092285e-01,7.926560938358306885e-02,3.369000000000000000e+03,3.793987792968750000e+03
4.223684668540954590e-01,-2.500000000000000000e-01,5.421918034553527832e-01,-1.130695939064025879e-01,1.191793680191040039e+00,5.586072430014610291e-02,4.149000000000000000e+03,4.244870605468750000e+03
-6.000000238418579102e-01,-4.000000059604644775e-01,-5.647115707397460938e-01,-5.526216030120849609e-01,7.030689716339111328e-01,5.977051332592964172e-02,2.518000000000000000e+03,2.641665527343750000e+03
-2.106863260269165039e-02,1.366542428731918335e-01,5.108723044395446777e-02,1.395797431468963623e-01,6.439777016639709473e-01,1.087074652314186096e-01,2.104000000000000000e+03,2.130497558593750000e+03
4.862083792686462402e-01,1.764043420553207397e-01,3.348816931247711182e-01,2.021656334400177002e-01,6.034741401672363281e-01,1.078313812613487244e-01,1.488000000000000000e+03,1.582701171875000000e+03
1.366542428731918335e-01,5.784529447555541992e-01,8.485443890094757080e-02,3.123747408390045166e-01,7.280463576316833496e-01,7.916665077209472656e-02,2.819000000000000000e+03,3.197341552734375000e+03
-5.500000119209289551e-01,-3.499999940395355225e-01,-4.559599161148071289e-01,-3.706123232841491699e-01,9.198508262634277344e-01,6.159770488739013672e-02,3.436000000000000000e+03,3.473513427734375000e+03
-6.385410233633592725e-05,6.961627006530761719e-01,-5.613615270704030991e-03,8.391872644424438477e-01,5.438690185546875000e-01,1.814459562301635742e-01,1.817000000000000000e+03,1.940940307617187500e+03
6.672313809394836426e-01,-5.000000000000000000e-01,5.522211790084838867e-01,-5.389213562011718750e-01,8.235543966293334961e-01,8.027961105108261108e-02,2.534000000000000000e+03,2.588935058593750000e+03
-2.131237089633941650e-01,-5.500000119209289551e-01,2.499881945550441742e-02,-5.192146301269531250e-01,9.974452853202819824e-01,7.774982601404190063e-02,3.430000000000000000e+03,3.625644287109375000e+03
6.961627006530761719e-01,-2.000000029802322388e-01,6.969941854476928711e-01,3.709110431373119354e-03,9.052093625068664551e-01,8.279406279325485229e-02,3.052000000000000000e+03,3.204985595703125000e+03
-5.500000119209289551e-01,-6.000000238418579102e-01,-5.796387195587158203e-01,-7.161730527877807617e-01,5.863181948661804199e-01,8.535522967576980591e-02,2.194000000000000000e+03,2.284962402343750000e+03
-6.024989485740661621e-02,-5.000000000000000000e-01,1.486632158048450947e-03,-8.052036762237548828e-01,1.141062617301940918e+00,5.492861196398735046e-02,3.584000000000000000e+03,3.846789550781250000e+03
-5.500000119209289551e-01,9.482004493474960327e-02,-6.048493981361389160e-01,6.474433094263076782e-02,7.511416673660278320e-01,6.417252123355865479e-02,2.709000000000000000e+03,2.727661132812500000e+03
-6.499999761581420898e-01,3.580648824572563171e-02,-5.230332016944885254e-01,9.114781022071838379e-02,6.153474450111389160e-01,5.706298351287841797e-02,1.688000000000000000e+03,1.772613159179687500e+03
-4.133457541465759277e-01,4.223684668540954590e-01,-4.201207160949707031e-01,3.791819214820861816e-01,3.973901867866516113e-01,8.330500125885009766e-02,1.057000000000000000e+03,1.069706298828125000e+03
4.545493423938751221e-01,2.514390051364898682e-01,1.829542964696884155e-01,2.496930360794067383e-01,8.845976591110229492e-01,7.621379941701889038e-02,3.340000000000000000e+03,3.647825195312500000e+03
5.173884034156799316e-01,3.896152675151824951e-01,3.646616935729980469e-01,5.092591047286987305e-01,9.469977617263793945e-01,6.246238946914672852e-02,3.994000000000000000e+03,4.159589355468750000e+03
5.173884034156799316e-01,-3.188199996948242188e-01,6.830904483795166016e-01,-1.744339615106582642e-01,1.099077463150024414e+00,5.732788890600204468e-02,3.654000000000000000e+03,3.798950683593750000e+03
6.083970069885253906e-01,6.379825472831726074e-01,7.799400687217712402e-01,7.636488080024719238e-01,5.580307841300964355e-01,8.565270900726318359e-02,2.074000000000000000e+03,2.365479248046875000e+03
-3.000000119209289551e-01,-1.024989411234855652e-02,-3.065939247608184814e-01,1.335966587066650391e-01,1.074727177619934082e+00,1.291287690401077271e-01,2.637000000000000000e+03,2.684032958984375000e+03
-2.329280972480773926e-01,5.173884034156799316e-01,-8.530703186988830566e-02,3.515910506248474121e-01,1.063136100769042969e+00,6.735575944185256958e-02,3.402000000000000000e+03,3.548510009765625000e+03
6.961627006530761719e-01,2.145627290010452271e-01,6.640175580978393555e-01,1.213162243366241455e-01,8.604143857955932617e-01,8.518166840076446533e-02,2.690000000000000000e+03,2.725137939453125000e+03
-7.667446881532669067e-02,-7.500000000000000000e-01,-4.690587893128395081e-02,-6.837354302406311035e-01,5.707155466079711914e-01,7.783629000186920166e-02,1.960000000000000000e+03,1.991751220703125000e+03
1.589755415916442871e-01,6.672313809394836426e-01,3.794425725936889648e-01,6.247923970222473145e-01,6.998471617698669434e-01,8.056751638650894165e-02,1.966000000000000000e+03,2.163618408203125000e+03
3.562291860580444336e-01,2.145627290010452271e-01,2.538735568523406982e-01,2.264315485954284668e-01,4.403429627418518066e-01,7.642678171396255493e-02,1.707000000000000000e+03,1.799254516601562500e+03
-5.683409571647644043e-01,-5.000000074505805969e-02,-5.659492015838623047e-01,-1.430987864732742310e-01,1.014134883880615234e+00,5.715776979923248291e-02,4.261000000000000000e+03,4.296806152343750000e+03
6.672313809394836426e-01,-2.000000029802322388e-01,6.607385277748107910e-01,-3.107010722160339355e-01,9.325410127639770508e-01,7.382799685001373291e-02,3.618000000000000000e+03,3.669194824218750000e+03
6.961627006530761719e-01,1.366542428731918335e-01,4.730194509029388428e-01,-2.376825511455535889e-01,9.746097326278686523e-01,5.988667905330657959e-02,3.897000000000000000e+03,4.642792968750000000e+03
4.223684668540954590e-01,4.862083792686462402e-01,5.827976465225219727e-01,3.474266231060028076e-01,8.823320865631103516e-01,7.094058394432067871e-02,3.066000000000000000e+03,3.240881835937500000e+03
2.861732244491577148e-01,-7.500000000000000000e-01,2.531130015850067139e-01,-8.376555442810058594e-01,7.228578329086303711e-01,8.708782494068145752e-02,2.055000000000000000e+03,2.089391357421875000e+03
-3.659073412418365479e-01,-4.499999880790710449e-01,-8.101462125778198242e-01,-4.952212870121002197e-01,1.027602076530456543e+00,7.133655250072479248e-02,3.467000000000000000e+03,4.096721679687500000e+03
-1.196730434894561768e-01,6.379825472831726074e-01,-2.638718187808990479e-01,6.081265807151794434e-01,8.291670083999633789e-01,6.992965936660766602e-02,2.691000000000000000e+03,2.775013671875000000e+03
2.116889059543609619e-01,4.545493423938751221e-01,1.823735833168029785e-01,3.873399794101715088e-01,3.303859531879425049e-01,1.059586182236671448e-01,1.038000000000000000e+03,1.088457885742187500e+03
-2.500000000000000000e-01,-5.700559616088867188e-01,-5.874280333518981934e-01,-5.334959030151367188e-01,9.726502895355224609e-01,7.394543290138244629e-02,3.744000000000000000e+03,4.187602539062500000e+03
2.145627290010452271e-01,-1.618416309356689453e-01,-6.257249042391777039e-03,-1.361531466245651245e-01,1.056197643280029297e+00,6.741119921207427979e-02,3.428000000000000000e+03,3.578029052734375000e+03
-3.659073412418365479e-01,-4.499999880790710449e-01,-4.481786191463470459e-01,-3.241538107395172119e-01,6.079964637756347656e-01,7.214444875717163086e-02,2.239000000000000000e+03,2.373650146484375000e+03
-1.500000059604644775e-01,2.872454822063446045e-01,-2.794242799282073975e-01,2.923725843429565430e-01,7.036586403846740723e-01,7.036957889795303345e-02,1.840000000000000000e+03,1.901768798828125000e+03
-5.500000119209289551e-01,1.188351139426231384e-01,-9.297438263893127441e-01,3.206123411655426025e-01,1.063666582107543945e+00,6.054197996854782104e-02,3.884000000000000000e+03,4.495734863281250000e+03
-8.204144239425659180e-01,-5.178191065788269043e-01,-7.042130231857299805e-01,-3.689621388912200928e-01,6.915047764778137207e-01,5.686853080987930298e-02,2.275000000000000000e+03,2.441809814453125000e+03
6.961627006530761719e-01,-1.500000059604644775e-01,5.846002697944641113e-01,3.063019923865795135e-02,9.379527568817138672e-01,1.882544457912445068e-01,1.685000000000000000e+03,1.770325073242187500e+03
-5.683409571647644043e-01,-6.590732932090759277e-02,-6.333885192871093750e-01,-1.327380836009979248e-01,9.114207625389099121e-01,6.895788013935089111e-02,2.554000000000000000e+03,2.580797119140625000e+03
4.223684668540954590e-01,-1.000000014901161194e-01,1.806126832962036133e-01,-3.979712128639221191e-01,8.792231678962707520e-01,6.158253550529479980e-02,3.568000000000000000e+03,4.220925292968750000e+03
-8.000000119209289551e-01,-1.334575936198234558e-02,-7.564074993133544922e-01,-5.952394381165504456e-02,4.819549620151519775e-01,5.683270096778869629e-02,1.707000000000000000e+03,1.736498413085937500e+03
6.080385446548461914e-01,6.379825472831726074e-01,3.345600366592407227e-01,6.381830573081970215e-01,8.544178009033203125e-01,6.125809997320175171e-02,3.171000000000000000e+03,3.488441650390625000e+03
7.514700293540954590e-02,6.379825472831726074e-01,2.431955486536026001e-01,4.564650058746337891e-01,9.382556676864624023e-01,6.691452115774154663e-02,3.324000000000000000e+03,3.551772705078125000e+03
6.944961845874786377e-03,6.379825472831726074e-01,1.045032814145088196e-01,1.019125461578369141e+00,9.571376442909240723e-01,5.771439149975776672e-02,3.894000000000000000e+03,4.528459960937500000e+03
3.218087181448936462e-02,-5.500000119209289551e-01,-2.422763407230377197e-01,-5.747496485710144043e-01,7.779478430747985840e-01,8.268762379884719849e-02,2.227000000000000000e+03,2.498222656250000000e+03
-9.499999880790710449e-01,1.151597201824188232e-01,-1.089105010032653809e+00,1.212049461901187897e-02,6.037975549697875977e-01,6.706703454256057739e-02,2.450000000000000000e+03,2.647896240234375000e+03
-6.000000238418579102e-01,9.482004493474960327e-02,-2.989861071109771729e-01,-7.973956875503063202e-03,1.034888148307800293e+00,6.890391558408737183e-02,3.771000000000000000e+03,4.120002441406250000e+03
3.221365213394165039e-01,-6.000000238418579102e-01,4.097405374050140381e-01,-6.958869099617004395e-01,8.383560180664062500e-01,6.882696598768234253e-02,3.417000000000000000e+03,3.498742187500000000e+03
-2.000000029802322388e-01,6.672313809394836426e-01,-6.023660898208618164e-01,7.541063427925109863e-01,8.736707568168640137e-01,6.820504367351531982e-02,3.291000000000000000e+03,3.987569335937500000e+03
4.545493423938751221e-01,-4.499999880790710449e-01,3.710343241691589355e-01,-3.653907179832458496e-01,1.084081888198852539e+00,4.851684719324111938e-02,3.932000000000000000e+03,3.979267089843750000e+03
-2.000000029802322388e-01,2.514390051364898682e-01,-8.468562364578247070e-02,1.829252094030380249e-01,9.049162268638610840e-01,6.016071885824203491e-02,3.809000000000000000e+03,3.892170898437500000e+03
-8.707512021064758301e-01,-2.204144299030303955e-01,-8.641160130500793457e-01,-6.763570010662078857e-02,6.841807961463928223e-01,1.633608192205429077e-01,2.269000000000000000e+03,2.381008789062500000e+03
-5.000000000000000000e-01,4.862083792686462402e-01,-3.714915215969085693e-01,3.450809419155120850e-01,1.035088539123535156e+00,6.236734986305236816e-02,3.058000000000000000e+03,3.161269775390625000e+03
5.481259822845458984e-01,-3.659073412418365479e-01,4.762612879276275635e-01,-3.574582636356353760e-01,9.503896832466125488e-01,5.082913488149642944e-02,3.241000000000000000e+03,3.259661132812500000e+03
6.672313809394836426e-01,-1.876825690269470215e-01,8.811029195785522461e-01,-1.451147049665451050e-01,9.716089963912963867e-01,5.214374512434005737e-02,3.257000000000000000e+03,3.419432128906250000e+03
2.872454822063446045e-01,6.083970069885253906e-01,9.757038205862045288e-02,3.623352944850921631e-01,1.035159707069396973e+00,7.643162459135055542e-02,3.144000000000000000e+03,3.421836669921875000e+03
-1.851697266101837158e-01,5.784529447555541992e-01,2.041133940219879150e-01,5.899823307991027832e-01,9.314087033271789551e-01,6.324650347232818604e-02,3.427000000000000000e+03,4.004567871093750000e+03
1.053768023848533630e-01,-7.500000000000000000e-01,9.934576600790023804e-02,-7.288696765899658203e-01,4.100118577480316162e-01,1.450966894626617432e-01,9.990000000000000000e+02,1.001873779296875000e+03
1.329784244298934937e-01,-5.183409452438354492e-01,4.296738188713788986e-03,-5.108361840248107910e-01,7.242239713668823242e-01,6.188670173287391663e-02,2.641000000000000000e+03,2.723959716796875000e+03
6.083970069885253906e-01,-2.369198352098464966e-01,6.003199219703674316e-01,-2.393988370895385742e-01,5.852454304695129395e-01,7.082139700651168823e-02,1.682000000000000000e+03,1.682353759765625000e+03
-6.188200116157531738e-01,-4.499999880790710449e-01,-7.572053670883178711e-01,-6.260657310485839844e-01,9.113384485244750977e-01,4.864850640296936035e-02,2.615000000000000000e+03,2.770767822265625000e+03
1.707469075918197632e-01,-4.499999880790710449e-01,2.199609875679016113e-01,-7.501633167266845703e-01,1.151520848274230957e+00,5.061748251318931580e-02,3.995000000000000000e+03,4.268751953125000000e+03
-5.500000119209289551e-01,-3.499999940395355225e-01,-7.305480241775512695e-01,-3.475397527217864990e-01,7.993509769439697266e-01,6.703234463930130005e-02,2.971000000000000000e+03,3.120684082031250000e+03
5.000000074505805969e-02,-3.499999940395355225e-01,-2.038151174783706665e-01,-3.410683870315551758e-01,9.419552087783813477e-01,6.037670001387596130e-02,3.620000000000000000e+03,3.878383789062500000e+03
-2.678191363811492920e-01,2.145627290010452271e-01,-4.076043367385864258e-01,6.195278465747833252e-02,9.297217726707458496e-01,7.002521306276321411e-02,3.261000000000000000e+03,3.420336669921875000e+03
-3.499999940395355225e-01,3.562291860580444336e-01,-3.544872701168060303e-01,1.681349426507949829e-01,9.325453042984008789e-01,5.711816996335983276e-02,3.682000000000000000e+03,3.830512939453125000e+03
4.223684668540954590e-01,-3.499999940395355225e-01,4.686641097068786621e-01,-4.524472057819366455e-01,9.962603449821472168e-01,7.119261473417282104e-02,3.688000000000000000e+03,3.734875000000000000e+03
-4.883969128131866455e-01,6.379825472831726074e-01,-7.154815793037414551e-01,7.500366568565368652e-01,8.335785269737243652e-01,5.644555389881134033e-02,3.117000000000000000e+03,3.398316162109375000e+03
-5.000000000000000000e-01,1.707469075918197632e-01,-7.061385363340377808e-02,-5.534738674759864807e-02,1.073373079299926758e+00,7.117374241352081299e-02,3.885000000000000000e+03,4.645322753906250000e+03
-7.196730375289916992e-01,-5.000000074505805969e-02,-6.248741149902343750e-01,3.903702646493911743e-02,6.250567436218261719e-01,1.110351607203483582e-01,1.454000000000000000e+03,1.516280883789062500e+03
-4.183409512042999268e-01,-6.499999761581420898e-01,-3.801002800464630127e-01,-7.750371098518371582e-01,7.732990384101867676e-01,6.602330505847930908e-02,2.952000000000000000e+03,3.035899658203125000e+03
-5.500000119209289551e-01,2.503692209720611572e-01,-6.157892346382141113e-01,6.320264935493469238e-01,1.001805424690246582e+00,6.739177554845809937e-02,3.953000000000000000e+03,4.523606445312500000e+03
8.665423840284347534e-02,-6.000000238418579102e-01,8.655744045972824097e-02,-4.410761892795562744e-01,8.311150074005126953e-01,6.570353358983993530e-02,2.567000000000000000e+03,2.660000732421875000e+03
4.545493423938751221e-01,-2.000000029802322388e-01,3.689062893390655518e-01,-2.027013897895812988e-01,1.196739912033081055e+00,5.145118013024330139e-02,4.010000000000000000e+03,4.030394531250000000e+03
2.863300442695617676e-01,6.961627006530761719e-01,8.426289260387420654e-02,8.229686617851257324e-01,6.467193365097045898e-01,7.007733732461929321e-02,2.776000000000000000e+03,3.142865234375000000e+03
3.562291860580444336e-01,-3.499999940395355225e-01,2.409956604242324829e-01,-5.876718163490295410e-01,1.194928169250488281e+00,6.652473658323287964e-02,3.793000000000000000e+03,3.976432861328125000e+03
-2.814403176307678223e-01,-6.999999880790710449e-01,-2.615647017955780029e-01,-5.245742797851562500e-01,7.933608889579772949e-01,7.127522677183151245e-02,2.668000000000000000e+03,2.798361816406250000e+03
-4.000000059604644775e-01,1.366542428731918335e-01,-4.886550903320312500e-01,-1.663164794445037842e-01,7.975498437881469727e-01,6.978592276573181152e-02,2.810000000000000000e+03,3.236158203125000000e+03
-5.178191065788269043e-01,0.000000000000000000e+00,-5.312151908874511719e-01,9.382396936416625977e-02,1.180272579193115234e+00,6.287983059883117676e-02,3.477000000000000000e+03,3.499505371093750000e+03
2.855316698551177979e-01,-3.499999940395355225e-01,3.158106505870819092e-01,-6.357039213180541992e-01,7.531598806381225586e-01,7.835750281810760498e-02,2.723000000000000000e+03,3.107156494140625000e+03
-6.499999761581420898e-01,-5.000000074505805969e-02,-5.778595805168151855e-01,-3.280887752771377563e-02,7.684962153434753418e-01,5.959438160061836243e-02,2.818000000000000000e+03,2.844119140625000000e+03
-4.499999880790710449e-01,-5.500000119209289551e-01,-1.577320098876953125e-01,-4.641942977905273438e-01,1.034356951713562012e+00,6.519643962383270264e-02,3.338000000000000000e+03,3.621913085937500000e+03
1.169811934232711792e-01,6.961627006530761719e-01,-6.755448132753372192e-02,7.895007729530334473e-01,8.769381046295166016e-01,6.388042122125625610e-02,2.844000000000000000e+03,2.999996826171875000e+03
3.562291860580444336e-01,4.223684668540954590e-01,1.041462272405624390e-02,4.505504965782165527e-01,9.565919637680053711e-01,6.221198290586471558e-02,3.433000000000000000e+03,3.871144531250000000e+03
1.764043420553207397e-01,-5.000000000000000000e-01,2.152081429958343506e-01,-1.455182433128356934e-01,1.153965950012207031e+00,6.002769246697425842e-02,3.724000000000000000e+03,4.071538574218750000e+03
-1.178191304206848145e-01,-5.500000119209289551e-01,-3.723095357418060303e-01,-2.957492768764495850e-01,1.137818455696105957e+00,5.697393789887428284e-02,3.834000000000000000e+03,4.208477539062500000e+03
-7.500000000000000000e-01,-1.881999336183071136e-02,-1.085281252861022949e+00,2.369800582528114319e-03,9.564779996871948242e-01,5.614411830902099609e-02,3.435000000000000000e+03,3.846825439453125000e+03
-5.500000119209289551e-01,-3.372646123170852661e-02,-2.279247492551803589e-01,2.113678306341171265e-01,8.816791176795959473e-01,9.518070518970489502e-02,2.748000000000000000e+03,3.302092041015625000e+03
1.297110766172409058e-01,5.173884034156799316e-01,2.160806655883789062e-01,6.675424575805664062e-01,1.146082162857055664e+00,4.926817864179611206e-02,3.847000000000000000e+03,3.934654785156250000e+03
5.481259822845458984e-01,4.857293367385864258e-01,4.812185466289520264e-01,3.259629011154174805e-01,9.564563035964965820e-01,5.896729603409767151e-02,2.880000000000000000e+03,2.973827148437500000e+03
3.896152675151824951e-01,-3.000000119209289551e-01,2.624852657318115234e-01,-3.949864506721496582e-01,8.432779312133789062e-01,7.676279544830322266e-02,3.205000000000000000e+03,3.317791503906250000e+03
-2.500000000000000000e-01,2.872454822063446045e-01,-1.281741559505462646e-01,5.968451499938964844e-01,7.691728472709655762e-01,8.156476169824600220e-02,2.619000000000000000e+03,3.089394775390625000e+03
-1.500000059604644775e-01,-2.641935050487518311e-01,-1.010636389255523682e-01,-2.236455976963043213e-01,8.344461917877197266e-01,7.097280770540237427e-02,2.970000000000000000e+03,2.987100585937500000e+03
-6.499999761581420898e-01,3.165905550122261047e-02,-9.403734207153320312e-01,2.496625781059265137e-01,1.040547013282775879e+00,4.930284991860389709e-02,3.056000000000000000e+03,3.418085937500000000e+03
6.083970069885253906e-01,-5.200559496879577637e-01,4.939767718315124512e-01,-5.559555292129516602e-01,8.315797448158264160e-01,6.519794464111328125e-02,2.444000000000000000e+03,2.494726318359375000e+03
-5.000000000000000000e-01,2.872454822063446045e-01,-4.767624437808990479e-01,4.560407400131225586e-01,8.594324588775634766e-01,6.760580092668533325e-02,2.612000000000000000e+03,2.713893798828125000e+03
-3.672468066215515137e-01,4.545493423938751221e-01,1.859572157263755798e-02,2.949649393558502197e-01,1.043766379356384277e+00,6.239165738224983215e-02,4.291000000000000000e+03,4.954195312500000000e+03
-5.000000000000000000e-01,2.514390051364898682e-01,-4.663935303688049316e-01,5.388899706304073334e-03,7.949364185333251953e-01,5.692887678742408752e-02,2.764000000000000000e+03,3.027360839843750000e+03
4.482004791498184204e-02,3.562291860580444336e-01,6.205831468105316162e-02,3.018795847892761230e-01,5.038673281669616699e-01,1.139006018638610840e-01,1.436000000000000000e+03,1.454251831054687500e+03
-5.000000000000000000e-01,1.764043420553207397e-01,-7.939006686210632324e-01,1.257590055465698242e-01,1.038500070571899414e+00,6.144973635673522949e-02,3.568000000000000000e+03,3.856201660156250000e+03
-3.499999940395355225e-01,-4.000000059604644775e-01,-3.960101008415222168e-01,-5.114365220069885254e-01,7.723531126976013184e-01,6.150721758604049683e-02,2.779000000000000000e+03,2.846398437500000000e+03
-2.000000029802322388e-01,-4.051799476146697998e-01,-2.748351395130157471e-01,-3.461723923683166504e-01,4.160596728324890137e-01,1.513996571302413940e-01,1.426000000000000000e+03,1.500054687500000000e+03
6.379825472831726074e-01,-2.192623913288116455e-01,7.110355496406555176e-01,-1.091788560152053833e-01,5.169979333877563477e-01,1.274568289518356323e-01,1.579000000000000000e+03,1.680435302734375000e+03
-5.000000000000000000e-01,3.213381767272949219e-01,-5.638507008552551270e-01,3.447777628898620605e-01,9.400162696838378906e-01,6.183917075395584106e-02,3.963000000000000000e+03,3.983732666015625000e+03
-4.499999880790710449e-01,2.872454822063446045e-01,3.800657764077186584e-02,6.409064531326293945e-01,1.169098615646362305e+00,6.111901998519897461e-02,4.676000000000000000e+03,5.852557617187500000e+03
1.764043420553207397e-01,4.545493423938751221e-01,2.938008606433868408e-01,6.222758889198303223e-01,9.099730253219604492e-01,6.500009447336196899e-02,3.181000000000000000e+03,3.340451904296875000e+03
4.223684668540954590e-01,-4.000000059604644775e-01,4.284755289554595947e-01,-4.773669317364692688e-02,1.092793107032775879e+00,5.417085438966751099e-02,4.375000000000000000e+03,4.818372070312500000e+03
-4.380140006542205811e-01,6.083970069885253906e-01,-3.981780111789703369e-01,3.729563653469085693e-01,8.850072622299194336e-01,6.224941834807395935e-02,2.840000000000000000e+03,3.043624023437500000e+03
-1.835057139396667480e-01,-6.704144477844238281e-01,-1.641646027565002441e-01,-6.319998502731323242e-01,3.263110518455505371e-01,1.253232508897781372e-01,7.200000000000000000e+02,7.324422607421875000e+02
-4.499999880790710449e-01,-4.166139364242553711e-01,-5.042502284049987793e-01,-2.594275772571563721e-01,9.925094842910766602e-01,6.001543998718261719e-02,3.074000000000000000e+03,3.159701660156250000e+03
8.338605612516403198e-02,-5.500000119209289551e-01,1.405738890171051025e-01,-6.919788122177124023e-01,1.004061937332153320e+00,7.672232389450073242e-02,3.366000000000000000e+03,3.443777832031250000e+03
3.896152675151824951e-01,5.173884034156799316e-01,4.115661978721618652e-01,6.050451397895812988e-01,5.449872016906738281e-01,7.666508108377456665e-02,2.157000000000000000e+03,2.215980468750000000e+03
-5.000000000000000000e-01,2.872454822063446045e-01,-4.026805162429809570e-01,2.210920900106430054e-01,8.620227575302124023e-01,7.635789364576339722e-02,2.381000000000000000e+03,2.425150634765625000e+03
-4.207512140274047852e-01,4.192008078098297119e-01,-1.829783618450164795e-01,5.909078121185302734e-01,1.025812029838562012e+00,6.737349927425384521e-02,4.014000000000000000e+03,4.335423828125000000e+03
6.379825472831726074e-01,3.555225729942321777e-01,4.995237588882446289e-01,4.633909761905670166e-01,6.943311095237731934e-01,1.245328634977340698e-01,2.311000000000000000e+03,2.456708496093750000e+03
-1.931220665574073792e-02,6.961627006530761719e-01,2.549539320170879364e-02,5.180093646049499512e-01,4.798066914081573486e-01,8.750300854444503784e-02,1.203000000000000000e+03,1.374019653320312500e+03
5.173884034156799316e-01,-3.499999940395355225e-01,3.067355453968048096e-01,-2.726473510265350342e-01,9.948943257331848145e-01,5.910517647862434387e-02,3.716000000000000000e+03,3.903218505859375000e+03
-2.075121551752090454e-02,4.545493423938751221e-01,1.341168731451034546e-01,3.318807184696197510e-01,1.120649933815002441e+00,5.742591246962547302e-02,3.840000000000000000e+03,3.958418945312500000e+03
-5.000000000000000000e-01,3.896152675151824951e-01,-4.086656272411346436e-01,5.408924818038940430e-01,7.427819371223449707e-01,5.349283292889595032e-02,2.826000000000000000e+03,2.984081542968750000e+03
4.862083792686462402e-01,-1.724679581820964813e-02,5.581411719322204590e-01,8.983674459159374237e-03,8.282518386840820312e-01,9.116201847791671753e-02,2.316000000000000000e+03,2.335679443359375000e+03
-2.000000029802322388e-01,4.862083792686462402e-01,-7.533556222915649414e-02,2.602511346340179443e-01,1.177156090736389160e+00,5.134034529328346252e-02,3.885000000000000000e+03,4.069989746093750000e+03
-1.000000000000000000e+00,3.221365213394165039e-01,-1.094640970230102539e+00,1.814378798007965088e-01,5.630367994308471680e-01,1.031465306878089905e-01,2.037000000000000000e+03,2.217772460937500000e+03
-4.499999880790710449e-01,-5.000000000000000000e-01,-3.002485930919647217e-01,-2.236102670431137085e-01,9.794384241104125977e-01,5.207465216517448425e-02,2.768000000000000000e+03,3.046233642578125000e+03
-8.707512021064758301e-01,1.914401501417160034e-01,-9.771583676338195801e-01,1.654822081327438354e-01,7.445792555809020996e-01,6.987823545932769775e-02,3.023000000000000000e+03,3.088066162109375000e+03
-2.641935050487518311e-01,1.764043420553207397e-01,-1.742334919981658459e-03,1.536296308040618896e-01,8.020172715187072754e-01,1.235504820942878723e-01,2.810000000000000000e+03,3.105373779296875000e+03
-5.000000074505805969e-02,-6.499999761581420898e-01,1.615411341190338135e-01,-6.249751448631286621e-01,7.798920273780822754e-01,6.280865520238876343e-02,1.861000000000000000e+03,1.997454101562500000e+03
-5.000000000000000000e-01,-2.159073352813720703e-01,-4.721607863903045654e-01,1.437021195888519287e-01,1.178946733474731445e+00,5.763238295912742615e-02,3.794000000000000000e+03,4.142208496093750000e+03
3.221365213394165039e-01,3.896152675151824951e-01,1.302646696567535400e-01,2.630719169974327087e-02,1.188004016876220703e+00,5.516330897808074951e-02,4.142000000000000000e+03,4.625071777343750000e+03
3.562291860580444336e-01,-2.000000029802322388e-01,1.219313144683837891e-01,6.560193747282028198e-02,9.937769174575805664e-01,1.069018542766571045e-01,3.333000000000000000e+03,3.743716308593750000e+03
-6.999999880790710449e-01,2.494537532329559326e-01,-5.872472524642944336e-01,2.186829298734664917e-01,9.051225781440734863e-01,5.669037625193595886e-02,3.542000000000000000e+03,3.600799316406250000e+03
5.173884034156799316e-01,2.145627290010452271e-01,4.598746895790100098e-01,4.057895243167877197e-01,1.114959239959716797e+00,5.595129355788230896e-02,3.401000000000000000e+03,3.509146240234375000e+03
-5.178191065788269043e-01,9.482004493474960327e-02,-4.134974479675292969e-01,2.000890076160430908e-01,8.171936273574829102e-01,6.666557490825653076e-02,3.455000000000000000e+03,3.567559814453125000e+03
-1.049999952316284180e+00,8.037037402391433716e-02,-1.145424008369445801e+00,1.537090390920639038e-01,3.829779326915740967e-01,1.553580909967422485e-01,1.790000000000000000e+03,1.962685058593750000e+03
-6.312371790409088135e-02,-5.178191065788269043e-01,-1.624900847673416138e-01,-3.659371137619018555e-01,7.801347970962524414e-01,8.417179435491561890e-02,2.443000000000000000e+03,2.573728515625000000e+03
6.083970069885253906e-01,-1.000000014901161194e-01,4.972741305828094482e-01,2.585200825706124306e-03,8.140186667442321777e-01,6.509572267532348633e-02,2.628000000000000000e+03,2.717806884765625000e+03
-5.000000000000000000e-01,-1.500000059604644775e-01,-4.646550118923187256e-01,-1.568957865238189697e-01,6.841688752174377441e-01,1.074607074260711670e-01,1.415000000000000000e+03,1.418918945312500000e+03
3.562291860580444336e-01,-4.000000059604644775e-01,2.629899382591247559e-01,-1.367533355951309204e-01,8.721901774406433105e-01,6.524487584829330444e-02,3.284000000000000000e+03,3.612753662109375000e+03
6.961627006530761719e-01,-9.322456270456314087e-02,6.160617470741271973e-01,-4.971596598625183105e-02,5.951173305511474609e-01,1.418532729148864746e-01,1.197000000000000000e+03,1.224852661132812500e+03
-3.437135741114616394e-02,6.083970069885253906e-01,-1.305255442857742310e-01,4.023872613906860352e-01,8.708214759826660156e-01,7.920797914266586304e-02,3.270000000000000000e+03,3.489000244140625000e+03
3.562291860580444336e-01,5.784529447555541992e-01,3.632665872573852539e-01,2.025093436241149902e-01,9.621781110763549805e-01,6.753013283014297485e-02,3.795000000000000000e+03,4.355454589843750000e+03
-6.000000238418579102e-01,-5.500000119209289551e-01,-7.301603555679321289e-01,-4.581437110900878906e-01,5.716504454612731934e-01,7.478971779346466064e-02,2.439000000000000000e+03,2.625121337890625000e+03
0.000000000000000000e+00,4.545493423938751221e-01,7.579532451927661896e-03,3.987237811088562012e-01,1.139736533164978027e+00,5.916857346892356873e-02,4.258000000000000000e+03,4.268478027343750000e+03
-6.499999761581420898e-01,1.097036451101303101e-01,-5.431609749794006348e-01,-7.167363911867141724e-02,5.733063220977783203e-01,7.190076261758804321e-02,1.353000000000000000e+03,1.529744995117187500e+03
5.173884034156799316e-01,2.872454822063446045e-01,4.460940659046173096e-01,1.913197189569473267e-01,6.359888911247253418e-01,9.015139937400817871e-02,1.512000000000000000e+03,1.564900512695312500e+03
4.545493423938751221e-01,2.872454822063446045e-01,6.466407775878906250e-01,-5.512570962309837341e-02,1.078695654869079590e+00,6.538090854883193970e-02,3.697000000000000000e+03,4.172517089843750000e+03
4.545493423938751221e-01,4.482004791498184204e-02,4.867689013481140137e-01,-4.503218829631805420e-01,1.076665759086608887e+00,5.852176621556282043e-02,4.433000000000000000e+03,5.333540039062500000e+03
-1.192623898386955261e-01,-7.500000000000000000e-01,-2.733708024024963379e-01,-5.641375780105590820e-01,9.585278034210205078e-01,6.863724440336227417e-02,2.404000000000000000e+03,2.554155029296875000e+03
6.961627006530761719e-01,-4.369198381900787354e-01,7.066858410835266113e-01,-3.771298229694366455e-01,7.125670313835144043e-01,7.011334598064422607e-02,2.441000000000000000e+03,2.458650634765625000e+03
4.862083792686462402e-01,-3.499999940395355225e-01,2.339969724416732788e-01,-8.505750298500061035e-01,1.069198608398437500e+00,7.292103022336959839e-02,4.043000000000000000e+03,5.095739257812500000e+03
-4.499999880790710449e-01,-4.499999880790710449e-01,-1.492844671010971069e-01,-4.851243793964385986e-01,1.056374430656433105e+00,7.603878527879714966e-02,2.953000000000000000e+03,3.190492919921875000e+03
-1.692623943090438843e-01,-2.500000000000000000e-01,-3.462798595428466797e-01,-3.581268489360809326e-01,6.363966464996337891e-01,7.109046727418899536e-02,2.021000000000000000e+03,2.230872558593750000e+03
-3.666139543056488037e-01,-4.499999880790710449e-01,-2.809595167636871338e-01,-3.330940604209899902e-01,9.428606629371643066e-01,7.358482480049133301e-02,3.918000000000000000e+03,4.009803222656250000e+03
6.672313809394836426e-01,0.000000000000000000e+00,6.405798792839050293e-01,2.418190240859985352e-01,7.849100828170776367e-01,5.960587412118911743e-02,2.575000000000000000e+03,2.817317138671875000e+03
4.862083792686462402e-01,-7.196730375289916992e-01,3.813043236732482910e-01,-7.330862283706665039e-01,8.066858649253845215e-01,5.896081030368804932e-02,3.145000000000000000e+03,3.198916503906250000e+03
-4.856099188327789307e-02,-8.500000238418579102e-01,7.906189560890197754e-02,-1.007946491241455078e+00,5.509581565856933594e-01,8.519567549228668213e-02,1.807000000000000000e+03,2.044884887695312500e+03
3.221365213394165039e-01,-5.178191065788269043e-01,4.447685480117797852e-01,-3.581098616123199463e-01,7.206553816795349121e-01,8.524807542562484741e-02,2.670000000000000000e+03,2.874648925781250000e+03
4.545493423938751221e-01,5.173884034156799316e-01,3.775245249271392822e-01,5.681258440017700195e-01,5.704862475395202637e-01,9.192349016666412354e-02,2.016000000000000000e+03,2.068302978515625000e+03
5.173884034156799316e-01,3.896152675151824951e-01,5.543620586395263672e-01,5.954449772834777832e-01,8.395031094551086426e-01,7.735793292522430420e-02,2.768000000000000000e+03,2.937656982421875000e+03
-7.500000000000000000e-01,-8.201263844966888428e-02,-2.532002329826354980e-01,1.167633160948753357e-01,9.465575218200683594e-01,7.432468980550765991e-02,3.351000000000000000e+03,4.358147949218750000e+03
2.112953811883926392e-01,5.173884034156799316e-01,2.304963618516921997e-01,4.684944152832031250e-01,8.841360211372375488e-01,6.196666881442070007e-02,2.737000000000000000e+03,2.746585937500000000e+03
6.961627006530761719e-01,-2.686383575201034546e-02,1.001732945442199707e+00,1.304917931556701660e-01,7.252871394157409668e-01,1.286701709032058716e-01,1.541000000000000000e+03,1.870842285156250000e+03
2.863300442695617676e-01,-4.499999880790710449e-01,6.478069722652435303e-02,-6.294863224029541016e-01,1.037370443344116211e+00,6.665012240409851074e-02,3.942000000000000000e+03,4.234928710937500000e+03
-5.000000000000000000e-01,4.545493423938751221e-01,-2.160558104515075684e-01,5.406029820442199707e-01,8.142270445823669434e-01,6.325109302997589111e-02,3.283000000000000000e+03,3.706908691406250000e+03
5.173884034156799316e-01,-3.037051111459732056e-02,8.622822165489196777e-01,-1.349545270204544067e-01,1.192205429077148438e+00,5.450572073459625244e-02,3.051000000000000000e+03,3.324052490234375000e+03
-3.196730315685272217e-01,5.173884034156799316e-01,-6.300266385078430176e-01,5.239839553833007812e-01,7.801860570907592773e-01,6.432784348726272583e-02,2.361000000000000000e+03,2.721786132812500000e+03
-5.000000000000000000e-01,4.844933748245239258e-01,-4.640962183475494385e-01,5.637075901031494141e-01,8.621052503585815430e-01,7.353782653808593750e-02,3.442000000000000000e+03,3.477035644531250000e+03
-9.846287220716476440e-02,5.784529447555541992e-01,-1.915023326873779297e-01,5.637297034263610840e-01,3.210212588310241699e-01,1.110868975520133972e-01,1.001000000000000000e+03,1.085414794921875000e+03
6.933567672967910767e-02,6.961627006530761719e-01,8.993852883577346802e-03,1.047465443611145020e+00,8.014032840728759766e-01,8.998288959264755249e-02,3.313000000000000000e+03,3.942316650390625000e+03
4.862083792686462402e-01,-3.000000119209289551e-01,2.606348991394042969e-01,-2.199307978153228760e-01,9.401531815528869629e-01,6.117789074778556824e-02,3.830000000000000000e+03,4.074895019531250000e+03
3.562291860580444336e-01,-4.000000059604644775e-01,3.463408052921295166e-01,-4.220246076583862305e-01,1.133389234542846680e+00,5.594339966773986816e-02,3.936000000000000000e+03,3.937820800781250000e+03
-2.183409482240676880e-01,-6.499999761581420898e-01,-1.243559643626213074e-02,-4.088204503059387207e-01,1.033209800720214844e+00,6.026526913046836853e-02,3.612000000000000000e+03,3.944893554687500000e+03
4.545493423938751221e-01,-2.500000000000000000e-01,5.492309331893920898e-01,-5.805996656417846680e-01,9.828590750694274902e-01,8.163845539093017578e-02,3.171000000000000000e+03,3.548194335937500000e+03
-3.000000119209289551e-01,3.896152675151824951e-01,-6.569667458534240723e-01,6.332439184188842773e-01,9.538947939872741699e-01,6.434598565101623535e-02,3.394000000000000000e+03,4.060712402343750000e+03
8.175703883171081543e-02,7.247940897941589355e-01,-2.905574627220630646e-02,7.559403181076049805e-01,4.421541988849639893e-01,8.489572256803512573e-02,1.327000000000000000e+03,1.415464721679687500e+03
-4.499999880790710449e-01,-6.000000238418579102e-01,-3.937095105648040771e-01,-6.041863560676574707e-01,6.270260214805603027e-01,7.307923585176467896e-02,1.528000000000000000e+03,1.540414184570312500e+03
5.784529447555541992e-01,2.994404174387454987e-02,4.679672420024871826e-01,2.135107479989528656e-02,5.848649740219116211e-01,7.147975265979766846e-02,1.737000000000000000e+03,1.798845825195312500e+03
6.961627006530761719e-01,-3.499999940395355225e-01,5.994303822517395020e-01,-4.141713380813598633e-01,5.889640450477600098e-01,1.089454889297485352e-01,1.484000000000000000e+03,1.541243774414062500e+03
1.366542428731918335e-01,3.896152675151824951e-01,8.637071587145328522e-03,5.327833294868469238e-01,5.473710298538208008e-01,6.610368937253952026e-02,2.043000000000000000e+03,2.287937255859375000e+03
1.316963285207748413e-01,5.481259822845458984e-01,3.028649091720581055e-01,5.474572181701660156e-01,7.940066456794738770e-01,8.255718648433685303e-02,2.373000000000000000e+03,2.481937500000000000e+03
-4.499999880790710449e-01,5.784529447555541992e-01,-6.929171681404113770e-01,2.984194159507751465e-01,9.441823363304138184e-01,5.990369990468025208e-02,2.886000000000000000e+03,3.315461914062500000e+03
6.379825472831726074e-01,-2.859632968902587891e-01,5.195342302322387695e-01,-2.537395954132080078e-01,1.010587453842163086e+00,8.069830387830734253e-02,3.049000000000000000e+03,3.093663085937500000e+03
-2.641935050487518311e-01,5.784529447555541992e-01,-3.788020014762878418e-01,4.237405657768249512e-01,9.047489166259765625e-01,6.023285537958145142e-02,3.095000000000000000e+03,3.233376464843750000e+03
2.855316698551177979e-01,6.672313809394836426e-01,3.542647063732147217e-01,5.509296059608459473e-01,6.652984619140625000e-01,1.236312687397003174e-01,2.035000000000000000e+03,2.117992431640625000e+03
4.862083792686462402e-01,0.000000000000000000e+00,8.398770689964294434e-01,-1.378880999982357025e-02,9.163207411766052246e-01,6.215375289320945740e-02,3.607000000000000000e+03,4.127662109375000000e+03
5.173884034156799316e-01,6.083970069885253906e-01,5.428438782691955566e-01,6.103106141090393066e-01,4.364752769470214844e-01,6.945846974849700928e-02,1.702000000000000000e+03,1.707859863281250000e+03
-5.000000074505805969e-02,6.961627006530761719e-01,-2.906411290168762207e-01,6.472633481025695801e-01,8.225942254066467285e-01,6.989482045173645020e-02,2.986000000000000000e+03,3.246543457031250000e+03
-2.500000000000000000e-01,-8.000000119209289551e-01,-2.534211874008178711e-01,-8.264829516410827637e-01,3.999112248420715332e-01,7.970507442951202393e-02,1.315000000000000000e+03,1.320860717773437500e+03
-5.500000119209289551e-01,-4.192623794078826904e-01,-5.885249376296997070e-01,-3.453013002872467041e-01,6.538674235343933105e-01,7.782248407602310181e-02,1.669000000000000000e+03,1.696037231445312500e+03
4.217961132526397705e-01,-5.500000119209289551e-01,3.962318301200866699e-01,-4.461139738559722900e-01,1.003357052803039551e+00,6.418129056692123413e-02,3.166000000000000000e+03,3.201941650390625000e+03
-5.500000119209289551e-01,-5.179951898753643036e-03,-4.234072268009185791e-01,1.512796990573406219e-02,6.335999369621276855e-01,8.459801226854324341e-02,1.408000000000000000e+03,1.465106079101562500e+03
5.173884034156799316e-01,-2.000000029802322388e-01,4.831511676311492920e-01,-2.181319147348403931e-01,8.743653893470764160e-01,6.062579900026321411e-02,3.114000000000000000e+03,3.120049316406250000e+03
-4.499999880790710449e-01,-2.500000000000000000e-01,-4.897530376911163330e-01,-3.146332502365112305e-01,6.043727397918701172e-01,7.974587380886077881e-02,2.165000000000000000e+03,2.198932373046875000e+03
2.221365272998809814e-01,6.961627006530761719e-01,3.375815153121948242e-01,8.352506160736083984e-01,6.061670780181884766e-01,1.619248241186141968e-01,8.590000000000000000e+02,9.339520874023437500e+02
-6.499999761581420898e-01,2.514390051364898682e-01,-7.070450782775878906e-01,-1.587391793727874756e-01,9.820750951766967773e-01,6.145678088068962097e-02,3.897000000000000000e+03,4.563702636718750000e+03
6.672313809394836426e-01,-5.000000000000000000e-01,5.766339898109436035e-01,-6.275054216384887695e-01,8.095526099205017090e-01,6.678286939859390259e-02,2.806000000000000000e+03,2.910023437500000000e+03
1.764043420553207397e-01,-5.178191065788269043e-01,2.798002958297729492e-01,-1.075516223907470703e+00,1.040302991867065430e+00,5.950396135449409485e-02,3.884000000000000000e+03,4.971987304687500000e+03
-6.999999880790710449e-01,5.173884034156799316e-01,-7.032666206359863281e-01,4.259155988693237305e-01,8.063272833824157715e-01,5.885424464941024780e-02,2.931000000000000000e+03,2.968595947265625000e+03
5.481259822845458984e-01,-1.000000014901161194e-01,3.652182519435882568e-01,-5.413361266255378723e-02,9.997423887252807617e-01,5.975542217493057251e-02,3.490000000000000000e+03,3.612821289062500000e+03
3.562291860580444336e-01,-6.999999880790710449e-01,6.263601183891296387e-01,-5.706663131713867188e-01,9.165505170822143555e-01,5.501991510391235352e-02,3.046000000000000000e+03,3.363599365234375000e+03
3.896152675151824951e-01,2.145627290010452271e-01,5.031588673591613770e-02,1.521956622600555420e-01,1.120487809181213379e+00,5.753578990697860718e-02,4.358000000000000000e+03,4.763014648437500000e+03
6.672313809394836426e-01,2.552863955497741699e-01,6.262485384941101074e-01,6.118466854095458984e-01,7.883782386779785156e-01,6.658683717250823975e-02,2.975000000000000000e+03,3.565979736328125000e+03
-5.178191065788269043e-01,4.183419048786163330e-02,-6.915664076805114746e-01,1.569941043853759766e-01,8.411411046981811523e-01,7.892814278602600098e-02,2.691000000000000000e+03,2.853605468750000000e+03
3.221365213394165039e-01,5.481259822845458984e-01,2.530249953269958496e-01,7.215051651000976562e-01,6.166153550148010254e-01,1.033076718449592590e-01,2.337000000000000000e+03,2.547034423828125000e+03
3.221365213394165039e-01,-6.499999761581420898e-01,-9.573748335242271423e-03,-6.813930869102478027e-01,8.650019168853759766e-01,8.220023661851882935e-02,3.155000000000000000e+03,3.608683593750000000e+03
-6.499999761581420898e-01,-2.672467827796936035e-01,-6.633614897727966309e-01,-8.710575103759765625e-02,8.438695073127746582e-01,5.639112368226051331e-02,2.859000000000000000e+03,2.988872070312500000e+03
5.143900960683822632e-02,-7.500000000000000000e-01,3.786609973758459091e-03,-6.933441162109375000e-01,3.822515308856964111e-01,1.041295900940895081e-01,1.127000000000000000e+03,1.168779907226562500e+03
-3.490366786718368530e-02,6.961627006530761719e-01,4.187122732400894165e-02,7.183036208152770996e-01,4.857669472694396973e-01,7.096687704324722290e-02,1.332000000000000000e+03,1.367716186523437500e+03
-4.710686206817626953e-01,7.247940897941589355e-01,-3.345670104026794434e-01,6.346759796142578125e-01,7.831078767776489258e-01,8.084134757518768311e-02,2.252000000000000000e+03,2.348984375000000000e+03
-1.672467887401580811e-01,-5.000000000000000000e-01,-8.291324973106384277e-02,-5.534279942512512207e-01,1.076404690742492676e+00,5.682218074798583984e-02,4.239000000000000000e+03,4.275420410156250000e+03
-5.179951898753643036e-03,6.083970069885253906e-01,-9.378296881914138794e-02,3.851232826709747314e-01,1.041001558303833008e+00,5.930613353848457336e-02,3.999000000000000000e+03,4.208767578125000000e+03
6.961627006530761719e-01,-2.500000000000000000e-01,8.408626914024353027e-01,-7.855749875307083130e-02,7.581365704536437988e-01,8.877223730087280273e-02,2.593000000000000000e+03,2.815437255859375000e+03
-6.999999880790710449e-01,0.000000000000000000e+00,-8.930129408836364746e-01,-3.256602883338928223e-01,8.990636467933654785e-01,7.434614002704620361e-02,3.422000000000000000e+03,4.005249023437500000e+03
-2.633457481861114502e-01,6.961627006530761719e-01,-8.372706919908523560e-02,6.986781358718872070e-01,5.320566296577453613e-01,9.702624380588531494e-02,1.517000000000000000e+03,1.685687255859375000e+03
7.871048152446746826e-02,-7.700559496879577637e-01,8.941441774368286133e-02,-9.578519463539123535e-01,7.689136862754821777e-01,6.453768163919448853e-02,2.888000000000000000e+03,3.058389404296875000e+03
6.961627006530761719e-01,5.000000074505805969e-02,3.674586415290832520e-01,-1.061741337180137634e-01,1.052466154098510742e+00,6.400049477815628052e-02,3.861000000000000000e+03,4.309522460937500000e+03
3.896152675151824951e-01,1.764043420553207397e-01,2.550592124462127686e-01,5.234468579292297363e-01,1.210473537445068359e+00,5.054916813969612122e-02,4.231000000000000000e+03,4.622574707031250000e+03
5.149982869625091553e-02,-6.999999880790710449e-01,1.778128594160079956e-01,-8.879889845848083496e-01,8.614588379859924316e-01,7.578451931476593018e-02,3.363000000000000000e+03,3.591349121093750000e+03
4.545493423938751221e-01,-2.500000000000000000e-01,9.094012379646301270e-01,-2.970694303512573242e-01,1.096215724945068359e+00,6.171084195375442505e-02,3.408000000000000000e+03,3.980215087890625000e+03
6.379825472831726074e-01,2.826190292835235596e-01,4.799531698226928711e-01,2.138634771108627319e-01,8.704814910888671875e-01,6.967896223068237305e-02,2.216000000000000000e+03,2.301962158203125000e+03
-3.233090341091156006e-01,-9.499999880790710449e-01,-1.168410480022430420e-01,-1.209857940673828125e+00,6.255206465721130371e-01,8.690790832042694092e-02,2.202000000000000000e+03,2.788681884765625000e+03
-8.000000119209289551e-01,3.221365213394165039e-01,-8.943691253662109375e-01,2.258218675851821899e-01,7.365446686744689941e-01,7.880859822034835815e-02,2.709000000000000000e+03,2.798861328125000000e+03
6.083970069885253906e-01,-2.500000000000000000e-01,6.808608770370483398e-01,-2.782112061977386475e-01,6.750432252883911133e-01,8.558388054370880127e-02,1.913000000000000000e+03,1.938215209960937500e+03
6.961627006530761719e-01,-1.395712047815322876e-01,5.034050941467285156e-01,2.341350317001342773e-01,9.196257591247558594e-01,8.702722191810607910e-02,2.331000000000000000e+03,2.797517333984375000e+03
-6.499999761581420898e-01,-7.859084010124206543e-02,-4.298875331878662109e-01,-2.042017281055450439e-01,7.179947495460510254e-01,6.049422547221183777e-02,2.456000000000000000e+03,2.753941650390625000e+03
6.961627006530761719e-01,-4.166139364242553711e-01,7.129121422767639160e-01,-3.816877603530883789e-01,5.573785305023193359e-01,6.898190826177597046e-02,1.719000000000000000e+03,1.727253051757812500e+03
-2.000000029802322388e-01,4.223684668540954590e-01,-2.643005847930908203e-01,1.980454325675964355e-01,1.025424003601074219e+00,7.090393453836441040e-02,3.852000000000000000e+03,4.049041503906250000e+03
3.832499980926513672e-01,-1.000000000000000000e+00,2.891430854797363281e-01,-1.066993355751037598e+00,4.695774912834167480e-01,9.189195930957794189e-02,1.477000000000000000e+03,1.564980468750000000e+03
-6.188200116157531738e-01,-1.854339390993118286e-01,-7.101917862892150879e-01,-1.881318092346191406e-01,9.415470957756042480e-01,6.128607317805290222e-02,2.948000000000000000e+03,2.975615722656250000e+03
3.767367303371429443e-01,7.812180519104003906e-01,5.275730490684509277e-01,7.051792144775390625e-01,6.584683060646057129e-01,1.143440827727317810e-01,2.274000000000000000e+03,2.421447998046875000e+03
-5.178191065788269043e-01,8.338605612516403198e-02,-6.745949387550354004e-01,1.122776269912719727e-01,5.926799178123474121e-01,7.170622050762176514e-02,2.022000000000000000e+03,2.165674560546875000e+03
2.872454822063446045e-01,3.896152675151824951e-01,2.224566042423248291e-01,-5.140314251184463501e-02,8.556341528892517090e-01,6.286674737930297852e-02,3.174000000000000000e+03,3.991062255859375000e+03
3.073761053383350372e-02,6.961627006530761719e-01,-2.497425377368927002e-01,3.030979633331298828e-01,9.996410608291625977e-01,6.828200072050094604e-02,3.256000000000000000e+03,3.979491699218750000e+03
3.896152675151824951e-01,6.672313809394836426e-01,4.860644340515136719e-01,3.895692527294158936e-01,8.998533487319946289e-01,5.587382987141609192e-02,2.259000000000000000e+03,2.494540771484375000e+03
2.454615086317062378e-01,-6.188200116157531738e-01,1.322649270296096802e-01,-4.869556725025177002e-01,9.489279389381408691e-01,6.334065645933151245e-02,3.521000000000000000e+03,3.637796630859375000e+03
7.247940897941589355e-01,-3.876825869083404541e-01,7.211052179336547852e-01,-3.873281478881835938e-01,7.366110086441040039e-01,8.059102296829223633e-02,2.432000000000000000e+03,2.432060791015625000e+03
4.545493423938751221e-01,-2.151089608669281006e-01,5.519434213638305664e-01,-1.115077361464500427e-01,1.191720724105834961e+00,5.905102938413619995e-02,3.549000000000000000e+03,3.599218505859375000e+03
-3.683409392833709717e-01,6.961627006530761719e-01,-2.794957160949707031e-02,7.320536375045776367e-01,7.532597780227661133e-01,1.319507956504821777e-01,2.121000000000000000e+03,2.540765380859375000e+03
4.482004791498184204e-02,4.223684668540954590e-01,-1.288623083382844925e-02,9.103094339370727539e-01,1.087634682655334473e+00,6.572379171848297119e-02,4.031000000000000000e+03,4.819895996093750000e+03
4.654265567660331726e-02,-6.999999880790710449e-01,4.009024202823638916e-01,-6.850135326385498047e-01,1.025673389434814453e+00,6.932822614908218384e-02,2.748000000000000000e+03,3.067228027343750000e+03
-3.692623972892761230e-01,-6.499999761581420898e-01,-2.649946212768554688e-01,-7.004416584968566895e-01,5.810753703117370605e-01,6.440705060958862305e-02,2.122000000000000000e+03,2.205709716796875000e+03
8.218087255954742432e-02,3.889823853969573975e-01,3.989346325397491455e-02,4.197291433811187744e-01,6.461330652236938477e-01,7.843811810016632080e-02,1.853000000000000000e+03,1.865145996093750000e+03
-6.000000238418579102e-01,-1.000000014901161194e-01,-6.332918405532836914e-01,-4.824621975421905518e-01,9.937999248504638672e-01,6.479004025459289551e-02,3.994000000000000000e+03,4.570524414062500000e+03
3.562291860580444336e-01,2.145627290010452271e-01,1.161722615361213684e-01,1.550607830286026001e-01,9.439948797225952148e-01,7.262250781059265137e-02,3.002000000000000000e+03,3.204905761718750000e+03
6.961627006530761719e-01,-4.377080500125885010e-02,1.036231040954589844e+00,-1.909209638833999634e-01,4.957906305789947510e-01,1.719141900539398193e-01,1.111000000000000000e+03,1.682024291992187500e+03
-3.672468066215515137e-01,4.862083792686462402e-01,-3.369453847408294678e-01,6.924293637275695801e-01,5.969171524047851562e-01,2.175447642803192139e-01,1.188000000000000000e+03,1.328758544921875000e+03
-5.500000119209289551e-01,-1.926239021122455597e-02,-5.636702179908752441e-01,-2.006153613328933716e-01,1.096425175666809082e+00,5.601783469319343567e-02,4.816000000000000000e+03,4.947687500000000000e+03
4.862083792686462402e-01,5.173884034156799316e-01,7.805299758911132812e-01,6.009950041770935059e-01,7.703722715377807617e-01,8.136130869388580322e-02,2.708000000000000000e+03,3.120247802734375000e+03
-6.000000238418579102e-01,5.661895871162414551e-02,-5.788179039955139160e-01,1.992757916450500488e-01,4.446288049221038818e-01,6.579568982124328613e-02,1.458000000000000000e+03,1.607573608398437500e+03
-3.166139423847198486e-01,-4.172467887401580811e-01,-4.064450562000274658e-01,-3.839650452136993408e-01,6.199018955230712891e-01,7.959172129631042480e-02,1.436000000000000000e+03,1.470116333007812500e+03
-3.499999940395355225e-01,4.223684668540954590e-01,-1.476800292730331421e-01,6.501474380493164062e-01,1.130714893341064453e+00,6.334321945905685425e-02,3.921000000000000000e+03,4.200868164062500000e+03
-1.188199892640113831e-01,5.481259822845458984e-01,2.582949995994567871e-01,6.805018186569213867e-01,1.083450198173522949e+00,5.969516560435295105e-02,3.812000000000000000e+03,4.315778808593750000e+03
5.481259822845458984e-01,4.862083792686462402e-01,5.699963569641113281e-01,7.752434611320495605e-01,7.576363682746887207e-01,6.565249711275100708e-02,2.652000000000000000e+03,3.027572998046875000e+03
-1.661394163966178894e-02,-6.499999761581420898e-01,-1.227421164512634277e-01,-7.862136363983154297e-01,8.175317645072937012e-01,6.431937217712402344e-02,2.867000000000000000e+03,2.993824951171875000e+03
1.589457839727401733e-01,7.531411051750183105e-01,9.271089732646942139e-02,7.772251963615417480e-01,7.179334163665771484e-01,8.525818586349487305e-02,1.860000000000000000e+03,1.877794921875000000e+03
6.961627006530761719e-01,-1.678191274404525757e-01,7.954103946685791016e-01,-3.660039305686950684e-01,7.566882371902465820e-01,1.882678866386413574e-01,9.300000000000000000e+02,1.008091979980468750e+03
-1.320126354694366455e-01,-6.000000238418579102e-01,-9.492179751396179199e-02,-3.925454914569854736e-01,6.024261116981506348e-01,7.885812222957611084e-02,2.469000000000000000e+03,2.762690673828125000e+03
5.784529447555541992e-01,5.173884034156799316e-01,5.733597278594970703e-01,4.325269460678100586e-01,5.929082036018371582e-01,8.880048990249633789e-02,2.036000000000000000e+03,2.077641113281250000e+03
-3.499999940395355225e-01,6.961627006530761719e-01,-4.049033224582672119e-01,6.693845391273498535e-01,5.551913380622863770e-01,7.150953263044357300e-02,1.703000000000000000e+03,1.723471923828125000e+03
1.366542428731918335e-01,6.961627006530761719e-01,3.275833427906036377e-01,6.304545998573303223e-01,8.378074169158935547e-01,1.334314644336700439e-01,1.760000000000000000e+03,1.860876953125000000e+03
6.083970069885253906e-01,2.075843513011932373e-01,5.277482867240905762e-01,2.601429075002670288e-02,1.020907998085021973e+00,5.485387146472930908e-02,2.964000000000000000e+03,3.075142089843750000e+03
3.199987113475799561e-01,-6.499999761581420898e-01,4.758745133876800537e-01,-5.982436537742614746e-01,9.201179742813110352e-01,8.475196361541748047e-02,3.240000000000000000e+03,3.342399902343750000e+03
3.171907365322113037e-01,-6.499999761581420898e-01,4.496006965637207031e-01,-6.981410980224609375e-01,9.444724321365356445e-01,5.045415088534355164e-02,2.762000000000000000e+03,2.823176757812500000e+03
4.862083792686462402e-01,-3.000000119209289551e-01,7.143676877021789551e-01,-3.523926138877868652e-01,1.037046790122985840e+00,5.455422401428222656e-02,4.129000000000000000e+03,4.337026367187500000e+03
4.223684668540954590e-01,-2.000000029802322388e-01,2.573688626289367676e-01,-3.400788307189941406e-01,9.283369183540344238e-01,6.774273514747619629e-02,2.981000000000000000e+03,3.141311523437500000e+03
8.665423840284347534e-02,-4.499999880790710449e-01,-1.304765790700912476e-01,-6.547474265098571777e-01,9.181025028228759766e-01,5.887806415557861328e-02,3.409000000000000000e+03,3.760147949218750000e+03
6.961627006530761719e-01,6.672313809394836426e-01,7.108809351921081543e-01,7.682365775108337402e-01,5.940213799476623535e-01,1.068643406033515930e-01,1.316000000000000000e+03,1.354607910156250000e+03
4.223684668540954590e-01,1.345701515674591064e-01,2.721307575702667236e-01,7.347586750984191895e-02,9.000780582427978516e-01,8.149375766515731812e-02,2.189000000000000000e+03,2.259457763671875000e+03
-4.166139364242553711e-01,1.289127171039581299e-01,-2.901322245597839355e-01,3.234338164329528809e-01,7.024819254875183105e-01,6.671430915594100952e-02,2.875000000000000000e+03,3.180889648437500000e+03
-2.159073352813720703e-01,-5.000000000000000000e-01,-3.195285797119140625e-01,-6.933947801589965820e-01,9.032486677169799805e-01,8.662534505128860474e-02,2.535000000000000000e+03,2.682419921875000000e+03
3.194263577461242676e-01,-6.999999880790710449e-01,3.624127209186553955e-01,-8.725873827934265137e-01,7.071020603179931641e-01,9.308476001024246216e-02,2.476000000000000000e+03,2.630652099609375000e+03
-6.692624092102050781e-01,4.545493423938751221e-01,-8.053230047225952148e-01,4.924978017807006836e-01,7.304589152336120605e-01,6.411046534776687622e-02,2.994000000000000000e+03,3.104992919921875000e+03
-2.000000029802322388e-01,6.961627006530761719e-01,-2.519313395023345947e-01,8.337514400482177734e-01,5.659875273704528809e-01,1.194831728935241699e-01,1.781000000000000000e+03,1.899185058593750000e+03
1.366542428731918335e-01,-4.499999880790710449e-01,-4.664975032210350037e-02,-4.459255933761596680e-01,8.893431425094604492e-01,7.271739840507507324e-02,2.875000000000000000e+03,2.996162353515625000e+03
-4.000000059604644775e-01,-7.196730375289916992e-01,-3.390974104404449463e-01,-5.778675675392150879e-01,8.142938613891601562e-01,6.890302896499633789e-02,2.624000000000000000e+03,2.717427490234375000e+03
-5.330761428922414780e-03,-1.200000047683715820e+00,7.888047397136688232e-02,-1.254575967788696289e+00,4.054562449455261230e-01,1.664158850908279419e-01,1.404000000000000000e+03,1.488837646484375000e+03
-5.000000000000000000e-01,4.545493423938751221e-01,-3.370409905910491943e-01,1.729442924261093140e-01,1.022365927696228027e+00,6.261049956083297729e-02,3.812000000000000000e+03,4.188948242187500000e+03
3.338605910539627075e-02,-5.500000119209289551e-01,-2.470659613609313965e-01,-5.730571746826171875e-01,1.133050441741943359e+00,5.845760926604270935e-02,3.601000000000000000e+03,3.819629638671875000e+03
-6.000000238418579102e-01,-4.210686385631561279e-01,-3.859717845916748047e-01,-1.393620371818542480e-01,1.005979061126708984e+00,5.907854065299034119e-02,3.075000000000000000e+03,3.445116455078125000e+03
-1.696730405092239380e-01,6.083970069885253906e-01,-1.751844584941864014e-01,9.575362801551818848e-01,1.054471969604492188e+00,5.334288254380226135e-02,2.998000000000000000e+03,3.318264892578125000e+03
6.961627006530761719e-01,-2.500000000000000000e-01,4.613987803459167480e-01,-1.471650749444961548e-01,8.650295138359069824e-01,7.634116709232330322e-02,3.273000000000000000e+03,3.554968750000000000e+03
-6.999999880790710449e-01,2.684254944324493408e-01,-8.039886951446533203e-01,2.181699275970458984e-01,5.449727773666381836e-01,6.435826420783996582e-02,1.566000000000000000e+03,1.635643920898437500e+03
-2.178191244602203369e-01,-4.683409333229064941e-01,-1.501813381910324097e-01,-3.948811590671539307e-01,4.991946220397949219e-01,6.896274536848068237e-02,1.640000000000000000e+03,1.705057250976562500e+03
-8.999999761581420898e-01,-2.500000000000000000e-01,-7.883924841880798340e-01,-1.908511221408843994e-01,5.704231262207031250e-01,8.762151002883911133e-02,1.502000000000000000e+03,1.574638061523437500e+03
-5.000000000000000000e-01,4.545493423938751221e-01,-1.019094586372375488e+00,3.654716908931732178e-01,1.045671701431274414e+00,5.520650744438171387e-02,2.414000000000000000e+03,2.996632568359375000e+03
7.531411051750183105e-01,-1.072449907660484314e-01,6.630116105079650879e-01,1.180692389607429504e-01,8.058350682258605957e-01,5.628275498747825623e-02,3.172000000000000000e+03,3.453497558593750000e+03
6.083970069885253906e-01,-1.688199937343597412e-01,7.513967752456665039e-01,-2.328368872404098511e-01,1.021758079528808594e+00,6.033522263169288635e-02,3.941000000000000000e+03,4.033342041015625000e+03
-2.000000029802322388e-01,5.784529447555541992e-01,-1.140980720520019531e-01,4.523200690746307373e-01,8.935939669609069824e-01,5.980211123824119568e-02,3.799000000000000000e+03,3.909052978515625000e+03
6.379825472831726074e-01,-5.188199877738952637e-01,6.405093073844909668e-01,-2.877329885959625244e-01,7.620466351509094238e-01,6.775547564029693604e-02,2.572000000000000000e+03,2.803154785156250000e+03
5.173884034156799316e-01,-3.178191184997558594e-01,6.833946704864501953e-01,-1.605228781700134277e-01,1.089597940444946289e+00,5.616457387804985046e-02,3.504000000000000000e+03,3.656535156250000000e+03
4.545493423938751221e-01,4.862083792686462402e-01,6.013912558555603027e-01,5.209380984306335449e-01,7.420148253440856934e-01,6.808582693338394165e-02,2.585000000000000000e+03,2.691004394531250000e+03
-3.000000119209289551e-01,-6.188200116157531738e-01,-2.322105020284652710e-01,-6.027179956436157227e-01,4.610846042633056641e-01,7.229951769113540649e-02,1.432000000000000000e+03,1.464628540039062500e+03
2.514390051364898682e-01,-5.000000074505805969e-02,-5.826570466160774231e-02,-1.912841014564037323e-02,6.630015969276428223e-01,8.167842775583267212e-02,2.338000000000000000e+03,2.831013671875000000e+03
6.961627006530761719e-01,-5.000000074505805969e-02,4.859575033187866211e-01,-9.627409279346466064e-02,9.288443922996520996e-01,7.514242827892303467e-02,3.831000000000000000e+03,4.033972412109375000e+03
3.221365213394165039e-01,-5.000000000000000000e-01,1.939203217625617981e-02,-4.854069352149963379e-01,7.524092197418212891e-01,6.098670139908790588e-02,2.927000000000000000e+03,3.386270019531250000e+03
2.872454822063446045e-01,4.223684668540954590e-01,2.510790526866912842e-01,4.990883171558380127e-01,3.975542187690734863e-01,8.974607288837432861e-02,1.155000000000000000e+03,1.206914428710937500e+03
-2.172468006610870361e-01,-6.000000238418579102e-01,-1.104890629649162292e-01,-8.033147454261779785e-01,9.970303773880004883e-01,7.577218115329742432e-02,3.428000000000000000e+03,3.607815673828125000e+03
6.961627006530761719e-01,-6.124618649482727051e-02,8.121252655982971191e-01,1.246965005993843079e-01,4.996233582496643066e-01,5.777948722243309021e-02,1.676000000000000000e+03,1.984998291015625000e+03
6.961627006530761719e-01,1.345701515674591064e-01,6.942324042320251465e-01,9.265285334549844265e-04,8.376190662384033203e-01,9.408514201641082764e-02,2.950000000000000000e+03,3.024516113281250000e+03
-3.178191184997558594e-01,5.173884034156799316e-01,-6.885343790054321289e-01,4.655737280845642090e-01,8.805136084556579590e-01,7.300902158021926880e-02,2.973000000000000000e+03,3.489301025390625000e+03
6.672313809394836426e-01,9.482004493474960327e-02,5.379195809364318848e-01,-2.476011365652084351e-01,7.509167194366455078e-01,6.742693483829498291e-02,2.982000000000000000e+03,3.657140625000000000e+03
2.145627290010452271e-01,6.083970069885253906e-01,-3.561671674251556396e-01,6.218403577804565430e-01,1.053393602371215820e+00,8.160272985696792603e-02,2.533000000000000000e+03,3.237071289062500000e+03
-5.000000000000000000e-01,3.221365213394165039e-01,-3.688585758209228516e-01,2.794179022312164307e-01,6.474457383155822754e-01,6.401379406452178955e-02,2.271000000000000000e+03,2.373075927734375000e+03
-7.500000000000000000e-01,-3.499999940395355225e-01,-9.074065089225769043e-01,-4.419763982295989990e-01,7.412505745887756348e-01,6.398253142833709717e-02,2.709000000000000000e+03,2.870366943359375000e+03
4.545493423938751221e-01,3.562291860580444336e-01,2.991365492343902588e-01,3.189737498760223389e-01,1.044628977775573730e+00,6.986717134714126587e-02,3.725000000000000000e+03,3.811676025390625000e+03
-2.829281091690063477e-01,-5.000000000000000000e-01,-2.515041232109069824e-01,-4.543583095073699951e-01,5.195750594139099121e-01,6.055571511387825012e-02,1.671000000000000000e+03,1.689969726562500000e+03
5.173884034156799316e-01,-3.000000119209289551e-01,1.927125006914138794e-01,-1.706606596708297729e-01,1.023616433143615723e+00,8.384508639574050903e-02,4.134000000000000000e+03,4.602942382812500000e+03
-3.166139423847198486e-01,-6.000000238418579102e-01,-3.117929100990295410e-01,-7.282127737998962402e-01,6.442348957061767578e-01,8.578398823738098145e-02,1.607000000000000000e+03,1.670040649414062500e+03
2.946669422090053558e-02,-6.000000238418579102e-01,1.813511550426483154e-01,-6.481759548187255859e-01,5.664269924163818359e-01,6.850470602512359619e-02,1.911000000000000000e+03,2.059417724609375000e+03
6.961627006530761719e-01,-2.088854014873504639e-01,8.048222064971923828e-01,-1.503251343965530396e-01,3.706368207931518555e-01,1.167152673006057739e-01,1.041000000000000000e+03,1.153556518554687500e+03
-6.999999880790710449e-01,1.604970097541809082e-01,-5.211227536201477051e-01,2.695294022560119629e-01,7.610611319541931152e-01,5.989507213234901428e-02,2.920000000000000000e+03,3.136984375000000000e+03
1.366542428731918335e-01,5.784529447555541992e-01,-3.852196782827377319e-02,6.099377274513244629e-01,1.089879035949707031e+00,6.326042115688323975e-02,4.224000000000000000e+03,4.335784179687500000e+03
-1.000000014901161194e-01,6.961627006530761719e-01,-7.789802551269531250e-02,6.530876159667968750e-01,8.469762802124023438e-01,6.226840242743492126e-02,2.948000000000000000e+03,2.957633056640625000e+03
6.961627006530761719e-01,9.482004493474960327e-02,6.646835803985595703e-01,2.534798681735992432e-01,8.407453894615173340e-01,7.793717086315155029e-02,3.183000000000000000e+03,3.299654052734375000e+03
-8.999999761581420898e-01,-2.896768152713775635e-01,-6.678797602653503418e-01,-1.747068464756011963e-01,7.983564734458923340e-01,1.192356422543525696e-01,1.219000000000000000e+03,1.344055053710937500e+03
-3.499999940395355225e-01,4.545493423938751221e-01,-2.170051783323287964e-01,4.630174040794372559e-01,4.764759242534637451e-01,1.051691398024559021e-01,1.676000000000000000e+03,1.804461303710937500e+03
1.366542428731918335e-01,-6.499999761581420898e-01,-2.842797935009002686e-01,-3.474065363407135010e-01,9.234553575515747070e-01,7.718258351087570190e-02,3.200000000000000000e+03,4.150454589843750000e+03
3.896152675151824951e-01,-1.590733230113983154e-02,3.598711490631103516e-01,2.070200741291046143e-01,1.119785904884338379e+00,5.460140481591224670e-02,4.278000000000000000e+03,4.448650390625000000e+03
-4.000000059604644775e-01,-3.000000119209289551e-01,-2.931511104106903076e-01,-1.853993237018585205e-01,4.454358816146850586e-01,9.437584131956100464e-02,1.480000000000000000e+03,1.658137329101562500e+03
-2.000000029802322388e-01,-7.500000000000000000e-01,-8.859818428754806519e-02,-5.559761524200439453e-01,6.366584300994873047e-01,7.286512106657028198e-02,2.508000000000000000e+03,2.808686523437500000e+03
-5.000000000000000000e-01,2.145627290010452271e-01,-8.284962773323059082e-01,-1.984825134277343750e-01,1.064244151115417480e+00,6.709138303995132446e-02,4.002000000000000000e+03,4.939224609375000000e+03
-6.999999880790710449e-01,2.555765770375728607e-02,-5.886723995208740234e-01,4.137104451656341553e-01,1.177572011947631836e+00,3.282237648963928223e-01,2.030000000000000000e+03,2.262111083984375000e+03
-8.000000119209289551e-01,3.332611545920372009e-02,-9.540858864784240723e-01,1.547487378120422363e-01,6.296303272247314453e-01,2.593120634555816650e-01,3.415000000000000000e+03,3.739043701171875000e+03
4.862083792686462402e-01,-2.641935050487518311e-01,5.969954133033752441e-01,4.603902995586395264e-02,1.149143457412719727e+00,5.809185281395912170e-02,3.938000000000000000e+03,4.256087890625000000e+03
-1.659073382616043091e-01,4.545493423938751221e-01,-1.232563480734825134e-01,2.738898098468780518e-01,6.858640909194946289e-01,9.483813494443893433e-02,3.061000000000000000e+03,3.281457519531250000e+03
-5.500000119209289551e-01,-5.000000000000000000e-01,-3.888472914695739746e-01,-6.650934219360351562e-01,9.829685091972351074e-01,6.795272976160049438e-02,2.161000000000000000e+03,2.278369873046875000e+03
1.076231971383094788e-01,-4.499999880790710449e-01,-3.399953246116638184e-01,-6.903206110000610352e-01,9.698497056961059570e-01,7.790358364582061768e-02,2.780000000000000000e+03,3.503872070312500000e+03
4.223684668540954590e-01,-2.823557555675506592e-01,8.859188109636306763e-02,-2.119857445359230042e-02,1.200534343719482422e+00,5.972069129347801208e-02,4.385000000000000000e+03,4.916951660156250000e+03
2.225104346871376038e-02,-6.000000238418579102e-01,5.079762935638427734e-01,-5.046403408050537109e-01,1.007064461708068848e+00,5.565503984689712524e-02,3.858000000000000000e+03,4.744681640625000000e+03
-8.500000238418579102e-01,-4.704144299030303955e-01,-7.228360176086425781e-01,-4.614728093147277832e-01,6.897605061531066895e-01,7.502850145101547241e-02,2.417000000000000000e+03,2.499108642578125000e+03
1.039388403296470642e-02,-6.000000238418579102e-01,-3.152030408382415771e-01,-5.612607002258300781e-01,8.147336840629577637e-01,6.582790613174438477e-02,3.051000000000000000e+03,3.527922363281250000e+03
5.784529447555541992e-01,2.486553937196731567e-01,5.721811056137084961e-01,3.740681707859039307e-01,6.040796041488647461e-01,1.407891213893890381e-01,1.475000000000000000e+03,1.538180419921875000e+03
-2.000000029802322388e-01,-5.000000000000000000e-01,-4.702040553092956543e-01,-6.363883614540100098e-01,8.684028387069702148e-01,7.827417552471160889e-02,2.914000000000000000e+03,3.257902587890625000e+03
5.173884034156799316e-01,3.221365213394165039e-01,5.477451086044311523e-01,5.399761199951171875e-01,1.056979417800903320e+00,5.163218080997467041e-02,4.101000000000000000e+03,4.276663085937500000e+03
2.872454822063446045e-01,-4.000000059604644775e-01,1.331916302442550659e-01,-7.684624791145324707e-01,1.202641606330871582e+00,4.891085997223854065e-02,4.355000000000000000e+03,4.823988281250000000e+03
-4.499999880790710449e-01,-4.166139364242553711e-01,-8.291915059089660645e-02,-5.055366754531860352e-01,9.248216748237609863e-01,6.593549251556396484e-02,3.812000000000000000e+03,4.426126953125000000e+03
-6.000000238418579102e-01,2.503692209720611572e-01,-7.567202448844909668e-01,2.146445959806442261e-01,1.022952675819396973e+00,6.184341013431549072e-02,3.641000000000000000e+03,3.730517089843750000e+03
7.247940897941589355e-01,-1.570524327689781785e-04,7.061171531677246094e-01,-1.284667551517486572e-01,8.424090147018432617e-01,5.880730971693992615e-02,2.676000000000000000e+03,2.739137939453125000e+03
2.872454822063446045e-01,-4.166139364242553711e-01,5.186063647270202637e-01,-5.713480114936828613e-01,7.020269632339477539e-01,7.238917052745819092e-02,2.981000000000000000e+03,3.433091552734375000e+03
-6.000000238418579102e-01,3.896152675151824951e-01,-7.645445466041564941e-01,5.961179733276367188e-01,9.627623558044433594e-01,6.309138238430023193e-02,2.530000000000000000e+03,2.717168945312500000e+03
-2.000000029802322388e-01,4.223684668540954590e-01,-6.765462923794984818e-03,3.872343599796295166e-01,7.307064533233642578e-01,2.931350171566009521e-01,3.333000000000000000e+03,3.569828613281250000e+03
-8.129990845918655396e-02,9.179693460464477539e-01,-4.720777273178100586e-02,9.853338003158569336e-01,4.908690750598907471e-01,7.034385949373245239e-02,1.448000000000000000e+03,1.482164306640625000e+03
2.806877791881561279e-01,6.672313809394836426e-01,2.721043825149536133e-01,5.005910992622375488e-01,1.025436401367187500e+00,5.645392462611198425e-02,3.652000000000000000e+03,3.748011230468750000e+03
1.316963285207748413e-01,3.896152675151824951e-01,3.750351667404174805e-01,7.678043246269226074e-01,1.073134303092956543e+00,5.518161877989768982e-02,3.532000000000000000e+03,4.129500976562500000e+03
4.223684668540954590e-01,1.764043420553207397e-01,3.640039563179016113e-01,2.818105816841125488e-01,7.021793127059936523e-01,5.983191728591918945e-02,1.941000000000000000e+03,1.997585571289062500e+03
-3.659073412418365479e-01,2.514390051364898682e-01,-6.422806382179260254e-01,4.045855104923248291e-01,1.140191555023193359e+00,6.755353510379791260e-02,4.066000000000000000e+03,4.372191894531250000e+03
-6.692624092102050781e-01,2.514390051364898682e-01,-4.767123162746429443e-01,3.313175439834594727e-01,7.739331126213073730e-01,5.650896951556205750e-02,2.909000000000000000e+03,3.116634765625000000e+03
3.221365213394165039e-01,5.173884034156799316e-01,2.451457530260086060e-01,6.709381192922592163e-02,1.038813471794128418e+00,6.997279077768325806e-02,3.186000000000000000e+03,3.777793457031250000e+03
3.533165454864501953e-01,-6.499999761581420898e-01,4.503423273563385010e-01,-4.339089095592498779e-01,9.644606113433837891e-01,5.646738782525062561e-02,3.745000000000000000e+03,3.968078613281250000e+03
1.366542428731918335e-01,-6.692624092102050781e-01,1.772867441177368164e-01,-5.073449611663818359e-01,8.918503522872924805e-01,7.213024795055389404e-02,2.942000000000000000e+03,3.044330078125000000e+03
-3.000000119209289551e-01,1.366542428731918335e-01,-3.259739875793457031e-01,2.210767418146133423e-01,9.754313230514526367e-01,6.472476571798324585e-02,3.306000000000000000e+03,3.333164794921875000e+03
4.223684668540954590e-01,5.481259822845458984e-01,4.400167763233184814e-01,5.025280117988586426e-01,4.355775713920593262e-01,6.023897230625152588e-02,1.445000000000000000e+03,1.463198242187500000e+03
5.173884034156799316e-01,-3.659073412418365479e-01,4.862815439701080322e-01,-6.244227886199951172e-01,1.002410292625427246e+00,6.632328778505325317e-02,3.596000000000000000e+03,3.834626220703125000e+03
-6.188200116157531738e-01,-1.000000014901161194e-01,-3.809435367584228516e-01,-8.033676445484161377e-02,1.071694254875183105e+00,6.768597662448883057e-02,2.997000000000000000e+03,3.144190429687500000e+03
-4.672468006610870361e-01,8.815837651491165161e-02,-3.041521608829498291e-01,4.356618970632553101e-02,7.079390883445739746e-01,6.839034706354141235e-02,2.453000000000000000e+03,2.590888427734375000e+03
-8.000000119209289551e-01,-2.523591183125972748e-02,-5.756482481956481934e-01,7.354492694139480591e-02,8.979976177215576172e-01,6.186153739690780640e-02,3.080000000000000000e+03,3.305834960937500000e+03
6.672313809394836426e-01,5.173884034156799316e-01,5.230316519737243652e-01,5.507311224937438965e-01,7.457578182220458984e-01,7.379103451967239380e-02,2.350000000000000000e+03,2.441673095703125000e+03
-5.179951898753643036e-03,4.862083792686462402e-01,4.779611825942993164e-01,9.571365267038345337e-02,1.212343811988830566e+00,6.580469012260437012e-02,4.382000000000000000e+03,5.472107421875000000e+03
-2.688199877738952637e-01,5.481259822845458984e-01,1.031864732503890991e-01,6.409776806831359863e-01,9.881483912467956543e-01,7.757484167814254761e-02,3.540000000000000000e+03,4.054899414062500000e+03
-2.303705066442489624e-01,5.481259822845458984e-01,-6.423819065093994141e-01,6.856913566589355469e-01,9.733890891075134277e-01,5.919480323791503906e-02,3.741000000000000000e+03,4.454272949218750000e+03
5.173884034156799316e-01,2.145627290010452271e-01,4.397767782211303711e-01,3.040751516819000244e-01,1.142418146133422852e+00,5.926407128572463989e-02,3.243000000000000000e+03,3.277712646484375000e+03
5.481259822845458984e-01,1.655856072902679443e-01,5.404999256134033203e-01,4.799375310540199280e-02,1.109115004539489746e+00,5.195004865527153015e-02,3.912000000000000000e+03,3.955982177734375000e+03
5.784529447555541992e-01,-3.000000119209289551e-01,5.959247946739196777e-01,-1.255374103784561157e-01,6.016291975975036621e-01,5.987658724188804626e-02,1.968000000000000000e+03,2.131840087890625000e+03
4.045493304729461670e-01,-7.051799297332763672e-01,3.928256630897521973e-01,-6.642266511917114258e-01,6.704210638999938965e-01,2.033366560935974121e-01,1.580000000000000000e+03,1.586416259765625000e+03
-3.000000119209289551e-01,-5.500000119209289551e-01,-1.130466088652610779e-01,-5.707691311836242676e-01,6.557862162590026855e-01,6.325139850378036499e-02,2.592000000000000000e+03,2.801366210937500000e+03
-3.499999940395355225e-01,0.000000000000000000e+00,-6.552619338035583496e-01,-2.240676730871200562e-01,1.213748931884765625e+00,6.310323625802993774e-02,4.044000000000000000e+03,4.429322265625000000e+03
4.862083792686462402e-01,3.896152675151824951e-01,5.053573250770568848e-01,7.072795629501342773e-01,9.140778779983520508e-01,5.736965313553810120e-02,3.672000000000000000e+03,4.105359863281250000e+03
4.862083792686462402e-01,1.366542428731918335e-01,1.818244904279708862e-01,1.399623900651931763e-01,1.003534317016601562e+00,7.431296259164810181e-02,2.832000000000000000e+03,3.087594482421875000e+03
5.481259822845458984e-01,1.715452671051025391e-01,5.378558635711669922e-01,-1.677767932415008545e-01,1.061977982521057129e+00,5.317488312721252441e-02,4.191000000000000000e+03,4.608837890625000000e+03
6.961627006530761719e-01,4.661524295806884766e-01,7.011553645133972168e-01,4.104282855987548828e-01,5.356613397598266602e-01,8.229981362819671631e-02,1.718000000000000000e+03,1.736756713867187500e+03
5.000000074505805969e-02,-5.000000000000000000e-01,3.866589367389678955e-01,-6.149142980575561523e-01,1.054267168045043945e+00,5.725243687629699707e-02,4.457000000000000000e+03,4.950633300781250000e+03
-3.166139423847198486e-01,3.562291860580444336e-01,-5.583600997924804688e-01,5.989629030227661133e-01,1.163774013519287109e+00,4.761376976966857910e-02,4.158000000000000000e+03,4.511658203125000000e+03
6.083970069885253906e-01,1.366542428731918335e-01,4.862235784530639648e-01,-4.089656099677085876e-02,1.059310674667358398e+00,6.388362497091293335e-02,3.101000000000000000e+03,3.228164306640625000e+03
-6.499999761581420898e-01,6.379825472831726074e-01,-6.855031251907348633e-01,4.775682389736175537e-01,6.143012642860412598e-01,6.914634257555007935e-02,2.271000000000000000e+03,2.430916748046875000e+03
-3.499999940395355225e-01,-2.500000000000000000e-01,-4.520305991172790527e-01,4.947412386536598206e-02,1.069185376167297363e+00,7.714592665433883667e-02,4.335000000000000000e+03,4.706872558593750000e+03
3.221365213394165039e-01,-7.196730375289916992e-01,1.926776468753814697e-01,-6.323097348213195801e-01,7.994291186332702637e-01,8.319965749979019165e-02,2.695000000000000000e+03,2.796631835937500000e+03
5.784529447555541992e-01,-1.000000014901161194e-01,5.580067038536071777e-01,-1.799946278333663940e-02,7.574993371963500977e-01,5.477215349674224854e-02,2.533000000000000000e+03,2.564315673828125000e+03
-6.704144477844238281e-01,2.514390051364898682e-01,-7.806705832481384277e-01,-1.859594881534576416e-01,1.032806158065795898e+00,7.696581631898880005e-02,2.766000000000000000e+03,3.272163574218750000e+03
6.961627006530761719e-01,0.000000000000000000e+00,8.178524971008300781e-01,-3.541369438171386719e-01,8.908839225769042969e-01,1.086272299289703369e-01,2.440000000000000000e+03,2.854320068359375000e+03
-1.312371436506509781e-02,6.672313809394836426e-01,1.041617318987846375e-01,6.269466280937194824e-01,8.645966649055480957e-01,6.365955621004104614e-02,3.216000000000000000e+03,3.281775146484375000e+03
1.264043450355529785e-01,-6.499999761581420898e-01,-2.005069851875305176e-01,-7.097004652023315430e-01,8.019563555717468262e-01,7.656327635049819946e-02,3.016000000000000000e+03,3.514849365234375000e+03
-4.166139364242553711e-01,1.764043420553207397e-01,-4.663052260875701904e-01,3.412452042102813721e-01,1.136422872543334961e+00,6.256729364395141602e-02,4.450000000000000000e+03,4.551394531250000000e+03
6.376457810401916504e-01,-5.500000119209289551e-01,7.198389768600463867e-01,-5.351986885070800781e-01,8.176673054695129395e-01,6.361249089241027832e-02,3.001000000000000000e+03,3.032172119140625000e+03
4.223684668540954590e-01,-5.000000000000000000e-01,6.456024050712585449e-01,-8.213044404983520508e-01,9.969556331634521484e-01,6.248002499341964722e-02,3.853000000000000000e+03,4.426359863281250000e+03
2.872454822063446045e-01,-4.000000059604644775e-01,3.360181152820587158e-01,-2.257636636495590210e-01,1.154455304145812988e+00,6.449437886476516724e-02,4.302000000000000000e+03,4.407050292968750000e+03
-5.000000000000000000e-01,-3.000000119209289551e-01,-2.285444587469100952e-01,-1.420710235834121704e-01,8.842644691467285156e-01,5.822619050741195679e-02,3.579000000000000000e+03,4.018308105468750000e+03
5.481259822845458984e-01,-3.000000119209289551e-01,3.537182509899139404e-01,-6.708122491836547852e-01,1.059190511703491211e+00,5.673817917704582214e-02,4.291000000000000000e+03,4.939301757812500000e+03
-5.500000119209289551e-01,1.764043420553207397e-01,-4.474180042743682861e-01,2.245349287986755371e-01,7.258263230323791504e-01,1.023132279515266418e-01,1.636000000000000000e+03,1.675677490234375000e+03
-1.500000059604644775e-01,-4.000000059604644775e-01,-8.205535262823104858e-02,-2.697645723819732666e-01,1.222952961921691895e+00,5.189121514558792114e-02,4.295000000000000000e+03,4.356839843750000000e+03
-5.500000119209289551e-01,-1.510896813124418259e-02,-5.659193396568298340e-01,-3.541353046894073486e-01,9.264488816261291504e-01,6.398290395736694336e-02,2.890000000000000000e+03,3.266067382812500000e+03
1.948896795511245728e-01,6.672313809394836426e-01,4.128490686416625977e-01,4.234869182109832764e-01,9.582352042198181152e-01,6.577446311712265015e-02,3.067000000000000000e+03,3.414906738281250000e+03
3.221365213394165039e-01,4.223684668540954590e-01,2.406421601772308350e-01,3.602879047393798828e-01,1.044330477714538574e+00,5.203235894441604614e-02,3.451000000000000000e+03,3.484016113281250000e+03
2.145627290010452271e-01,2.514390051364898682e-01,1.758662313222885132e-01,3.762569427490234375e-01,5.703228116035461426e-01,7.003884017467498779e-02,1.595000000000000000e+03,1.677831054687500000e+03
-1.000000000000000000e+00,5.622919648885726929e-02,-1.100599288940429688e+00,2.320602536201477051e-01,6.532856822013854980e-01,1.056914180517196655e-01,1.935000000000000000e+03,2.117090820312500000e+03
2.514390051364898682e-01,-4.210686385631561279e-01,3.321120440959930420e-01,-3.815887868404388428e-01,9.027062058448791504e-01,5.341861769556999207e-02,3.014000000000000000e+03,3.043749755859375000e+03
-6.000000238418579102e-01,3.409266844391822815e-02,-6.689844727516174316e-01,-1.805945187807083130e-01,1.021692752838134766e+00,6.920628994703292847e-02,3.948000000000000000e+03,4.137945800781250000e+03
-6.000000238418579102e-01,-6.024989485740661621e-02,-5.241391062736511230e-01,1.269559264183044434e-01,6.844188570976257324e-01,8.804479241371154785e-02,2.410000000000000000e+03,2.615859130859375000e+03
8.975010365247726440e-02,4.862083792686462402e-01,6.632743477821350098e-01,6.771729588508605957e-01,1.164748311042785645e+00,6.213113665580749512e-02,4.075000000000000000e+03,5.116042968750000000e+03
9.183419495820999146e-02,-4.499999880790710449e-01,-1.464113295078277588e-01,4.242779687047004700e-02,1.157214164733886719e+00,5.669736862182617188e-02,4.651000000000000000e+03,5.642807617187500000e+03
6.961627006530761719e-01,2.514390051364898682e-01,7.316772937774658203e-01,5.138803720474243164e-01,8.885364532470703125e-01,6.558999419212341309e-02,3.554000000000000000e+03,3.862791259765625000e+03
-6.510896980762481689e-02,-6.499999761581420898e-01,1.683364212512969971e-01,-7.590319514274597168e-01,1.010870218276977539e+00,5.984480306506156921e-02,3.598000000000000000e+03,3.828060546875000000e+03
-9.499999880790710449e-01,5.902904085814952850e-04,-1.040318250656127930e+00,-5.577081814408302307e-02,5.231566429138183594e-01,6.758236885070800781e-02,2.078000000000000000e+03,2.163213623046875000e+03
-4.000000059604644775e-01,3.896152675151824951e-01,-2.856682240962982178e-01,3.765020072460174561e-01,9.566702842712402344e-01,5.565880239009857178e-02,3.461000000000000000e+03,3.510831787109375000e+03
-3.499999940395355225e-01,-6.499999761581420898e-01,-4.395024180412292480e-01,-6.357143521308898926e-01,8.353559970855712891e-01,6.035005673766136169e-02,3.472000000000000000e+03,3.512567382812500000e+03
-7.196730375289916992e-01,-1.688199937343597412e-01,-6.097283959388732910e-01,1.772264242172241211e-01,9.279664754867553711e-01,5.614520236849784851e-02,3.561000000000000000e+03,4.088898925781250000e+03
5.481259822845458984e-01,-2.192623913288116455e-01,6.714905500411987305e-01,-6.566000580787658691e-01,1.095966815948486328e+00,6.014467403292655945e-02,3.123000000000000000e+03,3.639547119140625000e+03
2.514390051364898682e-01,-3.000000119209289551e-01,1.986802667379379272e-01,-3.226883411407470703e-01,4.807992279529571533e-01,8.577108383178710938e-02,1.800000000000000000e+03,1.825692749023437500e+03
-1.651089638471603394e-01,-5.000000000000000000e-01,-2.328379601240158081e-01,-5.589445829391479492e-01,9.914717078208923340e-01,7.257385551929473877e-02,2.747000000000000000e+03,2.769571533203125000e+03
8.815837651491165161e-02,4.545493423938751221e-01,3.465134203433990479e-01,4.927571415901184082e-01,9.364047646522521973e-01,7.593352347612380981e-02,3.113000000000000000e+03,3.350554687500000000e+03
-5.000000074505805969e-02,4.545493423938751221e-01,2.058942019939422607e-01,1.357939988374710083e-01,8.169542551040649414e-01,1.014262437820434570e-01,2.871000000000000000e+03,3.553558105468750000e+03
5.000000074505805969e-02,4.545493423938751221e-01,-1.245979741215705872e-01,-5.080871656537055969e-02,1.190390944480895996e+00,5.222333222627639771e-02,4.315000000000000000e+03,5.150081054687500000e+03
6.961627006530761719e-01,-3.704144358634948730e-01,7.479190826416015625e-01,-3.650317490100860596e-01,8.409569263458251953e-01,1.381452679634094238e-01,8.130000000000000000e+02,8.160955200195312500e+02
5.481259822845458984e-01,-6.024989485740661621e-02,4.752375185489654541e-01,-2.414481490850448608e-01,1.099403142929077148e+00,6.300573050975799561e-02,3.233000000000000000e+03,3.334555908203125000e+03
2.089052796363830566e-01,-4.672468006610870361e-01,-1.326150000095367432e-01,-3.315758705139160156e-01,1.189994454383850098e+00,6.359666585922241211e-02,3.663000000000000000e+03,4.004845703125000000e+03
5.173884034156799316e-01,3.884100615978240967e-01,4.119470715522766113e-01,3.727464377880096436e-01,5.799990892410278320e-01,7.320637255907058716e-02,1.814000000000000000e+03,1.874895996093750000e+03
-5.500000119209289551e-01,-7.774895429611206055e-02,-3.110637366771697998e-01,-4.926431477069854736e-01,1.095732450485229492e+00,6.605377048254013062e-02,4.155000000000000000e+03,4.918187988281250000e+03
3.562291860580444336e-01,5.481259822845458984e-01,2.489849179983139038e-01,4.447007179260253906e-01,7.626702785491943359e-01,6.460586190223693848e-02,2.516000000000000000e+03,2.610881347656250000e+03
-3.183409571647644043e-01,-5.000000000000000000e-01,-3.137998878955841064e-01,-6.568495631217956543e-01,9.996313452720642090e-01,6.619343906641006470e-02,3.858000000000000000e+03,3.952208496093750000e+03
0.000000000000000000e+00,5.481259822845458984e-01,-1.597962528467178345e-01,3.325215578079223633e-01,1.090528845787048340e+00,6.230147182941436768e-02,3.966000000000000000e+03,4.202242675781250000e+03
3.896152675151824951e-01,3.221365213394165039e-01,1.572458893060684204e-01,1.656606197357177734e-01,1.077820181846618652e+00,5.601541325449943542e-02,3.705000000000000000e+03,3.950859375000000000e+03
-1.881999336183071136e-02,-6.499999761581420898e-01,-4.135311841964721680e-01,-7.914386987686157227e-01,1.027673125267028809e+00,8.000992238521575928e-02,2.341000000000000000e+03,2.716726074218750000e+03
4.223684668540954590e-01,6.961627006530761719e-01,3.306095600128173828e-01,7.495549917221069336e-01,5.962884426116943359e-01,7.853324711322784424e-02,2.066000000000000000e+03,2.130897705078125000e+03
9.482004493474960327e-02,-6.312371790409088135e-02,3.421920165419578552e-02,8.063979446887969971e-03,7.628188133239746094e-01,7.238841801881790161e-02,3.126000000000000000e+03,3.172978515625000000e+03
-6.999999880790710449e-01,3.896152675151824951e-01,-7.589679360389709473e-01,4.425798952579498291e-01,6.264964342117309570e-01,5.364068597555160522e-02,2.561000000000000000e+03,2.601810058593750000e+03
9.482004493474960327e-02,3.896152675151824951e-01,6.776325404644012451e-02,4.249109327793121338e-01,6.475498080253601074e-01,4.471803456544876099e-02,2.247000000000000000e+03,2.257630859375000000e+03
3.731218725442886353e-02,6.961627006530761719e-01,-4.498353973031044006e-02,7.434704899787902832e-01,8.232777714729309082e-01,1.595903784036636353e-01,1.912000000000000000e+03,1.937429687500000000e+03
-5.179951898753643036e-03,-6.000000238418579102e-01,-1.322446167469024658e-01,-2.881217002868652344e-01,1.039481401443481445e+00,6.492251157760620117e-02,4.125000000000000000e+03,4.548176269531250000e+03
-5.683409571647644043e-01,-1.500000059604644775e-01,-1.065945744514465332e+00,-9.843651950359344482e-02,1.041437745094299316e+00,5.459550023078918457e-02,4.109000000000000000e+03,5.011833984375000000e+03
-2.672467827796936035e-01,6.379825472831726074e-01,-1.273667961359024048e-01,6.727313399314880371e-01,9.011926651000976562e-01,7.202493399381637573e-02,3.055000000000000000e+03,3.132688232421875000e+03
6.379825472831726074e-01,-2.303705066442489624e-01,7.512613534927368164e-01,-2.701118886470794678e-01,7.364358901977539062e-01,6.747327744960784912e-02,2.775000000000000000e+03,2.848437744140625000e+03
6.961627006530761719e-01,2.113769017159938812e-02,1.108688950538635254e+00,1.281900797039270401e-02,7.938043475151062012e-01,1.033995747566223145e-01,2.404000000000000000e+03,3.020493652343750000e+03
4.545493423938751221e-01,-1.661394163966178894e-02,6.167092919349670410e-01,-2.268333435058593750e-01,8.158689141273498535e-01,7.586392760276794434e-02,2.470000000000000000e+03,2.725460693359375000e+03
4.862083792686462402e-01,2.097904086112976074e-01,5.746948719024658203e-01,2.618852853775024414e-01,9.549547433853149414e-01,7.662934809923171997e-02,3.801000000000000000e+03,3.844989013671875000e+03
-3.499999940395355225e-01,-3.659073412418365479e-01,-1.877499818801879883e-01,-5.885024666786193848e-01,1.141793370246887207e+00,5.101347714662551880e-02,4.491000000000000000e+03,4.748408203125000000e+03
-3.000000119209289551e-01,4.545493423938751221e-01,-3.824458420276641846e-01,5.698289871215820312e-01,8.553509116172790527e-01,6.288214772939682007e-02,3.564000000000000000e+03,3.661453125000000000e+03
-2.641935050487518311e-01,-7.500000000000000000e-01,-1.717847883701324463e-01,-5.418950319290161133e-01,8.330245018005371094e-01,6.221117079257965088e-02,3.074000000000000000e+03,3.299395019531250000e+03
-1.166139394044876099e-01,6.083970069885253906e-01,-2.666013538837432861e-01,6.679875254631042480e-01,9.425227642059326172e-01,5.394625291228294373e-02,3.066000000000000000e+03,3.155382568359375000e+03
6.083970069885253906e-01,2.145627290010452271e-01,5.387282967567443848e-01,4.438619017601013184e-01,7.649029493331909180e-01,7.150004059076309204e-02,2.476000000000000000e+03,2.713880126953125000e+03
-5.000000000000000000e-01,1.648835986852645874e-01,-6.825449466705322266e-01,6.135438680648803711e-01,1.055549979209899902e+00,5.743146315217018127e-02,3.376000000000000000e+03,4.056718750000000000e+03
-5.178191065788269043e-01,9.482004493474960327e-02,-3.323909342288970947e-01,-3.837045980617403984e-03,8.670549392700195312e-01,6.393647193908691406e-02,3.497000000000000000e+03,3.699384765625000000e+03
1.366542428731918335e-01,-4.499999880790710449e-01,1.661811172962188721e-01,-5.888917446136474609e-01,7.355077862739562988e-01,6.795227527618408203e-02,2.094000000000000000e+03,2.171185058593750000e+03
-7.196730375289916992e-01,9.482004493474960327e-02,-4.667842388153076172e-01,1.169880703091621399e-01,9.439356327056884766e-01,6.486362218856811523e-02,3.580000000000000000e+03,3.834379394531250000e+03
-6.188200116157531738e-01,-5.000000000000000000e-01,-6.069759130477905273e-01,-1.309778541326522827e-01,8.650832772254943848e-01,6.443182379007339478e-02,3.549000000000000000e+03,4.169961914062500000e+03
-6.000000238418579102e-01,2.062837332487106323e-01,-4.646916985511779785e-01,1.663704067468643188e-01,7.362805604934692383e-01,8.129720389842987061e-02,2.433000000000000000e+03,2.521655761718750000e+03
-1.500000059604644775e-01,-4.499999880790710449e-01,4.541910812258720398e-02,-3.902153372764587402e-01,7.035414576530456543e-01,6.014811620116233826e-02,2.937000000000000000e+03,3.180461914062500000e+03
-5.500000119209289551e-01,0.000000000000000000e+00,-7.658868432044982910e-01,-8.437276631593704224e-02,9.686102867126464844e-01,7.164474576711654663e-02,3.828000000000000000e+03,4.044232177734375000e+03
3.896152675151824951e-01,3.562291860580444336e-01,2.182347327470779419e-01,2.076396942138671875e-01,9.763893485069274902e-01,6.408014148473739624e-02,3.058000000000000000e+03,3.220826660156250000e+03
4.545493423938751221e-01,-1.166139394044876099e-01,6.282820701599121094e-01,-4.211814701557159424e-01,9.930887222290039062e-01,7.650989294052124023e-02,3.822000000000000000e+03,4.285653320312500000e+03
-6.499999761581420898e-01,-1.419351249933242798e-02,-2.316197603940963745e-01,-2.145362645387649536e-01,1.103767395019531250e+00,6.246642395853996277e-02,3.460000000000000000e+03,4.047519531250000000e+03
9.482004493474960327e-02,5.000000074505805969e-02,2.253115922212600708e-01,-2.329963957890868187e-03,4.482241868972778320e-01,1.012920141220092773e-01,9.670000000000000000e+02,1.059903930664062500e+03
-7.500000000000000000e-01,-2.159073352813720703e-01,-7.101749777793884277e-01,-4.200266897678375244e-01,7.416728734970092773e-01,6.806129962205886841e-02,2.805000000000000000e+03,3.021895996093750000e+03
4.862083792686462402e-01,4.223684668540954590e-01,2.353909015655517578e-01,1.784332990646362305e-01,1.009024977684020996e+00,8.244277536869049072e-02,3.645000000000000000e+03,4.071791015625000000e+03
3.562291860580444336e-01,5.784529447555541992e-01,1.493891030550003052e-01,9.403055310249328613e-01,9.640824794769287109e-01,5.874293297529220581e-02,2.868000000000000000e+03,3.383117187500000000e+03
-3.499999940395355225e-01,-3.151089549064636230e-01,-3.050284385681152344e-01,-5.310513973236083984e-01,1.025770664215087891e+00,7.424501329660415649e-02,3.451000000000000000e+03,3.608593261718750000e+03
-3.499999940395355225e-01,3.896152675151824951e-01,1.576932892203330994e-02,2.915633916854858398e-01,1.082041263580322266e+00,6.093604490160942078e-02,4.151000000000000000e+03,4.644766601562500000e+03
-5.000000000000000000e-01,7.154443114995956421e-02,-2.585270404815673828e-01,6.867747753858566284e-02,1.019515752792358398e+00,7.332713901996612549e-02,2.977000000000000000e+03,3.141904785156250000e+03
-5.000000074505805969e-02,1.748126149177551270e-01,-3.467228412628173828e-01,1.339473277330398560e-01,8.745024800300598145e-01,6.009686738252639771e-02,3.902000000000000000e+03,4.348156738281250000e+03
-6.188200116157531738e-01,1.366542428731918335e-01,-5.982030034065246582e-01,7.898160815238952637e-02,9.157879352569580078e-01,6.747289001941680908e-02,3.510000000000000000e+03,3.525643310546875000e+03
-5.178191065788269043e-01,-1.808074563741683960e-01,-5.238561034202575684e-01,-6.026683747768402100e-02,6.361301541328430176e-01,1.036001071333885193e-01,2.243000000000000000e+03,2.322862060546875000e+03
1.707469075918197632e-01,3.221365213394165039e-01,4.451987743377685547e-01,2.577446699142456055e-01,1.069742560386657715e+00,6.268745660781860352e-02,3.977000000000000000e+03,4.248277343750000000e+03
-6.000000238418579102e-01,-2.000000029802322388e-01,-6.178936362266540527e-01,-3.661526441574096680e-01,7.517922520637512207e-01,7.777016609907150269e-02,2.907000000000000000e+03,3.049039794921875000e+03
5.784529447555541992e-01,4.217961132526397705e-01,7.116320133209228516e-01,5.851907134056091309e-01,7.720355391502380371e-01,7.933595776557922363e-02,2.745000000000000000e+03,2.946271728515625000e+03
-4.499999880790710449e-01,4.223684668540954590e-01,-5.783486962318420410e-01,2.075613290071487427e-01,6.314594745635986328e-01,6.323744356632232666e-02,2.578000000000000000e+03,2.968973632812500000e+03
6.961627006530761719e-01,-3.159073293209075928e-01,4.670867621898651123e-01,-3.081475794315338135e-01,8.795481920242309570e-01,7.289508730173110962e-02,3.045000000000000000e+03,3.248931396484375000e+03
5.784529447555541992e-01,2.132806330919265747e-01,2.904416024684906006e-01,4.125166311860084534e-02,9.451497793197631836e-01,1.194647923111915588e-01,2.690000000000000000e+03,3.018896728515625000e+03
-1.290884166955947876e-01,6.083970069885253906e-01,2.024185806512832642e-01,7.159787416458129883e-01,9.544394016265869141e-01,6.386715173721313477e-02,3.282000000000000000e+03,3.707425781250000000e+03
5.784529447555541992e-01,-5.070269852876663208e-02,3.750628829002380371e-01,-2.583369016647338867e-01,1.100657463073730469e+00,7.272259891033172607e-02,3.381000000000000000e+03,3.612678466796875000e+03
-6.000000238418579102e-01,-1.000000014901161194e-01,-3.198072314262390137e-01,1.127617880702018738e-01,1.031068563461303711e+00,6.380737572908401489e-02,4.689000000000000000e+03,5.220898925781250000e+03
-1.790310442447662354e-01,-5.000000000000000000e-01,1.472901701927185059e-01,-6.081649661064147949e-01,8.964555859565734863e-01,8.632276952266693115e-02,2.490000000000000000e+03,2.843980712890625000e+03
-3.499999940395355225e-01,2.514390051364898682e-01,-1.751780956983566284e-01,1.383895128965377808e-01,1.142989993095397949e+00,6.180954724550247192e-02,4.066000000000000000e+03,4.200068847656250000e+03
4.545493423938751221e-01,2.441482841968536377e-01,3.069256544113159180e-01,2.416775673627853394e-01,7.805231213569641113e-01,4.467973858118057251e-02,2.481000000000000000e+03,2.568823242187500000e+03
-7.041443139314651489e-02,6.961627006530761719e-01,-2.715629041194915771e-01,7.603854537010192871e-01,5.996045470237731934e-01,7.860922068357467651e-02,1.941000000000000000e+03,2.175543945312500000e+03
7.236845791339874268e-02,-1.000000000000000000e+00,2.211441285908222198e-02,-1.063486576080322266e+00,4.467675089836120605e-01,1.793558597564697266e-01,1.570000000000000000e+03,1.621148803710937500e+03
-7.700559496879577637e-01,-1.926239021122455597e-02,-9.824407696723937988e-01,-1.792239844799041748e-01,7.924757599830627441e-01,8.028994500637054443e-02,3.498000000000000000e+03,3.882332519531250000e+03
6.672313809394836426e-01,5.481259822845458984e-01,6.502088904380798340e-01,3.285227119922637939e-01,6.903153657913208008e-01,6.076595559716224670e-02,2.483000000000000000e+03,2.729539794921875000e+03
3.221365213394165039e-01,4.223684668540954590e-01,3.993258476257324219e-01,2.087246030569076538e-01,1.093706488609313965e+00,6.137288734316825867e-02,3.213000000000000000e+03,3.349883789062500000e+03
-3.499999940395355225e-01,6.961627006530761719e-01,-3.091242909431457520e-01,6.645752191543579102e-01,8.532067537307739258e-01,6.786776334047317505e-02,2.826000000000000000e+03,2.836410644531250000e+03
1.297110766172409058e-01,5.481259822845458984e-01,1.108177676796913147e-01,8.717279434204101562e-01,1.041779756546020508e+00,6.600604206323623657e-02,3.910000000000000000e+03,4.279477539062500000e+03
2.721365392208099365e-01,-5.000000000000000000e-01,2.819843292236328125e-01,-3.987417817115783691e-01,4.508335888385772705e-01,8.018214255571365356e-02,1.347000000000000000e+03,1.414864257812500000e+03
1.514390110969543457e-01,-9.499999880790710449e-01,1.259448081254959106e-01,-9.667047858238220215e-01,5.315272212028503418e-01,8.173090964555740356e-02,1.383000000000000000e+03,1.387519165039062500e+03
4.223684668540954590e-01,9.482004493474960327e-02,2.869407236576080322e-01,-1.949897408485412598e-01,1.185368418693542480e+00,5.865594744682312012e-02,4.871000000000000000e+03,5.220243652343750000e+03
2.872454822063446045e-01,-6.000000238418579102e-01,2.299055308103561401e-01,-4.053998589515686035e-01,1.056607604026794434e+00,5.535781383514404297e-02,3.371000000000000000e+03,3.493835449218750000e+03
4.223684668540954590e-01,5.481259822845458984e-01,3.695066869258880615e-01,6.942953467369079590e-01,7.221046090126037598e-01,7.454473525285720825e-02,2.192000000000000000e+03,2.292628173828125000e+03
-4.672468006610870361e-01,3.221365213394165039e-01,-6.142097115516662598e-01,2.323585748672485352e-01,7.850751876831054688e-01,6.599277257919311523e-02,2.926000000000000000e+03,3.065325439453125000e+03
-8.999999761581420898e-01,-1.682466268539428711e-01,-9.188503026962280273e-01,-1.366574913263320923e-01,2.809254229068756104e-01,1.050942689180374146e-01,1.632000000000000000e+03,1.659755371093750000e+03
-3.178191184997558594e-01,5.481259822845458984e-01,-3.269453048706054688e-01,7.097081542015075684e-01,8.297963738441467285e-01,7.326005399227142334e-02,3.139000000000000000e+03,3.257375488281250000e+03
2.319926470518112183e-01,6.961627006530761719e-01,8.247584104537963867e-02,9.026182889938354492e-01,6.263697743415832520e-01,8.137241005897521973e-02,1.761000000000000000e+03,2.042574584960937500e+03
4.545493423938751221e-01,5.173884034156799316e-01,3.488233089447021484e-01,6.035550236701965332e-01,6.182640790939331055e-01,7.069999724626541138e-02,2.028000000000000000e+03,2.125571044921875000e+03
-5.000000000000000000e-01,-2.000000029802322388e-01,-5.481136441230773926e-01,-1.615059524774551392e-01,5.880871415138244629e-01,6.017972156405448914e-02,2.148000000000000000e+03,2.171451416015625000e+03
-7.500000000000000000e-01,2.841922044754028320e-01,-6.934527754783630371e-01,1.784595698118209839e-01,8.676801323890686035e-01,6.200989335775375366e-02,2.631000000000000000e+03,2.680921875000000000e+03
6.083970069885253906e-01,-5.000000074505805969e-02,7.234517335891723633e-01,2.950770556926727295e-01,1.116383790969848633e+00,7.829774171113967896e-02,3.344000000000000000e+03,3.689854248046875000e+03
5.173884034156799316e-01,-2.500000000000000000e-01,4.362232089042663574e-01,7.717213779687881470e-02,1.126201629638671875e+00,7.537124305963516235e-02,3.483000000000000000e+03,3.788200439453125000e+03
3.206315636634826660e-01,-4.672468006610870361e-01,3.565146327018737793e-01,-5.670008063316345215e-01,7.392702102661132812e-01,6.130056455731391907e-02,2.223000000000000000e+03,2.268465820312500000e+03
-2.000000029802322388e-01,-6.000000238418579102e-01,-9.192277491092681885e-02,-3.698173165321350098e-01,1.071740984916687012e+00,5.798453465104103088e-02,3.474000000000000000e+03,3.667380859375000000e+03
-2.000000029802322388e-01,5.000000074505805969e-02,-1.078075617551803589e-01,1.368752866983413696e-01,7.277150154113769531e-01,9.993758052587509155e-02,2.422000000000000000e+03,2.494859619140625000e+03
3.361988067626953125e-02,6.961627006530761719e-01,2.849402651190757751e-02,7.813022732734680176e-01,4.615603685379028320e-01,7.668318599462509155e-02,1.282000000000000000e+03,1.325293579101562500e+03
-4.672468006610870361e-01,-5.683409571647644043e-01,-6.439520120620727539e-01,-3.657679259777069092e-01,7.331888079643249512e-01,7.516197860240936279e-02,2.265000000000000000e+03,2.560881347656250000e+03
4.857293367385864258e-01,-1.500000059604644775e-01,3.018896579742431641e-01,1.017825305461883545e-02,1.090703725814819336e+00,5.638976395130157471e-02,4.054000000000000000e+03,4.254125000000000000e+03
-6.000000238418579102e-01,-1.178191304206848145e-01,-7.669538259506225586e-01,-5.377063751220703125e-01,9.817391633987426758e-01,4.996488243341445923e-02,3.760000000000000000e+03,4.520979492187500000e+03
3.073761053383350372e-02,5.173884034156799316e-01,-4.631697759032249451e-02,6.728254556655883789e-01,7.382394075393676758e-01,8.775987476110458374e-02,2.744000000000000000e+03,2.893771972656250000e+03
-6.499999761581420898e-01,4.223684668540954590e-01,-5.916620492935180664e-01,5.036318302154541016e-01,5.202431678771972656e-01,7.346697151660919189e-02,1.863000000000000000e+03,1.931277221679687500e+03
-5.683409571647644043e-01,2.145627290010452271e-01,-5.454300045967102051e-01,3.830928206443786621e-01,7.527223825454711914e-01,7.193171232938766479e-02,2.632000000000000000e+03,2.764604736328125000e+03
-3.000000119209289551e-01,-7.700559496879577637e-01,-1.202355548739433289e-01,-8.617100715637207031e-01,8.276538848876953125e-01,7.366390526294708252e-02,2.868000000000000000e+03,3.036398681640625000e+03
7.647910714149475098e-02,-5.183409452438354492e-01,-8.788304030895233154e-02,-4.218963682651519775e-01,8.287014961242675781e-01,1.000118628144264221e-01,2.303000000000000000e+03,2.423200195312500000e+03
1.231690496206283569e-01,6.083970069885253906e-01,4.480477795004844666e-02,6.598338484764099121e-01,5.082178711891174316e-01,9.508651494979858398e-02,1.072000000000000000e+03,1.108201782226562500e+03
-4.672468006610870361e-01,3.562291860580444336e-01,-8.076820522546768188e-02,1.006370261311531067e-01,1.078883647918701172e+00,6.609040498733520508e-02,4.157000000000000000e+03,4.895306640625000000e+03
2.132806330919265747e-01,-5.500000119209289551e-01,1.085089296102523804e-01,-4.121617376804351807e-01,8.935986161231994629e-01,1.014629527926445007e-01,3.426000000000000000e+03,3.553735595703125000e+03
-3.000000119209289551e-01,-4.000000059604644775e-01,-7.299827337265014648e-01,-2.608096599578857422e-01,1.172055721282958984e+00,5.404521152377128601e-02,4.314000000000000000e+03,4.934345703125000000e+03
5.784529447555541992e-01,-1.000000014901161194e-01,3.744247257709503174e-01,-3.870733976364135742e-01,7.861274480819702148e-01,6.958524882793426514e-02,3.395000000000000000e+03,4.047150390625000000e+03
1.748126149177551270e-01,5.169460177421569824e-01,4.181403219699859619e-01,2.742920517921447754e-01,1.026833772659301758e+00,6.818294525146484375e-02,4.097000000000000000e+03,4.543552734375000000e+03
-5.000000000000000000e-01,4.862083792686462402e-01,-5.200864672660827637e-01,1.260714381933212280e-01,9.538664221763610840e-01,4.601160064339637756e-02,3.729000000000000000e+03,4.245103515625000000e+03
-5.000000074505805969e-02,-5.500000119209289551e-01,2.417128719389438629e-02,-2.282080650329589844e-01,1.098147273063659668e+00,5.657020956277847290e-02,3.233000000000000000e+03,3.519910888671875000e+03
5.173884034156799316e-01,1.183132976293563843e-01,2.116279304027557373e-01,7.934623360633850098e-01,1.209754467010498047e+00,7.075753062963485718e-02,4.246000000000000000e+03,5.735060058593750000e+03
2.486553937196731567e-01,-6.499999761581420898e-01,6.215063333511352539e-01,-5.692422389984130859e-01,9.330362081527709961e-01,6.759704649448394775e-02,3.049000000000000000e+03,3.540205078125000000e+03
8.165905624628067017e-02,4.223684668540954590e-01,-8.576828986406326294e-02,3.731110990047454834e-01,7.579313516616821289e-01,7.318692654371261597e-02,2.709000000000000000e+03,2.851100585937500000e+03
1.739078573882579803e-02,-3.659073412418365479e-01,4.703761637210845947e-02,-3.343671858310699463e-01,3.525411188602447510e-01,1.240059062838554382e-01,9.750000000000000000e+02,9.896525878906250000e+02
-6.499999761581420898e-01,3.218087181448936462e-02,-1.340866237878799438e-01,3.763873502612113953e-02,1.113274097442626953e+00,6.179546564817428589e-02,3.831000000000000000e+03,4.618006835937500000e+03
2.514390051364898682e-01,-5.000000000000000000e-01,5.253130197525024414e-01,-4.584937691688537598e-01,9.921873211860656738e-01,6.507446616888046265e-02,3.660000000000000000e+03,3.940530029296875000e+03
-5.500000119209289551e-01,-3.094284050166606903e-02,-7.888079285621643066e-01,-4.945229366421699524e-02,5.954884886741638184e-01,9.466741979122161865e-02,1.738000000000000000e+03,2.009678466796875000e+03
3.184255063533782959e-01,6.961627006530761719e-01,2.188107073307037354e-01,7.574352025985717773e-01,9.234693050384521484e-01,5.717975273728370667e-02,3.493000000000000000e+03,3.548661621093750000e+03
2.454615086317062378e-01,-6.000000238418579102e-01,8.129108697175979614e-02,-4.584611654281616211e-01,1.032324075698852539e+00,6.019600480794906616e-02,3.811000000000000000e+03,3.976899414062500000e+03
6.672313809394836426e-01,3.896152675151824951e-01,5.554848909378051758e-01,4.855321645736694336e-01,6.990157961845397949e-01,8.205427974462509155e-02,2.105000000000000000e+03,2.197621093750000000e+03
3.032695502042770386e-02,-5.500000119209289551e-01,1.302626281976699829e-01,-1.250221580266952515e-01,1.187630414962768555e+00,5.691184476017951965e-02,3.351000000000000000e+03,3.790444335937500000e+03
4.223684668540954590e-01,-8.500000238418579102e-01,4.042401313781738281e-01,-9.838985800743103027e-01,6.096045374870300293e-01,8.061699569225311279e-02,2.526000000000000000e+03,2.648790527343750000e+03
4.545493423938751221e-01,5.481259822845458984e-01,5.010456442832946777e-01,4.766718745231628418e-01,9.900239109992980957e-01,6.280797719955444336e-02,3.433000000000000000e+03,3.458422119140625000e+03
4.862083792686462402e-01,6.961627006530761719e-01,4.520335197448730469e-01,7.188056111335754395e-01,6.246178746223449707e-01,5.947015807032585144e-02,2.161000000000000000e+03,2.170341552734375000e+03
-5.000000000000000000e-01,0.000000000000000000e+00,-6.608831286430358887e-01,1.107911616563796997e-01,9.726851582527160645e-01,6.729334592819213867e-02,3.648000000000000000e+03,3.793519531250000000e+03
-5.500000119209289551e-01,-5.000000000000000000e-01,-6.892413496971130371e-01,-6.179126501083374023e-01,8.389554619789123535e-01,5.640230327844619751e-02,3.434000000000000000e+03,3.594982666015625000e+03
5.481259822845458984e-01,-5.178191065788269043e-01,5.267858505249023438e-01,-5.707036256790161133e-01,7.582595348358154297e-01,7.050592452287673950e-02,2.144000000000000000e+03,2.156180175781250000e+03
-6.499999761581420898e-01,3.562291860580444336e-01,-9.504015445709228516e-01,3.031278848648071289e-01,9.101436138153076172e-01,6.660749763250350952e-02,2.775000000000000000e+03,3.078676025390625000e+03
2.514390051364898682e-01,-4.700559675693511963e-01,2.621242702007293701e-01,-4.221225976943969727e-01,1.152284741401672363e+00,6.162724271416664124e-02,4.204000000000000000e+03,4.211617675781250000e+03
-5.500000119209289551e-01,2.145627290010452271e-01,-5.938244462013244629e-01,2.934848070144653320e-01,8.707960247993469238e-01,6.382719427347183228e-02,2.977000000000000000e+03,3.008865478515625000e+03
-5.500000119209289551e-01,5.481259822845458984e-01,-5.379378199577331543e-01,5.406593084335327148e-01,8.240997195243835449e-01,6.572061032056808472e-02,2.885000000000000000e+03,2.885834228515625000e+03
-4.696730375289916992e-01,3.562291860580444336e-01,-5.160416960716247559e-01,2.115882635116577148e-01,1.045459508895874023e+00,5.597312748432159424e-02,4.295000000000000000e+03,4.385456542968750000e+03
-3.499999940395355225e-01,3.562291860580444336e-01,-6.129415631294250488e-01,4.092799425125122070e-01,7.472467422485351562e-01,7.022946327924728394e-02,2.548000000000000000e+03,2.866926269531250000e+03
-6.188200116157531738e-01,2.872454822063446045e-01,-6.663898825645446777e-01,2.579071223735809326e-01,6.357583999633789062e-01,6.180809065699577332e-02,2.065000000000000000e+03,2.080840332031250000e+03
-1.641935110092163086e-01,3.896152675151824951e-01,1.702274233102798462e-01,3.506502211093902588e-01,7.776014208793640137e-01,7.750407606363296509e-02,3.029000000000000000e+03,3.575071289062500000e+03
-3.000000119209289551e-01,3.562291860580444336e-01,-4.248286783695220947e-02,1.682813316583633423e-01,8.400047421455383301e-01,9.127528220415115356e-02,3.120000000000000000e+03,3.555139160156250000e+03
3.562291860580444336e-01,-3.499999940395355225e-01,1.601165086030960083e-01,-7.262883782386779785e-01,1.131001472473144531e+00,5.958868563175201416e-02,4.544000000000000000e+03,5.163316894531250000e+03
6.379825472831726074e-01,2.872454822063446045e-01,6.477282643318176270e-01,4.576547741889953613e-01,8.331066370010375977e-01,8.282008022069931030e-02,2.251000000000000000e+03,2.344325439453125000e+03
6.379825472831726074e-01,-2.159073352813720703e-01,8.137263059616088867e-01,-1.825531423091888428e-01,9.085844159126281738e-01,6.872428208589553833e-02,2.946000000000000000e+03,3.059000244140625000e+03
7.820610702037811279e-02,-6.000000238418579102e-01,4.726107418537139893e-02,-3.310154974460601807e-01,9.722203612327575684e-01,6.753222644329071045e-02,3.258000000000000000e+03,3.506619628906250000e+03
5.173884034156799316e-01,-3.000000119209289551e-01,6.036717891693115234e-01,-4.871230423450469971e-01,9.906588196754455566e-01,5.825779214501380920e-02,3.997000000000000000e+03,4.168208007812500000e+03
-4.499999880790710449e-01,5.481259822845458984e-01,-5.755238533020019531e-01,3.835818767547607422e-01,7.936262488365173340e-01,7.346845418214797974e-02,3.072000000000000000e+03,3.277739746093750000e+03
4.223684668540954590e-01,1.764043420553207397e-01,8.862521052360534668e-01,1.898707449436187744e-01,1.139982223510742188e+00,2.399763017892837524e-01,1.553000000000000000e+03,1.801316528320312500e+03
-5.000000000000000000e-01,2.872454822063446045e-01,-4.284161329269409180e-01,2.172090113162994385e-01,1.004340648651123047e+00,7.146123796701431274e-02,2.973000000000000000e+03,3.002344970703125000e+03
3.221365213394165039e-01,1.264791041612625122e-01,2.310861349105834961e-01,4.008219838142395020e-01,1.083514928817749023e+00,5.832295492291450500e-02,4.272000000000000000e+03,4.571462402343750000e+03
-5.500000119209289551e-01,1.366542428731918335e-01,-7.356579303741455078e-01,2.586181759834289551e-01,9.395276308059692383e-01,6.354133784770965576e-02,4.011000000000000000e+03,4.232092773437500000e+03
5.784529447555541992e-01,1.571419537067413330e-01,7.493296861648559570e-01,4.729058220982551575e-02,7.125589251518249512e-01,7.170817255973815918e-02,2.270000000000000000e+03,2.450982910156250000e+03
-2.500000000000000000e-01,-6.000000238418579102e-01,-3.890120983123779297e-02,-5.146408081054687500e-01,1.037300229072570801e+00,5.696483328938484192e-02,3.988000000000000000e+03,4.177894042968750000e+03
-8.999999761581420898e-01,-2.631237208843231201e-01,-9.947663545608520508e-01,-3.395640552043914795e-01,7.100860476493835449e-01,6.228577345609664917e-02,2.441000000000000000e+03,2.512161865234375000e+03
3.562291860580444336e-01,2.872454822063446045e-01,3.871262371540069580e-01,1.352777928113937378e-01,5.163835287094116211e-01,9.321302920579910278e-02,1.617000000000000000e+03,1.759895019531250000e+03
-4.188199937343597412e-01,5.784529447555541992e-01,-4.868218302726745605e-01,4.826563894748687744e-01,9.257609844207763672e-01,6.739173084497451782e-02,3.019000000000000000e+03,3.067506591796875000e+03
-3.672468066215515137e-01,3.896152675151824951e-01,-6.922098994255065918e-01,1.777650117874145508e-01,9.494466185569763184e-01,6.275925785303115845e-02,3.515000000000000000e+03,4.081279296875000000e+03
-7.500000000000000000e-01,-1.500000059604644775e-01,-7.482665777206420898e-01,8.300254121422767639e-03,6.700158119201660156e-01,7.488492131233215332e-02,2.099000000000000000e+03,2.214700439453125000e+03
-7.535886019468307495e-02,-4.000000059604644775e-01,-5.770147442817687988e-01,-2.820324003696441650e-01,1.167069435119628906e+00,5.911190062761306763e-02,4.338000000000000000e+03,5.149812500000000000e+03
6.961627006530761719e-01,2.055698633193969727e-02,8.889170289039611816e-01,-1.557966619729995728e-01,6.746850013732910156e-01,1.629579216241836548e-01,1.269000000000000000e+03,1.452876586914062500e+03
-8.000000119209289551e-01,4.223684668540954590e-01,-8.524082899093627930e-01,3.690663278102874756e-01,5.541177392005920410e-01,7.088883221149444580e-02,1.825000000000000000e+03,1.858063232421875000e+03
2.145627290010452271e-01,-3.659073412418365479e-01,2.278622835874557495e-01,-1.962304413318634033e-01,8.525236248970031738e-01,7.102449238300323486e-02,2.355000000000000000e+03,2.447901367187500000e+03
-6.499999761581420898e-01,2.713381648063659668e-01,-6.705080270767211914e-01,1.776167601346969604e-01,4.124591946601867676e-01,8.561664819717407227e-02,1.123000000000000000e+03,1.183093383789062500e+03
6.961627006530761719e-01,-5.000000074505805969e-02,9.652199745178222656e-01,-5.778063088655471802e-02,9.126585125923156738e-01,9.602818638086318970e-02,3.068000000000000000e+03,3.330064697265625000e+03
4.545493423938751221e-01,-5.000000000000000000e-01,4.473841190338134766e-01,-5.610359311103820801e-01,9.838372468948364258e-01,6.631216406822204590e-02,3.589000000000000000e+03,3.602889648437500000e+03
-4.365091919898986816e-01,4.862083792686462402e-01,-7.128241658210754395e-01,4.311882853507995605e-01,1.040076375007629395e+00,6.434177607297897339e-02,3.259000000000000000e+03,3.493717773437500000e+03
-3.235208988189697266e-01,-1.000000000000000000e+00,-2.744116783142089844e-01,-9.964242577552795410e-01,5.806151628494262695e-01,8.303016424179077148e-02,1.760000000000000000e+03,1.772574218750000000e+03
-6.499999761581420898e-01,-4.183409512042999268e-01,-4.592928886413574219e-01,-5.191232562065124512e-01,6.529538631439208984e-01,1.083119362592697144e-01,1.901000000000000000e+03,2.103259521484375000e+03
-6.000000238418579102e-01,-2.151089608669281006e-01,-3.489165008068084717e-01,3.645663708448410034e-02,8.477552533149719238e-01,1.387744247913360596e-01,1.602000000000000000e+03,1.873006835937500000e+03
-8.000000119209289551e-01,-3.000000119209289551e-01,-6.921277642250061035e-01,-3.048423826694488525e-01,4.259089529514312744e-01,1.704192608594894409e-01,1.106000000000000000e+03,1.176060913085937500e+03
-8.000000119209289551e-01,1.287104785442352295e-01,-7.142276167869567871e-01,-1.686867624521255493e-01,8.262940049171447754e-01,7.424219697713851929e-02,3.260000000000000000e+03,3.702611083984375000e+03
-4.000000059604644775e-01,-4.672468006610870361e-01,-7.962496876716613770e-01,-6.106535792350769043e-01,1.027457356452941895e+00,5.956646054983139038e-02,3.359000000000000000e+03,3.904236083984375000e+03
-5.000000000000000000e-01,-4.166139364242553711e-01,-4.493919312953948975e-01,-6.833233237266540527e-01,8.898654580116271973e-01,8.106433600187301636e-02,2.337000000000000000e+03,2.549697753906250000e+03
-6.000000238418579102e-01,5.173884034156799316e-01,-7.679284214973449707e-01,6.482713818550109863e-01,8.851433992385864258e-01,5.369412526488304138e-02,3.112000000000000000e+03,3.289505615234375000e+03
-2.131237089633941650e-01,3.221365213394165039e-01,-2.297406196594238281e-01,2.321198284626007080e-01,9.051013588905334473e-01,7.056652754545211792e-02,2.773000000000000000e+03,2.801225830078125000e+03
3.543173968791961670e-01,-4.499999880790710449e-01,3.146942853927612305e-01,-3.462663888931274414e-01,6.112945675849914551e-01,7.467593997716903687e-02,2.062000000000000000e+03,2.129583496093750000e+03
-6.499999761581420898e-01,-3.688199818134307861e-01,-4.577468037605285645e-01,-3.353663384914398193e-01,9.663273096084594727e-01,9.269651770591735840e-02,2.192000000000000000e+03,2.280414062500000000e+03
-6.000000238418579102e-01,1.366542428731918335e-01,-3.442960679531097412e-01,-1.744988188147544861e-02,1.073409318923950195e+00,6.419737637042999268e-02,3.528000000000000000e+03,3.796038085937500000e+03
5.173884034156799316e-01,-5.500000119209289551e-01,3.293005526065826416e-01,-6.597549915313720703e-01,9.500167369842529297e-01,5.761121958494186401e-02,3.261000000000000000e+03,3.430349365234375000e+03
6.961627006530761719e-01,-1.000000014901161194e-01,5.022055506706237793e-01,-2.907994985580444336e-01,6.636007428169250488e-01,8.443739265203475952e-02,2.196000000000000000e+03,2.552456787109375000e+03
4.223684668540954590e-01,3.975010663270950317e-02,3.393097221851348877e-01,1.336598545312881470e-01,8.544462919235229492e-01,6.119427829980850220e-02,3.514000000000000000e+03,3.589089843750000000e+03
-8.500000238418579102e-01,4.545493423938751221e-01,-8.827449679374694824e-01,3.717484176158905029e-01,6.481618285179138184e-01,7.935441285371780396e-02,1.558000000000000000e+03,1.587337158203125000e+03
-6.499999761581420898e-01,3.815837576985359192e-02,-7.653949856758117676e-01,-3.099166043102741241e-02,1.065890312194824219e+00,7.307922840118408203e-02,2.822000000000000000e+03,2.866598632812500000e+03
1.724607348442077637e-01,4.545493423938751221e-01,2.036777734756469727e-01,3.369101881980895996e-01,4.267751872539520264e-01,6.437798589468002319e-02,1.248000000000000000e+03,1.347500732421875000e+03
2.514390051364898682e-01,-5.000000000000000000e-01,1.813313215970993042e-01,-1.966131031513214111e-01,9.085698723793029785e-01,6.352619081735610962e-02,2.950000000000000000e+03,3.287304443359375000e+03
-6.999999880790710449e-01,2.872454822063446045e-01,-8.653775453567504883e-01,7.713816314935684204e-02,8.374180793762207031e-01,8.896348625421524048e-02,2.410000000000000000e+03,2.650274169921875000e+03
4.223684668540954590e-01,1.366542428731918335e-01,4.210637509822845459e-01,1.442523896694183350e-01,5.607548356056213379e-01,1.004903689026832581e-01,1.242000000000000000e+03,1.242243530273437500e+03
4.223684668540954590e-01,3.562291860580444336e-01,4.291371405124664307e-01,1.985432654619216919e-01,8.396496176719665527e-01,7.077693194150924683e-02,2.975000000000000000e+03,3.079086425781250000e+03
6.961627006530761719e-01,-5.377821996808052063e-02,6.636561155319213867e-01,-1.051535978913307190e-01,5.048795938491821289e-01,1.397684663534164429e-01,9.770000000000000000e+02,9.910668945312500000e+02
-4.499999880790710449e-01,5.784529447555541992e-01,-5.549221634864807129e-01,2.907377183437347412e-01,8.065049052238464355e-01,7.330091297626495361e-02,3.118000000000000000e+03,3.552860351562500000e+03
1.366542428731918335e-01,6.961627006530761719e-01,-2.578519880771636963e-01,5.492282509803771973e-01,9.239903688430786133e-01,6.072333827614784241e-02,3.016000000000000000e+03,3.615124511718750000e+03
-6.000000238418579102e-01,-1.184162404388189316e-02,-5.101320743560791016e-01,1.732251606881618500e-02,4.824578166007995605e-01,1.011357754468917847e-01,1.468000000000000000e+03,1.523675170898437500e+03
-6.499999761581420898e-01,2.307341545820236206e-01,-5.187622308731079102e-01,2.443429231643676758e-01,4.592101573944091797e-01,8.127314597368240356e-02,1.426000000000000000e+03,1.541683837890625000e+03
3.896152675151824951e-01,2.122108340263366699e-01,6.979911774396896362e-02,1.688392311334609985e-01,8.079664707183837891e-01,2.778936624526977539e-01,1.688000000000000000e+03,1.947903930664062500e+03
-3.499999940395355225e-01,-3.659073412418365479e-01,-7.251816987991333008e-01,-3.100217580795288086e-01,1.086654901504516602e+00,6.615181267261505127e-02,4.064000000000000000e+03,4.545517578125000000e+03
6.379825472831726074e-01,-6.692624092102050781e-01,5.748436450958251953e-01,-6.881107091903686523e-01,4.618719518184661865e-01,7.658606767654418945e-02,1.117000000000000000e+03,1.139677246093750000e+03
5.784529447555541992e-01,2.145627290010452271e-01,4.752915501594543457e-01,1.799267381429672241e-01,4.720093309879302979e-01,1.652131974697113037e-01,1.745000000000000000e+03,1.836533935546875000e+03
-2.500000000000000000e-01,6.083970069885253906e-01,-1.752296090126037598e-01,5.226529836654663086e-01,8.824571371078491211e-01,7.712969183921813965e-02,2.394000000000000000e+03,2.433741943359375000e+03
-1.049999952316284180e+00,1.310045570135116577e-01,-1.103705286979675293e+00,2.145761549472808838e-01,4.107377529144287109e-01,1.270412504673004150e-01,1.211000000000000000e+03,1.280747192382812500e+03
4.223684668540954590e-01,-3.659073412418365479e-01,3.065874874591827393e-01,-4.668881297111511230e-01,6.673692464828491211e-01,7.307441532611846924e-02,2.016000000000000000e+03,2.121749267578125000e+03
-6.999999880790710449e-01,1.246411353349685669e-01,-6.261072158813476562e-01,2.741116285324096680e-01,8.432041406631469727e-01,7.832133769989013672e-02,3.123000000000000000e+03,3.244145996093750000e+03
5.173884034156799316e-01,-7.500000000000000000e-01,4.215655326843261719e-01,-7.185657024383544922e-01,6.356511712074279785e-01,7.757601886987686157e-02,1.752000000000000000e+03,1.795958251953125000e+03
4.545493423938751221e-01,-1.000000014901161194e-01,2.780026495456695557e-01,-1.578120142221450806e-01,1.172508001327514648e+00,5.767402052879333496e-02,4.788000000000000000e+03,4.907324218750000000e+03
3.562291860580444336e-01,6.672313809394836426e-01,4.560210406780242920e-01,8.573525547981262207e-01,8.195782303810119629e-01,9.421689808368682861e-02,3.268000000000000000e+03,3.488884765625000000e+03
6.961627006530761719e-01,3.218087181448936462e-02,5.594793558120727539e-01,3.082471527159214020e-02,9.713634848594665527e-01,9.820663183927536011e-02,2.991000000000000000e+03,3.049940185546875000e+03
-2.500000000000000000e-01,5.173884034156799316e-01,-1.175898090004920959e-01,6.687194108963012695e-01,1.080890417098999023e+00,5.948571860790252686e-02,4.295000000000000000e+03,4.442642578125000000e+03
-6.692624092102050781e-01,-4.499999880790710449e-01,-5.587192773818969727e-01,-4.797049462795257568e-01,8.292397856712341309e-01,5.932416394352912903e-02,2.933000000000000000e+03,2.988652099609375000e+03
4.545493423938751221e-01,-5.000000074505805969e-02,6.965166330337524414e-01,6.219258997589349747e-03,9.480291008949279785e-01,5.445249006152153015e-02,2.841000000000000000e+03,3.033023681640625000e+03
-6.967304646968841553e-02,6.961627006530761719e-01,1.918751001358032227e-01,7.617290019989013672e-01,9.490918517112731934e-01,6.479196250438690186e-02,3.235000000000000000e+03,3.491799560546875000e+03
2.348250597715377808e-01,-5.683409571647644043e-01,3.910120725631713867e-01,-9.718428552150726318e-02,1.057699918746948242e+00,6.594949960708618164e-02,3.922000000000000000e+03,4.745948730468750000e+03
-6.999999880790710449e-01,2.872454822063446045e-01,-9.858071208000183105e-01,1.514103412628173828e-01,7.393605113029479980e-01,7.309831678867340088e-02,2.872000000000000000e+03,3.378282714843750000e+03
-3.499999940395355225e-01,2.503692209720611572e-01,-2.146697342395782471e-01,1.485351324081420898e-01,8.262993097305297852e-01,3.294574320316314697e-01,1.600000000000000000e+03,1.666698852539062500e+03
4.545493423938751221e-01,3.562291860580444336e-01,3.037059903144836426e-01,2.779549360275268555e-01,1.123497843742370605e+00,6.239968165755271912e-02,4.330000000000000000e+03,4.428660156250000000e+03
-5.000000000000000000e-01,2.122108340263366699e-01,-6.319966912269592285e-01,4.818755388259887695e-01,1.070558547973632812e+00,5.577344447374343872e-02,4.236000000000000000e+03,4.563547851562500000e+03
-6.000000238418579102e-01,4.862083792686462402e-01,-6.393985748291015625e-01,5.340278744697570801e-01,5.565449595451354980e-01,5.741624161601066589e-02,1.417000000000000000e+03,1.434518432617187500e+03
-2.641935050487518311e-01,-6.999999880790710449e-01,-2.662338614463806152e-01,-4.333722889423370361e-01,6.982334256172180176e-01,8.990286290645599365e-02,2.051000000000000000e+03,2.340351806640625000e+03
-5.500000119209289551e-01,-4.499999880790710449e-01,-3.567312359809875488e-01,-5.586404800415039062e-01,9.852373600006103516e-01,6.868516653776168823e-02,3.509000000000000000e+03,3.684893310546875000e+03
-6.999999880790710449e-01,1.748126149177551270e-01,-9.423404335975646973e-01,2.432347536087036133e-01,9.393719434738159180e-01,7.430196553468704224e-02,2.944000000000000000e+03,3.152246337890625000e+03
6.961627006530761719e-01,-1.678191274404525757e-01,6.080080866813659668e-01,-1.184382587671279907e-01,9.517743587493896484e-01,6.843040138483047485e-02,2.806000000000000000e+03,2.837547607421875000e+03
4.223684668540954590e-01,-3.499999940395355225e-01,1.584781855344772339e-01,-1.929698884487152100e-01,9.535862803459167480e-01,6.372570246458053589e-02,4.056000000000000000e+03,4.467043945312500000e+03
6.961627006530761719e-01,5.481259822845458984e-01,8.079280257225036621e-01,2.933875620365142822e-01,6.353972554206848145e-01,1.302579343318939209e-01,1.340000000000000000e+03,1.587051147460937500e+03
-7.500000000000000000e-01,3.580648824572563171e-02,-5.391255617141723633e-01,1.078830584883689880e-01,8.711207509040832520e-01,6.800486147403717041e-02,3.637000000000000000e+03,3.871732177734375000e+03
-8.999999761581420898e-01,-3.168670460581779480e-02,-8.372318148612976074e-01,-9.852636605501174927e-02,6.320282816886901855e-01,5.910744890570640564e-02,2.266000000000000000e+03,2.313377197265625000e+03
4.223684668540954590e-01,9.482004493474960327e-02,3.828350901603698730e-01,3.910184279084205627e-02,9.520790576934814453e-01,5.834811180830001831e-02,4.120000000000000000e+03,4.141252929687500000e+03
2.003672569990158081e-01,5.784529447555541992e-01,2.296776920557022095e-01,3.638925850391387939e-01,1.088131427764892578e+00,5.332057178020477295e-02,3.793000000000000000e+03,3.941794677734375000e+03
6.961627006530761719e-01,3.896152675151824951e-01,5.770684480667114258e-01,4.036301374435424805e-01,5.622406005859375000e-01,7.375948131084442139e-02,1.872000000000000000e+03,1.956141845703125000e+03
1.670710891485214233e-01,-6.499999761581420898e-01,-6.191280856728553772e-02,-6.107616424560546875e-01,8.282980918884277344e-01,7.688454538583755493e-02,2.657000000000000000e+03,2.862452148437500000e+03
4.545493423938751221e-01,2.514390051364898682e-01,3.111762702465057373e-01,-4.064187780022621155e-02,9.947921037673950195e-01,6.362953037023544312e-02,4.139000000000000000e+03,4.570563964843750000e+03
-5.500000119209289551e-01,1.764043420553207397e-01,-7.105067968368530273e-01,5.076295137405395508e-02,1.093788385391235352e+00,5.094594880938529968e-02,3.675000000000000000e+03,3.801330078125000000e+03
3.523125052452087402e-01,6.379825472831726074e-01,1.394729167222976685e-01,5.788710713386535645e-01,5.915740132331848145e-01,7.154136151075363159e-02,1.866000000000000000e+03,2.118374511718750000e+03
-4.166139364242553711e-01,-3.659073412418365479e-01,-6.120303869247436523e-01,-3.994108736515045166e-01,8.045074939727783203e-01,5.691417679190635681e-02,3.124000000000000000e+03,3.310978759765625000e+03
-4.499999880790710449e-01,-8.165807463228702545e-03,-4.503364861011505127e-01,-2.497814409434795380e-02,3.944593071937561035e-01,9.383118152618408203e-02,1.289000000000000000e+03,1.291335693359375000e+03
-3.194370865821838379e-02,-6.999999880790710449e-01,1.613915562629699707e-01,-5.662484169006347656e-01,9.307807087898254395e-01,8.414731919765472412e-02,3.218000000000000000e+03,3.419945068359375000e+03
-3.172467947006225586e-01,5.173884034156799316e-01,-5.805382728576660156e-01,7.020964026451110840e-01,1.072199702262878418e+00,6.036550551652908325e-02,3.712000000000000000e+03,4.038646728515625000e+03
-6.000000238418579102e-01,-3.000000119209289551e-01,-4.942005872726440430e-01,-7.282565832138061523e-01,8.986161947250366211e-01,6.413432210683822632e-02,3.140000000000000000e+03,3.861664062500000000e+03
-5.500000119209289551e-01,-2.166139483451843262e-01,-6.919058561325073242e-01,-1.525318771600723267e-01,9.424970746040344238e-01,5.783832073211669922e-02,3.492000000000000000e+03,3.586865478515625000e+03
5.173884034156799316e-01,2.132806330919265747e-01,3.449533283710479736e-01,5.821073055267333984e-01,1.093531608581542969e+00,6.859455257654190063e-02,3.930000000000000000e+03,4.457450195312500000e+03
-7.774895429611206055e-02,-5.000000000000000000e-01,-3.388665616512298584e-01,-6.419707536697387695e-01,1.121483683586120605e+00,6.553128361701965332e-02,3.735000000000000000e+03,3.993278564453125000e+03
5.173884034156799316e-01,-5.179951898753643036e-03,5.241909623146057129e-01,1.143300607800483704e-01,8.221003413200378418e-01,5.785368010401725769e-02,2.927000000000000000e+03,2.988645263671875000e+03
5.784529447555541992e-01,1.255576610565185547e-01,4.229201078414916992e-01,1.729603111743927002e-01,6.208412647247314453e-01,1.095356419682502747e-01,2.260000000000000000e+03,2.412753906250000000e+03
3.562291860580444336e-01,3.896152675151824951e-01,3.934369981288909912e-01,4.749431014060974121e-01,7.455686926841735840e-01,8.322827517986297607e-02,1.445000000000000000e+03,1.467459716796875000e+03
1.029610112309455872e-01,-6.999999880790710449e-01,1.087961345911026001e-01,-6.718720197677612305e-01,5.106884837150573730e-01,9.578900784254074097e-02,1.232000000000000000e+03,1.235884887695312500e+03
-2.500000000000000000e-01,-1.000000014901161194e-01,-1.226018667221069336e-01,6.208946183323860168e-02,1.004785537719726562e+00,3.702354431152343750e-01,1.123800000000000000e+04,1.170647656250000000e+04
-2.000000029802322388e-01,1.366542428731918335e-01,-1.228366419672966003e-01,1.658242493867874146e-01,7.860787510871887207e-01,9.459371119737625122e-02,2.055000000000000000e+03,2.077657714843750000e+03
3.221365213394165039e-01,-4.672468006610870361e-01,5.008639693260192871e-01,-3.961593210697174072e-01,6.162341237068176270e-01,7.333512604236602783e-02,2.221000000000000000e+03,2.432622314453125000e+03
6.379825472831726074e-01,1.366542428731918335e-01,3.001276254653930664e-01,1.178717985749244690e-01,9.727813601493835449e-01,5.599224194884300232e-02,3.842000000000000000e+03,4.293637207031250000e+03
-6.499999761581420898e-01,4.545493423938751221e-01,-5.052865743637084961e-01,4.780885875225067139e-01,6.570690870285034180e-01,7.402530312538146973e-02,1.636000000000000000e+03,1.716348266601562500e+03
-5.178191065788269043e-01,4.223684668540954590e-01,-5.220345854759216309e-01,2.340733259916305542e-01,9.805075526237487793e-01,6.691120564937591553e-02,3.074000000000000000e+03,3.186659423828125000e+03
-2.641935050487518311e-01,4.482004791498184204e-02,-2.144581377506256104e-01,2.810459434986114502e-01,7.690365910530090332e-01,8.255019783973693848e-02,2.463000000000000000e+03,2.700610839843750000e+03
1.853534206748008728e-02,-6.188200116157531738e-01,1.382277458906173706e-01,-4.781069159507751465e-01,1.016211152076721191e+00,6.252255290746688843e-02,3.407000000000000000e+03,3.518666748046875000e+03
-5.000000000000000000e-01,-6.000000238418579102e-01,-5.477297902107238770e-01,-8.963221311569213867e-01,7.053511738777160645e-01,7.336585968732833862e-02,2.340000000000000000e+03,2.747895996093750000e+03
-6.000000238418579102e-01,1.245873942971229553e-01,-7.281131744384765625e-01,1.940670982003211975e-02,9.573426246643066406e-01,6.704587489366531372e-02,3.808000000000000000e+03,3.921130126953125000e+03
-3.499999940395355225e-01,3.562291860580444336e-01,-5.790276527404785156e-01,3.461349606513977051e-01,9.970045089721679688e-01,7.268210500478744507e-02,3.913000000000000000e+03,4.117230957031250000e+03
-1.618416309356689453e-01,-5.000000000000000000e-01,-2.191673368215560913e-01,-3.102935254573822021e-01,1.065441250801086426e+00,7.064012438058853149e-02,3.183000000000000000e+03,3.292417236328125000e+03
2.145627290010452271e-01,2.514390051364898682e-01,2.410294562578201294e-01,2.507120966911315918e-01,9.192770123481750488e-01,7.606526464223861694e-02,3.179000000000000000e+03,3.181677490234375000e+03
4.223684668540954590e-01,-2.500000000000000000e-01,1.620803922414779663e-01,-1.599967628717422485e-01,1.108332872390747070e+00,7.538709044456481934e-02,4.425000000000000000e+03,4.693657714843750000e+03
2.053357064723968506e-01,2.514390051364898682e-01,-4.135601222515106201e-02,1.002252697944641113e-01,7.018010616302490234e-01,7.020771503448486328e-02,2.645000000000000000e+03,3.077580566406250000e+03
5.784529447555541992e-01,-3.672468066215515137e-01,5.532771348953247070e-01,-5.456672906875610352e-01,8.811882734298706055e-01,6.305642426013946533e-02,3.335000000000000000e+03,3.473267578125000000e+03
-2.172468006610870361e-01,3.221365213394165039e-01,-1.593084335327148438e-01,1.740855276584625244e-01,1.089618444442749023e+00,6.401987373828887939e-02,3.083000000000000000e+03,3.148404296875000000e+03
2.145627290010452271e-01,-7.500000000000000000e-01,2.765465974807739258e-01,-5.990550518035888672e-01,8.777204751968383789e-01,7.584501802921295166e-02,2.451000000000000000e+03,2.534758300781250000e+03
3.896152675151824951e-01,6.073843240737915039e-01,4.144798219203948975e-01,5.342798233032226562e-01,9.469703435897827148e-01,5.414584279060363770e-02,3.675000000000000000e+03,3.699392578125000000e+03
6.961627006530761719e-01,-3.678191304206848145e-01,5.015282034873962402e-01,-4.112569093704223633e-01,8.667024374008178711e-01,7.127722352743148804e-02,2.507000000000000000e+03,2.637847656250000000e+03
-1.083335280418395996e-01,-8.000000119209289551e-01,-1.119986623525619507e-01,-7.683429718017578125e-01,5.362401008605957031e-01,6.938333064317703247e-02,1.820000000000000000e+03,1.826374267578125000e+03
-1.000000000000000000e+00,-2.111622989177703857e-01,-1.135664343833923340e+00,-6.701087951660156250e-02,5.139477252960205078e-01,1.053983569145202637e-01,1.275000000000000000e+03,1.458342773437500000e+03
3.562291860580444336e-01,-1.151089668273925781e-01,5.158328413963317871e-01,-1.389428740367293358e-03,6.470967531204223633e-01,9.262363612651824951e-02,2.342000000000000000e+03,2.552483886718750000e+03
-1.696730405092239380e-01,6.083970069885253906e-01,-4.784855246543884277e-01,1.399627476930618286e-01,9.842813014984130859e-01,6.171030551195144653e-02,3.800000000000000000e+03,4.960328613281250000e+03
-1.777489632368087769e-01,-4.499999880790710449e-01,-8.138948678970336914e-02,-4.653087854385375977e-01,8.935467600822448730e-01,6.576216220855712891e-02,3.399000000000000000e+03,3.439476074218750000e+03
5.784529447555541992e-01,4.545493423938751221e-01,3.931102752685546875e-01,4.992100894451141357e-01,9.623312354087829590e-01,6.024811789393424988e-02,3.726000000000000000e+03,3.870537353515625000e+03
5.481259822845458984e-01,-6.312371790409088135e-02,5.200036764144897461e-01,-1.154881669208407402e-03,1.161378502845764160e+00,5.417156592011451721e-02,3.544000000000000000e+03,3.556201660156250000e+03
-5.485609769821166992e-01,7.247940897941589355e-01,-5.617504715919494629e-01,8.040360212326049805e-01,6.671574115753173828e-01,7.391644269227981567e-02,2.255000000000000000e+03,2.287467773437500000e+03
-3.499999940395355225e-01,-3.000000119209289551e-01,-9.965285658836364746e-02,-3.616896569728851318e-01,1.181290388107299805e+00,8.699095994234085083e-02,3.142000000000000000e+03,3.290063720703125000e+03
5.073707178235054016e-02,-7.700559496879577637e-01,9.678167849779129028e-02,-7.442387938499450684e-01,4.995490014553070068e-01,7.152337580919265747e-02,1.666000000000000000e+03,1.684549194335937500e+03
5.784529447555541992e-01,-4.672468006610870361e-01,6.480632424354553223e-01,-2.685882747173309326e-01,8.813553452491760254e-01,5.594987422227859497e-02,3.314000000000000000e+03,3.500287109375000000e+03
-6.499999761581420898e-01,2.145627290010452271e-01,-6.517636775970458984e-01,2.029399573802947998e-01,9.972734451293945312e-01,5.795646086335182190e-02,2.963000000000000000e+03,2.963426757812500000e+03
7.247940897941589355e-01,2.661295235157012939e-01,8.920515179634094238e-01,1.984747797250747681e-01,8.792191147804260254e-01,8.827924728393554688e-02,2.955000000000000000e+03,3.078184570312500000e+03
4.223684668540954590e-01,-4.000000059604644775e-01,5.679973959922790527e-01,-2.765711843967437744e-01,1.060448288917541504e+00,6.006429344415664673e-02,4.045000000000000000e+03,4.175197265625000000e+03
-2.500000000000000000e-01,6.961627006530761719e-01,-4.122697189450263977e-02,8.807407021522521973e-01,9.143840670585632324e-01,8.635412156581878662e-02,2.576000000000000000e+03,2.810449951171875000e+03
3.896152675151824951e-01,-2.000000029802322388e-01,4.548870623111724854e-01,-3.297339677810668945e-01,8.076703548431396484e-01,6.250695139169692993e-02,2.608000000000000000e+03,2.691436279296875000e+03
5.473324060440063477e-01,-4.000000059604644775e-01,3.641373217105865479e-01,-5.416937470436096191e-01,7.490805387496948242e-01,8.551586419343948364e-02,2.387000000000000000e+03,2.609764404296875000e+03
-7.500000000000000000e-01,-2.172468006610870361e-01,-6.848908662796020508e-01,1.051065605133771896e-02,6.683055758476257324e-01,7.155178487300872803e-02,2.827000000000000000e+03,3.172647216796875000e+03
-7.500000000000000000e-01,-5.500000119209289551e-01,-7.960019111633300781e-01,-6.342235207557678223e-01,7.367771863937377930e-01,6.407327204942703247e-02,2.588000000000000000e+03,2.631661865234375000e+03
8.665423840284347534e-02,-4.499999880790710449e-01,-1.212602704763412476e-01,-5.556178092956542969e-01,7.355521917343139648e-01,6.520033627748489380e-02,2.586000000000000000e+03,2.839623291015625000e+03
-9.499999880790710449e-01,-3.499999940395355225e-01,-9.891488552093505859e-01,-3.759078681468963623e-01,6.472805738449096680e-01,7.628209143877029419e-02,2.231000000000000000e+03,2.242671630859375000e+03
6.961627006530761719e-01,5.000000074505805969e-02,5.194379091262817383e-01,1.295634312555193901e-03,9.309524893760681152e-01,1.216166540980339050e-01,2.225000000000000000e+03,2.310344726562500000e+03
4.545493423938751221e-01,4.223684668540954590e-01,2.604259252548217773e-01,9.797205924987792969e-01,1.072053432464599609e+00,8.013054728507995605e-02,4.164000000000000000e+03,5.353299316406250000e+03
-3.172467947006225586e-01,4.223684668540954590e-01,-3.494111597537994385e-01,2.373686730861663818e-01,8.552538752555847168e-01,7.098816335201263428e-02,3.106000000000000000e+03,3.253896484375000000e+03
-6.999999880790710449e-01,-6.590732932090759277e-02,-8.333952426910400391e-01,-1.147492155432701111e-01,9.288526773452758789e-01,6.021720543503761292e-02,3.581000000000000000e+03,3.664325195312500000e+03
-6.000000238418579102e-01,-2.000000029802322388e-01,-2.895462214946746826e-01,-1.737411506474018097e-02,9.565236568450927734e-01,6.047776713967323303e-02,2.882000000000000000e+03,3.277827148437500000e+03
5.173884034156799316e-01,-2.000000029802322388e-01,5.868878364562988281e-01,-1.611717194318771362e-01,7.727155089378356934e-01,6.676241010427474976e-02,2.880000000000000000e+03,2.910521484375000000e+03
3.896152675151824951e-01,3.562291860580444336e-01,2.819818854331970215e-01,4.029599577188491821e-02,9.244274497032165527e-01,6.242568045854568481e-02,3.419000000000000000e+03,3.851977294921875000e+03
-1.101048365235328674e-01,6.672313809394836426e-01,-7.452000677585601807e-02,8.384616374969482422e-01,5.353120565414428711e-01,7.178581506013870239e-02,1.754000000000000000e+03,1.936885498046875000e+03
-3.151089549064636230e-01,-4.499999880790710449e-01,-9.446503967046737671e-02,-3.517597317695617676e-01,9.853844046592712402e-01,7.478767633438110352e-02,3.324000000000000000e+03,3.521055419921875000e+03
1.366542428731918335e-01,-5.500000119209289551e-01,5.343244224786758423e-02,-4.391457736492156982e-01,8.829529285430908203e-01,7.148344814777374268e-02,2.661000000000000000e+03,2.725979003906250000e+03
5.784529447555541992e-01,3.874092102050781250e-01,2.393699139356613159e-01,1.456180661916732788e-01,8.058310151100158691e-01,8.092454820871353149e-02,2.832000000000000000e+03,3.550010986328125000e+03
7.531411051750183105e-01,-4.213686585426330566e-01,8.691188097000122070e-01,-5.103272199630737305e-01,3.982625603675842285e-01,1.125458031892776489e-01,1.010000000000000000e+03,1.141938232421875000e+03
-5.500000119209289551e-01,-5.000000000000000000e-01,-6.182245612144470215e-01,-7.419716715812683105e-01,6.198655962944030762e-01,7.465545088052749634e-02,2.049000000000000000e+03,2.374163818359375000e+03
4.223684668540954590e-01,3.221365213394165039e-01,-3.554491326212882996e-02,3.982866108417510986e-01,8.779080510139465332e-01,7.313509285449981689e-02,3.192000000000000000e+03,4.035958007812500000e+03
3.043174147605895996e-01,-5.500000119209289551e-01,3.558636903762817383e-01,-4.424782991409301758e-01,7.009105086326599121e-01,7.589250057935714722e-02,2.134000000000000000e+03,2.195428710937500000e+03
4.482004791498184204e-02,-5.500000119209289551e-01,-9.716014564037322998e-02,-4.425557851791381836e-01,8.286140561103820801e-01,7.882327586412429810e-02,2.512000000000000000e+03,2.626712890625000000e+03
-5.000000000000000000e-01,4.223684668540954590e-01,-6.774624586105346680e-01,4.792488738894462585e-02,8.433319926261901855e-01,6.319880485534667969e-02,3.635000000000000000e+03,4.470429687500000000e+03
4.545493423938751221e-01,3.221365213394165039e-01,4.480651319026947021e-01,2.428690344095230103e-01,9.846485853195190430e-01,5.609044060111045837e-02,3.168000000000000000e+03,3.188765625000000000e+03
-7.500000000000000000e-01,-5.000000000000000000e-01,-8.611055612564086914e-01,-4.186894595623016357e-01,6.046308279037475586e-01,6.586387008428573608e-02,1.714000000000000000e+03,1.801676269531250000e+03
-1.151089668273925781e-01,4.223684668540954590e-01,-1.166155859827995300e-01,2.626035213470458984e-01,7.812770605087280273e-01,8.470904082059860229e-02,2.195000000000000000e+03,2.286003662109375000e+03
-4.264907911419868469e-02,-4.499999880790710449e-01,4.341540336608886719e-01,-3.695359826087951660e-01,1.080439567565917969e+00,8.838907629251480103e-02,3.220000000000000000e+03,3.838534423828125000e+03
-5.000000074505805969e-02,-6.499999761581420898e-01,-2.565322220325469971e-01,-4.098256826400756836e-01,9.963055253028869629e-01,6.915835291147232056e-02,4.138000000000000000e+03,4.547184570312500000e+03
0.000000000000000000e+00,-2.500000000000000000e-01,2.491802424192428589e-01,-2.254729419946670532e-01,9.339959025382995605e-01,8.640166372060775757e-02,3.167000000000000000e+03,3.391020263671875000e+03
-2.500000000000000000e-01,-2.500000000000000000e-01,1.013255678117275238e-02,-4.875355660915374756e-01,1.051967978477478027e+00,6.082938984036445618e-02,3.732000000000000000e+03,4.140403320312500000e+03
3.562291860580444336e-01,-2.000000029802322388e-01,7.102470993995666504e-01,-1.529063563793897629e-02,9.603307843208312988e-01,7.551117986440658569e-02,3.242000000000000000e+03,3.782272216796875000e+03
4.223684668540954590e-01,-2.500000000000000000e-01,4.500371813774108887e-01,-1.465738415718078613e-01,1.070594429969787598e+00,5.755360424518585205e-02,3.520000000000000000e+03,3.555104003906250000e+03
-4.707512259483337402e-01,-4.000000059604644775e-01,-7.369739413261413574e-01,-5.567222237586975098e-01,7.249363064765930176e-01,6.088703125715255737e-02,2.819000000000000000e+03,3.312235107421875000e+03
-5.000000000000000000e-01,-3.499999940395355225e-01,-4.828642010688781738e-01,-3.024694025516510010e-01,8.106226325035095215e-01,5.835970491170883179e-02,2.225000000000000000e+03,2.233610839843750000e+03
-3.000000119209289551e-01,-4.499999880790710449e-01,-3.450141847133636475e-01,-2.308324724435806274e-01,1.044026851654052734e+00,6.413263082504272461e-02,3.269000000000000000e+03,3.417496826171875000e+03
-2.131237089633941650e-01,-3.000000119209289551e-01,-3.064518570899963379e-01,-1.065064743161201477e-01,1.018410801887512207e+00,6.308892369270324707e-02,3.414000000000000000e+03,3.564217773437500000e+03
-5.500000119209289551e-01,-3.499999940395355225e-01,-4.829632043838500977e-01,-7.738620042800903320e-02,8.789847493171691895e-01,7.172022014856338501e-02,3.221000000000000000e+03,3.542129882812500000e+03
6.961627006530761719e-01,2.438115030527114868e-01,6.541123390197753906e-01,3.910321593284606934e-01,8.473293781280517578e-01,7.700520753860473633e-02,3.101000000000000000e+03,3.201418701171875000e+03
-1.661394163966178894e-02,5.481259822845458984e-01,-6.492182612419128418e-03,4.798908531665802002e-01,1.076254725456237793e+00,6.339951604604721069e-02,4.342000000000000000e+03,4.359913574218750000e+03
-4.499999880790710449e-01,6.961627006530761719e-01,-5.701959133148193359e-01,6.022131443023681641e-01,6.389903426170349121e-01,6.948876380920410156e-02,2.087000000000000000e+03,2.204314697265625000e+03
-4.672468006610870361e-01,2.872454822063446045e-01,-4.072463810443878174e-01,1.431540250778198242e-01,1.008430123329162598e+00,6.608878076076507568e-02,3.578000000000000000e+03,3.663005615234375000e+03
-4.499999880790710449e-01,-6.024989485740661621e-02,-5.681058764457702637e-01,-2.212735079228878021e-02,9.147596955299377441e-01,6.265607476234436035e-02,3.068000000000000000e+03,3.124016357421875000e+03
6.080385446548461914e-01,-4.124674201011657715e-02,4.944814443588256836e-01,-2.313989028334617615e-02,4.804828464984893799e-01,1.967351585626602173e-01,1.971000000000000000e+03,2.082335937500000000e+03
-5.500000119209289551e-01,-1.510896813124418259e-02,-2.828031778335571289e-01,-2.936581075191497803e-01,1.101804614067077637e+00,5.920752882957458496e-02,4.590000000000000000e+03,5.138139160156250000e+03
6.961627006530761719e-01,-2.000000029802322388e-01,6.666939854621887207e-01,-3.840293288230895996e-01,7.754575610160827637e-01,8.887034654617309570e-02,2.007000000000000000e+03,2.121477539062500000e+03
-6.000000238418579102e-01,-1.419351249933242798e-02,-5.853344798088073730e-01,8.157309889793395996e-02,6.558517813682556152e-01,6.343944370746612549e-02,1.880000000000000000e+03,1.920756958007812500e+03
4.223684668540954590e-01,9.482004493474960327e-02,3.605948984622955322e-01,3.495028316974639893e-01,9.575554132461547852e-01,6.290006637573242188e-02,3.652000000000000000e+03,3.920972900390625000e+03
5.481259822845458984e-01,3.184255063533782959e-01,3.521120846271514893e-01,2.367378771305084229e-01,1.079661369323730469e+00,5.728476494550704956e-02,3.398000000000000000e+03,3.528337890625000000e+03
-6.000000238418579102e-01,4.545493423938751221e-01,-5.613324046134948730e-01,3.482672572135925293e-01,7.773293256759643555e-01,7.612878829240798950e-02,2.681000000000000000e+03,2.737464355468750000e+03
-2.000000029802322388e-01,-5.000000000000000000e-01,-2.118589133024215698e-01,-4.153416752815246582e-01,5.079383850097656250e-01,7.630921900272369385e-02,1.631000000000000000e+03,1.676764892578125000e+03
6.083970069885253906e-01,-1.500000059604644775e-01,5.242059230804443359e-01,-1.115137338638305664e-02,1.007466077804565430e+00,8.072435855865478516e-02,2.714000000000000000e+03,2.783945312500000000e+03
5.481259822845458984e-01,2.145627290010452271e-01,4.184637367725372314e-01,3.470315933227539062e-01,9.411939382553100586e-01,6.644064933061599731e-02,3.375000000000000000e+03,3.504455566406250000e+03
-7.500000000000000000e-01,3.555225729942321777e-01,-9.615718126296997070e-01,2.207157015800476074e-01,7.685014009475708008e-01,1.331526041030883789e-01,2.057000000000000000e+03,2.270610839843750000e+03
-6.000000238418579102e-01,-5.183409452438354492e-01,-6.341120600700378418e-01,-6.493976116180419922e-01,5.084820985794067383e-01,7.796064019203186035e-02,1.603000000000000000e+03,1.714860473632812500e+03
-6.999999880790710449e-01,4.482004791498184204e-02,-8.674251437187194824e-01,-7.642591744661331177e-02,7.639040946960449219e-01,8.033380657434463501e-02,2.228000000000000000e+03,2.388463867187500000e+03
2.145627290010452271e-01,3.896152675151824951e-01,1.543041169643402100e-01,5.076624751091003418e-01,9.725292325019836426e-01,8.285187929868698120e-02,2.980000000000000000e+03,3.035257812500000000e+03
-5.000000000000000000e-01,-1.000000014901161194e-01,-3.835307061672210693e-01,2.859845757484436035e-01,1.162298917770385742e+00,5.525603890419006348e-02,4.448000000000000000e+03,4.968813964843750000e+03
5.784529447555541992e-01,-3.000000119209289551e-01,4.842547476291656494e-01,-4.659145772457122803e-01,9.480748772621154785e-01,6.552141904830932617e-02,3.167000000000000000e+03,3.294035156250000000e+03
-3.499999940395355225e-01,2.872454822063446045e-01,-2.985405921936035156e-01,1.652386784553527832e-01,6.736425757408142090e-01,1.135797575116157532e-01,1.900000000000000000e+03,1.972878662109375000e+03
-4.499999880790710449e-01,-3.159073293209075928e-01,-3.923564255237579346e-01,-5.279802680015563965e-01,8.164523243904113770e-01,6.297665089368820190e-02,3.252000000000000000e+03,3.484116943359375000e+03
-5.000000074505805969e-02,8.073761314153671265e-02,-1.101334989070892334e-01,1.960385292768478394e-01,8.677668571472167969e-01,6.313607841730117798e-02,3.079000000000000000e+03,3.147684814453125000e+03
3.562291860580444336e-01,-5.000000000000000000e-01,3.466502428054809570e-01,-2.384031713008880615e-01,1.018165826797485352e+00,8.818008005619049072e-02,4.039000000000000000e+03,4.302110839843750000e+03
8.457015454769134521e-02,-5.500000119209289551e-01,-1.358934342861175537e-01,-7.281876206398010254e-01,1.072607755661010742e+00,7.228648662567138672e-02,3.385000000000000000e+03,3.618012695312500000e+03
-6.000000238418579102e-01,-5.000000074505805969e-02,-9.617477059364318848e-01,5.220096558332443237e-02,1.151939272880554199e+00,5.247545987367630005e-02,3.260000000000000000e+03,3.598537353515625000e+03
-8.000000119209289551e-01,-2.551799416542053223e-01,-6.719436645507812500e-01,-2.353596538305282593e-01,7.570039033889770508e-01,6.095084920525550842e-02,2.233000000000000000e+03,2.298098144531250000e+03
6.707109510898590088e-02,-6.000000238418579102e-01,1.326002478599548340e-01,-5.597296357154846191e-01,7.321766614913940430e-01,7.247352600097656250e-02,2.212000000000000000e+03,2.236388671875000000e+03
-2.020288109779357910e-01,6.379825472831726074e-01,1.845636367797851562e-01,7.239912152290344238e-01,9.498623609542846680e-01,6.565160304307937622e-02,2.508000000000000000e+03,2.927524658203125000e+03
-6.999999880790710449e-01,-3.704144358634948730e-01,-6.510875821113586426e-01,-2.472204156219959259e-02,8.636068105697631836e-01,6.472136825323104858e-02,2.791000000000000000e+03,3.230586181640625000e+03
-6.499999761581420898e-01,-2.500000000000000000e-01,-6.954169869422912598e-01,-3.090266287326812744e-01,8.849816918373107910e-01,6.305087357759475708e-02,3.081000000000000000e+03,3.102747558593750000e+03
2.514390051364898682e-01,-2.000000029802322388e-01,3.450047969818115234e-01,-2.270815372467041016e-01,9.671888351440429688e-01,8.688059449195861816e-02,2.894000000000000000e+03,2.923158447265625000e+03
2.872454822063446045e-01,3.221365213394165039e-01,3.055714666843414307e-01,1.425726562738418579e-01,1.025647163391113281e+00,5.947417765855789185e-02,3.712000000000000000e+03,3.825766357421875000e+03
-1.314403116703033447e-01,-6.000000238418579102e-01,5.417605116963386536e-02,-8.498967885971069336e-01,1.012447834014892578e+00,8.235224336385726929e-02,2.739000000000000000e+03,2.992491699218750000e+03
-6.999999880790710449e-01,1.715452671051025391e-01,-6.171549558639526367e-01,4.715819954872131348e-01,9.276677966117858887e-01,7.609509676694869995e-02,3.473000000000000000e+03,3.854585693359375000e+03
-2.541260421276092529e-02,-6.000000238418579102e-01,-1.421787142753601074e-01,-5.916132330894470215e-01,1.053130745887756348e+00,6.048435345292091370e-02,3.677000000000000000e+03,3.722458984375000000e+03
5.481259822845458984e-01,-4.499999880790710449e-01,7.629923820495605469e-01,-2.361364513635635376e-01,7.844971418380737305e-01,6.283096969127655029e-02,3.180000000000000000e+03,3.639025634765625000e+03
2.075843513011932373e-01,6.961627006530761719e-01,3.812761008739471436e-01,7.289363741874694824e-01,8.807355165481567383e-01,7.383259385824203491e-02,3.491000000000000000e+03,3.630256835937500000e+03
-5.000000000000000000e-01,-4.499999880790710449e-01,-4.082478880882263184e-01,-9.170885682106018066e-01,1.047215819358825684e+00,6.224953010678291321e-02,2.804000000000000000e+03,3.358937500000000000e+03
6.379825472831726074e-01,-5.517995357513427734e-02,5.141707658767700195e-01,1.711042076349258423e-01,7.742126584053039551e-01,7.243389636278152466e-02,3.216000000000000000e+03,3.563724853515625000e+03
4.223684668540954590e-01,-3.000000119209289551e-01,5.071519017219543457e-01,1.121498942375183105e-01,1.083266258239746094e+00,6.434575468301773071e-02,4.115000000000000000e+03,4.715817382812500000e+03
-4.499999880790710449e-01,-4.499999880790710449e-01,-3.932931721210479736e-01,-5.839903950691223145e-01,8.582862019538879395e-01,6.159766018390655518e-02,3.508000000000000000e+03,3.608339599609375000e+03
3.195593059062957764e-01,-8.500000238418579102e-01,3.023322820663452148e-01,-9.724302887916564941e-01,4.490548372268676758e-01,9.843056648969650269e-02,1.375000000000000000e+03,1.477175781250000000e+03
-5.500000119209289551e-01,-5.000000074505805969e-02,-6.766806244850158691e-01,1.052699312567710876e-01,6.568858027458190918e-01,6.201058998703956604e-02,2.597000000000000000e+03,2.833361083984375000e+03
-5.000000074505805969e-02,-4.499999880790710449e-01,9.463564306497573853e-02,-4.027651846408843994e-01,8.337904214859008789e-01,6.969309598207473755e-02,3.325000000000000000e+03,3.434635986328125000e+03
-4.499999880790710449e-01,-3.000000119209289551e-01,-1.291829943656921387e-01,-4.080775082111358643e-01,1.101310849189758301e+00,8.501525968313217163e-02,3.479000000000000000e+03,3.800977783203125000e+03
4.223684668540954590e-01,-3.499999940395355225e-01,3.033587932586669922e-01,-3.008827380836009979e-02,1.180388927459716797e+00,6.000666692852973938e-02,4.076000000000000000e+03,4.410979980468750000e+03
-6.499999761581420898e-01,-4.000000059604644775e-01,-9.306122660636901855e-01,-1.719295382499694824e-01,8.789872527122497559e-01,5.867155268788337708e-02,3.702000000000000000e+03,4.305176757812500000e+03
-5.000000000000000000e-01,-3.499999940395355225e-01,-2.603210508823394775e-01,-5.127597227692604065e-02,9.132984280586242676e-01,8.598627895116806030e-02,2.992000000000000000e+03,3.498150146484375000e+03
-5.500000119209289551e-01,4.545493423938751221e-01,-5.491763353347778320e-01,3.153026103973388672e-01,8.354328870773315430e-01,5.547959357500076294e-02,2.333000000000000000e+03,2.397208007812500000e+03
4.963197708129882812e-01,6.379825472831726074e-01,5.928691625595092773e-01,5.495305657386779785e-01,6.670712232589721680e-01,7.068739086389541626e-02,1.897000000000000000e+03,1.969353881835937500e+03
-6.499999761581420898e-01,2.056531310081481934e-01,-6.389567255973815918e-01,2.603557407855987549e-01,9.525864124298095703e-01,6.273309886455535889e-02,3.144000000000000000e+03,3.154824462890625000e+03
2.872454822063446045e-01,-8.000000119209289551e-01,3.111159205436706543e-01,-6.238177418708801270e-01,8.531792163848876953e-01,6.010382622480392456e-02,1.928000000000000000e+03,2.011031005859375000e+03
4.545493423938751221e-01,-1.000000014901161194e-01,2.596157193183898926e-01,-3.947399854660034180e-01,8.544877171516418457e-01,1.046757623553276062e-01,2.732000000000000000e+03,3.182180664062500000e+03
-1.000000014901161194e-01,5.481259822845458984e-01,2.052398324012756348e-01,4.300124943256378174e-01,1.047636628150939941e+00,6.178366765379905701e-02,3.960000000000000000e+03,4.337318359375000000e+03
3.889823853969573975e-01,-5.500000119209289551e-01,5.401176810264587402e-01,-4.307636618614196777e-01,8.132711052894592285e-01,7.559985667467117310e-02,1.934000000000000000e+03,2.041130004882812500e+03
-2.000000029802322388e-01,-8.204144239425659180e-01,-2.749862968921661377e-01,-7.728930711746215820e-01,6.612287163734436035e-01,7.036322355270385742e-02,2.773000000000000000e+03,2.822847412109375000e+03
-5.000000000000000000e-01,-8.000000119209289551e-01,-2.638738155364990234e-01,-8.568378090858459473e-01,6.528114080429077148e-01,8.465971797704696655e-02,1.981000000000000000e+03,2.246872558593750000e+03
-3.499999940395355225e-01,3.562291860580444336e-01,-2.648297548294067383e-01,5.424258112907409668e-02,7.450215816497802734e-01,1.114716008305549622e-01,1.845000000000000000e+03,2.159463623046875000e+03
-5.179951898753643036e-03,3.562291860580444336e-01,-1.068113744258880615e-02,2.481388747692108154e-01,8.139941692352294922e-01,6.364642828702926636e-02,3.162000000000000000e+03,3.217515625000000000e+03
-1.726867854595184326e-01,6.379825472831726074e-01,3.664239868521690369e-02,1.009770750999450684e+00,1.039074420928955078e+00,4.886073991656303406e-02,2.483000000000000000e+03,2.886042968750000000e+03
-3.499999940395355225e-01,-4.499999880790710449e-01,-3.477949202060699463e-01,-4.213754087686538696e-02,1.027551531791687012e+00,5.772432684898376465e-02,4.294000000000000000e+03,4.947689941406250000e+03
-1.200559586286544800e-01,5.481259822845458984e-01,2.409390360116958618e-01,3.777902424335479736e-01,1.150930166244506836e+00,5.911021679639816284e-02,3.678000000000000000e+03,4.108655273437500000e+03
-5.500000119209289551e-01,1.645627170801162720e-01,-4.971664845943450928e-01,1.682191789150238037e-01,4.472496807575225830e-01,7.195097208023071289e-02,1.751000000000000000e+03,1.775561157226562500e+03
-6.999999880790710449e-01,-1.000000014901161194e-01,-5.263924598693847656e-01,3.398981317877769470e-02,7.825599908828735352e-01,5.953909084200859070e-02,2.474000000000000000e+03,2.664462646484375000e+03
3.896152675151824951e-01,-6.188200116157531738e-01,2.666507959365844727e-01,-4.656921923160552979e-01,8.698347806930541992e-01,7.396741956472396851e-02,3.051000000000000000e+03,3.204714599609375000e+03
2.913883328437805176e-01,-8.000000119209289551e-01,2.588522732257843018e-01,-7.238540053367614746e-01,6.221279501914978027e-01,6.108362227678298950e-02,2.359000000000000000e+03,2.400745361328125000e+03
1.194074451923370361e-01,-4.166139364242553711e-01,2.992588579654693604e-01,-4.182257652282714844e-01,7.200855612754821777e-01,6.794992089271545410e-02,2.391000000000000000e+03,2.538244873046875000e+03
2.145627290010452271e-01,-2.000000029802322388e-01,3.643175363540649414e-01,-3.690102696418762207e-01,9.923401474952697754e-01,8.453953266143798828e-02,3.216000000000000000e+03,3.380508056640625000e+03
1.571419537067413330e-01,5.173884034156799316e-01,-4.105092957615852356e-02,6.692194938659667969e-01,6.971815824508666992e-01,6.905481219291687012e-02,2.402000000000000000e+03,2.701481201171875000e+03
6.961627006530761719e-01,-4.000000059604644775e-01,9.021406173706054688e-01,-3.660405576229095459e-01,8.129433393478393555e-01,5.872487276792526245e-02,3.290000000000000000e+03,3.503326416015625000e+03
1.246411353349685669e-01,-5.500000119209289551e-01,2.826705574989318848e-01,-8.334629535675048828e-01,8.304374814033508301e-01,6.244800239801406860e-02,2.945000000000000000e+03,3.379924316406250000e+03
-3.659073412418365479e-01,-3.000000119209289551e-01,-4.208360016345977783e-01,1.072361133992671967e-02,8.806899785995483398e-01,1.013445109128952026e-01,3.169000000000000000e+03,3.564110595703125000e+03
1.889598555862903595e-02,-6.999999880790710449e-01,1.322118788957595825e-01,-7.192771434783935547e-01,4.650206267833709717e-01,1.125481426715850830e-01,1.341000000000000000e+03,1.421645751953125000e+03
2.145627290010452271e-01,2.145627290010452271e-01,-4.839339852333068848e-02,-1.658417750149965286e-03,6.201861500740051270e-01,8.071888238191604614e-02,2.196000000000000000e+03,2.820773193359375000e+03
-4.000000059604644775e-01,1.366542428731918335e-01,-3.116899132728576660e-01,-1.337416619062423706e-01,9.708981513977050781e-01,6.344062834978103638e-02,3.009000000000000000e+03,3.261665283203125000e+03
4.223684668540954590e-01,-2.000000029802322388e-01,3.166812062263488770e-01,-6.107478141784667969e-01,1.224934339523315430e+00,5.708741396665573120e-02,4.271000000000000000e+03,4.769116699218750000e+03
-1.500000059604644775e-01,-4.499999880790710449e-01,-2.087374031543731689e-01,-2.003116756677627563e-01,1.042915105819702148e+00,6.418462097644805908e-02,4.163000000000000000e+03,4.410977539062500000e+03
-5.000000000000000000e-01,3.221365213394165039e-01,-4.390600919723510742e-01,5.325092077255249023e-01,9.751029610633850098e-01,6.968662887811660767e-02,2.900000000000000000e+03,3.044627929687500000e+03
4.862083792686462402e-01,-4.678191244602203369e-01,2.129417061805725098e-01,-2.162909805774688721e-01,1.006942152976989746e+00,7.083943486213684082e-02,3.684000000000000000e+03,4.170862792968750000e+03
-6.999999880790710449e-01,2.514390051364898682e-01,-7.448857426643371582e-01,5.165964737534523010e-02,9.504273533821105957e-01,5.837768316268920898e-02,3.549000000000000000e+03,3.711924072265625000e+03
-3.000000119209289551e-01,-4.499999880790710449e-01,-1.707963794469833374e-01,-1.365357041358947754e-01,1.156115651130676270e+00,6.106381118297576904e-02,3.511000000000000000e+03,3.807084228515625000e+03
6.961627006530761719e-01,7.522024959325790405e-02,6.682522296905517578e-01,-1.109989434480667114e-01,6.377586722373962402e-01,7.593893259763717651e-02,1.955000000000000000e+03,2.121993652343750000e+03
-8.000000119209289551e-01,6.823549419641494751e-02,-8.803023695945739746e-01,1.569740325212478638e-01,7.231677174568176270e-01,8.905512094497680664e-02,2.143000000000000000e+03,2.201217773437500000e+03
6.379825472831726074e-01,5.173884034156799316e-01,7.638398408889770508e-01,4.523741304874420166e-01,5.957980751991271973e-01,6.970344483852386475e-02,1.670000000000000000e+03,1.762960815429687500e+03
3.489103168249130249e-02,-5.683409571647644043e-01,1.421356797218322754e-01,-4.532014131546020508e-01,8.979710936546325684e-01,6.798953562974929810e-02,3.231000000000000000e+03,3.329413085937500000e+03
-5.179951898753643036e-03,3.221365213394165039e-01,6.651367992162704468e-02,3.464902937412261963e-01,4.165990650653839111e-01,9.039052575826644897e-02,1.416000000000000000e+03,1.462410400390625000e+03
3.896152675151824951e-01,-5.500000119209289551e-01,1.141269654035568237e-01,-5.597940683364868164e-01,9.009522795677185059e-01,5.880748108029365540e-02,3.474000000000000000e+03,3.792839111328125000e+03
6.961627006530761719e-01,1.313348561525344849e-01,7.315105795860290527e-01,2.355692088603973389e-01,6.768995523452758789e-01,1.027086526155471802e-01,1.996000000000000000e+03,2.048474853515625000e+03
1.764043420553207397e-01,6.672313809394836426e-01,1.699587851762771606e-01,5.590048432350158691e-01,8.006299734115600586e-01,6.366681307554244995e-02,2.919000000000000000e+03,2.972295898437500000e+03
-8.000000119209289551e-01,1.645627170801162720e-01,-9.061463475227355957e-01,1.189993694424629211e-01,5.281601548194885254e-01,7.935473322868347168e-02,1.674000000000000000e+03,1.753297119140625000e+03
4.545493423938751221e-01,-3.499999940395355225e-01,7.342151403427124023e-01,-2.180464863777160645e-01,9.427984952926635742e-01,6.576548516750335693e-02,3.273000000000000000e+03,3.617041992187500000e+03
-5.000000000000000000e-01,-3.000000119209289551e-01,-3.785167038440704346e-01,-1.092640236020088196e-01,1.089900612831115723e+00,5.875686556100845337e-02,4.388000000000000000e+03,4.574942382812500000e+03
-8.000000119209289551e-01,-4.888759553432464600e-01,-7.589523792266845703e-01,-4.961921572685241699e-01,8.059815764427185059e-01,8.012669533491134644e-02,2.224000000000000000e+03,2.229926025390625000e+03
1.194074451923370361e-01,5.784529447555541992e-01,5.212099105119705200e-02,3.908742368221282959e-01,6.151058077812194824e-01,8.477292209863662720e-02,1.793000000000000000e+03,1.976940673828125000e+03
-1.678191274404525757e-01,-5.000000000000000000e-01,-5.654053688049316406e-01,-6.239233613014221191e-01,1.113560080528259277e+00,5.629033222794532776e-02,3.892000000000000000e+03,4.420417968750000000e+03
-1.781912706792354584e-02,-6.499999761581420898e-01,-3.709195852279663086e-01,-3.314637839794158936e-01,1.059370756149291992e+00,5.712812766432762146e-02,3.904000000000000000e+03,4.656727050781250000e+03
-4.710686206817626953e-01,5.481259822845458984e-01,-4.499068260192871094e-01,6.138129234313964844e-01,8.607024550437927246e-01,1.209000274538993835e-01,2.628000000000000000e+03,2.644795898437500000e+03
-2.003711163997650146e-01,7.247940897941589355e-01,-1.471287459135055542e-01,7.381144762039184570e-01,5.574651360511779785e-01,2.879245579242706299e-01,6.460000000000000000e+02,6.522453613281250000e+02
4.223684668540954590e-01,6.961627006530761719e-01,2.645276784896850586e-01,7.546128034591674805e-01,6.969676613807678223e-01,8.236141502857208252e-02,2.462000000000000000e+03,2.603798095703125000e+03
5.784529447555541992e-01,5.481259822845458984e-01,4.022755026817321777e-01,5.814485549926757812e-01,7.711913585662841797e-01,6.988113373517990112e-02,2.582000000000000000e+03,2.719481689453125000e+03
-3.018256835639476776e-02,-7.500000000000000000e-01,-1.019583418965339661e-01,-6.763365268707275391e-01,6.497468948364257812e-01,7.653436064720153809e-02,1.465000000000000000e+03,1.501510009765625000e+03
-3.659073412418365479e-01,4.862083792686462402e-01,-5.052589774131774902e-01,2.737103998661041260e-01,9.667025804519653320e-01,5.810847505927085876e-02,3.936000000000000000e+03,4.203255859375000000e+03
6.961627006530761719e-01,-1.000000014901161194e-01,6.807816624641418457e-01,-2.054457217454910278e-01,7.284614443778991699e-01,1.012837365269660950e-01,2.163000000000000000e+03,2.208886962890625000e+03
-3.499999940395355225e-01,3.815837576985359192e-02,-4.811856746673583984e-01,1.902733743190765381e-01,1.154641985893249512e+00,9.537266939878463745e-02,2.695000000000000000e+03,2.776072021484375000e+03
5.173884034156799316e-01,-5.000000000000000000e-01,2.621619999408721924e-01,-3.925392925739288330e-01,8.979685902595520020e-01,7.370845228433609009e-02,3.258000000000000000e+03,3.560785156250000000e+03
-6.999999880790710449e-01,-1.590733230113983154e-02,-5.732120275497436523e-01,2.713173031806945801e-01,1.018052220344543457e+00,5.833340436220169067e-02,3.865000000000000000e+03,4.224197265625000000e+03
7.154527306556701660e-02,6.961627006530761719e-01,1.662731468677520752e-01,1.044123053550720215e+00,6.070401072502136230e-01,1.353075504302978516e-01,2.173000000000000000e+03,2.892155029296875000e+03
-2.188199907541275024e-01,-6.188200116157531738e-01,-6.172830983996391296e-02,-5.158001780509948730e-01,6.530215740203857422e-01,8.054331690073013306e-02,1.801000000000000000e+03,1.947105712890625000e+03
-4.000000059604644775e-01,3.221365213394165039e-01,-3.815165460109710693e-01,4.520785212516784668e-01,1.092951059341430664e+00,5.385055392980575562e-02,4.468000000000000000e+03,4.532330566406250000e+03
-4.000000059604644775e-01,-1.000000000000000000e+00,-3.516527712345123291e-01,-9.788918495178222656e-01,3.989353477954864502e-01,1.179768592119216919e-01,1.090000000000000000e+03,1.108986328125000000e+03
-4.499999880790710449e-01,3.896152675151824951e-01,-3.901135027408599854e-01,4.822078347206115723e-01,1.021010160446166992e+00,5.467314273118972778e-02,4.020000000000000000e+03,4.066970458984375000e+03
-4.000000059604644775e-01,-5.500000119209289551e-01,-6.821858882904052734e-01,-8.033183217048645020e-01,8.799219131469726562e-01,7.292260974645614624e-02,3.069000000000000000e+03,3.616113525390625000e+03
4.545493423938751221e-01,2.514390051364898682e-01,6.100515723228454590e-01,7.355023622512817383e-01,1.067583680152893066e+00,5.921776592731475830e-02,3.444000000000000000e+03,4.189481445312500000e+03
2.872454822063446045e-01,4.862083792686462402e-01,4.601910710334777832e-01,3.183629512786865234e-01,9.677242636680603027e-01,6.444126367568969727e-02,3.770000000000000000e+03,3.999979492187500000e+03
-2.000000029802322388e-01,-5.683409571647644043e-01,-4.398007094860076904e-01,-4.119356274604797363e-01,1.051907777786254883e+00,5.563786998391151428e-02,4.083000000000000000e+03,4.379712402343750000e+03
-6.999999880790710449e-01,-5.500000119209289551e-01,-6.605685353279113770e-01,-6.023554801940917969e-01,7.967783808708190918e-01,5.474679544568061829e-02,2.930000000000000000e+03,2.949691406250000000e+03
5.481259822845458984e-01,9.482004493474960327e-02,3.313048481941223145e-01,2.486547529697418213e-01,9.871023297309875488e-01,7.558295875787734985e-02,3.155000000000000000e+03,3.380193603515625000e+03
4.545493423938751221e-01,9.821552783250808716e-03,7.708607316017150879e-01,3.059543073177337646e-01,1.084101915359497070e+00,7.751989364624023438e-02,4.033000000000000000e+03,4.656319824218750000e+03
-6.024989485740661621e-02,-6.000000238418579102e-01,-2.293381989002227783e-01,-2.384866774082183838e-01,1.111655235290527344e+00,5.810400843620300293e-02,3.882000000000000000e+03,4.367899414062500000e+03
-4.499999880790710449e-01,0.000000000000000000e+00,-2.350365966558456421e-01,3.777162134647369385e-01,1.113316297531127930e+00,6.120834127068519592e-02,4.424000000000000000e+03,5.074867675781250000e+03
6.672313809394836426e-01,-5.500000119209289551e-01,3.498223423957824707e-01,-7.365150451660156250e-01,8.174419403076171875e-01,9.314513206481933594e-02,2.406000000000000000e+03,2.873372558593750000e+03
-1.000000014901161194e-01,-6.188200116157531738e-01,-1.357534080743789673e-01,-9.064817428588867188e-01,8.088936209678649902e-01,7.122172415256500244e-02,3.361000000000000000e+03,3.780049316406250000e+03
-3.499999940395355225e-01,5.481259822845458984e-01,-3.837508261203765869e-01,5.871820449829101562e-01,1.013752102851867676e+00,6.455253064632415771e-02,3.595000000000000000e+03,3.604393310546875000e+03
6.961627006530761719e-01,-4.707512259483337402e-01,6.111773252487182617e-01,-4.907284080982208252e-01,7.696657180786132812e-01,6.168995052576065063e-02,2.969000000000000000e+03,3.007083496093750000e+03
6.083970069885253906e-01,-1.102498918771743774e-01,5.908337235450744629e-01,1.681750640273094177e-02,1.073928236961364746e+00,5.415026098489761353e-02,3.654000000000000000e+03,3.706156250000000000e+03
3.896152675151824951e-01,3.562291860580444336e-01,4.870987534523010254e-01,4.485276043415069580e-01,9.830859899520874023e-01,6.419664621353149414e-02,3.446000000000000000e+03,3.509898925781250000e+03
6.961627006530761719e-01,2.779041826725006104e-01,5.875003933906555176e-01,6.293423771858215332e-01,8.738052845001220703e-01,1.121873781085014343e-01,2.120000000000000000e+03,2.481334960937500000e+03
-5.683409571647644043e-01,2.514390051364898682e-01,-5.903770923614501953e-01,9.242907911539077759e-02,7.342662215232849121e-01,6.921764463186264038e-02,2.986000000000000000e+03,3.127446289062500000e+03
5.173884034156799316e-01,-2.000000029802322388e-01,3.870536386966705322e-01,-4.344581067562103271e-01,1.145395517349243164e+00,6.110558286309242249e-02,4.176000000000000000e+03,4.401691406250000000e+03
-7.500000000000000000e-01,-5.000000074505805969e-02,-4.610689580440521240e-01,-7.283070683479309082e-02,9.620091915130615234e-01,7.230450958013534546e-02,2.625000000000000000e+03,2.857954345703125000e+03
-1.500000059604644775e-01,-4.499999880790710449e-01,-2.109706103801727295e-01,-5.813823938369750977e-01,9.252263307571411133e-01,5.345919355750083923e-02,3.472000000000000000e+03,3.556782714843750000e+03
-2.672467827796936035e-01,-4.499999880790710449e-01,-7.469353079795837402e-01,-5.124847888946533203e-01,1.056128025054931641e+00,6.631500273942947388e-02,3.668000000000000000e+03,4.404842285156250000e+03
-3.499999940395355225e-01,-8.500000238418579102e-01,-2.844025492668151855e-01,-9.778581857681274414e-01,7.786689996719360352e-01,7.269078493118286133e-02,2.489000000000000000e+03,2.573054443359375000e+03
9.482004493474960327e-02,-5.000000000000000000e-01,5.130479335784912109e-01,-3.739377558231353760e-01,1.188583731651306152e+00,5.489720031619071960e-02,4.813000000000000000e+03,5.444168457031250000e+03
-2.210686355829238892e-01,4.223684668540954590e-01,-8.262597024440765381e-02,3.341243863105773926e-01,5.053046941757202148e-01,8.407329767942428589e-02,1.771000000000000000e+03,1.953423828125000000e+03
-5.500000119209289551e-01,-4.499999880790710449e-01,-4.571209549903869629e-01,-5.237856507301330566e-01,7.301428914070129395e-01,7.131350040435791016e-02,1.917000000000000000e+03,1.967398071289062500e+03
5.784529447555541992e-01,-3.499999940395355225e-01,5.162208676338195801e-01,-4.977645576000213623e-01,6.226664781570434570e-01,8.559842407703399658e-02,2.119000000000000000e+03,2.257037109375000000e+03
-5.500000119209289551e-01,-1.590733230113983154e-02,-5.669282078742980957e-01,-2.640021219849586487e-02,7.425134181976318359e-01,7.155304402112960815e-02,2.088000000000000000e+03,2.089524169921875000e+03
-5.178191065788269043e-01,-2.000000029802322388e-01,-6.725797057151794434e-01,9.480012208223342896e-02,1.052793622016906738e+00,7.154020667076110840e-02,3.800000000000000000e+03,4.171156738281250000e+03
4.545493423938751221e-01,-2.641935050487518311e-01,2.992957234382629395e-01,-5.087995529174804688e-01,1.144517660140991211e+00,6.225516274571418762e-02,3.556000000000000000e+03,3.780205810546875000e+03
-4.672468006610870361e-01,-6.000000238418579102e-01,-6.762575507164001465e-01,-4.069500565528869629e-01,7.456821799278259277e-01,6.516563147306442261e-02,1.957000000000000000e+03,2.233090332031250000e+03
-4.672468006610870361e-01,-6.499999761581420898e-01,-1.735488921403884888e-01,-6.101847887039184570e-01,8.658413290977478027e-01,6.211744993925094604e-02,2.741000000000000000e+03,3.053165039062500000e+03
-3.000000119209289551e-01,-3.659073412418365479e-01,-3.821440041065216064e-01,-3.597843945026397705e-01,7.106425762176513672e-01,7.230225205421447754e-02,2.684000000000000000e+03,2.720018554687500000e+03
0.000000000000000000e+00,5.481259822845458984e-01,6.758733093738555908e-02,2.380096763372421265e-01,1.158116817474365234e+00,6.081942096352577209e-02,3.846000000000000000e+03,4.129261230468750000e+03
-7.265486121177673340e-01,7.531411051750183105e-01,-6.735684275627136230e-01,7.586887478828430176e-01,6.144816279411315918e-01,6.752693653106689453e-02,1.786000000000000000e+03,1.799382934570312500e+03
-6.000000238418579102e-01,-4.166139364242553711e-01,-4.799761176109313965e-01,-4.214454293251037598e-01,7.327277660369873047e-01,7.509802281856536865e-02,1.901000000000000000e+03,1.951640136718750000e+03
2.122108340263366699e-01,5.481259822845458984e-01,3.053827881813049316e-01,3.541091680526733398e-01,1.135114669799804688e+00,5.412818863987922668e-02,3.461000000000000000e+03,3.584228759765625000e+03
2.494537532329559326e-01,6.083970069885253906e-01,5.225666761398315430e-01,7.466925978660583496e-01,8.023390769958496094e-01,5.333883687853813171e-02,2.930000000000000000e+03,3.343359619140625000e+03
-1.683409363031387329e-01,6.672313809394836426e-01,-2.756666541099548340e-01,5.443635582923889160e-01,8.754467964172363281e-01,5.931467190384864807e-02,3.268000000000000000e+03,3.380339111328125000e+03
-6.000000238418579102e-01,2.145627290010452271e-01,-4.886454343795776367e-01,2.271772772073745728e-01,5.916750431060791016e-01,6.877538561820983887e-02,2.099000000000000000e+03,2.173734863281250000e+03
-3.000000119209289551e-01,2.514390051364898682e-01,-3.080123290419578552e-02,2.192665189504623413e-01,6.355182528495788574e-01,9.367237985134124756e-02,1.897000000000000000e+03,2.228914550781250000e+03
-5.000000000000000000e-01,4.862083792686462402e-01,-6.911232471466064453e-01,2.469192892313003540e-01,9.768531918525695801e-01,5.834851041436195374e-02,3.368000000000000000e+03,3.691578613281250000e+03
-8.204144239425659180e-01,-2.151089608669281006e-01,-9.280579686164855957e-01,-2.306089922785758972e-02,8.370025753974914551e-01,6.559618562459945679e-02,2.378000000000000000e+03,2.540207031250000000e+03
9.821633249521255493e-02,6.961627006530761719e-01,-3.801861777901649475e-02,7.466795444488525391e-01,4.134863615036010742e-01,6.370970606803894043e-02,1.545000000000000000e+03,1.730231445312500000e+03
4.862083792686462402e-01,5.173884034156799316e-01,5.695655345916748047e-01,3.955543041229248047e-01,9.770382642745971680e-01,5.508193373680114746e-02,2.901000000000000000e+03,2.966636230468750000e+03
4.482004791498184204e-02,6.379825472831726074e-01,7.746764272451400757e-02,7.514698505401611328e-01,9.683106541633605957e-01,6.321139633655548096e-02,3.083000000000000000e+03,3.128549804687500000e+03
-3.886154592037200928e-01,6.961627006530761719e-01,-4.843038618564605713e-01,7.949593663215637207e-01,7.712227106094360352e-01,6.044273450970649719e-02,2.535000000000000000e+03,2.615118408203125000e+03
-4.000000059604644775e-01,-3.659073412418365479e-01,-9.590300917625427246e-02,-3.658081591129302979e-01,9.575963616371154785e-01,5.488516390323638916e-02,3.566000000000000000e+03,3.917177734375000000e+03
-4.000000059604644775e-01,-3.000000119209289551e-01,-3.820282518863677979e-01,-3.786815702915191650e-01,7.308570742607116699e-01,1.580941528081893921e-01,1.939000000000000000e+03,1.962528808593750000e+03
-8.000000119209289551e-01,9.450676292181015015e-02,-9.029088020324707031e-01,7.078836858272552490e-02,6.032278537750244141e-01,7.245959341526031494e-02,1.793000000000000000e+03,1.847612915039062500e+03
4.223684668540954590e-01,-2.500000000000000000e-01,4.472175836563110352e-01,-2.153167575597763062e-01,1.077947974205017090e+00,6.136593222618103027e-02,3.767000000000000000e+03,3.772893554687500000e+03
-3.688199818134307861e-01,3.562291860580444336e-01,-2.989475727081298828e-01,3.355478346347808838e-01,5.955499410629272461e-01,7.348322123289108276e-02,1.955000000000000000e+03,1.984131713867187500e+03
-3.323557674884796143e-01,3.562291860580444336e-01,-4.424902200698852539e-01,4.312878549098968506e-01,1.127426981925964355e+00,5.243449285626411438e-02,4.403000000000000000e+03,4.464220703125000000e+03
3.221365213394165039e-01,2.872454822063446045e-01,5.431380271911621094e-01,7.101090550422668457e-01,1.067808508872985840e+00,7.165807485580444336e-02,3.679000000000000000e+03,4.383073242187500000e+03
-6.000000238418579102e-01,-2.131237089633941650e-01,-3.802750110626220703e-01,-4.479651153087615967e-01,8.356019258499145508e-01,7.898084819316864014e-02,2.993000000000000000e+03,3.421749267578125000e+03
-9.499999880790710449e-01,-1.839289665222167969e-01,-8.960176706314086914e-01,-1.913760751485824585e-01,5.364540815353393555e-01,6.059638410806655884e-02,1.873000000000000000e+03,1.892259643554687500e+03
-6.000000238418579102e-01,9.482004493474960327e-02,-4.554730355739593506e-01,6.269717961549758911e-02,9.915426969528198242e-01,6.275158375501632690e-02,3.083000000000000000e+03,3.151286865234375000e+03
4.545493423938751221e-01,-6.499999761581420898e-01,4.835208952426910400e-01,-5.608367323875427246e-01,7.475136518478393555e-01,6.383916735649108887e-02,3.161000000000000000e+03,3.210542724609375000e+03
-6.999999880790710449e-01,2.014390081167221069e-01,-8.673856258392333984e-01,7.119270414113998413e-02,8.448958396911621094e-01,5.721570551395416260e-02,3.051000000000000000e+03,3.240671630859375000e+03
3.665424138307571411e-02,6.961627006530761719e-01,9.188813157379627228e-03,7.328300476074218750e-01,4.967337846755981445e-01,1.060956045985221863e-01,1.535000000000000000e+03,1.548043212890625000e+03
-3.499999940395355225e-01,-4.499999880790710449e-01,-7.443576455116271973e-01,-5.007073879241943359e-01,1.057482838630676270e+00,6.426373124122619629e-02,3.511000000000000000e+03,3.991368652343750000e+03
6.961627006530761719e-01,2.821766138076782227e-01,8.895841240882873535e-01,2.255895435810089111e-01,7.047349214553833008e-01,6.552163511514663696e-02,2.759000000000000000e+03,2.979928710937500000e+03
2.514390051364898682e-01,-3.166139423847198486e-01,2.054135352373123169e-01,-6.170644164085388184e-01,9.231876730918884277e-01,6.212086975574493408e-02,3.533000000000000000e+03,3.907385253906250000e+03
6.961627006530761719e-01,2.448896765708923340e-01,1.027886033058166504e+00,3.736297786235809326e-01,7.794311642646789551e-01,9.250031411647796631e-02,3.274000000000000000e+03,3.926806152343750000e+03
2.081085443496704102e-01,-8.204144239425659180e-01,3.917697072029113770e-01,-1.184166908264160156e+00,7.837737798690795898e-01,1.103305295109748840e-01,2.342000000000000000e+03,2.942593994140625000e+03
-4.000000059604644775e-01,-5.000000000000000000e-01,-6.149759292602539062e-01,-6.837069988250732422e-01,9.886940121650695801e-01,6.888675689697265625e-02,3.246000000000000000e+03,3.507057128906250000e+03
-5.000000000000000000e-01,-5.683409571647644043e-01,-2.567231357097625732e-01,-6.952782273292541504e-01,8.564216494560241699e-01,6.339780241250991821e-02,3.267000000000000000e+03,3.594052001953125000e+03
6.379825472831726074e-01,1.764043420553207397e-01,6.189764142036437988e-01,-5.477644503116607666e-02,1.058326601982116699e+00,5.149078369140625000e-02,3.597000000000000000e+03,3.767389160156250000e+03
6.379825472831726074e-01,1.764043420553207397e-01,5.489730238914489746e-01,2.441529631614685059e-01,8.041687607765197754e-01,6.427534669637680054e-02,2.971000000000000000e+03,3.028236816406250000e+03
1.118919551372528076e-01,4.223684668540954590e-01,-1.456070393323898315e-01,2.598620951175689697e-01,9.344003200531005859e-01,1.931561082601547241e-01,1.398000000000000000e+03,1.543176513671875000e+03
7.247940897941589355e-01,1.197177544236183167e-01,7.157393097877502441e-01,5.202758312225341797e-02,6.739466190338134766e-01,8.733881264925003052e-02,1.782000000000000000e+03,1.800323852539062500e+03
1.989915594458580017e-02,3.896152675151824951e-01,2.677341699600219727e-01,3.557481467723846436e-01,8.517296314239501953e-01,3.344610631465911865e-01,6.306000000000000000e+03,6.840068359375000000e+03
3.221365213394165039e-01,2.145627290010452271e-01,6.146776676177978516e-01,1.922123879194259644e-01,9.527297019958496094e-01,6.369390338659286499e-02,3.241000000000000000e+03,3.542205078125000000e+03
1.316963285207748413e-01,-6.000000238418579102e-01,2.160647958517074585e-01,-6.179057359695434570e-01,8.066430687904357910e-01,7.182590663433074951e-02,2.733000000000000000e+03,2.764025878906250000e+03
-3.499999940395355225e-01,6.379825472831726074e-01,-4.288862943649291992e-01,5.451365709304809570e-01,8.770208358764648438e-01,8.272890001535415649e-02,2.688000000000000000e+03,2.739784912109375000e+03
5.173884034156799316e-01,-2.500000000000000000e-01,6.091256737709045410e-01,-5.553666353225708008e-01,1.067826271057128906e+00,6.222093477845191956e-02,3.673000000000000000e+03,3.993487792968750000e+03
-1.854372769594192505e-01,6.672313809394836426e-01,-3.537621200084686279e-01,6.935604810714721680e-01,5.607221722602844238e-01,7.916551083326339722e-02,1.847000000000000000e+03,2.013695922851562500e+03
-2.186169475317001343e-01,-8.500000238418579102e-01,-4.081422984600067139e-01,-8.558634519577026367e-01,5.342534780502319336e-01,8.539368212223052979e-02,2.240000000000000000e+03,2.513876953125000000e+03
-4.499999880790710449e-01,4.223684668540954590e-01,-2.636781334877014160e-01,3.518853485584259033e-01,1.019033074378967285e+00,5.702634528279304504e-02,3.069000000000000000e+03,3.185394531250000000e+03
-6.724679470062255859e-02,6.672313809394836426e-01,-2.989975810050964355e-01,7.961727380752563477e-01,7.106873393058776855e-01,8.188782632350921631e-02,2.561000000000000000e+03,2.907372802734375000e+03
-3.000000119209289551e-01,5.173884034156799316e-01,-8.472165465354919434e-01,7.089619040489196777e-01,1.061917066574096680e+00,5.683607608079910278e-02,3.462000000000000000e+03,4.435543945312500000e+03
-3.000000119209289551e-01,4.545493423938751221e-01,-4.221810102462768555e-01,3.708536922931671143e-01,5.093036293983459473e-01,7.791547477245330811e-02,1.627000000000000000e+03,1.761869750976562500e+03
5.481259822845458984e-01,-4.000000059604644775e-01,3.210169970989227295e-01,-2.913190126419067383e-01,8.935209512710571289e-01,5.878603830933570862e-02,3.011000000000000000e+03,3.245876708984375000e+03
-8.000000119209289551e-01,-3.885703384876251221e-01,-9.817374348640441895e-01,-2.714199125766754150e-01,5.476482510566711426e-01,9.454659372568130493e-02,1.821000000000000000e+03,2.095083007812500000e+03
-8.500000238418579102e-01,-2.131237089633941650e-01,-8.462415337562561035e-01,-2.287598848342895508e-01,6.569672226905822754e-01,6.423896551132202148e-02,2.034000000000000000e+03,2.035222167968750000e+03
-6.499999761581420898e-01,-1.188199892640113831e-01,-8.667896389961242676e-01,-9.555850923061370850e-02,8.788050413131713867e-01,6.990537047386169434e-02,3.284000000000000000e+03,3.483383544921875000e+03
-7.196730375289916992e-01,8.687628805637359619e-02,-5.486599206924438477e-01,1.729750484228134155e-01,9.559380412101745605e-01,8.247128129005432129e-02,2.561000000000000000e+03,2.662592285156250000e+03
6.083970069885253906e-01,-4.440100789070129395e-01,5.699909329414367676e-01,-5.519201755523681641e-01,4.934584498405456543e-01,8.282719552516937256e-02,1.135000000000000000e+03,1.195434448242187500e+03
-2.000000029802322388e-01,6.379825472831726074e-01,-2.891707718372344971e-01,5.721544027328491211e-01,5.660097002983093262e-01,6.880949437618255615e-02,1.750000000000000000e+03,1.816370239257812500e+03
-3.000000119209289551e-01,5.784529447555541992e-01,-1.510692983865737915e-01,4.288278520107269287e-01,9.802821874618530273e-01,8.701357990503311157e-02,2.771000000000000000e+03,2.898208496093750000e+03
7.247940897941589355e-01,2.507678568363189697e-01,4.640010595321655273e-01,5.359774827957153320e-01,8.586655855178833008e-01,7.288617640733718872e-02,2.887000000000000000e+03,3.447808105468750000e+03
-6.692624092102050781e-01,5.481259822845458984e-01,-5.606275796890258789e-01,3.414387106895446777e-01,7.816180586814880371e-01,6.237368285655975342e-02,2.178000000000000000e+03,2.368041503906250000e+03
5.157939791679382324e-01,-5.816580727696418762e-02,7.371391057968139648e-01,1.516756564378738403e-01,1.136313557624816895e+00,5.145062133669853210e-02,3.879000000000000000e+03,4.153384277343750000e+03
5.784529447555541992e-01,2.145627290010452271e-01,3.741808831691741943e-01,2.252548038959503174e-01,7.851686477661132812e-01,8.124995231628417969e-02,2.609000000000000000e+03,2.782929687500000000e+03
-6.999999880790710449e-01,2.462217807769775391e-01,-8.762946724891662598e-01,3.560394644737243652e-01,8.821213841438293457e-01,6.802441924810409546e-02,3.315000000000000000e+03,3.495937988281250000e+03
6.961627006530761719e-01,1.873230338096618652e-01,5.367887616157531738e-01,2.623522579669952393e-01,8.836239576339721680e-01,6.056781858205795288e-02,2.698000000000000000e+03,2.804432128906250000e+03
2.217216640710830688e-01,-5.500000119209289551e-01,2.517094016075134277e-01,-4.117069542407989502e-01,5.483989715576171875e-01,1.541161686182022095e-01,1.457000000000000000e+03,1.552353637695312500e+03
5.481259822845458984e-01,-1.500000059604644775e-01,7.117117047309875488e-01,4.296754673123359680e-02,1.149477362632751465e+00,5.885821580886840820e-02,3.460000000000000000e+03,3.625608642578125000e+03
-6.510896980762481689e-02,-4.499999880790710449e-01,1.681016199290752411e-02,-4.464865624904632568e-01,1.110424399375915527e+00,5.788651853799819946e-02,3.904000000000000000e+03,3.925291992187500000e+03
5.000000074505805969e-02,-6.999999880790710449e-01,1.364149749279022217e-01,-7.689986824989318848e-01,6.312881112098693848e-01,6.058055907487869263e-02,1.735000000000000000e+03,1.787846313476562500e+03
-5.178191065788269043e-01,0.000000000000000000e+00,-5.920683145523071289e-01,-3.832511603832244873e-01,8.076138496398925781e-01,9.913218766450881958e-02,2.018000000000000000e+03,2.468087402343750000e+03
-3.499999940395355225e-01,-5.000000000000000000e-01,-3.198621273040771484e-01,-4.648135006427764893e-01,9.589095711708068848e-01,6.658512353897094727e-02,3.025000000000000000e+03,3.031997802734375000e+03
3.815837576985359192e-02,6.083970069885253906e-01,7.519096136093139648e-02,6.556864380836486816e-01,9.286752343177795410e-01,5.984180793166160583e-02,3.690000000000000000e+03,3.705464111328125000e+03
7.154527306556701660e-02,6.961627006530761719e-01,-1.796976774930953979e-01,1.012876987457275391e+00,7.504406571388244629e-01,1.491360068321228027e-01,1.770000000000000000e+03,2.256318603515625000e+03
-4.000000059604644775e-01,-3.151089549064636230e-01,-1.802232563495635986e-01,-4.483719766139984131e-01,7.323961853981018066e-01,7.013051211833953857e-02,2.522000000000000000e+03,2.824364990234375000e+03
-5.500000119209289551e-01,1.764043420553207397e-01,-7.181305885314941406e-01,-9.079156816005706787e-02,1.130670547485351562e+00,6.952289491891860962e-02,3.721000000000000000e+03,4.006205566406250000e+03
-2.500000000000000000e-01,-4.688200056552886963e-01,-3.901686966419219971e-01,-4.944239258766174316e-01,7.734516263008117676e-01,5.804460123181343079e-02,2.509000000000000000e+03,2.593227050781250000e+03
0.000000000000000000e+00,-5.000000000000000000e-01,-1.011932864785194397e-01,-5.426320433616638184e-01,6.485391259193420410e-01,6.715527176856994629e-02,1.890000000000000000e+03,1.943716186523437500e+03
6.961627006530761719e-01,-1.826961636543273926e-01,6.661614775657653809e-01,-1.270143985748291016e-01,5.148221254348754883e-01,1.363693475723266602e-01,1.378000000000000000e+03,1.398708984375000000e+03
2.250331081449985504e-02,6.961627006530761719e-01,1.515762805938720703e-01,6.431532502174377441e-01,6.717319488525390625e-01,7.145332545042037964e-02,2.608000000000000000e+03,2.719108886718750000e+03
4.545493423938751221e-01,-1.000000014901161194e-01,3.907020986080169678e-01,-4.550238847732543945e-01,8.304456472396850586e-01,1.061445474624633789e-01,2.239000000000000000e+03,2.644160156250000000e+03
3.562291860580444336e-01,6.083970069885253906e-01,1.917187497019767761e-02,5.168432593345642090e-01,9.375088810920715332e-01,5.909455567598342896e-02,3.529000000000000000e+03,4.004459716796875000e+03
-6.999999880790710449e-01,6.962949037551879883e-02,-3.495366871356964111e-01,-2.891685254871845245e-02,8.882521986961364746e-01,8.476734161376953125e-02,2.678000000000000000e+03,3.111062500000000000e+03
2.145627290010452271e-01,-5.000000000000000000e-01,2.382175326347351074e-01,-2.954272329807281494e-01,9.020859003067016602e-01,5.798324942588806152e-02,3.544000000000000000e+03,3.726203125000000000e+03
6.672313809394836426e-01,-3.000000119209289551e-01,4.050868451595306396e-01,-3.345856070518493652e-01,7.916990518569946289e-01,7.569615542888641357e-02,2.830000000000000000e+03,3.137220703125000000e+03
4.545493423938751221e-01,3.409266844391822815e-02,4.546811878681182861e-01,-6.469372659921646118e-02,9.353664517402648926e-01,8.445135504007339478e-02,2.748000000000000000e+03,2.778596191406250000e+03
-2.641935050487518311e-01,4.545493423938751221e-01,-6.604967117309570312e-01,5.047035962343215942e-02,1.121206283569335938e+00,6.387230753898620605e-02,3.843000000000000000e+03,4.774038085937500000e+03
2.145627290010452271e-01,2.514390051364898682e-01,1.371068507432937622e-01,8.422198146581649780e-02,7.730783224105834961e-01,8.806451410055160522e-02,2.490000000000000000e+03,2.629286376953125000e+03
5.784529447555541992e-01,-4.499999880790710449e-01,3.557239174842834473e-01,-4.256210327148437500e-01,7.560471892356872559e-01,8.253756165504455566e-02,2.695000000000000000e+03,2.927174072265625000e+03
3.896152675151824951e-01,5.173884034156799316e-01,4.597898125648498535e-01,3.442180156707763672e-01,9.054593443870544434e-01,6.375416368246078491e-02,3.675000000000000000e+03,3.829877197265625000e+03
-2.000000029802322388e-01,-5.683409571647644043e-01,1.484470069408416748e-01,-5.837771296501159668e-01,9.885396957397460938e-01,7.148481160402297974e-02,3.684000000000000000e+03,4.129162109375000000e+03
-4.672468006610870361e-01,2.872454822063446045e-01,-9.204155206680297852e-01,3.932704031467437744e-01,1.123779892921447754e+00,5.298286676406860352e-02,3.427000000000000000e+03,3.993829101562500000e+03
3.896152675151824951e-01,-1.000000014901161194e-01,6.495493650436401367e-01,-2.322815209627151489e-01,1.178878068923950195e+00,6.768386811017990112e-02,4.089000000000000000e+03,4.336080566406250000e+03
6.083970069885253906e-01,-3.000000119209289551e-01,6.702651381492614746e-01,-7.691159844398498535e-02,8.864877820014953613e-01,7.140818983316421509e-02,3.386000000000000000e+03,3.612769042968750000e+03
-3.000000119209289551e-01,6.961627006530761719e-01,-4.788266718387603760e-01,4.862810969352722168e-01,7.925598025321960449e-01,1.000717505812644958e-01,2.552000000000000000e+03,2.851994384765625000e+03
-7.500000000000000000e-01,-4.000000059604644775e-01,-8.486447334289550781e-01,-5.389499068260192871e-01,5.663281679153442383e-01,7.609994709491729736e-02,2.409000000000000000e+03,2.622785400390625000e+03
3.151520192623138428e-01,5.481259822845458984e-01,4.359151721000671387e-01,9.381012320518493652e-01,1.031116843223571777e+00,5.377171188592910767e-02,3.585000000000000000e+03,4.128692871093750000e+03
4.545493423938751221e-01,-5.683409571647644043e-01,3.487152755260467529e-01,-5.255771279335021973e-01,7.919639348983764648e-01,7.951556891202926636e-02,2.662000000000000000e+03,2.716846923828125000e+03
-2.000000029802322388e-01,-5.178191065788269043e-01,-1.288781017065048218e-01,-3.497993350028991699e-01,1.128267645835876465e+00,6.382986158132553101e-02,2.822000000000000000e+03,2.895213867187500000e+03
-2.500000000000000000e-01,-5.500000119209289551e-01,-6.284728646278381348e-01,-4.590387046337127686e-01,9.400528669357299805e-01,6.980387866497039795e-02,3.804000000000000000e+03,4.433185058593750000e+03
-6.024989485740661621e-02,6.083970069885253906e-01,1.487352699041366577e-01,4.253953099250793457e-01,9.943524599075317383e-01,5.527164414525032043e-02,4.504000000000000000e+03,4.849220703125000000e+03
-6.999999880790710449e-01,2.145627290010452271e-01,-6.010513901710510254e-01,1.211673244833946228e-01,5.806363224983215332e-01,7.209024578332901001e-02,2.160000000000000000e+03,2.277315673828125000e+03
-5.000000074505805969e-02,6.083970069885253906e-01,-3.456487953662872314e-01,4.376500844955444336e-01,8.736302256584167480e-01,6.257641315460205078e-02,3.337000000000000000e+03,3.829815917968750000e+03
-1.166139394044876099e-01,9.482004493474960327e-02,-1.440703570842742920e-01,-4.721370711922645569e-02,5.052921175956726074e-01,8.088968694210052490e-02,1.932000000000000000e+03,2.087379638671875000e+03
-2.000000029802322388e-01,-5.000000000000000000e-01,-2.112723290920257568e-01,-4.114324748516082764e-01,8.369814753532409668e-01,6.402214616537094116e-02,2.846000000000000000e+03,2.878308837890625000e+03
-6.000000238418579102e-01,4.862083792686462402e-01,-7.129056453704833984e-01,3.886165320873260498e-01,5.670892000198364258e-01,7.525306195020675659e-02,1.837000000000000000e+03,1.962304565429687500e+03
-6.999999880790710449e-01,-5.000000000000000000e-01,-5.849671959877014160e-01,-4.927063882350921631e-01,7.700945734977722168e-01,9.550131857395172119e-02,1.939000000000000000e+03,1.982254272460937500e+03
-1.814646571874618530e-01,5.784529447555541992e-01,3.439259901642799377e-02,8.724871277809143066e-01,9.922975897789001465e-01,6.171537935733795166e-02,3.636000000000000000e+03,4.112818847656250000e+03
-6.999999880790710449e-01,-5.500000119209289551e-01,-7.116124033927917480e-01,-5.890082120895385742e-01,5.562372207641601562e-01,8.655256032943725586e-02,1.849000000000000000e+03,1.858946289062500000e+03
-4.499999880790710449e-01,3.562291860580444336e-01,-1.373602598905563354e-01,1.436553895473480225e-01,9.586386084556579590e-01,6.955955922603607178e-02,3.120000000000000000e+03,3.589598632812500000e+03
6.636448204517364502e-02,-6.000000238418579102e-01,6.491222977638244629e-01,-5.545548796653747559e-01,1.077429890632629395e+00,5.087044835090637207e-02,3.244000000000000000e+03,4.145700195312500000e+03
-1.277489513158798218e-01,-5.000000000000000000e-01,1.189668029546737671e-01,-8.730611801147460938e-01,9.754556417465209961e-01,7.720664143562316895e-02,3.548000000000000000e+03,4.260736328125000000e+03
4.545493423938751221e-01,-3.000000119209289551e-01,3.708510100841522217e-01,-3.938924670219421387e-01,8.411685228347778320e-01,6.348442286252975464e-02,2.491000000000000000e+03,2.546567871093750000e+03
3.221365213394165039e-01,-6.000000238418579102e-01,6.678965687751770020e-01,-5.147628188133239746e-01,8.314515948295593262e-01,8.227679133415222168e-02,2.852000000000000000e+03,3.354756835937500000e+03
-5.000000000000000000e-01,7.924878597259521484e-02,-4.501462876796722412e-01,-7.045214623212814331e-02,1.051820397377014160e+00,6.718817353248596191e-02,3.884000000000000000e+03,3.970642333984375000e+03
-4.000000059604644775e-01,-4.499999880790710449e-01,-3.398588597774505615e-01,-5.857919454574584961e-01,1.047539114952087402e+00,6.770149618387222290e-02,2.767000000000000000e+03,2.822347412109375000e+03
-1.672467887401580811e-01,6.961627006530761719e-01,-3.186806440353393555e-01,7.871804833412170410e-01,7.615627050399780273e-01,1.212330460548400879e-01,2.257000000000000000e+03,2.377176513671875000e+03
-8.500000238418579102e-01,-1.027701944112777710e-01,-8.628017306327819824e-01,1.746529191732406616e-01,7.759275436401367188e-01,7.744758576154708862e-02,2.838000000000000000e+03,3.191841552734375000e+03
-8.500000238418579102e-01,5.481259822845458984e-01,-9.451233148574829102e-01,5.945423841476440430e-01,4.710556566715240479e-01,6.115553155541419983e-02,1.163000000000000000e+03,1.221000732421875000e+03
-6.000000238418579102e-01,2.085852175951004028e-01,-5.623505711555480957e-01,-3.618505224585533142e-02,1.044575333595275879e+00,5.252192169427871704e-02,4.174000000000000000e+03,4.405210449218750000e+03
-1.024989411234855652e-02,-7.500000000000000000e-01,7.666108757257461548e-02,-5.374795198440551758e-01,9.091060161590576172e-01,1.696482002735137939e-01,3.627000000000000000e+03,3.854611816406250000e+03
6.957495212554931641e-02,-3.151089549064636230e-01,2.104601114988327026e-01,-3.408624827861785889e-01,4.172907471656799316e-01,1.744061261415481567e-01,1.292000000000000000e+03,1.440315185546875000e+03
-3.188199996948242188e-01,5.481259822845458984e-01,-3.423967063426971436e-01,3.145752251148223877e-01,9.962714910507202148e-01,6.080708652734756470e-02,3.453000000000000000e+03,3.642401123046875000e+03
-2.641935050487518311e-01,-3.499999940395355225e-01,-6.735774874687194824e-01,-3.124540150165557861e-01,1.163421034812927246e+00,6.161609292030334473e-02,3.699000000000000000e+03,4.147731933593750000e+03
4.545493423938751221e-01,2.872454822063446045e-01,3.584298193454742432e-01,3.789533972740173340e-01,1.059063315391540527e+00,5.549214780330657959e-02,4.319000000000000000e+03,4.386692382812500000e+03
-4.499999880790710449e-01,-3.000000119209289551e-01,-2.329998835921287537e-02,-4.199067652225494385e-01,1.183033227920532227e+00,6.965228170156478882e-02,4.266000000000000000e+03,4.847427734375000000e+03
-3.683409392833709717e-01,6.961627006530761719e-01,-3.593292832374572754e-01,6.379885077476501465e-01,5.842157602310180664e-01,1.633922606706619263e-01,1.430000000000000000e+03,1.444555786132812500e+03
-6.999999880790710449e-01,-1.500000059604644775e-01,-6.389642357826232910e-01,-1.048300266265869141e-01,7.427144050598144531e-01,1.621739864349365234e-01,1.642000000000000000e+03,1.659055786132812500e+03
-8.146465569734573364e-02,5.173884034156799316e-01,-1.012903526425361633e-01,5.050827264785766602e-01,1.016057729721069336e+00,5.813419073820114136e-02,3.626000000000000000e+03,3.627919921875000000e+03
5.784529447555541992e-01,-4.499999880790710449e-01,6.407552957534790039e-01,-6.006847023963928223e-01,6.713397502899169922e-01,7.089096307754516602e-02,2.147000000000000000e+03,2.271856201171875000e+03
1.764043420553207397e-01,4.862083792686462402e-01,5.192027986049652100e-02,5.722636580467224121e-01,4.754773378372192383e-01,1.198403090238571167e-01,1.226000000000000000e+03,1.347232543945312500e+03
4.545493423938751221e-01,-1.834094338119029999e-02,-7.135280966758728027e-02,3.400909900665283203e-01,1.002288222312927246e+00,5.757597088813781738e-02,3.703000000000000000e+03,5.093486816406250000e+03
-1.328104585409164429e-01,6.961627006530761719e-01,-2.739644348621368408e-01,8.158176541328430176e-01,5.272545218467712402e-01,1.653882712125778198e-01,1.049000000000000000e+03,1.174765625000000000e+03
5.784529447555541992e-01,2.467435896396636963e-01,3.405214846134185791e-01,8.943465352058410645e-02,8.023128509521484375e-01,8.491594344377517700e-02,2.608000000000000000e+03,2.928121826171875000e+03
-4.499999880790710449e-01,-1.102498918771743774e-01,-1.028940975666046143e-01,-1.612110994756221771e-02,9.205859899520874023e-01,8.060664683580398560e-02,3.621000000000000000e+03,4.155757812500000000e+03
4.545493423938751221e-01,1.237514168024063110e-01,4.586137235164642334e-01,1.160351186990737915e-01,5.946399569511413574e-01,5.827454105019569397e-02,1.516000000000000000e+03,1.516318847656250000e+03
-6.499999761581420898e-01,-6.510896980762481689e-02,-1.026012778282165527e+00,7.872393727302551270e-02,1.029402494430541992e+00,6.300611048936843872e-02,3.366000000000000000e+03,3.863098632812500000e+03
-1.651089638471603394e-01,-5.000000000000000000e-01,-2.803499996662139893e-01,-4.163620471954345703e-01,5.250630974769592285e-01,7.447592169046401978e-02,1.231000000000000000e+03,1.320057128906250000e+03
3.815837576985359192e-02,-5.000000000000000000e-01,1.164370179176330566e-01,-4.004527032375335693e-01,1.025705695152282715e+00,6.133168190717697144e-02,4.082000000000000000e+03,4.143867187500000000e+03
-7.041443139314651489e-02,6.672313809394836426e-01,-2.304414054378867149e-03,6.015692949295043945e-01,1.003461003303527832e+00,5.772506445646286011e-02,3.659000000000000000e+03,3.691486816406250000e+03
-4.704144299030303955e-01,1.764043420553207397e-01,-6.501184701919555664e-01,2.645692825317382812e-01,1.052252888679504395e+00,7.905240356922149658e-02,3.859000000000000000e+03,3.997199951171875000e+03
4.207952618598937988e-01,1.764043420553207397e-01,1.740074483677744865e-03,3.365990221500396729e-01,1.146000862121582031e+00,5.720287561416625977e-02,4.788000000000000000e+03,5.497794921875000000e+03
2.872454822063446045e-01,-3.000000119209289551e-01,5.902349576354026794e-02,-3.127762079238891602e-01,1.132330536842346191e+00,8.177272975444793701e-02,3.844000000000000000e+03,3.999047119140625000e+03
-6.999999880790710449e-01,5.000000074505805969e-02,-5.750930905342102051e-01,4.849750921130180359e-02,8.281347155570983887e-01,7.161652296781539917e-02,2.193000000000000000e+03,2.242617431640625000e+03
-5.000000000000000000e-01,-5.500000119209289551e-01,-4.800274670124053955e-01,-5.770401358604431152e-01,5.293530821800231934e-01,7.131122797727584839e-02,1.573000000000000000e+03,1.579387939453125000e+03
3.665424138307571411e-02,-5.500000119209289551e-01,-1.721850596368312836e-03,-5.662428736686706543e-01,4.787534177303314209e-01,1.083407700061798096e-01,1.682000000000000000e+03,1.694752685546875000e+03
1.453003287315368652e-01,-7.500000000000000000e-01,1.000916063785552979e-01,-8.972012400627136230e-01,7.106030583381652832e-01,6.627490371465682983e-02,2.126000000000000000e+03,2.224628173828125000e+03
2.522906064987182617e-01,-5.500000119209289551e-01,2.475099563598632812e-01,-6.896384954452514648e-01,9.624539613723754883e-01,6.500588357448577881e-02,3.326000000000000000e+03,3.395539550781250000e+03
-3.342482745647430420e-01,5.173884034156799316e-01,-5.525888204574584961e-01,7.586335390806198120e-02,8.871544599533081055e-01,8.744648098945617676e-02,3.152000000000000000e+03,4.066419189453125000e+03
-3.499999940395355225e-01,-6.000000238418579102e-01,-4.017307460308074951e-01,-7.134310603141784668e-01,7.915239930152893066e-01,7.376155257225036621e-02,2.213000000000000000e+03,2.267408447265625000e+03
4.862083792686462402e-01,-3.000000119209289551e-01,6.055412292480468750e-01,-2.180448025465011597e-01,7.793569564819335938e-01,6.579855084419250488e-02,3.059000000000000000e+03,3.163535400390625000e+03
3.489103168249130249e-02,-4.000000059604644775e-01,1.586249023675918579e-01,-2.824993729591369629e-01,6.895345449447631836e-01,1.071435436606407166e-01,2.550000000000000000e+03,2.704085449218750000e+03
5.481259822845458984e-01,-4.000000059604644775e-01,6.248440742492675781e-01,-3.890884518623352051e-01,6.409021019935607910e-01,7.738056033849716187e-02,2.073000000000000000e+03,2.103106201171875000e+03
3.524634838104248047e-01,6.379825472831726074e-01,4.799652397632598877e-01,5.143790841102600098e-01,8.440448045730590820e-01,7.088037580251693726e-02,2.847000000000000000e+03,2.971601074218750000e+03
-8.165807463228702545e-03,-5.000000000000000000e-01,2.555318176746368408e-02,-3.623968958854675293e-01,9.092242121696472168e-01,7.077080011367797852e-02,2.780000000000000000e+03,2.846962158203125000e+03
-2.500000000000000000e-01,5.000000074505805969e-02,2.582422830164432526e-02,2.165787965059280396e-01,1.168431401252746582e+00,2.766936421394348145e-01,2.452000000000000000e+03,2.635018798828125000e+03
-1.000000014901161194e-01,-5.500000119209289551e-01,-1.151272878050804138e-01,-6.245520710945129395e-01,1.059852242469787598e+00,5.271619185805320740e-02,4.187000000000000000e+03,4.208598632812500000e+03
4.545493423938751221e-01,-5.000000000000000000e-01,6.286877393722534180e-01,-2.443639785051345825e-01,8.061261177062988281e-01,6.154523417353630066e-02,2.630000000000000000e+03,3.005313964843750000e+03
2.145627290010452271e-01,-3.000000119209289551e-01,2.329973131418228149e-01,-2.373737543821334839e-01,1.130856871604919434e+00,7.000830024480819702e-02,4.209000000000000000e+03,4.222997070312500000e+03
-1.500000059604644775e-01,-5.500000119209289551e-01,-2.967523336410522461e-01,-4.122529923915863037e-01,8.015305399894714355e-01,5.844404175877571106e-02,2.631000000000000000e+03,2.794561523437500000e+03
-8.708151429891586304e-02,-6.188200116157531738e-01,3.098562657833099365e-01,-6.556181311607360840e-01,8.709712028503417969e-01,7.037623971700668335e-02,2.916000000000000000e+03,3.501777587890625000e+03
6.961627006530761719e-01,-5.816580727696418762e-02,8.437478542327880859e-01,-1.841425448656082153e-01,8.333418965339660645e-01,6.125750765204429626e-02,2.816000000000000000e+03,2.966688476562500000e+03
3.221365213394165039e-01,-3.000000119209289551e-01,5.429378151893615723e-01,-2.473423033952713013e-01,8.546386957168579102e-01,7.116032391786575317e-02,2.773000000000000000e+03,2.965629150390625000e+03
-4.000000059604644775e-01,3.896152675151824951e-01,-1.721559166908264160e-01,4.118283092975616455e-01,9.041975140571594238e-01,9.532936662435531616e-02,3.521000000000000000e+03,3.742999023437500000e+03
-5.500000119209289551e-01,-1.178191304206848145e-01,-2.819678783416748047e-01,1.954704821109771729e-01,1.117537140846252441e+00,5.773176252841949463e-02,3.708000000000000000e+03,4.198034667968750000e+03
-6.000000238418579102e-01,9.482004493474960327e-02,-4.346116185188293457e-01,1.334468275308609009e-01,1.057140111923217773e+00,6.775941699743270874e-02,3.972000000000000000e+03,4.073685791015625000e+03
-2.692624032497406006e-01,6.961627006530761719e-01,-2.343296557664871216e-01,5.812382102012634277e-01,7.332640886306762695e-01,8.571047335863113403e-02,1.706000000000000000e+03,1.751445556640625000e+03
-1.500000059604644775e-01,-6.999999880790710449e-01,1.259860545396804810e-01,-1.034925460815429688e+00,9.736907482147216797e-01,5.590292438864707947e-02,3.200000000000000000e+03,3.810123779296875000e+03
-6.000000238418579102e-01,-1.312371436506509781e-02,-5.405948758125305176e-01,-2.784743532538414001e-02,9.092957377433776855e-01,6.922420859336853027e-02,3.113000000000000000e+03,3.127084960937500000e+03
-1.131237149238586426e-01,-4.499999880790710449e-01,-8.744435757398605347e-02,-2.859878838062286377e-01,7.681397795677185059e-01,6.828705966472625732e-02,2.546000000000000000e+03,2.663495117187500000e+03
-5.683409571647644043e-01,4.545493423938751221e-01,-8.888347148895263672e-01,4.836489558219909668e-01,7.819727063179016113e-01,8.576999604701995850e-02,2.647000000000000000e+03,3.079907714843750000e+03
4.862083792686462402e-01,-3.183409571647644043e-01,4.048827588558197021e-01,-2.978405356407165527e-01,1.087181687355041504e+00,5.531762540340423584e-02,3.397000000000000000e+03,3.417086425781250000e+03
-2.500000000000000000e-01,-5.000000000000000000e-01,-1.473781615495681763e-01,-4.451412558555603027e-01,1.091627597808837891e+00,5.642018467187881470e-02,3.329000000000000000e+03,3.366791992187500000e+03
1.230141967535018921e-01,-8.000000119209289551e-01,2.749543488025665283e-01,-6.768077015876770020e-01,8.654925227165222168e-01,6.130911409854888916e-02,2.804000000000000000e+03,2.945270507812500000e+03
-5.500000119209289551e-01,-2.500000000000000000e-01,-3.692815303802490234e-01,-2.245076298713684082e-01,1.093837141990661621e+00,6.335344910621643066e-02,4.192000000000000000e+03,4.308119628906250000e+03
1.366542428731918335e-01,-6.781912595033645630e-02,2.013517767190933228e-01,6.609939504414796829e-03,8.453774452209472656e-01,7.280308008193969727e-02,3.149000000000000000e+03,3.191637451171875000e+03
5.784529447555541992e-01,-3.000000119209289551e-01,9.349749088287353516e-01,-2.893706858158111572e-01,9.752126932144165039e-01,4.801518842577934265e-02,3.855000000000000000e+03,4.354700195312500000e+03
-5.000000000000000000e-01,-6.000000238418579102e-01,-4.589854478836059570e-01,-6.869675517082214355e-01,9.288018941879272461e-01,5.270095914602279663e-02,3.623000000000000000e+03,3.661780029296875000e+03
-2.151089608669281006e-01,-6.000000238418579102e-01,-3.840964138507843018e-01,-5.892624258995056152e-01,7.762278914451599121e-01,7.654852420091629028e-02,2.596000000000000000e+03,2.718333984375000000e+03
1.753298640251159668e-01,6.961627006530761719e-01,4.372361600399017334e-01,9.115444421768188477e-01,9.298046827316284180e-01,5.673525109887123108e-02,3.105000000000000000e+03,3.505925048828125000e+03
5.481259822845458984e-01,-3.000000119209289551e-01,4.965190589427947998e-01,-2.284142524003982544e-01,1.000219821929931641e+00,5.839383602142333984e-02,3.758000000000000000e+03,3.787164306640625000e+03
3.889823853969573975e-01,3.896152675151824951e-01,3.659534454345703125e-01,2.185063511133193970e-01,1.158467769622802734e+00,5.234921351075172424e-02,4.054000000000000000e+03,4.143793945312500000e+03
-5.178191065788269043e-01,2.514390051364898682e-01,-2.529225051403045654e-01,2.753093838691711426e-01,1.119064927101135254e+00,6.290143728256225586e-02,3.914000000000000000e+03,4.131873535156250000e+03
-4.499999880790710449e-01,5.481259822845458984e-01,-6.041084527969360352e-01,2.869762182235717773e-01,7.875966429710388184e-01,5.398691818118095398e-02,2.710000000000000000e+03,3.098209228515625000e+03
5.481259822845458984e-01,-4.000000059604644775e-01,8.035724163055419922e-01,-4.592674970626831055e-01,8.940705657005310059e-01,5.779281258583068848e-02,2.929000000000000000e+03,3.176003906250000000e+03
-5.000000000000000000e-01,-3.499999940395355225e-01,-7.901514172554016113e-01,4.377039894461631775e-02,1.085224032402038574e+00,6.052806600928306580e-02,3.858000000000000000e+03,4.610228027343750000e+03
2.457427233457565308e-01,6.083970069885253906e-01,2.823108732700347900e-01,2.784791886806488037e-01,9.126678705215454102e-01,6.671682745218276978e-02,3.075000000000000000e+03,3.470513916015625000e+03
-6.590732932090759277e-02,-4.000000059604644775e-01,-1.493116468191146851e-01,-3.932402729988098145e-01,8.196133971214294434e-01,6.784023344516754150e-02,2.319000000000000000e+03,2.343087890625000000e+03
2.845295891165733337e-02,9.179693460464477539e-01,5.018222704529762268e-02,7.995558381080627441e-01,4.982004165649414062e-01,1.690999716520309448e-01,7.510000000000000000e+02,7.942536010742187500e+02
-2.000000029802322388e-01,5.173884034156799316e-01,1.571204960346221924e-01,5.099661350250244141e-01,1.073085784912109375e+00,6.781322509050369263e-02,3.488000000000000000e+03,3.865134521484375000e+03
1.563483923673629761e-01,6.379825472831726074e-01,6.130940467119216919e-02,7.333389520645141602e-01,8.833481669425964355e-01,6.737220287322998047e-02,2.605000000000000000e+03,2.665193603515625000e+03
6.961627006530761719e-01,4.862083792686462402e-01,9.113530516624450684e-01,3.687660098075866699e-01,5.518485903739929199e-01,1.053839474916458130e-01,1.608000000000000000e+03,1.912308227539062500e+03
5.000000074505805969e-02,-5.178191065788269043e-01,-1.309077888727188110e-01,-3.992076814174652100e-01,8.564401268959045410e-01,9.153986722230911255e-02,2.491000000000000000e+03,2.647322265625000000e+03
-4.499999880790710449e-01,-4.499999880790710449e-01,7.879646122455596924e-02,-4.548850953578948975e-01,1.108212351799011230e+00,6.753802299499511719e-02,3.212000000000000000e+03,3.909868164062500000e+03
5.481259822845458984e-01,-2.880139946937561035e-01,7.070220708847045898e-01,2.003269270062446594e-02,1.110338330268859863e+00,5.687610059976577759e-02,3.934000000000000000e+03,4.308841308593750000e+03
-1.100664734840393066e-01,-9.499999880790710449e-01,-9.015440940856933594e-02,-9.496673345565795898e-01,4.959390461444854736e-01,1.094187349081039429e-01,1.502000000000000000e+03,1.504409912109375000e+03
2.097904086112976074e-01,4.223684668540954590e-01,3.625322878360748291e-01,1.312021166086196899e-01,9.978593587875366211e-01,6.626590341329574585e-02,3.919000000000000000e+03,4.334289062500000000e+03
6.083970069885253906e-01,0.000000000000000000e+00,4.194238185882568359e-01,1.421116888523101807e-01,1.087684154510498047e+00,5.831081420183181763e-02,3.916000000000000000e+03,4.098622070312500000e+03
-8.000000119209289551e-01,2.640434540808200836e-02,-8.528117537498474121e-01,-1.188751831650733948e-01,4.627683758735656738e-01,7.781442254781723022e-02,1.523000000000000000e+03,1.688999389648437500e+03
-2.288530953228473663e-02,-6.499999761581420898e-01,-9.684007614850997925e-02,-5.438057780265808105e-01,5.363193750381469727e-01,1.734040677547454834e-01,1.104000000000000000e+03,1.167277343750000000e+03
-5.500000119209289551e-01,1.264043450355529785e-01,-5.209408402442932129e-01,2.634676396846771240e-01,5.367287397384643555e-01,8.640389889478683472e-02,1.847000000000000000e+03,1.970698242187500000e+03
1.145627200603485107e-01,-6.499999761581420898e-01,4.815073311328887939e-02,-6.554734706878662109e-01,4.625883996486663818e-01,8.172180503606796265e-02,1.328000000000000000e+03,1.355361694335937500e+03
4.862083792686462402e-01,2.514390051364898682e-01,5.940682888031005859e-01,-8.117058314383029938e-03,1.022819638252258301e+00,7.841096818447113037e-02,3.898000000000000000e+03,4.187659179687500000e+03
-1.024989411234855652e-02,-5.683409571647644043e-01,-1.504248529672622681e-01,-2.029719799757003784e-01,1.154960632324218750e+00,5.790583416819572449e-02,3.948000000000000000e+03,4.388765136718750000e+03
-4.499999880790710449e-01,1.764043420553207397e-01,-2.368605732917785645e-01,1.085922196507453918e-01,1.205302953720092773e+00,5.264280736446380615e-02,4.089000000000000000e+03,4.228733886718750000e+03
-4.000000059604644775e-01,3.896152675151824951e-01,-3.372353613376617432e-01,2.410015165805816650e-01,1.087441086769104004e+00,6.038222461938858032e-02,3.390000000000000000e+03,3.464021728515625000e+03
-6.000000238418579102e-01,-4.000000059604644775e-01,-8.668478727340698242e-01,-2.579670250415802002e-01,9.036088585853576660e-01,5.497061833739280701e-02,3.496000000000000000e+03,3.877046630859375000e+03
1.763291656970977783e-01,6.961627006530761719e-01,2.428098469972610474e-01,7.513148188591003418e-01,7.564007639884948730e-01,6.547327339649200439e-02,3.004000000000000000e+03,3.042885009765625000e+03
-1.000000014901161194e-01,-4.499999880790710449e-01,-1.906016319990158081e-01,-7.038622498512268066e-01,8.713074326515197754e-01,8.272530138492584229e-02,2.571000000000000000e+03,2.811936767578125000e+03
5.000000074505805969e-02,3.896152675151824951e-01,-3.531763702630996704e-02,1.504441499710083008e-01,7.847095131874084473e-01,1.056111529469490051e-01,1.911000000000000000e+03,2.106250000000000000e+03
6.083970069885253906e-01,-3.499999940395355225e-01,5.853925943374633789e-01,-3.098022937774658203e-01,8.690232634544372559e-01,5.428501591086387634e-02,2.933000000000000000e+03,2.941279541015625000e+03
1.764043420553207397e-01,-4.672468006610870361e-01,2.965012751519680023e-02,-3.845008015632629395e-01,8.428474664688110352e-01,6.538742780685424805e-02,2.973000000000000000e+03,3.090936035156250000e+03
0.000000000000000000e+00,2.872454822063446045e-01,-1.079012528061866760e-01,3.445713520050048828e-01,6.235945224761962891e-01,5.512048304080963135e-02,2.223000000000000000e+03,2.307787841796875000e+03
1.764043420553207397e-01,-6.999999880790710449e-01,-2.557999826967716217e-02,-5.637760758399963379e-01,5.488811135292053223e-01,6.476631760597229004e-02,1.926000000000000000e+03,2.290488525390625000e+03
1.366542428731918335e-01,5.481259822845458984e-01,3.456061184406280518e-01,3.118045032024383545e-01,1.095398902893066406e+00,5.162421986460685730e-02,4.841000000000000000e+03,5.235428222656250000e+03
-5.000000000000000000e-01,-5.000000000000000000e-01,-1.668267548084259033e-01,-5.051739215850830078e-01,8.923813104629516602e-01,6.810358911752700806e-02,3.161000000000000000e+03,3.588521972656250000e+03
1.366542428731918335e-01,-2.000000029802322388e-01,1.081083267927169800e-01,-9.328592568635940552e-02,1.021136522293090820e+00,7.044557482004165649e-02,3.816000000000000000e+03,3.860586914062500000e+03
3.221365213394165039e-01,4.862083792686462402e-01,5.428022742271423340e-01,2.476119697093963623e-01,1.053454995155334473e+00,6.369768828153610229e-02,4.163000000000000000e+03,4.549892089843750000e+03
-5.500000119209289551e-01,-5.000000000000000000e-01,-3.706120550632476807e-01,-5.925899147987365723e-01,7.250996232032775879e-01,6.617157161235809326e-02,3.055000000000000000e+03,3.287102050781250000e+03
3.221365213394165039e-01,-1.000000014901161194e-01,2.048487961292266846e-01,1.952516436576843262e-01,7.621179223060607910e-01,1.127420961856842041e-01,2.894000000000000000e+03,3.378092529296875000e+03
-4.551799595355987549e-01,-5.500000119209289551e-01,-4.879936575889587402e-01,-4.345073997974395752e-01,4.557542800903320312e-01,6.074177846312522888e-02,1.380000000000000000e+03,1.474131958007812500e+03
5.481259822845458984e-01,5.000000074505805969e-02,3.536802232265472412e-01,7.953275740146636963e-02,1.072607159614562988e+00,6.542075425386428833e-02,4.229000000000000000e+03,4.370123046875000000e+03
0.000000000000000000e+00,-5.179951898753643036e-03,1.964177340269088745e-01,-1.125994995236396790e-01,7.963336110115051270e-01,1.342513710260391235e-01,3.349000000000000000e+03,3.609100097656250000e+03
4.862083792686462402e-01,3.896152675151824951e-01,3.917385041713714600e-01,4.107837677001953125e-01,5.560616850852966309e-01,8.542107045650482178e-02,1.722000000000000000e+03,1.773801879882812500e+03
-1.500000059604644775e-01,2.514390051364898682e-01,-2.054660171270370483e-01,1.493925601243972778e-01,9.677267670631408691e-01,6.231925636529922485e-02,3.842000000000000000e+03,3.897317382812500000e+03
3.221365213394165039e-01,-4.000000059604644775e-01,2.466943114995956421e-01,-4.116856306791305542e-02,9.684763550758361816e-01,6.625647097826004028e-02,3.772000000000000000e+03,4.296060546875000000e+03
-6.188200116157531738e-01,9.482004493474960327e-02,-5.463410019874572754e-01,-1.407764405012130737e-01,9.327250719070434570e-01,5.676652118563652039e-02,3.754000000000000000e+03,4.012413330078125000e+03
1.962217837572097778e-01,4.223684668540954590e-01,1.471334397792816162e-01,4.809386134147644043e-01,4.433964788913726807e-01,1.169038489460945129e-01,1.352000000000000000e+03,1.391914550781250000e+03
3.896152675151824951e-01,-1.500000059604644775e-01,1.200464963912963867e-01,-3.756178915500640869e-01,8.677574396133422852e-01,5.837227031588554382e-02,3.851000000000000000e+03,4.459830078125000000e+03
-2.500000000000000000e-01,4.545493423938751221e-01,-7.693878561258316040e-02,3.162778019905090332e-01,9.480390548706054688e-01,6.824097037315368652e-02,3.899000000000000000e+03,4.108679687500000000e+03
-5.500000119209289551e-01,-1.188199892640113831e-01,-4.299023151397705078e-01,6.942613399587571621e-04,9.011546373367309570e-01,6.424874067306518555e-02,3.285000000000000000e+03,3.399932617187500000e+03
5.481259822845458984e-01,-5.000000074505805969e-02,5.662446618080139160e-01,-1.232216283679008484e-01,1.097761869430541992e+00,4.666296020150184631e-02,4.096000000000000000e+03,4.115378906250000000e+03
4.545493423938751221e-01,0.000000000000000000e+00,5.192955136299133301e-01,1.592341810464859009e-02,8.996481299400329590e-01,5.720807611942291260e-02,3.076000000000000000e+03,3.092776123046875000e+03
-6.188200116157531738e-01,-2.000000029802322388e-01,-6.964381337165832520e-01,-4.686236679553985596e-01,7.683842778205871582e-01,6.604047864675521851e-02,2.632000000000000000e+03,2.970534179687500000e+03
-8.999999761581420898e-01,2.514390051364898682e-01,-8.180204033851623535e-01,9.106510877609252930e-02,7.219400405883789062e-01,5.817961320281028748e-02,2.655000000000000000e+03,2.817730957031250000e+03
-6.000000238418579102e-01,3.580648824572563171e-02,-6.161758899688720703e-01,7.082959264516830444e-02,1.000803709030151367e+00,6.950998306274414062e-02,3.258000000000000000e+03,3.262841796875000000e+03
3.032695502042770386e-02,3.221365213394165039e-01,-3.846918046474456787e-02,3.355520367622375488e-01,9.423898458480834961e-01,5.333783850073814392e-02,2.890000000000000000e+03,2.905979248046875000e+03
3.489103168249130249e-02,-5.178191065788269043e-01,-1.970501840114593506e-01,-7.231661677360534668e-01,1.164786458015441895e+00,4.933224990963935852e-02,4.211000000000000000e+03,4.503520996093750000e+03
-5.500000119209289551e-01,-1.678191274404525757e-01,-4.402802884578704834e-01,-3.981956839561462402e-01,9.028587937355041504e-01,7.238868623971939087e-02,3.302000000000000000e+03,3.560706787109375000e+03
-4.000000059604644775e-01,3.896152675151824951e-01,-9.504159539937973022e-02,1.929310709238052368e-01,1.133231520652770996e+00,5.240947008132934570e-02,4.308000000000000000e+03,4.739264160156250000e+03
1.372454911470413208e-01,-6.499999761581420898e-01,3.816641569137573242e-01,-5.253654718399047852e-01,8.137786984443664551e-01,2.374294400215148926e-01,1.023000000000000000e+03,1.136301879882812500e+03
5.780700445175170898e-01,5.784529447555541992e-01,6.456338763236999512e-01,4.730651080608367920e-01,8.083043098449707031e-01,6.813751906156539917e-02,2.926000000000000000e+03,2.995996337890625000e+03
-4.188199937343597412e-01,-6.692624092102050781e-01,-5.627032518386840820e-01,-8.047642111778259277e-01,7.105327248573303223e-01,8.063010126352310181e-02,2.703000000000000000e+03,2.908359130859375000e+03
2.810245752334594727e-01,-4.000000059604644775e-01,6.476562619209289551e-01,-6.245167851448059082e-01,1.049774050712585449e+00,6.843435019254684448e-02,3.286000000000000000e+03,3.817383056640625000e+03
4.545493423938751221e-01,8.275320380926132202e-02,8.205958008766174316e-01,3.433839082717895508e-01,1.144258737564086914e+00,6.999004632234573364e-02,3.630000000000000000e+03,4.172230468750000000e+03
4.862083792686462402e-01,2.473159283399581909e-01,4.466164112091064453e-01,1.816645264625549316e-01,1.091987967491149902e+00,5.399278178811073303e-02,4.167000000000000000e+03,4.187595214843750000e+03
1.366542428731918335e-01,-5.500000119209289551e-01,1.231610104441642761e-01,-6.988812088966369629e-01,8.293115496635437012e-01,5.210860073566436768e-02,3.936000000000000000e+03,4.062688720703125000e+03
-1.000000014901161194e-01,4.862083792686462402e-01,-2.687630653381347656e-01,1.446777284145355225e-01,1.132903456687927246e+00,6.147640198469161987e-02,4.165000000000000000e+03,4.624452148437500000e+03
2.863300442695617676e-01,-3.499999940395355225e-01,2.105833441019058228e-01,-5.786274671554565430e-01,8.620290756225585938e-01,5.868502706289291382e-02,2.882000000000000000e+03,3.102898193359375000e+03
6.961627006530761719e-01,8.665423840284347534e-02,8.231312036514282227e-01,-1.184607744216918945e-01,7.049468755722045898e-01,1.071472242474555969e-01,1.706000000000000000e+03,1.900291748046875000e+03
-6.926239281892776489e-02,-3.659073412418365479e-01,-3.175028041005134583e-02,-3.843654692173004150e-01,4.400447010993957520e-01,7.718071341514587402e-02,1.695000000000000000e+03,1.710213134765625000e+03
2.909092903137207031e-01,-6.999999880790710449e-01,5.980994701385498047e-01,-6.700137257575988770e-01,7.665081620216369629e-01,6.181833893060684204e-02,2.920000000000000000e+03,3.376444824218750000e+03
5.481259822845458984e-01,-2.000000029802322388e-01,6.872507333755493164e-01,-1.535450071096420288e-01,4.597451090812683105e-01,6.575620919466018677e-02,1.654000000000000000e+03,1.818227539062500000e+03
4.545493423938751221e-01,-5.500000119209289551e-01,1.010359525680541992e-01,-7.755316495895385742e-01,9.421999454498291016e-01,6.508095562458038330e-02,3.062000000000000000e+03,3.643638427734375000e+03
