1.764043420553207397e-01,-1.000000014901161194e-01,2.262419313192367554e-01,-4.821719229221343994e-01,1.003385543823242188e+00,8.332028985023498535e-02,3.000000000000000000e+03,3.428114990234375000e+03
1.764043420553207397e-01,-1.500000059604644775e-01,-1.552946865558624268e-01,-3.816460967063903809e-01,9.915093779563903809e-01,7.385379821062088013e-02,3.624000000000000000e+03,4.205645019531250000e+03
0.000000000000000000e+00,3.815837576985359192e-02,-6.464751809835433960e-02,-1.147479042410850525e-01,1.255849838256835938e+00,5.697444826364517212e-02,4.686000000000000000e+03,4.767624023437500000e+03
5.000000074505805969e-02,-1.641935110092163086e-01,2.498671263456344604e-01,-2.742346823215484619e-01,9.423723220825195312e-01,6.468378007411956787e-02,3.455000000000000000e+03,3.654954101562500000e+03
9.482004493474960327e-02,-5.000000074505805969e-02,8.360173553228378296e-02,5.194728970527648926e-01,1.202276468276977539e+00,5.943839251995086670e-02,4.705000000000000000e+03,5.712078613281250000e+03
0.000000000000000000e+00,-5.000000074505805969e-02,3.765666857361793518e-02,-5.264958739280700684e-01,1.161208152770996094e+00,5.200370401144027710e-02,4.201000000000000000e+03,4.888059082031250000e+03
-1.000000014901161194e-01,5.000000074505805969e-02,-5.058856010437011719e-01,2.226709425449371338e-01,1.175044655799865723e+00,5.929059907793998718e-02,4.704000000000000000e+03,5.347592773437500000e+03
5.000000074505805969e-02,5.000000074505805969e-02,-2.776010036468505859e-01,4.917336702346801758e-01,1.244267344474792480e+00,6.236813589930534363e-02,4.975000000000000000e+03,5.906020507812500000e+03
1.260000616312026978e-01,1.764043420553207397e-01,1.277226358652114868e-01,-2.157054245471954346e-01,1.214567065238952637e+00,6.231620162725448608e-02,4.864000000000000000e+03,5.358942871093750000e+03
2.145627290010452271e-01,-4.499999880790710449e-01,1.275415122509002686e-01,-3.515254855155944824e-01,9.419275522232055664e-01,6.272494792938232422e-02,3.501000000000000000e+03,3.568959472656250000e+03
4.183419048786163330e-02,1.289127171039581299e-01,2.592076063156127930e-01,-9.100093692541122437e-02,1.260490059852600098e+00,5.801721662282943726e-02,5.250000000000000000e+03,5.561233886718750000e+03
3.213381767272949219e-01,-5.000000000000000000e-01,2.297025471925735474e-01,-4.407484233379364014e-01,6.953450441360473633e-01,7.510211318731307983e-02,1.969000000000000000e+03,2.017080932617187500e+03
2.872454822063446045e-01,1.345701515674591064e-01,2.045033574104309082e-01,1.236461251974105835e-01,5.720225572586059570e-01,6.313446164131164551e-02,1.603000000000000000e+03,1.637006958007812500e+03
-5.000000074505805969e-02,-2.131237089633941650e-01,-1.668398380279541016e-01,1.774090677499771118e-01,1.177444815635681152e+00,1.051035225391387939e-01,3.166000000000000000e+03,3.535243164062500000e+03
3.221365213394165039e-01,1.366542428731918335e-01,4.439720809459686279e-01,7.742461562156677246e-02,8.164330124855041504e-01,8.895189315080642700e-02,2.812000000000000000e+03,2.888890625000000000e+03
2.514390051364898682e-01,-1.500000059604644775e-01,2.123065292835235596e-01,-1.546151638031005859e-01,6.911383271217346191e-01,6.355760246515274048e-02,2.422000000000000000e+03,2.429914062500000000e+03
0.000000000000000000e+00,0.000000000000000000e+00,2.775951623916625977e-01,4.986808598041534424e-01,1.276589989662170410e+00,6.313763558864593506e-02,4.795000000000000000e+03,5.712648925781250000e+03
-2.000000029802322388e-01,4.183419048786163330e-02,1.614562720060348511e-01,-3.644405305385589600e-01,1.256122708320617676e+00,6.158871576189994812e-02,4.992000000000000000e+03,5.891962890625000000e+03
-1.500000059604644775e-01,3.975010663270950317e-02,1.101315990090370178e-01,-1.173605918884277344e-01,8.228638172149658203e-01,6.689059734344482422e-02,2.940000000000000000e+03,3.328538818359375000e+03
5.000000074505805969e-02,-2.000000029802322388e-01,-2.770823054015636444e-02,-2.932618856430053711e-01,3.861477673053741455e-01,7.743807882070541382e-02,1.368000000000000000e+03,1.499973876953125000e+03
-1.000000014901161194e-01,0.000000000000000000e+00,6.592791527509689331e-02,2.648974955081939697e-02,6.599256992340087891e-01,6.365858018398284912e-02,2.223000000000000000e+03,2.365141357421875000e+03
9.482004493474960327e-02,0.000000000000000000e+00,3.296682238578796387e-01,-9.059059619903564453e-02,1.183385372161865234e+00,6.839725375175476074e-02,4.543000000000000000e+03,4.746116210937500000e+03
-2.500000000000000000e-01,1.764043420553207397e-01,-1.561067104339599609e-01,2.637359499931335449e-01,1.098526239395141602e+00,6.789318472146987915e-02,4.253000000000000000e+03,4.310585449218750000e+03
-5.000000074505805969e-02,-5.000000074505805969e-02,1.640829723328351974e-04,6.632954627275466919e-02,1.146951794624328613e+00,6.048912182450294495e-02,4.477000000000000000e+03,4.531326171875000000e+03
0.000000000000000000e+00,9.482004493474960327e-02,-7.091407477855682373e-02,1.427509784698486328e-01,1.038226962089538574e+00,6.445463001728057861e-02,4.086000000000000000e+03,4.113802246093750000e+03
0.000000000000000000e+00,-5.179951898753643036e-03,-6.361274719238281250e-01,-3.922605812549591064e-01,1.270357131958007812e+00,6.218088790774345398e-02,4.735000000000000000e+03,6.264267089843750000e+03
8.169633150100708008e-02,-2.000000029802322388e-01,1.551217883825302124e-01,-1.868385821580886841e-01,6.449294686317443848e-01,6.925432384014129639e-02,2.477000000000000000e+03,2.509944335937500000e+03
1.764043420553207397e-01,-1.178191304206848145e-01,3.304419219493865967e-01,-1.414068937301635742e-01,1.088518619537353516e+00,6.531421095132827759e-02,3.485000000000000000e+03,3.556276855468750000e+03
1.366542428731918335e-01,9.482004493474960327e-02,-3.405932709574699402e-02,-2.519215047359466553e-01,1.112146258354187012e+00,6.282737851142883301e-02,4.083000000000000000e+03,4.562967773437500000e+03
-2.000000029802322388e-01,2.514390051364898682e-01,-2.390125691890716553e-01,2.798429429531097412e-01,7.144902348518371582e-01,5.631335452198982239e-02,2.576000000000000000e+03,2.587655273437500000e+03
2.145627290010452271e-01,5.000000074505805969e-02,3.525857627391815186e-01,9.803093224763870239e-02,5.395035147666931152e-01,7.059077918529510498e-02,1.958000000000000000e+03,2.099018066406250000e+03
-5.000000074505805969e-02,9.482004493474960327e-02,-9.201496839523315430e-02,-4.000230878591537476e-02,1.030831933021545410e+00,5.233941227197647095e-02,3.956000000000000000e+03,4.029922363281250000e+03
-5.000000074505805969e-02,0.000000000000000000e+00,5.847820043563842773e-01,2.417222559452056885e-01,1.224840998649597168e+00,5.559790506958961487e-02,4.749000000000000000e+03,6.126721191406250000e+03
-7.005596160888671875e-02,-1.000000014901161194e-01,1.674031093716621399e-02,-1.796745359897613525e-01,6.397892236709594727e-01,7.088702917098999023e-02,2.230000000000000000e+03,2.304861083984375000e+03
0.000000000000000000e+00,0.000000000000000000e+00,-1.881829649209976196e-01,-4.964216649532318115e-01,1.214288353919982910e+00,6.548891961574554443e-02,4.611000000000000000e+03,5.457946289062500000e+03
0.000000000000000000e+00,0.000000000000000000e+00,-2.099947780370712280e-01,4.573887959122657776e-02,1.287705659866333008e+00,5.710024386644363403e-02,4.325000000000000000e+03,4.444803710937500000e+03
0.000000000000000000e+00,1.366542428731918335e-01,-6.948971003293991089e-02,-3.922458887100219727e-01,1.227903842926025391e+00,6.837382912635803223e-02,4.999000000000000000e+03,5.906983398437500000e+03
1.764043420553207397e-01,-2.500000000000000000e-01,1.416763961315155029e-01,-3.791528046131134033e-01,5.733951926231384277e-01,6.051987409591674805e-02,2.055000000000000000e+03,2.165513427734375000e+03
0.000000000000000000e+00,-5.000000074505805969e-02,1.893721818923950195e-01,2.568296194076538086e-01,1.268129110336303711e+00,5.988623946905136108e-02,5.079000000000000000e+03,5.482179199218750000e+03
9.482004493474960327e-02,1.366542428731918335e-01,3.071846663951873779e-01,-1.349691599607467651e-01,9.707034826278686523e-01,8.008547127246856689e-02,3.548000000000000000e+03,3.983503173828125000e+03
-1.102498918771743774e-01,9.482004493474960327e-02,-1.165247634053230286e-01,3.933582901954650879e-01,9.547764062881469727e-01,7.202741503715515137e-02,3.199000000000000000e+03,3.505073242187500000e+03
0.000000000000000000e+00,5.000000074505805969e-02,1.892564743757247925e-01,1.937389075756072998e-01,1.102614283561706543e+00,5.952628701925277710e-02,4.355000000000000000e+03,4.554925292968750000e+03
9.482004493474960327e-02,-5.179951898753643036e-03,-1.977013349533081055e-01,-5.066696405410766602e-01,1.235641956329345703e+00,6.248140707612037659e-02,4.666000000000000000e+03,5.649918945312500000e+03
-2.000000029802322388e-01,0.000000000000000000e+00,-5.237240791320800781e-01,-1.899758726358413696e-02,9.242787957191467285e-01,6.960619240999221802e-02,3.502000000000000000e+03,3.921858154296875000e+03
2.145627290010452271e-01,-3.000000119209289551e-01,-1.225743740797042847e-01,-3.892694711685180664e-01,1.009306788444519043e+00,6.327534466981887817e-02,3.649000000000000000e+03,4.072894775390625000e+03
-2.000000029802322388e-01,1.764043420553207397e-01,-1.421472281217575073e-01,2.867175936698913574e-01,9.675709605216979980e-01,6.895625591278076172e-02,3.558000000000000000e+03,3.616587158203125000e+03
-2.500000000000000000e-01,9.482004493474960327e-02,-2.612034082412719727e-01,3.706340491771697998e-01,1.157081127166748047e+00,6.210688501596450806e-02,5.065000000000000000e+03,5.349714355468750000e+03
1.366542428731918335e-01,1.366542428731918335e-01,5.767808556556701660e-01,-1.516665369272232056e-01,9.705484509468078613e-01,7.770845293998718262e-02,2.907000000000000000e+03,3.715028076171875000e+03
-6.510896980762481689e-02,0.000000000000000000e+00,-1.917090713977813721e-01,1.751713752746582031e-01,1.227649569511413574e+00,5.672939866781234741e-02,4.588000000000000000e+03,4.729485839843750000e+03
5.000000074505805969e-02,0.000000000000000000e+00,6.278513371944427490e-02,-8.285228908061981201e-02,6.056889891624450684e-01,5.840490385890007019e-02,2.477000000000000000e+03,2.524358886718750000e+03
-1.000000014901161194e-01,5.000000074505805969e-02,-4.347115159034729004e-01,2.251755446195602417e-01,1.213017344474792480e+00,5.970742180943489075e-02,5.195000000000000000e+03,5.687944824218750000e+03
-2.500000000000000000e-01,9.482004493474960327e-02,-2.851044833660125732e-01,2.295545488595962524e-01,1.209168314933776855e+00,7.628806680440902710e-02,4.047000000000000000e+03,4.100343261718750000e+03
5.000000074505805969e-02,9.482004493474960327e-02,-1.308188885450363159e-01,2.621633931994438171e-03,1.144770741462707520e+00,6.055517867207527161e-02,4.519000000000000000e+03,4.660084472656250000e+03
5.000000074505805969e-02,-1.000000014901161194e-01,5.427841842174530029e-02,-5.176438018679618835e-02,1.252683281898498535e+00,5.687652528285980225e-02,3.542000000000000000e+03,3.547263916015625000e+03
5.000000074505805969e-02,-7.041443139314651489e-02,2.370040267705917358e-01,-2.177254408597946167e-01,1.174043297767639160e+00,6.147285178303718567e-02,4.947000000000000000e+03,5.148750976562500000e+03
-5.000000074505805969e-02,2.514390051364898682e-01,-1.556688249111175537e-01,-3.602289259433746338e-01,1.181124806404113770e+00,6.403647363185882568e-02,3.903000000000000000e+03,4.923173339843750000e+03
5.000000074505805969e-02,5.000000074505805969e-02,-2.029410749673843384e-01,-1.579260230064392090e-01,1.093912839889526367e+00,6.836402416229248047e-02,4.080000000000000000e+03,4.437512695312500000e+03
9.482004493474960327e-02,-1.000000014901161194e-01,5.170706659555435181e-02,-1.040563806891441345e-01,6.654807329177856445e-01,8.030901104211807251e-02,2.178000000000000000e+03,2.187270751953125000e+03
-1.000000014901161194e-01,1.366542428731918335e-01,-1.650215983390808105e-01,-3.931275010108947754e-02,1.192057967185974121e+00,5.757882818579673767e-02,5.002000000000000000e+03,5.124978515625000000e+03
-3.499999940395355225e-01,-1.500000059604644775e-01,-5.566437840461730957e-01,3.475690484046936035e-01,1.039838194847106934e+00,7.553040981292724609e-02,3.835000000000000000e+03,4.811009765625000000e+03
0.000000000000000000e+00,-5.000000074505805969e-02,-3.777949139475822449e-02,4.234544336795806885e-01,1.270232081413269043e+00,6.191051378846168518e-02,4.691000000000000000e+03,5.327898437500000000e+03
9.482004493474960327e-02,-5.000000074505805969e-02,-2.687895856797695160e-02,-2.165777683258056641e-01,1.124635219573974609e+00,6.033822894096374512e-02,4.229000000000000000e+03,4.370123046875000000e+03
-5.000000074505805969e-02,5.000000074505805969e-02,4.270578026771545410e-01,8.357177674770355225e-02,1.099825859069824219e+00,5.796723440289497375e-02,4.464000000000000000e+03,5.274810058593750000e+03
0.000000000000000000e+00,0.000000000000000000e+00,-2.533070445060729980e-01,1.390007138252258301e-01,1.273851871490478516e+00,6.001083552837371826e-02,4.646000000000000000e+03,4.882458984375000000e+03
5.000000074505805969e-02,1.764043420553207397e-01,-1.685958206653594971e-01,1.095432490110397339e-01,8.197190165519714355e-01,5.081902816891670227e-02,3.090000000000000000e+03,3.325799560546875000e+03
5.000000074505805969e-02,2.872454822063446045e-01,-8.658267557621002197e-02,1.561710089445114136e-01,7.996951341629028320e-01,6.701574474573135376e-02,3.143000000000000000e+03,3.317100097656250000e+03
9.482004493474960327e-02,-5.000000074505805969e-02,1.360331177711486816e-01,-4.039197787642478943e-02,9.069876074790954590e-01,6.107777729630470276e-02,3.111000000000000000e+03,3.117752441406250000e+03
4.862083792686462402e-01,2.462217807769775391e-01,2.571040987968444824e-01,3.752593100070953369e-01,7.909974455833435059e-01,9.721448272466659546e-02,1.906000000000000000e+03,2.111256591796875000e+03
-1.102498918771743774e-01,5.000000074505805969e-02,-1.207720786333084106e-01,-8.434365689754486084e-02,6.437373757362365723e-01,6.733776628971099854e-02,1.995000000000000000e+03,2.081380371093750000e+03
-1.500000059604644775e-01,-5.000000074505805969e-02,-1.776485890150070190e-02,1.175630316138267517e-01,1.225447773933410645e+00,6.081105023622512817e-02,5.242000000000000000e+03,5.399691894531250000e+03
-1.618416309356689453e-01,5.000000074505805969e-02,5.051011592149734497e-02,4.230499863624572754e-01,1.202929377555847168e+00,6.757804006338119507e-02,4.375000000000000000e+03,4.916230957031250000e+03
-7.551799416542053223e-01,-8.999999761581420898e-01,-7.116981744766235352e-01,-9.100050926208496094e-01,3.792769312858581543e-01,1.039753258228302002e-01,1.126000000000000000e+03,1.141518920898437500e+03
0.000000000000000000e+00,-5.000000074505805969e-02,1.268924921751022339e-01,1.730249375104904175e-01,1.013257145881652832e+00,7.468709349632263184e-02,3.333000000000000000e+03,3.543145751953125000e+03
3.409266844391822815e-02,1.764043420553207397e-01,-1.438902970403432846e-02,2.407115995883941650e-01,1.231028676033020020e+00,5.919813737273216248e-02,4.016000000000000000e+03,4.033094238281250000e+03
5.000000074505805969e-02,0.000000000000000000e+00,-3.913759067654609680e-02,-4.852420091629028320e-02,4.889970719814300537e-01,6.742718070745468140e-02,1.730000000000000000e+03,1.803703369140625000e+03
-1.000000014901161194e-01,1.366542428731918335e-01,-4.538102149963378906e-01,5.610403418540954590e-02,1.146430492401123047e+00,5.410921946167945862e-02,4.780000000000000000e+03,5.248801269531250000e+03
8.275320380926132202e-02,-5.000000074505805969e-02,3.052746355533599854e-01,2.310678064823150635e-01,1.188760876655578613e+00,5.564691498875617981e-02,5.038000000000000000e+03,5.486984863281250000e+03
0.000000000000000000e+00,3.562291860580444336e-01,5.997939780354499817e-02,3.944946825504302979e-01,1.055855870246887207e+00,6.637490540742874146e-02,3.870000000000000000e+03,3.887510253906250000e+03
2.872454822063446045e-01,-5.000000074505805969e-02,3.389463722705841064e-01,-3.353013992309570312e-01,8.290959000587463379e-01,5.692643299698829651e-02,3.074000000000000000e+03,3.439656250000000000e+03
2.514390051364898682e-01,-1.184162404388189316e-02,-1.664138734340667725e-01,6.628807634115219116e-02,1.234095335006713867e+00,5.696640163660049438e-02,5.379000000000000000e+03,6.001395996093750000e+03
-2.000000029802322388e-01,1.366542428731918335e-01,6.604274269193410873e-03,1.692901737987995148e-02,8.059737682342529297e-01,6.349283456802368164e-02,3.136000000000000000e+03,3.406166259765625000e+03
-5.000000074505805969e-02,5.000000074505805969e-02,-6.371616721153259277e-01,-1.729757785797119141e-01,1.255797624588012695e+00,5.993059650063514709e-02,5.012000000000000000e+03,6.203564453125000000e+03
-1.000000014901161194e-01,-8.165807463228702545e-03,-1.273857206106185913e-01,1.474371850490570068e-01,1.191863775253295898e+00,8.695533871650695801e-02,3.053000000000000000e+03,3.106601806640625000e+03
-5.000000074505805969e-02,-2.641935050487518311e-01,-3.865775652229785919e-04,-3.490762412548065186e-01,6.134288311004638672e-01,7.427827268838882446e-02,2.054000000000000000e+03,2.106583740234375000e+03
-1.102498918771743774e-01,-5.816580727696418762e-02,-2.337818592786788940e-01,-1.635732688009738922e-02,1.141493082046508789e+00,6.233404576778411865e-02,4.477000000000000000e+03,4.535480468750000000e+03
-5.000000074505805969e-02,0.000000000000000000e+00,-5.202783346176147461e-01,2.636045217514038086e-02,1.212699890136718750e+00,5.776364728808403015e-02,4.672000000000000000e+03,5.354143066406250000e+03
0.000000000000000000e+00,-5.000000074505805969e-02,-1.421694061718881130e-03,1.963353306055068970e-01,1.269796967506408691e+00,6.113025173544883728e-02,4.623000000000000000e+03,4.795364746093750000e+03
-2.000000029802322388e-01,9.482004493474960327e-02,-1.697128266096115112e-01,1.977579444646835327e-01,7.438252568244934082e-01,6.090528145432472229e-02,2.873000000000000000e+03,2.932630371093750000e+03
-1.500000059604644775e-01,3.221365213394165039e-01,1.687341183423995972e-01,4.677680730819702148e-01,9.265729784965515137e-01,6.341198086738586426e-02,3.701000000000000000e+03,4.213228027343750000e+03
1.724607348442077637e-01,-1.184162404388189316e-02,5.035406351089477539e-01,4.011997878551483154e-01,1.106129884719848633e+00,6.348391622304916382e-02,4.057000000000000000e+03,4.945079589843750000e+03
9.482004493474960327e-02,0.000000000000000000e+00,3.923201858997344971e-01,-8.129977434873580933e-02,1.227694630622863770e+00,5.925559625029563904e-02,4.863000000000000000e+03,5.165318359375000000e+03
1.764043420553207397e-01,1.669811904430389404e-01,5.195599198341369629e-01,2.292764931917190552e-01,1.064283967018127441e+00,5.733851343393325806e-02,4.223000000000000000e+03,4.665108886718750000e+03
-1.661394163966178894e-02,5.000000074505805969e-02,-7.595527917146682739e-02,5.960847139358520508e-01,1.145096182823181152e+00,6.017639115452766418e-02,4.170000000000000000e+03,5.086236816406250000e+03
0.000000000000000000e+00,-1.102498918771743774e-01,1.019775420427322388e-01,-2.874586880207061768e-01,8.271781802177429199e-01,8.104779571294784546e-02,2.523000000000000000e+03,2.674729492187500000e+03
1.764043420553207397e-01,-5.000000074505805969e-02,2.093079686164855957e-01,-1.911004446446895599e-02,1.099905014038085938e+00,5.391247943043708801e-02,4.181000000000000000e+03,4.188048828125000000e+03
3.687628731131553650e-02,-2.500000000000000000e-01,6.979491561651229858e-02,-1.359808743000030518e-01,1.128218412399291992e+00,6.559333950281143188e-02,4.080000000000000000e+03,4.124984375000000000e+03
-5.000000074505805969e-02,-5.000000074505805969e-02,-3.509012162685394287e-01,2.990445792675018311e-01,1.268241405487060547e+00,5.764410644769668579e-02,5.545000000000000000e+03,6.255448242187500000e+03
-1.500000059604644775e-01,-5.000000074505805969e-02,-1.409636437892913818e-01,-6.399919837713241577e-02,1.226631522178649902e+00,5.942506715655326843e-02,3.834000000000000000e+03,3.834698974609375000e+03
1.297110766172409058e-01,9.482004493474960327e-02,5.981737375259399414e-01,1.860209852457046509e-01,1.167566657066345215e+00,5.901791155338287354e-02,4.623000000000000000e+03,5.367782226562500000e+03
-1.000000014901161194e-01,9.482004493474960327e-02,-5.345972180366516113e-01,1.166361346840858459e-01,1.150287270545959473e+00,5.126190185546875000e-02,4.343000000000000000e+03,4.944082519531250000e+03
9.482004493474960327e-02,-1.419351249933242798e-02,1.146995946764945984e-01,-4.758805409073829651e-02,1.129442691802978516e+00,6.439918279647827148e-02,4.330000000000000000e+03,4.335164550781250000e+03
1.329784244298934937e-01,1.764043420553207397e-01,2.790569961071014404e-01,4.023829102516174316e-01,7.488547563552856445e-01,6.957213580608367920e-02,2.999000000000000000e+03,3.375842773437500000e+03
1.764043420553207397e-01,3.975010663270950317e-02,4.635759815573692322e-02,-8.910274505615234375e-02,7.406416535377502441e-01,8.077091723680496216e-02,2.479000000000000000e+03,2.628083496093750000e+03
0.000000000000000000e+00,0.000000000000000000e+00,-1.308558434247970581e-01,-5.130660161375999451e-02,1.291640043258666992e+00,6.068151816725730896e-02,5.140000000000000000e+03,5.200630859375000000e+03
5.000000074505805969e-02,-5.816580727696418762e-02,-7.146225124597549438e-02,-7.041482720524072647e-03,7.478014230728149414e-01,6.300477683544158936e-02,2.649000000000000000e+03,2.730690429687500000e+03
-1.000000014901161194e-01,1.366542428731918335e-01,3.923538327217102051e-01,4.003028571605682373e-01,1.092895150184631348e+00,6.319064646959304810e-02,4.115000000000000000e+03,5.134815429687500000e+03
5.000000074505805969e-02,5.000000074505805969e-02,-2.823810279369354248e-01,-1.284091770648956299e-01,1.151474237442016602e+00,6.414619088172912598e-02,4.250000000000000000e+03,4.694935546875000000e+03
-5.000000074505805969e-02,5.000000074505805969e-02,1.808561235666275024e-01,-3.244192898273468018e-01,1.286937236785888672e+00,6.192113459110260010e-02,5.477000000000000000e+03,6.100760742187500000e+03
-1.590733230113983154e-02,-1.500000059604644775e-01,-9.920728206634521484e-02,-2.203366756439208984e-01,1.183371543884277344e+00,6.283670663833618164e-02,4.808000000000000000e+03,4.848854492187500000e+03
0.000000000000000000e+00,-1.118416264653205872e-01,-9.341067820787429810e-02,-1.043335869908332825e-01,1.128844499588012695e+00,6.157911196351051331e-02,3.860000000000000000e+03,3.886589843750000000e+03
1.366542428731918335e-01,1.764043420553207397e-01,1.834025047719478607e-02,-1.612990200519561768e-01,1.144840598106384277e+00,6.211555376648902893e-02,4.197000000000000000e+03,4.598559570312500000e+03
2.122108340263366699e-01,5.000000074505805969e-02,2.257362157106399536e-01,-1.880533397197723389e-01,6.424673795700073242e-01,9.634856879711151123e-02,2.136000000000000000e+03,2.421572509765625000e+03
0.000000000000000000e+00,1.316963285207748413e-01,1.928144544363021851e-01,3.431286662817001343e-02,1.245325922966003418e+00,6.174887716770172119e-02,4.620000000000000000e+03,4.758115234375000000e+03
0.000000000000000000e+00,5.000000074505805969e-02,-9.532798081636428833e-02,-2.672343850135803223e-01,1.197722673416137695e+00,6.163183227181434631e-02,4.382000000000000000e+03,4.710529785156250000e+03
1.764043420553207397e-01,1.366542428731918335e-01,3.356020450592041016e-01,5.040039494633674622e-02,5.647891759872436523e-01,9.044756740331649780e-02,2.200000000000000000e+03,2.421139648437500000e+03
-5.000000074505805969e-02,-3.499999940395355225e-01,-1.283146440982818604e-01,-2.836541086435317993e-02,9.715059399604797363e-01,5.772120878100395203e-02,3.425000000000000000e+03,3.811974365234375000e+03
5.000000074505805969e-02,1.366542428731918335e-01,2.929249405860900879e-01,-2.890921533107757568e-01,1.164231181144714355e+00,7.665788382291793823e-02,4.528000000000000000e+03,5.299756835937500000e+03
-5.000000074505805969e-02,-1.500000059604644775e-01,8.016948401927947998e-02,-6.433234810829162598e-01,1.100660324096679688e+00,7.227236777544021606e-02,3.876000000000000000e+03,4.672251464843750000e+03
-3.151089549064636230e-01,5.000000074505805969e-02,-1.702221632003784180e-01,-1.377798467874526978e-01,8.189058303833007812e-01,7.476332038640975952e-02,2.388000000000000000e+03,2.584254150390625000e+03
1.366542428731918335e-01,9.482004493474960327e-02,2.134832292795181274e-01,5.081896781921386719e-01,1.220133543014526367e+00,9.401851892471313477e-02,3.721000000000000000e+03,4.151551269531250000e+03
-8.165807463228702545e-03,-2.500000000000000000e-01,-1.983195394277572632e-01,-2.798551023006439209e-01,1.033094882965087891e+00,5.454066395759582520e-02,4.140000000000000000e+03,4.282314453125000000e+03
1.764043420553207397e-01,5.000000074505805969e-02,1.120930723845958710e-02,-2.397064864635467529e-01,1.155678272247314453e+00,5.733186006546020508e-02,4.697000000000000000e+03,5.081353027343750000e+03
2.145627290010452271e-01,9.482004493474960327e-02,4.944588243961334229e-01,7.553409039974212646e-02,8.995187878608703613e-01,7.733633369207382202e-02,3.362000000000000000e+03,3.682339599609375000e+03
-5.000000074505805969e-02,-2.641935050487518311e-01,-5.342978239059448242e-01,-1.310542076826095581e-01,1.078137278556823730e+00,6.953151524066925049e-02,3.893000000000000000e+03,4.701748046875000000e+03
5.000000074505805969e-02,3.073761053383350372e-02,1.586203575134277344e-01,1.008163616061210632e-01,1.252859592437744141e+00,5.423469096422195435e-02,3.724000000000000000e+03,3.763466064453125000e+03
2.091575562953948975e-01,0.000000000000000000e+00,1.407393366098403931e-01,-8.537867665290832520e-02,1.031368851661682129e+00,5.183245614171028137e-02,4.160000000000000000e+03,4.206770507812500000e+03
-1.500000059604644775e-01,9.482004493474960327e-02,-1.688969284296035767e-01,1.658596843481063843e-01,9.643646478652954102e-01,7.197850197553634644e-02,3.356000000000000000e+03,3.375582519531250000e+03
-1.702157594263553619e-02,1.366542428731918335e-01,2.876493632793426514e-01,2.439855784177780151e-02,1.225438833236694336e+00,6.764633208513259888e-02,4.587000000000000000e+03,4.904194824218750000e+03
2.514390051364898682e-01,-1.500000059604644775e-01,2.937946617603302002e-01,1.048528328537940979e-01,1.033463716506958008e+00,5.384999141097068787e-02,3.702000000000000000e+03,3.929980224609375000e+03
0.000000000000000000e+00,9.482004493474960327e-02,-3.870063722133636475e-01,3.187342882156372070e-01,9.564439654350280762e-01,6.529680639505386353e-02,3.716000000000000000e+03,4.490864257812500000e+03
9.482004493474960327e-02,0.000000000000000000e+00,3.412819802761077881e-01,-1.977357715368270874e-01,1.227251768112182617e+00,5.279067903757095337e-02,5.543000000000000000e+03,5.904085449218750000e+03
2.872454822063446045e-01,5.000000074505805969e-02,3.936614394187927246e-01,5.688854493200778961e-03,9.159441590309143066e-01,6.222631782293319702e-02,3.368000000000000000e+03,3.421227539062500000e+03
9.482004493474960327e-02,4.482004791498184204e-02,3.145891726016998291e-01,-8.100884407758712769e-02,8.780465722084045410e-01,6.409373879432678223e-02,3.336000000000000000e+03,3.607805908203125000e+03
-5.000000074505805969e-02,3.338605910539627075e-02,3.761982023715972900e-01,-6.941911578178405762e-02,1.277008056640625000e+00,5.772394686937332153e-02,4.822000000000000000e+03,5.375541503906250000e+03
-2.651089727878570557e-01,1.366542428731918335e-01,7.212714850902557373e-02,2.021281607449054718e-02,1.082920551300048828e+00,5.379436537623405457e-02,4.199000000000000000e+03,4.643959960937500000e+03
-5.000000074505805969e-02,-1.000000014901161194e-01,-2.309921532869338989e-01,-2.203876525163650513e-01,7.955210804939270020e-01,1.122256666421890259e-01,2.404000000000000000e+03,2.580268554687500000e+03
-5.000000074505805969e-02,-1.500000059604644775e-01,-2.968519926071166992e-01,-7.208226323127746582e-01,1.190719723701477051e+00,6.517270952463150024e-02,4.174000000000000000e+03,5.252588378906250000e+03
-5.000000074505805969e-02,1.764043420553207397e-01,-2.742119431495666504e-01,1.418551057577133179e-01,1.092865943908691406e+00,6.089185178279876709e-02,4.078000000000000000e+03,4.251735351562500000e+03
5.000000074505805969e-02,1.366542428731918335e-01,1.311812549829483032e-01,9.902090579271316528e-02,1.208811998367309570e+00,6.094083562493324280e-02,5.127000000000000000e+03,5.154962402343750000e+03
-6.184162572026252747e-02,-1.500000059604644775e-01,4.271275997161865234e-01,1.164304092526435852e-01,1.234750151634216309e+00,5.824421346187591553e-02,4.693000000000000000e+03,5.608035156250000000e+03
-5.000000074505805969e-02,-1.000000014901161194e-01,-2.661232352256774902e-01,-7.803765684366226196e-02,1.220321178436279297e+00,6.031426787376403809e-02,4.436000000000000000e+03,4.575344726562500000e+03
5.000000074505805969e-02,9.482004493474960327e-02,2.880947589874267578e-01,-2.095258384943008423e-01,1.018582105636596680e+00,6.255099177360534668e-02,4.423000000000000000e+03,5.039865722656250000e+03
-1.118416264653205872e-01,2.872454822063446045e-01,-2.316556870937347412e-01,2.448697388172149658e-01,1.204221129417419434e+00,6.264160573482513428e-02,4.460000000000000000e+03,4.509657714843750000e+03
-1.500000059604644775e-01,-5.816580727696418762e-02,4.166359826922416687e-02,1.112129017710685730e-01,8.628029823303222656e-01,5.664138123393058777e-02,3.221000000000000000e+03,3.498489013671875000e+03
-1.000000014901161194e-01,-1.510896813124418259e-02,-1.146831139922142029e-01,-4.974554479122161865e-02,7.775179147720336914e-01,7.215584069490432739e-02,2.186000000000000000e+03,2.191163330078125000e+03
-4.000000059604644775e-01,1.366542428731918335e-01,-6.302142143249511719e-01,2.132459282875061035e-01,1.053063869476318359e+00,6.188435107469558716e-02,4.094000000000000000e+03,4.308750488281250000e+03
-2.500000000000000000e-01,-5.000000074505805969e-02,-1.461251229047775269e-01,-1.385328471660614014e-01,5.888698697090148926e-01,8.906282484531402588e-02,2.233000000000000000e+03,2.351307861328125000e+03
0.000000000000000000e+00,-1.661394163966178894e-02,-6.893156468868255615e-02,-6.216562818735837936e-03,7.782567739486694336e-01,5.543220043182373047e-02,2.699000000000000000e+03,2.720680175781250000e+03
-1.500000059604644775e-01,2.145627290010452271e-01,-8.009399473667144775e-02,6.706367433071136475e-02,9.927191734313964844e-01,6.254822015762329102e-02,3.248000000000000000e+03,3.335091796875000000e+03
-5.000000074505805969e-02,4.183419048786163330e-02,-2.225400209426879883e-01,-5.993328616023063660e-02,1.017777085304260254e+00,6.471780687570571899e-02,3.650000000000000000e+03,3.790003906250000000e+03
-1.000000014901161194e-01,1.306265294551849365e-01,-2.750097811222076416e-01,1.961023509502410889e-01,8.885670900344848633e-01,8.129872381687164307e-02,2.602000000000000000e+03,2.715878417968750000e+03
8.687628805637359619e-02,5.000000074505805969e-02,-3.064010664820671082e-02,5.152826905250549316e-01,1.232812523841857910e+00,5.603897199034690857e-02,4.710000000000000000e+03,5.400313476562500000e+03
-3.000000119209289551e-01,-1.500000059604644775e-01,-1.994280889630317688e-02,-3.313402533531188965e-01,1.052198648452758789e+00,6.611929833889007568e-02,4.142000000000000000e+03,4.548229003906250000e+03
-5.000000074505805969e-02,9.482004493474960327e-02,-1.912896782159805298e-01,4.571052193641662598e-01,1.119885325431823730e+00,5.490120872855186462e-02,4.267000000000000000e+03,4.768597167968750000e+03
3.562291860580444336e-01,-2.000000029802322388e-01,1.504105031490325928e-01,-2.116701900959014893e-01,1.054251074790954590e+00,6.579110026359558105e-02,3.948000000000000000e+03,4.097731445312500000e+03
9.482004493474960327e-02,3.338605910539627075e-02,-5.266950279474258423e-02,3.624602034687995911e-02,1.239969968795776367e+00,6.406156718730926514e-02,4.417000000000000000e+03,4.479500976562500000e+03
-1.000000014901161194e-01,0.000000000000000000e+00,1.038258709013462067e-02,3.262805044651031494e-01,1.265532970428466797e+00,6.271719932556152344e-02,4.872000000000000000e+03,5.226049316406250000e+03
-5.000000074505805969e-02,5.000000074505805969e-02,5.820068344473838806e-02,4.112545251846313477e-01,1.232704043388366699e+00,6.077519804239273071e-02,4.350000000000000000e+03,4.749237304687500000e+03
9.482004493474960327e-02,-3.000000119209289551e-01,-1.913499683141708374e-01,-2.417318969964981079e-01,9.023782014846801758e-01,5.778233706951141357e-02,3.468000000000000000e+03,3.822331298828125000e+03
0.000000000000000000e+00,-5.179951898753643036e-03,3.196127414703369141e-01,-6.188466399908065796e-02,1.012202262878417969e+00,5.843380466103553772e-02,3.745000000000000000e+03,4.121439941406250000e+03
-2.000000029802322388e-01,3.184255063533782959e-01,-1.938522905111312866e-01,2.867970466613769531e-01,1.150581479072570801e+00,6.463485211133956909e-02,4.718000000000000000e+03,4.721704101562500000e+03
1.289127171039581299e-01,-4.499999880790710449e-01,1.444278508424758911e-01,-1.803223788738250732e-01,9.291322231292724609e-01,6.554972380399703979e-02,3.484000000000000000e+03,3.772805419921875000e+03
-2.500000000000000000e-01,-1.500000059604644775e-01,-5.564040541648864746e-01,-1.468704491853713989e-01,8.995000720024108887e-01,7.844384014606475830e-02,3.626000000000000000e+03,4.035684326171875000e+03
0.000000000000000000e+00,0.000000000000000000e+00,3.869296610355377197e-01,-2.623601555824279785e-01,1.162460803985595703e+00,5.936700105667114258e-02,4.353000000000000000e+03,5.033446777343750000e+03
-3.000000119209289551e-01,5.481259822845458984e-01,-3.599100410938262939e-01,3.937627673149108887e-01,5.998813509941101074e-01,6.542558223009109497e-02,1.770000000000000000e+03,1.902701416015625000e+03
6.083970069885253906e-01,2.872454822063446045e-01,6.489924788475036621e-01,1.195122823119163513e-01,8.745362162590026855e-01,1.107595562934875488e-01,2.855000000000000000e+03,2.965128906250000000e+03
-1.000000014901161194e-01,-5.000000074505805969e-02,2.090413123369216919e-01,3.641846776008605957e-02,9.699553251266479492e-01,5.613308772444725037e-02,3.471000000000000000e+03,3.841793701171875000e+03
-1.166139394044876099e-01,-1.661394163966178894e-02,-2.747326195240020752e-01,2.221403121948242188e-01,7.433853745460510254e-01,6.930367648601531982e-02,2.066000000000000000e+03,2.363087158203125000e+03
2.514390051364898682e-01,1.366542428731918335e-01,2.622079253196716309e-01,2.519612908363342285e-01,4.811336696147918701e-01,7.183779031038284302e-02,1.725000000000000000e+03,1.823392456054687500e+03
-3.499999940395355225e-01,-5.000000074505805969e-02,-2.661033868789672852e-01,2.041156888008117676e-01,1.111913561820983887e+00,6.346717476844787598e-02,4.625000000000000000e+03,4.888806152343750000e+03
9.482004493474960327e-02,1.764043420553207397e-01,3.758773952722549438e-02,6.257184743881225586e-01,1.117369651794433594e+00,6.796971708536148071e-02,4.098000000000000000e+03,4.748327636718750000e+03
-1.000000014901161194e-01,-1.688199937343597412e-01,-5.931419879198074341e-02,-2.360361069440841675e-02,9.673649072647094727e-01,6.676454842090606689e-02,3.591000000000000000e+03,3.677496826171875000e+03
-5.000000074505805969e-02,-5.179951898753643036e-03,-5.108943581581115723e-01,-6.510886549949645996e-02,1.176022768020629883e+00,5.759688839316368103e-02,4.683000000000000000e+03,5.390526855468750000e+03
-5.000000074505805969e-02,5.000000074505805969e-02,-6.740339100360870361e-03,-5.858769267797470093e-02,4.596375823020935059e-01,7.340160012245178223e-02,1.234000000000000000e+03,1.312535766601562500e+03
-1.500000059604644775e-01,2.145627290010452271e-01,-4.373908936977386475e-01,6.380961537361145020e-01,1.081318140029907227e+00,6.376390904188156128e-02,3.869000000000000000e+03,4.697137695312500000e+03
9.482004493474960327e-02,5.000000074505805969e-02,-7.284693419933319092e-02,4.449969530105590820e-01,1.124160885810852051e+00,6.890787929296493530e-02,4.697000000000000000e+03,5.359645019531250000e+03
0.000000000000000000e+00,-1.500000059604644775e-01,-1.544043272733688354e-01,-3.521398305892944336e-01,6.952500343322753906e-01,7.630147039890289307e-02,2.192000000000000000e+03,2.477238525390625000e+03
-6.184162572026252747e-02,0.000000000000000000e+00,4.234786033630371094e-01,3.862626850605010986e-01,1.262996196746826172e+00,5.437343567609786987e-02,5.226000000000000000e+03,6.427087890625000000e+03
2.071419507265090942e-01,0.000000000000000000e+00,-2.232388854026794434e-01,1.164431348443031311e-01,9.624247550964355469e-01,5.679585412144660950e-02,3.855000000000000000e+03,4.646937500000000000e+03
-1.500000059604644775e-01,0.000000000000000000e+00,1.527222543954849243e-01,-1.644588112831115723e-01,1.007935404777526855e+00,6.581331044435501099e-02,2.750000000000000000e+03,3.063190185546875000e+03
-2.500000000000000000e-01,-1.500000059604644775e-01,-2.993648350238800049e-01,-2.691473662853240967e-01,5.201484560966491699e-01,6.969666481018066406e-02,2.085000000000000000e+03,2.211587890625000000e+03
3.338605910539627075e-02,-5.000000074505805969e-02,-4.628417193889617920e-01,-4.340306669473648071e-02,1.248315572738647461e+00,5.732074007391929626e-02,4.689000000000000000e+03,5.405529785156250000e+03
0.000000000000000000e+00,0.000000000000000000e+00,4.038259088993072510e-01,4.174830615520477295e-01,1.254912018775939941e+00,6.369309127330780029e-02,4.722000000000000000e+03,5.688433105468750000e+03
5.000000074505805969e-02,-1.000000014901161194e-01,-3.888437449932098389e-01,-4.838440418243408203e-01,1.141515493392944336e+00,6.978987902402877808e-02,4.339000000000000000e+03,5.414329101562500000e+03
-3.151089549064636230e-01,1.329784244298934937e-01,-4.602210819721221924e-01,-1.367864310741424561e-01,1.112534999847412109e+00,6.835043430328369141e-02,4.371000000000000000e+03,4.695807617187500000e+03
0.000000000000000000e+00,-1.500000059604644775e-01,1.911585181951522827e-01,-5.662045478820800781e-01,1.142139196395874023e+00,6.421754509210586548e-02,4.318000000000000000e+03,4.987895507812500000e+03
-1.000000014901161194e-01,2.145627290010452271e-01,2.633834443986415863e-02,1.240656003355979919e-01,9.567080736160278320e-01,5.225533619523048401e-02,2.714000000000000000e+03,2.785351074218750000e+03
-5.000000074505805969e-02,-2.500000000000000000e-01,2.583557739853858948e-03,-2.479821592569351196e-01,5.076195597648620605e-01,1.033658236265182495e-01,1.596000000000000000e+03,1.613083374023437500e+03
-1.000000014901161194e-01,-2.000000029802322388e-01,-1.011769473552703857e-01,-2.609363496303558350e-01,9.381493330001831055e-01,6.793611496686935425e-02,3.608000000000000000e+03,3.623120605468750000e+03
0.000000000000000000e+00,9.482004493474960327e-02,1.976160332560539246e-02,3.325349986553192139e-01,1.264073252677917480e+00,5.901523679494857788e-02,4.564000000000000000e+03,4.725557617187500000e+03
2.145627290010452271e-01,1.764043420553207397e-01,4.585999529808759689e-03,-2.460246086120605469e-01,1.092450141906738281e+00,6.253132224082946777e-02,4.380000000000000000e+03,5.163750976562500000e+03
-2.000000029802322388e-01,-2.131237089633941650e-01,-2.429605871438980103e-01,1.696444451808929443e-01,7.534539699554443359e-01,8.368029445409774780e-02,2.404000000000000000e+03,2.999780273437500000e+03
0.000000000000000000e+00,-6.184162572026252747e-02,-2.222309708595275879e-01,-6.151089668273925781e-01,1.154186606407165527e+00,6.530307233333587646e-02,4.777000000000000000e+03,5.988136230468750000e+03
1.366542428731918335e-01,1.764043420553207397e-01,1.113316416740417480e-01,3.064435422420501709e-01,8.966935276985168457e-01,5.929603427648544312e-02,2.865000000000000000e+03,2.927110839843750000e+03
4.482004791498184204e-02,-5.000000074505805969e-02,-1.321795284748077393e-01,2.016648650169372559e-01,1.257847189903259277e+00,5.877292156219482422e-02,5.245000000000000000e+03,5.554450683593750000e+03
5.000000074505805969e-02,0.000000000000000000e+00,-1.186778321862220764e-01,1.051426120102405548e-02,1.265774726867675781e+00,5.582633987069129944e-02,4.278000000000000000e+03,4.353704101562500000e+03
7.958556711673736572e-02,1.255576610565185547e-01,-7.713466137647628784e-02,1.639820933341979980e-01,5.193402171134948730e-01,9.210097789764404297e-02,1.674000000000000000e+03,1.832185424804687500e+03
5.000000074505805969e-02,-1.000000014901161194e-01,-4.943749308586120605e-02,-2.581106312572956085e-02,7.703505158424377441e-01,6.255923956632614136e-02,2.208000000000000000e+03,2.264904541015625000e+03
-2.000000029802322388e-01,-4.000000059604644775e-01,-1.154291927814483643e-01,-8.047239482402801514e-02,9.081102609634399414e-01,1.096895188093185425e-01,2.173000000000000000e+03,2.452496582031250000e+03
-1.118416264653205872e-01,-3.659073412418365479e-01,-3.910099864006042480e-01,-2.985109090805053711e-01,6.350697875022888184e-01,9.339518845081329346e-02,2.399000000000000000e+03,2.868501708984375000e+03
-1.024989411234855652e-02,1.366542428731918335e-01,3.509698808193206787e-01,1.958932355046272278e-02,1.236778974533081055e+00,5.726458504796028137e-02,4.863000000000000000e+03,5.311189453125000000e+03
-2.500000000000000000e-01,8.975010365247726440e-02,-3.186682760715484619e-01,2.272406369447708130e-01,1.012233495712280273e+00,5.927066504955291748e-02,3.304000000000000000e+03,3.379812744140625000e+03
9.482004493474960327e-02,-5.000000074505805969e-02,7.921646535396575928e-02,-9.516365826129913330e-02,1.244526982307434082e+00,5.379500985145568848e-02,4.099000000000000000e+03,4.105091796875000000e+03
-1.724679581820964813e-02,-1.500000059604644775e-01,-7.871012389659881592e-02,2.476819008588790894e-01,1.248732805252075195e+00,6.049096584320068359e-02,4.859000000000000000e+03,5.351421875000000000e+03
2.145627290010452271e-01,-1.102498918771743774e-01,4.285115376114845276e-02,4.395729303359985352e-02,8.698762059211730957e-01,6.948032230138778687e-02,2.614000000000000000e+03,2.794760498046875000e+03
3.815837576985359192e-02,-8.165807463228702545e-03,-3.483590483665466309e-01,-4.142253398895263672e-01,1.189878582954406738e+00,6.355711817741394043e-02,4.370000000000000000e+03,5.294949218750000000e+03
-8.165807463228702545e-03,-1.000000014901161194e-01,3.775369524955749512e-01,2.146539464592933655e-02,9.883537888526916504e-01,6.383851170539855957e-02,3.473000000000000000e+03,4.034623046875000000e+03
5.000000074505805969e-02,-2.000000029802322388e-01,-6.617856770753860474e-02,-1.575325429439544678e-01,1.186007738113403320e+00,6.003354489803314209e-02,4.487000000000000000e+03,4.535506835937500000e+03
0.000000000000000000e+00,-1.834094338119029999e-02,1.777989417314529419e-01,3.959312140941619873e-01,1.260524988174438477e+00,5.762335285544395447e-02,4.893000000000000000e+03,5.500682128906250000e+03
-1.000000014901161194e-01,-1.000000014901161194e-01,1.091713905334472656e-01,-4.433948397636413574e-01,1.230201721191406250e+00,5.591097474098205566e-02,4.772000000000000000e+03,5.269565429687500000e+03
1.282061040401458740e-01,0.000000000000000000e+00,1.010946277529001236e-02,3.289742767810821533e-02,1.178950548171997070e+00,5.882266908884048462e-02,4.954000000000000000e+03,5.007555175781250000e+03
0.000000000000000000e+00,-5.000000074505805969e-02,-1.626363694667816162e-01,3.496115803718566895e-01,1.283636450767517090e+00,5.338856205344200134e-02,5.169000000000000000e+03,5.739206054687500000e+03
5.000000074505805969e-02,9.482004493474960327e-02,1.336326450109481812e-01,4.741503298282623291e-02,1.061879754066467285e+00,5.746224895119667053e-02,4.140000000000000000e+03,4.174017578125000000e+03
-2.000000029802322388e-01,-5.178191065788269043e-01,2.500490844249725342e-01,-4.640195369720458984e-01,1.016568899154663086e+00,6.946577876806259155e-02,4.002000000000000000e+03,4.765036132812500000e+03
-5.000000074505805969e-02,-5.000000074505805969e-02,-1.052153185009956360e-01,9.278066456317901611e-02,1.255726337432861328e+00,5.684905126690864563e-02,5.418000000000000000e+03,5.498048339843750000e+03
-5.000000074505805969e-02,1.764043420553207397e-01,2.715607732534408569e-02,4.165986180305480957e-02,8.271538615226745605e-01,6.367400288581848145e-02,2.243000000000000000e+03,2.321476074218750000e+03
8.338605612516403198e-02,-1.312371436506509781e-02,-7.699063420295715332e-02,7.216548081487417221e-03,1.254843711853027344e+00,5.976692214608192444e-02,5.332000000000000000e+03,5.419798339843750000e+03
2.872454822063446045e-01,1.366542428731918335e-01,2.918581366539001465e-01,6.898180395364761353e-02,5.394912362098693848e-01,5.799030885100364685e-02,1.691000000000000000e+03,1.717724365234375000e+03
-5.000000074505805969e-02,-6.590732932090759277e-02,-1.195709779858589172e-01,2.738599777221679688e-01,1.215924382209777832e+00,6.106677278876304626e-02,4.588000000000000000e+03,4.953792480468750000e+03
0.000000000000000000e+00,0.000000000000000000e+00,7.237648125737905502e-03,-1.141602918505668640e-01,6.830111742019653320e-01,6.279090046882629395e-02,2.409000000000000000e+03,2.476161865234375000e+03
0.000000000000000000e+00,0.000000000000000000e+00,2.567630708217620850e-01,4.254579842090606689e-01,1.189610958099365234e+00,5.796917527914047241e-02,4.681000000000000000e+03,5.466956054687500000e+03
-3.000000119209289551e-01,2.872454822063446045e-01,-5.940591096878051758e-01,-1.737266331911087036e-01,1.070908427238464355e+00,6.522253155708312988e-02,4.041000000000000000e+03,5.042476074218750000e+03
5.000000074505805969e-02,9.482004493474960327e-02,4.876589477062225342e-01,2.588264048099517822e-01,1.164802193641662598e+00,6.739367544651031494e-02,4.357000000000000000e+03,5.035504394531250000e+03
9.183419495820999146e-02,-1.500000059604644775e-01,-2.439563870429992676e-01,3.350175321102142334e-01,1.191445827484130859e+00,5.698777735233306885e-02,4.537000000000000000e+03,5.595526367187500000e+03
1.764043420553207397e-01,5.000000074505805969e-02,2.542512714862823486e-01,7.883168756961822510e-02,5.224312543869018555e-01,7.966794818639755249e-02,2.082000000000000000e+03,2.134238037109375000e+03
1.764043420553207397e-01,9.482004493474960327e-02,7.910262048244476318e-02,-2.557624876499176025e-01,1.025314450263977051e+00,6.748741120100021362e-02,4.008000000000000000e+03,4.498043945312500000e+03
-5.000000074505805969e-02,4.482004791498184204e-02,-3.621052205562591553e-01,-1.813996434211730957e-01,1.132277131080627441e+00,5.797320231795310974e-02,4.583000000000000000e+03,5.100811035156250000e+03
-1.500000059604644775e-01,9.482004493474960327e-02,2.636281549930572510e-01,2.598911821842193604e-01,1.223348498344421387e+00,5.054262280464172363e-02,4.758000000000000000e+03,5.369985351562500000e+03
-1.000000014901161194e-01,1.366542428731918335e-01,-2.319359034299850464e-01,-1.067339479923248291e-01,5.960903763771057129e-01,7.944501191377639771e-02,2.093000000000000000e+03,2.524574951171875000e+03
3.975010663270950317e-02,-1.000000014901161194e-01,-1.963702589273452759e-01,-2.315308898687362671e-02,1.048446774482727051e+00,5.445599183440208435e-02,3.868000000000000000e+03,4.082260009765625000e+03
-5.000000074505805969e-02,-5.816580727696418762e-02,-4.349490255117416382e-02,-1.815917193889617920e-01,6.216518878936767578e-01,6.441853940486907959e-02,2.132000000000000000e+03,2.215635742187500000e+03
3.221365213394165039e-01,-1.618416309356689453e-01,3.837287798523902893e-02,-2.955619096755981445e-01,9.802979826927185059e-01,7.383321970701217651e-02,3.663000000000000000e+03,4.029694580078125000e+03
2.514390051364898682e-01,-6.184162572026252747e-02,3.696992397308349609e-01,2.268846929073333740e-01,7.921339869499206543e-01,1.017682924866676331e-01,2.178000000000000000e+03,2.504574951171875000e+03
8.975010365247726440e-02,-5.000000074505805969e-02,3.155032694339752197e-01,-9.961578249931335449e-02,1.090691328048706055e+00,7.411264628171920776e-02,4.262000000000000000e+03,4.451541992187500000e+03
2.145627290010452271e-01,8.815837651491165161e-02,4.525159299373626709e-01,1.148509904742240906e-01,1.178450345993041992e+00,5.606916546821594238e-02,4.835000000000000000e+03,5.032183105468750000e+03
-1.500000059604644775e-01,5.000000074505805969e-02,-4.369205534458160400e-01,1.033886745572090149e-01,1.048265218734741211e+00,5.649113282561302185e-02,4.344000000000000000e+03,4.674033203125000000e+03
-2.131237089633941650e-01,-5.000000074505805969e-02,-2.162250280380249023e-01,-1.774261891841888428e-01,6.804165244102478027e-01,7.640880346298217773e-02,2.624000000000000000e+03,2.715269287109375000e+03
1.715452671051025391e-01,-1.419351249933242798e-02,-3.098622560501098633e-01,-1.771463602781295776e-01,1.224062323570251465e+00,6.227271258831024170e-02,4.765000000000000000e+03,5.556101074218750000e+03
-4.000000059604644775e-01,-1.000000014901161194e-01,-4.418781697750091553e-01,-3.057892918586730957e-01,1.039616823196411133e+00,7.098545879125595093e-02,4.022000000000000000e+03,4.184226562500000000e+03
9.482004493474960327e-02,-3.499999940395355225e-01,6.405828893184661865e-02,-1.128451004624366760e-01,9.643158316612243652e-01,5.785022303462028503e-02,4.198000000000000000e+03,4.452875976562500000e+03
-1.312371436506509781e-02,1.764043420553207397e-01,3.762716054916381836e-01,1.722652465105056763e-01,1.171112060546875000e+00,6.686618179082870483e-02,4.195000000000000000e+03,4.646758300781250000e+03
-3.000000119209289551e-01,0.000000000000000000e+00,-5.763897299766540527e-01,7.145462930202484131e-02,9.370288252830505371e-01,5.481248348951339722e-02,3.938000000000000000e+03,4.296409667968750000e+03
2.872454822063446045e-01,-3.000000119209289551e-01,3.100630640983581543e-01,-6.560567021369934082e-01,7.964245676994323730e-01,7.054886966943740845e-02,2.992000000000000000e+03,3.566737548828125000e+03
8.687628805637359619e-02,9.183419495820999146e-02,2.800866365432739258e-01,2.542298734188079834e-01,1.015997052192687988e+00,6.151976063847541809e-02,4.472000000000000000e+03,4.743511230468750000e+03
-1.500000059604644775e-01,-2.500000000000000000e-01,-1.119314506649971008e-01,-3.606369197368621826e-01,1.043639540672302246e+00,6.686353683471679688e-02,3.747000000000000000e+03,3.793755615234375000e+03
5.000000074505805969e-02,-5.000000074505805969e-02,-2.040106654167175293e-01,-1.796413511037826538e-01,1.271351575851440430e+00,6.214037165045738220e-02,4.841000000000000000e+03,5.081199707031250000e+03
7.994404435157775879e-02,-5.000000074505805969e-02,2.598540782928466797e-01,-2.763655483722686768e-01,1.032922267913818359e+00,6.553924828767776489e-02,4.249000000000000000e+03,4.576112304687500000e+03
5.000000074505805969e-02,9.482004493474960327e-02,2.597192823886871338e-01,-3.816104829311370850e-01,1.045219182968139648e+00,7.776013016700744629e-02,3.572000000000000000e+03,4.414842773437500000e+03
-1.000000014901161194e-01,-1.000000014901161194e-01,-1.790552400052547455e-02,-2.159542143344879150e-01,1.082158803939819336e+00,6.830061972141265869e-02,4.196000000000000000e+03,4.267934570312500000e+03
-1.000000014901161194e-01,-1.500000059604644775e-01,2.096826955676078796e-02,-2.643446028232574463e-01,8.241904973983764648e-01,6.969356536865234375e-02,2.936000000000000000e+03,3.054423095703125000e+03
-1.000000014901161194e-01,1.764043420553207397e-01,-8.995499461889266968e-02,3.566746413707733154e-01,1.092837572097778320e+00,5.461921170353889465e-02,4.749000000000000000e+03,4.878013671875000000e+03
0.000000000000000000e+00,-8.165807463228702545e-03,-4.607243239879608154e-01,-4.144480228424072266e-01,1.189989686012268066e+00,6.122001633048057556e-02,4.130000000000000000e+03,5.173128417968750000e+03
-1.500000059604644775e-01,-5.000000074505805969e-02,1.108583658933639526e-01,-9.308530390262603760e-02,1.137727022171020508e+00,5.219444260001182556e-02,4.631000000000000000e+03,4.877583007812500000e+03
1.764043420553207397e-01,5.000000074505805969e-02,1.374933421611785889e-01,-3.646776676177978516e-01,1.163365960121154785e+00,6.903844326734542847e-02,4.397000000000000000e+03,4.945217773437500000e+03
-5.816580727696418762e-02,-2.000000029802322388e-01,1.214892789721488953e-01,-2.576652169227600098e-01,7.100438475608825684e-01,6.302988529205322266e-02,2.365000000000000000e+03,2.529286865234375000e+03
0.000000000000000000e+00,0.000000000000000000e+00,2.607929334044456482e-02,3.471644967794418335e-02,1.275693535804748535e+00,5.221789702773094177e-02,4.504000000000000000e+03,4.509217285156250000e+03
9.482004493474960327e-02,1.366542428731918335e-01,4.811116456985473633e-01,-5.832917988300323486e-02,1.093895792961120605e+00,5.723317712545394897e-02,4.524000000000000000e+03,5.207504394531250000e+03
0.000000000000000000e+00,3.218087181448936462e-02,1.282409429550170898e-01,-5.158666148781776428e-02,1.172136545181274414e+00,6.649163365364074707e-02,4.437000000000000000e+03,4.512459960937500000e+03
2.145627290010452271e-01,-1.500000059604644775e-01,1.022128388285636902e-01,-2.032136917114257812e-01,1.224872350692749023e+00,5.770875141024589539e-02,4.760000000000000000e+03,4.808945800781250000e+03
-2.500000000000000000e-01,-5.000000074505805969e-02,-2.058725059032440186e-01,1.076033245772123337e-02,6.709247231483459473e-01,6.899605691432952881e-02,2.725000000000000000e+03,2.759002929687500000e+03
-5.000000074505805969e-02,0.000000000000000000e+00,4.988388344645500183e-02,-4.422451257705688477e-01,1.257711410522460938e+00,5.673640966415405273e-02,4.978000000000000000e+03,5.605957519531250000e+03
5.000000074505805969e-02,9.482004493474960327e-02,1.256855279207229614e-01,1.120985150337219238e-01,1.121300220489501953e+00,5.633907392621040344e-02,3.911000000000000000e+03,3.929777099609375000e+03
2.145627290010452271e-01,5.000000074505805969e-02,7.220876216888427734e-02,-1.807387173175811768e-01,1.172567009925842285e+00,7.283993810415267944e-02,4.220000000000000000e+03,4.442469238281250000e+03
2.872454822063446045e-01,-5.816580727696418762e-02,2.374392449855804443e-01,-1.019940078258514404e-01,7.848026156425476074e-01,7.390519231557846069e-02,2.808000000000000000e+03,2.828061767578125000e+03
1.764043420553207397e-01,2.514390051364898682e-01,1.078631132841110229e-01,3.858343958854675293e-01,9.471895098686218262e-01,5.619134008884429932e-02,3.095000000000000000e+03,3.173178955078125000e+03
2.145627290010452271e-01,-2.000000029802322388e-01,4.053203165531158447e-01,-4.808334708213806152e-01,9.222914576530456543e-01,6.381133198738098145e-02,3.834000000000000000e+03,4.338731933593750000e+03
-5.000000074505805969e-02,2.893136814236640930e-02,-3.656864166259765625e-01,3.991655707359313965e-01,1.265110492706298828e+00,5.924870818853378296e-02,5.126000000000000000e+03,5.860302734375000000e+03
-4.000000059604644775e-01,7.971107959747314453e-02,-5.159191489219665527e-01,4.846327379345893860e-02,9.660668969154357910e-01,7.296137511730194092e-02,3.583000000000000000e+03,3.638226562500000000e+03
-5.000000074505805969e-02,-5.000000074505805969e-02,-2.941133379936218262e-01,4.558747634291648865e-02,1.230562210083007812e+00,6.381347030401229858e-02,4.863000000000000000e+03,5.081580078125000000e+03
-3.000000119209289551e-01,-2.041443064808845520e-02,2.488340437412261963e-02,1.493420004844665527e-01,8.792910575866699219e-01,7.910123467445373535e-02,2.292000000000000000e+03,2.675393310546875000e+03
-2.131237089633941650e-01,2.145627290010452271e-01,-2.563762962818145752e-01,1.052134707570075989e-01,6.942898035049438477e-01,7.003457844257354736e-02,1.879000000000000000e+03,1.932403564453125000e+03
1.366542428731918335e-01,-1.000000014901161194e-01,2.719886898994445801e-01,1.116881370544433594e-01,7.501871585845947266e-01,7.657188177108764648e-02,2.569000000000000000e+03,2.850133056640625000e+03
3.815837576985359192e-02,9.482004493474960327e-02,-2.686034440994262695e-01,5.059538483619689941e-01,1.140069961547851562e+00,5.777605250477790833e-02,4.423000000000000000e+03,5.282180664062500000e+03
0.000000000000000000e+00,0.000000000000000000e+00,2.916458249092102051e-01,-1.055391207337379456e-01,1.278875946998596191e+00,5.284703150391578674e-02,5.586000000000000000e+03,5.909283203125000000e+03
0.000000000000000000e+00,-1.881999336183071136e-02,3.832764327526092529e-01,-1.437770426273345947e-01,1.262028813362121582e+00,6.397853791713714600e-02,4.598000000000000000e+03,5.056415039062500000e+03
2.145627290010452271e-01,-8.165807463228702545e-03,5.157883763313293457e-01,3.960620462894439697e-01,1.079161286354064941e+00,6.668204069137573242e-02,3.911000000000000000e+03,4.726525878906250000e+03
5.000000074505805969e-02,1.366542428731918335e-01,9.749757125973701477e-03,4.505695104598999023e-01,1.186920523643493652e+00,5.890703946352005005e-02,4.567000000000000000e+03,4.885694335937500000e+03
1.329784244298934937e-01,-1.500000059604644775e-01,2.381529659032821655e-01,-4.674534201622009277e-01,1.189494848251342773e+00,6.858208030462265015e-02,4.249000000000000000e+03,4.578998535156250000e+03
-5.000000074505805969e-02,9.482004493474960327e-02,-1.177046541124582291e-02,1.373966876417398453e-02,1.208255887031555176e+00,5.748600885272026062e-02,4.146000000000000000e+03,4.168923828125000000e+03
-1.500000059604644775e-01,-3.151089549064636230e-01,-1.745138913393020630e-01,-4.053705036640167236e-01,7.066168189048767090e-01,8.337671309709548950e-02,1.672000000000000000e+03,1.701124023437500000e+03
-1.000000014901161194e-01,0.000000000000000000e+00,-9.822679311037063599e-02,-1.433233916759490967e-01,1.147327780723571777e+00,6.407428532838821411e-02,4.034000000000000000e+03,4.096700683593750000e+03
-3.000000119209289551e-01,-1.102498918771743774e-01,-3.778046667575836182e-01,-3.063434660434722900e-01,1.106193780899047852e+00,5.853762105107307434e-02,3.741000000000000000e+03,3.875752685546875000e+03
5.000000074505805969e-02,0.000000000000000000e+00,-1.300394386053085327e-01,-1.141897588968276978e-01,8.544993996620178223e-01,7.175847887992858887e-02,2.981000000000000000e+03,3.163712158203125000e+03
-5.500000119209289551e-01,-1.618416309356689453e-01,-5.270012617111206055e-01,6.011149659752845764e-02,1.024340391159057617e+00,6.682098656892776489e-02,4.238000000000000000e+03,4.436673339843750000e+03
-1.184162404388189316e-02,2.145627290010452271e-01,8.895894885063171387e-02,4.222111403942108154e-01,8.718318939208984375e-01,6.022939085960388184e-02,2.367000000000000000e+03,2.529936767578125000e+03
-1.102498918771743774e-01,-1.131237149238586426e-01,1.445407271385192871e-01,6.876897066831588745e-03,1.162184953689575195e+00,7.861088961362838745e-02,4.380000000000000000e+03,4.633487304687500000e+03
1.366542428731918335e-01,5.000000074505805969e-02,1.559544205665588379e-01,-1.515531539916992188e-01,9.804732799530029297e-01,6.019323691725730896e-02,3.892000000000000000e+03,4.056022216796875000e+03
-5.000000074505805969e-02,-5.000000074505805969e-02,3.560946881771087646e-02,-7.140283286571502686e-02,1.168573260307312012e+00,6.570323556661605835e-02,4.500000000000000000e+03,4.525564941406250000e+03
-2.500000000000000000e-01,1.366542428731918335e-01,-3.078438937664031982e-01,3.375096619129180908e-01,8.439986705780029297e-01,6.561686098575592041e-02,3.124000000000000000e+03,3.312769775390625000e+03
5.000000074505805969e-02,0.000000000000000000e+00,-2.638543844223022461e-01,-4.660377744585275650e-03,1.220285177230834961e+00,5.901133269071578979e-02,4.511000000000000000e+03,4.804857910156250000e+03
-1.500000059604644775e-01,0.000000000000000000e+00,-4.420926272869110107e-01,2.158346027135848999e-01,1.088032364845275879e+00,6.292828917503356934e-02,4.195000000000000000e+03,4.650403320312500000e+03
-1.000000014901161194e-01,0.000000000000000000e+00,-9.066615998744964600e-02,-1.630618125200271606e-01,8.340700864791870117e-01,6.017354503273963928e-02,3.207000000000000000e+03,3.328628173828125000e+03
-5.816580727696418762e-02,-1.000000014901161194e-01,-1.985246688127517700e-02,1.788536012172698975e-01,1.243166923522949219e+00,5.448031798005104065e-02,4.406000000000000000e+03,4.629110839843750000e+03
-5.000000074505805969e-02,-1.500000059604644775e-01,2.305035144090652466e-01,7.088822871446609497e-02,8.924204111099243164e-01,6.036966666579246521e-02,3.392000000000000000e+03,3.916250244140625000e+03
-1.000000014901161194e-01,-3.000000119209289551e-01,-1.292387843132019043e-01,6.769485771656036377e-03,9.959645867347717285e-01,8.838562667369842529e-02,2.599000000000000000e+03,2.842560791015625000e+03
-1.500000059604644775e-01,-5.179951898753643036e-03,-2.065200209617614746e-01,-1.666830927133560181e-01,1.136676907539367676e+00,6.043711304664611816e-02,4.539000000000000000e+03,4.640973632812500000e+03
3.562291860580444336e-01,0.000000000000000000e+00,4.292941093444824219e-01,2.399295270442962646e-01,8.135265707969665527e-01,6.555444002151489258e-02,3.260000000000000000e+03,3.562970947265625000e+03
0.000000000000000000e+00,-1.618416309356689453e-01,2.057879231870174408e-02,1.248539835214614868e-01,8.375641107559204102e-01,7.958219945430755615e-02,2.559000000000000000e+03,2.852760498046875000e+03
-5.000000074505805969e-02,0.000000000000000000e+00,1.515691634267568588e-02,-3.476085364818572998e-01,1.253901839256286621e+00,6.198275461792945862e-02,5.393000000000000000e+03,5.813687500000000000e+03
-1.000000014901161194e-01,1.366542428731918335e-01,8.983203768730163574e-02,4.521887004375457764e-02,1.265022993087768555e+00,5.485196411609649658e-02,4.664000000000000000e+03,4.792361328125000000e+03
0.000000000000000000e+00,0.000000000000000000e+00,-3.065974451601505280e-02,4.741029813885688782e-02,1.280619382858276367e+00,5.562124773859977722e-02,5.279000000000000000e+03,5.289254882812500000e+03
-1.500000059604644775e-01,9.482004493474960327e-02,1.079096496105194092e-01,-3.226644098758697510e-01,1.099554181098937988e+00,9.263766556978225708e-02,3.453000000000000000e+03,4.111361816406250000e+03
-2.000000029802322388e-01,-2.500000000000000000e-01,-3.759002089500427246e-01,-9.933219850063323975e-02,8.464848995208740234e-01,5.909765511751174927e-02,3.743000000000000000e+03,4.018675048828125000e+03
3.489103168249130249e-02,-2.641935050487518311e-01,8.789471536874771118e-02,-2.354411333799362183e-01,8.946619629859924316e-01,7.029305398464202881e-02,2.770000000000000000e+03,2.782533203125000000e+03
-5.000000074505805969e-02,0.000000000000000000e+00,-2.094499319791793823e-01,2.119128555059432983e-01,1.151469349861145020e+00,6.896221637725830078e-02,4.645000000000000000e+03,4.888653320312500000e+03
0.000000000000000000e+00,0.000000000000000000e+00,2.905948832631111145e-02,1.800038106739521027e-02,1.286861062049865723e+00,5.600482225418090820e-02,4.363000000000000000e+03,4.366067871093750000e+03
0.000000000000000000e+00,-5.000000074505805969e-02,3.284401595592498779e-01,-2.291639149188995361e-02,1.107560634613037109e+00,5.345999449491500854e-02,4.366000000000000000e+03,4.745342285156250000e+03
9.482004493474960327e-02,-3.499999940395355225e-01,-1.301532704383134842e-02,-4.186726212501525879e-01,8.454005122184753418e-01,7.036700844764709473e-02,2.652000000000000000e+03,2.712426513671875000e+03
4.183419048786163330e-02,-2.500000000000000000e-01,4.951624944806098938e-02,-2.353024184703826904e-01,8.609590530395507812e-01,6.847699731588363647e-02,3.031000000000000000e+03,3.032153320312500000e+03
9.482004493474960327e-02,5.000000074505805969e-02,-5.148101225495338440e-02,-3.060032799839973450e-02,5.168582201004028320e-01,7.080595940351486206e-02,1.519000000000000000e+03,1.674198730468750000e+03
-1.000000014901161194e-01,-1.141935139894485474e-01,-1.177000477910041809e-01,-2.080004215240478516e-01,8.912810683250427246e-01,5.866260454058647156e-02,3.029000000000000000e+03,3.063719726562500000e+03
1.256026625633239746e-01,-4.000000059604644775e-01,2.726272344589233398e-01,-5.666379928588867188e-01,6.933537125587463379e-01,2.925695776939392090e-01,2.165000000000000000e+03,2.382621337890625000e+03
2.514390051364898682e-01,-2.000000029802322388e-01,2.875601053237915039e-01,-1.833463609218597412e-01,4.463646411895751953e-01,6.681839376688003540e-02,1.461000000000000000e+03,1.472602416992187500e+03
4.183419048786163330e-02,-8.165807463228702545e-03,3.655466735363006592e-01,3.122153878211975098e-01,1.057139992713928223e+00,6.474692374467849731e-02,3.959000000000000000e+03,4.664774414062500000e+03
1.316963285207748413e-01,0.000000000000000000e+00,9.040169417858123779e-02,5.996542796492576599e-02,1.119667053222656250e+00,6.450235098600387573e-02,4.569000000000000000e+03,4.588448242187500000e+03
2.514390051364898682e-01,-1.000000014901161194e-01,2.407060414552688599e-01,-2.219916433095932007e-01,6.526446342468261719e-01,8.426793664693832397e-02,2.279000000000000000e+03,2.358735595703125000e+03
-1.118416264653205872e-01,-5.500000119209289551e-01,-1.932964026927947998e-01,-6.192474365234375000e-01,8.255449533462524414e-01,6.216399744153022766e-02,2.637000000000000000e+03,2.681131347656250000e+03
3.218087181448936462e-02,0.000000000000000000e+00,1.228729635477066040e-01,2.315538376569747925e-01,1.251681447029113770e+00,6.073006615042686462e-02,5.260000000000000000e+03,5.465191894531250000e+03
0.000000000000000000e+00,-2.641935050487518311e-01,-9.587092325091362000e-03,-2.072564363479614258e-01,5.457128882408142090e-01,6.681098043918609619e-02,1.773000000000000000e+03,1.792740478515625000e+03
-1.926239021122455597e-02,5.000000074505805969e-02,2.633846998214721680e-01,-7.142428308725357056e-02,1.165672779083251953e+00,5.833708122372627258e-02,4.777000000000000000e+03,5.104337402343750000e+03
-1.118416264653205872e-01,2.145627290010452271e-01,-1.714811176061630249e-01,1.512350291013717651e-01,9.517503380775451660e-01,6.484184414148330688e-02,3.783000000000000000e+03,3.814435546875000000e+03
-1.641935110092163086e-01,-2.000000029802322388e-01,1.807575859129428864e-02,-5.074154138565063477e-01,7.478765249252319336e-01,6.797269731760025024e-02,2.754000000000000000e+03,3.354601074218750000e+03
-3.499999940395355225e-01,2.145627290010452271e-01,-1.529069542884826660e-01,-1.481569779571145773e-04,8.390651345252990723e-01,7.563469558954238892e-02,2.726000000000000000e+03,3.046448486328125000e+03
-5.000000074505805969e-02,-1.500000059604644775e-01,-1.033556759357452393e-01,-1.548955738544464111e-01,9.993826746940612793e-01,6.755992770195007324e-02,4.052000000000000000e+03,4.063656250000000000e+03
2.145627290010452271e-01,1.764043420553207397e-01,4.369119107723236084e-01,1.204266771674156189e-01,8.719139099121093750e-01,6.599476933479309082e-02,3.412000000000000000e+03,3.643676025390625000e+03
0.000000000000000000e+00,0.000000000000000000e+00,3.774932622909545898e-01,2.605945570394396782e-03,1.267653822898864746e+00,5.235822871327400208e-02,4.718000000000000000e+03,5.127925781250000000e+03
1.366542428731918335e-01,5.000000074505805969e-02,-4.363345727324485779e-02,2.094763368368148804e-01,1.216498017311096191e+00,6.345530599355697632e-02,4.621000000000000000e+03,4.800255859375000000e+03
-5.000000074505805969e-02,3.975010663270950317e-02,-2.455435842275619507e-01,2.113112807273864746e-01,1.253641009330749512e+00,6.162971630692481995e-02,5.613000000000000000e+03,5.852131347656250000e+03
-1.702157594263553619e-02,-3.000000119209289551e-01,1.050619757734239101e-03,-5.127958059310913086e-01,8.319044113159179688e-01,5.702890455722808838e-02,3.381000000000000000e+03,3.600226806640625000e+03
-5.000000074505805969e-02,1.764043420553207397e-01,-3.286385834217071533e-01,1.326681971549987793e-01,8.116291761398315430e-01,7.381313294172286987e-02,3.204000000000000000e+03,3.580638671875000000e+03
1.329784244298934937e-01,-2.106863260269165039e-02,-2.816518396139144897e-02,-1.146384701132774353e-01,9.515119791030883789e-01,5.728337913751602173e-02,2.872000000000000000e+03,2.980923095703125000e+03
5.000000074505805969e-02,-1.000000014901161194e-01,2.172463387250900269e-01,-3.521301746368408203e-01,1.064601182937622070e+00,5.331956222653388977e-02,4.481000000000000000e+03,4.836708984375000000e+03
1.366542428731918335e-01,1.764043420553207397e-01,-1.451808810234069824e-01,3.738674819469451904e-01,1.025097846984863281e+00,8.862452954053878784e-02,3.129000000000000000e+03,3.472789794921875000e+03
-1.000000014901161194e-01,5.000000074505805969e-02,-4.545181244611740112e-02,5.460059642791748047e-01,1.245899796485900879e+00,6.152744963765144348e-02,4.961000000000000000e+03,5.730650390625000000e+03
0.000000000000000000e+00,9.482004493474960327e-02,-2.847284972667694092e-01,-3.097989857196807861e-01,1.268538594245910645e+00,6.259587407112121582e-02,4.909000000000000000e+03,5.631221679687500000e+03
-1.000000014901161194e-01,-2.000000029802322388e-01,-6.170365493744611740e-03,-3.206935226917266846e-01,9.891275167465209961e-01,6.033304333686828613e-02,3.267000000000000000e+03,3.344616943359375000e+03
6.379825472831726074e-01,-3.380139768123626709e-01,6.919845342636108398e-01,-3.807434737682342529e-01,5.791963934898376465e-01,2.161597907543182373e-01,1.997000000000000000e+03,2.025011718750000000e+03
2.145627290010452271e-01,1.366542428731918335e-01,2.289357930421829224e-01,-4.488363862037658691e-02,5.353178977966308594e-01,6.772594153881072998e-02,1.728000000000000000e+03,1.922462646484375000e+03
-4.000000059604644775e-01,9.482004493474960327e-02,-3.497320413589477539e-01,1.784370988607406616e-01,9.272145032882690430e-01,8.178389072418212891e-02,2.873000000000000000e+03,2.904676513671875000e+03
-3.000000119209289551e-01,8.975010365247726440e-02,-5.476027727127075195e-01,1.164725497364997864e-01,6.479096412658691406e-01,8.790005743503570557e-02,2.203000000000000000e+03,2.518581298828125000e+03
-2.500000000000000000e-01,-3.000000119209289551e-01,-2.522253692150115967e-01,-3.105822503566741943e-01,4.042594134807586670e-01,6.849648058414459229e-02,1.637000000000000000e+03,1.638151000976562500e+03
0.000000000000000000e+00,0.000000000000000000e+00,1.469152141362428665e-02,-2.272938340902328491e-01,1.274901509284973145e+00,4.982465878129005432e-02,5.607000000000000000e+03,5.784208984375000000e+03
5.000000074505805969e-02,2.441482841968536377e-01,1.706874966621398926e-01,3.813398182392120361e-01,8.032646775245666504e-01,9.313399344682693481e-02,2.991000000000000000e+03,3.143998779296875000e+03
8.665423840284347534e-02,-3.188199996948242188e-01,2.332254797220230103e-01,-4.481214284896850586e-01,7.270926833152770996e-01,1.356388926506042480e-01,1.957000000000000000e+03,2.096056152343750000e+03
-5.000000074505805969e-02,2.872454822063446045e-01,-9.876801818609237671e-02,9.634894877672195435e-02,1.144949197769165039e+00,6.069839745759963989e-02,4.685000000000000000e+03,4.822445312500000000e+03
-1.000000014901161194e-01,-3.000000119209289551e-01,-1.870299726724624634e-01,-2.520450055599212646e-01,8.131090998649597168e-01,5.741496384143829346e-02,2.865000000000000000e+03,2.907691650390625000e+03
-1.724679581820964813e-02,3.975010663270950317e-02,1.098881512880325317e-01,-3.976284265518188477e-01,1.275339841842651367e+00,5.656500533223152161e-02,4.535000000000000000e+03,5.098220214843750000e+03
3.221365213394165039e-01,-1.102498918771743774e-01,1.901742666959762573e-01,-2.229275554418563843e-01,7.353558540344238281e-01,9.252359718084335327e-02,2.085000000000000000e+03,2.199364746093750000e+03
0.000000000000000000e+00,5.000000074505805969e-02,-6.723540276288986206e-02,2.108197212219238281e-01,1.267022967338562012e+00,5.717343091964721680e-02,4.657000000000000000e+03,4.744691406250000000e+03
-1.000000014901161194e-01,-2.500000000000000000e-01,-4.696995317935943604e-01,-5.416753292083740234e-01,9.894187450408935547e-01,7.309146970510482788e-02,3.848000000000000000e+03,4.680930664062500000e+03
1.764043420553207397e-01,-3.000000119209289551e-01,-2.492898553609848022e-01,-3.697559237480163574e-01,1.067806005477905273e+00,8.306959271430969238e-02,3.166000000000000000e+03,3.664649169921875000e+03
5.000000074505805969e-02,0.000000000000000000e+00,1.253180652856826782e-01,2.834197282791137695e-01,1.237909078598022461e+00,6.063420698046684265e-02,4.807000000000000000e+03,5.073273925781250000e+03
0.000000000000000000e+00,1.764043420553207397e-01,-2.817600667476654053e-01,5.550954341888427734e-01,1.094249725341796875e+00,6.397332251071929932e-02,4.056000000000000000e+03,4.781774902343750000e+03
-4.166139364242553711e-01,1.366542428731918335e-01,-4.729821681976318359e-01,-1.319654285907745361e-02,9.882268905639648438e-01,8.852182328701019287e-02,3.770000000000000000e+03,3.868459960937500000e+03
1.764043420553207397e-01,1.764043420553207397e-01,-2.872872948646545410e-01,7.832931727170944214e-02,9.071103930473327637e-01,6.477411836385726929e-02,3.552000000000000000e+03,4.469859375000000000e+03
8.687628805637359619e-02,-4.000000059604644775e-01,4.674322530627250671e-02,-3.795505166053771973e-01,6.116332411766052246e-01,2.338996529579162598e-01,1.289000000000000000e+03,1.295933837890625000e+03
-5.000000074505805969e-02,0.000000000000000000e+00,-1.501292586326599121e-01,-4.377126097679138184e-01,1.262843728065490723e+00,5.232962220907211304e-02,5.322000000000000000e+03,5.975254394531250000e+03
3.562291860580444336e-01,1.366542428731918335e-01,2.778196334838867188e-01,1.655121892690658569e-01,4.622823894023895264e-01,7.665169984102249146e-02,1.520000000000000000e+03,1.569221679687500000e+03
0.000000000000000000e+00,-5.000000074505805969e-02,-1.221624389290809631e-01,4.641660675406455994e-02,1.113646149635314941e+00,7.083674520254135132e-02,3.871000000000000000e+03,3.946141845703125000e+03
-2.000000029802322388e-01,5.000000074505805969e-02,-2.798911333084106445e-01,2.152714319527149200e-02,4.399223923683166504e-01,1.513701975345611572e-01,9.720000000000000000e+02,1.007828002929687500e+03
9.482004493474960327e-02,1.764043420553207397e-01,-2.789838910102844238e-01,7.157897949218750000e-02,1.066148161888122559e+00,6.062860041856765747e-02,4.375000000000000000e+03,4.937723144531250000e+03
-1.000000014901161194e-01,2.872454822063446045e-01,-9.687557816505432129e-02,4.375618696212768555e-01,5.171665549278259277e-01,1.260023117065429688e-01,1.515000000000000000e+03,1.640585571289062500e+03
9.482004493474960327e-02,-1.000000014901161194e-01,-4.333990439772605896e-02,-3.808797299861907959e-01,1.220432639122009277e+00,6.589446961879730225e-02,4.705000000000000000e+03,5.010076171875000000e+03
5.000000074505805969e-02,9.482004493474960327e-02,1.148303374648094177e-01,1.183338370174169540e-02,1.170676589012145996e+00,5.520064756274223328e-02,3.977000000000000000e+03,4.008946044921875000e+03
9.482004493474960327e-02,5.000000074505805969e-02,3.155841231346130371e-01,-5.830429494380950928e-02,1.170886516571044922e+00,5.487504228949546814e-02,4.347000000000000000e+03,4.536232421875000000e+03
5.000000074505805969e-02,-1.000000014901161194e-01,5.481611937284469604e-02,1.094516292214393616e-01,1.272559285163879395e+00,6.654834002256393433e-02,5.102000000000000000e+03,5.239702636718750000e+03
8.580648899078369141e-02,-5.000000074505805969e-02,7.119646668434143066e-02,1.448235213756561279e-01,1.219058275222778320e+00,6.391365081071853638e-02,4.200000000000000000e+03,4.307522460937500000e+03
1.289127171039581299e-01,-6.881999224424362183e-02,-3.471851944923400879e-01,-3.915938362479209900e-02,1.043264150619506836e+00,7.761457562446594238e-02,3.071000000000000000e+03,3.685617919921875000e+03
0.000000000000000000e+00,0.000000000000000000e+00,-2.857475578784942627e-01,5.946207046508789062e-02,1.214999794960021973e+00,7.645991444587707520e-02,4.553000000000000000e+03,4.812699218750000000e+03
2.872454822063446045e-01,-1.500000059604644775e-01,5.032965540885925293e-01,-7.460156828165054321e-02,9.891406893730163574e-01,6.779811531305313110e-02,4.485000000000000000e+03,4.721439453125000000e+03
-1.500000059604644775e-01,-6.510896980762481689e-02,-3.564311861991882324e-01,-3.793202340602874756e-01,1.148929238319396973e+00,6.453932821750640869e-02,4.587000000000000000e+03,5.067216796875000000e+03
8.580648899078369141e-02,0.000000000000000000e+00,-1.542780846357345581e-01,-1.045754700899124146e-01,1.164640545845031738e+00,6.848707050085067749e-02,4.078000000000000000e+03,4.281376464843750000e+03
1.366542428731918335e-01,-2.500000000000000000e-01,5.461539626121520996e-01,-8.809672296047210693e-02,1.089547276496887207e+00,5.998376011848449707e-02,4.837000000000000000e+03,5.598833496093750000e+03
-1.000000014901161194e-01,-1.000000014901161194e-01,-3.163252770900726318e-01,1.569694131612777710e-01,1.247168898582458496e+00,6.429635733366012573e-02,4.884000000000000000e+03,5.232604003906250000e+03
-1.000000014901161194e-01,1.764043420553207397e-01,-9.847284853458404541e-02,4.428491294384002686e-01,9.435361623764038086e-01,5.662754550576210022e-02,3.945000000000000000e+03,4.254084960937500000e+03
5.000000074505805969e-02,5.000000074505805969e-02,1.307842088863253593e-03,-5.134790539741516113e-01,1.276264071464538574e+00,6.184817478060722351e-02,4.743000000000000000e+03,5.637252929687500000e+03
-6.510896980762481689e-02,1.764043420553207397e-01,-2.048266828060150146e-01,-6.194435991346836090e-03,8.063732385635375977e-01,8.485100418329238892e-02,3.078000000000000000e+03,3.323403076171875000e+03
4.482004791498184204e-02,5.000000074505805969e-02,-1.739819720387458801e-02,-4.796308279037475586e-01,1.271759033203125000e+00,5.544494837522506714e-02,5.219000000000000000e+03,6.101887207031250000e+03
-1.500000059604644775e-01,2.872454822063446045e-01,-1.603045165538787842e-01,7.133918404579162598e-01,1.113318681716918945e+00,6.666811555624008179e-02,4.074000000000000000e+03,4.653163574218750000e+03
4.223684668540954590e-01,-6.967304646968841553e-02,3.911927044391632080e-01,-4.439882934093475342e-01,1.067012071609497070e+00,7.866550236940383911e-02,4.206000000000000000e+03,4.712247070312500000e+03
-2.000000029802322388e-01,1.366542428731918335e-01,-3.358888030052185059e-01,3.249742686748504639e-01,9.073954820632934570e-01,7.735864073038101196e-02,2.443000000000000000e+03,2.600671386718750000e+03
-1.000000014901161194e-01,-1.000000014901161194e-01,-1.677528619766235352e-01,1.846705377101898193e-01,1.164358854293823242e+00,5.988172441720962524e-02,4.608000000000000000e+03,4.894465820312500000e+03
-1.500000059604644775e-01,5.000000074505805969e-02,3.921105712652206421e-02,3.885352909564971924e-01,1.063260197639465332e+00,5.484267324209213257e-02,4.598000000000000000e+03,5.191704589843750000e+03
0.000000000000000000e+00,0.000000000000000000e+00,3.708129525184631348e-01,3.987368047237396240e-01,1.216475009918212891e+00,6.239028647541999817e-02,4.705000000000000000e+03,5.608790039062500000e+03
-3.000000119209289551e-01,1.366542428731918335e-01,-4.442117810249328613e-01,1.163348332047462463e-01,5.926755666732788086e-01,7.771218568086624146e-02,2.197000000000000000e+03,2.327868652343750000e+03
-2.000000029802322388e-01,0.000000000000000000e+00,-1.779073774814605713e-01,1.331618875265121460e-01,5.197103619575500488e-01,6.423144787549972534e-02,1.210000000000000000e+03,1.290294189453125000e+03
5.000000074505805969e-02,5.000000074505805969e-02,-4.481358230113983154e-01,-1.868596374988555908e-01,1.231434226036071777e+00,6.107803061604499817e-02,5.200000000000000000e+03,6.198875488281250000e+03
-2.000000029802322388e-01,-2.000000029802322388e-01,-1.641955822706222534e-01,-2.379373610019683838e-01,5.192081332206726074e-01,8.511718362569808960e-02,1.467000000000000000e+03,1.481780761718750000e+03
-2.000000029802322388e-01,-1.000000014901161194e-01,-3.031235039234161377e-01,-5.136553943157196045e-02,8.980326652526855469e-01,7.118958234786987305e-02,3.129000000000000000e+03,3.179273925781250000e+03
0.000000000000000000e+00,0.000000000000000000e+00,2.871465086936950684e-01,5.822182893753051758e-01,1.280432462692260742e+00,5.924722924828529358e-02,4.771000000000000000e+03,5.935630371093750000e+03
0.000000000000000000e+00,0.000000000000000000e+00,-1.072426885366439819e-01,-9.559975564479827881e-02,1.274924755096435547e+00,5.616418272256851196e-02,5.150000000000000000e+03,5.215457519531250000e+03
-1.500000059604644775e-01,9.183419495820999146e-02,-1.374353468418121338e-01,5.251605529338121414e-03,9.207007884979248047e-01,8.119904994964599609e-02,2.695000000000000000e+03,2.719188476562500000e+03
-1.000000014901161194e-01,5.000000074505805969e-02,-1.276156157255172729e-01,-1.579195559024810791e-01,1.118597626686096191e+00,5.606513097882270813e-02,3.536000000000000000e+03,3.658990966796875000e+03
-3.151089549064636230e-01,1.764043420553207397e-01,-4.994402825832366943e-01,3.046528398990631104e-01,9.708632826805114746e-01,1.052969470620155334e-01,2.869000000000000000e+03,3.020247558593750000e+03
-1.000000014901161194e-01,-2.500000000000000000e-01,3.007184267044067383e-01,-1.278233677148818970e-01,9.406166672706604004e-01,5.231719091534614563e-02,3.140000000000000000e+03,3.736454833984375000e+03
0.000000000000000000e+00,0.000000000000000000e+00,-5.672395695000886917e-03,-2.818449735641479492e-01,1.282375693321228027e+00,5.722398683428764343e-02,5.253000000000000000e+03,5.504428222656250000e+03
-1.500000059604644775e-01,-1.500000059604644775e-01,-5.053065419197082520e-01,-2.649215795099735260e-02,1.054051995277404785e+00,7.501122355461120605e-02,5.128000000000000000e+03,5.762384277343750000e+03
0.000000000000000000e+00,2.145627290010452271e-01,1.796586811542510986e-02,4.021525084972381592e-01,6.664544343948364258e-01,5.627467855811119080e-02,2.311000000000000000e+03,2.492063476562500000e+03
9.482004493474960327e-02,5.000000074505805969e-02,7.605558633804321289e-02,1.587930768728256226e-01,9.862281084060668945e-01,5.685837939381599426e-02,3.705000000000000000e+03,3.751231689453125000e+03
4.482004791498184204e-02,-1.000000014901161194e-01,-1.164166405797004700e-01,-1.812985241413116455e-01,8.291724920272827148e-01,6.789661198854446411e-02,3.290000000000000000e+03,3.444232177734375000e+03
-3.000000119209289551e-01,0.000000000000000000e+00,-3.131888508796691895e-01,1.095866132527589798e-02,1.220781803131103516e+00,6.473247706890106201e-02,3.579000000000000000e+03,3.579701660156250000e+03
1.366542428731918335e-01,-1.500000059604644775e-01,1.679625064134597778e-01,-1.453754454851150513e-01,6.142000555992126465e-01,6.683601438999176025e-02,2.102000000000000000e+03,2.107601074218750000e+03
-5.000000074505805969e-02,5.000000074505805969e-02,6.736922264099121094e-02,2.391901463270187378e-01,1.246333956718444824e+00,5.709737911820411682e-02,5.317000000000000000e+03,5.485043457031250000e+03
-1.000000014901161194e-01,1.366542428731918335e-01,-2.824965119361877441e-02,1.824412494897842407e-01,1.104174494743347168e+00,6.008468940854072571e-02,4.080000000000000000e+03,4.104125000000000000e+03
-6.510896980762481689e-02,-5.000000074505805969e-02,-1.978640556335449219e-01,9.663862735033035278e-02,1.125667333602905273e+00,6.755226105451583862e-02,3.586000000000000000e+03,3.695904541015625000e+03
-1.618416309356689453e-01,9.482004493474960327e-02,-1.009317710995674133e-01,-1.417579948902130127e-01,1.067152023315429688e+00,6.933310627937316895e-02,4.436000000000000000e+03,4.665213867187500000e+03
-1.000000014901161194e-01,-5.000000074505805969e-02,-1.318027824163436890e-01,-2.179542630910873413e-01,1.033964514732360840e+00,6.438203901052474976e-02,3.654000000000000000e+03,3.753266357421875000e+03
-1.500000059604644775e-01,-5.000000074505805969e-02,2.820095717906951904e-01,3.695783391594886780e-02,1.231028199195861816e+00,6.913456320762634277e-02,4.255000000000000000e+03,4.785513183593750000e+03
1.366542428731918335e-01,5.000000074505805969e-02,1.840291023254394531e-01,-4.424244463443756104e-01,1.212052345275878906e+00,5.577116087079048157e-02,4.213000000000000000e+03,4.889178710937500000e+03
2.872454822063446045e-01,5.000000074505805969e-02,-5.024575442075729370e-02,-1.858969479799270630e-01,1.049530386924743652e+00,6.431348621845245361e-02,4.107000000000000000e+03,4.718157226562500000e+03
0.000000000000000000e+00,-5.179951898753643036e-03,2.854924798011779785e-01,-3.027078211307525635e-01,1.125597238540649414e+00,6.167506426572799683e-02,4.723000000000000000e+03,5.337590332031250000e+03
9.482004493474960327e-02,-1.000000014901161194e-01,1.558000296354293823e-01,-4.465699195861816406e-02,1.007760405540466309e+00,4.990086331963539124e-02,3.310000000000000000e+03,3.331969726562500000e+03
5.000000074505805969e-02,4.183419048786163330e-02,-2.165615409612655640e-01,4.409374296665191650e-01,1.268581986427307129e+00,5.684369429945945740e-02,4.791000000000000000e+03,5.456634277343750000e+03
-5.000000074505805969e-02,0.000000000000000000e+00,4.592035710811614990e-01,3.571825027465820312e-01,1.266767024993896484e+00,5.899170041084289551e-02,4.762000000000000000e+03,5.856447265625000000e+03
-3.000000119209289551e-01,-1.184162404388189316e-02,-3.787432909011840820e-01,1.369688063859939575e-01,8.410944938659667969e-01,7.312975823879241943e-02,3.047000000000000000e+03,3.167871582031250000e+03
-1.000000014901161194e-01,-1.000000014901161194e-01,-5.388584733009338379e-01,-3.585697412490844727e-01,1.095461130142211914e+00,6.365533173084259033e-02,4.246000000000000000e+03,5.124795898437500000e+03
-1.000000014901161194e-01,-1.500000059604644775e-01,-3.094457788392901421e-03,-1.659148335456848145e-01,1.241064667701721191e+00,5.941091477870941162e-02,4.819000000000000000e+03,4.849020507812500000e+03
-1.500000059604644775e-01,3.489103168249130249e-02,-1.838466376066207886e-01,-3.645132482051849365e-02,1.132976055145263672e+00,6.138480082154273987e-02,4.262000000000000000e+03,4.282762207031250000e+03
5.000000074505805969e-02,2.514390051364898682e-01,-4.314558114856481552e-03,5.251094102859497070e-01,9.713265299797058105e-01,7.629113644361495972e-02,3.639000000000000000e+03,3.932936523437500000e+03
-5.000000074505805969e-02,9.482004493474960327e-02,-2.421088665723800659e-01,-2.054461687803268433e-01,1.032140374183654785e+00,6.615030020475387573e-02,4.184000000000000000e+03,4.670044433593750000e+03
2.514390051364898682e-01,-2.000000029802322388e-01,-1.350393295288085938e-01,-8.301956206560134888e-02,1.036179542541503906e+00,6.640078127384185791e-02,3.683000000000000000e+03,4.224850097656250000e+03
1.366542428731918335e-01,-1.661394163966178894e-02,-7.250771671533584595e-02,-2.593670971691608429e-02,7.375494241714477539e-01,6.220101565122604370e-02,3.043000000000000000e+03,3.283507080078125000e+03
0.000000000000000000e+00,-5.816580727696418762e-02,2.073190174996852875e-03,2.044907659292221069e-01,1.267874836921691895e+00,6.025736778974533081e-02,4.375000000000000000e+03,4.560381347656250000e+03
4.482004791498184204e-02,1.260000616312026978e-01,6.156818270683288574e-01,1.467335689812898636e-02,1.225689888000488281e+00,6.191909313201904297e-02,4.820000000000000000e+03,5.855556640625000000e+03
-5.179951898753643036e-03,5.000000074505805969e-02,-2.082904279232025146e-01,-1.561260670423507690e-01,1.252483367919921875e+00,5.875469744205474854e-02,5.694000000000000000e+03,5.994175292968750000e+03
-5.000000074505805969e-02,-5.000000074505805969e-02,-2.132161706686019897e-01,4.619938135147094727e-01,1.261814832687377930e+00,5.637162178754806519e-02,4.729000000000000000e+03,5.553333496093750000e+03
2.122108340263366699e-01,-2.000000029802322388e-01,2.541802525520324707e-01,-3.289915621280670166e-01,4.633074700832366943e-01,5.561097711324691772e-02,1.689000000000000000e+03,1.830825073242187500e+03
2.145627290010452271e-01,-5.000000074505805969e-02,1.918481439352035522e-01,-1.179494634270668030e-01,6.021392941474914551e-01,8.213451504707336426e-02,2.269000000000000000e+03,2.301106445312500000e+03
-2.131237089633941650e-01,1.366542428731918335e-01,-1.705375164747238159e-01,5.049374103546142578e-01,6.396415829658508301e-01,9.719826281070709229e-02,1.985000000000000000e+03,2.610781005859375000e+03
-2.000000029802322388e-01,-2.500000000000000000e-01,-4.657918959856033325e-02,-5.414798259735107422e-01,1.076603889465332031e+00,6.380610913038253784e-02,3.890000000000000000e+03,4.247019042968750000e+03
5.000000074505805969e-02,1.764043420553207397e-01,2.905691564083099365e-01,1.854671537876129150e-01,1.143276572227478027e+00,5.915056541562080383e-02,5.031000000000000000e+03,5.251185546875000000e+03
-2.000000029802322388e-01,5.000000074505805969e-02,-3.121261596679687500e-01,1.005709543824195862e-01,7.696979641914367676e-01,6.011839210987091064e-02,2.256000000000000000e+03,2.313369873046875000e+03
1.366542428731918335e-01,-6.419350951910018921e-02,4.040447473526000977e-01,-2.091233730316162109e-01,1.112063527107238770e+00,5.750316008925437927e-02,4.578000000000000000e+03,4.915173339843750000e+03
0.000000000000000000e+00,1.329784244298934937e-01,4.016411304473876953e-02,-3.642353415489196777e-01,1.284073948860168457e+00,6.271870434284210205e-02,4.272000000000000000e+03,4.895740722656250000e+03
1.366542428731918335e-01,1.764043420553207397e-01,2.255068868398666382e-01,3.271570801734924316e-01,5.588308572769165039e-01,8.479855209589004517e-02,1.659000000000000000e+03,1.817729492187500000e+03
2.145627290010452271e-01,-5.000000074505805969e-02,2.990857064723968506e-01,-3.749862909317016602e-01,9.076650738716125488e-01,7.123916596174240112e-02,3.622000000000000000e+03,4.102520996093750000e+03
-1.659073382616043091e-01,-1.500000059604644775e-01,-2.516000568866729736e-01,-1.689996868371963501e-01,7.039511799812316895e-01,6.950688362121582031e-02,2.519000000000000000e+03,2.558152832031250000e+03
-1.000000014901161194e-01,-2.500000000000000000e-01,-2.938407063484191895e-01,1.687930226325988770e-01,9.557591676712036133e-01,6.215551495552062988e-02,3.347000000000000000e+03,4.090712158203125000e+03
-5.000000074505805969e-02,-2.641935050487518311e-01,7.213546335697174072e-02,-1.606018394231796265e-01,8.930853605270385742e-01,5.749963223934173584e-02,3.553000000000000000e+03,3.666669189453125000e+03
3.338605910539627075e-02,5.000000074505805969e-02,-5.119031667709350586e-02,8.144404292106628418e-01,1.246135950088500977e+00,6.261991709470748901e-02,4.578000000000000000e+03,6.203892089843750000e+03
-1.000000014901161194e-01,3.975010663270950317e-02,-5.936091020703315735e-02,2.318056523799896240e-01,7.464646100997924805e-01,6.453449279069900513e-02,2.543000000000000000e+03,2.715670654296875000e+03
2.145627290010452271e-01,9.482004493474960327e-02,-5.725743249058723450e-03,2.034337520599365234e-01,7.565215229988098145e-01,8.547127246856689453e-02,2.403000000000000000e+03,2.650523681640625000e+03
3.221365213394165039e-01,2.225104346871376038e-02,8.759416639804840088e-02,3.675656914710998535e-01,8.493611812591552734e-01,6.745045632123947144e-02,2.524000000000000000e+03,3.104089111328125000e+03
-5.000000074505805969e-02,-1.000000014901161194e-01,2.456436865031719208e-02,-1.810752600431442261e-01,1.103067755699157715e+00,6.209220364689826965e-02,4.409000000000000000e+03,4.452969726562500000e+03
-1.000000014901161194e-01,9.183419495820999146e-02,-2.691630460321903229e-02,4.112872779369354248e-01,1.028324246406555176e+00,7.470114529132843018e-02,3.277000000000000000e+03,3.602376953125000000e+03
0.000000000000000000e+00,1.366542428731918335e-01,-6.959864497184753418e-02,1.998168230056762695e-01,5.936672091484069824e-01,6.161357462406158447e-02,1.903000000000000000e+03,1.950425659179687500e+03
-1.500000059604644775e-01,0.000000000000000000e+00,-4.212186336517333984e-01,-3.171833753585815430e-01,1.194230914115905762e+00,6.851796805858612061e-02,4.195000000000000000e+03,4.694000488281250000e+03
2.514390051364898682e-01,-2.131237089633941650e-01,2.391731441020965576e-01,-2.824439667165279388e-02,1.038013100624084473e+00,6.578355282545089722e-02,4.424000000000000000e+03,4.563820312500000000e+03
-2.500000000000000000e-01,9.482004493474960327e-02,-2.983546257019042969e-01,9.069067984819412231e-02,5.771490335464477539e-01,7.486137002706527710e-02,2.133000000000000000e+03,2.148056152343750000e+03
3.975010663270950317e-02,3.221365213394165039e-01,7.130193710327148438e-02,7.449893653392791748e-02,1.188207268714904785e+00,6.168168038129806519e-02,4.737000000000000000e+03,4.944318359375000000e+03
1.764043420553207397e-01,-8.165807463228702545e-03,-1.874812543392181396e-01,-3.727369382977485657e-02,1.204432845115661621e+00,6.345073133707046509e-02,4.282000000000000000e+03,4.666838378906250000e+03
0.000000000000000000e+00,5.000000074505805969e-02,-3.927107155323028564e-02,-2.689562737941741943e-01,1.248451113700866699e+00,6.029947847127914429e-02,4.917000000000000000e+03,5.237306152343750000e+03
5.000000074505805969e-02,0.000000000000000000e+00,1.857153177261352539e-01,-4.527608752250671387e-01,1.268444061279296875e+00,5.797086283564567566e-02,5.071000000000000000e+03,5.754212402343750000e+03
-1.000000014901161194e-01,4.482004791498184204e-02,-4.668057858943939209e-01,1.966795511543750763e-02,1.212315917015075684e+00,5.289620533585548401e-02,4.311000000000000000e+03,4.698444824218750000e+03
5.000000074505805969e-02,2.132806330919265747e-01,5.725371837615966797e-02,4.679727554321289062e-01,9.805573821067810059e-01,7.195589691400527954e-02,4.060000000000000000e+03,4.329416503906250000e+03
-2.000000029802322388e-01,2.145627290010452271e-01,-5.134784579277038574e-01,5.458278059959411621e-01,1.050091385841369629e+00,3.162484169006347656e-01,7.769000000000000000e+03,9.174845703125000000e+03
5.000000074505805969e-02,5.000000074505805969e-02,-2.800502777099609375e-01,-4.048886001110076904e-01,1.280448675155639648e+00,6.383576244115829468e-02,4.988000000000000000e+03,5.911059570312500000e+03
4.862083792686462402e-01,-6.419350951910018921e-02,3.088339269161224365e-01,1.615750193595886230e-01,8.044591546058654785e-01,8.864467591047286987e-02,2.379000000000000000e+03,2.673305908203125000e+03
2.145627290010452271e-01,1.764043420553207397e-01,-4.351536277681589127e-03,4.800765961408615112e-02,9.497256875038146973e-01,6.914012879133224487e-02,2.716000000000000000e+03,2.906388671875000000e+03
0.000000000000000000e+00,-5.000000074505805969e-02,-2.021790668368339539e-02,6.180369108915328979e-02,1.286852002143859863e+00,5.745683610439300537e-02,4.389000000000000000e+03,4.423061035156250000e+03
1.764043420553207397e-01,2.514390051364898682e-01,-2.763511613011360168e-02,3.867594003677368164e-01,1.189671516418457031e+00,5.953035131096839905e-02,4.402000000000000000e+03,4.586508789062500000e+03
-5.000000074505805969e-02,5.000000074505805969e-02,2.776599526405334473e-01,1.175046786665916443e-01,8.388040661811828613e-01,7.041557878255844116e-02,3.109000000000000000e+03,3.585890136718750000e+03
-2.000000029802322388e-01,5.000000074505805969e-02,8.138121664524078369e-02,4.109236001968383789e-01,1.259673237800598145e+00,6.408115476369857788e-02,5.125000000000000000e+03,5.781636230468750000e+03
8.073761314153671265e-02,0.000000000000000000e+00,1.391704082489013672e-01,1.876184940338134766e-01,1.205957174301147461e+00,6.270630657672882080e-02,4.777000000000000000e+03,4.903418945312500000e+03
-1.641935110092163086e-01,2.514390051364898682e-01,4.587561823427677155e-03,-1.610158011317253113e-02,9.894900918006896973e-01,5.668882653117179871e-02,3.903000000000000000e+03,4.292124511718750000e+03
-5.000000074505805969e-02,-1.000000014901161194e-01,5.631688982248306274e-02,-3.874733150005340576e-01,1.124276995658874512e+00,4.695652797818183899e-02,4.293000000000000000e+03,4.606372558593750000e+03
5.000000074505805969e-02,-2.000000029802322388e-01,-2.316123433411121368e-02,3.817566484212875366e-02,9.650377035140991211e-01,5.416287109255790710e-02,2.830000000000000000e+03,3.016069091796875000e+03
-6.184162572026252747e-02,4.223684668540954590e-01,-5.969021469354629517e-02,3.851378560066223145e-01,7.599802017211914062e-01,6.029396131634712219e-02,2.409000000000000000e+03,2.414808349609375000e+03
-1.000000014901161194e-01,5.000000074505805969e-02,-1.344986855983734131e-01,-1.528995633125305176e-01,1.217598199844360352e+00,6.717644631862640381e-02,4.718000000000000000e+03,4.852091308593750000e+03
5.000000074505805969e-02,-5.000000074505805969e-02,-2.430514693260192871e-01,3.722853213548660278e-02,1.065145730972290039e+00,8.163589239120483398e-02,3.110000000000000000e+03,3.361207275390625000e+03
-1.724679581820964813e-02,2.145627290010452271e-01,1.167046092450618744e-02,4.530650675296783447e-01,9.890153408050537109e-01,5.569559708237648010e-02,3.447000000000000000e+03,3.647456298828125000e+03
3.562291860580444336e-01,3.221365213394165039e-01,2.941919267177581787e-01,5.194396376609802246e-01,5.672641396522521973e-01,9.385056048631668091e-02,1.623000000000000000e+03,1.832565551757812500e+03
-1.166139394044876099e-01,5.000000074505805969e-02,1.390480697154998779e-01,1.663315892219543457e-01,1.054365158081054688e+00,7.935795187950134277e-02,3.357000000000000000e+03,3.591258056640625000e+03
0.000000000000000000e+00,2.145627290010452271e-01,-2.484482079744338989e-01,2.020366489887237549e-01,1.113300204277038574e+00,6.878075003623962402e-02,4.012000000000000000e+03,4.210051757812500000e+03
3.118000738322734833e-02,5.173884034156799316e-01,1.804888397455215454e-01,5.185390114784240723e-01,6.217503547668457031e-01,1.491167247295379639e-01,1.353000000000000000e+03,1.429799804687500000e+03
4.135769605636596680e-01,3.878882527351379395e-01,4.249941408634185791e-01,3.165844678878784180e-01,4.150188565254211426e-01,7.318202406167984009e-02,1.099000000000000000e+03,1.132060546875000000e+03
9.482004493474960327e-02,5.000000074505805969e-02,-8.977261930704116821e-02,-1.335660815238952637e-01,1.168103694915771484e+00,6.108281016349792480e-02,4.721000000000000000e+03,4.952860839843750000e+03
9.482004493474960327e-02,-2.000000029802322388e-01,4.432930350303649902e-01,-8.011028170585632324e-03,1.157656311988830566e+00,6.071659922599792480e-02,4.229000000000000000e+03,4.714468261718750000e+03
-1.000000014901161194e-01,-5.000000074505805969e-02,-1.084052119404077530e-02,-3.182680010795593262e-01,1.164509773254394531e+00,5.709243938326835632e-02,4.281000000000000000e+03,4.529956542968750000e+03
-6.184162572026252747e-02,0.000000000000000000e+00,-9.175994992256164551e-02,3.387107551097869873e-01,1.086995840072631836e+00,5.471860244870185852e-02,4.399000000000000000e+03,4.819886718750000000e+03
0.000000000000000000e+00,-3.000000119209289551e-01,5.816030502319335938e-02,-3.154430091381072998e-01,5.907131433486938477e-01,5.936628207564353943e-02,1.740000000000000000e+03,1.758073730468750000e+03
-1.000000014901161194e-01,-1.131237149238586426e-01,-1.021833941340446472e-01,2.935843765735626221e-01,9.720136523246765137e-01,7.837245613336563110e-02,3.254000000000000000e+03,3.802411376953125000e+03
-1.000000014901161194e-01,-5.000000074505805969e-02,-4.471387267112731934e-01,-4.510889947414398193e-02,1.130805850028991699e+00,6.486900150775909424e-02,4.357000000000000000e+03,4.758555175781250000e+03
5.000000074505805969e-02,9.482004493474960327e-02,2.041164636611938477e-01,3.549170196056365967e-01,1.189428925514221191e+00,6.080646812915802002e-02,4.734000000000000000e+03,5.035287109375000000e+03
1.764043420553207397e-01,-5.179951898753643036e-03,3.447712957859039307e-01,3.305257260799407959e-01,9.664291739463806152e-01,6.400967389345169067e-02,3.455000000000000000e+03,3.959453125000000000e+03
-2.659073472023010254e-01,2.872454822063446045e-01,-3.377959728240966797e-01,2.877499163150787354e-01,7.027763128280639648e-01,9.834743291139602661e-02,2.143000000000000000e+03,2.165259765625000000e+03
5.000000074505805969e-02,0.000000000000000000e+00,-2.810408174991607666e-01,3.177461326122283936e-01,1.223101973533630371e+00,6.246056407690048218e-02,4.969000000000000000e+03,5.646241699218750000e+03
5.000000074505805969e-02,9.482004493474960327e-02,-7.156953215599060059e-02,-4.177724421024322510e-01,1.267090797424316406e+00,6.587050110101699829e-02,4.924000000000000000e+03,5.744573730468750000e+03
-1.000000014901161194e-01,1.306265294551849365e-01,-4.736070036888122559e-01,6.605148315429687500e-02,8.718277215957641602e-01,8.192086964845657349e-02,3.044000000000000000e+03,3.596891113281250000e+03
1.764043420553207397e-01,9.482004493474960327e-02,3.376606106758117676e-01,2.835505604743957520e-01,1.110004425048828125e+00,5.480307713150978088e-02,4.704000000000000000e+03,4.936212402343750000e+03
-5.000000074505805969e-02,-2.141935080289840698e-01,-6.540060043334960938e-02,-2.795062661170959473e-01,7.827486395835876465e-01,6.753695011138916016e-02,3.277000000000000000e+03,3.300980468750000000e+03
-2.000000029802322388e-01,5.000000074505805969e-02,-3.483960032463073730e-01,-4.708613827824592590e-02,1.093036174774169922e+00,7.216014713048934937e-02,3.691000000000000000e+03,3.787396728515625000e+03
2.514390051364898682e-01,8.975010365247726440e-02,3.409081995487213135e-01,7.852839678525924683e-02,1.067207098007202148e+00,5.932503938674926758e-02,3.993000000000000000e+03,4.021527832031250000e+03
1.764043420553207397e-01,-1.000000014901161194e-01,-2.884421348571777344e-01,-2.173051983118057251e-01,9.282152652740478516e-01,6.788477301597595215e-02,3.051000000000000000e+03,3.821601806640625000e+03
0.000000000000000000e+00,0.000000000000000000e+00,1.272757351398468018e-01,5.654037594795227051e-01,1.232872009277343750e+00,5.918052792549133301e-02,4.889000000000000000e+03,5.919942871093750000e+03
0.000000000000000000e+00,-5.000000074505805969e-02,5.144407227635383606e-02,1.859721541404724121e-01,1.261668562889099121e+00,5.855821445584297180e-02,4.754000000000000000e+03,4.926234375000000000e+03
-5.000000074505805969e-02,-5.000000074505805969e-02,-1.044387668371200562e-01,-5.062280297279357910e-01,1.249053597450256348e+00,5.759496241807937622e-02,5.134000000000000000e+03,5.807264160156250000e+03
-5.000000074505805969e-02,-1.204144284129142761e-01,7.368977367877960205e-02,-3.616392612457275391e-02,9.396117329597473145e-01,6.073672696948051453e-02,3.252000000000000000e+03,3.334144775390625000e+03
-1.500000059604644775e-01,-5.000000074505805969e-02,-1.995732039213180542e-01,-3.313186168670654297e-01,9.260698556900024414e-01,8.256185799837112427e-02,2.771000000000000000e+03,3.028525390625000000e+03
-1.500000059604644775e-01,-5.000000074505805969e-02,-1.015912964940071106e-01,-1.970023214817047119e-01,1.102193236351013184e+00,6.092647463083267212e-02,4.267000000000000000e+03,4.350455566406250000e+03
1.764043420553207397e-01,-1.000000014901161194e-01,-1.452102661132812500e-01,-1.910953372716903687e-01,1.222332715988159180e+00,5.157425627112388611e-02,4.744000000000000000e+03,5.091844238281250000e+03
-5.000000074505805969e-02,0.000000000000000000e+00,3.846602514386177063e-02,-3.877541720867156982e-01,1.269446969032287598e+00,5.717499554157257080e-02,5.055000000000000000e+03,5.540656250000000000e+03
5.000000074505805969e-02,1.366542428731918335e-01,-1.406782492995262146e-02,-2.471925318241119385e-01,1.207479119300842285e+00,6.119995564222335815e-02,4.588000000000000000e+03,5.052958007812500000e+03
2.872454822063446045e-01,5.000000074505805969e-02,2.808113396167755127e-01,1.694536767899990082e-02,3.144450187683105469e-01,1.192329898476600647e-01,6.950000000000000000e+02,7.029663696289062500e+02
5.000000074505805969e-02,-2.000000029802322388e-01,-1.698451489210128784e-02,-4.154522120952606201e-01,7.827727198600769043e-01,6.246177852153778076e-02,3.309000000000000000e+03,3.578606201171875000e+03
3.221365213394165039e-01,3.815837576985359192e-02,3.795405924320220947e-01,1.525759696960449219e-01,7.106556892395019531e-01,1.129341349005699158e-01,1.703000000000000000e+03,1.757814819335937500e+03
9.482004493474960327e-02,9.482004493474960327e-02,3.966079652309417725e-02,1.889702975749969482e-01,1.243225932121276855e+00,5.791665986180305481e-02,4.521000000000000000e+03,4.555680175781250000e+03
-1.000000014901161194e-01,9.482004493474960327e-02,-2.955578565597534180e-01,7.529412209987640381e-02,1.048896908760070801e+00,5.858991295099258423e-02,4.379000000000000000e+03,4.531312500000000000e+03
-3.151089549064636230e-01,-2.500000000000000000e-01,-6.314259171485900879e-01,-1.928634941577911377e-01,7.555666565895080566e-01,9.032324701547622681e-02,3.196000000000000000e+03,3.753109375000000000e+03
-2.641935050487518311e-01,1.366542428731918335e-01,-6.511232852935791016e-01,4.875658452510833740e-01,1.083501696586608887e+00,6.757017225027084351e-02,4.459000000000000000e+03,5.446098144531250000e+03
-1.500000059604644775e-01,-2.000000029802322388e-01,-3.815856873989105225e-01,-3.910629153251647949e-01,7.652065157890319824e-01,7.231770455837249756e-02,3.352000000000000000e+03,3.850806640625000000e+03
-1.000000014901161194e-01,2.145627290010452271e-01,-1.194863170385360718e-01,2.165074050426483154e-01,9.299919605255126953e-01,5.435511097311973572e-02,3.540000000000000000e+03,3.541562255859375000e+03
5.000000074505805969e-02,-1.000000014901161194e-01,-4.827623814344406128e-02,-1.341531127691268921e-01,3.898564279079437256e-01,9.400390833616256714e-02,9.470000000000000000e+02,1.013383666992187500e+03
1.329784244298934937e-01,2.994404174387454987e-02,-1.162591651082038879e-01,-8.553306758403778076e-02,8.596521019935607910e-01,7.124078273773193359e-02,2.953000000000000000e+03,3.247410644531250000e+03
-5.816580727696418762e-02,-5.000000074505805969e-02,-2.612354159355163574e-01,-6.248004436492919922e-01,1.245562911033630371e+00,5.809063836932182312e-02,4.592000000000000000e+03,5.639482421875000000e+03
0.000000000000000000e+00,3.896152675151824951e-01,1.735994219779968262e-01,3.261834383010864258e-01,9.517197608947753906e-01,5.963948741555213928e-02,3.965000000000000000e+03,4.112832031250000000e+03
1.764043420553207397e-01,2.514390051364898682e-01,1.672870367765426636e-01,6.022673845291137695e-01,1.001742124557495117e+00,5.978804081678390503e-02,3.797000000000000000e+03,4.250438964843750000e+03
0.000000000000000000e+00,-8.165807463228702545e-03,4.415664374828338623e-01,2.836463451385498047e-01,1.128687620162963867e+00,5.165432021021842957e-02,4.446000000000000000e+03,5.380032714843750000e+03
-5.816580727696418762e-02,9.482004493474960327e-02,-9.311006218194961548e-02,4.945486783981323242e-01,1.272073864936828613e+00,6.235631927847862244e-02,4.992000000000000000e+03,5.477578613281250000e+03
-6.024989485740661621e-02,-1.000000014901161194e-01,-5.003941059112548828e-01,-4.095924645662307739e-02,1.180712819099426270e+00,5.725208297371864319e-02,5.017000000000000000e+03,5.706058105468750000e+03
1.764043420553207397e-01,0.000000000000000000e+00,2.633680999279022217e-01,2.532424926757812500e-01,7.322736382484436035e-01,7.587435841560363770e-02,2.399000000000000000e+03,2.709968017578125000e+03
-5.000000074505805969e-02,-6.312371790409088135e-02,1.625759005546569824e-01,-5.262809991836547852e-01,1.024723052978515625e+00,5.741717293858528137e-02,4.144000000000000000e+03,5.118137207031250000e+03
1.366542428731918335e-01,2.872454822063446045e-01,-1.156041845679283142e-01,6.376883387565612793e-01,1.017704248428344727e+00,7.953374832868576050e-02,3.974000000000000000e+03,4.661559082031250000e+03
-3.499999940395355225e-01,-6.419350951910018921e-02,-1.445565223693847656e-01,1.827648133039474487e-01,8.289643526077270508e-01,5.830225348472595215e-02,3.126000000000000000e+03,3.580682373046875000e+03
1.764043420553207397e-01,-1.000000014901161194e-01,3.422642648220062256e-01,-5.999271869659423828e-01,1.214504718780517578e+00,5.829793959856033325e-02,4.850000000000000000e+03,5.727635742187500000e+03
5.000000074505805969e-02,2.872454822063446045e-01,3.995217382907867432e-01,8.374317735433578491e-02,1.087538838386535645e+00,4.977064952254295349e-02,4.246000000000000000e+03,4.815861328125000000e+03
8.169633150100708008e-02,-2.500000000000000000e-01,2.052845666185021400e-03,-1.246336326003074646e-01,1.240170001983642578e+00,6.360507011413574219e-02,4.357000000000000000e+03,4.419190917968750000e+03
-3.000000119209289551e-01,0.000000000000000000e+00,5.290767550468444824e-02,-2.012884020805358887e-01,1.157859683036804199e+00,5.358764901757240295e-02,4.605000000000000000e+03,5.157097656250000000e+03
1.764043420553207397e-01,-1.000000014901161194e-01,3.263053894042968750e-01,8.115944801829755306e-04,7.220994234085083008e-01,8.642963320016860962e-02,2.334000000000000000e+03,2.477734619140625000e+03
4.183419048786163330e-02,0.000000000000000000e+00,-3.536366820335388184e-01,2.802066206932067871e-01,1.287963747978210449e+00,6.088972091674804688e-02,5.112000000000000000e+03,5.814105468750000000e+03
-1.024989411234855652e-02,-3.000000119209289551e-01,-3.721668943762779236e-02,-1.381103396415710449e-01,5.701933503150939941e-01,5.635663494467735291e-02,1.963000000000000000e+03,2.122247802734375000e+03
5.000000074505805969e-02,9.482004493474960327e-02,-4.944907724857330322e-01,-1.218714863061904907e-01,1.213874816894531250e+00,6.191184744238853455e-02,4.583000000000000000e+03,5.601354492187500000e+03
1.764043420553207397e-01,-2.000000029802322388e-01,3.473317027091979980e-01,-6.230923905968666077e-02,6.172446012496948242e-01,1.120985448360443115e-01,2.300000000000000000e+03,2.582315917968750000e+03
9.482004493474960327e-02,3.975010663270950317e-02,-2.663303315639495850e-01,-4.172359779477119446e-02,1.037043571472167969e+00,6.250075250864028931e-02,4.135000000000000000e+03,4.646540527343750000e+03
9.482004493474960327e-02,0.000000000000000000e+00,2.636604607105255127e-01,-4.046817496418952942e-02,7.027876377105712891e-01,7.067384570837020874e-02,2.127000000000000000e+03,2.254914550781250000e+03
8.165905624628067017e-02,3.221365213394165039e-01,-1.688816845417022705e-01,3.573111593723297119e-01,9.437100887298583984e-01,6.451064348220825195e-02,3.830000000000000000e+03,4.100917968750000000e+03
-2.000000029802322388e-01,0.000000000000000000e+00,4.468326270580291748e-02,2.154464423656463623e-01,9.190717339515686035e-01,6.632443517446517944e-02,3.742000000000000000e+03,4.199520996093750000e+03
-3.000000119209289551e-01,-4.000000059604644775e-01,-3.703623414039611816e-01,-3.224630951881408691e-01,9.889590740203857422e-01,6.408175826072692871e-02,3.637000000000000000e+03,3.677494140625000000e+03
-5.000000074505805969e-02,5.000000074505805969e-02,5.136861205101013184e-01,-2.343146353960037231e-01,1.265565395355224609e+00,5.826023966073989868e-02,5.167000000000000000e+03,6.390795410156250000e+03
-4.499999880790710449e-01,5.000000074505805969e-02,-4.875226020812988281e-01,2.067326195538043976e-02,9.410572052001953125e-01,6.738146394491195679e-02,3.260000000000000000e+03,3.268351074218750000e+03
-5.000000074505805969e-02,-5.000000074505805969e-02,-1.186540201306343079e-01,-2.118904739618301392e-01,7.591556310653686523e-01,7.330232113599777222e-02,3.106000000000000000e+03,3.270560791015625000e+03
-2.000000029802322388e-01,-3.200559616088867188e-01,-4.803539812564849854e-01,-5.187868475914001465e-01,1.076718330383300781e+00,7.459020614624023438e-02,3.667000000000000000e+03,4.032595458984375000e+03
-1.024989411234855652e-02,0.000000000000000000e+00,3.524540662765502930e-01,-8.461653441190719604e-02,1.268362760543823242e+00,5.892034992575645447e-02,5.106000000000000000e+03,5.538437988281250000e+03
-5.000000074505805969e-02,-1.500000059604644775e-01,2.530814707279205322e-01,-6.860159337520599365e-02,1.219610095024108887e+00,5.708337947726249695e-02,4.546000000000000000e+03,4.842138183593750000e+03
0.000000000000000000e+00,5.000000074505805969e-02,2.863734960556030273e-01,2.396307438611984253e-01,1.248727321624755859e+00,6.340374052524566650e-02,4.867000000000000000e+03,5.228665039062500000e+03
-5.179951898753643036e-03,-2.000000029802322388e-01,1.546196490526199341e-01,-2.509827315807342529e-01,9.982392787933349609e-01,5.732052028179168701e-02,3.205000000000000000e+03,3.294930419921875000e+03
2.145627290010452271e-01,-1.000000014901161194e-01,4.931336045265197754e-01,-2.001815848052501678e-02,1.075109839439392090e+00,5.951208248734474182e-02,4.254000000000000000e+03,4.557636718750000000e+03
5.000000074505805969e-02,-1.834094338119029999e-02,-3.275652825832366943e-01,-2.298441827297210693e-01,1.121931433677673340e+00,6.436993181705474854e-02,4.271000000000000000e+03,4.885162597656250000e+03
-5.000000074505805969e-02,1.764043420553207397e-01,-5.064170956611633301e-01,3.912054598331451416e-01,1.026657938957214355e+00,7.118497043848037720e-02,3.708000000000000000e+03,4.560207031250000000e+03
0.000000000000000000e+00,-5.000000074505805969e-02,9.448807686567306519e-02,-5.388208627700805664e-01,1.245246052742004395e+00,5.478343740105628967e-02,4.667000000000000000e+03,5.388307617187500000e+03
-5.000000074505805969e-02,3.221365213394165039e-01,-9.810502082109451294e-02,1.388865858316421509e-01,1.051460862159729004e+00,6.273634731769561768e-02,3.814000000000000000e+03,3.936761962890625000e+03
5.000000074505805969e-02,0.000000000000000000e+00,-3.241623640060424805e-01,6.410764157772064209e-02,1.107248067855834961e+00,7.453967630863189697e-02,3.578000000000000000e+03,3.987110107421875000e+03
0.000000000000000000e+00,-1.184162404388189316e-02,2.787937521934509277e-01,-8.442818373441696167e-02,1.231317281723022461e+00,5.897952616214752197e-02,4.442000000000000000e+03,4.682067382812500000e+03
1.366542428731918335e-01,9.482004493474960327e-02,3.991883695125579834e-01,8.116700500249862671e-02,1.203469872474670410e+00,5.968298763036727905e-02,4.642000000000000000e+03,4.860749511718750000e+03
8.118000626564025879e-02,0.000000000000000000e+00,2.561735808849334717e-01,-4.520640671253204346e-01,1.033607125282287598e+00,6.343217939138412476e-02,4.052000000000000000e+03,4.903259765625000000e+03
0.000000000000000000e+00,0.000000000000000000e+00,3.929051160812377930e-01,2.022126913070678711e-01,1.227547526359558105e+00,5.986622720956802368e-02,4.825000000000000000e+03,5.431291015625000000e+03
9.482004493474960327e-02,-5.000000074505805969e-02,5.738521367311477661e-02,-4.851846992969512939e-01,1.215172529220581055e+00,5.618680641055107117e-02,4.556000000000000000e+03,5.128489257812500000e+03
4.482004791498184204e-02,1.366542428731918335e-01,2.767058014869689941e-01,1.581746637821197510e-01,1.127807617187500000e+00,7.188995927572250366e-02,4.225000000000000000e+03,4.403056152343750000e+03
5.000000074505805969e-02,0.000000000000000000e+00,1.227039843797683716e-01,-4.714738130569458008e-01,1.252591013908386230e+00,5.159565806388854980e-02,4.536000000000000000e+03,5.173488281250000000e+03
-1.000000014901161194e-01,3.409266844391822815e-02,-4.056125879287719727e-01,-2.853492796421051025e-01,1.120364427566528320e+00,5.922159552574157715e-02,4.246000000000000000e+03,4.885075683593750000e+03
0.000000000000000000e+00,-1.000000014901161194e-01,-4.981628954410552979e-01,-5.993504524230957031e-01,1.196253061294555664e+00,6.738579273223876953e-02,4.598000000000000000e+03,6.095111328125000000e+03
3.165905550122261047e-02,1.366542428731918335e-01,-1.917269080877304077e-01,-1.289126873016357422e-01,1.031560659408569336e+00,5.757318437099456787e-02,4.288000000000000000e+03,4.761020507812500000e+03
-2.000000029802322388e-01,5.000000074505805969e-02,-2.672737538814544678e-01,2.332643866539001465e-01,9.013751149177551270e-01,7.170147448778152466e-02,2.628000000000000000e+03,2.749916748046875000e+03
1.366542428731918335e-01,-1.000000014901161194e-01,-4.213155806064605713e-02,5.363640785217285156e-01,1.229076147079467773e+00,6.015656888484954834e-02,4.576000000000000000e+03,5.828444824218750000e+03
-1.500000059604644775e-01,2.514390051364898682e-01,2.227355241775512695e-01,3.204465806484222412e-01,1.098539233207702637e+00,5.955192446708679199e-02,4.091000000000000000e+03,4.564363281250000000e+03
3.033847510814666748e-01,-8.000000119209289551e-01,2.670599818229675293e-01,-6.922812461853027344e-01,3.830924928188323975e-01,1.501218825578689575e-01,8.180000000000000000e+02,8.884706420898437500e+02
-5.000000074505805969e-02,9.482004493474960327e-02,3.246665596961975098e-01,-3.495228290557861328e-01,1.220941424369812012e+00,6.185946613550186157e-02,4.707000000000000000e+03,5.725868164062500000e+03
2.872454822063446045e-01,5.000000074505805969e-02,1.694325953722000122e-01,9.270535409450531006e-02,9.280079603195190430e-01,6.305224448442459106e-02,3.342000000000000000e+03,3.402546386718750000e+03
-1.000000014901161194e-01,5.000000074505805969e-02,-1.570838987827301025e-01,6.246638298034667969e-01,1.255600214004516602e+00,5.861416459083557129e-02,4.947000000000000000e+03,5.948214355468750000e+03
-2.000000029802322388e-01,-5.000000074505805969e-02,-6.130546331405639648e-01,-3.283623158931732178e-01,1.181139826774597168e+00,6.929734349250793457e-02,4.719000000000000000e+03,5.526331542968750000e+03
0.000000000000000000e+00,5.173884034156799316e-01,-1.057975664734840393e-01,2.708920836448669434e-01,9.595201611518859863e-01,6.356362253427505493e-02,3.564000000000000000e+03,3.837171875000000000e+03
2.145627290010452271e-01,-5.000000074505805969e-02,-5.548498034477233887e-02,-5.342233777046203613e-01,1.253792881965637207e+00,5.692679435014724731e-02,4.891000000000000000e+03,5.809722656250000000e+03
5.000000074505805969e-02,-1.000000014901161194e-01,1.059327498078346252e-01,-4.156206175684928894e-02,8.391059041023254395e-01,5.665961652994155884e-02,2.622000000000000000e+03,2.646302490234375000e+03
-1.000000014901161194e-01,9.482004493474960327e-02,-5.455945432186126709e-02,4.563351571559906006e-01,1.151920676231384277e+00,5.678403750061988831e-02,4.603000000000000000e+03,5.052587890625000000e+03
-1.131237149238586426e-01,-3.000000119209289551e-01,-3.002730011940002441e-01,-3.376414477825164795e-01,1.237149834632873535e+00,6.077361851930618286e-02,5.208000000000000000e+03,5.330878417968750000e+03
-5.179951898753643036e-03,0.000000000000000000e+00,2.543657720088958740e-01,-4.487279802560806274e-02,1.252076983451843262e+00,6.150608137249946594e-02,4.991000000000000000e+03,5.209434570312500000e+03
3.562291860580444336e-01,-6.590732932090759277e-02,1.760949492454528809e-01,-3.081174492835998535e-01,9.152154922485351562e-01,8.500235527753829956e-02,2.684000000000000000e+03,2.968418212890625000e+03
0.000000000000000000e+00,9.482004493474960327e-02,-1.628252565860748291e-01,2.551252841949462891e-01,1.034808278083801270e+00,5.977440997958183289e-02,3.540000000000000000e+03,3.710316406250000000e+03
0.000000000000000000e+00,3.815837576985359192e-02,-3.523799479007720947e-01,2.601493895053863525e-01,8.913340568542480469e-01,6.752669811248779297e-02,3.348000000000000000e+03,4.046128417968750000e+03
-5.000000074505805969e-02,2.145627290010452271e-01,-1.390578895807266235e-01,3.094227313995361328e-01,8.801838159561157227e-01,5.413432419300079346e-02,3.252000000000000000e+03,3.322500732421875000e+03
1.764043420553207397e-01,-3.000000119209289551e-01,3.249832391738891602e-01,-2.825192809104919434e-01,7.529786229133605957e-01,7.730568945407867432e-02,2.321000000000000000e+03,2.411541748046875000e+03
-5.000000074505805969e-02,1.366542428731918335e-01,-2.985330224037170410e-01,5.557081699371337891e-01,1.219487547874450684e+00,5.722528323531150818e-02,4.519000000000000000e+03,5.214797363281250000e+03
-5.000000074505805969e-02,-2.075121551752090454e-02,-4.776447713375091553e-01,1.990347057580947876e-01,1.211330413818359375e+00,5.580145493149757385e-02,4.975000000000000000e+03,5.732360351562500000e+03
-1.500000059604644775e-01,0.000000000000000000e+00,-3.188253045082092285e-01,4.744330346584320068e-01,1.017957210540771484e+00,6.153223663568496704e-02,3.552000000000000000e+03,4.380716308593750000e+03
0.000000000000000000e+00,0.000000000000000000e+00,3.337371721863746643e-02,-1.757907867431640625e-01,1.269070506095886230e+00,5.509913712739944458e-02,5.362000000000000000e+03,5.468456542968750000e+03
1.764043420553207397e-01,-3.151089549064636230e-01,5.381852984428405762e-01,-3.389540910720825195e-01,1.043686985969543457e+00,8.532224595546722412e-02,3.957000000000000000e+03,4.422155761718750000e+03
-5.000000074505805969e-02,-5.000000074505805969e-02,-1.630563288927078247e-03,-3.003363013267517090e-01,1.225439667701721191e+00,5.630299821496009827e-02,5.143000000000000000e+03,5.363295898437500000e+03
2.872454822063446045e-01,-1.618416309356689453e-01,2.568057477474212646e-01,-3.622898459434509277e-02,1.124524235725402832e+00,9.615931659936904907e-02,3.505000000000000000e+03,3.551199218750000000e+03
9.482004493474960327e-02,-5.000000074505805969e-02,-3.207147121429443359e-02,1.126342043280601501e-01,1.218918919563293457e+00,6.039315834641456604e-02,4.932000000000000000e+03,5.072173828125000000e+03
5.000000074505805969e-02,-2.000000029802322388e-01,1.582760959863662720e-01,9.936723858118057251e-03,1.119153976440429688e+00,5.960136279463768005e-02,4.418000000000000000e+03,4.612394531250000000e+03
0.000000000000000000e+00,4.482004791498184204e-02,-1.062637567520141602e-01,-4.023075401782989502e-01,1.227335810661315918e+00,5.656176060438156128e-02,5.149000000000000000e+03,5.848081054687500000e+03
5.000000074505805969e-02,-2.000000029802322388e-01,9.046487510204315186e-03,-1.279041469097137451e-01,1.058790802955627441e+00,6.292997300624847412e-02,3.605000000000000000e+03,3.627169433593750000e+03
0.000000000000000000e+00,1.366542428731918335e-01,-1.960078999400138855e-02,1.986746490001678467e-01,9.232834577560424805e-01,5.553634464740753174e-02,3.576000000000000000e+03,3.593674316406250000e+03
0.000000000000000000e+00,0.000000000000000000e+00,1.982336789369583130e-01,-4.064806997776031494e-01,1.275010466575622559e+00,5.971210449934005737e-02,5.223000000000000000e+03,5.861597656250000000e+03
-5.000000074505805969e-02,0.000000000000000000e+00,4.766884446144104004e-02,9.356139600276947021e-02,6.975921392440795898e-01,9.401684254407882690e-02,2.255000000000000000e+03,2.339075927734375000e+03
-5.000000074505805969e-02,-1.000000014901161194e-01,1.266024410724639893e-01,2.763129174709320068e-01,9.318607449531555176e-01,6.436777859926223755e-02,3.295000000000000000e+03,3.923236816406250000e+03
-5.816580727696418762e-02,-1.500000059604644775e-01,-4.552814960479736328e-01,-1.074322462081909180e-01,1.228323459625244141e+00,6.159688904881477356e-02,4.736000000000000000e+03,5.223836914062500000e+03
5.000000074505805969e-02,-1.000000000000000000e+00,2.415418252348899841e-02,-9.717677235603332520e-01,2.930530011653900146e-01,1.133514344692230225e-01,1.147000000000000000e+03,1.166506958007812500e+03
5.000000074505805969e-02,-2.500000000000000000e-01,1.966840922832489014e-01,-3.799159228801727295e-01,1.203212738037109375e+00,6.056268140673637390e-02,4.785000000000000000e+03,4.910797851562500000e+03
0.000000000000000000e+00,-1.590733230113983154e-02,-5.234451219439506531e-02,-4.042875021696090698e-02,4.170062541961669922e-01,7.403077185153961182e-02,1.317000000000000000e+03,1.342180419921875000e+03
1.366542428731918335e-01,-5.000000074505805969e-02,3.960885107517242432e-01,2.008743137121200562e-01,8.072333335876464844e-01,5.951770767569541931e-02,2.513000000000000000e+03,2.993928466796875000e+03
-4.000000059604644775e-01,2.514390051364898682e-01,-3.671503663063049316e-01,1.188040822744369507e-01,6.628006100654602051e-01,7.332942634820938110e-02,2.224000000000000000e+03,2.317727050781250000e+03
2.122108340263366699e-01,3.221365213394165039e-01,-5.152152478694915771e-02,2.218999415636062622e-01,9.228724837303161621e-01,5.573473498225212097e-02,3.446000000000000000e+03,3.760948242187500000e+03
-5.179951898753643036e-03,0.000000000000000000e+00,2.326014190912246704e-01,1.732614934444427490e-01,1.098630070686340332e+00,6.060435622930526733e-02,4.389000000000000000e+03,4.698059570312500000e+03
-2.141935080289840698e-01,2.514390051364898682e-01,-3.988073468208312988e-01,2.881624400615692139e-01,8.323603868484497070e-01,7.232318073511123657e-02,3.242000000000000000e+03,3.406168457031250000e+03
-2.500000000000000000e-01,-1.500000059604644775e-01,-2.125895619392395020e-01,-4.394890964031219482e-01,1.089668512344360352e+00,5.936134979128837585e-02,4.410000000000000000e+03,4.720538085937500000e+03
-5.000000074505805969e-02,0.000000000000000000e+00,-5.236003994941711426e-01,2.636677026748657227e-01,1.268273472785949707e+00,5.724913999438285828e-02,4.948000000000000000e+03,5.816987792968750000e+03
0.000000000000000000e+00,9.482004493474960327e-02,1.414987891912460327e-01,-5.392716452479362488e-02,1.256943702697753906e+00,6.955713778734207153e-02,4.147000000000000000e+03,4.256746582031250000e+03
-1.141935139894485474e-01,0.000000000000000000e+00,-1.334468722343444824e-01,-3.565291315317153931e-02,1.023283123970031738e+00,6.024480238556861877e-02,4.027000000000000000e+03,4.033300292968750000e+03
-3.000000119209289551e-01,2.145627290010452271e-01,-3.476639091968536377e-01,3.902604579925537109e-01,5.312768220901489258e-01,7.716114819049835205e-02,1.880000000000000000e+03,2.094960205078125000e+03
8.687628805637359619e-02,5.000000074505805969e-02,-2.464295923709869385e-01,-1.148484926670789719e-02,1.254623651504516602e+00,5.981756746768951416e-02,4.823000000000000000e+03,5.168802246093750000e+03
-5.000000074505805969e-02,0.000000000000000000e+00,-1.874306797981262207e-02,-6.024013161659240723e-01,1.264109492301940918e+00,6.344301253557205200e-02,5.020000000000000000e+03,6.110690429687500000e+03
-4.000000059604644775e-01,-1.590733230113983154e-02,-3.540714681148529053e-01,-4.256306588649749756e-02,4.763644635677337646e-01,7.995284348726272583e-02,1.722000000000000000e+03,1.743289184570312500e+03
-8.165807463228702545e-03,-1.000000014901161194e-01,2.776836752891540527e-01,-5.010988712310791016e-01,1.153164029121398926e+00,5.901068449020385742e-02,4.238000000000000000e+03,4.982294921875000000e+03
5.000000074505805969e-02,-1.024989411234855652e-02,-1.953447908163070679e-01,5.885877460241317749e-02,9.006702303886413574e-01,6.867010146379470825e-02,3.657000000000000000e+03,3.944775878906250000e+03
-5.000000074505805969e-02,5.000000074505805969e-02,5.609909445047378540e-02,-6.443132646381855011e-03,1.137059807777404785e+00,6.606671214103698730e-02,4.322000000000000000e+03,4.370121093750000000e+03
-5.000000074505805969e-02,5.000000074505805969e-02,-2.424553036689758301e-02,3.534545898437500000e-01,1.211598038673400879e+00,5.800054222345352173e-02,5.118000000000000000e+03,5.436170898437500000e+03
9.482004493474960327e-02,2.514390051364898682e-01,-2.563058137893676758e-01,3.372967541217803955e-01,7.536700963973999023e-01,7.851651310920715332e-02,2.785000000000000000e+03,3.396923339843750000e+03
3.687628731131553650e-02,2.462217807769775391e-01,8.020410686731338501e-02,2.824711501598358154e-01,4.524651169776916504e-01,1.019821539521217346e-01,1.756000000000000000e+03,1.783293579101562500e+03
0.000000000000000000e+00,-1.000000014901161194e-01,4.477548003196716309e-01,1.585758849978446960e-02,1.192541718482971191e+00,5.952941626310348511e-02,4.537000000000000000e+03,5.196915039062500000e+03
5.000000074505805969e-02,5.000000074505805969e-02,2.452189475297927856e-01,5.231583118438720703e-01,1.191762089729309082e+00,5.673030391335487366e-02,4.608000000000000000e+03,5.426406738281250000e+03
-5.000000074505805969e-02,-1.312371436506509781e-02,-1.694131195545196533e-01,2.535611577332019806e-02,1.124150037765502930e+00,6.288364529609680176e-02,4.175000000000000000e+03,4.226615722656250000e+03
5.784529447555541992e-01,3.221365213394165039e-01,5.775333642959594727e-01,3.784305453300476074e-01,6.857743859291076660e-01,7.088864594697952271e-02,2.284000000000000000e+03,2.299349853515625000e+03
0.000000000000000000e+00,0.000000000000000000e+00,-1.800284236669540405e-01,9.442946873605251312e-03,1.289009690284729004e+00,6.226215511560440063e-02,4.830000000000000000e+03,4.923757324218750000e+03
-5.500000119209289551e-01,-1.419351249933242798e-02,-4.419143497943878174e-01,-3.104075193405151367e-01,9.487063288688659668e-01,8.385627716779708862e-02,2.682000000000000000e+03,2.970823730468750000e+03
-5.000000074505805969e-02,8.073761314153671265e-02,5.117384791374206543e-01,-4.528567567467689514e-02,1.258656740188598633e+00,6.085324659943580627e-02,4.798000000000000000e+03,5.758252929687500000e+03
-2.000000029802322388e-01,-5.000000074505805969e-02,-3.461917638778686523e-01,9.258560091257095337e-02,1.067731022834777832e+00,5.766726285219192505e-02,4.425000000000000000e+03,4.585314941406250000e+03
0.000000000000000000e+00,5.000000074505805969e-02,-5.250478982925415039e-01,-2.975898981094360352e-01,1.264731526374816895e+00,7.225577533245086670e-02,5.687000000000000000e+03,7.028894531250000000e+03
-1.000000014901161194e-01,5.000000074505805969e-02,-7.024753093719482422e-02,-3.506147563457489014e-01,1.198482751846313477e+00,5.640441179275512695e-02,4.851000000000000000e+03,5.381858886718750000e+03
-2.500000000000000000e-01,9.482004493474960327e-02,-5.931398868560791016e-01,1.946128010749816895e-01,1.066148877143859863e+00,5.557240545749664307e-02,4.116000000000000000e+03,4.566425292968750000e+03
-5.000000074505805969e-02,0.000000000000000000e+00,-3.279396891593933105e-02,-6.707105785608291626e-02,1.033862352371215820e+00,5.346457287669181824e-02,4.201000000000000000e+03,4.219723144531250000e+03
0.000000000000000000e+00,-5.000000074505805969e-02,1.050495821982622147e-02,-2.305455654859542847e-01,9.739282131195068359e-01,5.678766220808029175e-02,4.111000000000000000e+03,4.251485351562500000e+03
8.073761314153671265e-02,1.366542428731918335e-01,3.330695331096649170e-01,6.708273291587829590e-02,1.184488296508789062e+00,6.118200346827507019e-02,4.675000000000000000e+03,4.901086914062500000e+03
-5.000000074505805969e-02,-1.000000014901161194e-01,-3.423498570919036865e-01,-1.540145128965377808e-01,1.042259573936462402e+00,6.960847228765487671e-02,3.788000000000000000e+03,4.090010009765625000e+03
-1.678191274404525757e-01,8.165905624628067017e-02,-1.549936383962631226e-01,3.205547332763671875e-01,1.080355048179626465e+00,6.168203428387641907e-02,4.292000000000000000e+03,4.499564941406250000e+03
9.482004493474960327e-02,0.000000000000000000e+00,6.500541418790817261e-02,5.084192752838134766e-02,1.242336750030517578e+00,6.015085428953170776e-02,4.904000000000000000e+03,4.915108398437500000e+03
-4.000000059604644775e-01,4.482004791498184204e-02,-6.233122348785400391e-01,-9.124945104122161865e-02,8.708757758140563965e-01,5.685028433799743652e-02,3.835000000000000000e+03,4.173900390625000000e+03
5.000000074505805969e-02,-1.000000014901161194e-01,3.346876427531242371e-02,-1.378813087940216064e-01,1.032879471778869629e+00,4.741965606808662415e-02,3.477000000000000000e+03,3.482578857421875000e+03
-1.000000014901161194e-01,5.000000074505805969e-02,-3.055582009255886078e-02,2.442057710140943527e-03,1.257660508155822754e+00,5.678815394639968872e-02,4.655000000000000000e+03,4.675746582031250000e+03
-6.312371790409088135e-02,2.514390051364898682e-01,-6.084043160080909729e-02,3.715561628341674805e-01,5.214386582374572754e-01,8.168917894363403320e-02,2.297000000000000000e+03,2.417489013671875000e+03
-1.500000059604644775e-01,-1.000000014901161194e-01,-2.167388200759887695e-01,-2.136004269123077393e-01,8.834004998207092285e-01,6.346516311168670654e-02,3.142000000000000000e+03,3.211593750000000000e+03
9.482004493474960327e-02,-1.500000059604644775e-01,2.482865303754806519e-01,-7.920235395431518555e-02,9.735794067382812500e-01,6.102047488093376160e-02,4.185000000000000000e+03,4.310110839843750000e+03
-1.834094338119029999e-02,0.000000000000000000e+00,1.729811280965805054e-01,4.409238100051879883e-01,1.239242792129516602e+00,5.899172648787498474e-02,4.679000000000000000e+03,5.359568847656250000e+03
-1.500000059604644775e-01,-5.816580727696418762e-02,-6.685975193977355957e-02,1.572440117597579956e-01,1.086075663566589355e+00,6.727934628725051880e-02,4.187000000000000000e+03,4.374199218750000000e+03
-5.000000074505805969e-02,-1.000000014901161194e-01,2.210700064897537231e-01,-7.519378513097763062e-02,8.833712339401245117e-01,8.610513806343078613e-02,2.794000000000000000e+03,3.053662841796875000e+03
5.000000074505805969e-02,-3.499999940395355225e-01,3.402635455131530762e-01,-3.113592267036437988e-01,9.833247661590576172e-01,6.415048241615295410e-02,3.310000000000000000e+03,3.597591064453125000e+03
-1.312371436506509781e-02,-2.500000000000000000e-01,1.367175206542015076e-02,-3.645212054252624512e-01,7.570809125900268555e-01,6.341191381216049194e-02,2.090000000000000000e+03,2.139997314453125000e+03
0.000000000000000000e+00,-1.834094338119029999e-02,8.779212087392807007e-02,-9.111032821238040924e-03,1.144165277481079102e+00,6.261631101369857788e-02,4.575000000000000000e+03,4.602051757812500000e+03
5.000000074505805969e-02,2.514390051364898682e-01,-1.966996639966964722e-01,3.800702691078186035e-01,6.283948421478271484e-01,9.542968124151229858e-02,1.902000000000000000e+03,2.259270507812500000e+03
-1.000000014901161194e-01,1.764043420553207397e-01,-3.485716581344604492e-01,1.376065015792846680e-01,1.161628723144531250e+00,6.495902687311172485e-02,5.015000000000000000e+03,5.247653320312500000e+03
0.000000000000000000e+00,-5.000000074505805969e-02,4.363200962543487549e-01,2.211317420005798340e-01,1.254653930664062500e+00,5.883001908659934998e-02,5.049000000000000000e+03,5.865479980468750000e+03
5.000000074505805969e-02,9.482004493474960327e-02,-4.998935759067535400e-01,3.730649054050445557e-01,1.200538635253906250e+00,6.332428008317947388e-02,4.371000000000000000e+03,5.462500976562500000e+03
3.221365213394165039e-01,8.975010365247726440e-02,2.495686113834381104e-01,1.517511904239654541e-01,8.373950719833374023e-01,6.925003230571746826e-02,2.149000000000000000e+03,2.176817626953125000e+03
-2.131237089633941650e-01,1.764043420553207397e-01,-3.442021906375885010e-01,6.117641925811767578e-01,1.020534038543701172e+00,6.688942015171051025e-02,3.862000000000000000e+03,4.598343261718750000e+03
-2.500000000000000000e-01,-5.179951898753643036e-03,-6.429731100797653198e-02,-4.236834347248077393e-01,1.167319416999816895e+00,5.889536812901496887e-02,4.758000000000000000e+03,5.466031738281250000e+03
-2.131237089633941650e-01,3.815837576985359192e-02,-2.604652047157287598e-01,-2.636843621730804443e-01,8.196035623550415039e-01,6.578864902257919312e-02,2.657000000000000000e+03,3.014975830078125000e+03
5.000000074505805969e-02,0.000000000000000000e+00,-6.343872100114822388e-02,1.985327154397964478e-02,1.216366410255432129e+00,6.294546276330947876e-02,3.944000000000000000e+03,3.979398681640625000e+03
-6.499999761581420898e-01,-9.605181217193603516e-02,-7.931339144706726074e-01,1.245847716927528381e-02,7.547936439514160156e-01,8.881393074989318848e-02,2.154000000000000000e+03,2.274490966796875000e+03
5.000000074505805969e-02,2.503692209720611572e-01,4.235392436385154724e-02,4.102746546268463135e-01,5.308220982551574707e-01,1.035275980830192566e-01,1.602000000000000000e+03,1.744769775390625000e+03
-3.000000119209289551e-01,-1.500000059604644775e-01,-5.600945949554443359e-01,1.190688237547874451e-01,8.826138973236083984e-01,8.523043990135192871e-02,3.502000000000000000e+03,4.107896484375000000e+03
8.032695204019546509e-02,1.764043420553207397e-01,6.707968562841415405e-02,2.381644099950790405e-01,6.827647089958190918e-01,8.106741309165954590e-02,2.313000000000000000e+03,2.332654052734375000e+03
-5.000000074505805969e-02,0.000000000000000000e+00,-2.715086378157138824e-02,3.922859579324722290e-02,1.226242542266845703e+00,5.861242115497589111e-02,4.328000000000000000e+03,4.333939453125000000e+03
3.815837576985359192e-02,9.482004493474960327e-02,-2.580731213092803955e-01,-3.285912573337554932e-01,1.090955972671508789e+00,6.300831586122512817e-02,4.196000000000000000e+03,5.094129882812500000e+03
9.482004493474960327e-02,2.924878522753715515e-02,2.355425432324409485e-02,5.827378109097480774e-02,1.060707807540893555e+00,5.693103000521659851e-02,3.616000000000000000e+03,3.634917236328125000e+03
9.482004493474960327e-02,5.000000074505805969e-02,-9.142247587442398071e-02,-8.619146049022674561e-02,1.104246377944946289e+00,6.235684081912040710e-02,4.313000000000000000e+03,4.499746093750000000e+03
5.000000074505805969e-02,-1.000000014901161194e-01,4.075999557971954346e-02,-6.198045611381530762e-02,5.595523715019226074e-01,7.824774831533432007e-02,1.890000000000000000e+03,1.899207153320312500e+03
-1.500000059604644775e-01,-5.000000074505805969e-02,-5.327827930450439453e-01,-4.802745766937732697e-03,1.232421994209289551e+00,5.505236238241195679e-02,5.130000000000000000e+03,5.620827148437500000e+03
4.183419048786163330e-02,0.000000000000000000e+00,-3.155815899372100830e-01,3.235318958759307861e-01,1.285418629646301270e+00,5.362289026379585266e-02,4.822000000000000000e+03,5.479206542968750000e+03
0.000000000000000000e+00,2.514390051364898682e-01,-2.612073421478271484e-01,2.640621364116668701e-01,9.836235642433166504e-01,6.950338929891586304e-02,4.087000000000000000e+03,4.370907226562500000e+03
-2.500000000000000000e-01,-1.000000014901161194e-01,-3.279578387737274170e-01,7.425608485937118530e-02,8.977597355842590332e-01,8.224801719188690186e-02,2.946000000000000000e+03,3.077714599609375000e+03
-1.000000014901161194e-01,9.482004493474960327e-02,-2.633148990571498871e-02,-1.070909015834331512e-02,1.119471192359924316e+00,5.872152745723724365e-02,3.910000000000000000e+03,3.961537597656250000e+03
-1.500000059604644775e-01,0.000000000000000000e+00,-1.720425039529800415e-01,-2.798899449408054352e-02,1.040454626083374023e+00,6.373243033885955811e-02,3.684000000000000000e+03,3.688267333984375000e+03
5.000000074505805969e-02,1.366542428731918335e-01,3.937403857707977295e-02,-3.278173506259918213e-01,1.166020631790161133e+00,7.198359817266464233e-02,4.381000000000000000e+03,5.053002441406250000e+03
-2.500000000000000000e-01,9.482004493474960327e-02,-1.416645944118499756e-01,6.488329917192459106e-02,7.970007658004760742e-01,6.398146599531173706e-02,3.093000000000000000e+03,3.154408203125000000e+03
-1.000000014901161194e-01,9.482004493474960327e-02,4.601648077368736267e-02,2.832337021827697754e-01,5.566235780715942383e-01,6.846123188734054565e-02,2.237000000000000000e+03,2.631343261718750000e+03
-5.000000074505805969e-02,-2.000000029802322388e-01,-7.147420197725296021e-02,-2.058069854974746704e-01,8.209164738655090332e-01,8.491022884845733643e-02,2.872000000000000000e+03,2.874096435546875000e+03
-5.816580727696418762e-02,-5.000000074505805969e-02,1.573045700788497925e-01,-1.270704865455627441e-01,6.615248918533325195e-01,8.358512073755264282e-02,1.827000000000000000e+03,2.040078735351562500e+03
-8.165807463228702545e-03,9.482004493474960327e-02,1.005760356783866882e-01,-5.123726129531860352e-01,1.274072289466857910e+00,6.095390021800994873e-02,5.111000000000000000e+03,6.250938964843750000e+03
0.000000000000000000e+00,-2.000000029802322388e-01,-2.565543912351131439e-02,-3.670336604118347168e-01,1.111375212669372559e+00,5.713417381048202515e-02,4.238000000000000000e+03,4.335244140625000000e+03
9.482004493474960327e-02,9.482004493474960327e-02,-2.774039506912231445e-01,-2.475794851779937744e-01,9.192278981208801270e-01,7.161229103803634644e-02,3.473000000000000000e+03,4.464939941406250000e+03
-1.000000014901161194e-01,-5.000000074505805969e-02,-2.842624783515930176e-01,-1.506390571594238281e-01,8.894410133361816406e-01,6.418645381927490234e-02,3.760000000000000000e+03,3.966240478515625000e+03
-4.192623794078826904e-01,2.555765770375728607e-02,-7.679748535156250000e-01,-2.906527519226074219e-01,8.483489751815795898e-01,7.018294185400009155e-02,2.954000000000000000e+03,3.810977783203125000e+03
-3.659073412418365479e-01,4.862083792686462402e-01,-3.337618410587310791e-01,6.450925469398498535e-01,6.054201126098632812e-01,8.742106705904006958e-02,1.952000000000000000e+03,2.089453613281250000e+03
-2.641935050487518311e-01,0.000000000000000000e+00,-1.715121269226074219e-01,1.350359618663787842e-01,6.115332245826721191e-01,6.342880427837371826e-02,2.352000000000000000e+03,2.517620361328125000e+03
-1.500000059604644775e-01,-1.184162404388189316e-02,-3.002675175666809082e-01,1.024239584803581238e-01,1.218027591705322266e+00,6.828175485134124756e-02,4.482000000000000000e+03,4.589219238281250000e+03
-5.000000074505805969e-02,9.482004493474960327e-02,6.912449002265930176e-02,-5.741126090288162231e-02,1.260543704032897949e+00,6.305171549320220947e-02,4.644000000000000000e+03,4.752813964843750000e+03
9.482004493474960327e-02,-1.618416309356689453e-01,1.709759831428527832e-01,-1.344721615314483643e-01,8.069625496864318848e-01,6.635051220655441284e-02,2.807000000000000000e+03,2.835281982421875000e+03
1.366542428731918335e-01,5.000000074505805969e-02,-1.448714733123779297e-01,1.580211520195007324e-01,1.239375829696655273e+00,6.049243360757827759e-02,4.835000000000000000e+03,5.117531738281250000e+03
2.145627290010452271e-01,9.482004493474960327e-02,1.883675605058670044e-01,-2.135184407234191895e-02,1.070635676383972168e+00,7.145726680755615234e-02,3.898000000000000000e+03,3.946191162109375000e+03
-3.000000119209289551e-01,-1.000000014901161194e-01,-8.125725202262401581e-03,-1.039776578545570374e-01,1.184198617935180664e+00,7.391268759965896606e-02,3.967000000000000000e+03,4.204434570312500000e+03
-1.000000014901161194e-01,-3.151089549064636230e-01,-1.523483395576477051e-01,-7.738124132156372070e-01,1.074442863464355469e+00,6.542960554361343384e-02,4.256000000000000000e+03,5.011889648437500000e+03
-5.000000074505805969e-02,0.000000000000000000e+00,2.639968991279602051e-01,-4.209429025650024414e-01,1.227957963943481445e+00,5.978694185614585876e-02,4.921000000000000000e+03,5.785246093750000000e+03
1.366542428731918335e-01,1.764043420553207397e-01,9.245909005403518677e-02,4.011608362197875977e-01,1.169518351554870605e+00,6.289958953857421875e-02,4.642000000000000000e+03,4.818051757812500000e+03
-4.000000059604644775e-01,1.366542428731918335e-01,-4.793235957622528076e-01,-1.147115007042884827e-01,8.837357163429260254e-01,1.078621372580528259e-01,2.677000000000000000e+03,2.910581787109375000e+03
1.366542428731918335e-01,-1.618416309356689453e-01,2.505674399435520172e-02,-2.714872062206268311e-01,1.051470279693603516e+00,6.370484083890914917e-02,3.710000000000000000e+03,3.791590576171875000e+03
-1.102498918771743774e-01,9.482004493474960327e-02,-2.252857238054275513e-01,-3.092404007911682129e-01,1.071569204330444336e+00,6.946981698274612427e-02,3.910000000000000000e+03,4.491841796875000000e+03
-1.000000014901161194e-01,1.764043420553207397e-01,1.139782443642616272e-01,9.756401926279067993e-02,1.076886415481567383e+00,6.158932298421859741e-02,3.903000000000000000e+03,4.076576171875000000e+03
0.000000000000000000e+00,-1.500000059604644775e-01,-1.094677671790122986e-01,-1.944609433412551880e-01,4.752900600433349609e-01,9.273742884397506714e-02,1.804000000000000000e+03,1.914048583984375000e+03
5.000000074505805969e-02,9.482004493474960327e-02,2.058544009923934937e-01,-3.468445241451263428e-01,1.079351425170898438e+00,6.284276396036148071e-02,3.891000000000000000e+03,4.595099121093750000e+03
-1.500000059604644775e-01,0.000000000000000000e+00,-4.619176983833312988e-01,-3.023861646652221680e-01,9.677142500877380371e-01,6.340000033378601074e-02,4.086000000000000000e+03,4.873818359375000000e+03
4.862083792686462402e-01,4.223684668540954590e-01,4.373175501823425293e-01,3.599123060703277588e-01,4.274625182151794434e-01,8.594097197055816650e-02,1.618000000000000000e+03,1.673291992187500000e+03
9.482004493474960327e-02,-1.000000014901161194e-01,2.976326644420623779e-01,2.887013256549835205e-01,1.034670948982238770e+00,5.414836481213569641e-02,4.646000000000000000e+03,5.449824707031250000e+03
-2.000000029802322388e-01,-1.500000059604644775e-01,-1.715214401483535767e-01,5.970026180148124695e-02,9.429662227630615234e-01,9.009632468223571777e-02,2.802000000000000000e+03,2.941740478515625000e+03
2.145627290010452271e-01,-2.000000029802322388e-01,7.373521476984024048e-02,1.534083485603332520e-01,7.530929446220397949e-01,6.560879945755004883e-02,2.411000000000000000e+03,2.995109619140625000e+03
-1.000000014901161194e-01,8.687628805637359619e-02,-2.032913118600845337e-01,1.454095840454101562e-01,5.524905323982238770e-01,6.405461579561233521e-02,1.999000000000000000e+03,2.090286376953125000e+03
1.764043420553207397e-01,1.366542428731918335e-01,7.193812727928161621e-01,8.325449377298355103e-02,1.128563404083251953e+00,5.658781901001930237e-02,4.258000000000000000e+03,5.207688964843750000e+03
9.482004493474960327e-02,1.764043420553207397e-01,6.189336776733398438e-01,2.277096211910247803e-01,1.232713937759399414e+00,5.322997272014617920e-02,4.473000000000000000e+03,5.258566406250000000e+03
2.145627290010452271e-01,-5.000000074505805969e-02,7.420771718025207520e-01,1.628944128751754761e-01,1.132690668106079102e+00,7.589104771614074707e-02,3.764000000000000000e+03,4.665633789062500000e+03
5.000000074505805969e-02,1.366542428731918335e-01,1.891672760248184204e-01,8.841762691736221313e-02,1.131544232368469238e+00,6.792458146810531616e-02,4.417000000000000000e+03,4.491519042968750000e+03
-3.000000119209289551e-01,-4.166139364242553711e-01,-5.591444969177246094e-01,-2.080916166305541992e-01,1.139593601226806641e+00,6.640778481960296631e-02,3.851000000000000000e+03,4.172983886718750000e+03
2.494537532329559326e-01,3.562291860580444336e-01,3.014128506183624268e-01,8.251300454139709473e-01,1.015581130981445312e+00,6.738776713609695435e-02,4.008000000000000000e+03,4.834446289062500000e+03
-2.000000029802322388e-01,-1.000000014901161194e-01,-1.690021008253097534e-01,3.399540856480598450e-02,1.098819136619567871e+00,6.353183090686798096e-02,3.845000000000000000e+03,3.904762939453125000e+03
0.000000000000000000e+00,-1.000000014901161194e-01,-3.012109100818634033e-01,-2.873810529708862305e-01,1.101375341415405273e+00,5.627156794071197510e-02,4.538000000000000000e+03,4.997891113281250000e+03
-5.000000074505805969e-02,-1.724679581820964813e-02,6.648246943950653076e-02,-4.878058284521102905e-02,9.130999445915222168e-01,6.298188120126724243e-02,3.077000000000000000e+03,3.130597412109375000e+03
-5.000000074505805969e-02,-5.000000074505805969e-02,-7.768303155899047852e-03,3.591729402542114258e-01,1.259192466735839844e+00,5.618720501661300659e-02,5.074000000000000000e+03,5.603054199218750000e+03
3.275320306420326233e-02,5.000000074505805969e-02,-2.572070956230163574e-01,-1.651304587721824646e-02,1.181176662445068359e+00,5.981073901057243347e-02,4.439000000000000000e+03,4.716262207031250000e+03
-4.499999880790710449e-01,-4.000000059604644775e-01,-4.086104929447174072e-01,-3.999347388744354248e-01,8.760206699371337891e-01,6.622658669948577881e-02,3.440000000000000000e+03,3.447628417968750000e+03
0.000000000000000000e+00,-1.000000014901161194e-01,4.139579087495803833e-02,3.855203688144683838e-01,1.232727050781250000e+00,5.368543416261672974e-02,4.559000000000000000e+03,5.247792480468750000e+03
3.562291860580444336e-01,-1.000000014901161194e-01,2.545747160911560059e-01,-8.809366263449192047e-03,7.064996361732482910e-01,6.144418567419052124e-02,2.687000000000000000e+03,2.786611816406250000e+03
3.221365213394165039e-01,1.662398129701614380e-01,3.666817247867584229e-01,-3.707481920719146729e-02,7.036852836608886719e-01,6.273944675922393799e-02,2.751000000000000000e+03,2.986991210937500000e+03
9.482004493474960327e-02,-2.000000029802322388e-01,3.336960077285766602e-01,-2.358133196830749512e-01,1.126979351043701172e+00,6.091874092817306519e-02,4.262000000000000000e+03,4.455604492187500000e+03
3.171895444393157959e-01,-1.500000059604644775e-01,4.395266771316528320e-01,4.681861773133277893e-02,9.428658485412597656e-01,7.396659255027770996e-02,3.161000000000000000e+03,3.349291259765625000e+03
-1.000000014901161194e-01,1.366542428731918335e-01,-2.325079590082168579e-01,7.647313177585601807e-02,9.773526191711425781e-01,7.784957438707351685e-02,4.446000000000000000e+03,4.543776855468750000e+03
-1.000000014901161194e-01,-8.165807463228702545e-03,-4.720219969749450684e-02,2.063077092170715332e-01,8.655796051025390625e-01,6.421782076358795166e-02,3.849000000000000000e+03,4.096260742187500000e+03
3.221365213394165039e-01,2.872454822063446045e-01,2.344644814729690552e-01,1.735089719295501709e-01,1.148676633834838867e+00,6.152176484465599060e-02,4.053000000000000000e+03,4.115996093750000000e+03
9.482004493474960327e-02,-1.000000014901161194e-01,2.167682349681854248e-01,-1.472202688455581665e-01,1.246820092201232910e+00,5.627146735787391663e-02,4.570000000000000000e+03,4.619894531250000000e+03
3.975010663270950317e-02,-5.000000074505805969e-02,2.970499992370605469e-01,-2.701992690563201904e-01,1.187332630157470703e+00,5.653168261051177979e-02,5.202000000000000000e+03,5.616745605468750000e+03
0.000000000000000000e+00,5.000000074505805969e-02,2.094766795635223389e-01,-4.401702433824539185e-02,1.191669344902038574e+00,5.851921811699867249e-02,4.831000000000000000e+03,5.009070800781250000e+03
5.000000074505805969e-02,-5.000000074505805969e-02,6.028447151184082031e-01,-2.040472328662872314e-01,1.163321852684020996e+00,6.188587099313735962e-02,4.329000000000000000e+03,5.331433593750000000e+03
-8.165807463228702545e-03,5.000000074505805969e-02,2.293622195720672607e-01,2.094509303569793701e-01,1.232186436653137207e+00,6.070469319820404053e-02,4.396000000000000000e+03,4.630070312500000000e+03
-3.000000119209289551e-01,-5.000000074505805969e-02,-2.572302706539630890e-02,-1.965796202421188354e-01,1.062414050102233887e+00,8.240270614624023438e-02,3.602000000000000000e+03,3.904459472656250000e+03
-6.024989485740661621e-02,-4.499999880790710449e-01,1.176409199833869934e-01,-7.913442254066467285e-01,1.012477755546569824e+00,6.118110939860343933e-02,3.921000000000000000e+03,4.469951171875000000e+03
1.764043420553207397e-01,1.264791041612625122e-01,2.012527137994766235e-01,-1.087106298655271530e-02,1.137482523918151855e+00,6.050654500722885132e-02,4.385000000000000000e+03,4.450898925781250000e+03
-2.000000029802322388e-01,1.366542428731918335e-01,2.256026118993759155e-01,-9.124235808849334717e-02,1.170441269874572754e+00,5.460898205637931824e-02,4.746000000000000000e+03,5.525115722656250000e+03
-2.000000029802322388e-01,5.000000074505805969e-02,2.180756628513336182e-02,1.411336660385131836e-01,9.648460745811462402e-01,7.746826857328414917e-02,3.422000000000000000e+03,3.630750732421875000e+03
-2.000000029802322388e-01,8.815837651491165161e-02,3.760130703449249268e-02,1.649892628192901611e-01,1.105666399002075195e+00,6.357661634683609009e-02,4.334000000000000000e+03,4.552354492187500000e+03
-5.000000074505805969e-02,-1.000000014901161194e-01,3.003298044204711914e-01,3.797556757926940918e-01,1.048967599868774414e+00,5.791521072387695312e-02,3.597000000000000000e+03,4.682364746093750000e+03
3.073761053383350372e-02,1.366542428731918335e-01,-4.816519841551780701e-02,3.238205611705780029e-01,1.210568428039550781e+00,5.690829083323478699e-02,4.896000000000000000e+03,5.032498046875000000e+03
0.000000000000000000e+00,9.482004493474960327e-02,1.381708532571792603e-01,-1.712669990956783295e-02,1.216223835945129395e+00,6.557888537645339966e-02,4.526000000000000000e+03,4.622017089843750000e+03
0.000000000000000000e+00,5.000000074505805969e-02,2.840785086154937744e-01,1.703409254550933838e-01,1.271932005882263184e+00,5.987415462732315063e-02,5.223000000000000000e+03,5.526737304687500000e+03
-5.000000074505805969e-02,3.896152675151824951e-01,-3.477289974689483643e-01,4.775985777378082275e-01,9.304615259170532227e-01,7.703221589326858521e-02,3.385000000000000000e+03,3.752470703125000000e+03
0.000000000000000000e+00,5.000000074505805969e-02,-1.592420041561126709e-01,5.392780900001525879e-01,1.251113295555114746e+00,5.852452293038368225e-02,5.317000000000000000e+03,6.183312988281250000e+03
8.032695204019546509e-02,5.000000074505805969e-02,4.290886819362640381e-01,-3.612850010395050049e-01,1.249469399452209473e+00,6.129884719848632812e-02,5.277000000000000000e+03,6.221259277343750000e+03
9.482004493474960327e-02,1.260000616312026978e-01,1.389551162719726562e-01,-3.234013617038726807e-01,1.104305624961853027e+00,6.078447028994560242e-02,3.936000000000000000e+03,4.570104003906250000e+03
4.482004791498184204e-02,-4.000000059604644775e-01,-1.472166329622268677e-01,-8.161342740058898926e-01,9.875460267066955566e-01,6.124113500118255615e-02,3.691000000000000000e+03,4.452081054687500000e+03
-1.631237119436264038e-01,2.872454822063446045e-01,-2.758357226848602295e-01,-5.118409171700477600e-02,1.131284713745117188e+00,5.450234189629554749e-02,4.743000000000000000e+03,5.204357910156250000e+03
3.975010663270950317e-02,-5.000000074505805969e-02,-1.761815845966339111e-01,2.663010358810424805e-01,1.246251344680786133e+00,5.661482736468315125e-02,4.862000000000000000e+03,5.311973144531250000e+03
1.764043420553207397e-01,3.975010663270950317e-02,2.793947458267211914e-01,2.944912910461425781e-01,1.146732449531555176e+00,7.008196413516998291e-02,3.790000000000000000e+03,4.005130371093750000e+03
-1.000000014901161194e-01,9.482004493474960327e-02,-1.442011445760726929e-01,1.070353835821151733e-01,1.169761300086975098e+00,5.815447494387626648e-02,4.508000000000000000e+03,4.514875000000000000e+03
3.221365213394165039e-01,-2.000000029802322388e-01,1.661743819713592529e-01,-7.527337968349456787e-02,7.969094514846801758e-01,9.226889908313751221e-02,1.997000000000000000e+03,2.120563476562500000e+03
5.000000074505805969e-02,-2.000000029802322388e-01,2.857500612735748291e-01,1.881495118141174316e-02,1.162025570869445801e+00,5.855841934680938721e-02,4.646000000000000000e+03,4.995869140625000000e+03
0.000000000000000000e+00,3.118000738322734833e-02,-3.932054340839385986e-01,9.433863312005996704e-02,1.242833495140075684e+00,6.013414636254310608e-02,4.824000000000000000e+03,5.306919433593750000e+03
-8.165807463228702545e-03,5.000000074505805969e-02,2.905398011207580566e-01,2.563679404556751251e-02,1.264349341392517090e+00,6.031296402215957642e-02,5.271000000000000000e+03,5.562976562500000000e+03
-1.500000059604644775e-01,5.000000074505805969e-02,3.487358987331390381e-01,2.538027614355087280e-02,1.095103144645690918e+00,8.292046189308166504e-02,3.780000000000000000e+03,4.533698242187500000e+03
-1.967304572463035583e-02,-1.500000059604644775e-01,2.685100138187408447e-01,-2.334795594215393066e-01,1.152670145034790039e+00,5.919954553246498108e-02,4.751000000000000000e+03,5.067726562500000000e+03
0.000000000000000000e+00,-2.141935080289840698e-01,-3.986112773418426514e-02,-2.634153664112091064e-01,7.319023609161376953e-01,6.351719796657562256e-02,2.555000000000000000e+03,2.574145263671875000e+03
0.000000000000000000e+00,-2.500000000000000000e-01,-1.698553115129470825e-01,-3.596318066120147705e-01,9.906579852104187012e-01,6.715829670429229736e-02,3.790000000000000000e+03,3.946273681640625000e+03
-1.500000059604644775e-01,0.000000000000000000e+00,-1.507784873247146606e-01,3.439477980136871338e-01,9.265263676643371582e-01,5.507058277726173401e-02,3.530000000000000000e+03,4.001943115234375000e+03
-1.500000059604644775e-01,-2.000000029802322388e-01,-2.083977162837982178e-01,-2.901176214218139648e-01,7.546063065528869629e-01,8.568944782018661499e-02,2.271000000000000000e+03,2.316765136718750000e+03
-1.000000014901161194e-01,-8.165807463228702545e-03,-6.054576952010393143e-03,-1.796682626008987427e-01,6.225953102111816406e-01,8.583975583314895630e-02,1.970000000000000000e+03,2.160050048828125000e+03
6.961627006530761719e-01,-5.500000119209289551e-01,7.483905553817749023e-01,-5.469776988029479980e-01,3.126499056816101074e-01,1.242968738079071045e-01,1.039000000000000000e+03,1.067966796875000000e+03
9.482004493474960327e-02,5.000000074505805969e-02,-1.164635494351387024e-01,-2.253349721431732178e-01,1.109088659286499023e+00,5.148351937532424927e-02,4.816000000000000000e+03,5.276784179687500000e+03
3.975010663270950317e-02,-5.000000074505805969e-02,1.972054839134216309e-01,-4.454593360424041748e-02,1.234250664710998535e+00,6.023843586444854736e-02,4.491000000000000000e+03,4.563752441406250000e+03
-2.500000000000000000e-01,0.000000000000000000e+00,-4.041700065135955811e-01,1.613272703252732754e-03,1.098490953445434570e+00,5.518176034092903137e-02,4.743000000000000000e+03,4.835765136718750000e+03
5.481259822845458984e-01,0.000000000000000000e+00,8.649615049362182617e-01,1.493099927902221680e-01,9.788014888763427734e-01,5.606643855571746826e-02,4.234000000000000000e+03,4.759837890625000000e+03
0.000000000000000000e+00,1.764043420553207397e-01,-4.095420986413955688e-02,-1.120978686958551407e-02,1.221061944961547852e+00,5.430903658270835876e-02,4.341000000000000000e+03,4.447727050781250000e+03
0.000000000000000000e+00,-1.618416309356689453e-01,-1.021872907876968384e-01,-3.191269040107727051e-01,1.047703385353088379e+00,5.988753214478492737e-02,4.472000000000000000e+03,4.614202148437500000e+03
5.000000074505805969e-02,5.000000074505805969e-02,-3.343259692192077637e-01,1.028288006782531738e-01,1.228778600692749023e+00,5.762604251503944397e-02,4.690000000000000000e+03,5.146202636718750000e+03
0.000000000000000000e+00,5.173884034156799316e-01,-1.370755732059478760e-01,2.355016916990280151e-01,9.692184329032897949e-01,6.194522231817245483e-02,3.441000000000000000e+03,3.792572509765625000e+03
-1.000000014901161194e-01,-3.000000119209289551e-01,2.448732033371925354e-02,-4.225664436817169189e-01,9.916560053825378418e-01,7.302512973546981812e-02,3.344000000000000000e+03,3.447123046875000000e+03
3.118000738322734833e-02,3.073761053383350372e-02,4.532516896724700928e-01,-4.076025187969207764e-01,1.131408333778381348e+00,7.973174750804901123e-02,3.933000000000000000e+03,5.009457031250000000e+03
2.872454822063446045e-01,1.366542428731918335e-01,2.523601651191711426e-01,2.676180303096771240e-01,5.460140109062194824e-01,6.989321857690811157e-02,1.919000000000000000e+03,2.035509399414062500e+03
-2.500000000000000000e-01,-5.000000074505805969e-02,-1.160254180431365967e-01,-2.829926908016204834e-01,1.089006662368774414e+00,6.589023023843765259e-02,3.994000000000000000e+03,4.234193359375000000e+03
9.482004493474960327e-02,9.482004493474960327e-02,-1.132977828383445740e-01,1.387874335050582886e-01,8.689222931861877441e-01,7.115542888641357422e-02,2.875000000000000000e+03,3.044622558593750000e+03
5.000000074505805969e-02,5.000000074505805969e-02,-2.882559597492218018e-01,-3.202348574995994568e-02,1.278239846229553223e+00,5.596757680177688599e-02,4.469000000000000000e+03,4.795219726562500000e+03
-1.000000014901161194e-01,0.000000000000000000e+00,-6.106697767972946167e-02,-2.147134244441986084e-01,1.156868219375610352e+00,6.386903673410415649e-02,4.571000000000000000e+03,4.731864257812500000e+03
-1.000000014901161194e-01,2.514390051364898682e-01,-9.927220642566680908e-02,-1.585954427719116211e-02,1.066216468811035156e+00,6.360827386379241943e-02,4.184000000000000000e+03,4.442883300781250000e+03
0.000000000000000000e+00,-2.131237089633941650e-01,2.182644978165626526e-02,-1.749019324779510498e-01,4.382286667823791504e-01,8.354078233242034912e-02,1.740000000000000000e+03,1.757531372070312500e+03
-1.000000014901161194e-01,9.482004493474960327e-02,-6.192744150757789612e-02,1.955183967947959900e-02,1.089573621749877930e+00,6.128991395235061646e-02,4.176000000000000000e+03,4.201019531250000000e+03
0.000000000000000000e+00,0.000000000000000000e+00,-9.108034521341323853e-02,-5.572530627250671387e-01,1.282356739044189453e+00,5.622296035289764404e-02,5.217000000000000000e+03,6.186047851562500000e+03
2.514390051364898682e-01,2.145627290010452271e-01,3.226651549339294434e-01,2.389479428529739380e-01,8.724991083145141602e-01,5.997386202216148376e-02,3.269000000000000000e+03,3.293207763671875000e+03
-5.000000074505805969e-02,8.073761314153671265e-02,-6.988834589719772339e-02,-3.516216874122619629e-01,8.923863768577575684e-01,6.930401921272277832e-02,3.406000000000000000e+03,4.168513183593750000e+03
-1.000000014901161194e-01,2.145627290010452271e-01,-1.928406953811645508e-01,1.770732700824737549e-01,1.180390000343322754e+00,5.871599540114402771e-02,4.553000000000000000e+03,4.585528808593750000e+03
0.000000000000000000e+00,-1.510896813124418259e-02,-7.270090281963348389e-02,-3.353372216224670410e-01,1.218604087829589844e+00,5.889720097184181213e-02,4.610000000000000000e+03,4.939046386718750000e+03
1.366542428731918335e-01,-3.499999940395355225e-01,1.337377578020095825e-01,-3.649944365024566650e-01,8.016705513000488281e-01,1.011148989200592041e-01,3.027000000000000000e+03,3.028093505859375000e+03
5.000000074505805969e-02,-2.500000000000000000e-01,-2.258310914039611816e-01,-8.040062338113784790e-02,1.154854416847229004e+00,6.805641204118728638e-02,4.206000000000000000e+03,4.531228027343750000e+03
3.221365213394165039e-01,-1.000000014901161194e-01,3.453277945518493652e-01,-4.203256964683532715e-01,8.405445218086242676e-01,7.482581585645675659e-02,3.448000000000000000e+03,3.936301513671875000e+03
-1.500000059604644775e-01,9.482004493474960327e-02,-3.069713115692138672e-01,1.669789850711822510e-01,1.044015169143676758e+00,6.219420582056045532e-02,4.080000000000000000e+03,4.190839355468750000e+03
-4.683409333229064941e-01,2.014390081167221069e-01,-5.576899051666259766e-01,1.768715381622314453e-01,3.634204864501953125e-01,1.460187733173370361e-01,8.720000000000000000e+02,9.277567749023437500e+02
2.145627290010452271e-01,-1.000000014901161194e-01,2.992766499519348145e-01,-2.349889129400253296e-01,5.714067816734313965e-01,7.344489544630050659e-02,2.009000000000000000e+03,2.162307861328125000e+03
-4.000000059604644775e-01,-1.000000014901161194e-01,-4.429522752761840820e-01,-3.080468773841857910e-01,4.588237702846527100e-01,1.274086534976959229e-01,1.367000000000000000e+03,1.646778564453125000e+03
0.000000000000000000e+00,-1.000000014901161194e-01,2.067655622959136963e-01,3.193811178207397461e-01,1.251189351081848145e+00,5.910216644406318665e-02,4.861000000000000000e+03,5.518445312500000000e+03
-5.000000074505805969e-02,5.000000074505805969e-02,-3.262171149253845215e-02,4.851212203502655029e-01,1.171375155448913574e+00,6.044311448931694031e-02,4.582000000000000000e+03,5.196956054687500000e+03
-5.000000074505805969e-02,-5.000000074505805969e-02,1.242173314094543457e-01,-1.975117176771163940e-01,6.252201795578002930e-01,6.707787513732910156e-02,2.486000000000000000e+03,2.808245117187500000e+03
9.482004493474960327e-02,-1.000000014901161194e-01,1.193191185593605042e-01,-6.508023478090763092e-03,1.219590544700622559e+00,6.212099269032478333e-02,4.420000000000000000e+03,4.447890625000000000e+03
-2.000000029802322388e-01,-1.000000014901161194e-01,-2.149831801652908325e-01,6.924829445779323578e-03,8.384058475494384766e-01,6.203404441475868225e-02,3.605000000000000000e+03,3.664361083984375000e+03
2.145627290010452271e-01,-5.000000074505805969e-02,2.761724889278411865e-01,2.123403362929821014e-02,3.800730705261230469e-01,9.817826002836227417e-02,1.263000000000000000e+03,1.339317626953125000e+03
-5.000000074505805969e-02,4.482004791498184204e-02,-3.576153516769409180e-01,-2.733916044235229492e-01,1.266232848167419434e+00,6.024269014596939087e-02,5.540000000000000000e+03,6.198989746093750000e+03
-1.834094338119029999e-02,4.183419048786163330e-02,3.701958954334259033e-01,-8.023430407047271729e-02,1.199618458747863770e+00,5.782802402973175049e-02,4.639000000000000000e+03,5.158979980468750000e+03
-2.131237089633941650e-01,-5.000000074505805969e-02,2.243011891841888428e-01,-1.150393784046173096e-01,1.171193242073059082e+00,5.730825662612915039e-02,4.690000000000000000e+03,5.339108398437500000e+03
-2.500000000000000000e-01,-2.000000029802322388e-01,-2.915207147598266602e-01,-6.633531451225280762e-01,1.260276436805725098e+00,1.474108994007110596e-01,2.381000000000000000e+03,2.695663574218750000e+03
9.482004493474960327e-02,0.000000000000000000e+00,8.401186764240264893e-02,2.920716404914855957e-01,8.451981544494628906e-01,6.018823757767677307e-02,3.040000000000000000e+03,3.393148925781250000e+03
1.366542428731918335e-01,5.000000074505805969e-02,2.378439158201217651e-01,-9.628094732761383057e-02,9.596556425094604492e-01,5.816035345196723938e-02,3.663000000000000000e+03,3.787437011718750000e+03
3.975010663270950317e-02,-2.000000029802322388e-01,-1.519567817449569702e-01,2.597763538360595703e-01,1.085875511169433594e+00,5.860311165452003479e-02,3.651000000000000000e+03,4.387167968750000000e+03
-1.000000014901161194e-01,1.735305190086364746e-01,-2.149732559919357300e-01,1.020657643675804138e-01,1.064785718917846680e+00,6.626617908477783203e-02,3.202000000000000000e+03,3.253447021484375000e+03
-3.151089549064636230e-01,0.000000000000000000e+00,-4.515869915485382080e-01,1.047330871224403381e-01,7.687453627586364746e-01,7.870779931545257568e-02,2.865000000000000000e+03,3.006430419921875000e+03
-5.179951898753643036e-03,5.000000074505805969e-02,6.410974860191345215e-01,-1.176635473966598511e-01,1.262276887893676758e+00,5.969359725713729858e-02,4.473000000000000000e+03,5.655651855468750000e+03
4.223684668540954590e-01,3.221365213394165039e-01,6.093889474868774414e-01,4.304179921746253967e-02,7.826005816459655762e-01,9.605976939201354980e-02,3.408000000000000000e+03,4.011020996093750000e+03
2.872454822063446045e-01,-1.500000059604644775e-01,2.643488049507141113e-01,-9.764116257429122925e-02,1.137009739875793457e+00,6.333544105291366577e-02,4.403000000000000000e+03,4.414056152343750000e+03
2.112953811883926392e-01,5.000000074505805969e-02,2.779368162155151367e-01,-1.186423674225807190e-01,5.201421380043029785e-01,7.710860669612884521e-02,1.941000000000000000e+03,2.170976562500000000e+03
2.994404174387454987e-02,5.000000074505805969e-02,-4.188610613346099854e-02,-3.424321413040161133e-01,1.254930019378662109e+00,5.544681102037429810e-02,5.047000000000000000e+03,5.546070800781250000e+03
1.764043420553207397e-01,5.000000074505805969e-02,3.267285823822021484e-01,-1.675481796264648438e-01,1.226906538009643555e+00,6.042437627911567688e-02,5.143000000000000000e+03,5.379100097656250000e+03
1.366542428731918335e-01,-3.499999940395355225e-01,5.404990315437316895e-01,-3.156865537166595459e-01,8.535233736038208008e-01,9.143026918172836304e-02,3.395000000000000000e+03,4.124401367187500000e+03
-2.041443064808845520e-02,5.000000074505805969e-02,8.380355685949325562e-02,-3.095066547393798828e-01,9.570026993751525879e-01,6.623597443103790283e-02,3.752000000000000000e+03,4.306104003906250000e+03
2.145627290010452271e-01,-1.000000014901161194e-01,2.462116330862045288e-01,-6.546000838279724121e-01,1.179251432418823242e+00,7.096327841281890869e-02,4.590000000000000000e+03,5.561514160156250000e+03
5.000000074505805969e-02,-1.500000059604644775e-01,-5.109721049666404724e-02,-6.299460530281066895e-01,1.079053878784179688e+00,5.987104028463363647e-02,4.019000000000000000e+03,4.814397460937500000e+03
-1.000000014901161194e-01,-1.000000014901161194e-01,-2.464044094085693359e-02,-3.258458673954010010e-01,8.684290647506713867e-01,8.242861181497573853e-02,2.568000000000000000e+03,2.757979980468750000e+03
-1.500000059604644775e-01,-3.000000119209289551e-01,-2.002819627523422241e-01,9.218987077474594116e-02,9.778030514717102051e-01,6.883514672517776489e-02,3.598000000000000000e+03,4.166831542968750000e+03
5.000000074505805969e-02,-1.618416309356689453e-01,3.618061915040016174e-02,-4.262835383415222168e-01,7.452849149703979492e-01,7.983382046222686768e-02,2.857000000000000000e+03,3.207685546875000000e+03
-2.500000000000000000e-01,0.000000000000000000e+00,-3.281899690628051758e-01,5.323267355561256409e-02,1.053026437759399414e+00,7.096396386623382568e-02,4.168000000000000000e+03,4.201479980468750000e+03
-1.024989411234855652e-02,-1.102498918771743774e-01,-5.900423526763916016e-01,-1.399719864130020142e-01,1.235777854919433594e+00,6.017913296818733215e-02,4.291000000000000000e+03,5.195842773437500000e+03
-5.000000074505805969e-02,5.000000074505805969e-02,-3.345441818237304688e-02,5.820044279098510742e-01,1.168448805809020996e+00,5.463196337223052979e-02,4.490000000000000000e+03,5.381932617187500000e+03
0.000000000000000000e+00,3.580648824572563171e-02,6.285498291254043579e-02,3.354082629084587097e-02,1.264224171638488770e+00,5.523180589079856873e-02,4.284000000000000000e+03,4.294541992187500000e+03
-6.184162572026252747e-02,-2.000000029802322388e-01,-1.965609639883041382e-01,-4.884457290172576904e-01,7.100134491920471191e-01,6.976403295993804932e-02,2.951000000000000000e+03,3.519979980468750000e+03
-2.000000029802322388e-01,2.145627290010452271e-01,-1.780640184879302979e-01,2.001732438802719116e-01,7.490594983100891113e-01,5.586133524775505066e-02,2.317000000000000000e+03,2.319844482421875000e+03
-4.499999880790710449e-01,2.145627290010452271e-01,-4.199569821357727051e-01,2.747448384761810303e-01,4.942172169685363770e-01,6.390077620744705200e-02,1.519000000000000000e+03,1.546950073242187500e+03
-1.151089668273925781e-01,5.000000074505805969e-02,-3.575963377952575684e-01,-2.142211496829986572e-01,1.009512901306152344e+00,8.797279745340347290e-02,3.457000000000000000e+03,3.881333251953125000e+03
-1.102498918771743774e-01,3.975010663270950317e-02,1.440375447273254395e-01,3.109674453735351562e-01,1.117379069328308105e+00,6.335987895727157593e-02,4.469000000000000000e+03,4.952203613281250000e+03
-2.000000029802322388e-01,-2.500000000000000000e-01,-2.100643217563629150e-01,-1.767933070659637451e-01,1.138387799263000488e+00,5.803960934281349182e-02,4.451000000000000000e+03,4.469653320312500000e+03
-3.000000119209289551e-01,9.482004493474960327e-02,-3.102004826068878174e-01,1.076446846127510071e-01,1.134352445602416992e+00,6.520696729421615601e-02,4.394000000000000000e+03,4.394924316406250000e+03
1.366542428731918335e-01,-3.159073293209075928e-01,3.414368033409118652e-01,-2.805644273757934570e-01,9.373643398284912109e-01,6.050125136971473694e-02,3.835000000000000000e+03,4.021421875000000000e+03
9.482004493474960327e-02,5.000000074505805969e-02,1.110132113099098206e-01,5.212071351706981659e-03,1.065231323242187500e+00,6.011492386460304260e-02,4.156000000000000000e+03,4.164258789062500000e+03
-5.000000074505805969e-02,-3.000000119209289551e-01,-7.142047584056854248e-02,-7.447916269302368164e-01,1.155293822288513184e+00,5.899488553404808044e-02,4.391000000000000000e+03,5.022418457031250000e+03
-5.000000074505805969e-02,5.000000074505805969e-02,7.677856832742691040e-02,3.953936696052551270e-01,1.098377823829650879e+00,6.868121027946472168e-02,3.909000000000000000e+03,4.336772949218750000e+03
1.366542428731918335e-01,9.482004493474960327e-02,-1.496492139995098114e-02,2.830086089670658112e-02,1.050721406936645508e+00,6.479005515575408936e-02,3.869000000000000000e+03,3.964770751953125000e+03
-3.000000119209289551e-01,5.000000074505805969e-02,-3.129342198371887207e-01,-1.804856061935424805e-01,7.057843804359436035e-01,6.966839730739593506e-02,2.935000000000000000e+03,3.241025634765625000e+03
-5.000000074505805969e-02,9.482004493474960327e-02,1.997187547385692596e-02,2.350547015666961670e-01,8.331702351570129395e-01,1.231679469347000122e-01,2.351000000000000000e+03,2.433254638671875000e+03
-1.500000059604644775e-01,1.764043420553207397e-01,1.272305995225906372e-01,2.204450964927673340e-01,1.057473301887512207e+00,5.009923502802848816e-02,4.358000000000000000e+03,4.659359375000000000e+03
-5.000000074505805969e-02,-1.000000014901161194e-01,-6.017526611685752869e-02,2.548390328884124756e-01,1.164002299308776855e+00,6.023387610912322998e-02,3.877000000000000000e+03,4.229857910156250000e+03
0.000000000000000000e+00,0.000000000000000000e+00,8.665024489164352417e-02,2.361859530210494995e-01,1.125222206115722656e+00,5.962395668029785156e-02,5.046000000000000000e+03,5.295095214843750000e+03
0.000000000000000000e+00,-5.816580727696418762e-02,1.646770387887954712e-01,-3.930396437644958496e-01,1.223532915115356445e+00,5.277726799249649048e-02,5.094000000000000000e+03,5.557621093750000000e+03
6.961627006530761719e-01,-7.849414250813424587e-04,8.427172899246215820e-01,-1.459607630968093872e-01,7.592415809631347656e-01,9.832722693681716919e-02,3.145000000000000000e+03,3.373547851562500000e+03
-1.000000014901161194e-01,-5.816580727696418762e-02,-5.158278346061706543e-01,-3.231624960899353027e-01,1.244225263595581055e+00,6.030051410198211670e-02,4.825000000000000000e+03,5.556748535156250000e+03
0.000000000000000000e+00,0.000000000000000000e+00,-3.056226074695587158e-01,-2.401496469974517822e-01,8.887825608253479004e-01,8.200068026781082153e-02,2.802000000000000000e+03,3.316669921875000000e+03
4.183419048786163330e-02,3.168310523033142090e-01,-4.258671402931213379e-02,1.228851079940795898e-01,6.957775950431823730e-01,8.962745964527130127e-02,2.142000000000000000e+03,2.336134033203125000e+03
2.145627290010452271e-01,3.489103168249130249e-02,3.520555794239044189e-01,-3.955253213644027710e-02,1.234732508659362793e+00,6.196533143520355225e-02,5.014000000000000000e+03,5.093898925781250000e+03
-5.000000074505805969e-02,5.000000074505805969e-02,-1.621910333633422852e-01,4.945597648620605469e-01,1.077248573303222656e+00,7.124356925487518311e-02,3.853000000000000000e+03,4.524633789062500000e+03
5.000000074505805969e-02,0.000000000000000000e+00,-2.347441762685775757e-01,-4.473210573196411133e-01,1.261643648147583008e+00,5.026747286319732666e-02,4.896000000000000000e+03,5.727356933593750000e+03
-1.500000059604644775e-01,-3.692623972892761230e-01,-3.235584199428558350e-01,-4.630219638347625732e-01,5.617037415504455566e-01,1.463819593191146851e-01,1.410000000000000000e+03,1.579046264648437500e+03
-1.000000014901161194e-01,9.482004493474960327e-02,3.702082931995391846e-01,-2.687364816665649414e-02,1.117389202117919922e+00,6.075293198227882385e-02,4.225000000000000000e+03,4.992399414062500000e+03
-6.184162572026252747e-02,-3.000000119209289551e-01,-1.818734109401702881e-01,-1.124512478709220886e-01,9.910984039306640625e-01,8.101944625377655029e-02,3.151000000000000000e+03,3.308145751953125000e+03
9.482004493474960327e-02,-2.000000029802322388e-01,4.440267384052276611e-01,-2.686033248901367188e-01,1.146239995956420898e+00,6.016657873988151550e-02,4.633000000000000000e+03,5.068982910156250000e+03
1.289127171039581299e-01,-4.499999880790710449e-01,1.067549064755439758e-01,-2.899527847766876221e-01,8.405607342720031738e-01,6.033132970333099365e-02,3.322000000000000000e+03,3.443748291015625000e+03
3.975010663270950317e-02,3.562291860580444336e-01,1.520786285400390625e-01,2.758900821208953857e-01,9.325242638587951660e-01,7.735291868448257446e-02,3.668000000000000000e+03,3.748092041015625000e+03
2.145627290010452271e-01,1.764043420553207397e-01,2.984549999237060547e-01,3.440377712249755859e-01,8.297661542892456055e-01,7.706772536039352417e-02,2.804000000000000000e+03,2.945270507812500000e+03
-1.000000014901161194e-01,-1.500000059604644775e-01,-5.404429137706756592e-02,-2.384425550699234009e-01,8.637541532516479492e-01,6.124439090490341187e-02,2.595000000000000000e+03,2.629513671875000000e+03
-1.000000014901161194e-01,2.075843513011932373e-01,-1.198220625519752502e-02,-1.888746917247772217e-01,1.183852791786193848e+00,7.083381712436676025e-02,4.493000000000000000e+03,5.008773925781250000e+03
-5.179951898753643036e-03,-3.000000119209289551e-01,1.305222790688276291e-02,-2.230033278465270996e-01,7.207395434379577637e-01,7.761774957180023193e-02,1.923000000000000000e+03,1.946116577148437500e+03
5.000000074505805969e-02,-1.172467991709709167e-01,2.789788544178009033e-01,-1.876999810338020325e-02,9.697527885437011719e-01,6.328453868627548218e-02,3.516000000000000000e+03,3.745041259765625000e+03
0.000000000000000000e+00,2.514390051364898682e-01,-2.010340988636016846e-01,4.233444631099700928e-01,9.459262490272521973e-01,7.048159837722778320e-02,4.237000000000000000e+03,4.561755859375000000e+03
-2.131237089633941650e-01,1.366542428731918335e-01,-2.810765504837036133e-01,1.616418212652206421e-01,4.410934448242187500e-01,8.689247071743011475e-02,1.444000000000000000e+03,1.482719360351562500e+03
-2.500000000000000000e-01,-3.499999940395355225e-01,-2.054380327463150024e-01,-3.196755349636077881e-01,1.016891956329345703e+00,6.376229226589202881e-02,3.963000000000000000e+03,3.974187011718750000e+03
0.000000000000000000e+00,0.000000000000000000e+00,1.585876345634460449e-01,2.303666472434997559e-01,1.266691684722900391e+00,5.318773537874221802e-02,4.759000000000000000e+03,4.987964843750000000e+03
-3.000000119209289551e-01,1.764043420553207397e-01,-3.727562427520751953e-01,3.077690005302429199e-01,6.355760693550109863e-01,1.179041191935539246e-01,1.702000000000000000e+03,1.795817016601562500e+03
5.000000074505805969e-02,0.000000000000000000e+00,-3.053596913814544678e-01,1.889327764511108398e-01,8.731110095977783203e-01,6.037157773971557617e-02,3.476000000000000000e+03,4.182130371093750000e+03
2.145627290010452271e-01,2.872454822063446045e-01,1.757785975933074951e-01,4.262492656707763672e-01,4.417647421360015869e-01,1.227444410324096680e-01,1.430000000000000000e+03,1.579102783203125000e+03
-1.500000059604644775e-01,2.145627290010452271e-01,2.513154782354831696e-02,3.512752950191497803e-01,1.038025140762329102e+00,5.847701802849769592e-02,4.230000000000000000e+03,4.422150878906250000e+03
0.000000000000000000e+00,-5.000000074505805969e-02,1.593796461820602417e-01,-5.458409190177917480e-01,1.221001505851745605e+00,6.189309805631637573e-02,4.934000000000000000e+03,5.797292968750000000e+03
2.063483893871307373e-01,2.817659676074981689e-01,2.130431085824966431e-01,4.834169745445251465e-01,9.843295812606811523e-01,1.103068143129348755e-01,3.001000000000000000e+03,3.126102050781250000e+03
-5.816580727696418762e-02,5.000000074505805969e-02,-5.517086386680603027e-01,5.347927566617727280e-03,1.195443630218505859e+00,6.499438732862472534e-02,4.985000000000000000e+03,5.809523925781250000e+03
1.748126149177551270e-01,2.145627290010452271e-01,3.873064815998077393e-01,8.127376437187194824e-01,1.176390051841735840e+00,7.195840030908584595e-02,4.167000000000000000e+03,5.311909667968750000e+03
4.183419048786163330e-02,1.297110766172409058e-01,1.513724923133850098e-01,2.492852061986923218e-01,1.132640600204467773e+00,6.585320085287094116e-02,4.567000000000000000e+03,4.660406250000000000e+03
9.482004493474960327e-02,-5.000000074505805969e-02,8.612077683210372925e-02,-4.272596240043640137e-01,1.097705483436584473e+00,5.930325761437416077e-02,4.371000000000000000e+03,4.874762207031250000e+03
9.482004493474960327e-02,5.000000074505805969e-02,-2.331031262874603271e-01,1.595312505960464478e-01,1.029730439186096191e+00,5.942401289939880371e-02,4.097000000000000000e+03,4.547145996093750000e+03
5.000000074505805969e-02,1.764043420553207397e-01,2.258019745349884033e-01,-1.406802386045455933e-01,1.171628832817077637e+00,5.938295274972915649e-02,4.577000000000000000e+03,5.005925781250000000e+03
-8.165807463228702545e-03,-1.000000014901161194e-01,-2.586368620395660400e-01,-3.147617280483245850e-01,1.243948221206665039e+00,6.006877869367599487e-02,4.360000000000000000e+03,4.661498046875000000e+03
0.000000000000000000e+00,3.896152675151824951e-01,9.279264509677886963e-02,3.953274190425872803e-01,5.797049403190612793e-01,6.996521353721618652e-02,2.104000000000000000e+03,2.157863769531250000e+03
0.000000000000000000e+00,0.000000000000000000e+00,5.505632162094116211e-01,1.989284716546535492e-02,1.254127621650695801e+00,5.176724120974540710e-02,4.962000000000000000e+03,5.880248535156250000e+03
1.366542428731918335e-01,0.000000000000000000e+00,3.431821763515472412e-01,8.944362401962280273e-02,1.165793180465698242e+00,5.813350528478622437e-02,4.653000000000000000e+03,4.824509765625000000e+03
0.000000000000000000e+00,1.764043420553207397e-01,-8.157023042440414429e-02,2.262584716081619263e-01,8.604136109352111816e-01,7.838347554206848145e-02,2.639000000000000000e+03,2.671626220703125000e+03
2.958556823432445526e-02,1.251469999551773071e-01,3.667455911636352539e-01,-3.307459652423858643e-01,1.228285074234008789e+00,6.232235580682754517e-02,4.822000000000000000e+03,5.805224609375000000e+03
5.000000074505805969e-02,5.000000074505805969e-02,1.202820315957069397e-01,4.339417219161987305e-01,1.220273017883300781e+00,5.644666031002998352e-02,4.469000000000000000e+03,4.916381347656250000e+03
-1.510896813124418259e-02,2.122108340263366699e-01,3.890369534492492676e-01,2.198204100131988525e-01,1.218279361724853516e+00,6.022991240024566650e-02,4.752000000000000000e+03,5.261686523437500000e+03
9.482004493474960327e-02,5.000000074505805969e-02,-3.599950671195983887e-01,5.532767996191978455e-02,1.193191885948181152e+00,5.525094270706176758e-02,4.297000000000000000e+03,4.900898925781250000e+03
-5.816580727696418762e-02,-1.000000014901161194e-01,-6.663164496421813965e-01,2.031120657920837402e-01,1.178166627883911133e+00,5.534143000841140747e-02,4.823000000000000000e+03,6.331338867187500000e+03
-2.000000029802322388e-01,3.221365213394165039e-01,-8.738064207136631012e-03,3.896412253379821777e-01,7.856147289276123047e-01,8.821548521518707275e-02,2.515000000000000000e+03,2.680358154296875000e+03
0.000000000000000000e+00,5.000000074505805969e-02,4.238691627979278564e-01,-7.347238063812255859e-02,1.197198867797851562e+00,5.826077610254287720e-02,4.679000000000000000e+03,5.297358398437500000e+03
-1.024989411234855652e-02,4.482004791498184204e-02,5.227895379066467285e-01,7.338495552539825439e-02,1.203405141830444336e+00,5.860263109207153320e-02,4.838000000000000000e+03,5.750164550781250000e+03
0.000000000000000000e+00,0.000000000000000000e+00,-2.361007966101169586e-02,4.740380123257637024e-02,8.574029207229614258e-01,7.192373275756835938e-02,3.042000000000000000e+03,3.053582519531250000e+03
-1.000000014901161194e-01,-2.000000029802322388e-01,-2.488604187965393066e-01,-5.299841165542602539e-01,1.059306740760803223e+00,7.191513478755950928e-02,4.429000000000000000e+03,4.933406738281250000e+03
3.975010663270950317e-02,5.000000074505805969e-02,-7.196754962205886841e-02,3.187389671802520752e-02,5.248584747314453125e-01,7.040093094110488892e-02,1.761000000000000000e+03,1.841842285156250000e+03
-2.000000029802322388e-01,3.580648824572563171e-02,-4.432863593101501465e-01,8.656267076730728149e-02,8.438822031021118164e-01,5.759454518556594849e-02,3.734000000000000000e+03,4.051594970703125000e+03
0.000000000000000000e+00,0.000000000000000000e+00,1.966834217309951782e-01,-1.816562190651893616e-02,1.272777438163757324e+00,5.025210604071617126e-02,5.116000000000000000e+03,5.238385742187500000e+03
5.000000074505805969e-02,0.000000000000000000e+00,1.462875753641128540e-01,4.997707307338714600e-01,1.243336200714111328e+00,6.319890171289443970e-02,4.853000000000000000e+03,5.637784667968750000e+03
-2.641935050487518311e-01,-2.500000000000000000e-01,-2.936103641986846924e-01,-4.029714763164520264e-01,1.077537298202514648e+00,5.998918786644935608e-02,3.941000000000000000e+03,4.022797119140625000e+03
-1.141935139894485474e-01,2.872454822063446045e-01,-4.462533295154571533e-01,5.927980691194534302e-02,1.098599672317504883e+00,6.441305577754974365e-02,4.889000000000000000e+03,5.527659179687500000e+03
-5.000000074505805969e-02,2.514390051364898682e-01,2.364941313862800598e-02,2.925908863544464111e-01,4.581166803836822510e-01,9.972611814737319946e-02,1.196000000000000000e+03,1.236149658203125000e+03
-1.500000059604644775e-01,0.000000000000000000e+00,-2.453102469444274902e-01,7.505250722169876099e-02,1.189371705055236816e+00,6.786692142486572266e-02,3.996000000000000000e+03,4.037507324218750000e+03
-1.000000014901161194e-01,-6.661394238471984863e-02,2.786530852317810059e-01,4.198466241359710693e-02,1.070865035057067871e+00,5.825307220220565796e-02,4.611000000000000000e+03,5.215678710937500000e+03
0.000000000000000000e+00,-1.102498918771743774e-01,-9.378479421138763428e-02,-2.131237089633941650e-01,9.476889967918395996e-01,8.320436626672744751e-02,3.129000000000000000e+03,3.196347656250000000e+03
-1.000000014901161194e-01,5.000000074505805969e-02,-6.118078157305717468e-02,1.794494092464447021e-01,7.219839096069335938e-01,7.471578568220138550e-02,2.725000000000000000e+03,2.819782226562500000e+03
-1.172467991709709167e-01,-1.000000014901161194e-01,-9.403599053621292114e-02,-1.680255234241485596e-01,7.055140137672424316e-01,6.724727898836135864e-02,2.043000000000000000e+03,2.064221191406250000e+03
-1.000000014901161194e-01,2.145627290010452271e-01,7.592471316456794739e-03,2.942623496055603027e-01,4.967761039733886719e-01,8.130384236574172974e-02,1.477000000000000000e+03,1.582423339843750000e+03
5.000000074505805969e-02,-1.000000014901161194e-01,-3.358926475048065186e-01,1.560435444116592407e-01,1.092517256736755371e+00,6.744269281625747681e-02,3.955000000000000000e+03,4.639271972656250000e+03
1.366542428731918335e-01,0.000000000000000000e+00,2.286776900291442871e-03,-4.641909599304199219e-01,1.108951091766357422e+00,5.871467292308807373e-02,4.159000000000000000e+03,4.917238769531250000e+03
8.815837651491165161e-02,1.764043420553207397e-01,2.869555912911891937e-02,2.566400766372680664e-01,1.126431584358215332e+00,5.803640186786651611e-02,4.435000000000000000e+03,4.469817871093750000e+03
4.183419048786163330e-02,4.482004791498184204e-02,4.027309417724609375e-01,2.778771519660949707e-01,1.252025604248046875e+00,6.336984783411026001e-02,4.818000000000000000e+03,5.371082519531250000e+03
-1.000000014901161194e-01,0.000000000000000000e+00,1.722980886697769165e-01,-7.371696829795837402e-02,9.334102869033813477e-01,5.960022285580635071e-02,3.739000000000000000e+03,4.073625732421875000e+03
-1.102498918771743774e-01,5.000000074505805969e-02,-3.174286186695098877e-01,4.181042313575744629e-02,5.232942104339599609e-01,6.193286925554275513e-02,1.687000000000000000e+03,1.942846557617187500e+03
-1.500000059604644775e-01,9.482004493474960327e-02,-3.801828622817993164e-01,1.071331724524497986e-01,9.738962054252624512e-01,7.032300531864166260e-02,4.149000000000000000e+03,4.378825683593750000e+03
-5.000000074505805969e-02,-5.000000074505805969e-02,-1.460205018520355225e-02,1.376707702875137329e-01,1.024098038673400879e+00,7.052718847990036011e-02,3.561000000000000000e+03,3.684134521484375000e+03
9.482004493474960327e-02,1.678342521190643311e-01,3.344167470932006836e-01,7.377599924802780151e-02,1.199379801750183105e+00,6.456156075000762939e-02,5.200000000000000000e+03,5.437462890625000000e+03
-2.500000000000000000e-01,3.562291860580444336e-01,-4.772261083126068115e-01,4.263460338115692139e-01,7.763843536376953125e-01,1.095857322216033936e-01,2.198000000000000000e+03,2.399729492187500000e+03
-5.000000000000000000e-01,2.145627290010452271e-01,-5.147287845611572266e-01,1.040666103363037109e-01,4.893405139446258545e-01,8.533781021833419800e-02,1.612000000000000000e+03,1.694458740234375000e+03
5.000000074505805969e-02,1.366542428731918335e-01,-3.159880638122558594e-02,-8.216582238674163818e-02,1.150936126708984375e+00,6.484997272491455078e-02,4.613000000000000000e+03,4.801129394531250000e+03
3.687628731131553650e-02,1.366542428731918335e-01,-1.481222733855247498e-02,3.819350004196166992e-01,1.118685722351074219e+00,5.696332454681396484e-02,4.121000000000000000e+03,4.325475097656250000e+03
-1.500000059604644775e-01,1.764043420553207397e-01,4.505935311317443848e-02,1.884102374315261841e-01,1.076422810554504395e+00,5.456209555268287659e-02,4.448000000000000000e+03,4.593786132812500000e+03
2.145627290010452271e-01,1.345701515674591064e-01,2.730920910835266113e-01,6.759780645370483398e-02,6.913192272186279297e-01,6.834239512681961060e-02,2.552000000000000000e+03,2.594021972656250000e+03
-1.500000059604644775e-01,9.482004493474960327e-02,-4.443914815783500671e-02,2.369881123304367065e-01,1.035813808441162109e+00,5.891730263829231262e-02,3.453000000000000000e+03,3.553029785156250000e+03
-1.000000014901161194e-01,9.482004493474960327e-02,3.165897727012634277e-02,9.212103486061096191e-02,9.505537152290344238e-01,6.464996933937072754e-02,2.781000000000000000e+03,2.834171386718750000e+03
9.482004493474960327e-02,-1.590733230113983154e-02,-1.129970178008079529e-01,2.098519206047058105e-01,1.199341773986816406e+00,5.454223230481147766e-02,4.890000000000000000e+03,5.205600585937500000e+03
0.000000000000000000e+00,-5.000000074505805969e-02,1.575509309768676758e-01,2.257095873355865479e-01,1.247701764106750488e+00,6.296735256910324097e-02,4.763000000000000000e+03,5.066132812500000000e+03
-5.179951898753643036e-03,-5.000000074505805969e-02,-2.875450253486633301e-01,5.273799896240234375e-01,1.244142413139343262e+00,5.677377060055732727e-02,4.718000000000000000e+03,5.914177734375000000e+03
1.329784244298934937e-01,-2.641935050487518311e-01,-5.938392505049705505e-02,-1.910248547792434692e-01,7.870721817016601562e-01,9.297350794076919556e-02,2.719000000000000000e+03,2.901936767578125000e+03
4.862083792686462402e-01,1.764043420553207397e-01,5.697948336601257324e-01,2.890514023602008820e-02,6.110913753509521484e-01,7.005253434181213379e-02,2.310000000000000000e+03,2.484727294921875000e+03
9.482004493474960327e-02,9.482004493474960327e-02,1.657443493604660034e-01,1.081975698471069336e-01,1.094464421272277832e+00,5.817897245287895203e-02,4.366000000000000000e+03,4.384873046875000000e+03
3.338605910539627075e-02,9.482004493474960327e-02,3.273695707321166992e-02,1.398231387138366699e-01,5.942870378494262695e-01,8.250176161527633667e-02,1.845000000000000000e+03,1.855623168945312500e+03
-1.500000059604644775e-01,1.329784244298934937e-01,9.852464310824871063e-03,1.111379638314247131e-01,7.333062887191772461e-01,7.227016240358352661e-02,2.064000000000000000e+03,2.162790771484375000e+03
0.000000000000000000e+00,-1.661394163966178894e-02,-2.256317138671875000e-01,-3.006024286150932312e-02,1.130368471145629883e+00,5.361820384860038757e-02,4.596000000000000000e+03,4.778318847656250000e+03
5.000000074505805969e-02,8.338605612516403198e-02,1.216169968247413635e-01,2.825552523136138916e-01,1.243499398231506348e+00,5.541633069515228271e-02,4.547000000000000000e+03,4.677888671875000000e+03
5.000000074505805969e-02,2.145627290010452271e-01,2.004099935293197632e-01,4.683981835842132568e-02,1.251355648040771484e+00,5.775228515267372131e-02,5.181000000000000000e+03,5.347761718750000000e+03
-6.312371790409088135e-02,0.000000000000000000e+00,2.215019017457962036e-01,-2.509555220603942871e-01,1.249753832817077637e+00,6.000177934765815735e-02,4.655000000000000000e+03,5.075124023437500000e+03
-5.000000074505805969e-02,5.000000074505805969e-02,-1.131576076149940491e-01,-1.816061139106750488e-02,9.101772308349609375e-01,7.802230119705200195e-02,2.546000000000000000e+03,2.572445800781250000e+03
-1.000000014901161194e-01,2.514390051364898682e-01,-1.276222914457321167e-01,2.239320576190948486e-01,5.906397104263305664e-01,1.179452687501907349e-01,2.173000000000000000e+03,2.182393310546875000e+03
-3.000000119209289551e-01,-2.000000029802322388e-01,-2.666617035865783691e-01,-4.254227280616760254e-01,1.055447459220886230e+00,5.523093044757843018e-02,4.307000000000000000e+03,4.505763183593750000e+03
-1.500000059604644775e-01,4.482004791498184204e-02,3.482324630022048950e-02,-2.269634976983070374e-02,7.210292816162109375e-01,6.089473888278007507e-02,2.385000000000000000e+03,2.559875488281250000e+03
2.145627290010452271e-01,-1.500000059604644775e-01,2.160453945398330688e-01,-8.989556878805160522e-02,4.440309405326843262e-01,8.848895877599716187e-02,1.278000000000000000e+03,1.301334106445312500e+03
2.514390051364898682e-01,-8.165807463228702545e-03,3.536600768566131592e-01,2.039024680852890015e-01,9.800438880920410156e-01,5.619493499398231506e-02,3.952000000000000000e+03,4.177418457031250000e+03
1.724607348442077637e-01,3.221365213394165039e-01,2.927349209785461426e-01,2.859331071376800537e-01,3.959076702594757080e-01,1.259523779153823853e-01,1.173000000000000000e+03,1.288516357421875000e+03
5.000000074505805969e-02,-1.500000059604644775e-01,-5.858187563717365265e-03,-9.376499056816101074e-02,1.212965846061706543e+00,6.143660098314285278e-02,4.745000000000000000e+03,4.765197265625000000e+03
-1.024989411234855652e-02,5.000000074505805969e-02,-3.216945752501487732e-02,5.631108582019805908e-02,1.251170158386230469e+00,5.704659968614578247e-02,3.840000000000000000e+03,3.841244873046875000e+03
-5.000000074505805969e-02,1.764043420553207397e-01,-4.501616954803466797e-01,-1.689143292605876923e-02,1.111709833145141602e+00,6.755458563566207886e-02,4.314000000000000000e+03,4.980750000000000000e+03
-5.000000074505805969e-02,-1.159073337912559509e-01,-1.189865767955780029e-01,-6.192123293876647949e-01,1.108921766281127930e+00,6.126948446035385132e-02,4.192000000000000000e+03,5.034105468750000000e+03
6.083970069885253906e-01,-2.683409452438354492e-01,4.968661069869995117e-01,-5.422759652137756348e-01,7.007247209548950195e-01,3.122586309909820557e-01,2.199000000000000000e+03,2.576619140625000000e+03
2.145627290010452271e-01,1.366542428731918335e-01,2.136735022068023682e-01,6.237613558769226074e-01,1.089217066764831543e+00,7.972523570060729980e-02,4.298000000000000000e+03,5.123608886718750000e+03
5.000000074505805969e-02,-5.179951898753643036e-03,-2.822260856628417969e-01,3.447655141353607178e-01,1.253383040428161621e+00,5.909565836191177368e-02,5.068000000000000000e+03,5.793994140625000000e+03
8.975010365247726440e-02,-5.000000074505805969e-02,-1.642647683620452881e-01,-3.098494140431284904e-03,1.034587025642395020e+00,5.774119868874549866e-02,4.444000000000000000e+03,4.716382812500000000e+03
-2.500000000000000000e-01,-1.500000059604644775e-01,-5.085411667823791504e-01,1.406151335686445236e-02,1.009673476219177246e+00,5.804048478603363037e-02,3.931000000000000000e+03,4.284292968750000000e+03
9.482004493474960327e-02,5.000000074505805969e-02,5.594031810760498047e-01,9.341687709093093872e-02,1.093048810958862305e+00,6.123935431241989136e-02,4.282000000000000000e+03,5.031213378906250000e+03
2.514390051364898682e-01,-1.102498918771743774e-01,1.686196029186248779e-01,-4.384784102439880371e-01,1.154102087020874023e+00,7.066182047128677368e-02,4.539000000000000000e+03,4.921775878906250000e+03
2.514390051364898682e-01,1.306265294551849365e-01,2.072281986474990845e-01,1.285156458616256714e-01,1.083401560783386230e+00,6.067674607038497925e-02,4.558000000000000000e+03,4.565684570312500000e+03
0.000000000000000000e+00,5.000000074505805969e-02,3.593414723873138428e-01,-4.966184496879577637e-01,1.285575628280639648e+00,6.105298176407814026e-02,4.771000000000000000e+03,5.944472167968750000e+03
2.145627290010452271e-01,-3.499999940395355225e-01,1.066145300865173340e-01,1.741694658994674683e-01,1.170992851257324219e+00,7.039732486009597778e-02,4.161000000000000000e+03,4.993766113281250000e+03
-8.165807463228702545e-03,-5.000000074505805969e-02,7.217052858322858810e-03,-1.173962932080030441e-02,1.260269999504089355e+00,5.526113137602806091e-02,3.948000000000000000e+03,3.952177734375000000e+03
1.366542428731918335e-01,-2.000000029802322388e-01,6.010651215910911560e-02,7.790783047676086426e-02,1.189811587333679199e+00,5.764248967170715332e-02,4.581000000000000000e+03,4.846120117187500000e+03
0.000000000000000000e+00,-2.000000029802322388e-01,7.233432680368423462e-02,5.586775019764900208e-02,7.115821242332458496e-01,7.150658220052719116e-02,2.151000000000000000e+03,2.441920654296875000e+03
-3.000000119209289551e-01,-2.000000029802322388e-01,-3.272994756698608398e-01,-1.221611052751541138e-01,7.933837175369262695e-01,7.910746335983276367e-02,3.217000000000000000e+03,3.251777587890625000e+03
-1.312371436506509781e-02,1.748126149177551270e-01,-4.136418700218200684e-01,-2.178534716367721558e-01,1.063705921173095703e+00,5.676944553852081299e-02,3.875000000000000000e+03,4.895628417968750000e+03
-8.165807463228702545e-03,0.000000000000000000e+00,4.404342174530029297e-01,2.047809809446334839e-01,1.257367610931396484e+00,5.906052887439727783e-02,4.918000000000000000e+03,5.649841308593750000e+03
-5.000000074505805969e-02,-1.500000059604644775e-01,8.304692455567419529e-04,-3.586046099662780762e-01,1.184753537178039551e+00,5.530290305614471436e-02,4.460000000000000000e+03,4.605301757812500000e+03
-5.000000074505805969e-02,1.366542428731918335e-01,7.297428697347640991e-02,1.635192520916461945e-02,8.109633922576904297e-01,5.692486092448234558e-02,2.726000000000000000e+03,2.847232177734375000e+03
-6.024989485740661621e-02,1.366542428731918335e-01,-1.227089390158653259e-01,-1.677752584218978882e-01,1.223085403442382812e+00,6.239997595548629761e-02,5.028000000000000000e+03,5.347998046875000000e+03
-2.500000000000000000e-01,-1.118416264653205872e-01,-2.961348593235015869e-01,-1.083164513111114502e-01,1.015991210937500000e+00,6.312114745378494263e-02,3.074000000000000000e+03,3.080386962890625000e+03
-2.131237089633941650e-01,-2.000000029802322388e-01,-1.114792823791503906e-01,-3.309543430805206299e-01,1.033498883247375488e+00,6.935747712850570679e-02,3.928000000000000000e+03,4.028559326171875000e+03
-3.000000119209289551e-01,4.862083792686462402e-01,-4.563857018947601318e-01,3.352718949317932129e-01,5.757482051849365234e-01,7.093647867441177368e-02,2.204000000000000000e+03,2.507871582031250000e+03
1.764043420553207397e-01,-1.500000059604644775e-01,3.421392142772674561e-01,-6.026148200035095215e-01,1.114950537681579590e+00,7.073664665222167969e-02,4.054000000000000000e+03,4.782132812500000000e+03
-6.967304646968841553e-02,4.183419048786163330e-02,1.838535517454147339e-01,-9.208952635526657104e-02,1.077987074851989746e+00,6.100095808506011963e-02,3.963000000000000000e+03,4.238293457031250000e+03
-5.000000074505805969e-02,3.073761053383350372e-02,-8.220402151346206665e-02,-3.503097593784332275e-01,1.253548622131347656e+00,5.531969666481018066e-02,4.888000000000000000e+03,5.332872070312500000e+03
0.000000000000000000e+00,5.000000074505805969e-02,2.528649270534515381e-01,1.212382465600967407e-01,1.226965427398681641e+00,5.622334778308868408e-02,4.786000000000000000e+03,5.003407714843750000e+03
0.000000000000000000e+00,0.000000000000000000e+00,-1.510702073574066162e-01,-3.051774203777313232e-02,1.252099871635437012e+00,5.774210020899772644e-02,4.647000000000000000e+03,4.717430664062500000e+03
5.000000074505805969e-02,5.000000074505805969e-02,1.264489144086837769e-01,-2.023526281118392944e-02,1.229814767837524414e+00,5.463578552007675171e-02,3.903000000000000000e+03,3.930884765625000000e+03
0.000000000000000000e+00,-2.000000029802322388e-01,5.551529303193092346e-02,-3.994030058383941650e-01,1.135264635086059570e+00,6.043415144085884094e-02,4.250000000000000000e+03,4.390136230468750000e+03
-1.500000059604644775e-01,2.872454822063446045e-01,-5.066659450531005859e-01,4.853176474571228027e-01,1.023312449455261230e+00,6.715071201324462891e-02,3.809000000000000000e+03,4.393263183593750000e+03
9.482004493474960327e-02,-2.500000000000000000e-01,7.719916850328445435e-02,-4.253666102886199951e-01,9.405696392059326172e-01,6.920772045850753784e-02,3.311000000000000000e+03,3.426164794921875000e+03
-2.500000000000000000e-01,5.000000074505805969e-02,-4.201718270778656006e-01,-2.245534509420394897e-01,9.873542189598083496e-01,6.584159284830093384e-02,4.132000000000000000e+03,4.562833984375000000e+03
0.000000000000000000e+00,9.482004493474960327e-02,3.222852647304534912e-01,-1.052465885877609253e-01,1.240382671356201172e+00,5.582714453339576721e-02,5.263000000000000000e+03,5.744013671875000000e+03
-5.000000074505805969e-02,0.000000000000000000e+00,6.185294389724731445e-01,-1.214926689863204956e-02,1.204968452453613281e+00,5.306101962924003601e-02,3.979000000000000000e+03,5.133338378906250000e+03
-2.000000029802322388e-01,-1.000000014901161194e-01,-6.126916781067848206e-02,-1.220476701855659485e-01,8.323264122009277344e-01,5.930020660161972046e-02,2.676000000000000000e+03,2.751570312500000000e+03
-1.312371436506509781e-02,-5.000000074505805969e-02,-5.590926855802536011e-02,2.643052935600280762e-01,1.016531229019165039e+00,6.477542221546173096e-02,3.621000000000000000e+03,3.966017822265625000e+03
-2.500000000000000000e-01,-1.500000059604644775e-01,-1.657641492784023285e-02,-1.440596729516983032e-01,8.741152286529541016e-01,7.093431800603866577e-02,3.135000000000000000e+03,3.354760009765625000e+03
1.366542428731918335e-01,0.000000000000000000e+00,-2.034813165664672852e-01,8.922333270311355591e-02,1.051413059234619141e+00,6.987786293029785156e-02,3.193000000000000000e+03,3.541020996093750000e+03
0.000000000000000000e+00,0.000000000000000000e+00,-6.410835385322570801e-01,-1.107927635312080383e-01,1.253272533416748047e+00,6.649218499660491943e-02,4.672000000000000000e+03,5.865559082031250000e+03
-3.499999940395355225e-01,-1.500000059604644775e-01,-3.270353674888610840e-01,-1.483054012060165405e-01,7.696814537048339844e-01,6.284036487340927124e-02,2.693000000000000000e+03,2.695427490234375000e+03
2.872454822063446045e-01,-1.207512170076370239e-01,9.095869213342666626e-02,-2.759143412113189697e-01,9.337147474288940430e-01,5.803355574607849121e-02,3.745000000000000000e+03,4.009905517578125000e+03
-3.000000119209289551e-01,-1.500000059604644775e-01,-4.407871365547180176e-01,-2.131464704871177673e-02,1.020497560501098633e+00,7.099911570549011230e-02,3.507000000000000000e+03,3.628267333984375000e+03
-6.881999224424362183e-02,0.000000000000000000e+00,-1.460281461477279663e-01,4.780473560094833374e-02,1.078931808471679688e+00,5.279690772294998169e-02,3.475000000000000000e+03,3.499528808593750000e+03
0.000000000000000000e+00,0.000000000000000000e+00,4.793229997158050537e-01,8.404804021120071411e-02,1.266704559326171875e+00,5.185208842158317566e-02,4.877000000000000000e+03,5.572972167968750000e+03
-2.000000029802322388e-01,-1.000000014901161194e-01,-2.745687365531921387e-01,1.908838562667369843e-02,9.019758701324462891e-01,6.599757820367813110e-02,3.723000000000000000e+03,3.812676513671875000e+03
0.000000000000000000e+00,0.000000000000000000e+00,5.307816863059997559e-01,-4.106860980391502380e-02,1.235473394393920898e+00,5.726075544953346252e-02,5.009000000000000000e+03,5.901958984375000000e+03
0.000000000000000000e+00,-1.184162404388189316e-02,-3.506584465503692627e-01,-1.271782070398330688e-01,1.273646354675292969e+00,6.022085994482040405e-02,5.256000000000000000e+03,5.689822753906250000e+03
-2.000000029802322388e-01,0.000000000000000000e+00,-2.324601821601390839e-02,-1.341199129819869995e-01,8.170201778411865234e-01,6.513101607561111450e-02,3.092000000000000000e+03,3.315691894531250000e+03
-5.179951898753643036e-03,0.000000000000000000e+00,-1.633984148502349854e-01,-2.528860792517662048e-02,5.887520313262939453e-01,7.010422646999359131e-02,1.858000000000000000e+03,1.993021362304687500e+03
9.482004493474960327e-02,-1.000000014901161194e-01,2.731126844882965088e-01,2.856166362762451172e-01,1.173847913742065430e+00,6.423013657331466675e-02,4.626000000000000000e+03,5.214113281250000000e+03
5.083969831466674805e-01,1.591575443744659424e-01,8.072381615638732910e-01,7.455969601869583130e-02,5.876688957214355469e-01,2.935343980789184570e-01,1.104000000000000000e+03,1.395895263671875000e+03
-1.000000014901161194e-01,1.764043420553207397e-01,-3.100625472143292427e-04,1.189749762415885925e-01,7.380468845367431641e-01,5.748181045055389404e-02,2.543000000000000000e+03,2.604253662109375000e+03
5.000000074505805969e-02,1.764043420553207397e-01,1.450857967138290405e-01,2.400388866662979126e-01,9.565388560295104980e-01,7.036623358726501465e-02,3.766000000000000000e+03,3.819755126953125000e+03
-5.000000074505805969e-02,5.000000074505805969e-02,6.147244013845920563e-03,-1.351370215415954590e-01,1.264250516891479492e+00,6.947015225887298584e-02,4.871000000000000000e+03,4.984341796875000000e+03
-5.000000074505805969e-02,1.366542428731918335e-01,-1.561692506074905396e-01,5.405080690979957581e-02,5.458922386169433594e-01,7.913541793823242188e-02,2.158000000000000000e+03,2.287161376953125000e+03
1.366542428731918335e-01,0.000000000000000000e+00,1.385568678379058838e-01,-2.216103672981262207e-01,1.238549351692199707e+00,4.968427121639251709e-02,5.008000000000000000e+03,5.167246093750000000e+03
3.562291860580444336e-01,1.366542428731918335e-01,3.541460931301116943e-01,7.888250797986984253e-02,1.072337508201599121e+00,6.381062418222427368e-02,3.851000000000000000e+03,3.862287109375000000e+03
0.000000000000000000e+00,-5.000000074505805969e-02,2.257222831249237061e-01,4.767304062843322754e-01,1.227100729942321777e+00,6.018312647938728333e-02,4.587000000000000000e+03,5.543485839843750000e+03
-1.024989411234855652e-02,-2.151089608669281006e-01,-5.361699312925338745e-02,-2.768290638923645020e-01,4.610729515552520752e-01,9.734119474887847900e-02,1.279000000000000000e+03,1.313070800781250000e+03
-6.000000238418579102e-01,1.707469075918197632e-01,-5.151681900024414062e-01,1.074423789978027344e-01,8.830782771110534668e-01,9.081005305051803589e-02,3.084000000000000000e+03,3.128020263671875000e+03
0.000000000000000000e+00,-1.000000014901161194e-01,-3.146728575229644775e-01,2.733120918273925781e-01,1.259210944175720215e+00,6.135626137256622314e-02,4.946000000000000000e+03,5.665404785156250000e+03
9.482004493474960327e-02,-5.179951898753643036e-03,2.183538824319839478e-01,-7.923044264316558838e-02,1.229009270668029785e+00,5.901814997196197510e-02,5.257000000000000000e+03,5.328815429687500000e+03
9.482004493474960327e-02,-2.000000029802322388e-01,1.047212481498718262e-01,-3.029811084270477295e-01,4.881361424922943115e-01,9.923097491264343262e-02,1.597000000000000000e+03,1.668022583007812500e+03
-2.000000029802322388e-01,3.562291860580444336e-01,5.947094038128852844e-02,3.166258633136749268e-01,1.061021327972412109e+00,5.758776143193244934e-02,4.123000000000000000e+03,4.372134765625000000e+03
2.145627290010452271e-01,1.366542428731918335e-01,7.239996641874313354e-02,-1.310968995094299316e-01,8.356863856315612793e-01,5.855179578065872192e-02,2.960000000000000000e+03,3.337776855468750000e+03
-6.881999224424362183e-02,5.000000074505805969e-02,-3.552859276533126831e-02,2.819220907986164093e-02,1.135145425796508789e+00,6.418689340353012085e-02,4.372000000000000000e+03,4.377367187500000000e+03
9.482004493474960327e-02,-5.000000074505805969e-02,3.597823157906532288e-02,-1.178681179881095886e-01,9.090505242347717285e-01,5.775655061006546021e-02,3.144000000000000000e+03,3.174713134765625000e+03
-1.967304572463035583e-02,1.366542428731918335e-01,-2.201984822750091553e-01,7.251096963882446289e-01,1.218350887298583984e+00,6.066305190324783325e-02,4.795000000000000000e+03,5.978847656250000000e+03
4.482004791498184204e-02,0.000000000000000000e+00,-2.683465480804443359e-01,9.240756183862686157e-02,1.271952152252197266e+00,5.635373666882514954e-02,5.329000000000000000e+03,5.674536621093750000e+03
5.000000074505805969e-02,-1.500000059604644775e-01,-8.699618279933929443e-02,7.887211441993713379e-02,1.149739027023315430e+00,5.521881580352783203e-02,4.480000000000000000e+03,4.718542968750000000e+03
2.891271561384201050e-02,3.221365213394165039e-01,-6.275076419115066528e-02,5.613436698913574219e-01,7.733862400054931641e-01,9.146251529455184937e-02,2.688000000000000000e+03,2.975148681640625000e+03
-1.500000059604644775e-01,1.764043420553207397e-01,-2.783647477626800537e-01,-1.719562858343124390e-01,9.888499975204467773e-01,7.707427442073822021e-02,3.520000000000000000e+03,4.001599853515625000e+03
-1.000000014901161194e-01,-5.000000074505805969e-02,4.255143404006958008e-01,-4.023329317569732666e-01,1.137354731559753418e+00,6.002660095691680908e-02,4.213000000000000000e+03,5.440014160156250000e+03
3.975010663270950317e-02,-3.000000119209289551e-01,-5.397465080022811890e-02,-4.389624297618865967e-01,1.091357588768005371e+00,5.223473533987998962e-02,4.259000000000000000e+03,4.358792968750000000e+03
2.145627290010452271e-01,1.764043420553207397e-01,2.154649496078491211e-01,-1.009735316038131714e-01,1.095492601394653320e+00,6.218411773443222046e-02,4.105000000000000000e+03,4.363820312500000000e+03
0.000000000000000000e+00,1.366542428731918335e-01,-2.786558270454406738e-01,-2.137974053621292114e-01,1.218875408172607422e+00,5.358281359076499939e-02,4.844000000000000000e+03,5.479233886718750000e+03
-1.590733230113983154e-02,3.896152675151824951e-01,-1.732068657875061035e-01,3.153629004955291748e-01,5.312035679817199707e-01,8.649616688489913940e-02,1.663000000000000000e+03,1.837100708007812500e+03
-1.500000059604644775e-01,-3.499999940395355225e-01,3.366120159626007080e-01,-3.870685696601867676e-01,1.111529111862182617e+00,6.502807140350341797e-02,4.492000000000000000e+03,5.323271972656250000e+03
9.482004493474960327e-02,-1.000000014901161194e-01,2.092342078685760498e-01,-1.650982946157455444e-01,1.164810299873352051e+00,5.697420984506607056e-02,5.265000000000000000e+03,5.331918945312500000e+03
1.366542428731918335e-01,5.000000074505805969e-02,1.422149091958999634e-01,-4.847908020019531250e-01,1.178419828414916992e+00,5.110533162951469421e-02,4.440000000000000000e+03,5.315445800781250000e+03
1.764043420553207397e-01,5.000000074505805969e-02,1.891654431819915771e-01,1.783161908388137817e-01,7.307763099670410156e-01,6.530780345201492310e-02,2.854000000000000000e+03,2.942012451171875000e+03
5.000000074505805969e-02,-5.000000074505805969e-02,1.779433488845825195e-01,-1.023510321974754333e-01,4.654031693935394287e-01,7.695061713457107544e-02,1.535000000000000000e+03,1.667803833007812500e+03
0.000000000000000000e+00,-1.967304572463035583e-02,-3.545109927654266357e-02,7.605617493391036987e-02,1.273117423057556152e+00,5.795601382851600647e-02,4.772000000000000000e+03,4.802498535156250000e+03
1.366542428731918335e-01,-1.500000059604644775e-01,-8.178786188364028931e-02,-1.773963868618011475e-01,8.032395243644714355e-01,7.632420212030410767e-02,2.810000000000000000e+03,3.016958984375000000e+03
2.872454822063446045e-01,-8.165807463228702545e-03,2.905041575431823730e-01,-2.791078388690948486e-02,4.864803850650787354e-01,7.935098558664321899e-02,1.239000000000000000e+03,1.241088867187500000e+03
9.482004493474960327e-02,-5.179951898753643036e-03,1.797682642936706543e-01,1.904061436653137207e-01,5.729517936706542969e-01,5.763578414916992188e-02,2.026000000000000000e+03,2.297912109375000000e+03
9.482004493474960327e-02,5.000000074505805969e-02,-5.827068910002708435e-02,1.292682625353336334e-02,1.040018200874328613e+00,7.177159935235977173e-02,3.759000000000000000e+03,3.844649658203125000e+03
0.000000000000000000e+00,-1.000000014901161194e-01,-2.759330272674560547e-01,1.163728237152099609e-01,9.869111776351928711e-01,6.765275448560714722e-02,3.542000000000000000e+03,3.976766601562500000e+03
2.494537532329559326e-01,-4.000000059604644775e-01,1.995403021574020386e-01,-3.955207169055938721e-01,1.058316111564636230e+00,5.908654257655143738e-02,4.161000000000000000e+03,4.170227050781250000e+03
-2.000000029802322388e-01,1.366542428731918335e-01,-6.312364935874938965e-01,2.243756130337715149e-02,1.082338333129882812e+00,6.065960973501205444e-02,4.073000000000000000e+03,4.739125000000000000e+03
-5.000000074505805969e-02,9.482004493474960327e-02,4.009368419647216797e-01,-3.785848617553710938e-02,1.146288990974426270e+00,5.810032412409782410e-02,4.587000000000000000e+03,5.331566406250000000e+03
-3.151089549064636230e-01,-3.000000119209289551e-01,-3.470290601253509521e-01,-1.930636167526245117e-01,6.930350661277770996e-01,6.519127637147903442e-02,2.255000000000000000e+03,2.313115966796875000e+03
5.000000074505805969e-02,5.000000074505805969e-02,-5.101153850555419922e-01,1.441053003072738647e-01,1.244968414306640625e+00,5.554871261119842529e-02,5.260000000000000000e+03,6.308796875000000000e+03
-2.131237089633941650e-01,-5.000000074505805969e-02,-2.002858519554138184e-01,-6.646614521741867065e-02,4.620013535022735596e-01,1.162010580301284790e-01,1.393000000000000000e+03,1.395830932617187500e+03
-5.000000074505805969e-02,0.000000000000000000e+00,2.652912139892578125e-01,-3.950024023652076721e-02,1.197116374969482422e+00,5.522340536117553711e-02,4.935000000000000000e+03,5.276259765625000000e+03
-5.000000074505805969e-02,0.000000000000000000e+00,3.242349624633789062e-01,-3.079192042350769043e-01,1.220882296562194824e+00,5.816915631294250488e-02,4.935000000000000000e+03,5.686271484375000000e+03
3.851605653762817383e-01,1.764043420553207397e-01,3.135625123977661133e-01,1.280390024185180664e-01,1.223026394844055176e+00,6.121389195322990417e-02,4.558000000000000000e+03,4.580853515625000000e+03
2.514390051364898682e-01,1.366542428731918335e-01,-1.129153370857238770e-01,3.730483949184417725e-01,1.167181730270385742e+00,5.697576329112052917e-02,4.429000000000000000e+03,5.023421875000000000e+03
-5.000000074505805969e-02,0.000000000000000000e+00,-4.379498064517974854e-01,7.658543437719345093e-02,1.228015899658203125e+00,5.360337346792221069e-02,5.094000000000000000e+03,5.610237304687500000e+03
3.221365213394165039e-01,2.872454822063446045e-01,1.423206925392150879e-01,2.514376640319824219e-01,8.280296325683593750e-01,6.051939353346824646e-02,2.849000000000000000e+03,2.986780273437500000e+03
-1.000000014901161194e-01,1.366542428731918335e-01,-2.229052335023880005e-01,-2.210545912384986877e-02,1.017088890075683594e+00,6.420239806175231934e-02,2.750000000000000000e+03,2.856078613281250000e+03
0.000000000000000000e+00,0.000000000000000000e+00,-1.329869311302900314e-02,4.279123991727828979e-02,1.296082496643066406e+00,6.003170460462570190e-02,4.251000000000000000e+03,4.256070312500000000e+03
0.000000000000000000e+00,-5.000000074505805969e-02,3.806302845478057861e-01,-8.942978829145431519e-02,1.215590715408325195e+00,6.276512145996093750e-02,4.402000000000000000e+03,4.828426757812500000e+03
3.975010663270950317e-02,-1.102498918771743774e-01,4.704986512660980225e-01,-4.297998845577239990e-01,1.180100798606872559e+00,6.423115730285644531e-02,5.050000000000000000e+03,6.049441406250000000e+03
0.000000000000000000e+00,0.000000000000000000e+00,-9.055934846401214600e-02,2.806455194950103760e-01,1.274872064590454102e+00,5.806295946240425110e-02,5.050000000000000000e+03,5.316225097656250000e+03
5.000000074505805969e-02,-1.000000014901161194e-01,-1.393801271915435791e-01,1.890691816806793213e-01,7.338553667068481445e-01,5.671473592519760132e-02,2.556000000000000000e+03,3.097000000000000000e+03
3.562291860580444336e-01,-1.000000014901161194e-01,3.357826769351959229e-01,-1.089666038751602173e-01,5.016815066337585449e-01,1.020097807049751282e-01,1.397000000000000000e+03,1.399776123046875000e+03
-1.590733230113983154e-02,-2.000000029802322388e-01,1.301389932632446289e-01,-1.962047219276428223e-01,1.054656147956848145e+00,5.988782271742820740e-02,3.924000000000000000e+03,3.999024902343750000e+03
0.000000000000000000e+00,-1.500000059604644775e-01,3.405190706253051758e-01,1.705015897750854492e-01,1.260725975036621094e+00,6.163781136274337769e-02,4.733000000000000000e+03,5.365778320312500000e+03
9.482004493474960327e-02,2.145627290010452271e-01,3.114876523613929749e-02,4.331155419349670410e-01,1.058945298194885254e+00,5.623348057270050049e-02,3.306000000000000000e+03,3.456971679687500000e+03
-5.000000074505805969e-02,-1.500000059604644775e-01,2.395079284906387329e-01,-1.985070556402206421e-01,1.212639093399047852e+00,6.093871593475341797e-02,4.219000000000000000e+03,4.463169921875000000e+03
-6.312371790409088135e-02,2.514390051364898682e-01,-4.402760267257690430e-01,3.677429631352424622e-03,1.050180196762084961e+00,6.662135571241378784e-02,4.034000000000000000e+03,4.750461425781250000e+03
-3.499999940395355225e-01,1.345701515674591064e-01,-3.077545166015625000e-01,2.699164301156997681e-02,8.982810378074645996e-01,6.258706748485565186e-02,3.545000000000000000e+03,3.603373046875000000e+03
0.000000000000000000e+00,-1.000000014901161194e-01,1.266248673200607300e-01,-1.255351863801479340e-02,1.054778814315795898e+00,5.293449014425277710e-02,4.548000000000000000e+03,4.644483886718750000e+03
1.366542428731918335e-01,-1.024989411234855652e-02,3.609751462936401367e-01,3.772972524166107178e-02,9.021274447441101074e-01,5.231793597340583801e-02,4.131000000000000000e+03,4.393910156250000000e+03
-1.102498918771743774e-01,-1.000000014901161194e-01,4.245170950889587402e-02,3.792674541473388672e-01,1.228336572647094727e+00,4.996073618531227112e-02,4.695000000000000000e+03,5.454233886718750000e+03
-2.000000029802322388e-01,0.000000000000000000e+00,-2.968492209911346436e-01,-4.036521911621093750e-02,8.226588368415832520e-01,6.508813053369522095e-02,2.961000000000000000e+03,3.008967041015625000e+03
-1.000000014901161194e-01,2.486553937196731567e-01,-1.404198259115219116e-01,1.865332126617431641e-01,8.298036456108093262e-01,6.136130169034004211e-02,3.391000000000000000e+03,3.417929199218750000e+03
-3.499999940395355225e-01,0.000000000000000000e+00,-4.196164906024932861e-01,1.299414634704589844e-01,6.086012721061706543e-01,8.902508020401000977e-02,2.479000000000000000e+03,2.622469238281250000e+03
0.000000000000000000e+00,-5.000000074505805969e-02,-5.908339098095893860e-02,1.192204430699348450e-01,1.249117612838745117e+00,6.076413020491600037e-02,4.275000000000000000e+03,4.362434082031250000e+03
5.000000074505805969e-02,-1.500000059604644775e-01,1.849372684955596924e-01,-2.154075354337692261e-01,4.650401473045349121e-01,9.544876217842102051e-02,1.457000000000000000e+03,1.604655639648437500e+03
-1.678191274404525757e-01,-1.000000014901161194e-01,-3.592531085014343262e-01,6.148895248770713806e-02,1.051782488822937012e+00,7.385328412055969238e-02,3.460000000000000000e+03,3.653546386718750000e+03
-5.000000074505805969e-02,-1.118416264653205872e-01,3.073606640100479126e-02,-2.649746239185333252e-01,4.580333530902862549e-01,9.343473613262176514e-02,1.471000000000000000e+03,1.674590332031250000e+03
0.000000000000000000e+00,-2.000000029802322388e-01,-4.753221571445465088e-02,-4.369385540485382080e-01,1.074278473854064941e+00,6.006892770528793335e-02,4.524000000000000000e+03,4.749619628906250000e+03
-2.000000029802322388e-01,-1.000000014901161194e-01,1.610744977369904518e-03,7.780656684190034866e-03,9.417443275451660156e-01,6.842384487390518188e-02,3.255000000000000000e+03,3.444290771484375000e+03
9.482004493474960327e-02,-5.000000074505805969e-02,1.215902045369148254e-01,2.978323101997375488e-01,8.294444084167480469e-01,6.269007921218872070e-02,2.646000000000000000e+03,3.096986816406250000e+03
2.145627290010452271e-01,-3.499999940395355225e-01,3.692828416824340820e-01,-3.501702547073364258e-01,8.218566179275512695e-01,6.236495822668075562e-02,2.856000000000000000e+03,2.956509277343750000e+03
1.366542428731918335e-01,-2.000000029802322388e-01,3.761253952980041504e-01,-1.936050653457641602e-01,1.047654628753662109e+00,5.884005129337310791e-02,4.310000000000000000e+03,4.532703613281250000e+03
1.764043420553207397e-01,5.000000074505805969e-02,1.247331649065017700e-01,2.485216856002807617e-01,8.388277292251586914e-01,7.247754186391830444e-02,2.872000000000000000e+03,3.041445556640625000e+03
-2.500000000000000000e-01,-2.500000000000000000e-01,-1.407665461301803589e-01,-1.552117615938186646e-01,8.480847477912902832e-01,5.929796025156974792e-02,3.272000000000000000e+03,3.366186767578125000e+03
8.275320380926132202e-02,-1.000000014901161194e-01,2.902937531471252441e-01,-2.458715587854385376e-01,1.159789919853210449e+00,5.471199005842208862e-02,4.394000000000000000e+03,4.602143066406250000e+03
1.366542428731918335e-01,1.764043420553207397e-01,4.761777222156524658e-01,2.288978993892669678e-01,1.034492611885070801e+00,6.677213311195373535e-02,4.062000000000000000e+03,4.499435546875000000e+03
3.221365213394165039e-01,0.000000000000000000e+00,3.160668313503265381e-01,4.722386226058006287e-02,7.802976965904235840e-01,4.981390014290809631e-02,2.523000000000000000e+03,2.532449707031250000e+03
-5.000000074505805969e-02,0.000000000000000000e+00,4.514393210411071777e-01,-3.354808688163757324e-01,1.284992575645446777e+00,5.472499132156372070e-02,4.816000000000000000e+03,5.831549316406250000e+03
5.000000074505805969e-02,0.000000000000000000e+00,1.775522977113723755e-01,-4.054318070411682129e-01,1.271271347999572754e+00,5.857542157173156738e-02,5.019000000000000000e+03,5.566045898437500000e+03
-1.000000014901161194e-01,-2.000000029802322388e-01,-2.673353552818298340e-01,5.395803973078727722e-02,8.819194436073303223e-01,5.704380571842193604e-02,3.365000000000000000e+03,3.754358886718750000e+03
-1.500000059604644775e-01,-1.500000059604644775e-01,8.691391348838806152e-02,-1.203574910759925842e-01,1.124451160430908203e+00,5.947552621364593506e-02,4.338000000000000000e+03,4.531950683593750000e+03
-2.000000029802322388e-01,-1.024989411234855652e-02,-5.270626544952392578e-01,2.322392016649246216e-01,1.116853594779968262e+00,8.228738605976104736e-02,3.424000000000000000e+03,3.866114990234375000e+03
-1.618416309356689453e-01,-3.000000119209289551e-01,-1.065586730837821960e-01,4.168370738625526428e-02,8.956343531608581543e-01,5.661571770906448364e-02,3.370000000000000000e+03,3.856451660156250000e+03
9.482004493474960327e-02,1.366542428731918335e-01,-2.600824534893035889e-01,-1.489361077547073364e-01,1.126102447509765625e+00,6.208697706460952759e-02,4.419000000000000000e+03,5.117628906250000000e+03
5.000000074505805969e-02,-1.500000059604644775e-01,-3.516293168067932129e-01,-2.000233530998229980e-01,9.272688031196594238e-01,5.926015600562095642e-02,3.508000000000000000e+03,4.149945800781250000e+03
-1.000000014901161194e-01,0.000000000000000000e+00,-2.930851578712463379e-01,-5.734123289585113525e-02,1.018707394599914551e+00,6.334106624126434326e-02,4.206000000000000000e+03,4.369157226562500000e+03
-1.500000059604644775e-01,-1.000000014901161194e-01,-4.807182550430297852e-01,-1.211797967553138733e-01,9.613474607467651367e-01,5.805111676454544067e-02,4.004000000000000000e+03,4.467296875000000000e+03
1.764043420553207397e-01,-1.500000059604644775e-01,3.080507814884185791e-01,-1.445445977151393890e-02,1.173671126365661621e+00,5.127045139670372009e-02,4.658000000000000000e+03,4.778045898437500000e+03
-1.000000014901161194e-01,-5.000000074505805969e-02,-1.615006923675537109e-01,-1.892300248146057129e-01,8.945645689964294434e-01,6.173130869865417480e-02,3.981000000000000000e+03,4.095595947265625000e+03
-5.816580727696418762e-02,0.000000000000000000e+00,8.782411925494670868e-03,4.149439334869384766e-01,1.273263335227966309e+00,6.223762407898902893e-02,5.010000000000000000e+03,5.543045898437500000e+03
-2.000000029802322388e-01,-5.000000074505805969e-02,-2.383732497692108154e-01,1.190216839313507080e-01,1.129305720329284668e+00,6.322061270475387573e-02,4.579000000000000000e+03,4.686291015625000000e+03
0.000000000000000000e+00,-5.000000074505805969e-02,-3.046735525131225586e-01,5.105390548706054688e-01,1.156061172485351562e+00,6.612855195999145508e-02,3.806000000000000000e+03,4.897292968750000000e+03
-5.000000074505805969e-02,-5.000000074505805969e-02,5.959774255752563477e-01,7.129968702793121338e-02,1.275183677673339844e+00,5.823117122054100037e-02,5.143000000000000000e+03,6.437062500000000000e+03
2.145627290010452271e-01,-5.000000074505805969e-02,3.756332993507385254e-01,4.128862544894218445e-02,1.092618703842163086e+00,5.930547788739204407e-02,3.581000000000000000e+03,3.683427734375000000e+03
-2.500000000000000000e-01,1.366542428731918335e-01,-3.159283101558685303e-01,4.424038231372833252e-01,8.161727190017700195e-01,6.242886930704116821e-02,3.189000000000000000e+03,3.642351318359375000e+03
-2.500000000000000000e-01,1.366542428731918335e-01,-7.165241055190563202e-03,5.877789258956909180e-01,1.157687187194824219e+00,6.290090829133987427e-02,3.986000000000000000e+03,4.734728027343750000e+03
-5.816580727696418762e-02,0.000000000000000000e+00,3.829298019409179688e-01,-1.135919839143753052e-01,1.274509906768798828e+00,5.711453780531883240e-02,4.378000000000000000e+03,4.921722167968750000e+03
-1.000000014901161194e-01,-8.165807463228702545e-03,-1.573578417301177979e-01,-2.000067830085754395e-01,5.501618981361389160e-01,6.270476430654525757e-02,2.024000000000000000e+03,2.284331787109375000e+03
0.000000000000000000e+00,-5.000000074505805969e-02,-1.398699879646301270e-01,-2.384379953145980835e-01,1.234759807586669922e+00,5.823086202144622803e-02,5.318000000000000000e+03,5.508450195312500000e+03
1.240688338875770569e-01,-2.500000000000000000e-01,1.280100792646408081e-01,-1.650392264127731323e-01,5.886859893798828125e-01,1.426827460527420044e-01,1.207000000000000000e+03,1.232051757812500000e+03
0.000000000000000000e+00,-6.024989485740661621e-02,2.140756696462631226e-02,-4.102997779846191406e-01,1.099745512008666992e+00,7.418435066938400269e-02,4.486000000000000000e+03,4.931419921875000000e+03
3.562291860580444336e-01,0.000000000000000000e+00,4.850674867630004883e-01,-3.392916545271873474e-02,6.088117957115173340e-01,8.172135055065155029e-02,2.068000000000000000e+03,2.165960693359375000e+03
1.329784244298934937e-01,2.872454822063446045e-01,-1.334042549133300781e-01,3.221497237682342529e-01,9.003368616104125977e-01,6.200451776385307312e-02,3.517000000000000000e+03,3.823875976562500000e+03
1.366542428731918335e-01,1.366542428731918335e-01,-3.904220834374427795e-02,-2.122995257377624512e-01,1.126278519630432129e+00,5.645250529050827026e-02,4.042000000000000000e+03,4.515275878906250000e+03
-5.000000074505805969e-02,-5.000000074505805969e-02,-7.984091341495513916e-02,-1.338622123003005981e-01,1.261579275131225586e+00,5.626582726836204529e-02,4.754000000000000000e+03,4.777496582031250000e+03
3.221365213394165039e-01,1.764043420553207397e-01,5.982942581176757812e-01,2.472977638244628906e-01,1.056373238563537598e+00,7.087312638759613037e-02,3.819000000000000000e+03,4.092816894531250000e+03
1.366542428731918335e-01,9.482004493474960327e-02,1.153670400381088257e-01,-3.491829335689544678e-01,1.237181782722473145e+00,5.938781052827835083e-02,4.618000000000000000e+03,5.198280273437500000e+03
9.482004493474960327e-02,-1.500000059604644775e-01,3.485835343599319458e-02,-8.447077870368957520e-02,1.075505018234252930e+00,5.961031839251518250e-02,3.577000000000000000e+03,3.601338867187500000e+03
0.000000000000000000e+00,9.482004493474960327e-02,3.011298477649688721e-01,1.235247552394866943e-01,1.214541554450988770e+00,5.911411345005035400e-02,4.759000000000000000e+03,5.049311035156250000e+03
-1.184162404388189316e-02,-5.000000074505805969e-02,4.094055911991745234e-04,1.054644063115119934e-01,8.252315521240234375e-01,5.923363566398620605e-02,2.837000000000000000e+03,2.937425048828125000e+03
5.000000074505805969e-02,8.580648899078369141e-02,-2.596397697925567627e-01,-1.633348166942596436e-01,9.995312690734863281e-01,5.873195081949234009e-02,3.849000000000000000e+03,4.437168457031250000e+03
-4.000000059604644775e-01,-5.000000074505805969e-02,-3.782176077365875244e-01,3.630267083644866943e-01,1.118421316146850586e+00,8.196191489696502686e-02,3.663000000000000000e+03,4.148960449218750000e+03
-5.000000074505805969e-02,0.000000000000000000e+00,1.745929243043065071e-03,-3.198869526386260986e-01,1.258549094200134277e+00,5.390752106904983521e-02,5.520000000000000000e+03,5.879586914062500000e+03
-1.500000059604644775e-01,5.000000074505805969e-02,-1.736981719732284546e-01,-2.030293829739093781e-02,5.751632452011108398e-01,8.624631911516189575e-02,2.240000000000000000e+03,2.277185302734375000e+03
5.000000074505805969e-02,1.366542428731918335e-01,-2.664586007595062256e-01,3.455641567707061768e-01,1.258069038391113281e+00,5.362567678093910217e-02,4.945000000000000000e+03,5.385696777343750000e+03
9.482004493474960327e-02,9.482004493474960327e-02,-2.387864738702774048e-01,1.367060095071792603e-01,1.157883644104003906e+00,6.827167421579360962e-02,3.812000000000000000e+03,4.126637207031250000e+03
3.073761053383350372e-02,0.000000000000000000e+00,4.737330228090286255e-02,-3.328960388898849487e-02,1.199990510940551758e+00,6.469492614269256592e-02,3.808000000000000000e+03,3.811665771484375000e+03
-1.000000014901161194e-01,2.826190292835235596e-01,-1.796617507934570312e-01,1.634017378091812134e-01,7.260937690734863281e-01,6.270736455917358398e-02,3.086000000000000000e+03,3.205039306640625000e+03
0.000000000000000000e+00,0.000000000000000000e+00,-1.805366128683090210e-01,-4.071224853396415710e-02,1.282084703445434570e+00,5.674397572875022888e-02,5.610000000000000000e+03,5.726437988281250000e+03
-5.000000074505805969e-02,4.482004791498184204e-02,-5.767215043306350708e-02,-6.063064187765121460e-02,7.531195282936096191e-01,6.130713596940040588e-02,2.393000000000000000e+03,2.439803222656250000e+03
5.000000074505805969e-02,5.000000074505805969e-02,2.987579703330993652e-01,1.304805744439363480e-02,1.205012798309326172e+00,6.031150743365287781e-02,4.837000000000000000e+03,5.045309570312500000e+03
0.000000000000000000e+00,-2.500000000000000000e-01,-9.788630902767181396e-02,-2.580596804618835449e-01,6.698126792907714844e-01,8.009666204452514648e-02,2.208000000000000000e+03,2.255182373046875000e+03
5.000000074505805969e-02,1.764043420553207397e-01,1.243306696414947510e-01,9.487196058034896851e-02,8.841539621353149414e-01,6.593164801597595215e-02,3.515000000000000000e+03,3.569633789062500000e+03
-1.151089668273925781e-01,3.221365213394165039e-01,-3.487106263637542725e-01,4.835235178470611572e-01,9.736217856407165527e-01,8.742152899503707886e-02,2.973000000000000000e+03,3.220508300781250000e+03
9.482004493474960327e-02,8.489102870225906372e-02,-6.575871258974075317e-02,-3.264274597167968750e-01,1.082139015197753906e+00,7.049161195755004883e-02,3.992000000000000000e+03,4.632708496093750000e+03
1.764043420553207397e-01,-1.184162404388189316e-02,1.669696271419525146e-01,2.973345518112182617e-01,1.081872463226318359e+00,5.784591659903526306e-02,4.329000000000000000e+03,4.675647460937500000e+03
-1.500000059604644775e-01,9.482004493474960327e-02,-3.548607826232910156e-01,-1.723207086324691772e-01,1.176234006881713867e+00,6.070823594927787781e-02,4.669000000000000000e+03,5.044500976562500000e+03
0.000000000000000000e+00,0.000000000000000000e+00,8.216123282909393311e-02,4.189285635948181152e-02,1.181824564933776855e+00,6.147142127156257629e-02,4.641000000000000000e+03,4.669171875000000000e+03
5.000000074505805969e-02,-5.000000074505805969e-02,-1.043694615364074707e-01,4.693347588181495667e-02,1.158720493316650391e+00,6.103211268782615662e-02,4.635000000000000000e+03,4.748955566406250000e+03
-3.000000119209289551e-01,-1.500000059604644775e-01,-3.206260800361633301e-01,-1.371558904647827148e-01,6.137854456901550293e-01,5.660593137145042419e-02,2.048000000000000000e+03,2.051204101562500000e+03
9.482004493474960327e-02,5.000000074505805969e-02,-5.013779401779174805e-01,-6.176762282848358154e-02,1.222211480140686035e+00,4.926301911473274231e-02,4.929000000000000000e+03,6.083317382812500000e+03
0.000000000000000000e+00,0.000000000000000000e+00,3.225594386458396912e-02,4.404677078127861023e-02,1.268243670463562012e+00,6.821139901876449585e-02,4.466000000000000000e+03,4.474284179687500000e+03
-2.500000000000000000e-01,2.514390051364898682e-01,-3.162783384323120117e-01,2.823473811149597168e-01,8.223448395729064941e-01,5.884680151939392090e-02,3.228000000000000000e+03,3.253342041015625000e+03
-1.500000059604644775e-01,1.683132946491241455e-01,-5.578259006142616272e-02,-5.427976325154304504e-02,8.812567591667175293e-01,7.024453580379486084e-02,3.389000000000000000e+03,3.639717529296875000e+03
-1.000000014901161194e-01,1.366542428731918335e-01,-3.810093998908996582e-01,2.205135487020015717e-02,1.094690799713134766e+00,8.190499246120452881e-02,3.384000000000000000e+03,3.639964111328125000e+03
-1.500000059604644775e-01,-5.816580727696418762e-02,-3.056561648845672607e-01,3.485812544822692871e-01,1.148711323738098145e+00,6.248289719223976135e-02,4.286000000000000000e+03,4.883758789062500000e+03
-1.196730434894561768e-01,-1.672467887401580811e-01,5.687228217720985413e-02,7.780614774674177170e-03,6.920897960662841797e-01,7.847648859024047852e-02,2.853000000000000000e+03,3.210102294921875000e+03
-1.000000014901161194e-01,1.764043420553207397e-01,-2.626259922981262207e-01,3.857152536511421204e-02,1.102750897407531738e+00,6.184307485818862915e-02,4.562000000000000000e+03,4.731121582031250000e+03
-5.000000074505805969e-02,-5.000000074505805969e-02,2.622588872909545898e-01,-2.900303602218627930e-01,1.267258763313293457e+00,5.981573089957237244e-02,4.885000000000000000e+03,5.346610351562500000e+03
0.000000000000000000e+00,-5.000000000000000000e-01,3.306744396686553955e-01,-5.418043732643127441e-01,1.062618136405944824e+00,1.156840100884437561e-01,2.241000000000000000e+03,2.456302734375000000e+03
0.000000000000000000e+00,-1.000000014901161194e-01,-8.503213524818420410e-02,5.945228785276412964e-02,1.259798407554626465e+00,5.840368196368217468e-02,4.144000000000000000e+03,4.228754882812500000e+03
5.000000074505805969e-02,-1.000000014901161194e-01,-1.319106072187423706e-01,-4.875535517930984497e-02,1.176737666130065918e+00,5.421967804431915283e-02,3.833000000000000000e+03,3.931127197265625000e+03
1.345701515674591064e-01,0.000000000000000000e+00,8.154114335775375366e-02,2.445954084396362305e-01,9.817965626716613770e-01,6.683735549449920654e-02,3.838000000000000000e+03,4.083406494140625000e+03
1.764043420553207397e-01,9.482004493474960327e-02,-1.849098652601242065e-01,-3.270773887634277344e-01,1.123881101608276367e+00,6.380446255207061768e-02,3.971000000000000000e+03,4.893996582031250000e+03
1.366542428731918335e-01,0.000000000000000000e+00,1.405575722455978394e-01,-2.284840941429138184e-01,1.202091932296752930e+00,5.826814100146293640e-02,4.994000000000000000e+03,5.172847167968750000e+03
0.000000000000000000e+00,-5.000000074505805969e-02,-2.640156149864196777e-01,-1.294386237859725952e-01,1.243127107620239258e+00,6.195112690329551697e-02,5.080000000000000000e+03,5.326942382812500000e+03
0.000000000000000000e+00,0.000000000000000000e+00,-2.110331356525421143e-01,-2.860308885574340820e-01,1.268268823623657227e+00,6.061405315995216370e-02,5.081000000000000000e+03,5.472164062500000000e+03
-1.172467991709709167e-01,5.000000074505805969e-02,3.189101815223693848e-01,-3.156724572181701660e-02,1.191143035888671875e+00,5.743673816323280334e-02,4.803000000000000000e+03,5.450104980468750000e+03
-1.000000014901161194e-01,1.366542428731918335e-01,2.636497616767883301e-01,2.061934471130371094e-01,9.760172963142395020e-01,6.809829175472259521e-02,3.818000000000000000e+03,4.350487792968750000e+03
-2.500000000000000000e-01,-3.000000119209289551e-01,-2.270429432392120361e-01,-2.125164270401000977e-01,1.002380490303039551e+00,7.559633255004882812e-02,3.542000000000000000e+03,3.570777099609375000e+03
1.366542428731918335e-01,0.000000000000000000e+00,4.171092510223388672e-01,-7.079074531793594360e-02,1.227656722068786621e+00,5.564577877521514893e-02,5.047000000000000000e+03,5.323833984375000000e+03
0.000000000000000000e+00,-1.000000014901161194e-01,-4.835161864757537842e-01,-2.723153531551361084e-01,1.101047277450561523e+00,7.166738063097000122e-02,3.322000000000000000e+03,4.012125976562500000e+03
-2.000000029802322388e-01,-1.510896813124418259e-02,-2.234876453876495361e-01,-5.981954559683799744e-02,1.042560935020446777e+00,6.082443520426750183e-02,3.422000000000000000e+03,3.430082763671875000e+03
-1.102498918771743774e-01,-1.500000059604644775e-01,-3.024794533848762512e-02,-7.601242512464523315e-03,1.230843663215637207e+00,6.693492084741592407e-02,4.637000000000000000e+03,4.718412109375000000e+03
9.482004493474960327e-02,5.000000074505805969e-02,-6.386534124612808228e-02,1.269307136535644531e-01,1.191491127014160156e+00,5.835595354437828064e-02,4.510000000000000000e+03,4.608477539062500000e+03
-1.000000014901161194e-01,-1.000000014901161194e-01,-4.044756591320037842e-01,-7.037205249071121216e-02,1.110422015190124512e+00,5.996154993772506714e-02,4.094000000000000000e+03,4.399578613281250000e+03
0.000000000000000000e+00,0.000000000000000000e+00,-8.804400265216827393e-02,-3.998925164341926575e-02,1.280539035797119141e+00,5.753618478775024414e-02,4.690000000000000000e+03,4.716644042968750000e+03
1.366542428731918335e-01,5.000000074505805969e-02,3.553063273429870605e-01,5.608261749148368835e-02,9.912599921226501465e-01,6.753931194543838501e-02,3.496000000000000000e+03,3.664199462890625000e+03
-1.618416309356689453e-01,-1.967304572463035583e-02,-2.445430308580398560e-01,-1.140591278672218323e-01,5.118836164474487305e-01,1.159097328782081604e-01,1.718000000000000000e+03,1.819847534179687500e+03
5.000000074505805969e-02,4.223684668540954590e-01,-3.529233485460281372e-02,4.795887768268585205e-01,8.787229061126708984e-01,7.168446481227874756e-02,2.935000000000000000e+03,2.975094726562500000e+03
0.000000000000000000e+00,-2.000000029802322388e-01,2.967987060546875000e-01,-3.418039679527282715e-01,1.199717760086059570e+00,6.603694707155227661e-02,4.412000000000000000e+03,4.738398925781250000e+03
9.482004493474960327e-02,-5.179951898753643036e-03,1.039619557559490204e-03,-2.094484418630599976e-01,1.111045002937316895e+00,6.625100970268249512e-02,3.660000000000000000e+03,3.808443359375000000e+03
1.366542428731918335e-01,2.872454822063446045e-01,2.087390720844268799e-01,1.739824265241622925e-01,1.147000670433044434e+00,5.749535560607910156e-02,4.813000000000000000e+03,4.878750000000000000e+03
5.173884034156799316e-01,5.481259822845458984e-01,4.107642173767089844e-01,1.871578246355056763e-01,9.035485386848449707e-01,1.048835068941116333e-01,2.095000000000000000e+03,2.445440185546875000e+03
2.872454822063446045e-01,8.815837651491165161e-02,5.743090510368347168e-01,3.507743477821350098e-01,7.831956744194030762e-01,6.336623430252075195e-02,3.312000000000000000e+03,4.090557617187500000e+03
-5.000000074505805969e-02,0.000000000000000000e+00,-4.455322865396738052e-03,-4.736242592334747314e-01,1.162894964218139648e+00,5.744061991572380066e-02,4.624000000000000000e+03,5.371752441406250000e+03
4.482004791498184204e-02,-5.000000074505805969e-02,-2.110142409801483154e-01,6.457307934761047363e-01,1.270753741264343262e+00,5.968484282493591309e-02,4.398000000000000000e+03,5.801318359375000000e+03
0.000000000000000000e+00,-5.000000074505805969e-02,4.984849318861961365e-02,4.898951947689056396e-01,1.268334984779357910e+00,6.248720735311508179e-02,4.699000000000000000e+03,5.524257324218750000e+03
2.145627290010452271e-01,-4.000000059604644775e-01,3.358831703662872314e-01,-3.819473385810852051e-01,8.343768119812011719e-01,9.160324186086654663e-02,2.237000000000000000e+03,2.285148437500000000e+03
9.482004493474960327e-02,5.000000074505805969e-02,-1.200516149401664734e-02,2.171004265546798706e-01,1.215236425399780273e+00,6.170413270592689514e-02,4.246000000000000000e+03,4.358366210937500000e+03
5.000000074505805969e-02,-5.000000074505805969e-02,-9.660871699452400208e-03,-3.548028692603111267e-02,1.158544898033142090e+00,5.850362777709960938e-02,4.659000000000000000e+03,4.672151855468750000e+03
-1.500000059604644775e-01,-3.000000119209289551e-01,-2.482667565345764160e-01,-2.301713675260543823e-01,4.062665700912475586e-01,8.154909312725067139e-02,1.289000000000000000e+03,1.400047241210937500e+03
0.000000000000000000e+00,5.000000074505805969e-02,-9.476143121719360352e-02,-6.544781327247619629e-01,1.247912526130676270e+00,7.567913830280303955e-02,4.047000000000000000e+03,5.282750000000000000e+03
5.000000074505805969e-02,-1.500000059604644775e-01,5.459498986601829529e-02,-5.698730349540710449e-01,1.197862029075622559e+00,6.807570159435272217e-02,4.594000000000000000e+03,5.142617187500000000e+03
-4.000000059604644775e-01,0.000000000000000000e+00,-3.467260599136352539e-01,4.328401088714599609e-01,9.682434797286987305e-01,5.900848656892776489e-02,3.988000000000000000e+03,4.762680664062500000e+03
-1.692623943090438843e-01,1.316963285207748413e-01,-2.463067919015884399e-01,1.591278463602066040e-01,1.193458914756774902e+00,6.194643676280975342e-02,4.435000000000000000e+03,4.455675292968750000e+03
1.366542428731918335e-01,2.145627290010452271e-01,2.557744383811950684e-01,1.100443676114082336e-01,1.279867053031921387e+00,1.146691739559173584e-01,7.424000000000000000e+03,7.537472167968750000e+03
5.000000074505805969e-02,-5.816580727696418762e-02,2.275494188070297241e-01,-2.772538363933563232e-01,1.166480183601379395e+00,5.074257776141166687e-02,4.907000000000000000e+03,5.189617187500000000e+03
-6.590732932090759277e-02,-5.000000074505805969e-02,-1.477085202932357788e-01,2.696692049503326416e-01,9.940174818038940430e-01,6.131837889552116394e-02,3.608000000000000000e+03,3.994984130859375000e+03
1.686628162860870361e-01,6.672313809394836426e-01,2.086763232946395874e-01,4.669544398784637451e-01,7.582820057868957520e-01,1.778912991285324097e-01,1.721000000000000000e+03,1.843839355468750000e+03
-1.500000059604644775e-01,-5.000000074505805969e-02,-1.872781515121459961e-01,-3.053161799907684326e-01,6.913769841194152832e-01,7.458707690238952637e-02,2.536000000000000000e+03,2.878991455078125000e+03
4.223684668540954590e-01,9.482004493474960327e-02,2.909901142120361328e-01,8.891259133815765381e-02,7.423077821731567383e-01,5.962991341948509216e-02,2.563000000000000000e+03,2.643017578125000000e+03
9.482004493474960327e-02,-1.172467991709709167e-01,1.105731129646301270e-01,-8.464764803647994995e-02,1.057931065559387207e+00,5.599768087267875671e-02,3.022000000000000000e+03,3.025500488281250000e+03
2.145627290010452271e-01,-1.000000014901161194e-01,1.613686233758926392e-01,-1.752392761409282684e-02,1.011470198631286621e+00,7.892587780952453613e-02,3.487000000000000000e+03,3.519664794921875000e+03
0.000000000000000000e+00,-6.881999224424362183e-02,4.179212749004364014e-01,-4.553753510117530823e-02,1.144011378288269043e+00,6.143432855606079102e-02,3.944000000000000000e+03,4.457221191406250000e+03
-5.000000074505805969e-02,2.145627290010452271e-01,-3.907209634780883789e-01,2.278917841613292694e-02,9.761115908622741699e-01,5.537895858287811279e-02,3.412000000000000000e+03,3.941338378906250000e+03
0.000000000000000000e+00,-1.024989411234855652e-02,-3.387034311890602112e-02,-9.948144434019923210e-04,1.290609121322631836e+00,5.704133212566375732e-02,4.397000000000000000e+03,4.400209472656250000e+03
5.000000074505805969e-02,0.000000000000000000e+00,-1.203559413552284241e-01,-4.777265191078186035e-01,1.269421815872192383e+00,5.624732375144958496e-02,4.971000000000000000e+03,5.736392578125000000e+03
1.764043420553207397e-01,5.000000074505805969e-02,-5.627378076314926147e-02,1.121742278337478638e-01,1.031210780143737793e+00,6.094519793987274170e-02,4.321000000000000000e+03,4.553373535156250000e+03
-2.500000000000000000e-01,1.366542428731918335e-01,4.078638553619384766e-02,-1.708808392286300659e-01,1.130099654197692871e+00,5.848559737205505371e-02,4.051000000000000000e+03,4.601005371093750000e+03
1.366542428731918335e-01,1.764043420553207397e-01,2.167366743087768555e-01,-2.122697979211807251e-02,1.158618330955505371e+00,5.930579081177711487e-02,4.808000000000000000e+03,4.969404296875000000e+03
9.183419495820999146e-02,2.145627290010452271e-01,2.790225744247436523e-01,3.705976605415344238e-01,1.033529877662658691e+00,6.260237097740173340e-02,3.476000000000000000e+03,3.666662597656250000e+03
-1.000000014901161194e-01,1.345701515674591064e-01,-1.517727132886648178e-02,-2.441026866436004639e-01,1.183237910270690918e+00,6.332670152187347412e-02,5.245000000000000000e+03,5.796329101562500000e+03
-1.500000059604644775e-01,0.000000000000000000e+00,-1.786752939224243164e-01,2.329702489078044891e-02,7.877262234687805176e-01,6.606783717870712280e-02,2.807000000000000000e+03,2.813224609375000000e+03
0.000000000000000000e+00,-1.000000014901161194e-01,2.102714776992797852e-01,2.529532015323638916e-01,1.131021261215209961e+00,6.064423918724060059e-02,4.218000000000000000e+03,4.758427734375000000e+03
2.514390051364898682e-01,5.000000074505805969e-02,1.980918347835540771e-01,1.676123440265655518e-01,9.456221461296081543e-01,6.388144940137863159e-02,3.078000000000000000e+03,3.135075195312500000e+03
9.482004493474960327e-02,9.482004493474960327e-02,1.962884366512298584e-01,1.231586262583732605e-01,1.175692200660705566e+00,5.784595385193824768e-02,4.174000000000000000e+03,4.207528320312500000e+03
2.145627290010452271e-01,-2.000000029802322388e-01,-7.254988700151443481e-02,-3.026397824287414551e-01,1.044339179992675781e+00,6.782899796962738037e-02,3.915000000000000000e+03,4.242334960937500000e+03
3.194263577461242676e-01,8.815837651491165161e-02,2.899070680141448975e-01,-1.019880268722772598e-02,7.239851355552673340e-01,7.063020765781402588e-02,2.483000000000000000e+03,2.532666503906250000e+03
8.815837651491165161e-02,-2.000000029802322388e-01,-2.934765517711639404e-01,-1.371144056320190430e-01,1.060375332832336426e+00,6.227673590183258057e-02,3.914000000000000000e+03,4.419384765625000000e+03
-1.000000014901161194e-01,1.264791041612625122e-01,-6.128019466996192932e-02,-1.721586436033248901e-01,1.182210206985473633e+00,6.068136543035507202e-02,4.253000000000000000e+03,4.524941894531250000e+03
-5.000000074505805969e-02,-3.000000119209289551e-01,-2.226811647415161133e-02,-3.382432460784912109e-01,5.875948071479797363e-01,1.030561849474906921e-01,1.832000000000000000e+03,1.843857910156250000e+03
3.409266844391822815e-02,0.000000000000000000e+00,-1.606861874461174011e-02,1.753787323832511902e-02,4.341133832931518555e-01,7.913210242986679077e-02,1.193000000000000000e+03,1.210777099609375000e+03
0.000000000000000000e+00,8.409266918897628784e-02,2.388728037476539612e-02,5.633443593978881836e-01,1.255552649497985840e+00,6.214487925171852112e-02,5.233000000000000000e+03,5.974091308593750000e+03
-6.661394238471984863e-02,8.815837651491165161e-02,-1.903771460056304932e-01,-3.795912489295005798e-02,1.210022330284118652e+00,6.278458237648010254e-02,4.269000000000000000e+03,4.359564941406250000e+03
0.000000000000000000e+00,0.000000000000000000e+00,-5.886600818485021591e-03,-6.419707089662551880e-02,1.265615940093994141e+00,6.128896400332450867e-02,3.813000000000000000e+03,3.822962890625000000e+03
-5.000000074505805969e-02,-1.000000014901161194e-01,-4.488241299986839294e-02,-1.024736985564231873e-01,1.136262655258178711e+00,5.527918413281440735e-02,4.012000000000000000e+03,4.012100097656250000e+03
2.872454822063446045e-01,-1.618416309356689453e-01,9.311208873987197876e-02,-3.754258155822753906e-01,8.063405156135559082e-01,6.469525396823883057e-02,2.979000000000000000e+03,3.350421386718750000e+03
-5.000000074505805969e-02,2.486553937196731567e-01,-2.392694652080535889e-01,4.021638035774230957e-01,1.214948654174804688e+00,6.352355331182479858e-02,4.278000000000000000e+03,4.448650390625000000e+03
0.000000000000000000e+00,3.562291860580444336e-01,2.138394676148891449e-02,7.326346635818481445e-01,9.078730940818786621e-01,8.111356943845748901e-02,3.048000000000000000e+03,3.554039062500000000e+03
1.764043420553207397e-01,-1.000000014901161194e-01,1.650760471820831299e-01,-9.369247406721115112e-02,3.777782917022705078e-01,9.254679083824157715e-02,1.138000000000000000e+03,1.139357299804687500e+03
-4.000000059604644775e-01,5.000000074505805969e-02,-5.306506156921386719e-01,1.000750139355659485e-01,5.817064642906188965e-01,7.718794792890548706e-02,1.898000000000000000e+03,2.006260253906250000e+03
-1.500000059604644775e-01,9.482004493474960327e-02,-1.106410026550292969e-01,1.839523464441299438e-01,1.178661465644836426e+00,7.005091011524200439e-02,4.201000000000000000e+03,4.229584472656250000e+03
-5.000000074505805969e-02,0.000000000000000000e+00,-2.335183918476104736e-01,2.006957530975341797e-01,1.029581546783447266e+00,5.436302348971366882e-02,4.027000000000000000e+03,4.302944824218750000e+03
9.482004493474960327e-02,9.482004493474960327e-02,-3.838210999965667725e-01,1.663860678672790527e-01,1.093337297439575195e+00,6.186787039041519165e-02,4.580000000000000000e+03,5.440304687500000000e+03
-5.000000074505805969e-02,5.000000074505805969e-02,4.721796810626983643e-01,-1.832374334335327148e-01,1.259940624237060547e+00,6.098986417055130005e-02,4.961000000000000000e+03,5.939172851562500000e+03
-1.118416264653205872e-01,2.145627290010452271e-01,-2.315508574247360229e-01,-3.058103919029235840e-01,9.291030168533325195e-01,6.911942362785339355e-02,2.956000000000000000e+03,3.873097412109375000e+03
9.482004493474960327e-02,3.221365213394165039e-01,-2.445057481527328491e-01,4.048472642898559570e-01,1.040274977684020996e+00,7.321484386920928955e-02,3.219000000000000000e+03,3.572678222656250000e+03
1.764043420553207397e-01,9.482004493474960327e-02,2.021715044975280762e-01,-2.368472516536712646e-01,9.061560034751892090e-01,5.662213638424873352e-02,3.495000000000000000e+03,3.951558349609375000e+03
8.409266918897628784e-02,-5.000000074505805969e-02,1.118448004126548767e-01,-3.380704820156097412e-01,9.922385811805725098e-01,5.441062524914741516e-02,3.807000000000000000e+03,4.123940429687500000e+03
8.815837651491165161e-02,2.514390051364898682e-01,-1.729038506746292114e-01,-2.217736244201660156e-01,1.070520162582397461e+00,5.957066640257835388e-02,4.114000000000000000e+03,5.110692871093750000e+03
2.514390051364898682e-01,9.482004493474960327e-02,1.804399937391281128e-01,-3.258294761180877686e-01,1.027415394783020020e+00,6.110472232103347778e-02,3.854000000000000000e+03,4.493854003906250000e+03
-2.000000029802322388e-01,2.080634087324142456e-01,-1.176331713795661926e-01,-1.128708273172378540e-01,9.755647182464599609e-01,6.610842794179916382e-02,3.569000000000000000e+03,3.970641845703125000e+03
2.145627290010452271e-01,5.000000074505805969e-02,1.171824708580970764e-01,1.264693588018417358e-01,7.911614775657653809e-01,7.927791029214859009e-02,2.535000000000000000e+03,2.596902099609375000e+03
5.000000074505805969e-02,-5.000000074505805969e-02,6.831347346305847168e-01,-7.187315076589584351e-02,1.271230101585388184e+00,6.065595895051956177e-02,4.601000000000000000e+03,5.686644042968750000e+03
9.482004493474960327e-02,1.366542428731918335e-01,9.508513659238815308e-02,3.025423586368560791e-01,7.845692634582519531e-01,9.219409525394439697e-02,2.114000000000000000e+03,2.207515136718750000e+03
-2.500000000000000000e-01,9.482004493474960327e-02,-1.002347320318222046e-01,2.117185294628143311e-01,1.102505326271057129e+00,6.898335367441177368e-02,3.881000000000000000e+03,3.995577392578125000e+03
-1.312371436506509781e-02,-1.500000059604644775e-01,-1.404074430465698242e-01,-8.905503153800964355e-02,7.316745519638061523e-01,8.331424742937088013e-02,2.172000000000000000e+03,2.252060058593750000e+03
-1.500000059604644775e-01,0.000000000000000000e+00,-7.542432844638824463e-02,1.659997850656509399e-01,1.147124648094177246e+00,6.339208781719207764e-02,4.409000000000000000e+03,4.519623535156250000e+03
4.183419048786163330e-02,-5.000000074505805969e-02,1.463336199522018433e-01,8.014193736016750336e-03,1.108707308769226074e+00,5.405195057392120361e-02,3.972000000000000000e+03,4.017968017578125000e+03
9.482004493474960327e-02,1.764043420553207397e-01,-1.594982147216796875e-01,3.907376527786254883e-02,9.018767476081848145e-01,6.497912853956222534e-02,3.401000000000000000e+03,3.742861572265625000e+03
-5.000000074505805969e-02,-5.000000074505805969e-02,-1.186159905046224594e-03,-1.786119341850280762e-01,5.706225037574768066e-01,6.422687321901321411e-02,2.620000000000000000e+03,2.770169189453125000e+03
-8.165807463228702545e-03,5.000000074505805969e-02,-2.244725823402404785e-02,-3.593880534172058105e-01,1.285948157310485840e+00,6.380367279052734375e-02,5.043000000000000000e+03,5.543725097656250000e+03
-5.816580727696418762e-02,1.345701515674591064e-01,-3.610709011554718018e-01,1.143500953912734985e-01,1.170340061187744141e+00,6.088089942932128906e-02,4.043000000000000000e+03,4.311288574218750000e+03
-2.131237089633941650e-01,-1.151089668273925781e-01,-2.433102279901504517e-01,-3.331482112407684326e-01,9.672905802726745605e-01,6.098119169473648071e-02,3.348000000000000000e+03,3.519260253906250000e+03
0.000000000000000000e+00,5.000000074505805969e-02,-1.709216833114624023e-01,7.710383832454681396e-02,1.270737409591674805e+00,5.792596936225891113e-02,4.968000000000000000e+03,5.059412597656250000e+03
0.000000000000000000e+00,2.514390051364898682e-01,-2.017388194799423218e-01,-4.774380475282669067e-02,1.231123924255371094e+00,7.204169034957885742e-02,4.174000000000000000e+03,4.525995117187500000e+03
9.482004493474960327e-02,-6.510896980762481689e-02,-1.554691977798938751e-02,9.161075204610824585e-02,7.991220951080322266e-01,5.774486064910888672e-02,3.095000000000000000e+03,3.270680175781250000e+03
5.000000074505805969e-02,1.764043420553207397e-01,2.610723078250885010e-01,2.552497088909149170e-01,1.116267919540405273e+00,5.965732783079147339e-02,4.256000000000000000e+03,4.427665039062500000e+03
5.000000074505805969e-02,5.000000074505805969e-02,-1.355263739824295044e-01,-3.111211955547332764e-01,1.253846645355224609e+00,5.628448724746704102e-02,4.917000000000000000e+03,5.419377929687500000e+03
-4.678191244602203369e-01,3.221365213394165039e-01,-1.377760618925094604e-01,4.337327182292938232e-01,9.452242851257324219e-01,7.315935939550399780e-02,3.373000000000000000e+03,3.817043212890625000e+03
-1.000000014901161194e-01,9.482004493474960327e-02,-5.060684680938720703e-01,-3.855140209197998047e-01,1.240350127220153809e+00,6.214577332139015198e-02,4.313000000000000000e+03,5.365830078125000000e+03
1.447237133979797363e-01,-9.499999880790710449e-01,2.003865391016006470e-01,-8.391628861427307129e-01,5.206433534622192383e-01,1.996091902256011963e-01,7.790000000000000000e+02,8.225759277343750000e+02
-2.000000029802322388e-01,0.000000000000000000e+00,-1.957859992980957031e-01,1.214942708611488342e-01,1.094284653663635254e+00,6.416124850511550903e-02,3.805000000000000000e+03,3.851605468750000000e+03
1.764043420553207397e-01,1.764043420553207397e-01,5.945669412612915039e-01,-9.405632317066192627e-02,1.121047496795654297e+00,6.412095576524734497e-02,4.496000000000000000e+03,5.346851562500000000e+03
-5.000000074505805969e-02,0.000000000000000000e+00,-2.587499320507049561e-01,-3.915206491947174072e-01,1.238742232322692871e+00,6.203059852123260498e-02,4.992000000000000000e+03,5.614402343750000000e+03
-5.816580727696418762e-02,5.000000074505805969e-02,-2.893780171871185303e-01,-6.280317902565002441e-01,1.269688129425048828e+00,6.075471639633178711e-02,4.662000000000000000e+03,6.057649902343750000e+03
-1.000000014901161194e-01,4.482004791498184204e-02,-3.049283921718597412e-01,-2.746308147907257080e-01,1.147876143455505371e+00,6.786455214023590088e-02,4.784000000000000000e+03,5.295056640625000000e+03
-1.500000059604644775e-01,2.085852175951004028e-01,-1.799434721469879150e-01,2.325912714004516602e-01,8.859061002731323242e-01,7.416149228811264038e-02,3.124000000000000000e+03,3.129794921875000000e+03
9.482004493474960327e-02,1.264791041612625122e-01,-1.808594213798642159e-03,-7.159645110368728638e-02,1.267954707145690918e+00,5.944645032286643982e-02,4.988000000000000000e+03,5.138051269531250000e+03
5.000000074505805969e-02,0.000000000000000000e+00,3.809427917003631592e-01,2.532925605773925781e-01,1.063024163246154785e+00,8.338654041290283203e-02,3.806000000000000000e+03,4.372365722656250000e+03
-3.000000119209289551e-01,-5.000000074505805969e-02,-2.287857085466384888e-01,-6.562013924121856689e-02,1.090433835983276367e+00,5.632640421390533447e-02,4.156000000000000000e+03,4.174522460937500000e+03
-1.000000014901161194e-01,-2.500000000000000000e-01,-8.110193163156509399e-02,-2.496066689491271973e-01,5.240994691848754883e-01,6.648388504981994629e-02,1.683000000000000000e+03,1.685186035156250000e+03
0.000000000000000000e+00,9.482004493474960327e-02,2.312803715467453003e-01,2.545350492000579834e-01,1.246563196182250977e+00,5.949499085545539856e-02,4.958000000000000000e+03,5.206526367187500000e+03
2.514390051364898682e-01,-1.500000059604644775e-01,3.222318589687347412e-01,-3.144817650318145752e-01,9.203311204910278320e-01,6.721555441617965698e-02,3.520000000000000000e+03,3.651990722656250000e+03
5.000000074505805969e-02,9.482004493474960327e-02,-1.972438246011734009e-01,-1.229466795921325684e-01,8.602760434150695801e-01,5.893002450466156006e-02,3.152000000000000000e+03,3.600091308593750000e+03
-5.000000074505805969e-02,-1.500000059604644775e-01,5.081731677055358887e-01,1.626011580228805542e-01,1.216018915176391602e+00,6.229559332132339478e-02,4.167000000000000000e+03,5.260348144531250000e+03
5.000000074505805969e-02,5.000000074505805969e-02,2.631370127201080322e-01,1.556542962789535522e-01,1.222703099250793457e+00,6.236189976334571838e-02,4.778000000000000000e+03,4.957162109375000000e+03
-1.500000059604644775e-01,-5.000000074505805969e-02,-2.547710835933685303e-01,-9.231769293546676636e-02,6.362443566322326660e-01,8.000296354293823242e-02,2.147000000000000000e+03,2.214029785156250000e+03
1.366542428731918335e-01,5.000000074505805969e-02,-1.389901041984558105e-01,-2.062192261219024658e-01,1.130357146263122559e+00,6.082862988114356995e-02,4.495000000000000000e+03,4.981014648437500000e+03
0.000000000000000000e+00,0.000000000000000000e+00,1.526191532611846924e-01,2.717265486717224121e-01,1.256130933761596680e+00,5.943477898836135864e-02,5.575000000000000000e+03,5.913478515625000000e+03
2.145627290010452271e-01,-1.000000014901161194e-01,3.409550487995147705e-01,1.568954139947891235e-01,1.079413771629333496e+00,6.061191111803054810e-02,3.560000000000000000e+03,3.806177001953125000e+03
-6.419350951910018921e-02,3.562291860580444336e-01,-2.642407715320587158e-01,-2.006448954343795776e-01,1.109939575195312500e+00,7.634996622800827026e-02,3.424000000000000000e+03,4.343288574218750000e+03
-1.024989411234855652e-02,-1.500000059604644775e-01,-1.319735795259475708e-01,-1.002390012145042419e-01,1.155908942222595215e+00,6.375208497047424316e-02,4.340000000000000000e+03,4.396178710937500000e+03
0.000000000000000000e+00,9.482004493474960327e-02,1.099915988743305206e-02,-2.319685816764831543e-01,1.172024965286254883e+00,5.718949809670448303e-02,4.398000000000000000e+03,4.733613769531250000e+03
-1.000000014901161194e-01,5.000000074505805969e-02,-2.918243408203125000e-01,-7.612286508083343506e-02,8.257934451103210449e-01,7.937856763601303101e-02,2.785000000000000000e+03,2.996588867187500000e+03
0.000000000000000000e+00,-6.926239281892776489e-02,2.749665379524230957e-01,1.091384962201118469e-01,1.247702956199645996e+00,5.935884639620780945e-02,4.810000000000000000e+03,5.136601074218750000e+03
-1.500000059604644775e-01,3.032695502042770386e-02,1.570941209793090820e-01,4.930156841874122620e-02,1.079716563224792480e+00,6.426291912794113159e-02,3.634000000000000000e+03,3.923731933593750000e+03
2.145627290010452271e-01,-1.024989411234855652e-02,1.658343076705932617e-01,-5.261107683181762695e-01,1.126517176628112793e+00,5.378784611821174622e-02,4.387000000000000000e+03,5.274876953125000000e+03
-5.000000074505805969e-02,-5.000000074505805969e-02,-2.124690450727939606e-02,-1.565197017043828964e-03,1.254678726196289062e+00,5.983152985572814941e-02,4.367000000000000000e+03,4.375874511718750000e+03
3.815837576985359192e-02,-3.659073412418365479e-01,-2.069494426250457764e-01,-1.383822709321975708e-01,1.095104098320007324e+00,5.964043363928794861e-02,4.111000000000000000e+03,4.486726074218750000e+03
-2.500000000000000000e-01,0.000000000000000000e+00,-7.292489707469940186e-02,3.253332078456878662e-01,9.440187811851501465e-01,5.976880714297294617e-02,3.353000000000000000e+03,3.851955566406250000e+03
-1.510896813124418259e-02,5.000000074505805969e-02,3.382569923996925354e-02,4.505428969860076904e-01,1.216946363449096680e+00,6.271187216043472290e-02,4.254000000000000000e+03,4.710272460937500000e+03
-3.659073412418365479e-01,3.815837576985359192e-02,6.686942279338836670e-02,4.628929495811462402e-02,9.553645253181457520e-01,5.816263705492019653e-02,3.302000000000000000e+03,3.950640136718750000e+03
-1.500000059604644775e-01,0.000000000000000000e+00,3.504396602511405945e-02,-3.564339578151702881e-01,1.129867911338806152e+00,5.773825570940971375e-02,4.208000000000000000e+03,4.724515625000000000e+03
-1.131237149238586426e-01,1.366542428731918335e-01,-1.956781297922134399e-01,3.287520408630371094e-01,1.138825178146362305e+00,6.086450070142745972e-02,4.258000000000000000e+03,4.400090820312500000e+03
-1.200559586286544800e-01,-6.590732932090759277e-02,-3.999290615320205688e-02,-2.330016493797302246e-01,5.920484662055969238e-01,7.854483276605606079e-02,2.060000000000000000e+03,2.257096191406250000e+03
0.000000000000000000e+00,-2.500000000000000000e-01,-1.502181440591812134e-01,-1.517331749200820923e-01,8.701756000518798828e-01,6.694538891315460205e-02,3.101000000000000000e+03,3.231686767578125000e+03
-1.312371436506509781e-02,3.221365213394165039e-01,-4.412502050399780273e-02,-9.728480130434036255e-02,9.711223244667053223e-01,6.955171376466751099e-02,3.103000000000000000e+03,3.662412109375000000e+03
-1.000000014901161194e-01,-1.000000014901161194e-01,-2.144645005464553833e-01,-4.388270899653434753e-02,1.040163397789001465e+00,5.664085224270820618e-02,4.190000000000000000e+03,4.252968750000000000e+03
1.366542428731918335e-01,-1.500000059604644775e-01,-4.793252423405647278e-02,8.106832206249237061e-02,1.217873692512512207e+00,5.373210832476615906e-02,4.871000000000000000e+03,5.154267089843750000e+03
-8.165807463228702545e-03,2.145627290010452271e-01,-2.883285582065582275e-01,4.992161691188812256e-02,8.966646194458007812e-01,1.055217087268829346e-01,2.662000000000000000e+03,3.001743896484375000e+03
3.687628731131553650e-02,5.000000074505805969e-02,-4.740355610847473145e-01,-1.096427291631698608e-01,1.241050958633422852e+00,6.030761823058128357e-02,4.582000000000000000e+03,5.401896484375000000e+03
-5.816580727696418762e-02,0.000000000000000000e+00,-3.758985996246337891e-01,3.760676980018615723e-01,1.243201494216918945e+00,6.696239858865737915e-02,4.250000000000000000e+03,4.894545410156250000e+03
-5.000000074505805969e-02,-5.000000074505805969e-02,5.877149850130081177e-02,7.461678236722946167e-02,1.266299128532409668e+00,6.082442775368690491e-02,4.740000000000000000e+03,4.820612792968750000e+03
-2.151089608669281006e-01,9.482004493474960327e-02,-5.775882601737976074e-01,1.751981526613235474e-01,1.107809185981750488e+00,6.070144101977348328e-02,4.843000000000000000e+03,5.372983398437500000e+03
3.580648824572563171e-02,5.000000074505805969e-02,-9.661076217889785767e-02,-7.743313163518905640e-02,5.147657990455627441e-01,6.739643216133117676e-02,2.241000000000000000e+03,2.518233886718750000e+03
-5.000000074505805969e-02,-5.000000074505805969e-02,-2.077003419399261475e-01,1.882300227880477905e-01,1.249510169029235840e+00,5.781824514269828796e-02,5.083000000000000000e+03,5.345645507812500000e+03
0.000000000000000000e+00,5.000000074505805969e-02,5.996802449226379395e-01,1.057500243186950684e-01,1.262830018997192383e+00,6.090915203094482422e-02,4.833000000000000000e+03,5.883061035156250000e+03
-5.179951898753643036e-03,5.000000074505805969e-02,1.898413300514221191e-01,1.974476873874664307e-02,1.263025045394897461e+00,5.997508019208908081e-02,5.092000000000000000e+03,5.215495117187500000e+03
-3.000000119209289551e-01,8.062653243541717529e-02,-5.236279964447021484e-01,9.708185493946075439e-02,7.033513784408569336e-01,6.837189197540283203e-02,2.852000000000000000e+03,3.135178222656250000e+03
-1.500000059604644775e-01,2.514390051364898682e-01,-3.066512346267700195e-01,3.891796767711639404e-01,5.142261981964111328e-01,8.861175179481506348e-02,2.127000000000000000e+03,2.464541992187500000e+03
1.366542428731918335e-01,0.000000000000000000e+00,2.433416247367858887e-01,-8.541728556156158447e-02,9.048720002174377441e-01,5.587922036647796631e-02,2.866000000000000000e+03,2.930844238281250000e+03
-1.881999336183071136e-02,9.482004493474960327e-02,-2.225364595651626587e-01,-4.786025583744049072e-01,1.202200651168823242e+00,6.940297037363052368e-02,4.520000000000000000e+03,5.619198242187500000e+03
-1.000000014901161194e-01,1.764043420553207397e-01,1.142462790012359619e-01,1.418928503990173340e-01,1.214102506637573242e+00,5.939892306923866272e-02,5.159000000000000000e+03,5.322049804687500000e+03
-5.000000074505805969e-02,5.000000074505805969e-02,2.546064853668212891e-01,-1.851031333208084106e-01,1.272048473358154297e+00,5.761549249291419983e-02,4.984000000000000000e+03,5.430048339843750000e+03
-5.179951898753643036e-03,-5.000000074505805969e-02,-2.281856909394264221e-02,-1.391314119100570679e-01,7.042943835258483887e-01,6.743237376213073730e-02,2.742000000000000000e+03,2.787518798828125000e+03
-3.000000119209289551e-01,-5.178191065788269043e-01,-2.412129342555999756e-01,-4.959215819835662842e-01,6.710506677627563477e-01,6.075411662459373474e-02,2.094000000000000000e+03,2.112190185546875000e+03
5.000000074505805969e-02,5.000000074505805969e-02,-5.360832214355468750e-01,-2.240771427750587463e-02,1.001308321952819824e+00,7.300967723131179810e-02,3.450000000000000000e+03,4.573322265625000000e+03
9.482004493474960327e-02,-5.000000074505805969e-02,6.056413054466247559e-02,4.329583048820495605e-02,1.231287717819213867e+00,5.489102005958557129e-02,3.936000000000000000e+03,3.961476318359375000e+03
2.145627290010452271e-01,5.000000074505805969e-02,1.787917688488960266e-02,1.992575591430068016e-03,1.142135500907897949e+00,6.418182700872421265e-02,3.880000000000000000e+03,4.001134521484375000e+03
-5.000000074505805969e-02,-1.151089668273925781e-01,2.243710458278656006e-01,-4.601866304874420166e-01,8.682128787040710449e-01,6.872318685054779053e-02,2.867000000000000000e+03,3.569503417968750000e+03
-2.500000000000000000e-01,2.514390051364898682e-01,-7.336402684450149536e-02,1.155638545751571655e-01,8.255777359008789062e-01,7.351222634315490723e-02,2.915000000000000000e+03,3.124001220703125000e+03
1.366542428731918335e-01,1.764043420553207397e-01,-2.610414624214172363e-01,1.645456552505493164e-01,1.137971282005310059e+00,6.537242978811264038e-02,3.996000000000000000e+03,4.471329101562500000e+03
-1.184162404388189316e-02,-2.131237089633941650e-01,-1.686583161354064941e-01,-1.442186534404754639e-01,5.734635591506958008e-01,1.044222265481948853e-01,1.535000000000000000e+03,1.668936523437500000e+03
-1.000000014901161194e-01,-1.000000014901161194e-01,-1.818830966949462891e-01,-3.398720920085906982e-01,7.128022909164428711e-01,8.146495372056961060e-02,2.754000000000000000e+03,3.092042724609375000e+03
1.366542428731918335e-01,-3.683409392833709717e-01,1.111807599663734436e-01,-4.453290402889251709e-01,9.183796048164367676e-01,5.578358843922615051e-02,3.172000000000000000e+03,3.196616455078125000e+03
3.221365213394165039e-01,2.872454822063446045e-01,1.896851807832717896e-01,4.401863217353820801e-01,1.017411112785339355e+00,7.600770145654678345e-02,3.472000000000000000e+03,3.608202392578125000e+03
-5.179951898753643036e-03,-2.000000029802322388e-01,-1.552484370768070221e-02,-1.142432466149330139e-01,1.110023856163024902e+00,5.727014690637588501e-02,4.308000000000000000e+03,4.334150390625000000e+03
-5.000000074505805969e-02,0.000000000000000000e+00,4.283367097377777100e-02,1.575550287961959839e-01,1.210306644439697266e+00,6.419949233531951904e-02,4.553000000000000000e+03,4.656013183593750000e+03
2.872454822063446045e-01,1.366542428731918335e-01,2.829159796237945557e-01,-1.575446128845214844e-01,8.307856321334838867e-01,6.695715337991714478e-02,3.217000000000000000e+03,3.608792968750000000e+03
9.183419495820999146e-02,-1.000000014901161194e-01,1.499382313340902328e-02,-2.514109909534454346e-01,8.341243267059326172e-01,7.187994569540023804e-02,2.373000000000000000e+03,2.470310791015625000e+03
1.366542428731918335e-01,1.366542428731918335e-01,2.991271913051605225e-01,-2.032067775726318359e-01,9.215722084045410156e-01,8.189151436090469360e-02,2.449000000000000000e+03,2.843542724609375000e+03
1.316963285207748413e-01,9.482004493474960327e-02,1.297217309474945068e-01,4.253559708595275879e-01,9.070947170257568359e-01,7.459948956966400146e-02,3.520000000000000000e+03,3.974510742187500000e+03
8.815837651491165161e-02,0.000000000000000000e+00,2.742683142423629761e-02,2.584591694176197052e-02,6.501376628875732422e-01,8.665484935045242310e-02,1.978000000000000000e+03,1.998339233398437500e+03
3.032695502042770386e-02,-2.500000000000000000e-01,-3.739061951637268066e-02,-4.050036668777465820e-01,5.899650454521179199e-01,7.747843861579895020e-02,1.956000000000000000e+03,2.113993896484375000e+03
-1.204144284129142761e-01,1.366542428731918335e-01,-6.070913374423980713e-02,-1.561867594718933105e-01,1.177414536476135254e+00,6.680320203304290771e-02,4.197000000000000000e+03,4.462864257812500000e+03
-1.790310442447662354e-01,-4.499999880790710449e-01,-3.792221099138259888e-02,-5.820614099502563477e-01,7.962318658828735352e-01,9.465983510017395020e-02,2.069000000000000000e+03,2.189320312500000000e+03
9.482004493474960327e-02,-1.618416309356689453e-01,5.498396605253219604e-02,-2.213245779275894165e-01,7.472689151763916016e-01,5.813049152493476868e-02,2.802000000000000000e+03,2.827695312500000000e+03
0.000000000000000000e+00,1.366542428731918335e-01,-2.593389451503753662e-01,1.942924261093139648e-01,1.146700620651245117e+00,6.076231971383094788e-02,4.354000000000000000e+03,4.584681640625000000e+03
0.000000000000000000e+00,-5.000000074505805969e-02,1.332030147314071655e-01,1.273496150970458984e-01,1.152003645896911621e+00,6.642344594001770020e-02,4.855000000000000000e+03,5.032931152343750000e+03
5.000000074505805969e-02,-5.000000074505805969e-02,4.810013249516487122e-02,1.541207917034626007e-02,6.137426495552062988e-01,6.704988330602645874e-02,1.764000000000000000e+03,1.784025512695312500e+03
-2.188199907541275024e-01,2.145627290010452271e-01,-1.396278291940689087e-01,-1.933619827032089233e-01,1.052215695381164551e+00,6.484251469373703003e-02,3.915000000000000000e+03,4.504255859375000000e+03
-3.000000119209289551e-01,1.178342476487159729e-01,3.105929493904113770e-02,4.529817774891853333e-02,1.134172558784484863e+00,6.623467057943344116e-02,4.360000000000000000e+03,4.742047851562500000e+03
3.580648824572563171e-02,1.329784244298934937e-01,-2.866889536380767822e-02,3.494047522544860840e-01,1.171919584274291992e+00,6.744021922349929810e-02,4.022000000000000000e+03,4.170250976562500000e+03
0.000000000000000000e+00,-5.000000074505805969e-02,3.648247104138135910e-03,1.221457421779632568e-01,1.257152318954467773e+00,5.581888929009437561e-02,5.069000000000000000e+03,5.163720214843750000e+03
-2.000000029802322388e-01,-6.024989485740661621e-02,-3.509106338024139404e-01,2.110512405633926392e-01,1.177478432655334473e+00,6.526629626750946045e-02,5.034000000000000000e+03,5.378948242187500000e+03
-1.500000059604644775e-01,9.482004493474960327e-02,-3.240609765052795410e-01,3.684003055095672607e-01,1.150382637977600098e+00,5.920010432600975037e-02,4.133000000000000000e+03,4.455399902343750000e+03
-1.500000059604644775e-01,-5.000000074505805969e-02,-3.562449812889099121e-01,-6.923533231019973755e-02,8.735943436622619629e-01,7.137374579906463623e-02,2.980000000000000000e+03,3.145071044921875000e+03
-1.000000014901161194e-01,1.366542428731918335e-01,-2.421213686466217041e-01,3.184519708156585693e-01,9.433002471923828125e-01,6.164919212460517883e-02,4.012000000000000000e+03,4.248704589843750000e+03
-1.000000014901161194e-01,-1.500000059604644775e-01,2.102704346179962158e-01,-1.025713160634040833e-01,1.106339216232299805e+00,5.463534966111183167e-02,4.522000000000000000e+03,4.879401367187500000e+03
-3.000000119209289551e-01,2.145627290010452271e-01,2.277048490941524506e-02,4.232129156589508057e-01,1.026901960372924805e+00,5.556640774011611938e-02,3.984000000000000000e+03,4.524908691406250000e+03
-6.590732932090759277e-02,4.223684668540954590e-01,1.051854491233825684e-01,4.652738273143768311e-01,5.692079067230224609e-01,9.100301563739776611e-02,2.026000000000000000e+03,2.216654296875000000e+03
3.221365213394165039e-01,-1.500000059604644775e-01,2.778687477111816406e-01,1.122913733124732971e-01,1.135235071182250977e+00,1.515902578830718994e-01,2.330000000000000000e+03,2.456548828125000000e+03
3.896152675151824951e-01,-6.024989485740661621e-02,-7.347366958856582642e-02,-7.125651836395263672e-02,1.191805005073547363e+00,2.365534007549285889e-01,1.313000000000000000e+03,1.504706787109375000e+03
-2.000000029802322388e-01,5.000000074505805969e-02,-5.303891301155090332e-01,2.223389446735382080e-01,1.131947755813598633e+00,6.120786443352699280e-02,4.565000000000000000e+03,5.046794921875000000e+03
2.872454822063446045e-01,1.735305190086364746e-01,1.871404945850372314e-01,1.500390768051147461e-01,1.103071689605712891e+00,6.276629865169525146e-02,3.692000000000000000e+03,3.724071533203125000e+03
-1.000000014901161194e-01,-5.000000074505805969e-02,-2.099822275340557098e-03,1.773807257413864136e-01,1.223472118377685547e+00,5.861894041299819946e-02,4.771000000000000000e+03,4.964503906250000000e+03
1.194074451923370361e-01,4.545493423938751221e-01,1.131034940481185913e-01,4.874661862850189209e-01,8.705113530158996582e-01,5.713741108775138855e-02,2.689000000000000000e+03,2.692996093750000000e+03
-1.000000014901161194e-01,-1.000000014901161194e-01,2.817224562168121338e-01,-2.755693197250366211e-01,1.165061593055725098e+00,6.145826354622840881e-02,4.525000000000000000e+03,5.095813476562500000e+03
2.514390051364898682e-01,3.221365213394165039e-01,1.178413033485412598e-01,4.750821292400360107e-01,6.525229811668395996e-01,7.067248970270156860e-02,2.025000000000000000e+03,2.217148925781250000e+03
-5.000000074505805969e-02,-1.312371436506509781e-02,-2.327913045883178711e-02,-3.025258779525756836e-01,1.260778069496154785e+00,6.070774793624877930e-02,5.165000000000000000e+03,5.435929687500000000e+03
2.872454822063446045e-01,-3.000000119209289551e-01,1.433024555444717407e-01,-9.559822827577590942e-02,1.087073445320129395e+00,5.930554121732711792e-02,4.017000000000000000e+03,4.226658691406250000e+03
-5.179951898753643036e-03,9.482004493474960327e-02,1.626875251531600952e-01,1.631774902343750000e-01,1.156170248985290527e+00,6.390359997749328613e-02,3.298000000000000000e+03,3.378533691406250000e+03
-5.000000074505805969e-02,5.000000074505805969e-02,3.210809826850891113e-01,1.436710208654403687e-01,1.120769381523132324e+00,5.688748881220817566e-02,4.230000000000000000e+03,4.709832031250000000e+03
-1.500000059604644775e-01,-2.500000000000000000e-01,-3.998135030269622803e-02,-3.130284547805786133e-01,1.039842724800109863e+00,5.599140748381614685e-02,3.364000000000000000e+03,3.413701416015625000e+03
-1.000000014901161194e-01,1.366542428731918335e-01,-3.570480942726135254e-01,-8.025727421045303345e-02,1.188235402107238770e+00,5.878462642431259155e-02,5.032000000000000000e+03,5.427977050781250000e+03
1.764043420553207397e-01,1.764043420553207397e-01,-4.183669388294219971e-02,3.873222172260284424e-01,1.173748493194580078e+00,5.050265416502952576e-02,4.890000000000000000e+03,5.211511718750000000e+03
9.482004493474960327e-02,9.482004493474960327e-02,2.208898663520812988e-01,-3.922217488288879395e-01,1.121939301490783691e+00,6.133256107568740845e-02,4.126000000000000000e+03,4.921530761718750000e+03
-1.500000059604644775e-01,-5.000000074505805969e-02,-1.836743503808975220e-01,-5.189511924982070923e-02,5.636517405509948730e-01,6.838510930538177490e-02,2.383000000000000000e+03,2.391489013671875000e+03
0.000000000000000000e+00,5.000000074505805969e-02,2.159005999565124512e-01,-3.662050962448120117e-01,1.275867700576782227e+00,6.192752718925476074e-02,4.944000000000000000e+03,5.592347656250000000e+03
-5.179951898753643036e-03,-1.024989411234855652e-02,1.651750057935714722e-01,-4.077205955982208252e-01,1.277229428291320801e+00,5.875422805547714233e-02,5.510000000000000000e+03,6.125151367187500000e+03
0.000000000000000000e+00,-1.184162404388189316e-02,1.509704887866973877e-01,-1.087366789579391479e-01,7.101865410804748535e-01,7.557374238967895508e-02,2.044000000000000000e+03,2.172270751953125000e+03
-3.499999940395355225e-01,0.000000000000000000e+00,-3.820270001888275146e-01,1.137396972626447678e-02,4.327611625194549561e-01,6.415159255266189575e-02,1.564000000000000000e+03,1.573618041992187500e+03
2.872454822063446045e-01,1.366542428731918335e-01,2.846932113170623779e-01,2.351524680852890015e-01,4.857024550437927246e-01,6.891579180955886841e-02,1.868000000000000000e+03,1.944181640625000000e+03
1.329784244298934937e-01,-1.500000059604644775e-01,1.178259700536727905e-01,-3.647056519985198975e-01,1.074568271636962891e+00,7.301744073629379272e-02,4.031000000000000000e+03,4.190905761718750000e+03
9.482004493474960327e-02,-2.183409482240676880e-01,1.015518233180046082e-02,-3.125896453857421875e-01,1.014272689819335938e+00,6.364110857248306274e-02,4.008000000000000000e+03,4.070296630859375000e+03
5.000000074505805969e-02,9.482004493474960327e-02,1.175934746861457825e-01,-2.449966594576835632e-02,9.494234919548034668e-01,7.037065178155899048e-02,4.163000000000000000e+03,4.249404785156250000e+03
0.000000000000000000e+00,-3.000000119209289551e-01,-1.481070667505264282e-01,-6.525264978408813477e-01,9.833247065544128418e-01,6.750506907701492310e-02,3.674000000000000000e+03,4.210428710937500000e+03
-5.179951898753643036e-03,-5.000000074505805969e-02,6.619526445865631104e-02,-1.376873254776000977e-01,1.270611882209777832e+00,5.976196750998497009e-02,4.892000000000000000e+03,4.930849609375000000e+03
-2.500000000000000000e-01,-5.179951898753643036e-03,-1.585074514150619507e-01,-1.053955405950546265e-01,1.226992607116699219e+00,7.606541365385055542e-02,4.549000000000000000e+03,4.604718261718750000e+03
-1.000000014901161194e-01,-1.000000014901161194e-01,3.777348697185516357e-01,1.268264502286911011e-01,1.051375985145568848e+00,7.634779065847396851e-02,3.575000000000000000e+03,4.434596679687500000e+03
-5.816580727696418762e-02,-5.000000074505805969e-02,1.450336724519729614e-01,-3.306573629379272461e-01,1.247408032417297363e+00,6.219595298171043396e-02,4.937000000000000000e+03,5.310432128906250000e+03
2.067313045263290405e-01,-1.200559586286544800e-01,3.213313221931457520e-01,-4.284377098083496094e-01,1.075178503990173340e+00,6.115358322858810425e-02,3.756000000000000000e+03,4.100720703125000000e+03
-5.000000074505805969e-02,9.482004493474960327e-02,-3.905324935913085938e-01,3.856037557125091553e-01,1.215599417686462402e+00,5.619131773710250854e-02,4.369000000000000000e+03,4.944163085937500000e+03
0.000000000000000000e+00,-5.000000074505805969e-02,-1.282792389392852783e-01,-3.577017784118652344e-01,9.627694487571716309e-01,5.990046262741088867e-02,3.990000000000000000e+03,4.455344238281250000e+03
3.896152675151824951e-01,-3.159073293209075928e-01,2.980946302413940430e-01,-1.347985863685607910e-02,8.030886650085449219e-01,6.899385154247283936e-02,2.795000000000000000e+03,3.212502441406250000e+03
3.687628731131553650e-02,-1.000000014901161194e-01,-2.094658613204956055e-01,-6.538059562444686890e-02,1.254686355590820312e+00,5.824444070458412170e-02,5.385000000000000000e+03,5.595067871093750000e+03
0.000000000000000000e+00,-5.000000074505805969e-02,2.450767904520034790e-01,-8.195177465677261353e-02,8.844855427742004395e-01,6.958767026662826538e-02,3.594000000000000000e+03,3.869471435546875000e+03
-5.000000074505805969e-02,-1.102498918771743774e-01,-1.096003875136375427e-01,-1.411560922861099243e-01,7.359040975570678711e-01,7.496136426925659180e-02,2.399000000000000000e+03,2.418935058593750000e+03
-2.000000029802322388e-01,-5.000000074505805969e-02,-1.957585811614990234e-01,-3.283070325851440430e-01,7.838097810745239258e-01,5.883271247148513794e-02,2.790000000000000000e+03,3.132461669921875000e+03
0.000000000000000000e+00,-5.179951898753643036e-03,4.924081265926361084e-02,1.999520659446716309e-01,1.251960039138793945e+00,5.985585600137710571e-02,4.609000000000000000e+03,4.739158203125000000e+03
-5.000000074505805969e-02,-5.000000074505805969e-02,-8.972394466400146484e-02,4.131209552288055420e-01,1.235767364501953125e+00,6.356931477785110474e-02,4.709000000000000000e+03,5.355755859375000000e+03
5.000000074505805969e-02,-5.816580727696418762e-02,-1.024855151772499084e-01,-5.959429219365119934e-02,1.244447469711303711e+00,5.716333165764808655e-02,4.471000000000000000e+03,4.537623046875000000e+03
8.073761314153671265e-02,9.482004493474960327e-02,-2.873727083206176758e-01,2.365792840719223022e-01,1.239682912826538086e+00,5.271024256944656372e-02,4.925000000000000000e+03,5.412006835937500000e+03
0.000000000000000000e+00,-1.024989411234855652e-02,-1.071923375129699707e-01,-8.061137981712818146e-03,8.270521163940429688e-01,7.183419167995452881e-02,2.596000000000000000e+03,2.639445312500000000e+03
5.000000074505805969e-02,9.482004493474960327e-02,4.481942206621170044e-02,4.138640165328979492e-01,1.188053131103515625e+00,7.035996764898300171e-02,4.693000000000000000e+03,5.026464355468750000e+03
2.145627290010452271e-01,-1.631237119436264038e-01,6.962591409683227539e-01,-6.351915001869201660e-01,1.147208690643310547e+00,6.228825077414512634e-02,4.121000000000000000e+03,5.457366699218750000e+03
0.000000000000000000e+00,2.958556823432445526e-02,5.620580632239580154e-04,-1.880224198102951050e-01,1.281949877738952637e+00,5.607894435524940491e-02,4.814000000000000000e+03,4.951695312500000000e+03
4.482004791498184204e-02,-5.000000074505805969e-02,-5.895429477095603943e-02,-5.480502545833587646e-02,1.215156555175781250e+00,6.440994143486022949e-02,4.059000000000000000e+03,4.088702880859375000e+03
-5.000000074505805969e-02,3.562291860580444336e-01,-8.051387965679168701e-02,6.845660805702209473e-01,1.070026516914367676e+00,7.177212089300155640e-02,3.905000000000000000e+03,4.267914550781250000e+03
-3.499999940395355225e-01,2.872454822063446045e-01,-4.588226675987243652e-01,1.684551239013671875e-01,1.060655236244201660e+00,6.166423112154006958e-02,3.791000000000000000e+03,3.877987548828125000e+03
-6.000000238418579102e-01,2.848250567913055420e-01,-5.963976979255676270e-01,3.925287127494812012e-01,5.717133283615112305e-01,1.084057837724685669e-01,2.217000000000000000e+03,2.295021484375000000e+03
-1.000000014901161194e-01,-5.000000074505805969e-02,-2.107674330472946167e-01,-1.551254391670227051e-01,1.216917395591735840e+00,5.312261357903480530e-02,4.775000000000000000e+03,4.849839355468750000e+03
-1.000000014901161194e-01,5.000000074505805969e-02,1.074105575680732727e-01,5.292776972055435181e-02,1.221975207328796387e+00,6.129052862524986267e-02,4.731000000000000000e+03,4.866321289062500000e+03
-1.102498918771743774e-01,5.000000074505805969e-02,-3.022118657827377319e-02,1.467296183109283447e-01,9.048781991004943848e-01,5.920632556080818176e-02,3.295000000000000000e+03,3.357998779296875000e+03
2.514390051364898682e-01,-3.000000119209289551e-01,1.841448694467544556e-01,-2.189521193504333496e-01,7.149073481559753418e-01,7.700195908546447754e-02,1.942000000000000000e+03,1.983798950195312500e+03
9.482004493474960327e-02,-2.000000029802322388e-01,-2.844342291355133057e-01,8.068971335887908936e-02,1.089721083641052246e+00,6.609079986810684204e-02,4.238000000000000000e+03,5.002031250000000000e+03
-2.000000029802322388e-01,-3.683409392833709717e-01,-1.356588602066040039e-01,-2.877584695816040039e-01,6.896052360534667969e-01,5.945855006575584412e-02,2.506000000000000000e+03,2.561902587890625000e+03
-5.000000074505805969e-02,-2.000000029802322388e-01,-2.268195152282714844e-02,-5.494289994239807129e-01,1.121257066726684570e+00,5.284915119409561157e-02,4.572000000000000000e+03,5.009438964843750000e+03
5.000000074505805969e-02,0.000000000000000000e+00,1.329762041568756104e-01,-2.311449050903320312e-01,1.249267339706420898e+00,5.998781695961952209e-02,4.951000000000000000e+03,5.140906738281250000e+03
2.122108340263366699e-01,-3.178191184997558594e-01,-1.483423262834548950e-01,1.166146248579025269e-01,1.000587940216064453e+00,2.486626952886581421e-01,1.241000000000000000e+03,1.612514648437500000e+03
-1.102498918771743774e-01,-1.710686385631561279e-01,6.975414603948593140e-02,-1.877531111240386963e-01,9.895980954170227051e-01,7.510214298963546753e-02,3.102000000000000000e+03,3.204897705078125000e+03
0.000000000000000000e+00,1.366542428731918335e-01,-7.711334526538848877e-02,1.316755264997482300e-01,1.234737157821655273e+00,5.731895193457603455e-02,4.943000000000000000e+03,4.962441406250000000e+03
9.482004493474960327e-02,-2.500000000000000000e-01,-8.867926895618438721e-02,-3.412127494812011719e-01,9.219314455986022949e-01,8.116789162158966064e-02,2.851000000000000000e+03,2.990303466796875000e+03
-5.000000074505805969e-02,0.000000000000000000e+00,-1.000163108110427856e-01,-3.004872053861618042e-02,1.062728285789489746e+00,6.419694423675537109e-02,4.219000000000000000e+03,4.231597167968750000e+03
-2.000000029802322388e-01,2.145627290010452271e-01,-4.188378751277923584e-01,-1.777309328317642212e-01,8.857890963554382324e-01,6.091351062059402466e-02,3.639000000000000000e+03,4.527302246093750000e+03
-1.000000014901161194e-01,-5.000000074505805969e-02,-1.144315525889396667e-01,-4.996883869171142578e-02,4.632575213909149170e-01,6.581249088048934937e-02,1.562000000000000000e+03,1.563503662109375000e+03
0.000000000000000000e+00,2.514390051364898682e-01,-7.343818247318267822e-02,3.485416769981384277e-01,8.601335287094116211e-01,5.872237309813499451e-02,3.869000000000000000e+03,3.946390380859375000e+03
-2.500000000000000000e-01,5.000000074505805969e-02,-2.783213369548320770e-02,-8.826947957277297974e-02,9.336629509925842285e-01,6.510120630264282227e-02,3.642000000000000000e+03,3.922381835937500000e+03
-4.000000059604644775e-01,5.000000074505805969e-02,-2.316211014986038208e-01,3.672954738140106201e-01,9.716278314590454102e-01,4.745209589600563049e-02,4.114000000000000000e+03,4.659793457031250000e+03
0.000000000000000000e+00,-6.590732932090759277e-02,1.531848218291997910e-02,-7.882346957921981812e-02,1.262626886367797852e+00,5.746029317378997803e-02,3.909000000000000000e+03,3.910001220703125000e+03
1.764043420553207397e-01,-1.000000014901161194e-01,2.282085120677947998e-01,4.098776280879974365e-01,1.115545272827148438e+00,5.116750299930572510e-02,4.728000000000000000e+03,5.681328613281250000e+03
-2.000000029802322388e-01,1.366542428731918335e-01,-3.786972463130950928e-01,4.134393110871315002e-02,6.191390156745910645e-01,5.872565507888793945e-02,2.600000000000000000e+03,2.871095947265625000e+03
5.000000074505805969e-02,-4.000000059604644775e-01,6.208294257521629333e-02,-2.633578479290008545e-01,1.020109415054321289e+00,6.611971557140350342e-02,3.606000000000000000e+03,3.670821533203125000e+03
5.000000074505805969e-02,5.000000074505805969e-02,4.588458538055419922e-01,3.308365941047668457e-01,1.262534618377685547e+00,5.720168352127075195e-02,5.308000000000000000e+03,6.100880859375000000e+03
7.893136888742446899e-02,-1.000000014901161194e-01,3.688430190086364746e-01,-1.721546202898025513e-01,1.040743470191955566e+00,7.600332051515579224e-02,3.872000000000000000e+03,4.184756835937500000e+03
1.764043420553207397e-01,1.297110766172409058e-01,2.776200175285339355e-01,5.955412983894348145e-02,8.452345132827758789e-01,5.942879617214202881e-02,3.374000000000000000e+03,3.445059570312500000e+03
5.000000074505805969e-02,0.000000000000000000e+00,3.901354074478149414e-01,2.281473577022552490e-01,1.001091718673706055e+00,6.295983493328094482e-02,3.912000000000000000e+03,4.544614257812500000e+03
-1.000000014901161194e-01,-5.179951898753643036e-03,-4.629287719726562500e-01,9.330156445503234863e-02,8.860214352607727051e-01,6.054507568478584290e-02,3.110000000000000000e+03,3.648074707031250000e+03
-5.000000074505805969e-02,5.000000074505805969e-02,7.241246290504932404e-03,-5.111760646104812622e-02,1.095340609550476074e+00,5.528425425291061401e-02,4.500000000000000000e+03,4.550592773437500000e+03
0.000000000000000000e+00,0.000000000000000000e+00,2.048901841044425964e-02,-5.993698835372924805e-01,1.282991766929626465e+00,5.175280570983886719e-02,4.790000000000000000e+03,5.788815917968750000e+03
-6.312371790409088135e-02,-4.200559556484222412e-01,2.191712334752082825e-02,-4.560341238975524902e-01,9.191598892211914062e-01,6.416313350200653076e-02,3.281000000000000000e+03,3.314057861328125000e+03
-2.000000029802322388e-01,5.000000074505805969e-02,-1.933960244059562683e-02,-4.626721143722534180e-01,9.095637798309326172e-01,6.573801487684249878e-02,3.133000000000000000e+03,4.182694335937500000e+03
-4.000000059604644775e-01,2.872454822063446045e-01,-3.987858295440673828e-01,4.818619489669799805e-01,6.832520365715026855e-01,1.591964215040206909e-01,2.158000000000000000e+03,2.330053222656250000e+03
-3.000000119209289551e-01,-1.102498918771743774e-01,-2.879957854747772217e-01,-2.007584422826766968e-01,4.745775759220123291e-01,1.034637987613677979e-01,1.182000000000000000e+03,1.225319213867187500e+03
5.000000074505805969e-02,5.000000074505805969e-02,1.184194348752498627e-02,1.792947389185428619e-02,1.046719551086425781e+00,5.874745547771453857e-02,3.786000000000000000e+03,3.794576171875000000e+03
-1.000000014901161194e-01,-2.000000029802322388e-01,-1.080887541174888611e-01,-2.910119295120239258e-01,9.538903832435607910e-01,5.189488828182220459e-02,3.493000000000000000e+03,3.525031982421875000e+03
-1.500000059604644775e-01,-5.000000074505805969e-02,-3.446082770824432373e-01,1.486483216285705566e-01,9.554750323295593262e-01,6.795018911361694336e-02,3.577000000000000000e+03,3.873514648437500000e+03
-2.131237089633941650e-01,-3.499999940395355225e-01,-3.733082711696624756e-01,-1.267524361610412598e-01,6.817204356193542480e-01,8.570365607738494873e-02,2.038000000000000000e+03,2.357778564453125000e+03
3.580648824572563171e-02,-1.102498918771743774e-01,7.986126095056533813e-02,2.569524049758911133e-01,1.178748369216918945e+00,6.562131643295288086e-02,3.929000000000000000e+03,4.306476074218750000e+03
-1.024989411234855652e-02,0.000000000000000000e+00,-8.132093586027622223e-03,-2.106724828481674194e-01,1.194729804992675781e+00,6.318482756614685059e-02,4.790000000000000000e+03,4.937715332031250000e+03
9.482004493474960327e-02,1.764043420553207397e-01,4.180237054824829102e-01,5.832020193338394165e-02,9.968073964118957520e-01,6.918171793222427368e-02,3.593000000000000000e+03,4.010389404296875000e+03
2.514390051364898682e-01,-6.312371790409088135e-02,4.859815165400505066e-02,-1.258839070796966553e-01,1.039697766304016113e+00,7.402147352695465088e-02,3.313000000000000000e+03,3.449605468750000000e+03
5.000000074505805969e-02,9.482004493474960327e-02,7.259079068899154663e-02,1.062800362706184387e-01,1.246514797210693359e+00,5.866685137152671814e-02,4.354000000000000000e+03,4.355831054687500000e+03
-2.000000029802322388e-01,0.000000000000000000e+00,-2.622216939926147461e-01,-1.073339581489562988e-01,4.625341296195983887e-01,6.981389224529266357e-02,1.835000000000000000e+03,1.964800170898437500e+03
3.184255063533782959e-01,9.482004493474960327e-02,6.620749831199645996e-01,1.700014621019363403e-01,9.162378907203674316e-01,6.486570835113525391e-02,3.538000000000000000e+03,4.042890136718750000e+03
1.764043420553207397e-01,2.514390051364898682e-01,6.173797324299812317e-02,-8.097891509532928467e-02,1.117480874061584473e+00,5.656906589865684509e-02,3.932000000000000000e+03,4.312896972656250000e+03
0.000000000000000000e+00,-8.165807463228702545e-03,2.656118711456656456e-03,1.927803307771682739e-01,1.250963568687438965e+00,6.987906247377395630e-02,4.679000000000000000e+03,4.798785156250000000e+03
2.145627290010452271e-01,-3.000000119209289551e-01,2.649154067039489746e-01,-4.585987329483032227e-02,7.911915183067321777e-01,7.706277817487716675e-02,2.379000000000000000e+03,2.628059326171875000e+03
-2.141935080289840698e-01,-1.500000059604644775e-01,-2.214562892913818359e-01,-2.019226402044296265e-01,4.324377477169036865e-01,1.359326392412185669e-01,9.270000000000000000e+02,9.405791015625000000e+02
5.000000074505805969e-02,5.000000074505805969e-02,2.891949713230133057e-01,-3.567557632923126221e-01,1.230709791183471680e+00,6.332290917634963989e-02,4.858000000000000000e+03,5.548618164062500000e+03
3.562291860580444336e-01,-4.000000059604644775e-01,4.182964265346527100e-01,-4.244046211242675781e-01,6.804738044738769531e-01,1.300467699766159058e-01,2.175000000000000000e+03,2.195808593750000000e+03
-1.000000014901161194e-01,-3.499999940395355225e-01,-3.463115394115447998e-01,-4.376977086067199707e-01,6.526997685432434082e-01,1.046702936291694641e-01,2.275000000000000000e+03,2.627944091796875000e+03
9.482004493474960327e-02,0.000000000000000000e+00,-2.104206383228302002e-02,6.992106139659881592e-02,1.121865272521972656e+00,6.654031574726104736e-02,4.377000000000000000e+03,4.440566894531250000e+03
-3.000000119209289551e-01,0.000000000000000000e+00,-3.654212653636932373e-01,-6.858287006616592407e-02,7.185698151588439941e-01,6.105120852589607239e-02,2.806000000000000000e+03,2.854490234375000000e+03
5.000000074505805969e-02,5.000000074505805969e-02,1.428691111505031586e-02,-7.553728669881820679e-02,1.273061394691467285e+00,5.814187228679656982e-02,5.364000000000000000e+03,5.420280273437500000e+03
-1.102498918771743774e-01,1.764043420553207397e-01,2.992631681263446808e-02,-1.074038371443748474e-01,1.163441658020019531e+00,6.187187880277633667e-02,4.278000000000000000e+03,4.588883300781250000e+03
-1.618416309356689453e-01,-5.000000074505805969e-02,-1.001888811588287354e-01,8.400959521532058716e-02,7.048544883728027344e-01,7.654301077127456665e-02,1.903000000000000000e+03,1.985396850585937500e+03
-3.000000119209289551e-01,2.514390051364898682e-01,-5.166624188423156738e-01,2.951843738555908203e-01,9.420613050460815430e-01,5.661581829190254211e-02,3.564000000000000000e+03,3.757570800781250000e+03
-5.000000074505805969e-02,3.489103168249130249e-02,6.966533511877059937e-02,1.885069012641906738e-01,1.006436824798583984e+00,7.549584656953811646e-02,3.442000000000000000e+03,3.569601074218750000e+03
-5.179951898753643036e-03,1.244056150317192078e-01,-5.337747186422348022e-02,-2.837926521897315979e-02,1.199593424797058105e+00,6.879323720932006836e-02,4.558000000000000000e+03,4.638659179687500000e+03
2.514390051364898682e-01,-2.500000000000000000e-01,9.400524944067001343e-02,-3.531139492988586426e-01,9.371683597564697266e-01,6.345538794994354248e-02,3.612000000000000000e+03,3.756083496093750000e+03
2.145627290010452271e-01,-5.000000074505805969e-02,1.212332770228385925e-01,-3.262440264225006104e-01,9.283004999160766602e-01,5.229399725794792175e-02,3.354000000000000000e+03,3.677567382812500000e+03
0.000000000000000000e+00,1.764043420553207397e-01,6.272032856941223145e-02,1.472573578357696533e-01,1.223984122276306152e+00,6.065209582448005676e-02,3.696000000000000000e+03,3.707864990234375000e+03
1.764043420553207397e-01,-2.500000000000000000e-01,-1.326468139886856079e-01,-7.019171118736267090e-01,1.040936946868896484e+00,6.472713500261306763e-02,3.952000000000000000e+03,4.988936035156250000e+03
-5.000000074505805969e-02,5.000000074505805969e-02,-2.103739231824874878e-01,2.857747972011566162e-01,1.133010029792785645e+00,5.394972860813140869e-02,4.233000000000000000e+03,4.497395507812500000e+03
-5.816580727696418762e-02,5.000000074505805969e-02,-4.644354283809661865e-01,1.210825368762016296e-01,1.093388319015502930e+00,5.096559599041938782e-02,3.909000000000000000e+03,4.447944824218750000e+03
2.145627290010452271e-01,1.764043420553207397e-01,1.937911063432693481e-01,3.995394408702850342e-01,7.422044277191162109e-01,6.194430589675903320e-02,3.052000000000000000e+03,3.323993408203125000e+03
1.366542428731918335e-01,-1.631237119436264038e-01,1.367664337158203125e-01,-2.040616422891616821e-01,5.100094676017761230e-01,6.944273412227630615e-02,1.336000000000000000e+03,1.344647460937500000e+03
3.184255063533782959e-01,5.000000074505805969e-02,6.108872592449188232e-02,1.107096597552299500e-01,1.049346446990966797e+00,6.330621242523193359e-02,4.325000000000000000e+03,4.595141601562500000e+03
2.872454822063446045e-01,3.221365213394165039e-01,3.128186464309692383e-01,2.214598655700683594e-01,1.000247836112976074e+00,8.116293698549270630e-02,3.334000000000000000e+03,3.369686523437500000e+03
-1.500000059604644775e-01,5.000000074505805969e-02,-3.873506188392639160e-01,2.061425745487213135e-01,8.550161719322204590e-01,6.039726734161376953e-02,3.198000000000000000e+03,3.542391601562500000e+03
1.345701515674591064e-01,-1.500000059604644775e-01,4.648222029209136963e-01,-3.595723211765289307e-01,1.068024277687072754e+00,6.508295983076095581e-02,4.354000000000000000e+03,4.920573242187500000e+03
1.764043420553207397e-01,9.482004493474960327e-02,3.065291643142700195e-01,-8.675116114318370819e-03,1.148144602775573730e+00,5.906249210238456726e-02,4.392000000000000000e+03,4.483827148437500000e+03
8.975010365247726440e-02,-2.000000029802322388e-01,-2.179547399282455444e-01,1.835445910692214966e-01,1.230503916740417480e+00,6.329241394996643066e-02,4.513000000000000000e+03,5.207873535156250000e+03
-4.000000059604644775e-01,5.000000074505805969e-02,-3.216510117053985596e-01,-1.269331425428390503e-01,7.940278649330139160e-01,7.013386487960815430e-02,3.056000000000000000e+03,3.234576416015625000e+03
1.366542428731918335e-01,9.482004493474960327e-02,1.328697949647903442e-01,4.691155850887298584e-01,1.006195187568664551e+00,6.781952083110809326e-02,4.493000000000000000e+03,5.096011230468750000e+03
-5.179951898753643036e-03,-5.000000074505805969e-02,-2.187746167182922363e-01,5.242851376533508301e-01,1.259648561477661133e+00,6.046967208385467529e-02,4.682000000000000000e+03,5.738062500000000000e+03
-6.184162572026252747e-02,-1.000000014901161194e-01,-1.069848909974098206e-01,-3.951885998249053955e-01,1.064800024032592773e+00,5.769096314907073975e-02,4.422000000000000000e+03,4.763930175781250000e+03
-5.000000074505805969e-02,5.000000074505805969e-02,-1.001152470707893372e-01,-1.234695762395858765e-01,1.272406935691833496e+00,5.795412883162498474e-02,4.981000000000000000e+03,5.080633300781250000e+03
5.000000074505805969e-02,5.000000074505805969e-02,-3.181517720222473145e-01,3.804822862148284912e-01,1.232288837432861328e+00,5.391412228345870972e-02,5.299000000000000000e+03,6.124199707031250000e+03
0.000000000000000000e+00,-5.000000074505805969e-02,7.518749684095382690e-02,-1.337842829525470734e-02,1.266299366950988770e+00,5.962406843900680542e-02,4.250000000000000000e+03,4.268655273437500000e+03
-2.131237089633941650e-01,-2.131237089633941650e-01,-1.561961919069290161e-01,-2.065291702747344971e-01,1.193814396858215332e+00,6.243200972676277161e-02,4.265000000000000000e+03,4.274866210937500000e+03
-5.000000074505805969e-02,3.562291860580444336e-01,-8.559145778417587280e-02,2.168482542037963867e-01,4.540353119373321533e-01,1.008645147085189819e-01,1.326000000000000000e+03,1.456048095703125000e+03
9.482004493474960327e-02,-2.000000029802322388e-01,7.792627811431884766e-02,-5.608998537063598633e-01,1.168630123138427734e+00,6.805058568716049194e-02,4.619000000000000000e+03,5.050063476562500000e+03
-2.000000029802322388e-01,2.145627290010452271e-01,-4.194034636020660400e-01,3.047991096973419189e-01,6.617544293403625488e-01,6.626775115728378296e-02,2.398000000000000000e+03,2.696982421875000000e+03
-1.000000014901161194e-01,9.482004493474960327e-02,3.805584013462066650e-01,-3.187420666217803955e-01,1.248196840286254883e+00,5.556756630539894104e-02,4.866000000000000000e+03,6.058319824218750000e+03
-1.641935110092163086e-01,0.000000000000000000e+00,-2.217761725187301636e-01,1.364156156778335571e-01,7.916359305381774902e-01,7.804633677005767822e-02,2.814000000000000000e+03,2.911877929687500000e+03
4.183419048786163330e-02,3.165905550122261047e-02,-3.742126822471618652e-01,1.179363802075386047e-01,1.249132513999938965e+00,5.720610544085502625e-02,5.107000000000000000e+03,5.681722656250000000e+03
0.000000000000000000e+00,-5.000000074505805969e-02,-1.718247085809707642e-01,-8.260963857173919678e-02,1.270341277122497559e+00,6.108931824564933777e-02,4.995000000000000000e+03,5.089055664062500000e+03
-3.659073412418365479e-01,0.000000000000000000e+00,-2.591953575611114502e-01,-3.478655815124511719e-01,9.064738154411315918e-01,8.763781934976577759e-02,2.820000000000000000e+03,3.259151367187500000e+03
1.764043420553207397e-01,-2.000000029802322388e-01,7.657728344202041626e-02,-4.697075486183166504e-01,7.933821678161621094e-01,6.285610795021057129e-02,3.233000000000000000e+03,3.645619140625000000e+03
1.683132946491241455e-01,0.000000000000000000e+00,7.481935620307922363e-02,-1.563499122858047485e-02,1.203533172607421875e+00,6.540185213088989258e-02,4.280000000000000000e+03,4.306662597656250000e+03
4.482004791498184204e-02,2.145627290010452271e-01,8.796000480651855469e-02,2.057832628488540649e-01,7.807987332344055176e-01,5.574268847703933716e-02,2.546000000000000000e+03,2.554028320312500000e+03
0.000000000000000000e+00,-5.000000074505805969e-02,1.926566362380981445e-01,-8.541613072156906128e-02,1.046308517456054688e+00,6.664948910474777222e-02,3.831000000000000000e+03,3.964251708984375000e+03
4.482004791498184204e-02,5.000000074505805969e-02,3.397932648658752441e-02,-1.449542045593261719e-01,1.271437525749206543e+00,6.365642696619033813e-02,4.711000000000000000e+03,4.821384277343750000e+03
0.000000000000000000e+00,4.482004791498184204e-02,-1.100154146552085876e-01,8.120383322238922119e-02,8.536327481269836426e-01,7.699055224657058716e-02,2.885000000000000000e+03,2.938084716796875000e+03
-8.165807463228702545e-03,2.872454822063446045e-01,3.984743356704711914e-01,1.444536894559860229e-01,1.190636396408081055e+00,6.332582980394363403e-02,4.620000000000000000e+03,5.207350585937500000e+03
0.000000000000000000e+00,-6.419350951910018921e-02,2.569501996040344238e-01,1.734142601490020752e-01,1.246235013008117676e+00,5.587578937411308289e-02,5.404000000000000000e+03,5.821863281250000000e+03
-6.024989485740661621e-02,9.482004493474960327e-02,3.174511715769767761e-02,3.271685838699340820e-01,1.160349130630493164e+00,6.943242251873016357e-02,4.223000000000000000e+03,4.416865234375000000e+03
-1.500000059604644775e-01,-3.000000119209289551e-01,-8.149954676628112793e-02,-6.024781465530395508e-01,9.219422936439514160e-01,5.554091930389404297e-02,4.029000000000000000e+03,4.473449707031250000e+03
8.975010365247726440e-02,8.815837651491165161e-02,-2.534142136573791504e-01,1.826877146959304810e-02,1.168512701988220215e+00,5.940189212560653687e-02,4.324000000000000000e+03,4.704500976562500000e+03
5.000000074505805969e-02,9.482004493474960327e-02,-1.208272874355316162e-01,1.895985603332519531e-01,1.165747880935668945e+00,6.054441630840301514e-02,3.963000000000000000e+03,4.073486572265625000e+03
0.000000000000000000e+00,-5.816580727696418762e-02,-4.023018479347229004e-01,-1.343546956777572632e-01,8.297317028045654297e-01,7.709222286939620972e-02,3.258000000000000000e+03,4.012430175781250000e+03
1.764043420553207397e-01,1.297110766172409058e-01,1.445447951555252075e-01,-2.518969774246215820e-01,1.170359015464782715e+00,6.841469556093215942e-02,4.368000000000000000e+03,4.823441406250000000e+03
0.000000000000000000e+00,0.000000000000000000e+00,-1.344017535448074341e-01,-3.130834177136421204e-02,1.281106352806091309e+00,6.068154051899909973e-02,5.070000000000000000e+03,5.128675292968750000e+03
-5.000000074505805969e-02,1.764043420553207397e-01,-5.181525945663452148e-01,2.059439569711685181e-01,9.959071874618530273e-01,6.548312306404113770e-02,3.713000000000000000e+03,4.498889160156250000e+03
9.482004493474960327e-02,-2.000000029802322388e-01,4.239817336201667786e-02,-4.376889765262603760e-01,6.650297641754150391e-01,6.680962443351745605e-02,2.484000000000000000e+03,2.807235839843750000e+03
0.000000000000000000e+00,8.073761314153671265e-02,-2.190911173820495605e-01,-1.206408813595771790e-01,1.266194701194763184e+00,7.186204195022583008e-02,4.316000000000000000e+03,4.551574218750000000e+03
2.145627290010452271e-01,-1.500000059604644775e-01,2.101878970861434937e-01,1.542736440896987915e-01,1.160155177116394043e+00,6.846009194850921631e-02,3.908000000000000000e+03,4.172142578125000000e+03
0.000000000000000000e+00,-3.499999940395355225e-01,-1.164874900132417679e-02,-3.971063196659088135e-01,1.000233054161071777e+00,7.214986532926559448e-02,2.993000000000000000e+03,3.000069335937500000e+03
-1.500000059604644775e-01,1.366542428731918335e-01,-1.944167762994766235e-01,-1.568250507116317749e-01,1.106099128723144531e+00,6.218483299016952515e-02,4.808000000000000000e+03,5.148097656250000000e+03
-2.500000000000000000e-01,1.764043420553207397e-01,-6.081311702728271484e-01,1.498834341764450073e-01,9.951582551002502441e-01,8.293571323156356812e-02,3.558000000000000000e+03,4.008580078125000000e+03
-5.000000074505805969e-02,1.366542428731918335e-01,-1.577160693705081940e-02,2.219462394714355469e-01,1.223062634468078613e+00,6.358259916305541992e-02,4.539000000000000000e+03,4.564440429687500000e+03
1.366542428731918335e-01,3.221365213394165039e-01,9.584487229585647583e-02,6.569148302078247070e-01,9.608661532402038574e-01,7.884132862091064453e-02,3.558000000000000000e+03,3.984572021484375000e+03
1.366542428731918335e-01,-5.000000074505805969e-02,1.577762067317962646e-01,-3.809441998600959778e-02,9.695660471916198730e-01,5.431774631142616272e-02,3.065000000000000000e+03,3.066917724609375000e+03
-2.500000000000000000e-01,-5.816580727696418762e-02,-3.247222602367401123e-01,-1.599535495042800903e-01,8.331351280212402344e-01,7.998526841402053833e-02,3.277000000000000000e+03,3.351667236328125000e+03
3.687628731131553650e-02,-5.179951898753643036e-03,2.352720946073532104e-01,2.636393010616302490e-01,1.232743501663208008e+00,5.765471607446670532e-02,4.951000000000000000e+03,5.309181640625000000e+03
0.000000000000000000e+00,-5.000000074505805969e-02,-5.112755894660949707e-01,3.662242889404296875e-01,1.269607901573181152e+00,5.229537189006805420e-02,4.797000000000000000e+03,6.022492675781250000e+03
4.545493423938751221e-01,4.482004791498184204e-02,3.948428630828857422e-01,1.191704869270324707e-01,8.564218878746032715e-01,7.460182905197143555e-02,3.198000000000000000e+03,3.237537109375000000e+03
-1.500000059604644775e-01,0.000000000000000000e+00,2.398661524057388306e-01,-1.433007121086120605e-01,1.102580070495605469e+00,5.978577956557273865e-02,4.575000000000000000e+03,5.203351562500000000e+03
4.223684668540954590e-01,-3.499999940395355225e-01,4.072194099426269531e-01,-4.844409823417663574e-01,4.944493770599365234e-01,8.883133530616760254e-02,1.537000000000000000e+03,1.650201293945312500e+03
1.645627170801162720e-01,-4.499999880790710449e-01,7.394951581954956055e-02,-3.500241935253143311e-01,4.662201404571533203e-01,9.210143238306045532e-02,1.479000000000000000e+03,1.600549316406250000e+03
4.183419048786163330e-02,-1.000000014901161194e-01,-3.385657668113708496e-01,6.238401681184768677e-02,1.069607019424438477e+00,5.409840866923332214e-02,3.774000000000000000e+03,4.320848144531250000e+03
-5.704144239425659180e-01,5.000000074505805969e-02,-3.015811741352081299e-01,-3.330363631248474121e-01,1.128675103187561035e+00,6.225196644663810730e-02,4.697000000000000000e+03,5.473888183593750000e+03
-1.000000014901161194e-01,-1.000000014901161194e-01,4.604588449001312256e-01,-3.265903890132904053e-01,1.170001745223999023e+00,7.136429101228713989e-02,4.181000000000000000e+03,5.241029296875000000e+03
-1.000000014901161194e-01,-2.500000000000000000e-01,1.061507388949394226e-01,-2.081632912158966064e-01,1.168236613273620605e+00,6.056836247444152832e-02,4.086000000000000000e+03,4.217517089843750000e+03
1.764043420553207397e-01,1.366542428731918335e-01,1.375028491020202637e-01,2.772615551948547363e-01,8.642531633377075195e-01,6.940116733312606812e-02,2.872000000000000000e+03,2.953105224609375000e+03
2.145627290010452271e-01,-2.141935080289840698e-01,-1.330629140138626099e-01,-3.020259737968444824e-01,9.045936465263366699e-01,7.273484766483306885e-02,3.668000000000000000e+03,4.224280273437500000e+03
1.764043420553207397e-01,0.000000000000000000e+00,4.378322958946228027e-01,-9.592026472091674805e-02,1.038196802139282227e+00,5.635055899620056152e-02,4.762000000000000000e+03,5.098843750000000000e+03
1.366542428731918335e-01,5.000000074505805969e-02,-1.783255338668823242e-01,5.225928425788879395e-01,1.089984178543090820e+00,5.829800292849540710e-02,4.301000000000000000e+03,5.408178710937500000e+03
-2.075121551752090454e-02,-5.000000074505805969e-02,-2.707049846649169922e-01,-1.240916252136230469e-01,1.249178886413574219e+00,5.993317067623138428e-02,4.898000000000000000e+03,5.108936523437500000e+03
-2.000000029802322388e-01,-3.000000119209289551e-01,-1.386917084455490112e-01,-3.196961879730224609e-01,4.717844426631927490e-01,1.120540872216224670e-01,1.501000000000000000e+03,1.528832885742187500e+03
1.366542428731918335e-01,2.514390051364898682e-01,-4.462268054485321045e-01,4.869246482849121094e-01,1.089779376983642578e+00,6.757655739784240723e-02,3.686000000000000000e+03,4.838754882812500000e+03
1.764043420553207397e-01,8.297842741012573242e-02,3.264757394790649414e-01,-1.611399799585342407e-01,9.854163527488708496e-01,7.372310757637023926e-02,3.309000000000000000e+03,3.583298828125000000e+03
1.366542428731918335e-01,-1.000000014901161194e-01,-2.307846695184707642e-01,-5.191184580326080322e-02,1.038069367408752441e+00,6.428698450326919556e-02,3.680000000000000000e+03,4.135252441406250000e+03
-1.000000014901161194e-01,-1.151089668273925781e-01,2.349388301372528076e-01,5.478315055370330811e-02,9.885622859001159668e-01,5.723374336957931519e-02,4.021000000000000000e+03,4.583951660156250000e+03
9.482004493474960327e-02,1.366542428731918335e-01,5.256464332342147827e-02,-4.165972582995891571e-03,7.810172438621520996e-01,7.544095814228057861e-02,3.074000000000000000e+03,3.182181152343750000e+03
-2.141935080289840698e-01,-3.000000119209289551e-01,-9.925556927919387817e-02,-8.986706286668777466e-02,1.167891860008239746e+00,5.781561881303787231e-02,4.238000000000000000e+03,4.414668457031250000e+03
1.329784244298934937e-01,2.145627290010452271e-01,-2.523678541183471680e-02,-2.967013232409954071e-02,7.732585072517395020e-01,6.718284636735916138e-02,2.302000000000000000e+03,2.618167236328125000e+03
0.000000000000000000e+00,-5.179951898753643036e-03,1.339884251356124878e-01,1.506881862878799438e-01,1.105584383010864258e+00,5.869306623935699463e-02,4.202000000000000000e+03,4.346445800781250000e+03
-6.184162572026252747e-02,1.366542428731918335e-01,-5.047742724418640137e-01,-1.536814570426940918e-01,1.223734259605407715e+00,6.033616140484809875e-02,4.602000000000000000e+03,5.431653320312500000e+03
3.975010663270950317e-02,4.482004791498184204e-02,-3.074304163455963135e-01,-1.831356436014175415e-01,1.277485370635986328e+00,5.874659866094589233e-02,5.179000000000000000e+03,5.712468750000000000e+03
0.000000000000000000e+00,0.000000000000000000e+00,-3.066580928862094879e-02,-6.699806451797485352e-02,1.275658726692199707e+00,6.187529489398002625e-02,4.818000000000000000e+03,4.834022460937500000e+03
-1.500000059604644775e-01,-1.000000014901161194e-01,-1.404749155044555664e-01,-4.007639884948730469e-01,1.185030102729797363e+00,5.309513583779335022e-02,4.808000000000000000e+03,5.113996582031250000e+03
5.000000074505805969e-02,2.145627290010452271e-01,1.492402255535125732e-01,3.700637519359588623e-01,5.381967425346374512e-01,1.115802973508834839e-01,1.599000000000000000e+03,1.781830444335937500e+03
5.000000074505805969e-02,3.218087181448936462e-02,4.071021080017089844e-01,5.248634219169616699e-01,1.219721198081970215e+00,6.320687383413314819e-02,4.752000000000000000e+03,5.877503417968750000e+03
1.366542428731918335e-01,5.000000074505805969e-02,-3.873560950160026550e-02,1.303704828023910522e-01,9.414373040199279785e-01,6.192424520850181580e-02,3.939000000000000000e+03,4.102309082031250000e+03
0.000000000000000000e+00,-1.590733230113983154e-02,1.187414079904556274e-01,6.932771950960159302e-02,1.271115779876708984e+00,6.401111185550689697e-02,4.993000000000000000e+03,5.058812500000000000e+03
0.000000000000000000e+00,1.366542428731918335e-01,5.891989171504974365e-02,3.277653157711029053e-01,1.093475818634033203e+00,5.198148265480995178e-02,4.337000000000000000e+03,4.480864257812500000e+03
-2.500000000000000000e-01,2.514390051364898682e-01,-2.261454984545707703e-02,-1.454924046993255615e-01,9.948196411132812500e-01,6.473826617002487183e-02,3.513000000000000000e+03,4.223989746093750000e+03
-5.000000074505805969e-02,8.489102870225906372e-02,-1.445504873991012573e-01,-3.411057591438293457e-02,8.921048641204833984e-01,5.989326536655426025e-02,3.192000000000000000e+03,3.283884033203125000e+03
5.000000074505805969e-02,5.000000074505805969e-02,-2.770080268383026123e-01,5.144913792610168457e-01,1.251080393791198730e+00,6.152396649122238159e-02,5.493000000000000000e+03,6.576068359375000000e+03
0.000000000000000000e+00,1.366542428731918335e-01,-1.563568711280822754e-01,1.788542121648788452e-01,9.907629489898681641e-01,6.859813630580902100e-02,3.000000000000000000e+03,3.079392089843750000e+03
2.145627290010452271e-01,-3.499999940395355225e-01,-3.599241003394126892e-02,-2.497382164001464844e-01,6.281318068504333496e-01,7.037435472011566162e-02,1.809000000000000000e+03,2.130288574218750000e+03
3.221365213394165039e-01,5.000000074505805969e-02,4.262324273586273193e-01,-1.693853586912155151e-01,1.027810335159301758e+00,7.226273417472839355e-02,4.287000000000000000e+03,4.523306640625000000e+03
3.221365213394165039e-01,-2.000000029802322388e-01,3.458797931671142578e-01,-8.738037943840026855e-02,5.663273334503173828e-01,7.650946080684661865e-02,2.089000000000000000e+03,2.174194580078125000e+03
9.482004493474960327e-02,-1.000000014901161194e-01,2.527272999286651611e-01,-1.241133958101272583e-01,8.567345142364501953e-01,6.138343736529350281e-02,2.905000000000000000e+03,3.004860839843750000e+03
2.514390051364898682e-01,2.872454822063446045e-01,4.620383083820343018e-01,5.066047906875610352e-01,1.019093513488769531e+00,6.550288945436477661e-02,3.754000000000000000e+03,4.081555419921875000e+03
0.000000000000000000e+00,2.145627290010452271e-01,-3.654275238513946533e-01,4.704882502555847168e-01,1.225692510604858398e+00,5.885982885956764221e-02,4.705000000000000000e+03,5.310168457031250000e+03
-1.000000014901161194e-01,4.545493423938751221e-01,-2.455568760633468628e-01,5.383846759796142578e-01,6.844471096992492676e-01,1.228287592530250549e-01,1.943000000000000000e+03,2.058186035156250000e+03
0.000000000000000000e+00,0.000000000000000000e+00,-3.967067226767539978e-02,-8.523641526699066162e-02,1.249881148338317871e+00,5.986372753977775574e-02,5.019000000000000000e+03,5.047513183593750000e+03
-1.500000059604644775e-01,-1.500000059604644775e-01,-2.686365246772766113e-01,-1.055523157119750977e-01,9.887112379074096680e-01,5.971116572618484497e-02,4.308000000000000000e+03,4.378361328125000000e+03
-1.184162404388189316e-02,-5.000000074505805969e-02,1.651675105094909668e-01,2.826523482799530029e-01,1.090602517127990723e+00,5.874034762382507324e-02,4.678000000000000000e+03,5.221431152343750000e+03
9.482004493474960327e-02,-2.000000029802322388e-01,2.373276203870773315e-01,-1.534126996994018555e-01,1.129281282424926758e+00,6.031754985451698303e-02,3.790000000000000000e+03,3.856541503906250000e+03
-1.102498918771743774e-01,1.764043420553207397e-01,-2.116354703903198242e-01,3.073872029781341553e-01,1.150734186172485352e+00,6.490691006183624268e-02,4.877000000000000000e+03,4.977484375000000000e+03
3.221365213394165039e-01,3.975010663270950317e-02,-8.905868977308273315e-02,-1.235063597559928894e-01,1.213124752044677734e+00,6.024068221449851990e-02,4.594000000000000000e+03,5.187187988281250000e+03
5.000000074505805969e-02,5.000000074505805969e-02,-4.173225164413452148e-02,-2.953400015830993652e-01,9.961140155792236328e-01,6.019731611013412476e-02,3.971000000000000000e+03,4.468039062500000000e+03
1.764043420553207397e-01,9.482004493474960327e-02,2.118964493274688721e-01,2.694146335124969482e-01,7.518428564071655273e-01,5.895807594060897827e-02,3.078000000000000000e+03,3.248499511718750000e+03
2.145627290010452271e-01,0.000000000000000000e+00,2.176911681890487671e-01,-3.104002475738525391e-01,1.049333333969116211e+00,6.148913502693176270e-02,4.062000000000000000e+03,4.410453613281250000e+03
-5.000000074505805969e-02,-5.000000074505805969e-02,-3.048122227191925049e-01,-1.364592611789703369e-01,1.220194220542907715e+00,5.839800462126731873e-02,4.960000000000000000e+03,5.198635253906250000e+03
-5.000000074505805969e-02,-1.500000059604644775e-01,-1.072793975472450256e-01,-1.910361349582672119e-01,1.189362406730651855e+00,5.972264707088470459e-02,4.544000000000000000e+03,4.559914550781250000e+03
5.000000074505805969e-02,0.000000000000000000e+00,1.307556480169296265e-01,1.947164833545684814e-01,9.797486662864685059e-01,5.664738640189170837e-02,3.053000000000000000e+03,3.192418212890625000e+03
0.000000000000000000e+00,0.000000000000000000e+00,-2.362820059061050415e-01,-4.618109390139579773e-02,1.284412622451782227e+00,5.839932709932327271e-02,5.311000000000000000e+03,5.495729980468750000e+03
-2.000000029802322388e-01,9.482004493474960327e-02,-2.848747670650482178e-01,3.976470977067947388e-02,7.536394596099853516e-01,5.815031751990318298e-02,2.892000000000000000e+03,2.943986572265625000e+03
3.562291860580444336e-01,-1.000000014901161194e-01,5.113446712493896484e-01,-1.497266143560409546e-01,7.891089320182800293e-01,5.525044351816177368e-02,2.055000000000000000e+03,2.141604736328125000e+03
1.764043420553207397e-01,3.815837576985359192e-02,-1.463724225759506226e-01,3.411228954792022705e-01,9.628700017929077148e-01,5.882888659834861755e-02,3.449000000000000000e+03,4.147037109375000000e+03
0.000000000000000000e+00,3.580648824572563171e-02,3.712937533855438232e-01,-4.017609357833862305e-01,1.066555023193359375e+00,7.881946861743927002e-02,3.423000000000000000e+03,4.359870605468750000e+03
-5.000000074505805969e-02,1.366542428731918335e-01,4.315558075904846191e-01,-3.445033356547355652e-02,9.694989323616027832e-01,7.285029441118240356e-02,2.870000000000000000e+03,3.625923339843750000e+03
-2.000000029802322388e-01,0.000000000000000000e+00,1.075047650374472141e-03,-2.493696361780166626e-01,1.243522167205810547e+00,7.688417285680770874e-02,4.744000000000000000e+03,5.054472167968750000e+03
1.366542428731918335e-01,-1.000000014901161194e-01,-5.697360634803771973e-02,1.570983976125717163e-01,1.210605621337890625e+00,6.223921105265617371e-02,5.120000000000000000e+03,5.475665527343750000e+03
-1.618416309356689453e-01,-1.000000014901161194e-01,-2.491066157817840576e-01,-3.296226561069488525e-01,1.194113969802856445e+00,6.369605660438537598e-02,4.944000000000000000e+03,5.151226562500000000e+03
-2.178191244602203369e-01,2.514390051364898682e-01,-3.849077820777893066e-01,4.972281157970428467e-01,9.648776650428771973e-01,9.322912991046905518e-02,3.787000000000000000e+03,4.138948242187500000e+03
-7.075121253728866577e-02,0.000000000000000000e+00,5.399264767765998840e-02,-1.912748366594314575e-01,1.262822389602661133e+00,5.895621329545974731e-02,5.607000000000000000e+03,5.788569824218750000e+03
-5.000000074505805969e-02,0.000000000000000000e+00,-4.915797710418701172e-01,1.780768930912017822e-01,9.931176900863647461e-01,6.396823376417160034e-02,3.778000000000000000e+03,4.605006347656250000e+03
0.000000000000000000e+00,9.482004493474960327e-02,3.033813275396823883e-02,1.716224700212478638e-01,8.975566625595092773e-01,6.236274540424346924e-02,3.190000000000000000e+03,3.216806152343750000e+03
-1.000000014901161194e-01,0.000000000000000000e+00,3.742705285549163818e-02,2.266569286584854126e-01,1.146995663642883301e+00,5.625351518392562866e-02,4.533000000000000000e+03,4.771970214843750000e+03
-1.500000059604644775e-01,2.872454822063446045e-01,-5.731925368309020996e-01,3.103213012218475342e-01,1.043893933296203613e+00,7.345224171876907349e-02,4.026000000000000000e+03,4.667314941406250000e+03
9.482004493474960327e-02,-1.500000059604644775e-01,2.206371128559112549e-01,-2.012960985302925110e-02,8.114851713180541992e-01,6.434167176485061646e-02,3.478000000000000000e+03,3.648813720703125000e+03
5.000000074505805969e-02,3.118000738322734833e-02,4.777466058731079102e-01,5.523531436920166016e-01,1.253187417984008789e+00,5.850882083177566528e-02,4.821000000000000000e+03,6.140500976562500000e+03
0.000000000000000000e+00,5.000000074505805969e-02,2.951751649379730225e-01,1.058344244956970215e-01,1.279661655426025391e+00,6.323959678411483765e-02,4.910000000000000000e+03,5.176675781250000000e+03
-3.204144239425659180e-01,1.366542428731918335e-01,-4.240305125713348389e-01,1.624605953693389893e-01,7.863491773605346680e-01,8.602986484766006470e-02,3.016000000000000000e+03,3.071495361328125000e+03
2.145627290010452271e-01,-2.500000000000000000e-01,1.046471148729324341e-01,-3.076293170452117920e-01,4.684422016143798828e-01,6.053330004215240479e-02,1.511000000000000000e+03,1.615486938476562500e+03
-1.000000014901161194e-01,5.000000074505805969e-02,-5.655786395072937012e-01,-6.909112632274627686e-02,1.132181763648986816e+00,6.161418557167053223e-02,4.156000000000000000e+03,4.877744628906250000e+03
9.482004493474960327e-02,-5.000000074505805969e-02,3.875134885311126709e-01,4.725109934806823730e-01,1.141999363899230957e+00,5.770756304264068604e-02,4.378000000000000000e+03,5.517968261718750000e+03
0.000000000000000000e+00,0.000000000000000000e+00,-8.249417692422866821e-02,1.702541857957839966e-02,1.290164947509765625e+00,5.581334233283996582e-02,4.135000000000000000e+03,4.152600585937500000e+03
-1.000000014901161194e-01,-1.659073382616043091e-01,-5.935218334197998047e-01,-1.694878786802291870e-01,1.049871563911437988e+00,6.748417764902114868e-02,3.326000000000000000e+03,4.027353271484375000e+03
-1.500000059604644775e-01,-3.499999940395355225e-01,-3.078763782978057861e-01,-4.134092330932617188e-01,9.136596918106079102e-01,6.923338770866394043e-02,4.023000000000000000e+03,4.161292480468750000e+03
-5.000000074505805969e-02,8.580648899078369141e-02,-1.908904910087585449e-01,1.773307025432586670e-01,8.315587639808654785e-01,5.496196448802947998e-02,2.679000000000000000e+03,2.787057128906250000e+03
-1.000000014901161194e-01,9.482004493474960327e-02,-5.340756177902221680e-01,-1.237702462822198868e-02,9.630945324897766113e-01,7.242533564567565918e-02,3.250000000000000000e+03,3.920147216796875000e+03
0.000000000000000000e+00,-2.000000029802322388e-01,5.094259977340698242e-02,-1.005167141556739807e-01,1.080329298973083496e+00,7.028316706418991089e-02,3.650000000000000000e+03,3.689069091796875000e+03
0.000000000000000000e+00,9.482004493474960327e-02,2.585194706916809082e-01,3.782069087028503418e-01,1.153443336486816406e+00,6.839641183614730835e-02,4.633000000000000000e+03,5.131926269531250000e+03
-8.146465569734573364e-02,5.173884034156799316e-01,6.109347101300954819e-03,4.117275178432464600e-01,7.100149989128112793e-01,9.261426329612731934e-02,1.564000000000000000e+03,1.621980224609375000e+03
-5.000000074505805969e-02,-2.500000000000000000e-01,-1.329024322330951691e-02,-1.352983862161636353e-01,4.602716267108917236e-01,8.922714740037918091e-02,1.377000000000000000e+03,1.469645751953125000e+03
-1.500000059604644775e-01,-2.000000029802322388e-01,1.005448866635560989e-02,-2.680706679821014404e-01,1.192786097526550293e+00,6.150497123599052429e-02,5.115000000000000000e+03,5.223512207031250000e+03
2.071419507265090942e-01,-9.499999880790710449e-01,1.506877839565277100e-01,-8.347525596618652344e-01,3.474986851215362549e-01,1.118433624505996704e-01,8.900000000000000000e+02,1.007618896484375000e+03
2.145627290010452271e-01,-2.131237089633941650e-01,6.110910326242446899e-02,-2.836209237575531006e-01,6.107959151268005371e-01,9.281345456838607788e-02,1.721000000000000000e+03,1.850027709960937500e+03
-6.724679470062255859e-02,-5.816580727696418762e-02,-1.715953350067138672e-01,-1.898455470800399780e-01,8.780560493469238281e-01,6.765653938055038452e-02,3.456000000000000000e+03,3.581208496093750000e+03
5.000000074505805969e-02,2.494537532329559326e-01,1.833893209695816040e-01,-1.645597219467163086e-01,1.200347304344177246e+00,7.121442258358001709e-02,4.448000000000000000e+03,5.015686523437500000e+03
0.000000000000000000e+00,-1.000000014901161194e-01,-2.597331702709197998e-01,-6.726677417755126953e-01,1.140745162963867188e+00,6.107774004340171814e-02,4.515000000000000000e+03,5.809584472656250000e+03
5.000000074505805969e-02,0.000000000000000000e+00,5.531478673219680786e-02,-2.511926293373107910e-01,1.275946736335754395e+00,6.061379238963127136e-02,5.481000000000000000e+03,5.691235839843750000e+03
-1.000000014901161194e-01,-2.000000029802322388e-01,2.076192526146769524e-03,-1.861924082040786743e-01,1.140443325042724609e+00,5.887303128838539124e-02,4.239000000000000000e+03,4.273439941406250000e+03
-1.024989411234855652e-02,1.735305190086364746e-01,4.052348807454109192e-02,4.194455146789550781e-01,1.155627012252807617e+00,5.910211428999900818e-02,4.632000000000000000e+03,4.848012695312500000e+03
3.562291860580444336e-01,-2.641935050487518311e-01,1.101847514510154724e-01,-2.649661600589752197e-01,1.051325321197509766e+00,6.719277799129486084e-02,3.544000000000000000e+03,3.735534912109375000e+03
-1.419351249933242798e-02,9.482004493474960327e-02,4.052052497863769531e-01,1.715924739837646484e-01,1.266006469726562500e+00,6.217386946082115173e-02,4.741000000000000000e+03,5.266087402343750000e+03
0.000000000000000000e+00,-8.165807463228702545e-03,-2.461248077452182770e-02,1.850622892379760742e-02,1.041259288787841797e+00,5.380413681268692017e-02,4.164000000000000000e+03,4.169111816406250000e+03
-2.000000029802322388e-01,0.000000000000000000e+00,9.184533357620239258e-02,-3.155146539211273193e-01,1.093405246734619141e+00,7.156968861818313599e-02,3.698000000000000000e+03,4.250387695312500000e+03
-1.000000014901161194e-01,-5.000000074505805969e-02,7.996333390474319458e-02,-2.519076466560363770e-01,1.235235452651977539e+00,6.199755147099494934e-02,5.228000000000000000e+03,5.475649414062500000e+03
0.000000000000000000e+00,-1.000000014901161194e-01,-1.127873063087463379e-01,-4.008558392524719238e-01,1.073250412940979004e+00,5.480143427848815918e-02,4.332000000000000000e+03,4.711594726562500000e+03
8.687628805637359619e-02,1.366542428731918335e-01,2.692074477672576904e-01,6.758756637573242188e-01,1.206200361251831055e+00,6.585279852151870728e-02,4.239000000000000000e+03,5.139579589843750000e+03
-2.000000029802322388e-01,-1.500000059604644775e-01,-2.537385225296020508e-01,-5.628327131271362305e-01,1.067670106887817383e+00,5.426581203937530518e-02,4.318000000000000000e+03,4.953272460937500000e+03
-1.000000014901161194e-01,-1.000000014901161194e-01,-4.663975164294242859e-02,-1.324415504932403564e-01,1.144863367080688477e+00,6.151381880044937134e-02,4.467000000000000000e+03,4.480337402343750000e+03
3.221365213394165039e-01,0.000000000000000000e+00,2.375248074531555176e-01,-2.113929092884063721e-01,6.025415062904357910e-01,7.235595583915710449e-02,1.963000000000000000e+03,2.234684326171875000e+03
-1.000000014901161194e-01,-5.000000074505805969e-02,3.137732744216918945e-01,-3.660041093826293945e-01,1.150950312614440918e+00,7.004284113645553589e-02,4.448000000000000000e+03,5.318505859375000000e+03
-1.024989411234855652e-02,1.694074422121047974e-01,4.096806049346923828e-02,-3.586710095405578613e-01,1.035454988479614258e+00,6.393270194530487061e-02,3.441000000000000000e+03,4.297015625000000000e+03
4.482004791498184204e-02,9.482004493474960327e-02,1.411833167076110840e-01,-1.139685511589050293e-02,1.072922945022583008e+00,6.469965726137161255e-02,3.597000000000000000e+03,3.661155273437500000e+03
1.329784244298934937e-01,-5.500000119209289551e-01,1.694798171520233154e-01,-4.909910261631011963e-01,7.134153842926025391e-01,5.186522006988525391e-02,2.510000000000000000e+03,2.533762451171875000e+03
0.000000000000000000e+00,9.482004493474960327e-02,4.601567238569259644e-02,-8.455444872379302979e-02,1.255918145179748535e+00,5.809559673070907593e-02,4.398000000000000000e+03,4.493345214843750000e+03
-3.000000119209289551e-01,-1.500000059604644775e-01,-5.323982834815979004e-01,6.268849223852157593e-02,9.144590497016906738e-01,6.954999268054962158e-02,3.240000000000000000e+03,3.614895507812500000e+03
-1.000000014901161194e-01,1.678342521190643311e-01,2.498653084039688110e-01,1.802302151918411255e-01,1.243302941322326660e+00,6.019507721066474915e-02,4.850000000000000000e+03,5.226675292968750000e+03
0.000000000000000000e+00,1.764043420553207397e-01,3.491877913475036621e-01,-1.220287904143333435e-01,1.263329982757568359e+00,6.702756136655807495e-02,4.640000000000000000e+03,5.234496093750000000e+03
-2.000000029802322388e-01,1.366542428731918335e-01,2.250185236334800720e-02,3.628707723692059517e-03,1.069491267204284668e+00,8.095618337392807007e-02,2.859000000000000000e+03,3.024461425781250000e+03
3.975010663270950317e-02,0.000000000000000000e+00,1.686154156923294067e-01,-1.801353543996810913e-01,1.204138875007629395e+00,6.272797286510467529e-02,5.068000000000000000e+03,5.238132812500000000e+03
5.000000074505805969e-02,0.000000000000000000e+00,1.646094620227813721e-01,2.168145403265953064e-02,1.213720679283142090e+00,6.187812611460685730e-02,4.067000000000000000e+03,4.104295898437500000e+03
-2.500000000000000000e-01,2.514390051364898682e-01,-1.611238718032836914e-01,3.280462622642517090e-01,9.534130096435546875e-01,6.379427015781402588e-02,3.639000000000000000e+03,3.693687988281250000e+03
-1.312371436506509781e-02,1.366542428731918335e-01,-1.654952578246593475e-02,3.693090379238128662e-01,1.188836097717285156e+00,6.537601351737976074e-02,4.675000000000000000e+03,4.852303222656250000e+03
2.872454822063446045e-01,1.764043420553207397e-01,4.015724658966064453e-01,2.980829477310180664e-01,1.061981201171875000e+00,7.310818880796432495e-02,3.840000000000000000e+03,3.934409667968750000e+03
1.662398129701614380e-01,-1.000000014901161194e-01,1.232702583074569702e-01,-4.090920984745025635e-01,9.061724543571472168e-01,6.891018897294998169e-02,2.838000000000000000e+03,3.165082275390625000e+03
-5.000000074505805969e-02,5.000000074505805969e-02,2.235226482152938843e-01,2.953985929489135742e-01,1.203099489212036133e+00,5.837906152009963989e-02,4.545000000000000000e+03,4.960391601562500000e+03
0.000000000000000000e+00,0.000000000000000000e+00,-5.450724437832832336e-02,3.969680517911911011e-02,1.284401059150695801e+00,5.866716057062149048e-02,4.730000000000000000e+03,4.743100097656250000e+03
-2.000000029802322388e-01,2.145627290010452271e-01,8.372300304472446442e-03,5.430036783218383789e-01,9.321334362030029297e-01,8.617721498012542725e-02,3.081000000000000000e+03,3.598310546875000000e+03
9.482004493474960327e-02,-1.500000059604644775e-01,8.521205931901931763e-02,-1.578005850315093994e-01,8.054209351539611816e-01,5.716328322887420654e-02,3.240000000000000000e+03,3.240778564453125000e+03
0.000000000000000000e+00,-8.165807463228702545e-03,-2.207078635692596436e-01,-1.678396165370941162e-01,1.236956238746643066e+00,5.665140599012374878e-02,4.606000000000000000e+03,4.826460449218750000e+03
5.000000074505805969e-02,-3.000000119209289551e-01,9.254266321659088135e-02,-2.176488488912582397e-01,6.119584441184997559e-01,7.198627293109893799e-02,1.865000000000000000e+03,1.907494506835937500e+03
3.218087181448936462e-02,-6.661394238471984863e-02,3.667039871215820312e-01,3.696912527084350586e-01,1.249098062515258789e+00,6.401742249727249146e-02,5.171000000000000000e+03,6.131503417968750000e+03
8.687628805637359619e-02,1.764043420553207397e-01,-1.862935721874237061e-02,1.655474007129669189e-01,9.735637903213500977e-01,6.439451873302459717e-02,3.468000000000000000e+03,3.508908203125000000e+03
0.000000000000000000e+00,-6.967304646968841553e-02,1.262449324131011963e-01,2.924870848655700684e-01,1.271328210830688477e+00,6.024170294404029846e-02,4.647000000000000000e+03,5.061139160156250000e+03
1.366542428731918335e-01,-1.000000014901161194e-01,2.370258420705795288e-01,-2.375438660383224487e-01,1.121912240982055664e+00,5.924389511346817017e-02,4.096000000000000000e+03,4.189985839843750000e+03
5.000000074505805969e-02,0.000000000000000000e+00,3.315871059894561768e-01,1.124762147665023804e-01,1.130264520645141602e+00,5.710674449801445007e-02,4.422000000000000000e+03,4.734793945312500000e+03
-1.159073337912559509e-01,0.000000000000000000e+00,-9.479221887886524200e-03,1.313990056514739990e-01,7.282740473747253418e-01,8.004976809024810791e-02,2.563000000000000000e+03,2.699469970703125000e+03
5.000000074505805969e-02,1.366542428731918335e-01,-5.068799853324890137e-02,-1.498811095952987671e-01,1.178460955619812012e+00,5.875572562217712402e-02,4.351000000000000000e+03,4.635751953125000000e+03
-2.000000029802322388e-01,2.145627290010452271e-01,-2.153168320655822754e-01,2.346031069755554199e-01,5.779725313186645508e-01,8.046886324882507324e-02,2.103000000000000000e+03,2.106992675781250000e+03
1.764043420553207397e-01,9.482004493474960327e-02,9.325982630252838135e-02,3.360957205295562744e-01,9.633592367172241211e-01,6.866158545017242432e-02,2.950000000000000000e+03,3.153995117187500000e+03
-5.000000074505805969e-02,-1.000000014901161194e-01,4.067339897155761719e-01,5.745167657732963562e-02,9.469915032386779785e-01,6.450926512479782104e-02,3.751000000000000000e+03,4.677092285156250000e+03
-5.000000074505805969e-02,-1.000000014901161194e-01,-4.806659743189811707e-02,-1.036415025591850281e-01,1.165552973747253418e+00,5.849565938115119934e-02,4.508000000000000000e+03,4.508055175781250000e+03
3.221365213394165039e-01,-1.618416309356689453e-01,2.710091769695281982e-01,-1.730047017335891724e-01,8.977372646331787109e-01,6.284182518720626831e-02,3.034000000000000000e+03,3.044266845703125000e+03
-1.659073382616043091e-01,9.183419495820999146e-02,-7.344301324337720871e-03,2.922717854380607605e-02,9.322595596313476562e-01,6.029431521892547607e-02,3.403000000000000000e+03,3.515882324218750000e+03
1.764043420553207397e-01,1.366542428731918335e-01,3.032003343105316162e-01,2.141131162643432617e-01,7.043206095695495605e-01,7.698119431734085083e-02,2.337000000000000000e+03,2.439829345703125000e+03
-1.102498918771743774e-01,1.366542428731918335e-01,-2.220887988805770874e-01,-1.572127342224121094e-01,1.044267058372497559e+00,6.542505323886871338e-02,3.528000000000000000e+03,3.841090576171875000e+03
1.366542428731918335e-01,1.366542428731918335e-01,4.191276431083679199e-01,1.820812225341796875e-01,7.981585264205932617e-01,5.801544710993766785e-02,3.196000000000000000e+03,3.594477050781250000e+03
-1.000000014901161194e-01,-1.510896813124418259e-02,-8.721140027046203613e-02,-1.274537742137908936e-01,1.160569429397583008e+00,6.315723806619644165e-02,3.745000000000000000e+03,3.780454345703125000e+03
8.118000626564025879e-02,4.482004791498184204e-02,-1.106818467378616333e-01,7.452753931283950806e-02,1.287367701530456543e+00,5.800496786832809448e-02,4.987000000000000000e+03,5.099832519531250000e+03
-2.500000000000000000e-01,-1.781912706792354584e-02,-8.258058130741119385e-02,1.131607964634895325e-01,1.146587967872619629e+00,5.888364464044570923e-02,4.775000000000000000e+03,4.938176269531250000e+03
-1.000000014901161194e-01,-5.000000074505805969e-02,-3.360421657562255859e-01,-1.788623183965682983e-01,1.193602681159973145e+00,5.397084727883338928e-02,4.769000000000000000e+03,5.008052246093750000e+03
-5.000000074505805969e-02,0.000000000000000000e+00,-5.422057509422302246e-01,5.472691357135772705e-02,1.244295120239257812e+00,5.227774381637573242e-02,4.466000000000000000e+03,5.148453125000000000e+03
2.872454822063446045e-01,-5.000000074505805969e-02,2.309914976358413696e-01,-1.776172369718551636e-01,6.205711960792541504e-01,7.374126464128494263e-02,2.471000000000000000e+03,2.594232910156250000e+03
-1.500000059604644775e-01,-5.179951898753643036e-03,-1.486565917730331421e-01,-1.441247165203094482e-01,1.090835928916931152e+00,6.796524673700332642e-02,4.082000000000000000e+03,4.148126953125000000e+03
-4.000000059604644775e-01,-2.000000029802322388e-01,-3.593913018703460693e-01,-1.345023363828659058e-01,8.607238531112670898e-01,7.469370961189270020e-02,2.865000000000000000e+03,2.888013671875000000e+03
5.000000074505805969e-02,-5.000000074505805969e-02,2.126251347362995148e-02,-2.022695690393447876e-01,1.088545560836791992e+00,7.235926389694213867e-02,4.221000000000000000e+03,4.306061523437500000e+03
0.000000000000000000e+00,5.000000074505805969e-02,-1.837163567543029785e-01,-1.349104791879653931e-01,1.234647989273071289e+00,5.050443112850189209e-02,4.933000000000000000e+03,5.150054687500000000e+03
-1.500000059604644775e-01,9.482004493474960327e-02,-1.416959911584854126e-01,3.680981993675231934e-01,1.216027379035949707e+00,5.598122254014015198e-02,4.850000000000000000e+03,5.091877441406250000e+03
-5.000000074505805969e-02,5.000000074505805969e-02,-2.100055217742919922e-01,3.453234136104583740e-01,8.057810068130493164e-01,7.749969512224197388e-02,3.455000000000000000e+03,4.032933593750000000e+03
-1.000000014901161194e-01,9.482004493474960327e-02,-3.103196322917938232e-01,2.333001047372817993e-01,9.269480109214782715e-01,6.571526080369949341e-02,3.607000000000000000e+03,3.869121582031250000e+03
-5.000000074505805969e-02,4.862083792686462402e-01,-2.188998013734817505e-01,4.450059831142425537e-01,4.217115044593811035e-01,1.184478104114532471e-01,1.263000000000000000e+03,1.469559326171875000e+03
-1.102498918771743774e-01,3.975010663270950317e-02,-6.766330450773239136e-02,-1.258848011493682861e-01,1.159258484840393066e+00,6.610340625047683716e-02,3.934000000000000000e+03,4.019285888671875000e+03
-2.000000029802322388e-01,5.000000074505805969e-02,1.294590067118406296e-02,3.016097284853458405e-02,1.026634931564331055e+00,5.683954432606697083e-02,3.680000000000000000e+03,3.837629638671875000e+03
-1.500000059604644775e-01,1.366542428731918335e-01,3.470620512962341309e-02,-2.648360729217529297e-01,9.822926521301269531e-01,8.675491809844970703e-02,2.908000000000000000e+03,3.472887451171875000e+03
8.815837651491165161e-02,-2.000000029802322388e-01,-3.271235525608062744e-01,-1.224775426089763641e-02,9.847493767738342285e-01,6.201006472110748291e-02,3.863000000000000000e+03,4.653625000000000000e+03
3.896152675151824951e-01,4.223684668540954590e-01,5.191447734832763672e-01,3.087578713893890381e-01,8.855704665184020996e-01,5.288454517722129822e-02,3.790000000000000000e+03,3.932114990234375000e+03
3.815837576985359192e-02,2.132806330919265747e-01,1.319602727890014648e-01,7.142588496208190918e-01,1.075874090194702148e+00,7.598248869180679321e-02,3.834000000000000000e+03,4.654645996093750000e+03
-1.419351249933242798e-02,0.000000000000000000e+00,-3.337163627147674561e-01,-7.946397177875041962e-03,1.284909605979919434e+00,5.504442751407623291e-02,5.468000000000000000e+03,5.801562011718750000e+03
1.366542428731918335e-01,3.975010663270950317e-02,4.348040558397769928e-03,-2.924482151865959167e-02,1.222628235816955566e+00,5.934712663292884827e-02,4.332000000000000000e+03,4.396551757812500000e+03
1.366542428731918335e-01,-2.000000029802322388e-01,1.340526938438415527e-01,-2.289151549339294434e-01,6.175234913825988770e-01,7.839036732912063599e-02,1.840000000000000000e+03,1.844080322265625000e+03
-1.000000014901161194e-01,0.000000000000000000e+00,-1.453822106122970581e-01,4.304830357432365417e-02,5.960875153541564941e-01,7.172173261642456055e-02,1.726000000000000000e+03,1.745030273437500000e+03
-5.179951898753643036e-03,-5.000000074505805969e-02,-4.037531614303588867e-01,1.949336379766464233e-01,1.005784034729003906e+00,5.244153738021850586e-02,3.772000000000000000e+03,4.552691894531250000e+03
2.145627290010452271e-01,1.366542428731918335e-01,1.883065998554229736e-01,-3.430730998516082764e-01,8.345881700515747070e-01,7.142005860805511475e-02,2.655000000000000000e+03,3.482008056640625000e+03
-2.131237089633941650e-01,-3.659073412418365479e-01,-6.467986702919006348e-01,-1.655801832675933838e-01,1.061680436134338379e+00,6.411100924015045166e-02,4.070000000000000000e+03,4.860609375000000000e+03
3.687628731131553650e-02,0.000000000000000000e+00,1.894069649279117584e-02,4.526346549391746521e-02,1.214183092117309570e+00,6.238557770848274231e-02,3.864000000000000000e+03,3.870199707031250000e+03
9.482004493474960327e-02,-1.000000014901161194e-01,1.698517501354217529e-01,-2.876875698566436768e-01,4.357407987117767334e-01,8.721595257520675659e-02,1.310000000000000000e+03,1.579114868164062500e+03
1.366542428731918335e-01,2.145627290010452271e-01,4.276917502284049988e-02,-1.814427673816680908e-01,8.711531758308410645e-01,6.767140328884124756e-02,2.988000000000000000e+03,3.611060791015625000e+03
-5.000000074505805969e-02,-2.000000029802322388e-01,-2.371314615011215210e-01,-4.643213450908660889e-01,1.144479870796203613e+00,6.026624143123626709e-02,5.212000000000000000e+03,5.622141601562500000e+03
6.083970069885253906e-01,-1.138704344630241394e-01,5.277779102325439453e-01,7.851257175207138062e-02,5.632511377334594727e-01,6.837690621614456177e-02,1.848000000000000000e+03,2.094117431640625000e+03
-1.500000059604644775e-01,-1.000000014901161194e-01,3.658575192093849182e-02,-7.095915824174880981e-02,7.870181202888488770e-01,6.668471544981002808e-02,2.438000000000000000e+03,2.576387207031250000e+03
3.218087181448936462e-02,-5.000000074505805969e-02,1.022108048200607300e-01,2.084562629461288452e-01,1.231489539146423340e+00,6.074206903576850891e-02,4.915000000000000000e+03,5.144210449218750000e+03
0.000000000000000000e+00,8.118000626564025879e-02,-2.550759911537170410e-01,-3.924056515097618103e-02,9.612532258033752441e-01,6.198669597506523132e-02,3.292000000000000000e+03,3.569615722656250000e+03
6.083970069885253906e-01,-4.000000059604644775e-01,5.332749485969543457e-01,-4.472352266311645508e-01,7.113106846809387207e-01,7.764349132776260376e-02,1.604000000000000000e+03,1.628931030273437500e+03
-5.179951898753643036e-03,-2.131237089633941650e-01,-4.421466588973999023e-02,-2.850626707077026367e-01,1.006154775619506836e+00,8.328467607498168945e-02,3.401000000000000000e+03,3.423573730468750000e+03
0.000000000000000000e+00,-1.000000014901161194e-01,-2.716967761516571045e-01,3.610205650329589844e-02,9.698056578636169434e-01,6.484260410070419312e-02,3.790000000000000000e+03,4.154122070312500000e+03
-1.000000014901161194e-01,-2.075121551752090454e-02,-1.613281667232513428e-01,-2.230596542358398438e-01,1.005748748779296875e+00,5.881974473595619202e-02,4.368000000000000000e+03,4.559168945312500000e+03
-3.000000119209289551e-01,-2.000000029802322388e-01,-4.665956497192382812e-01,-8.832497894763946533e-02,9.623493552207946777e-01,6.444008648395538330e-02,3.700000000000000000e+03,3.859343750000000000e+03
-1.000000014901161194e-01,-1.000000014901161194e-01,-1.636535823345184326e-01,-1.269932240247726440e-01,9.161615371704101562e-01,5.251152440905570984e-02,3.435000000000000000e+03,3.454514404296875000e+03
-5.000000074505805969e-02,-1.183409467339515686e-01,-1.305050104856491089e-01,3.194294869899749756e-01,1.223760247230529785e+00,7.637507468461990356e-02,4.276000000000000000e+03,4.825989257812500000e+03
9.482004493474960327e-02,5.000000074505805969e-02,2.402428835630416870e-01,-6.845130771398544312e-02,1.211200594902038574e+00,6.299080699682235718e-02,3.805000000000000000e+03,3.895398681640625000e+03
5.000000074505805969e-02,-2.000000029802322388e-01,3.556278049945831299e-01,-1.536918878555297852e-01,7.771888971328735352e-01,6.196906045079231262e-02,2.346000000000000000e+03,2.704494140625000000e+03
1.715452671051025391e-01,0.000000000000000000e+00,2.751901447772979736e-01,7.252249866724014282e-02,4.348377287387847900e-01,7.362435758113861084e-02,1.472000000000000000e+03,1.594021118164062500e+03
8.975010365247726440e-02,-5.000000074505805969e-02,1.085230559110641479e-01,3.686802927404642105e-03,1.272529244422912598e+00,5.737902969121932983e-02,4.047000000000000000e+03,4.055041992187500000e+03
0.000000000000000000e+00,0.000000000000000000e+00,-3.620706200599670410e-01,4.163088798522949219e-01,1.275686264038085938e+00,5.357991904020309448e-02,5.428000000000000000e+03,6.402915039062500000e+03
9.482004493474960327e-02,4.482004791498184204e-02,-1.660931110382080078e-01,3.700480982661247253e-02,8.081257939338684082e-01,7.073334604501724243e-02,2.847000000000000000e+03,3.136700195312500000e+03
-4.499999880790710449e-01,2.820610627532005310e-02,-2.828777432441711426e-01,2.525911927223205566e-01,8.730389475822448730e-01,6.833559274673461914e-02,2.419000000000000000e+03,2.662153076171875000e+03
5.000000074505805969e-02,2.122108340263366699e-01,-2.516726553440093994e-01,2.162255644798278809e-01,1.205603599548339844e+00,6.073386222124099731e-02,4.255000000000000000e+03,4.517035644531250000e+03
-1.500000059604644775e-01,-1.500000059604644775e-01,-1.049266904592514038e-01,-1.744169443845748901e-01,4.052270948886871338e-01,6.847698986530303955e-02,1.163000000000000000e+03,1.181532592773437500e+03
5.000000074505805969e-02,9.482004493474960327e-02,5.615714937448501587e-02,-2.990130186080932617e-01,1.151183962821960449e+00,5.272120609879493713e-02,4.591000000000000000e+03,5.113856933593750000e+03
-1.500000059604644775e-01,5.000000074505805969e-02,-5.927724838256835938e-01,3.393403291702270508e-01,1.151166796684265137e+00,5.532678216695785522e-02,3.824000000000000000e+03,4.597932617187500000e+03
-1.000000014901161194e-01,1.366542428731918335e-01,-1.978598535060882568e-01,1.608023047447204590e-01,6.348974108695983887e-01,7.836689054965972900e-02,1.383000000000000000e+03,1.417699951171875000e+03
-1.000000014901161194e-01,2.514390051364898682e-01,-4.946489036083221436e-01,2.437685988843441010e-02,1.055706739425659180e+00,6.522335112094879150e-02,4.391000000000000000e+03,5.176719238281250000e+03
-1.618416309356689453e-01,-2.131237089633941650e-01,-1.241730749607086182e-01,-1.722278296947479248e-01,1.013537406921386719e+00,5.942577496170997620e-02,3.369000000000000000e+03,3.379059082031250000e+03
0.000000000000000000e+00,-4.000000059604644775e-01,-2.536496706306934357e-02,-3.887876570224761963e-01,6.493138074874877930e-01,8.559926599264144897e-02,1.443000000000000000e+03,1.445614746093750000e+03
-1.500000059604644775e-01,-2.700559496879577637e-01,-1.703319847583770752e-01,-2.809165418148040771e-01,8.728560209274291992e-01,5.289307236671447754e-02,3.516000000000000000e+03,3.518472167968750000e+03
2.145627290010452271e-01,-1.000000014901161194e-01,1.332520395517349243e-01,-1.310027986764907837e-01,6.015073657035827637e-01,6.925041228532791138e-02,2.478000000000000000e+03,2.529431884765625000e+03
5.000000074505805969e-02,-1.000000014901161194e-01,5.361785888671875000e-01,-1.370035409927368164e-01,8.848112821578979492e-01,7.810345292091369629e-02,3.003000000000000000e+03,3.864049072265625000e+03
-3.000000119209289551e-01,-1.000000014901161194e-01,-3.735275864601135254e-01,-4.307930171489715576e-02,9.218536615371704102e-01,5.618146434426307678e-02,3.498000000000000000e+03,3.533605712890625000e+03
-5.000000074505805969e-02,0.000000000000000000e+00,-1.859596669673919678e-01,4.347828030586242676e-01,1.192177772521972656e+00,5.099324509501457214e-02,4.999000000000000000e+03,5.706952148437500000e+03
-5.204144120216369629e-01,-1.000000014901161194e-01,-5.176975727081298828e-01,-1.275683008134365082e-02,9.568061828613281250e-01,7.975401729345321655e-02,3.661000000000000000e+03,3.691421875000000000e+03
-1.419351249933242798e-02,5.000000074505805969e-02,-3.433857262134552002e-01,8.333324640989303589e-02,1.270250678062438965e+00,6.034468486905097961e-02,5.249000000000000000e+03,5.598925781250000000e+03
5.000000074505805969e-02,5.000000074505805969e-02,4.603032171726226807e-01,-4.897852614521980286e-02,9.654181599617004395e-01,7.405755668878555298e-02,3.090000000000000000e+03,3.657569580078125000e+03
-5.816580727696418762e-02,5.000000074505805969e-02,1.366170942783355713e-01,-9.998951107263565063e-02,1.228436827659606934e+00,6.282547116279602051e-02,4.502000000000000000e+03,4.680589843750000000e+03
0.000000000000000000e+00,9.482004493474960327e-02,-1.420726906508207321e-02,5.326818674802780151e-02,1.203737139701843262e+00,5.362294614315032959e-02,3.809000000000000000e+03,3.814086425781250000e+03
-5.000000074505805969e-02,1.764043420553207397e-01,-1.620563715696334839e-01,3.334161639213562012e-01,1.208849191665649414e+00,6.723778694868087769e-02,4.170000000000000000e+03,4.275333007812500000e+03
-1.500000059604644775e-01,-5.000000074505805969e-02,2.562663257122039795e-01,-1.305644661188125610e-01,1.203053832054138184e+00,6.302198767662048340e-02,4.371000000000000000e+03,4.874762207031250000e+03
5.000000074505805969e-02,-5.000000074505805969e-02,3.399758636951446533e-01,-1.158298254013061523e-01,1.143207907676696777e+00,6.578236818313598633e-02,4.326000000000000000e+03,4.614394042968750000e+03
5.000000074505805969e-02,-2.000000029802322388e-01,8.471655310131609440e-04,-3.103937506675720215e-01,8.047433495521545410e-01,6.707792729139328003e-02,2.894000000000000000e+03,2.959016845703125000e+03
3.221365213394165039e-01,1.366542428731918335e-01,5.091741085052490234e-01,-8.564805984497070312e-02,8.352915644645690918e-01,8.336488157510757446e-02,3.163000000000000000e+03,3.534819091796875000e+03
2.145627290010452271e-01,2.145627290010452271e-01,4.544681906700134277e-01,-1.852265000343322754e-01,9.631444811820983887e-01,6.118050962686538696e-02,3.784000000000000000e+03,4.627969726562500000e+03
-2.641935050487518311e-01,8.062653243541717529e-02,-2.019741237163543701e-01,1.871790885925292969e-01,8.620846867561340332e-01,6.723308563232421875e-02,2.443000000000000000e+03,2.492965332031250000e+03
0.000000000000000000e+00,3.851605653762817383e-01,-8.674691617488861084e-02,3.227454423904418945e-01,8.137391805648803711e-01,7.825463265180587769e-02,2.976000000000000000e+03,3.027019287109375000e+03
-1.500000059604644775e-01,9.183419495820999146e-02,-2.993741929531097412e-01,7.207415252923965454e-02,1.001312136650085449e+00,5.517381802201271057e-02,3.645000000000000000e+03,3.726888916015625000e+03
0.000000000000000000e+00,-1.000000014901161194e-01,3.049101531505584717e-01,-5.132716894149780273e-02,9.399843811988830566e-01,6.083268672227859497e-02,3.014000000000000000e+03,3.330817138671875000e+03
-2.183409482240676880e-01,1.748126149177551270e-01,-2.949329316616058350e-01,4.510414600372314453e-01,8.405315876007080078e-01,6.859783083200454712e-02,3.364000000000000000e+03,3.745596923828125000e+03
5.000000074505805969e-02,-1.000000014901161194e-01,5.155330523848533630e-02,-3.080238997936248779e-01,1.208853483200073242e+00,5.854754149913787842e-02,4.590000000000000000e+03,4.724658691406250000e+03
-5.000000074505805969e-02,-3.000000119209289551e-01,-3.247753977775573730e-01,-3.666504621505737305e-01,1.110306143760681152e+00,5.058192461729049683e-02,4.176000000000000000e+03,4.443018554687500000e+03
-5.500000119209289551e-01,-2.500000000000000000e-01,-3.236354291439056396e-01,-4.911604523658752441e-01,9.732339978218078613e-01,7.836672663688659668e-02,3.223000000000000000e+03,3.585704345703125000e+03
-1.102498918771743774e-01,2.145627290010452271e-01,1.745914965867996216e-01,2.388136237859725952e-01,8.627813458442687988e-01,5.936514586210250854e-02,3.339000000000000000e+03,3.697131835937500000e+03
9.482004493474960327e-02,5.000000074505805969e-02,4.284100234508514404e-01,2.481529712677001953e-01,1.116585612297058105e+00,5.126641690731048584e-02,4.225000000000000000e+03,4.721660156250000000e+03
8.665423840284347534e-02,2.514390051364898682e-01,-1.093863993883132935e-01,5.216919183731079102e-01,8.531098365783691406e-01,8.263413608074188232e-02,2.632000000000000000e+03,3.022179687500000000e+03
-5.000000074505805969e-02,-5.000000074505805969e-02,5.145423486828804016e-02,1.875593699514865875e-02,1.261641383171081543e+00,6.214399635791778564e-02,4.971000000000000000e+03,5.017566406250000000e+03
-1.500000059604644775e-01,2.145627290010452271e-01,8.474007993936538696e-02,4.451478645205497742e-02,1.004556775093078613e+00,7.300789654254913330e-02,3.005000000000000000e+03,3.250897460937500000e+03
-3.000000119209289551e-01,1.366542428731918335e-01,-3.621689081192016602e-01,3.332099318504333496e-01,6.281211972236633301e-01,1.084068641066551208e-01,2.579000000000000000e+03,2.850092041015625000e+03
1.366542428731918335e-01,0.000000000000000000e+00,-2.890731990337371826e-01,-1.444193571805953979e-01,1.137528181076049805e+00,5.769214779138565063e-02,4.753000000000000000e+03,5.471102539062500000e+03
5.000000074505805969e-02,0.000000000000000000e+00,5.615871399641036987e-03,4.157867729663848877e-01,1.208558797836303711e+00,5.428292229771614075e-02,4.826000000000000000e+03,5.388845214843750000e+03
0.000000000000000000e+00,-1.000000014901161194e-01,-1.301609817892313004e-02,2.932367473840713501e-02,8.368086814880371094e-01,5.475986376404762268e-02,2.996000000000000000e+03,3.067670898437500000e+03
-6.510896980762481689e-02,0.000000000000000000e+00,2.919423878192901611e-01,-4.116976857185363770e-01,1.263288617134094238e+00,5.686789005994796753e-02,4.998000000000000000e+03,5.892334960937500000e+03
1.366542428731918335e-01,-5.000000074505805969e-02,-3.442293107509613037e-01,-2.080873548984527588e-01,1.083575725555419922e+00,7.057253271341323853e-02,3.758000000000000000e+03,4.541622070312500000e+03
5.000000074505805969e-02,-5.000000074505805969e-02,-2.061675488948822021e-01,2.710387408733367920e-01,1.217031955718994141e+00,5.494894832372665405e-02,4.883000000000000000e+03,5.425979492187500000e+03
-1.500000059604644775e-01,-1.102498918771743774e-01,-3.756898641586303711e-01,2.961273789405822754e-01,1.178853392601013184e+00,5.937465652823448181e-02,5.344000000000000000e+03,6.148338378906250000e+03
-5.179951898753643036e-03,5.000000074505805969e-02,-6.247952207922935486e-02,1.045741662383079529e-01,1.110099554061889648e+00,5.210154131054878235e-02,4.266000000000000000e+03,4.287696777343750000e+03
3.221365213394165039e-01,1.251469999551773071e-01,3.156382441520690918e-01,1.385493427515029907e-01,4.693429470062255859e-01,7.846009731292724609e-02,1.455000000000000000e+03,1.456446289062500000e+03
2.820610627532005310e-02,3.858147561550140381e-01,8.987896144390106201e-02,3.137635886669158936e-01,4.252042174339294434e-01,8.949944376945495605e-02,1.501000000000000000e+03,1.574718017578125000e+03
-2.000000029802322388e-01,1.366542428731918335e-01,-7.934241741895675659e-02,1.701470911502838135e-01,8.027583360671997070e-01,6.751285493373870850e-02,2.619000000000000000e+03,2.682518066406250000e+03
-3.000000119209289551e-01,1.764043420553207397e-01,-2.495177090167999268e-01,3.785009309649467468e-02,1.086789727210998535e+00,6.322608888149261475e-02,4.440000000000000000e+03,4.521066406250000000e+03
0.000000000000000000e+00,0.000000000000000000e+00,1.758306324481964111e-01,-3.290311396121978760e-01,1.105736017227172852e+00,5.752427503466606140e-02,4.718000000000000000e+03,5.240540039062500000e+03
-2.500000000000000000e-01,5.000000074505805969e-02,9.827415458858013153e-03,4.951020777225494385e-01,1.102154016494750977e+00,7.228980958461761475e-02,4.311000000000000000e+03,5.213296386718750000e+03
8.489102870225906372e-02,0.000000000000000000e+00,1.071806028485298157e-01,-5.115998983383178711e-01,1.124779462814331055e+00,8.762340247631072998e-02,3.337000000000000000e+03,3.999890625000000000e+03
5.000000074505805969e-02,-5.000000074505805969e-02,2.269132807850837708e-02,1.726723313331604004e-01,1.264865398406982422e+00,5.736377462744712830e-02,4.962000000000000000e+03,5.116915039062500000e+03
5.000000074505805969e-02,5.000000074505805969e-02,-3.650861978530883789e-01,-2.588898539543151855e-01,1.264566063880920410e+00,6.159328296780586243e-02,4.973000000000000000e+03,5.777189941406250000e+03
-5.500000119209289551e-01,-6.781912595033645630e-02,-3.734165430068969727e-01,5.171697586774826050e-02,6.746360659599304199e-01,6.557660549879074097e-02,2.110000000000000000e+03,2.316089599609375000e+03
8.118000626564025879e-02,-5.000000074505805969e-02,-1.109372377395629883e-01,-1.620094776153564453e-01,1.049528837203979492e+00,5.956894531846046448e-02,3.851000000000000000e+03,4.022263671875000000e+03
-5.000000074505805969e-02,-2.131237089633941650e-01,8.626174926757812500e-02,-2.520901560783386230e-01,1.049708724021911621e+00,5.817495658993721008e-02,3.698000000000000000e+03,3.764995849609375000e+03
1.366542428731918335e-01,0.000000000000000000e+00,-2.625553011894226074e-01,-1.498871743679046631e-01,1.053892135620117188e+00,6.289676576852798462e-02,3.646000000000000000e+03,4.222420410156250000e+03
-3.000000119209289551e-01,-5.000000074505805969e-02,1.090038008987903595e-02,1.849344670772552490e-01,8.907512426376342773e-01,6.729319691658020020e-02,3.594000000000000000e+03,4.254144042968750000e+03
-1.184162404388189316e-02,3.562291860580444336e-01,-1.269397325813770294e-02,5.591413974761962891e-01,9.051521420478820801e-01,6.376729160547256470e-02,3.156000000000000000e+03,3.312593750000000000e+03
5.000000074505805969e-02,-5.179951898753643036e-03,-2.532723844051361084e-01,-5.366594791412353516e-01,1.148845314979553223e+00,5.976082757115364075e-02,4.368000000000000000e+03,5.540736816406250000e+03
1.748126149177551270e-01,-1.000000014901161194e-01,1.688374131917953491e-01,-1.337898075580596924e-01,1.219315052032470703e+00,5.910303071141242981e-02,4.436000000000000000e+03,4.439482421875000000e+03
2.514390051364898682e-01,1.366542428731918335e-01,-4.399380460381507874e-02,-2.004295960068702698e-02,1.200179576873779297e+00,5.750707909464836121e-02,5.129000000000000000e+03,5.520396484375000000e+03
-3.151089549064636230e-01,-2.000000029802322388e-01,-1.886635422706604004e-01,-9.939321875572204590e-02,7.158037424087524414e-01,1.082041114568710327e-01,1.912000000000000000e+03,2.008329833984375000e+03
5.000000074505805969e-02,0.000000000000000000e+00,4.017735123634338379e-01,-2.683055996894836426e-01,1.271746635437011719e+00,5.820902436971664429e-02,5.307000000000000000e+03,5.930852050781250000e+03
-2.000000029802322388e-01,-1.500000059604644775e-01,-1.721069067716598511e-01,-3.378394246101379395e-01,9.898934960365295410e-01,5.260102078318595886e-02,3.551000000000000000e+03,3.680394287109375000e+03
9.482004493474960327e-02,-5.000000074505805969e-02,3.667640984058380127e-01,-4.237475097179412842e-01,1.232228279113769531e+00,5.813469365239143372e-02,5.200000000000000000e+03,5.908725585937500000e+03
-5.000000074505805969e-02,-2.500000000000000000e-01,-3.247644603252410889e-01,-4.110803008079528809e-01,9.048351049423217773e-01,5.674248188734054565e-02,3.374000000000000000e+03,3.780104980468750000e+03
-5.000000074505805969e-02,-6.419350951910018921e-02,2.554313540458679199e-01,-7.855767011642456055e-02,1.217769980430603027e+00,6.063692271709442139e-02,4.806000000000000000e+03,5.104774902343750000e+03
2.145627290010452271e-01,-1.000000014901161194e-01,1.948010772466659546e-01,-2.228979766368865967e-01,7.777181863784790039e-01,6.091021001338958740e-02,2.875000000000000000e+03,2.948110839843750000e+03
-1.000000014901161194e-01,0.000000000000000000e+00,1.916919201612472534e-01,-1.710533797740936279e-01,1.105479836463928223e+00,7.645075768232345581e-02,3.761000000000000000e+03,4.104737792968750000e+03
5.000000074505805969e-02,-3.151089549064636230e-01,-4.998800903558731079e-02,-3.150916099548339844e-01,5.737668871879577637e-01,9.764245152473449707e-02,1.272000000000000000e+03,1.310264892578125000e+03
8.297842741012573242e-02,1.724607348442077637e-01,-1.629053205251693726e-01,8.852180838584899902e-02,1.065197587013244629e+00,5.823183432221412659e-02,4.149000000000000000e+03,4.392614746093750000e+03
5.000000074505805969e-02,3.221365213394165039e-01,9.621399454772472382e-03,3.720616698265075684e-01,6.903696060180664062e-01,7.454814016819000244e-02,2.383000000000000000e+03,2.403474121093750000e+03
9.482004493474960327e-02,0.000000000000000000e+00,2.151632159948348999e-01,-2.115515172481536865e-01,8.890051841735839844e-01,6.724386662244796753e-02,3.272000000000000000e+03,3.512985595703125000e+03
0.000000000000000000e+00,-5.000000074505805969e-02,-1.341977901756763458e-02,-1.488169748336076736e-02,1.232576727867126465e+00,5.741965770721435547e-02,4.560000000000000000e+03,4.564249023437500000e+03
3.580648824572563171e-02,-1.000000014901161194e-01,3.181064426898956299e-01,2.958592474460601807e-01,1.227091312408447266e+00,5.802552774548530579e-02,4.426000000000000000e+03,5.097236816406250000e+03
-5.000000074505805969e-02,-5.000000074505805969e-02,-2.594129145145416260e-01,1.647636592388153076e-01,1.256419181823730469e+00,5.954109877347946167e-02,5.274000000000000000e+03,5.570462890625000000e+03
1.764043420553207397e-01,-2.000000029802322388e-01,1.752166599035263062e-01,-2.458511739969253540e-01,1.010199785232543945e+00,5.820518359541893005e-02,3.225000000000000000e+03,3.231700927734375000e+03
3.896152675151824951e-01,-1.000000014901161194e-01,5.135414004325866699e-01,-2.825762033462524414e-01,1.027150034904479980e+00,5.407374352216720581e-02,2.966000000000000000e+03,3.101445312500000000e+03
1.369013339281082153e-01,7.812180519104003906e-01,1.863995641469955444e-01,7.873753905296325684e-01,4.635699093341827393e-01,1.491146385669708252e-01,1.288000000000000000e+03,1.302906127929687500e+03
-3.000000119209289551e-01,2.514390051364898682e-01,-5.580239295959472656e-01,1.578898727893829346e-01,1.026682019233703613e+00,5.856882035732269287e-02,3.567000000000000000e+03,3.818177001953125000e+03
2.145627290010452271e-01,-1.000000014901161194e-01,-9.714512154459953308e-03,4.106052219867706299e-01,1.231999397277832031e+00,6.324815750122070312e-02,4.238000000000000000e+03,5.070506347656250000e+03
4.212743043899536133e-01,5.481259822845458984e-01,5.123151540756225586e-01,8.753563761711120605e-01,8.157319426536560059e-01,1.465416997671127319e-01,2.973000000000000000e+03,3.470307128906250000e+03
-6.024989485740661621e-02,-5.816580727696418762e-02,-1.614588685333728790e-02,3.976348340511322021e-01,1.243478178977966309e+00,6.061612442135810852e-02,4.951000000000000000e+03,5.602781250000000000e+03
-2.000000029802322388e-01,3.118000738322734833e-02,-3.138450086116790771e-01,-7.346805930137634277e-02,7.675151824951171875e-01,8.184200525283813477e-02,2.732000000000000000e+03,2.841586425781250000e+03
9.482004493474960327e-02,0.000000000000000000e+00,-1.218490228056907654e-01,-1.578414626419544220e-02,1.259576797485351562e+00,5.860037356615066528e-02,4.634000000000000000e+03,4.770807617187500000e+03
-5.179951898753643036e-03,-5.000000074505805969e-02,-9.791916608810424805e-02,-5.206512212753295898e-01,1.136053562164306641e+00,6.110145896673202515e-02,4.341000000000000000e+03,5.086450195312500000e+03
-1.500000059604644775e-01,4.183419048786163330e-02,-3.975217938423156738e-01,-4.526454210281372070e-02,9.888715744018554688e-01,6.690410524606704712e-02,3.573000000000000000e+03,3.820076171875000000e+03
-1.000000014901161194e-01,0.000000000000000000e+00,1.895271688699722290e-01,-1.844844222068786621e-01,1.036282539367675781e+00,6.463265419006347656e-02,3.496000000000000000e+03,3.870971435546875000e+03
-5.000000074505805969e-02,-3.000000119209289551e-01,-6.614152342081069946e-02,-3.451211750507354736e-01,6.784200668334960938e-01,7.079052180051803589e-02,1.928000000000000000e+03,1.937666870117187500e+03
9.482004493474960327e-02,-1.000000014901161194e-01,2.585848867893218994e-01,-1.308014988899230957e-01,5.230889320373535156e-01,9.786460548639297485e-02,1.658000000000000000e+03,1.822624633789062500e+03
-5.000000074505805969e-02,1.366542428731918335e-01,-2.804888486862182617e-01,-1.053001657128334045e-01,1.217990040779113770e+00,6.315326690673828125e-02,4.813000000000000000e+03,5.169064941406250000e+03
5.000000074505805969e-02,-5.000000074505805969e-02,2.118818461894989014e-01,-2.170581668615341187e-01,7.274845838546752930e-01,6.720851361751556396e-02,2.684000000000000000e+03,2.951591552734375000e+03
5.000000074505805969e-02,0.000000000000000000e+00,1.286069750785827637e-01,2.422857284545898438e-01,1.259823441505432129e+00,6.118969619274139404e-02,4.621000000000000000e+03,4.808419921875000000e+03
-1.500000059604644775e-01,1.366542428731918335e-01,-4.375701248645782471e-01,1.352029591798782349e-01,1.234448075294494629e+00,5.765275284647941589e-02,5.028000000000000000e+03,5.297055664062500000e+03
1.764043420553207397e-01,0.000000000000000000e+00,2.116464376449584961e-01,-2.777074277400970459e-02,5.657444000244140625e-01,6.198305264115333557e-02,1.755000000000000000e+03,1.766074218750000000e+03
1.764043420553207397e-01,-1.500000059604644775e-01,2.171584218740463257e-02,-3.594327270984649658e-01,1.016104459762573242e+00,6.781829893589019775e-02,3.971000000000000000e+03,4.227288574218750000e+03
-3.659073412418365479e-01,-2.075121551752090454e-02,-4.220820963382720947e-01,8.313345909118652344e-02,1.032127380371093750e+00,6.014253944158554077e-02,3.712000000000000000e+03,3.760487548828125000e+03
9.482004493474960327e-02,-1.000000014901161194e-01,2.591473981738090515e-02,-4.650434553623199463e-01,1.182160854339599609e+00,6.176481768488883972e-02,4.816000000000000000e+03,5.280609375000000000e+03
-1.000000014901161194e-01,1.366542428731918335e-01,1.944087594747543335e-01,-1.332201361656188965e-01,1.109756231307983398e+00,5.964571610093116760e-02,4.393000000000000000e+03,4.945007324218750000e+03
-1.102498918771743774e-01,-1.000000014901161194e-01,-3.745304346084594727e-01,-4.147380962967872620e-02,1.192371726036071777e+00,5.804273858666419983e-02,5.076000000000000000e+03,5.334343750000000000e+03
3.562291860580444336e-01,-2.683409452438354492e-01,3.005663156509399414e-01,-3.615219593048095703e-01,4.949541985988616943e-01,8.713936805725097656e-02,1.791000000000000000e+03,1.876280883789062500e+03
-1.024989411234855652e-02,1.366542428731918335e-01,1.155289188027381897e-01,7.263280749320983887e-01,1.119046330451965332e+00,6.235796958208084106e-02,4.049000000000000000e+03,5.161488281250000000e+03
5.000000074505805969e-02,-1.500000059604644775e-01,-8.593478798866271973e-02,-2.527267038822174072e-01,8.075144290924072266e-01,6.541421264410018921e-02,2.665000000000000000e+03,2.782261474609375000e+03
0.000000000000000000e+00,1.366542428731918335e-01,-3.312759995460510254e-01,1.370278894901275635e-01,9.088698625564575195e-01,6.946532428264617920e-02,2.942000000000000000e+03,3.321877929687500000e+03
-2.500000000000000000e-01,9.482004493474960327e-02,-1.188055574893951416e-01,2.321722954511642456e-01,1.021996855735778809e+00,8.066789060831069946e-02,3.182000000000000000e+03,3.290738769531250000e+03
9.482004493474960327e-02,5.000000074505805969e-02,-2.435905039310455322e-01,1.960382312536239624e-01,1.126662015914916992e+00,6.360581517219543457e-02,3.895000000000000000e+03,4.301122558593750000e+03
9.482004493474960327e-02,-6.419350951910018921e-02,2.494935989379882812e-01,-6.801908612251281738e-01,1.205320119857788086e+00,5.860871076583862305e-02,4.475000000000000000e+03,5.649162109375000000e+03
-1.500000059604644775e-01,8.975010365247726440e-02,-1.352391391992568970e-01,-4.537548422813415527e-01,1.189004659652709961e+00,5.655662715435028076e-02,4.998000000000000000e+03,5.998280273437500000e+03
0.000000000000000000e+00,4.482004791498184204e-02,-1.525123268365859985e-01,-3.345067501068115234e-01,1.283981561660766602e+00,5.578576400876045227e-02,5.154000000000000000e+03,5.663651367187500000e+03
5.173884034156799316e-01,2.145627290010452271e-01,5.248463749885559082e-01,-5.638385936617851257e-02,8.271800279617309570e-01,5.915888398885726929e-02,3.167000000000000000e+03,3.498555664062500000e+03
0.000000000000000000e+00,9.482004493474960327e-02,-5.448487401008605957e-02,8.899221569299697876e-02,9.520370960235595703e-01,6.575499475002288818e-02,2.890000000000000000e+03,2.899610839843750000e+03
2.514390051364898682e-01,8.169633150100708008e-02,2.838049829006195068e-01,4.838713109493255615e-01,1.112434625625610352e+00,7.356835901737213135e-02,3.915000000000000000e+03,4.414661132812500000e+03
2.145627290010452271e-01,2.514390051364898682e-01,3.170740902423858643e-01,1.985038071870803833e-01,6.665141582489013672e-01,8.290146291255950928e-02,2.433000000000000000e+03,2.505280761718750000e+03
1.764043420553207397e-01,-2.500000000000000000e-01,-1.007042154669761658e-01,-4.557348787784576416e-01,9.073958992958068848e-01,6.019090861082077026e-02,3.045000000000000000e+03,3.471308837890625000e+03
-2.000000029802322388e-01,-1.000000014901161194e-01,-1.716263741254806519e-01,3.145933896303176880e-02,6.849859356880187988e-01,8.360198140144348145e-02,2.087000000000000000e+03,2.166600585937500000e+03
2.872454822063446045e-01,3.580648824572563171e-02,3.234452009201049805e-01,4.601401463150978088e-02,4.603123962879180908e-01,8.278599381446838379e-02,1.650000000000000000e+03,1.660951782226562500e+03
-2.000000029802322388e-01,-1.500000059604644775e-01,-2.770629823207855225e-01,-4.902429580688476562e-01,8.425231575965881348e-01,6.513822823762893677e-02,3.393000000000000000e+03,3.954205566406250000e+03
1.366542428731918335e-01,4.482004791498184204e-02,2.971514761447906494e-01,5.458659678697586060e-02,9.076418280601501465e-01,6.162055209279060364e-02,2.846000000000000000e+03,2.934852783203125000e+03
9.482004493474960327e-02,5.000000074505805969e-02,3.582872077822685242e-02,1.684407889842987061e-01,9.318269491195678711e-01,6.047543510794639587e-02,3.559000000000000000e+03,3.630189453125000000e+03
5.000000074505805969e-02,1.366542428731918335e-01,4.860033690929412842e-01,6.436244398355484009e-02,1.188477277755737305e+00,7.951608300209045410e-02,4.246000000000000000e+03,4.815861328125000000e+03
2.145627290010452271e-01,-1.183409467339515686e-01,-2.090806961059570312e-01,-2.414998561143875122e-01,9.981257915496826172e-01,5.886214971542358398e-02,3.694000000000000000e+03,4.385294433593750000e+03
9.482004493474960327e-02,-5.000000074505805969e-02,1.545948833227157593e-01,-6.566298007965087891e-02,9.754454493522644043e-01,7.821121066808700562e-02,2.839000000000000000e+03,2.850346923828125000e+03
-5.000000074505805969e-02,5.000000074505805969e-02,3.241271674633026123e-01,2.544649243354797363e-01,1.199295520782470703e+00,5.013306438922882080e-02,5.215000000000000000e+03,5.855120605468750000e+03
1.366542428731918335e-01,-1.500000059604644775e-01,1.678529828786849976e-01,-8.023195713758468628e-02,7.482358217239379883e-01,5.309723317623138428e-02,2.745000000000000000e+03,2.773512939453125000e+03
-3.151089549064636230e-01,0.000000000000000000e+00,-2.468290925025939941e-01,-2.554703950881958008e-01,1.024481892585754395e+00,8.660855889320373535e-02,3.577000000000000000e+03,3.811097412109375000e+03
-1.159073337912559509e-01,5.000000074505805969e-02,2.291612923145294189e-01,1.102140843868255615e-01,1.207568049430847168e+00,6.400562822818756104e-02,4.954000000000000000e+03,5.362896484375000000e+03
-1.500000059604644775e-01,1.764043420553207397e-01,8.388109505176544189e-02,1.321227103471755981e-01,7.515844106674194336e-01,7.006896287202835083e-02,2.745000000000000000e+03,3.014217285156250000e+03
9.482004493474960327e-02,0.000000000000000000e+00,-1.946680843830108643e-01,-4.098215103149414062e-01,1.107280731201171875e+00,5.212336406111717224e-02,4.366000000000000000e+03,5.223650390625000000e+03
1.366542428731918335e-01,5.000000074505805969e-02,-2.671785652637481689e-01,3.979195654392242432e-01,1.185868978500366211e+00,5.027223378419876099e-02,4.446000000000000000e+03,5.306433105468750000e+03
2.872454822063446045e-01,-6.000000238418579102e-01,1.487190872430801392e-01,-4.695588648319244385e-01,8.010731339454650879e-01,1.747782677412033081e-01,1.902000000000000000e+03,2.007875244140625000e+03
4.223684668540954590e-01,0.000000000000000000e+00,5.430294871330261230e-01,1.313723623752593994e-01,1.038081645965576172e+00,8.496003597974777222e-02,3.126000000000000000e+03,3.217708496093750000e+03
1.282061040401458740e-01,-4.499999880790710449e-01,-4.297528043389320374e-02,-4.279059469699859619e-01,8.141052126884460449e-01,5.660632252693176270e-02,3.067000000000000000e+03,3.203397216796875000e+03
-1.000000014901161194e-01,-5.000000074505805969e-02,1.911903619766235352e-01,-1.754421442747116089e-01,1.055588841438293457e+00,7.191622257232666016e-02,3.584000000000000000e+03,3.900719726562500000e+03
5.000000074505805969e-02,5.000000074505805969e-02,3.638846874237060547e-01,4.979890584945678711e-02,1.266527295112609863e+00,5.787070840597152710e-02,5.058000000000000000e+03,5.363632812500000000e+03
-5.816580727696418762e-02,0.000000000000000000e+00,-8.644462563097476959e-03,-7.244851440191268921e-02,6.023091673851013184e-01,6.564837694168090820e-02,2.058000000000000000e+03,2.101343261718750000e+03
2.514390051364898682e-01,-1.184162404388189316e-02,2.948252856731414795e-01,-2.398998886346817017e-01,1.018901586532592773e+00,6.053548678755760193e-02,4.300000000000000000e+03,4.519958007812500000e+03
-1.500000059604644775e-01,-2.500000000000000000e-01,-1.513946354389190674e-01,-2.202419191598892212e-02,1.051296114921569824e+00,6.276968121528625488e-02,3.677000000000000000e+03,3.847581298828125000e+03
-2.000000029802322388e-01,-2.710686326026916504e-01,-2.210682183504104614e-01,-2.079336643218994141e-01,6.571449041366577148e-01,7.951435446739196777e-02,2.260000000000000000e+03,2.283239013671875000e+03
5.000000074505805969e-02,9.482004493474960327e-02,-8.815081790089607239e-03,-3.266880214214324951e-01,1.006629228591918945e+00,6.088776886463165283e-02,3.858000000000000000e+03,4.520507812500000000e+03
-3.659073412418365479e-01,2.145627290010452271e-01,-5.028864145278930664e-01,1.597210466861724854e-01,9.244858622550964355e-01,7.332088053226470947e-02,3.214000000000000000e+03,3.295184814453125000e+03
-1.000000014901161194e-01,5.000000074505805969e-02,3.753148615360260010e-01,-5.191305279731750488e-02,1.191623449325561523e+00,6.589172780513763428e-02,4.429000000000000000e+03,5.139846191406250000e+03
0.000000000000000000e+00,9.482004493474960327e-02,-4.232097268104553223e-01,1.081141009926795959e-01,1.218634724617004395e+00,7.234667241573333740e-02,4.374000000000000000e+03,4.888175292968750000e+03
9.482004493474960327e-02,3.338605910539627075e-02,9.392023086547851562e-02,6.853875517845153809e-02,1.238922119140625000e+00,5.978251248598098755e-02,4.796000000000000000e+03,4.799901367187500000e+03
1.297110766172409058e-01,-1.141935139894485474e-01,-1.641749218106269836e-02,-3.194226622581481934e-01,1.107803225517272949e+00,5.710872262716293335e-02,4.837000000000000000e+03,5.084427246093750000e+03
-5.000000074505805969e-02,5.000000074505805969e-02,2.546797692775726318e-01,-1.320326607674360275e-02,1.273315072059631348e+00,6.258144974708557129e-02,4.936000000000000000e+03,5.227219726562500000e+03
0.000000000000000000e+00,1.366542428731918335e-01,-1.743934899568557739e-01,2.311194688081741333e-01,1.209857583045959473e+00,6.319852173328399658e-02,5.006000000000000000e+03,5.139353027343750000e+03
0.000000000000000000e+00,0.000000000000000000e+00,-1.227161847054958344e-02,1.625787019729614258e-01,1.137038826942443848e+00,6.050346046686172485e-02,4.138000000000000000e+03,4.222632324218750000e+03
0.000000000000000000e+00,0.000000000000000000e+00,6.478460878133773804e-02,-4.074995964765548706e-02,1.281686186790466309e+00,5.626076087355613708e-02,4.246000000000000000e+03,4.261125488281250000e+03
3.221365213394165039e-01,-2.000000029802322388e-01,2.565048933029174805e-01,-9.979309886693954468e-02,6.410261988639831543e-01,8.371168375015258789e-02,2.089000000000000000e+03,2.161234863281250000e+03
3.165905550122261047e-02,-1.000000014901161194e-01,9.231095761060714722e-02,1.302202194929122925e-01,1.147164344787597656e+00,7.153576612472534180e-02,3.739000000000000000e+03,3.898292968750000000e+03
-5.000000074505805969e-02,-1.500000059604644775e-01,1.636907309293746948e-01,-8.713299036026000977e-02,1.126407623291015625e+00,5.770625546574592590e-02,4.567000000000000000e+03,4.744161132812500000e+03
0.000000000000000000e+00,0.000000000000000000e+00,-4.902170971035957336e-02,-2.207762189209461212e-02,1.292595148086547852e+00,5.705203488469123840e-02,3.972000000000000000e+03,3.978861572265625000e+03
-5.000000074505805969e-02,-1.500000059604644775e-01,-1.602915078401565552e-01,-2.460502535104751587e-01,9.865945577621459961e-01,5.512851104140281677e-02,3.809000000000000000e+03,3.892170898437500000e+03
0.000000000000000000e+00,0.000000000000000000e+00,-3.348219096660614014e-01,-1.179242357611656189e-01,1.253823280334472656e+00,5.764258652925491333e-02,5.043000000000000000e+03,5.439842773437500000e+03
-2.500000000000000000e-01,3.221365213394165039e-01,-3.167596161365509033e-01,3.529983758926391602e-01,5.154088735580444336e-01,8.514335006475448608e-02,1.770000000000000000e+03,1.805934326171875000e+03
3.562291860580444336e-01,-2.000000029802322388e-01,1.660995334386825562e-01,-1.732597947120666504e-01,1.110236406326293945e+00,8.210079371929168701e-02,3.192000000000000000e+03,3.286829589843750000e+03
5.000000074505805969e-02,-1.000000014901161194e-01,2.256138324737548828e-01,2.715538442134857178e-01,1.149142265319824219e+00,6.804411858320236206e-02,4.419000000000000000e+03,4.967813964843750000e+03
9.482004493474960327e-02,-1.000000014901161194e-01,4.523923397064208984e-01,1.169724240899085999e-01,1.076207160949707031e+00,6.402245908975601196e-02,4.565000000000000000e+03,5.231520507812500000e+03
-1.102498918771743774e-01,-1.000000014901161194e-01,3.822872936725616455e-01,3.027395308017730713e-01,1.231172084808349609e+00,5.710763856768608093e-02,4.740000000000000000e+03,5.941755371093750000e+03
1.366542428731918335e-01,-5.000000074505805969e-02,-3.211739361286163330e-01,2.451378107070922852e-01,1.214834570884704590e+00,4.989820346236228943e-02,4.525000000000000000e+03,5.397461914062500000e+03
2.145627290010452271e-01,5.000000074505805969e-02,-4.427853226661682129e-01,7.414369285106658936e-02,1.113164186477661133e+00,3.196034133434295654e-01,4.256000000000000000e+03,5.647399902343750000e+03
1.764043420553207397e-01,5.000000074505805969e-02,5.782386660575866699e-01,9.531205892562866211e-02,9.984672069549560547e-01,6.134514883160591125e-02,3.975000000000000000e+03,4.603434082031250000e+03
-5.000000074505805969e-02,1.366542428731918335e-01,-1.025409698486328125e-01,2.035807520151138306e-01,7.110261321067810059e-01,7.310457527637481689e-02,2.045000000000000000e+03,2.074189941406250000e+03
9.183419495820999146e-02,1.764043420553207397e-01,2.788690328598022461e-01,-1.074645295739173889e-01,1.109834194183349609e+00,5.272166803479194641e-02,4.812000000000000000e+03,5.253639160156250000e+03
2.872454822063446045e-01,-5.000000074505805969e-02,3.267610073089599609e-01,-1.871888935565948486e-01,7.904654145240783691e-01,6.450178474187850952e-02,3.234000000000000000e+03,3.338725585937500000e+03
5.000000074505805969e-02,5.000000074505805969e-02,-2.237455099821090698e-01,-9.804208576679229736e-02,1.284475445747375488e+00,5.907079204916954041e-02,5.418000000000000000e+03,5.731560546875000000e+03
3.409266844391822815e-02,-3.499999940395355225e-01,-2.856692299246788025e-02,-4.193407893180847168e-01,8.419907093048095703e-01,9.779383242130279541e-02,2.646000000000000000e+03,2.678409423828125000e+03
5.000000074505805969e-02,5.000000074505805969e-02,-1.861794739961624146e-01,-2.064393013715744019e-01,1.213951826095581055e+00,5.929548293352127075e-02,5.094000000000000000e+03,5.505462890625000000e+03
0.000000000000000000e+00,1.366542428731918335e-01,7.185628265142440796e-02,7.024978846311569214e-02,6.017249226570129395e-01,7.603996247053146362e-02,1.812000000000000000e+03,1.859637573242187500e+03
-2.000000029802322388e-01,1.366542428731918335e-01,-3.270845860242843628e-02,-3.854377195239067078e-02,9.363316893577575684e-01,1.121379062533378601e-01,2.640000000000000000e+03,2.813576904296875000e+03
4.183419048786163330e-02,5.000000074505805969e-02,-9.180727601051330566e-02,-5.881166085600852966e-02,4.889952838420867920e-01,8.362851291894912720e-02,1.683000000000000000e+03,1.886368041992187500e+03
0.000000000000000000e+00,0.000000000000000000e+00,1.203882470726966858e-01,4.554828703403472900e-01,1.257565259933471680e+00,5.721645802259445190e-02,4.816000000000000000e+03,5.472388671875000000e+03
-5.000000074505805969e-02,-1.500000059604644775e-01,-2.226943373680114746e-01,4.241583347320556641e-01,1.205127477645874023e+00,5.948987975716590881e-02,4.396000000000000000e+03,5.429375488281250000e+03
5.000000074505805969e-02,0.000000000000000000e+00,-1.500797420740127563e-01,1.972687691450119019e-01,1.107414603233337402e+00,5.890939384698867798e-02,4.518000000000000000e+03,4.804198242187500000e+03
-5.000000074505805969e-02,3.275320306420326233e-02,2.230861485004425049e-01,-3.540663793683052063e-02,1.263447880744934082e+00,6.006507948040962219e-02,4.783000000000000000e+03,5.017905761718750000e+03
1.764043420553207397e-01,-1.000000014901161194e-01,4.720445573329925537e-01,-2.214016169309616089e-01,1.024381041526794434e+00,5.837357789278030396e-02,4.237000000000000000e+03,4.640711914062500000e+03
-1.184162404388189316e-02,1.764043420553207397e-01,4.882672801613807678e-02,2.535430192947387695e-01,8.631461858749389648e-01,7.780489325523376465e-02,3.317000000000000000e+03,3.359936523437500000e+03
5.000000074505805969e-02,5.000000074505805969e-02,1.170698031783103943e-01,9.374267607927322388e-02,1.099813103675842285e+00,6.098930910229682922e-02,4.056000000000000000e+03,4.077517822265625000e+03
-5.000000074505805969e-02,-1.000000014901161194e-01,-1.625239253044128418e-01,-5.705083012580871582e-01,1.092207789421081543e+00,5.989756807684898376e-02,4.210000000000000000e+03,5.003760253906250000e+03
1.366542428731918335e-01,0.000000000000000000e+00,9.782737493515014648e-02,-1.208376139402389526e-01,1.195983409881591797e+00,6.563060730695724487e-02,4.962000000000000000e+03,5.017787109375000000e+03
-5.000000074505805969e-02,8.687628805637359619e-02,-3.943206742405891418e-02,-4.426056146621704102e-02,1.042318224906921387e+00,6.457643955945968628e-02,3.635000000000000000e+03,3.692447021484375000e+03
5.000000074505805969e-02,5.000000074505805969e-02,2.282141335308551788e-02,-7.724953442811965942e-02,1.250005722045898438e+00,5.875717476010322571e-02,4.909000000000000000e+03,4.962068847656250000e+03
-5.000000074505805969e-02,-5.179951898753643036e-03,-3.470253348350524902e-01,-2.126894295215606689e-01,1.228423833847045898e+00,5.974986404180526733e-02,5.003000000000000000e+03,5.430350097656250000e+03
-1.184162404388189316e-02,3.815837576985359192e-02,-3.962510228157043457e-01,-4.644750617444515228e-03,1.266305923461914062e+00,6.122082099318504333e-02,5.231000000000000000e+03,5.709088867187500000e+03
5.000000074505805969e-02,-5.000000074505805969e-02,-1.284071505069732666e-01,-1.051265671849250793e-01,1.011740446090698242e+00,6.474232673645019531e-02,4.346000000000000000e+03,4.492766113281250000e+03
-1.500000059604644775e-01,-1.000000014901161194e-01,5.626790225505828857e-03,-3.381734788417816162e-01,9.104439616203308105e-01,6.159458309412002563e-02,3.259000000000000000e+03,3.570813964843750000e+03
-1.666139364242553711e-01,-4.499999880790710449e-01,-8.994199335575103760e-02,-5.499555468559265137e-01,8.130208849906921387e-01,8.162724971771240234e-02,2.755000000000000000e+03,2.820905761718750000e+03
5.000000074505805969e-02,5.000000074505805969e-02,-1.688907295465469360e-01,-3.082975745201110840e-01,1.273456215858459473e+00,5.821743980050086975e-02,5.385000000000000000e+03,5.955638183593750000e+03
-5.000000074505805969e-02,0.000000000000000000e+00,5.355074405670166016e-01,-2.687320411205291748e-01,1.247461795806884766e+00,6.477247178554534912e-02,4.251000000000000000e+03,5.324689941406250000e+03
-1.500000059604644775e-01,-1.500000059604644775e-01,-4.282754659652709961e-01,-1.788169592618942261e-01,1.066759347915649414e+00,5.695589631795883179e-02,4.796000000000000000e+03,5.120162597656250000e+03
-5.000000074505805969e-02,-6.419350951910018921e-02,1.781121939420700073e-01,-7.269044220447540283e-02,9.342071413993835449e-01,7.873651385307312012e-02,3.242000000000000000e+03,3.433275146484375000e+03
-5.000000074505805969e-02,5.000000074505805969e-02,-4.301861673593521118e-02,1.664115302264690399e-02,1.260024428367614746e+00,6.042926385998725891e-02,5.109000000000000000e+03,5.112729003906250000e+03
5.000000074505805969e-02,0.000000000000000000e+00,3.280386328697204590e-01,-7.242895662784576416e-02,9.663278460502624512e-01,6.706808507442474365e-02,2.842000000000000000e+03,3.087881835937500000e+03
-1.500000059604644775e-01,5.000000074505805969e-02,1.218393594026565552e-01,1.210009213536977768e-02,1.256639957427978516e+00,5.870501697063446045e-02,4.739000000000000000e+03,4.962320800781250000e+03
5.000000074505805969e-02,2.503692209720611572e-01,1.827786564826965332e-01,7.078199833631515503e-02,5.482760667800903320e-01,8.242873847484588623e-02,1.623000000000000000e+03,1.882509155273437500e+03
5.000000074505805969e-02,9.482004493474960327e-02,2.004692852497100830e-01,-5.482379198074340820e-01,1.258687496185302734e+00,6.032736226916313171e-02,4.818000000000000000e+03,6.072538085937500000e+03
-1.618416309356689453e-01,1.764043420553207397e-01,-2.451002746820449829e-01,5.264997109770774841e-02,9.356487393379211426e-01,9.145906567573547363e-02,2.189000000000000000e+03,2.244293457031250000e+03
-1.000000014901161194e-01,9.482004493474960327e-02,2.933636605739593506e-01,-1.627935213036835194e-03,1.035052299499511719e+00,5.736928805708885193e-02,3.932000000000000000e+03,4.514897460937500000e+03
-5.000000074505805969e-02,1.707469075918197632e-01,-2.332332544028759003e-03,3.563283085823059082e-01,1.121037364006042480e+00,5.789698660373687744e-02,4.768000000000000000e+03,4.906124023437500000e+03
-7.005596160888671875e-02,-5.000000074505805969e-02,-3.094790577888488770e-01,-3.141474425792694092e-01,1.129443407058715820e+00,5.793040245771408081e-02,4.405000000000000000e+03,4.833479980468750000e+03
-6.881999224424362183e-02,9.482004493474960327e-02,-2.792440056800842285e-01,-2.615850567817687988e-01,1.202594161033630371e+00,5.771479383111000061e-02,4.800000000000000000e+03,5.353204589843750000e+03
8.275320380926132202e-02,3.896152675151824951e-01,-1.313917804509401321e-02,2.317297160625457764e-01,9.147009849548339844e-01,7.477906346321105957e-02,2.743000000000000000e+03,2.853638427734375000e+03
-5.816580727696418762e-02,2.145627290010452271e-01,-2.405397295951843262e-01,-4.758591949939727783e-02,9.227114915847778320e-01,6.130948290228843689e-02,3.582000000000000000e+03,3.999760498046875000e+03
-1.000000014901161194e-01,-2.000000029802322388e-01,-1.706764996051788330e-01,-2.309925109148025513e-02,1.022740840911865234e+00,6.611024588346481323e-02,3.708000000000000000e+03,3.835464355468750000e+03
-5.000000074505805969e-02,5.000000074505805969e-02,2.797848582267761230e-01,-3.584695756435394287e-01,1.239717006683349609e+00,5.964298546314239502e-02,5.179000000000000000e+03,6.071691894531250000e+03
1.264043450355529785e-01,-5.000000000000000000e-01,2.730995416641235352e-02,-5.128100514411926270e-01,8.949489593505859375e-01,7.989341765642166138e-02,2.415000000000000000e+03,2.445134765625000000e+03
0.000000000000000000e+00,3.815837576985359192e-02,-1.040157675743103027e-02,6.543555259704589844e-01,1.238064646720886230e+00,6.845991313457489014e-02,4.821000000000000000e+03,5.958554687500000000e+03
1.366542428731918335e-01,-5.000000074505805969e-02,-9.946925938129425049e-02,8.820164948701858521e-03,1.242321848869323730e+00,6.157808750867843628e-02,5.031000000000000000e+03,5.221804687500000000e+03
2.145627290010452271e-01,-1.500000059604644775e-01,3.403660058975219727e-01,5.491469427943229675e-02,7.016567587852478027e-01,6.901538372039794922e-02,2.941000000000000000e+03,3.277275390625000000e+03
5.000000074505805969e-02,5.000000074505805969e-02,1.799243986606597900e-01,1.692074835300445557e-01,1.180020213127136230e+00,1.961452662944793701e-01,3.437000000000000000e+03,3.513127685546875000e+03
5.000000074505805969e-02,-1.000000014901161194e-01,3.798748850822448730e-01,-1.605947613716125488e-01,1.172788977622985840e+00,5.915928259491920471e-02,4.857000000000000000e+03,5.245927734375000000e+03
-6.024989485740661621e-02,-2.500000000000000000e-01,-2.653552293777465820e-01,-2.982680499553680420e-01,1.043268680572509766e+00,6.450423598289489746e-02,4.425000000000000000e+03,4.603481933593750000e+03
-1.000000014901161194e-01,-1.500000059604644775e-01,-7.993298023939132690e-02,-3.206453025341033936e-01,7.344651222229003906e-01,9.259600937366485596e-02,2.539000000000000000e+03,2.676219970703125000e+03
-1.500000059604644775e-01,-5.179951898753643036e-03,-3.158803284168243408e-01,1.436256617307662964e-02,7.344240546226501465e-01,6.137388572096824646e-02,2.940000000000000000e+03,3.090389892578125000e+03
0.000000000000000000e+00,-1.000000014901161194e-01,-2.956161201000213623e-01,-2.560015954077243805e-02,9.474497437477111816e-01,7.955998182296752930e-02,3.509000000000000000e+03,3.863161376953125000e+03
9.482004493474960327e-02,-2.500000000000000000e-01,8.958698064088821411e-02,-1.533416472375392914e-02,8.786439299583435059e-01,1.234924122691154480e-01,1.681000000000000000e+03,1.798836303710937500e+03
-3.499999940395355225e-01,0.000000000000000000e+00,-4.884911775588989258e-01,5.221527814865112305e-02,9.114269018173217773e-01,7.758848369121551514e-02,2.932000000000000000e+03,3.008574218750000000e+03
-2.641935050487518311e-01,-4.000000059604644775e-01,-3.826926350593566895e-01,-4.367299377918243408e-01,6.307250857353210449e-01,7.441139966249465942e-02,1.638000000000000000e+03,1.700829101562500000e+03
9.482004493474960327e-02,-5.000000074505805969e-02,1.075465697795152664e-02,-2.399700134992599487e-02,1.156352758407592773e+00,8.892687410116195679e-02,3.397000000000000000e+03,3.416559326171875000e+03
0.000000000000000000e+00,5.000000074505805969e-02,-5.615931153297424316e-01,1.182209178805351257e-01,1.272408843040466309e+00,5.879867076873779297e-02,5.013000000000000000e+03,5.961691894531250000e+03
2.514390051364898682e-01,-2.500000000000000000e-01,2.755765318870544434e-01,1.455660760402679443e-01,1.084363341331481934e+00,5.473501235246658325e-02,4.327000000000000000e+03,4.887882812500000000e+03
-3.499999940395355225e-01,5.000000074505805969e-02,-3.930559456348419189e-01,1.752692461013793945e-01,7.944588661193847656e-01,6.072859838604927063e-02,2.667000000000000000e+03,2.740876708984375000e+03
0.000000000000000000e+00,-5.000000074505805969e-02,5.281219258904457092e-02,1.283212155103683472e-01,1.277306199073791504e+00,5.218100547790527344e-02,4.733000000000000000e+03,4.832681152343750000e+03
1.366542428731918335e-01,9.482004493474960327e-02,-1.825588047504425049e-01,-2.739289104938507080e-01,1.219226479530334473e+00,5.650116130709648132e-02,4.553000000000000000e+03,5.256688476562500000e+03
-3.151089549064636230e-01,1.183132976293563843e-01,-2.691980004310607910e-01,1.420949399471282959e-01,9.944583177566528320e-01,6.123790144920349121e-02,3.352000000000000000e+03,3.361106933593750000e+03
0.000000000000000000e+00,0.000000000000000000e+00,-3.519720733165740967e-01,1.159295812249183655e-01,1.107782244682312012e+00,7.851155102252960205e-02,3.346000000000000000e+03,3.710697265625000000e+03
-1.661394163966178894e-02,-1.500000059604644775e-01,3.321542218327522278e-02,1.189743056893348694e-01,1.152149796485900879e+00,5.905456095933914185e-02,4.519000000000000000e+03,4.770550781250000000e+03
-5.179951898753643036e-03,-1.000000014901161194e-01,2.007955685257911682e-02,-6.387139558792114258e-01,1.130848765373229980e+00,5.282594263553619385e-02,4.096000000000000000e+03,4.985934082031250000e+03
2.872454822063446045e-01,5.000000074505805969e-02,1.967271268367767334e-01,4.099899530410766602e-01,1.028171658515930176e+00,5.789967998862266541e-02,3.805000000000000000e+03,4.286859863281250000e+03
-1.959164291620254517e-01,6.961627006530761719e-01,-1.472567617893218994e-01,8.718168735504150391e-01,5.430107712745666504e-01,1.152700707316398621e-01,1.341000000000000000e+03,1.488338500976562500e+03
-1.590733230113983154e-02,-1.192623898386955261e-01,2.252273261547088623e-02,-6.729368865489959717e-02,8.059820532798767090e-01,6.929226964712142944e-02,2.621000000000000000e+03,2.637750976562500000e+03
9.482004493474960327e-02,-1.881999336183071136e-02,4.749488830566406250e-01,-9.640299528837203979e-02,1.061067342758178711e+00,5.718671903014183044e-02,3.966000000000000000e+03,4.480088867187500000e+03
-5.000000074505805969e-02,-1.678191274404525757e-01,1.895043551921844482e-01,1.202942505478858948e-01,1.069768786430358887e+00,7.554726302623748779e-02,3.404000000000000000e+03,3.810506835937500000e+03
-2.159073352813720703e-01,2.145627290010452271e-01,5.930245295166969299e-02,8.913128077983856201e-02,1.110781192779541016e+00,6.436000764369964600e-02,3.887000000000000000e+03,4.170735839843750000e+03
8.489102870225906372e-02,5.173884034156799316e-01,-2.005157917737960815e-01,2.435381412506103516e-01,1.157649397850036621e+00,5.635323747992515564e-02,4.581000000000000000e+03,5.102717773437500000e+03
1.366542428731918335e-01,0.000000000000000000e+00,3.114359267055988312e-02,3.209491074085235596e-01,1.112748146057128906e+00,7.616879791021347046e-02,4.016000000000000000e+03,4.378453125000000000e+03
-4.000000059604644775e-01,-5.000000074505805969e-02,-2.130395919084548950e-02,-2.570018637925386429e-03,1.053256034851074219e+00,5.737993493676185608e-02,4.134000000000000000e+03,4.661611328125000000e+03
-5.000000074505805969e-02,0.000000000000000000e+00,-5.150910839438438416e-02,-4.555633664131164551e-01,1.266740918159484863e+00,6.143499165773391724e-02,4.852000000000000000e+03,5.461683593750000000e+03
-5.000000074505805969e-02,5.000000074505805969e-02,-2.879326045513153076e-01,3.576583862304687500e-01,1.229794979095458984e+00,5.914420634508132935e-02,4.553000000000000000e+03,4.997704101562500000e+03
0.000000000000000000e+00,0.000000000000000000e+00,-3.052345514297485352e-01,-4.702116176486015320e-02,1.264568567276000977e+00,5.872600898146629333e-02,4.494000000000000000e+03,4.757871582031250000e+03
-2.829281091690063477e-01,-8.000000119209289551e-01,-2.644738256931304932e-01,-7.534410357475280762e-01,4.878899455070495605e-01,1.922708451747894287e-01,1.856000000000000000e+03,1.875473510742187500e+03
-1.618416309356689453e-01,-3.151089549064636230e-01,-6.352071464061737061e-02,-6.214644312858581543e-01,6.886750459671020508e-01,8.696928620338439941e-02,2.529000000000000000e+03,3.056349609375000000e+03
3.221365213394165039e-01,2.514390051364898682e-01,1.748239099979400635e-01,-3.854320943355560303e-02,8.722970485687255859e-01,7.361559569835662842e-02,3.193000000000000000e+03,3.623190673828125000e+03
8.975010365247726440e-02,8.218087255954742432e-02,3.616755604743957520e-01,-6.762254238128662109e-02,1.119334101676940918e+00,6.497199088335037231e-02,4.671000000000000000e+03,5.024312011718750000e+03
5.000000074505805969e-02,9.183419495820999146e-02,1.612526923418045044e-01,-7.687972486019134521e-02,1.041619539260864258e+00,6.481651961803436279e-02,4.071000000000000000e+03,4.222783691406250000e+03
-6.000000238418579102e-01,3.105830773711204529e-02,-4.465609490871429443e-01,3.026377260684967041e-01,6.913070678710937500e-01,1.966310441493988037e-01,1.083000000000000000e+03,1.294161987304687500e+03
-5.000000074505805969e-02,9.482004493474960327e-02,2.951691746711730957e-01,-1.000612527132034302e-01,1.198301792144775391e+00,6.535305082798004150e-02,4.394000000000000000e+03,4.863394042968750000e+03
-5.000000074505805969e-02,9.482004493474960327e-02,-1.856081336736679077e-01,-3.659301996231079102e-01,1.267069697380065918e+00,5.743899941444396973e-02,5.207000000000000000e+03,5.930431152343750000e+03
-8.165807463228702545e-03,-1.500000059604644775e-01,-7.356347516179084778e-03,3.933635056018829346e-01,1.184602856636047363e+00,5.480031296610832214e-02,3.973000000000000000e+03,4.774094726562500000e+03
-2.500000000000000000e-01,9.482004493474960327e-02,-2.600114643573760986e-01,-5.623369291424751282e-02,1.060135245323181152e+00,6.259737163782119751e-02,4.062000000000000000e+03,4.144466308593750000e+03
2.872454822063446045e-01,1.366542428731918335e-01,4.581180810928344727e-01,1.975993663072586060e-01,7.173805832862854004e-01,8.074703067541122437e-02,1.838000000000000000e+03,1.953885986328125000e+03
-1.000000014901161194e-01,-5.179951898753643036e-03,3.064829856157302856e-02,-1.851123385131359100e-02,1.226043343544006348e+00,5.938795208930969238e-02,5.170000000000000000e+03,5.229260742187500000e+03
9.482004493474960327e-02,-5.000000074505805969e-02,2.727743936702609062e-03,7.344403117895126343e-02,1.252736806869506836e+00,5.672033876180648804e-02,4.913000000000000000e+03,4.986833984375000000e+03
3.975010663270950317e-02,0.000000000000000000e+00,9.087879955768585205e-02,1.041576638817787170e-01,1.279364466667175293e+00,5.832527577877044678e-02,5.391000000000000000e+03,5.435296875000000000e+03
0.000000000000000000e+00,-1.724679581820964813e-02,-6.494610756635665894e-02,-5.279658436775207520e-01,1.272225141525268555e+00,5.211313441395759583e-02,4.608000000000000000e+03,5.336509277343750000e+03
-1.000000014901161194e-01,9.482004493474960327e-02,-3.207460641860961914e-01,8.820389397442340851e-03,1.143237471580505371e+00,6.618957221508026123e-02,4.368000000000000000e+03,4.554090332031250000e+03
-1.000000014901161194e-01,-5.000000074505805969e-02,-8.716533333063125610e-02,-2.223158180713653564e-01,1.145985841751098633e+00,6.056487560272216797e-02,4.823000000000000000e+03,4.932122070312500000e+03
-5.000000074505805969e-02,1.366542428731918335e-01,-2.588981688022613525e-01,-7.970938831567764282e-02,1.211921930313110352e+00,6.602143496274948120e-02,5.164000000000000000e+03,5.477524902343750000e+03
1.366542428731918335e-01,-1.000000014901161194e-01,2.185741961002349854e-01,-8.447800576686859131e-02,9.901793003082275391e-01,5.119364336133003235e-02,3.740000000000000000e+03,3.766399169921875000e+03
5.000000074505805969e-02,0.000000000000000000e+00,5.035138130187988281e-02,8.936936035752296448e-03,1.201302647590637207e+00,5.610032752156257629e-02,3.927000000000000000e+03,3.927220947265625000e+03
5.000000074505805969e-02,-1.000000014901161194e-01,-7.672575116157531738e-02,1.872312873601913452e-01,9.605815410614013672e-01,7.482393085956573486e-02,3.560000000000000000e+03,3.931192871093750000e+03
-5.000000074505805969e-02,-5.000000074505805969e-02,-1.930951513350009918e-02,1.298943907022476196e-01,1.013007998466491699e+00,5.532038584351539612e-02,4.131000000000000000e+03,4.263965332031250000e+03
-1.000000014901161194e-01,-5.000000074505805969e-02,-5.906193703413009644e-02,4.094057083129882812e-01,1.083294153213500977e+00,6.328399479389190674e-02,3.790000000000000000e+03,4.450652343750000000e+03
0.000000000000000000e+00,-5.000000074505805969e-02,9.885513782501220703e-02,-3.252494037151336670e-01,1.073460340499877930e+00,7.149365544319152832e-02,4.423000000000000000e+03,4.745861816406250000e+03
-2.000000029802322388e-01,-2.500000000000000000e-01,1.003687269985675812e-02,-2.157370746135711670e-01,1.109272003173828125e+00,5.917099118232727051e-02,4.357000000000000000e+03,4.515764160156250000e+03
9.482004493474960327e-02,4.183419048786163330e-02,3.161634206771850586e-01,1.342404633760452271e-01,1.222307443618774414e+00,5.968984216451644897e-02,5.252000000000000000e+03,5.452317382812500000e+03
9.183419495820999146e-02,1.366542428731918335e-01,4.216637313365936279e-01,9.676176309585571289e-02,9.399045705795288086e-01,6.503109633922576904e-02,3.655000000000000000e+03,4.098394042968750000e+03
-1.500000059604644775e-01,-1.000000014901161194e-01,2.562261931598186493e-02,-1.346043050289154053e-01,8.064438700675964355e-01,7.362274080514907837e-02,2.660000000000000000e+03,2.789304443359375000e+03
-1.500000059604644775e-01,0.000000000000000000e+00,-1.042640060186386108e-01,5.468766689300537109e-01,1.016609191894531250e+00,6.282852590084075928e-02,3.435000000000000000e+03,4.382437988281250000e+03
1.366542428731918335e-01,5.000000074505805969e-02,-1.133527979254722595e-01,1.310393661260604858e-01,8.694568276405334473e-01,6.013713404536247253e-02,3.612000000000000000e+03,3.935259765625000000e+03
-8.165807463228702545e-03,1.764043420553207397e-01,-7.316584885120391846e-02,1.167432591319084167e-01,5.567930936813354492e-01,7.333080470561981201e-02,1.481000000000000000e+03,1.517908813476562500e+03
3.221365213394165039e-01,-5.816580727696418762e-02,3.697932362556457520e-01,-2.594383433461189270e-02,4.878669083118438721e-01,7.077889889478683472e-02,1.719000000000000000e+03,1.742901489257812500e+03
-5.000000074505805969e-02,-4.499999880790710449e-01,-2.961104214191436768e-01,-3.446798026561737061e-01,8.731942772865295410e-01,6.035918742418289185e-02,2.305000000000000000e+03,2.517436279296875000e+03
-3.659073412418365479e-01,2.145627290010452271e-01,-2.493784129619598389e-01,1.724137365818023682e-01,6.024676561355590820e-01,8.370756357908248901e-02,1.260000000000000000e+03,1.312812622070312500e+03
-1.000000014901161194e-01,1.366542428731918335e-01,-3.496247902512550354e-02,1.807262152433395386e-01,6.035984754562377930e-01,5.742944031953811646e-02,1.591000000000000000e+03,1.617841674804687500e+03
-2.500000000000000000e-01,-2.000000029802322388e-01,-1.747722178697586060e-01,-6.596817970275878906e-01,1.036192178726196289e+00,7.062644511461257935e-02,3.575000000000000000e+03,4.266868652343750000e+03
-1.184162404388189316e-02,5.000000074505805969e-02,-9.049303084611892700e-02,-3.246989548206329346e-01,9.865885972976684570e-01,7.792909443378448486e-02,3.294000000000000000e+03,3.773118164062500000e+03
-2.000000029802322388e-01,-1.500000059604644775e-01,-2.586273849010467529e-01,-2.743098735809326172e-01,1.157322287559509277e+00,6.102406233549118042e-02,4.412000000000000000e+03,4.473886718750000000e+03
9.482004493474960327e-02,0.000000000000000000e+00,3.866450861096382141e-02,-1.504385322332382202e-01,9.344069361686706543e-01,6.074979901313781738e-02,3.885000000000000000e+03,3.998975585937500000e+03
0.000000000000000000e+00,2.514390051364898682e-01,-1.098960265517234802e-01,4.506537020206451416e-01,1.030525803565979004e+00,6.924607604742050171e-02,3.516000000000000000e+03,3.685161621093750000e+03
1.366542428731918335e-01,2.872454822063446045e-01,2.324472740292549133e-02,5.355045795440673828e-01,7.817780971527099609e-01,6.624867767095565796e-02,3.444000000000000000e+03,3.852057617187500000e+03
1.735305190086364746e-01,5.000000074505805969e-02,8.210985362529754639e-02,1.544383019208908081e-01,1.135410547256469727e+00,5.911289528012275696e-02,4.867000000000000000e+03,4.939523925781250000e+03
-5.000000074505805969e-02,-2.200559526681900024e-01,1.647181212902069092e-01,-2.709556519985198975e-01,1.029083013534545898e+00,5.301919952034950256e-02,4.044000000000000000e+03,4.227701660156250000e+03
2.514390051364898682e-01,3.687628731131553650e-02,2.997841536998748779e-01,-1.385300308465957642e-01,8.978663086891174316e-01,6.375005096197128296e-02,3.765000000000000000e+03,3.917701904296875000e+03
-2.000000029802322388e-01,-5.000000074505805969e-02,-1.133664622902870178e-01,2.721677124500274658e-01,1.151618003845214844e+00,6.008543819189071655e-02,4.692000000000000000e+03,5.077604980468750000e+03
1.366542428731918335e-01,-1.000000014901161194e-01,-1.119479686021804810e-01,1.944910287857055664e-01,1.036922931671142578e+00,6.370766460895538330e-02,4.553000000000000000e+03,5.164063964843750000e+03
0.000000000000000000e+00,0.000000000000000000e+00,-4.401563107967376709e-01,-3.052151501178741455e-01,1.226172208786010742e+00,5.891695991158485413e-02,4.554000000000000000e+03,5.387358398437500000e+03
-5.000000074505805969e-02,-1.618416309356689453e-01,-8.393364399671554565e-02,-5.498506426811218262e-01,1.168672323226928711e+00,5.906947702169418335e-02,4.712000000000000000e+03,5.221477539062500000e+03
-1.024989411234855652e-02,9.482004493474960327e-02,-3.765221452340483665e-03,-8.889312297105789185e-02,1.236664295196533203e+00,6.385061144828796387e-02,5.060000000000000000e+03,5.171279785156250000e+03
-1.500000059604644775e-01,-2.000000029802322388e-01,-1.221245825290679932e-01,-1.798261255025863647e-01,5.504092574119567871e-01,1.026212871074676514e-01,1.771000000000000000e+03,1.777965576171875000e+03
-1.184162404388189316e-02,-1.500000059604644775e-01,-1.496912240982055664e-01,-2.609552629292011261e-02,1.208207249641418457e+00,7.063295692205429077e-02,4.380000000000000000e+03,4.482628417968750000e+03
1.764043420553207397e-01,0.000000000000000000e+00,1.470380276441574097e-01,2.502467036247253418e-01,7.694844007492065430e-01,7.112890481948852539e-02,2.648000000000000000e+03,2.925221191406250000e+03
0.000000000000000000e+00,9.482004493474960327e-02,3.245709538459777832e-01,8.217684924602508545e-02,1.109854936599731445e+00,5.675785616040229797e-02,4.585000000000000000e+03,4.970001953125000000e+03
1.748126149177551270e-01,-1.000000014901161194e-01,2.591175734996795654e-01,-1.116979494690895081e-01,5.063508749008178711e-01,9.889186173677444458e-02,1.862000000000000000e+03,1.914246582031250000e+03
-7.500000000000000000e-01,1.906389892101287842e-01,-8.505982756614685059e-01,2.467768192291259766e-01,5.274013876914978027e-01,1.902895420789718628e-01,8.580000000000000000e+02,8.984324340820312500e+02
0.000000000000000000e+00,-1.500000059604644775e-01,-3.069967031478881836e-01,-5.003168433904647827e-02,1.252742648124694824e+00,5.885751917958259583e-02,5.041000000000000000e+03,5.370909179687500000e+03
0.000000000000000000e+00,-1.000000014901161194e-01,4.386738315224647522e-02,7.971169054508209229e-02,1.019931077957153320e+00,5.794889107346534729e-02,3.832000000000000000e+03,3.956842041015625000e+03
0.000000000000000000e+00,0.000000000000000000e+00,1.967388838529586792e-01,8.453943766653537750e-03,1.284607410430908203e+00,5.641111359000205994e-02,5.029000000000000000e+03,5.146834960937500000e+03
-1.500000059604644775e-01,0.000000000000000000e+00,7.892172783613204956e-02,4.402153789997100830e-01,1.135116696357727051e+00,5.982083454728126526e-02,4.630000000000000000e+03,5.480436035156250000e+03
-5.000000074505805969e-02,5.000000074505805969e-02,-6.600541621446609497e-02,5.878522396087646484e-01,1.231885671615600586e+00,5.629391968250274658e-02,4.958000000000000000e+03,5.865288085937500000e+03
-2.000000029802322388e-01,-5.000000074505805969e-02,-3.036966621875762939e-01,-4.042431712150573730e-01,8.889183998107910156e-01,8.009727299213409424e-02,2.948000000000000000e+03,3.437436767578125000e+03
-6.510896980762481689e-02,-4.672468006610870361e-01,-1.579503417015075684e-01,-5.920041203498840332e-01,7.475671172142028809e-01,1.127403303980827332e-01,2.853000000000000000e+03,2.975205810546875000e+03
-2.000000029802322388e-01,3.975010663270950317e-02,1.097819209098815918e-01,-2.376782521605491638e-02,9.261275529861450195e-01,6.479181349277496338e-02,3.669000000000000000e+03,4.085194824218750000e+03
-1.500000059604644775e-01,1.764043420553207397e-01,2.537437677383422852e-01,4.022302925586700439e-01,1.081506371498107910e+00,5.847967788577079773e-02,4.160000000000000000e+03,4.890596191406250000e+03
5.000000074505805969e-02,5.000000074505805969e-02,-2.325175553560256958e-01,2.908014953136444092e-01,1.204207658767700195e+00,5.508571118116378784e-02,5.409000000000000000e+03,5.911689941406250000e+03
-3.499999940395355225e-01,2.145627290010452271e-01,-2.741521298885345459e-01,3.890962004661560059e-01,7.162581086158752441e-01,9.822186827659606934e-02,2.384000000000000000e+03,2.549606933593750000e+03
-2.500000000000000000e-01,0.000000000000000000e+00,-6.532715260982513428e-02,-1.853222399950027466e-01,9.301665425300598145e-01,8.892498165369033813e-02,2.525000000000000000e+03,2.721104248046875000e+03
2.145627290010452271e-01,0.000000000000000000e+00,4.441693425178527832e-01,-2.026909217238426208e-02,1.173890829086303711e+00,6.038938090205192566e-02,4.871000000000000000e+03,5.056785644531250000e+03
-1.500000059604644775e-01,-5.000000074505805969e-02,-4.047556817531585693e-01,-5.067213773727416992e-01,1.127230882644653320e+00,6.314031779766082764e-02,4.517000000000000000e+03,5.448401855468750000e+03
0.000000000000000000e+00,5.000000074505805969e-02,-1.626458466053009033e-01,-5.512003228068351746e-02,1.280488252639770508e+00,5.991251766681671143e-02,5.189000000000000000e+03,5.307232910156250000e+03
-2.641935050487518311e-01,-4.499999880790710449e-01,-5.712764263153076172e-01,-4.215287268161773682e-01,6.551004648208618164e-01,8.110862970352172852e-02,2.389000000000000000e+03,2.894653076171875000e+03
-2.500000000000000000e-01,-5.000000074505805969e-02,-3.339529931545257568e-01,1.330947726964950562e-01,1.067445278167724609e+00,7.604137808084487915e-02,4.126000000000000000e+03,4.272053222656250000e+03
-1.000000014901161194e-01,5.000000074505805969e-02,-5.380064845085144043e-01,-3.472594311460852623e-03,1.233683109283447266e+00,6.033341959118843079e-02,4.912000000000000000e+03,5.522041503906250000e+03
8.580648899078369141e-02,0.000000000000000000e+00,-1.509374380111694336e-01,-6.043418124318122864e-02,9.177131056785583496e-01,6.210708245635032654e-02,3.831000000000000000e+03,4.098334472656250000e+03
1.764043420553207397e-01,-3.000000119209289551e-01,6.315130274742841721e-03,-1.885364204645156860e-01,1.133509874343872070e+00,6.165743246674537659e-02,4.345000000000000000e+03,4.484007324218750000e+03
0.000000000000000000e+00,5.000000074505805969e-02,3.250208199024200439e-01,3.637982904911041260e-02,1.195302009582519531e+00,5.506451800465583801e-02,4.796000000000000000e+03,5.144526367187500000e+03
-1.184162404388189316e-02,-2.000000029802322388e-01,4.702153429388999939e-02,-5.045758485794067383e-01,8.755013346672058105e-01,6.865324079990386963e-02,3.409000000000000000e+03,3.825806396484375000e+03
0.000000000000000000e+00,5.000000074505805969e-02,-1.735289245843887329e-01,-3.284097015857696533e-01,1.275640130043029785e+00,5.935538187623023987e-02,4.760000000000000000e+03,5.254306152343750000e+03
-3.000000119209289551e-01,5.000000074505805969e-02,-3.333411216735839844e-01,-4.298913180828094482e-01,1.107921838760375977e+00,6.836293637752532959e-02,3.660000000000000000e+03,4.322298339843750000e+03
5.000000074505805969e-02,0.000000000000000000e+00,1.002211645245552063e-01,-2.162797302007675171e-01,1.139085888862609863e+00,5.363476276397705078e-02,4.820000000000000000e+03,5.001768066406250000e+03
0.000000000000000000e+00,5.000000074505805969e-02,1.932057291269302368e-01,1.068697422742843628e-01,1.252853512763977051e+00,6.137167662382125854e-02,4.835000000000000000e+03,4.958778808593750000e+03
0.000000000000000000e+00,1.764043420553207397e-01,-1.198873966932296753e-01,2.009698897600173950e-01,8.259333968162536621e-01,7.690873742103576660e-02,2.630000000000000000e+03,2.687427001953125000e+03
1.707469075918197632e-01,2.514390051364898682e-01,2.309115678071975708e-01,3.002477884292602539e-01,1.036667943000793457e+00,1.528848111629486084e-01,2.573000000000000000e+03,2.587421142578125000e+03
-1.000000014901161194e-01,1.366542428731918335e-01,-5.996265448629856110e-03,4.846351444721221924e-01,1.210088372230529785e+00,5.400818958878517151e-02,5.579000000000000000e+03,6.063734375000000000e+03
-3.000000119209289551e-01,0.000000000000000000e+00,-4.716914892196655273e-01,-1.480357497930526733e-01,8.869187235832214355e-01,5.481544882059097290e-02,3.838000000000000000e+03,4.084553955078125000e+03
1.764043420553207397e-01,-5.000000074505805969e-02,2.248147875070571899e-01,-3.617633581161499023e-01,9.888092875480651855e-01,6.987679004669189453e-02,2.864000000000000000e+03,3.148369628906250000e+03
9.482004493474960327e-02,2.514390051364898682e-01,4.788438975811004639e-02,8.952191472053527832e-02,8.583859801292419434e-01,6.412712484598159790e-02,2.814000000000000000e+03,2.921329345703125000e+03
0.000000000000000000e+00,0.000000000000000000e+00,-1.733448952436447144e-01,3.358660340309143066e-01,1.258822560310363770e+00,6.059590354561805725e-02,5.078000000000000000e+03,5.526745117187500000e+03
0.000000000000000000e+00,-1.000000014901161194e-01,-3.750190883874893188e-02,-4.184187352657318115e-01,7.365272641181945801e-01,6.443876773118972778e-02,2.764000000000000000e+03,3.267912353515625000e+03
5.000000074505805969e-02,5.000000074505805969e-02,4.777629971504211426e-01,-2.485418468713760376e-01,1.003002762794494629e+00,5.512074753642082214e-02,4.085000000000000000e+03,5.132577636718750000e+03
9.482004493474960327e-02,5.000000074505805969e-02,3.106039762496948242e-01,1.082491502165794373e-01,1.203371167182922363e+00,6.362396478652954102e-02,4.889000000000000000e+03,5.056072265625000000e+03
-1.000000014901161194e-01,-2.500000000000000000e-01,4.395323619246482849e-02,-2.321323454380035400e-01,6.309859156608581543e-01,8.048272132873535156e-02,2.059000000000000000e+03,2.166465087890625000e+03
5.000000074505805969e-02,9.482004493474960327e-02,3.214767575263977051e-01,-8.574270759709179401e-04,1.218971848487854004e+00,5.301386490464210510e-02,5.206000000000000000e+03,5.492963378906250000e+03
-5.179951898753643036e-03,0.000000000000000000e+00,-6.364941596984863281e-01,2.702844142913818359e-01,1.269880056381225586e+00,6.306573748588562012e-02,4.977000000000000000e+03,6.349750976562500000e+03
-5.000000074505805969e-02,-2.500000000000000000e-01,-4.627224430441856384e-02,-4.320717453956604004e-01,8.190574049949645996e-01,7.330390810966491699e-02,2.487000000000000000e+03,2.608518066406250000e+03
-2.000000029802322388e-01,-2.000000029802322388e-01,-2.700798809528350830e-01,-5.023822188377380371e-01,8.116997480392456055e-01,6.630507111549377441e-02,3.218000000000000000e+03,3.673729248046875000e+03
-5.816580727696418762e-02,5.000000074505805969e-02,2.606778144836425781e-01,1.024701446294784546e-01,1.209757089614868164e+00,5.099067836999893188e-02,4.764000000000000000e+03,5.097951171875000000e+03
-1.000000014901161194e-01,-6.834094226360321045e-02,-1.538280695676803589e-01,-3.767025843262672424e-02,1.033028125762939453e+00,6.416010111570358276e-02,3.957000000000000000e+03,3.971335693359375000e+03
-5.000000074505805969e-02,-5.000000074505805969e-02,2.912764847278594971e-01,-1.771579533815383911e-01,1.263724684715270996e+00,5.990557000041007996e-02,5.036000000000000000e+03,5.446316406250000000e+03
1.764043420553207397e-01,0.000000000000000000e+00,1.622628271579742432e-01,4.147584363818168640e-02,5.008684992790222168e-01,7.043398171663284302e-02,1.731000000000000000e+03,1.744278320312500000e+03
0.000000000000000000e+00,0.000000000000000000e+00,-2.773676067590713501e-02,5.908151715993881226e-02,1.291810154914855957e+00,5.861201882362365723e-02,4.383000000000000000e+03,4.394228027343750000e+03
9.482004493474960327e-02,2.872454822063446045e-01,-1.766498386859893799e-01,4.199621677398681641e-01,1.017999768257141113e+00,7.366124540567398071e-02,4.234000000000000000e+03,4.598758789062500000e+03
-1.500000059604644775e-01,9.482004493474960327e-02,-1.450121402740478516e-01,-3.068877570331096649e-02,6.818150281906127930e-01,9.560138732194900513e-02,1.674000000000000000e+03,1.730196166992187500e+03
5.000000074505805969e-02,0.000000000000000000e+00,2.601219341158866882e-02,1.228119507431983948e-01,1.281511664390563965e+00,5.855998396873474121e-02,5.030000000000000000e+03,5.077619628906250000e+03
-2.000000029802322388e-01,-1.500000059604644775e-01,-1.933890581130981445e-01,6.312129646539688110e-02,1.085168361663818359e+00,6.768913567066192627e-02,3.784000000000000000e+03,3.929143554687500000e+03
9.482004493474960327e-02,1.366542428731918335e-01,-1.081421375274658203e-01,2.065377831459045410e-01,1.043734550476074219e+00,6.290462613105773926e-02,3.996000000000000000e+03,4.163491210937500000e+03
-2.000000029802322388e-01,5.000000074505805969e-02,-2.664697170257568359e-02,-3.435005620121955872e-02,5.901982188224792480e-01,7.419598847627639771e-02,2.079000000000000000e+03,2.295772460937500000e+03
5.000000074505805969e-02,5.000000074505805969e-02,-2.475464642047882080e-01,-2.933651208877563477e-02,1.269909024238586426e+00,5.915997549891471863e-02,4.623000000000000000e+03,4.890550781250000000e+03
2.514390051364898682e-01,-5.816580727696418762e-02,-9.052502922713756561e-03,-2.769724428653717041e-01,1.171566724777221680e+00,5.529446527361869812e-02,4.603000000000000000e+03,4.982925292968750000e+03
-1.500000059604644775e-01,-4.672468006610870361e-01,-3.905313909053802490e-01,-4.466809332370758057e-01,8.868076801300048828e-01,6.505478918552398682e-02,3.041000000000000000e+03,3.261990234375000000e+03
0.000000000000000000e+00,2.145627290010452271e-01,-4.149428382515907288e-02,2.643429934978485107e-01,4.870121777057647705e-01,7.658537477254867554e-02,1.229000000000000000e+03,1.250748535156250000e+03
9.482004493474960327e-02,8.975010365247726440e-02,4.325958192348480225e-01,-4.247527122497558594e-01,1.238666534423828125e+00,5.994639918208122253e-02,5.031000000000000000e+03,6.213645996093750000e+03
3.975010663270950317e-02,-1.000000014901161194e-01,3.256262466311454773e-02,2.519116401672363281e-01,7.446025013923645020e-01,8.276345580816268921e-02,2.639000000000000000e+03,3.201756347656250000e+03
-2.000000029802322388e-01,-2.131237089633941650e-01,-2.635312974452972412e-01,-5.400224328041076660e-01,9.502085447311401367e-01,6.165410205721855164e-02,3.658000000000000000e+03,4.094839599609375000e+03
0.000000000000000000e+00,-5.000000074505805969e-02,1.843217462301254272e-01,4.567385092377662659e-02,7.473633885383605957e-01,6.190692633390426636e-02,2.897000000000000000e+03,3.117098144531250000e+03
1.366542428731918335e-01,0.000000000000000000e+00,2.343369275331497192e-01,-3.133707046508789062e-01,9.675797820091247559e-01,6.731796264648437500e-02,3.545000000000000000e+03,3.942354736328125000e+03
-5.816580727696418762e-02,-1.000000014901161194e-01,-1.727083325386047363e-01,-1.189191825687885284e-02,1.102102279663085938e+00,6.639228761196136475e-02,4.200000000000000000e+03,4.272002929687500000e+03
0.000000000000000000e+00,0.000000000000000000e+00,1.601847447454929352e-02,3.964841738343238831e-02,8.459282517433166504e-01,6.766795367002487183e-02,2.904000000000000000e+03,2.911439208984375000e+03
5.000000074505805969e-02,1.659030318260192871e-01,3.795268759131431580e-02,2.709532678127288818e-01,8.302994370460510254e-01,7.494593411684036255e-02,3.398000000000000000e+03,3.453046386718750000e+03
-5.000000074505805969e-02,-5.000000074505805969e-02,-6.824129819869995117e-01,2.221798896789550781e-01,1.247817516326904297e+00,5.609111860394477844e-02,4.992000000000000000e+03,6.423354492187500000e+03
9.482004493474960327e-02,3.221365213394165039e-01,4.419723749160766602e-01,2.098111361265182495e-01,1.043158173561096191e+00,6.968718022108078003e-02,3.513000000000000000e+03,3.930875732421875000e+03
-5.000000074505805969e-02,-3.000000119209289551e-01,-4.235900193452835083e-02,-3.636783063411712646e-01,1.070190548896789551e+00,6.096317246556282043e-02,4.088000000000000000e+03,4.102562988281250000e+03
-5.000000074505805969e-02,0.000000000000000000e+00,1.753325760364532471e-01,-1.430549025535583496e-01,1.269147634506225586e+00,5.424691736698150635e-02,5.240000000000000000e+03,5.469332519531250000e+03
-1.000000014901161194e-01,1.366542428731918335e-01,-2.207683622837066650e-01,4.676189422607421875e-01,1.238929033279418945e+00,6.023762375116348267e-02,5.404000000000000000e+03,5.832978027343750000e+03
-3.499999940395355225e-01,-1.419351249933242798e-02,-2.927641868591308594e-01,-5.018056556582450867e-02,8.915137052536010742e-01,1.687399297952651978e-01,2.182000000000000000e+03,2.194563476562500000e+03
-5.000000074505805969e-02,5.000000074505805969e-02,-6.269789934158325195e-01,-2.812053263187408447e-01,1.272087931632995605e+00,6.248727440834045410e-02,5.265000000000000000e+03,6.630708496093750000e+03
0.000000000000000000e+00,5.000000074505805969e-02,-7.024718914180994034e-03,-1.029839217662811279e-01,1.262123107910156250e+00,6.023120135068893433e-02,5.190000000000000000e+03,5.266025390625000000e+03
2.803703844547271729e-01,5.000000074505805969e-02,3.868595659732818604e-01,8.489834517240524292e-02,4.986594021320343018e-01,7.470625638961791992e-02,1.706000000000000000e+03,1.791081054687500000e+03
8.687628805637359619e-02,2.085852175951004028e-01,2.304489314556121826e-01,5.804370641708374023e-01,1.166610240936279297e+00,5.793850868940353394e-02,4.677000000000000000e+03,5.209650878906250000e+03
0.000000000000000000e+00,9.482004493474960327e-02,-3.632866144180297852e-01,5.121046304702758789e-01,1.185119032859802246e+00,5.053474381566047668e-02,4.942000000000000000e+03,5.972510742187500000e+03
0.000000000000000000e+00,-5.000000074505805969e-02,-1.905241012573242188e-01,8.066715300083160400e-02,1.218043804168701172e+00,4.944671317934989929e-02,4.936000000000000000e+03,5.111746093750000000e+03
0.000000000000000000e+00,5.000000074505805969e-02,1.032146159559488297e-02,1.381832212209701538e-01,1.134942412376403809e+00,5.686058849096298218e-02,4.213000000000000000e+03,4.238908203125000000e+03
5.000000074505805969e-02,9.482004493474960327e-02,-3.348275423049926758e-01,3.101891577243804932e-01,8.976541757583618164e-01,7.154230773448944092e-02,3.425000000000000000e+03,4.212165527343750000e+03
0.000000000000000000e+00,-1.000000014901161194e-01,-1.628386527299880981e-01,-4.450844526290893555e-01,1.226703882217407227e+00,6.178629770874977112e-02,5.437000000000000000e+03,5.950771972656250000e+03
2.145627290010452271e-01,5.000000074505805969e-02,3.362797796726226807e-01,-4.866494834423065186e-01,9.215641617774963379e-01,8.680347353219985962e-02,2.965000000000000000e+03,3.954336425781250000e+03
-1.000000014901161194e-01,2.872454822063446045e-01,-1.020548343658447266e-01,2.797986865043640137e-01,1.022235512733459473e+00,6.420908868312835693e-02,4.367000000000000000e+03,4.367245605468750000e+03
-1.102498918771743774e-01,2.145627290010452271e-01,-4.012222290039062500e-01,2.856384217739105225e-02,8.103360533714294434e-01,7.751522213220596313e-02,3.021000000000000000e+03,3.549578613281250000e+03
-5.816580727696418762e-02,0.000000000000000000e+00,1.791251599788665771e-01,-2.236033976078033447e-01,1.190397739410400391e+00,6.408582627773284912e-02,4.257000000000000000e+03,4.570531738281250000e+03
5.000000074505805969e-02,-5.000000074505805969e-02,-1.498643457889556885e-01,1.129771843552589417e-01,1.095288038253784180e+00,5.796181783080101013e-02,4.895000000000000000e+03,5.162176757812500000e+03
-1.000000014901161194e-01,1.764043420553207397e-01,1.068087443709373474e-01,4.060674011707305908e-01,1.142349004745483398e+00,6.265778094530105591e-02,4.627000000000000000e+03,4.960243164062500000e+03
-5.000000074505805969e-02,1.764043420553207397e-01,4.379258155822753906e-01,-1.007238868623971939e-03,1.197729229927062988e+00,6.794559955596923828e-02,4.168000000000000000e+03,4.919411621093750000e+03
9.482004493474960327e-02,2.514390051364898682e-01,2.074510455131530762e-01,2.931085228919982910e-01,4.514447450637817383e-01,8.427143096923828125e-02,1.370000000000000000e+03,1.465168334960937500e+03
0.000000000000000000e+00,-1.000000014901161194e-01,7.233457267284393311e-02,7.224121689796447754e-02,6.279665827751159668e-01,6.349440664052963257e-02,2.272000000000000000e+03,2.469403808593750000e+03
-1.500000059604644775e-01,-3.000000119209289551e-01,-4.965574145317077637e-01,2.063003480434417725e-01,1.212352037429809570e+00,2.541277110576629639e-01,6.069000000000000000e+03,7.544892089843750000e+03
5.000000074505805969e-02,-2.500000000000000000e-01,2.069492638111114502e-01,-2.227048724889755249e-01,8.508474230766296387e-01,8.458750694990158081e-02,2.555000000000000000e+03,2.643869140625000000e+03
6.961627006530761719e-01,1.709280908107757568e-01,5.531481504440307617e-01,1.923723071813583374e-01,4.769997000694274902e-01,2.460300326347351074e-01,1.326000000000000000e+03,1.445172363281250000e+03
2.145627290010452271e-01,-5.000000074505805969e-02,2.629623711109161377e-01,-5.344593524932861328e-01,1.094554901123046875e+00,6.358627974987030029e-02,3.713000000000000000e+03,4.418298339843750000e+03
0.000000000000000000e+00,0.000000000000000000e+00,1.305167227983474731e-01,2.984942793846130371e-01,1.277610301971435547e+00,5.627697706222534180e-02,5.600000000000000000e+03,5.958070800781250000e+03
-1.000000014901161194e-01,5.000000074505805969e-02,-2.157949842512607574e-02,-3.633789718151092529e-03,1.166664481163024902e+00,5.989347770810127258e-02,5.106000000000000000e+03,5.139890625000000000e+03
3.562291860580444336e-01,1.366542428731918335e-01,6.285180151462554932e-02,9.955819696187973022e-02,7.245540618896484375e-01,7.105071097612380981e-02,2.367000000000000000e+03,2.746899169921875000e+03
-1.000000014901161194e-01,-1.000000014901161194e-01,-5.941502451896667480e-01,4.116805791854858398e-01,1.179403781890869141e+00,5.548835173249244690e-02,3.765000000000000000e+03,5.047420410156250000e+03
-5.000000074505805969e-02,9.183419495820999146e-02,1.426772177219390869e-01,2.689894735813140869e-01,1.169550776481628418e+00,6.138829514384269714e-02,4.429000000000000000e+03,4.647637207031250000e+03
0.000000000000000000e+00,-1.000000014901161194e-01,1.698115617036819458e-01,5.492501854896545410e-01,1.243770003318786621e+00,6.256763637065887451e-02,4.462000000000000000e+03,5.687962890625000000e+03
1.366542428731918335e-01,-1.618416309356689453e-01,-7.737728953361511230e-02,-6.775027513504028320e-01,1.194465637207031250e+00,6.968652456998825073e-02,4.082000000000000000e+03,4.933183105468750000e+03
0.000000000000000000e+00,-1.781912706792354584e-02,-2.164886705577373505e-02,1.462986320257186890e-01,1.155428409576416016e+00,5.747928097844123840e-02,4.113000000000000000e+03,4.197121093750000000e+03
-1.102498918771743774e-01,-5.000000074505805969e-02,-1.374216824769973755e-01,1.714932769536972046e-01,1.038904309272766113e+00,7.182819396257400513e-02,3.934000000000000000e+03,4.113649902343750000e+03
5.000000074505805969e-02,5.000000074505805969e-02,7.616672664880752563e-02,-1.533030718564987183e-01,1.225513577461242676e+00,6.193995103240013123e-02,4.583000000000000000e+03,4.709950195312500000e+03
0.000000000000000000e+00,0.000000000000000000e+00,7.425752282142639160e-02,5.172729492187500000e-02,1.298670411109924316e+00,5.543428286910057068e-02,3.848000000000000000e+03,3.866745605468750000e+03
-2.000000029802322388e-01,-2.710686326026916504e-01,-1.251600235700607300e-01,-5.202008485794067383e-01,6.894171237945556641e-01,6.696422398090362549e-02,3.082000000000000000e+03,3.506923828125000000e+03
-1.967304572463035583e-02,-1.159073337912559509e-01,-2.099103778600692749e-01,-5.114237666130065918e-01,1.004680156707763672e+00,7.982006669044494629e-02,3.247000000000000000e+03,3.841184082031250000e+03
-1.000000014901161194e-01,1.366542428731918335e-01,-3.155911266803741455e-01,2.482954412698745728e-01,1.193676829338073730e+00,5.895912647247314453e-02,4.746000000000000000e+03,4.940621582031250000e+03
5.000000074505805969e-02,1.244056150317192078e-01,5.228656902909278870e-02,3.222408592700958252e-01,1.198217153549194336e+00,6.972318142652511597e-02,3.905000000000000000e+03,4.011085205078125000e+03
-3.499999940395355225e-01,-1.500000059604644775e-01,-9.251747280359268188e-03,1.221972852945327759e-01,9.358013868331909180e-01,5.809853971004486084e-02,3.683000000000000000e+03,4.448121582031250000e+03
-1.000000014901161194e-01,8.338605612516403198e-02,3.518707752227783203e-01,1.247744485735893250e-01,1.014116406440734863e+00,6.742405891418457031e-02,3.727000000000000000e+03,4.442924804687500000e+03
5.000000074505805969e-02,0.000000000000000000e+00,6.181164085865020752e-02,1.499972045421600342e-01,5.703231096267700195e-01,6.362453848123550415e-02,1.856000000000000000e+03,1.983179931640625000e+03
5.000000074505805969e-02,-2.041443064808845520e-02,4.263083264231681824e-02,1.476811021566390991e-01,6.613923907279968262e-01,9.537509828805923462e-02,2.294000000000000000e+03,2.439997558593750000e+03
-2.000000029802322388e-01,-3.672468066215515137e-01,-3.673914074897766113e-02,-3.364624977111816406e-01,6.856106519699096680e-01,6.329346448183059692e-02,2.443000000000000000e+03,2.584385742187500000e+03
-1.166139394044876099e-01,2.145627290010452271e-01,3.099790215492248535e-01,1.753456145524978638e-01,1.108839869499206543e+00,7.962404936552047729e-02,3.907000000000000000e+03,4.470966308593750000e+03
1.764043420553207397e-01,9.482004493474960327e-02,-1.373918205499649048e-01,1.020982488989830017e-01,8.357686400413513184e-01,6.589749455451965332e-02,3.556000000000000000e+03,4.042525390625000000e+03
-3.499999940395355225e-01,-3.499999940395355225e-01,-4.690089523792266846e-01,-3.661541342735290527e-01,5.783005952835083008e-01,9.134384989738464355e-02,1.847000000000000000e+03,1.925687988281250000e+03
-1.000000014901161194e-01,3.221365213394165039e-01,-5.423587933182716370e-02,5.127106904983520508e-01,5.850332975387573242e-01,1.302669048309326172e-01,1.299000000000000000e+03,1.441153198242187500e+03
-2.500000000000000000e-01,-2.204144299030303955e-01,-2.223055996000766754e-02,2.257960885763168335e-01,1.170097351074218750e+00,5.219516530632972717e-02,4.590000000000000000e+03,5.399135253906250000e+03
-1.000000014901161194e-01,0.000000000000000000e+00,-1.925075985491275787e-02,4.675689041614532471e-01,1.253816723823547363e+00,5.828059837222099304e-02,4.392000000000000000e+03,5.002199707031250000e+03
-5.683409571647644043e-01,-6.590732932090759277e-02,-7.540481090545654297e-01,-1.804039925336837769e-01,7.751303911209106445e-01,6.147998943924903870e-02,2.182000000000000000e+03,2.351465087890625000e+03
-5.000000074505805969e-02,-5.000000074505805969e-02,6.117708981037139893e-02,1.190842315554618835e-01,1.155754327774047852e+00,5.735034123063087463e-02,4.446000000000000000e+03,4.581420410156250000e+03
2.145627290010452271e-01,5.000000074505805969e-02,3.268147632479667664e-02,-1.198960617184638977e-01,9.968599677085876465e-01,8.472128957509994507e-02,2.883000000000000000e+03,3.059705566406250000e+03
-5.000000074505805969e-02,5.000000074505805969e-02,2.447304129600524902e-01,3.350395262241363525e-01,1.214721798896789551e+00,5.871960893273353577e-02,4.626000000000000000e+03,5.140401367187500000e+03
0.000000000000000000e+00,4.183419048786163330e-02,-6.449772119522094727e-01,1.510234475135803223e-01,1.236611604690551758e+00,5.427813157439231873e-02,5.390000000000000000e+03,6.815104492187500000e+03
-1.500000059604644775e-01,-1.159073337912559509e-01,-9.304816275835037231e-02,-6.096914783120155334e-02,8.811258673667907715e-01,7.936759293079376221e-02,3.201000000000000000e+03,3.226712646484375000e+03
9.482004493474960327e-02,-5.000000074505805969e-02,2.778380364179611206e-02,2.028103768825531006e-01,1.163249254226684570e+00,5.643412098288536072e-02,4.685000000000000000e+03,4.918648925781250000e+03
-1.000000014901161194e-01,5.000000074505805969e-02,2.546351253986358643e-01,1.389964967966079712e-01,1.182262182235717773e+00,6.361313909292221069e-02,4.845000000000000000e+03,5.299041015625000000e+03
-5.000000074505805969e-02,-5.000000074505805969e-02,1.417743563652038574e-01,4.088555276393890381e-01,1.170817017555236816e+00,6.115777418017387390e-02,4.706000000000000000e+03,5.523259277343750000e+03
2.872454822063446045e-01,0.000000000000000000e+00,5.306586250662803650e-02,-1.353561431169509888e-01,8.710983395576477051e-01,7.618580013513565063e-02,2.885000000000000000e+03,3.157619384765625000e+03
-2.000000029802322388e-01,3.562291860580444336e-01,-1.388463228940963745e-01,5.244466662406921387e-01,1.058220148086547852e+00,5.627943202853202820e-02,4.366000000000000000e+03,4.490087402343750000e+03
-8.165807463228702545e-03,2.145627290010452271e-01,-1.099708210676908493e-02,-2.505846619606018066e-01,1.221490383148193359e+00,5.863169208168983459e-02,4.575000000000000000e+03,5.217969238281250000e+03
1.764043420553207397e-01,-1.000000014901161194e-01,4.642827436327934265e-02,-4.374813139438629150e-01,1.075140237808227539e+00,7.000351697206497192e-02,4.160000000000000000e+03,4.618900390625000000e+03
2.145627290010452271e-01,-2.500000000000000000e-01,5.512520670890808105e-01,-3.558007478713989258e-01,9.062961935997009277e-01,6.472308933734893799e-02,3.533000000000000000e+03,4.050808349609375000e+03
0.000000000000000000e+00,0.000000000000000000e+00,1.503353565931320190e-01,1.401430275291204453e-02,1.268130779266357422e+00,6.052976846694946289e-02,5.034000000000000000e+03,5.105231445312500000e+03
0.000000000000000000e+00,-1.500000059604644775e-01,-2.884052991867065430e-01,-1.867705434560775757e-01,1.047099351882934570e+00,6.095212325453758240e-02,3.691000000000000000e+03,3.970185302734375000e+03
-2.500000000000000000e-01,-1.500000059604644775e-01,-2.121972292661666870e-01,-1.120895370841026306e-01,8.551257252693176270e-01,7.931626588106155396e-02,2.869000000000000000e+03,2.880284179687500000e+03
-1.000000014901161194e-01,-2.000000029802322388e-01,-1.044559031724929810e-01,-3.804939389228820801e-01,5.876955986022949219e-01,8.744006603956222534e-02,1.975000000000000000e+03,2.157022460937500000e+03
-1.500000059604644775e-01,1.366542428731918335e-01,2.772585153579711914e-01,-1.462769061326980591e-01,1.128798961639404297e+00,7.505789399147033691e-02,3.534000000000000000e+03,4.230807617187500000e+03
2.145627290010452271e-01,-3.151089549064636230e-01,3.448389172554016113e-01,-2.730365991592407227e-01,9.994831681251525879e-01,5.794630199670791626e-02,4.064000000000000000e+03,4.139940429687500000e+03
5.000000074505805969e-02,9.482004493474960327e-02,-3.700431063771247864e-02,-2.608343362808227539e-01,1.096951842308044434e+00,5.550294369459152222e-02,4.469000000000000000e+03,4.954148437500000000e+03
5.000000074505805969e-02,-5.000000074505805969e-02,2.659286372363567352e-02,-1.253291070461273193e-01,8.465989828109741211e-01,6.679232418537139893e-02,2.668000000000000000e+03,2.691176269531250000e+03
-1.500000059604644775e-01,-5.000000074505805969e-02,-3.690758049488067627e-01,3.196840882301330566e-01,1.099041461944580078e+00,5.972594767808914185e-02,4.278000000000000000e+03,4.909785156250000000e+03
-5.000000074505805969e-02,5.000000074505805969e-02,2.149146609008312225e-02,1.008769199252128601e-01,3.859926760196685791e-01,9.799489378929138184e-02,9.290000000000000000e+02,9.765211791992187500e+02
6.672313809394836426e-01,8.665423840284347534e-02,9.042062163352966309e-01,-7.423478364944458008e-02,7.029455304145812988e-01,6.981580704450607300e-02,3.033000000000000000e+03,3.517960693359375000e+03
9.482004493474960327e-02,4.482004791498184204e-02,3.893428742885589600e-01,5.745113492012023926e-01,1.239100813865661621e+00,6.069795414805412292e-02,5.289000000000000000e+03,6.495475585937500000e+03
0.000000000000000000e+00,5.000000074505805969e-02,1.796542704105377197e-01,-3.161372840404510498e-01,1.275228381156921387e+00,5.367814004421234131e-02,5.553000000000000000e+03,6.108898437500000000e+03
9.482004493474960327e-02,-5.000000074505805969e-02,7.895247638225555420e-02,4.572764635086059570e-01,1.247897386550903320e+00,6.235868111252784729e-02,4.546000000000000000e+03,5.270147460937500000e+03
9.482004493474960327e-02,-5.000000074505805969e-02,6.057948991656303406e-02,3.992179930210113525e-01,1.035448908805847168e+00,6.074427813291549683e-02,3.394000000000000000e+03,4.010462646484375000e+03
9.482004493474960327e-02,0.000000000000000000e+00,5.182129144668579102e-01,-2.946254611015319824e-01,1.233935952186584473e+00,5.826507508754730225e-02,4.883000000000000000e+03,5.705954101562500000e+03
-3.151089549064636230e-01,-2.000000029802322388e-01,-6.479528546333312988e-01,1.625110357999801636e-01,9.886953234672546387e-01,7.807968556880950928e-02,3.279000000000000000e+03,4.052707031250000000e+03
4.482004791498184204e-02,-5.000000074505805969e-02,3.737502396106719971e-01,-2.619310021400451660e-01,7.437529563903808594e-01,3.321258723735809326e-01,3.144000000000000000e+03,3.968930908203125000e+03
-2.000000029802322388e-01,2.145627290010452271e-01,-1.057447865605354309e-01,3.838742077350616455e-01,4.835231304168701172e-01,8.617001026868820190e-02,1.377000000000000000e+03,1.590628051757812500e+03
9.482004493474960327e-02,0.000000000000000000e+00,2.819710075855255127e-01,5.486131086945533752e-02,1.020282745361328125e+00,5.617517977952957153e-02,4.300000000000000000e+03,4.455786132812500000e+03
0.000000000000000000e+00,-5.000000074505805969e-02,3.411714136600494385e-01,-7.262702286243438721e-02,9.098294973373413086e-01,5.845799669623374939e-02,3.550000000000000000e+03,4.035704589843750000e+03
0.000000000000000000e+00,1.764043420553207397e-01,-3.288949728012084961e-01,5.351448655128479004e-01,1.070790886878967285e+00,5.532310530543327332e-02,4.248000000000000000e+03,5.088718261718750000e+03
5.481259822845458984e-01,-1.419351249933242798e-02,5.786569714546203613e-01,6.495588272809982300e-02,9.604405760765075684e-01,6.837002933025360107e-02,3.416000000000000000e+03,3.442510009765625000e+03
-3.000000119209289551e-01,5.000000074505805969e-02,-2.769733667373657227e-01,1.417490392923355103e-01,7.036926150321960449e-01,6.091178581118583679e-02,2.055000000000000000e+03,2.091940673828125000e+03
1.366542428731918335e-01,-2.000000029802322388e-01,-1.154049113392829895e-01,2.874541794881224632e-03,1.141974210739135742e+00,5.890237912535667419e-02,4.127000000000000000e+03,4.451761230468750000e+03
-5.816580727696418762e-02,-5.000000074505805969e-02,1.774177104234695435e-01,8.297677338123321533e-02,7.582056522369384766e-01,6.461323797702789307e-02,2.854000000000000000e+03,3.207068115234375000e+03
-1.184162404388189316e-02,-5.000000074505805969e-02,1.038647443056106567e-01,-1.696444675326347351e-02,1.260693430900573730e+00,5.809992551803588867e-02,3.934000000000000000e+03,3.969691162109375000e+03
-3.000000119209289551e-01,1.366542428731918335e-01,-3.399375081062316895e-01,-3.902682960033416748e-01,1.033111095428466797e+00,7.376146316528320312e-02,3.383000000000000000e+03,4.224586914062500000e+03
3.896152675151824951e-01,5.000000074505805969e-02,5.393360853195190430e-01,1.155252009630203247e-01,9.566311240196228027e-01,6.124744936823844910e-02,4.327000000000000000e+03,4.452348632812500000e+03
-1.024989411234855652e-02,2.145627290010452271e-01,-3.961969912052154541e-01,1.050974726676940918e-01,9.477390050888061523e-01,5.730018764734268188e-02,3.540000000000000000e+03,4.150181152343750000e+03
9.482004493474960327e-02,5.000000074505805969e-02,4.432033300399780273e-01,2.356216460466384888e-01,1.194828271865844727e+00,6.009893491864204407e-02,4.925000000000000000e+03,5.449002441406250000e+03
9.482004493474960327e-02,4.183419048786163330e-02,9.710923582315444946e-02,2.049172073602676392e-01,8.706234097480773926e-01,6.930672377347946167e-02,3.024000000000000000e+03,3.129182128906250000e+03
1.366542428731918335e-01,-1.500000059604644775e-01,2.730325162410736084e-01,8.928574621677398682e-03,1.140712738037109375e+00,5.898515880107879639e-02,4.680000000000000000e+03,4.836173339843750000e+03
3.562291860580444336e-01,-1.500000059604644775e-01,2.743755578994750977e-01,-7.779902219772338867e-02,9.843818545341491699e-01,6.941679120063781738e-02,3.275000000000000000e+03,3.315113769531250000e+03
9.482004493474960327e-02,-3.659073412418365479e-01,2.049631625413894653e-01,-3.967500925064086914e-01,1.057171106338500977e+00,6.518916040658950806e-02,3.845000000000000000e+03,3.889925781250000000e+03
-5.000000074505805969e-02,5.000000074505805969e-02,5.994774699211120605e-01,-1.018808707594871521e-01,1.268398284912109375e+00,6.166698783636093140e-02,4.589000000000000000e+03,5.788481445312500000e+03
4.207952618598937988e-01,-1.823861002922058105e-01,4.092344641685485840e-01,-1.555722206830978394e-01,4.213411211967468262e-01,8.410760760307312012e-02,1.419000000000000000e+03,1.425812744140625000e+03
9.482004493474960327e-02,2.145627290010452271e-01,1.486590057611465454e-01,-1.846658140420913696e-01,1.011001706123352051e+00,5.947801098227500916e-02,3.997000000000000000e+03,4.610100585937500000e+03
-1.834094338119029999e-02,-4.166139364242553711e-01,6.016787141561508179e-02,-2.728025913238525391e-01,1.085343480110168457e+00,6.451717764139175415e-02,3.740000000000000000e+03,3.824618896484375000e+03
5.000000074505805969e-02,0.000000000000000000e+00,3.805545568466186523e-01,6.113192066550254822e-03,1.167431354522705078e+00,5.454381927847862244e-02,4.595000000000000000e+03,4.956588867187500000e+03
2.145627290010452271e-01,-1.312371436506509781e-02,3.092644214630126953e-01,-1.004803851246833801e-01,7.046457529067993164e-01,6.893853843212127686e-02,2.424000000000000000e+03,2.504407470703125000e+03
-1.102498918771743774e-01,-6.024989485740661621e-02,-8.910807967185974121e-02,3.531272336840629578e-02,9.128791093826293945e-01,6.781315058469772339e-02,3.431000000000000000e+03,3.470327636718750000e+03
-5.000000074505805969e-02,2.872454822063446045e-01,-1.101985201239585876e-01,3.373464941978454590e-01,7.562034726142883301e-01,7.246698439121246338e-02,2.535000000000000000e+03,2.562134277343750000e+03
0.000000000000000000e+00,-2.000000029802322388e-01,4.643130004405975342e-01,-4.292403459548950195e-01,1.212624907493591309e+00,6.615488231182098389e-02,4.947000000000000000e+03,5.815812500000000000e+03
1.366542428731918335e-01,2.872454822063446045e-01,4.849098026752471924e-01,2.102915793657302856e-01,1.169726967811584473e+00,5.923559889197349548e-02,5.199000000000000000e+03,5.672177246093750000e+03
5.000000074505805969e-02,3.975010663270950317e-02,3.623189926147460938e-01,-2.285621464252471924e-01,1.250266909599304199e+00,5.881011113524436951e-02,5.217000000000000000e+03,5.769835449218750000e+03
1.764043420553207397e-01,0.000000000000000000e+00,5.026091933250427246e-01,5.117851868271827698e-02,9.905115365982055664e-01,7.768663018941879272e-02,3.831000000000000000e+03,4.246887695312500000e+03
4.183419048786163330e-02,-1.500000059604644775e-01,2.431656271219253540e-01,3.495668172836303711e-01,1.234984159469604492e+00,6.250920146703720093e-02,5.166000000000000000e+03,6.111351074218750000e+03
-1.000000014901161194e-01,-1.207512170076370239e-01,-5.362513065338134766e-01,6.922678649425506592e-02,9.626592397689819336e-01,6.843134760856628418e-02,3.562000000000000000e+03,4.389931152343750000e+03
-1.500000059604644775e-01,5.000000074505805969e-02,-1.097005382180213928e-01,1.806217581033706665e-01,1.143969893455505371e+00,4.988924041390419006e-02,3.760000000000000000e+03,3.813669433593750000e+03
-2.000000029802322388e-01,1.366542428731918335e-01,-6.866049766540527344e-01,1.939221173524856567e-01,1.137694358825683594e+00,5.308997631072998047e-02,4.140000000000000000e+03,4.878041503906250000e+03
-1.000000014901161194e-01,0.000000000000000000e+00,-5.645468831062316895e-02,-5.357570201158523560e-02,1.117442965507507324e+00,5.242671817541122437e-02,4.396000000000000000e+03,4.412737792968750000e+03
-1.166139394044876099e-01,2.514390051364898682e-01,-3.147512376308441162e-01,2.730549275875091553e-01,1.080812811851501465e+00,6.328824162483215332e-02,3.967000000000000000e+03,4.100966796875000000e+03
-2.000000029802322388e-01,-1.024989411234855652e-02,1.839828193187713623e-01,-2.777838110923767090e-01,1.213528513908386230e+00,7.152117788791656494e-02,4.527000000000000000e+03,5.177974609375000000e+03
0.000000000000000000e+00,5.000000074505805969e-02,1.976940780878067017e-02,1.211278066039085388e-01,5.822564959526062012e-01,6.560923904180526733e-02,2.137000000000000000e+03,2.171335449218750000e+03
0.000000000000000000e+00,5.000000074505805969e-02,3.549501597881317139e-01,-1.147294342517852783e-01,1.237704396247863770e+00,5.817382037639617920e-02,5.081000000000000000e+03,5.577275390625000000e+03
-5.000000074505805969e-02,0.000000000000000000e+00,-4.596587419509887695e-01,-5.332285165786743164e-01,1.253383040428161621e+00,5.384411290287971497e-02,4.856000000000000000e+03,6.174880371093750000e+03
3.687628731131553650e-02,-4.000000059604644775e-01,-8.182368241250514984e-03,-4.688115119934082031e-01,8.489122986793518066e-01,6.663662195205688477e-02,2.653000000000000000e+03,2.677852294921875000e+03
1.366542428731918335e-01,-2.500000000000000000e-01,1.978587657213211060e-01,-4.183058142662048340e-01,8.839685320854187012e-01,7.617378979921340942e-02,3.331000000000000000e+03,3.466099609375000000e+03
9.482004493474960327e-02,5.000000074505805969e-02,2.523075342178344727e-01,-3.344412147998809814e-02,6.659106612205505371e-01,7.383649796247482300e-02,2.555000000000000000e+03,2.734915039062500000e+03
-6.419350951910018921e-02,-3.000000119209289551e-01,-4.794537425041198730e-01,-1.970933079719543457e-01,1.060729026794433594e+00,1.225568875670433044e-01,2.208000000000000000e+03,2.554453125000000000e+03
-5.000000074505805969e-02,5.000000074505805969e-02,-4.855327308177947998e-03,1.032024025917053223e-01,1.250284552574157715e+00,5.403177067637443542e-02,4.552000000000000000e+03,4.566097167968750000e+03
3.975010663270950317e-02,-1.500000059604644775e-01,-5.218093469738960266e-02,-1.441323161125183105e-01,8.985077142715454102e-01,5.898264423012733459e-02,2.717000000000000000e+03,2.745507324218750000e+03
3.562291860580444336e-01,-5.000000074505805969e-02,-4.542932286858558655e-02,-2.825370430946350098e-01,1.234004616737365723e+00,7.081325352191925049e-02,3.986000000000000000e+03,4.533455566406250000e+03
5.000000074505805969e-02,-5.000000074505805969e-02,-1.030573770403862000e-01,6.434521675109863281e-01,1.287660121917724609e+00,5.462552607059478760e-02,4.296000000000000000e+03,5.527790527343750000e+03
-2.000000029802322388e-01,1.366542428731918335e-01,-1.391685903072357178e-01,4.535515904426574707e-01,1.164094090461730957e+00,6.251252442598342896e-02,4.653000000000000000e+03,5.003396484375000000e+03
-1.184162404388189316e-02,2.145627290010452271e-01,8.911072462797164917e-02,2.384985685348510742e-01,4.545015990734100342e-01,7.491813600063323975e-02,1.462000000000000000e+03,1.537163940429687500e+03
0.000000000000000000e+00,-1.000000014901161194e-01,-1.028037630021572113e-02,2.769926488399505615e-01,9.300336241722106934e-01,5.289023742079734802e-02,3.377000000000000000e+03,3.912909423828125000e+03
-2.000000029802322388e-01,5.000000074505805969e-02,-8.633348345756530762e-02,-3.441960513591766357e-01,1.019498467445373535e+00,6.005408987402915955e-02,4.005000000000000000e+03,4.631048828125000000e+03
2.994404174387454987e-02,1.764043420553207397e-01,-3.572796881198883057e-01,2.457664757966995239e-01,1.106881260871887207e+00,6.416001170873641968e-02,4.147000000000000000e+03,4.656027832031250000e+03
-1.000000014901161194e-01,-2.000000029802322388e-01,4.155965149402618408e-01,8.461358398199081421e-02,1.164402365684509277e+00,5.754954367876052856e-02,4.176000000000000000e+03,5.191542480468750000e+03
-2.500000000000000000e-01,1.366542428731918335e-01,-3.837924003601074219e-01,1.065572872757911682e-01,9.993110895156860352e-01,7.270204275846481323e-02,3.340000000000000000e+03,3.402411865234375000e+03
-4.499999880790710449e-01,1.764043420553207397e-01,-4.918332993984222412e-01,6.060969233512878418e-01,1.090215325355529785e+00,5.933380872011184692e-02,4.637000000000000000e+03,5.340236816406250000e+03
4.862083792686462402e-01,-1.641935110092163086e-01,4.069905877113342285e-01,-2.016933262348175049e-01,5.517785549163818359e-01,6.770424544811248779e-02,1.907000000000000000e+03,1.954847290039062500e+03
8.169633150100708008e-02,1.764043420553207397e-01,4.542499482631683350e-01,5.067486781626939774e-03,1.050794243812561035e+00,5.603362992405891418e-02,4.415000000000000000e+03,5.064543457031250000e+03
9.482004493474960327e-02,-2.131237089633941650e-01,-8.605342358350753784e-02,9.145649522542953491e-02,1.193604707717895508e+00,5.731949955224990845e-02,4.890000000000000000e+03,5.311272949218750000e+03
-5.000000074505805969e-02,0.000000000000000000e+00,-1.055142134428024292e-01,-7.132500410079956055e-02,1.067179918289184570e+00,6.284637004137039185e-02,3.917000000000000000e+03,3.944984863281250000e+03
-5.000000074505805969e-02,2.145627290010452271e-01,-3.361586481332778931e-02,1.315182149410247803e-01,6.341298222541809082e-01,6.178503856062889099e-02,2.171000000000000000e+03,2.209418457031250000e+03
1.764043420553207397e-01,1.764043420553207397e-01,-1.454291399568319321e-02,4.887487590312957764e-01,1.066424846649169922e+00,7.143786549568176270e-02,4.654000000000000000e+03,5.188255859375000000e+03
-1.500000059604644775e-01,-2.000000029802322388e-01,-3.324967324733734131e-01,-1.889344900846481323e-01,7.990952730178833008e-01,7.031128555536270142e-02,3.147000000000000000e+03,3.309609619140625000e+03
-1.000000014901161194e-01,-2.500000000000000000e-01,1.904481649398803711e-02,-2.052700221538543701e-01,1.190359711647033691e+00,5.589824169874191284e-02,5.035000000000000000e+03,5.092159179687500000e+03
-4.000000059604644775e-01,-4.499999880790710449e-01,-5.222089886665344238e-01,-6.716566532850265503e-02,9.491711258888244629e-01,1.388735622167587280e-01,1.969000000000000000e+03,2.308391845703125000e+03
9.482004493474960327e-02,-1.000000014901161194e-01,8.029928058385848999e-02,-1.095893755555152893e-01,1.242742657661437988e+00,5.604043230414390564e-02,4.068000000000000000e+03,4.068797607421875000e+03
-1.834094338119029999e-02,0.000000000000000000e+00,1.462695747613906860e-01,3.922989368438720703e-01,1.242702722549438477e+00,5.281768366694450378e-02,4.854000000000000000e+03,5.409008789062500000e+03
8.815837651491165161e-02,8.073761314153671265e-02,-2.619548141956329346e-01,-1.032828986644744873e-01,1.245150089263916016e+00,6.465627253055572510e-02,5.090000000000000000e+03,5.591260253906250000e+03
-1.000000014901161194e-01,-1.000000014901161194e-01,-1.738257706165313721e-02,-4.620423540472984314e-02,7.476485967636108398e-01,5.556850507855415344e-02,2.771000000000000000e+03,2.818885253906250000e+03
-5.000000074505805969e-02,5.000000074505805969e-02,-2.569115757942199707e-01,-1.915282458066940308e-01,1.050263643264770508e+00,7.452125847339630127e-02,4.316000000000000000e+03,4.703894042968750000e+03
-3.000000119209289551e-01,3.528741300106048584e-01,-5.393834710121154785e-01,5.907253623008728027e-01,6.707519292831420898e-01,6.494899094104766846e-02,2.720000000000000000e+03,3.374014648437500000e+03
1.764043420553207397e-01,5.000000074505805969e-02,2.613477110862731934e-01,-1.851346939802169800e-01,8.991430401802062988e-01,5.867803469300270081e-02,3.674000000000000000e+03,3.953130126953125000e+03
1.366542428731918335e-01,-5.000000074505805969e-02,-5.864440277218818665e-02,5.277605652809143066e-01,1.199068546295166016e+00,6.113402917981147766e-02,4.675000000000000000e+03,5.824860351562500000e+03
5.000000074505805969e-02,5.000000074505805969e-02,1.726183444261550903e-01,5.330795049667358398e-01,1.236155152320861816e+00,6.408040970563888550e-02,5.004000000000000000e+03,5.789167968750000000e+03
9.482004493474960327e-02,5.000000074505805969e-02,-1.042870357632637024e-01,-2.842629849910736084e-01,1.262557387351989746e+00,5.856752395629882812e-02,5.241000000000000000e+03,5.728077148437500000e+03
5.000000074505805969e-02,-5.000000074505805969e-02,-2.724782228469848633e-01,-2.429872006177902222e-01,1.273363590240478516e+00,5.747644230723381042e-02,5.252000000000000000e+03,5.700619628906250000e+03
1.366542428731918335e-01,0.000000000000000000e+00,2.569447159767150879e-01,-2.761473692953586578e-02,8.685837984085083008e-01,5.687487497925758362e-02,3.221000000000000000e+03,3.285909423828125000e+03
2.145627290010452271e-01,0.000000000000000000e+00,2.847075760364532471e-01,-3.698282837867736816e-01,1.186130046844482422e+00,2.533149719238281250e-01,1.853000000000000000e+03,2.035482421875000000e+03
1.764043420553207397e-01,0.000000000000000000e+00,4.771458208560943604e-01,-1.860036998987197876e-01,7.170559763908386230e-01,6.454773992300033569e-02,3.182000000000000000e+03,3.918831542968750000e+03
2.145627290010452271e-01,-5.816580727696418762e-02,3.818900510668754578e-02,1.598981618881225586e-01,1.154117822647094727e+00,6.112080812454223633e-02,4.612000000000000000e+03,4.880205566406250000e+03
-3.659073412418365479e-01,1.366542428731918335e-01,-3.382181525230407715e-01,2.292672246694564819e-01,6.052118539810180664e-01,1.236944496631622314e-01,2.052000000000000000e+03,2.104182128906250000e+03
4.545493423938751221e-01,1.247640922665596008e-01,5.622853636741638184e-01,9.551594406366348267e-02,8.291113972663879395e-01,6.477709859609603882e-02,3.069000000000000000e+03,3.124600585937500000e+03
5.000000074505805969e-02,2.514390051364898682e-01,1.431874036788940430e-01,2.689005434513092041e-01,1.170638203620910645e+00,6.616882979869842529e-02,4.244000000000000000e+03,4.271818359375000000e+03
0.000000000000000000e+00,2.145627290010452271e-01,1.751997619867324829e-01,2.556608319282531738e-01,8.882182240486145020e-01,5.519103631377220154e-02,3.634000000000000000e+03,3.781388916015625000e+03
-3.000000119209289551e-01,2.872454822063446045e-01,-6.363520026206970215e-01,-6.118813157081604004e-02,9.008669853210449219e-01,9.190341085195541382e-02,3.062000000000000000e+03,3.896841796875000000e+03
2.145627290010452271e-01,-2.000000029802322388e-01,7.851750254631042480e-01,-2.608285248279571533e-01,1.168399095535278320e+00,6.476674973964691162e-02,4.469000000000000000e+03,5.496107421875000000e+03
-1.500000059604644775e-01,0.000000000000000000e+00,2.774331271648406982e-01,2.797725796699523926e-01,1.220463871955871582e+00,6.033910438418388367e-02,4.254000000000000000e+03,4.970945800781250000e+03
8.338605612516403198e-02,5.000000074505805969e-02,3.292555212974548340e-01,1.295712441205978394e-01,7.954881191253662109e-01,6.354925781488418579e-02,2.774000000000000000e+03,3.059739013671875000e+03
5.000000074505805969e-02,-5.000000074505805969e-02,3.961639404296875000e-01,2.487405836582183838e-01,1.195433735847473145e+00,5.484677106142044067e-02,4.790000000000000000e+03,5.468354003906250000e+03
0.000000000000000000e+00,5.000000074505805969e-02,-5.391604900360107422e-01,-5.749221891164779663e-02,1.268640875816345215e+00,5.774997919797897339e-02,5.228000000000000000e+03,6.170509277343750000e+03
-2.000000029802322388e-01,0.000000000000000000e+00,-3.143136799335479736e-01,3.782603889703750610e-02,4.853018522262573242e-01,7.920194417238235474e-02,1.570000000000000000e+03,1.665320312500000000e+03
-1.618416309356689453e-01,-4.000000059604644775e-01,-2.761844694614410400e-01,-4.739787578582763672e-01,6.556684374809265137e-01,1.032013669610023499e-01,2.123000000000000000e+03,2.213446533203125000e+03
1.764043420553207397e-01,2.145627290010452271e-01,1.445277333259582520e-01,1.158018112182617188e-01,1.230760693550109863e+00,5.731294304132461548e-02,4.609000000000000000e+03,4.641533203125000000e+03
5.000000074505805969e-02,8.975010365247726440e-02,4.932080507278442383e-01,5.783576145768165588e-02,1.200148463249206543e+00,5.565939098596572876e-02,4.524000000000000000e+03,5.126507812500000000e+03
-2.500000000000000000e-01,3.489103168249130249e-02,-2.095684558153152466e-01,-2.495170757174491882e-02,1.049520611763000488e+00,5.886486545205116272e-02,3.912000000000000000e+03,3.930508300781250000e+03
0.000000000000000000e+00,0.000000000000000000e+00,1.199048012495040894e-01,5.527954101562500000e-01,1.219667196273803711e+00,6.294847279787063599e-02,4.521000000000000000e+03,5.449754394531250000e+03
-3.000000119209289551e-01,2.872454822063446045e-01,-4.751767218112945557e-01,3.815280497074127197e-01,6.582108139991760254e-01,9.798887372016906738e-02,2.164000000000000000e+03,2.357669433593750000e+03
-1.000000014901161194e-01,1.366542428731918335e-01,5.136280506849288940e-02,1.683299392461776733e-01,8.861183524131774902e-01,7.525983452796936035e-02,2.904000000000000000e+03,2.991905029296875000e+03
-2.641935050487518311e-01,5.000000074505805969e-02,-1.886578649282455444e-01,5.065952613949775696e-02,8.959319591522216797e-01,6.413431465625762939e-02,3.529000000000000000e+03,3.553909912109375000e+03
-5.000000074505805969e-02,1.764043420553207397e-01,2.374565899372100830e-01,2.443812936544418335e-01,1.081108450889587402e+00,6.295323371887207031e-02,4.189000000000000000e+03,4.496149902343750000e+03
0.000000000000000000e+00,0.000000000000000000e+00,-1.350325196981430054e-01,-1.183669362217187881e-02,1.234502077102661133e+00,6.246118992567062378e-02,4.254000000000000000e+03,4.305137695312500000e+03
-2.106863260269165039e-02,-4.000000059604644775e-01,-2.026256918907165527e-01,-5.182348489761352539e-01,1.016012430191040039e+00,6.571722030639648438e-02,4.502000000000000000e+03,4.704354003906250000e+03
4.545493423938751221e-01,4.862083792686462402e-01,7.008107304573059082e-01,7.545735836029052734e-01,9.715039730072021484e-01,4.886121302843093872e-02,3.966000000000000000e+03,4.506539550781250000e+03
-5.000000074505805969e-02,5.000000074505805969e-02,-3.009628653526306152e-01,1.785029023885726929e-01,1.171179175376892090e+00,5.925602838397026062e-02,4.700000000000000000e+03,4.968083984375000000e+03
2.145627290010452271e-01,0.000000000000000000e+00,3.384267389774322510e-01,4.279218241572380066e-02,1.098944306373596191e+00,5.709736421704292297e-02,4.336000000000000000e+03,4.397354492187500000e+03
-1.500000059604644775e-01,-5.000000074505805969e-02,-1.431927382946014404e-01,-5.507954359054565430e-01,1.122126817703247070e+00,6.070475652813911438e-02,4.517000000000000000e+03,5.378228027343750000e+03
3.580648824572563171e-02,3.580648824572563171e-02,3.976026922464370728e-02,5.010629072785377502e-02,1.289974451065063477e+00,6.284216791391372681e-02,4.928000000000000000e+03,4.928651855468750000e+03
0.000000000000000000e+00,0.000000000000000000e+00,1.218777894973754883e-01,-2.726985812187194824e-01,1.156243324279785156e+00,6.062019243836402893e-02,4.816000000000000000e+03,5.132646484375000000e+03
0.000000000000000000e+00,9.482004493474960327e-02,-1.339014619588851929e-01,2.920585870742797852e-01,1.229884743690490723e+00,5.587745830416679382e-02,5.474000000000000000e+03,5.678093750000000000e+03
9.482004493474960327e-02,0.000000000000000000e+00,2.089897096157073975e-01,-2.334752082824707031e-01,7.872539162635803223e-01,8.614151924848556519e-02,2.601000000000000000e+03,2.877737060546875000e+03
-6.312371790409088135e-02,1.764043420553207397e-01,-1.913172192871570587e-02,2.947958111763000488e-01,1.204811453819274902e+00,9.187442809343338013e-02,3.266000000000000000e+03,3.301657470703125000e+03
0.000000000000000000e+00,3.221365213394165039e-01,1.055647507309913635e-01,5.282531976699829102e-01,6.622725129127502441e-01,8.696576207876205444e-02,2.610000000000000000e+03,2.920462646484375000e+03
-1.500000059604644775e-01,2.924878522753715515e-02,3.448531925678253174e-01,2.433301508426666260e-01,1.173611879348754883e+00,6.697908788919448853e-02,4.491000000000000000e+03,5.396541503906250000e+03
-5.000000074505805969e-02,5.000000074505805969e-02,2.923676073551177979e-01,-1.448217779397964478e-01,1.272151112556457520e+00,5.722371488809585571e-02,5.365000000000000000e+03,5.867771484375000000e+03
-6.590732932090759277e-02,-1.000000014901161194e-01,-6.963254511356353760e-02,-2.137887626886367798e-01,4.560485482215881348e-01,8.064982295036315918e-02,1.713000000000000000e+03,1.817993652343750000e+03
-1.000000014901161194e-01,-1.000000014901161194e-01,-4.790222644805908203e-01,1.242471411824226379e-01,8.869557976722717285e-01,6.961514800786972046e-02,3.235000000000000000e+03,3.992601318359375000e+03
-5.816580727696418762e-02,-1.500000059604644775e-01,1.536021083593368530e-01,-5.539309382438659668e-01,8.993043303489685059e-01,7.167994230985641479e-02,2.947000000000000000e+03,3.666380859375000000e+03
5.000000074505805969e-02,2.145627290010452271e-01,-2.037167996168136597e-01,6.379072070121765137e-01,1.157770633697509766e+00,5.902587249875068665e-02,4.528000000000000000e+03,5.320255859375000000e+03
3.562291860580444336e-01,-3.000000119209289551e-01,4.182090461254119873e-01,-2.028839662671089172e-03,9.039253592491149902e-01,6.193272769451141357e-02,3.552000000000000000e+03,3.943830566406250000e+03
0.000000000000000000e+00,3.032695502042770386e-02,5.606831610202789307e-02,-2.938468456268310547e-01,1.280236959457397461e+00,5.780233815312385559e-02,5.157000000000000000e+03,5.492940429687500000e+03
0.000000000000000000e+00,0.000000000000000000e+00,1.838940531015396118e-01,-1.554679274559020996e-01,1.038839697837829590e+00,6.182036176323890686e-02,4.217000000000000000e+03,4.440423339843750000e+03
-2.188199907541275024e-01,2.514390051364898682e-01,-2.874356806278228760e-01,2.204755544662475586e-01,5.349646210670471191e-01,8.193147927522659302e-02,2.356000000000000000e+03,2.402427001953125000e+03
2.434940934181213379e-01,2.863134443759918213e-02,2.573210895061492920e-01,1.520753949880599976e-01,9.594107866287231445e-01,5.307152867317199707e-02,3.577000000000000000e+03,3.636862792968750000e+03
5.000000074505805969e-02,4.482004791498184204e-02,1.440472453832626343e-01,-1.633338630199432373e-02,1.044546484947204590e+00,6.864969432353973389e-02,2.954000000000000000e+03,2.987859863281250000e+03
-1.500000059604644775e-01,5.000000074505805969e-02,-2.724800407886505127e-01,8.900077641010284424e-02,8.173302412033081055e-01,6.769160181283950806e-02,3.246000000000000000e+03,3.325805664062500000e+03
5.000000074505805969e-02,0.000000000000000000e+00,4.776342809200286865e-01,1.296648234128952026e-01,1.083590865135192871e+00,6.466627866029739380e-02,4.121000000000000000e+03,4.797514160156250000e+03
-5.000000074505805969e-02,-1.000000014901161194e-01,8.365483023226261139e-03,2.189253717660903931e-01,9.434655308723449707e-01,5.788384750485420227e-02,4.117000000000000000e+03,4.589611328125000000e+03
8.815837651491165161e-02,0.000000000000000000e+00,1.099319532513618469e-01,-4.545872211456298828e-01,1.241022706031799316e+00,5.743911862373352051e-02,5.342000000000000000e+03,6.039835449218750000e+03
-3.347273170948028564e-01,-6.999999880790710449e-01,-3.239460885524749756e-01,-7.170017957687377930e-01,4.577160775661468506e-01,9.452883154153823853e-02,1.856000000000000000e+03,1.859605468750000000e+03
0.000000000000000000e+00,1.366542428731918335e-01,3.563023209571838379e-01,-1.448952853679656982e-01,1.263616561889648438e+00,6.070335209369659424e-02,4.863000000000000000e+03,5.474065917968750000e+03
-6.692624092102050781e-01,-1.500000059604644775e-01,-5.116944313049316406e-01,-3.631922304630279541e-01,9.632276296615600586e-01,6.253199279308319092e-02,2.675000000000000000e+03,2.873778320312500000e+03
-5.816580727696418762e-02,5.000000074505805969e-02,3.084557354450225830e-01,-1.979688256978988647e-01,1.253475427627563477e+00,6.067800894379615784e-02,4.650000000000000000e+03,5.214099609375000000e+03
-2.500000000000000000e-01,-1.500000059604644775e-01,5.016329139471054077e-02,-7.650075107812881470e-02,9.509638547897338867e-01,6.496728956699371338e-02,3.003000000000000000e+03,3.312327392578125000e+03
0.000000000000000000e+00,5.000000074505805969e-02,-1.512223929166793823e-01,1.474772840738296509e-01,1.182039618492126465e+00,6.481403112411499023e-02,4.751000000000000000e+03,4.860780761718750000e+03
-2.000000029802322388e-01,5.000000074505805969e-02,-2.265696674585342407e-01,1.539905071258544922e-01,1.230671048164367676e+00,5.781175196170806885e-02,5.121000000000000000e+03,5.159826660156250000e+03
-5.000000074505805969e-02,9.482004493474960327e-02,-3.474514484405517578e-01,2.873839735984802246e-01,1.116425633430480957e+00,6.561249494552612305e-02,4.234000000000000000e+03,4.650961914062500000e+03
8.409266918897628784e-02,9.482004493474960327e-02,5.047855973243713379e-01,2.972119748592376709e-01,1.032060146331787109e+00,8.046841621398925781e-02,3.295000000000000000e+03,3.939855468750000000e+03
-5.000000074505805969e-02,-6.510896980762481689e-02,-2.692773342132568359e-01,1.739431023597717285e-01,1.270633220672607422e+00,6.127009168267250061e-02,4.900000000000000000e+03,5.214776855468750000e+03
5.000000074505805969e-02,5.000000074505805969e-02,3.789249807596206665e-02,-3.157175481319427490e-01,1.188734650611877441e+00,6.052318215370178223e-02,5.065000000000000000e+03,5.533760742187500000e+03
-3.000000119209289551e-01,0.000000000000000000e+00,-6.939526647329330444e-02,-1.487345695495605469e-01,9.565979838371276855e-01,6.639065593481063843e-02,3.040000000000000000e+03,3.285552978515625000e+03
5.173884034156799316e-01,6.280741095542907715e-02,7.557030916213989258e-01,-2.067806720733642578e-01,7.980411052703857422e-01,1.225446239113807678e-01,2.872000000000000000e+03,3.431979003906250000e+03
-5.000000074505805969e-02,1.366542428731918335e-01,2.157985568046569824e-01,-2.048073709011077881e-02,1.173117637634277344e+00,6.031394377350807190e-02,5.197000000000000000e+03,5.551495117187500000e+03
5.000000074505805969e-02,-1.000000014901161194e-01,8.089766651391983032e-02,3.573537170886993408e-01,1.146781444549560547e+00,6.378375738859176636e-02,4.049000000000000000e+03,4.674792968750000000e+03
9.482004493474960327e-02,-3.000000119209289551e-01,-8.418041467666625977e-02,-7.298696637153625488e-01,1.169733166694641113e+00,6.880362331867218018e-02,4.404000000000000000e+03,5.076978515625000000e+03
-1.500000059604644775e-01,-1.000000014901161194e-01,-5.844115465879440308e-02,-2.484033554792404175e-01,1.098773837089538574e+00,6.139785423874855042e-02,3.378000000000000000e+03,3.462755126953125000e+03
-1.881999336183071136e-02,-1.102498918771743774e-01,2.430376857519149780e-01,-1.463519781827926636e-01,1.218298196792602539e+00,5.929829180240631104e-02,4.893000000000000000e+03,5.121184570312500000e+03
4.223684668540954590e-01,-2.641935050487518311e-01,7.020768523216247559e-02,-3.071600496768951416e-01,7.386286854743957520e-01,6.625947356224060059e-02,2.528000000000000000e+03,3.083454833984375000e+03
-1.000000014901161194e-01,1.366542428731918335e-01,-2.914283275604248047e-01,2.458588453009724617e-03,1.184402346611022949e+00,6.631553173065185547e-02,4.198000000000000000e+03,4.359933593750000000e+03
1.306265294551849365e-01,-1.000000014901161194e-01,8.880910277366638184e-02,-7.679834961891174316e-01,1.229191184043884277e+00,5.640431866049766541e-02,4.442000000000000000e+03,5.686294433593750000e+03
5.000000074505805969e-02,5.000000074505805969e-02,2.526711523532867432e-01,-2.320312410593032837e-01,9.507970809936523438e-01,7.030735164880752563e-02,3.852000000000000000e+03,4.351311523437500000e+03
4.482004791498184204e-02,-1.000000014901161194e-01,-4.299337863922119141e-01,-5.198658630251884460e-02,1.194267272949218750e+00,6.387004256248474121e-02,4.628000000000000000e+03,5.340580078125000000e+03
0.000000000000000000e+00,5.000000074505805969e-02,-2.930751442909240723e-01,-1.977190375328063965e-02,1.177609443664550781e+00,6.716687977313995361e-02,4.950000000000000000e+03,5.269473144531250000e+03
-2.000000029802322388e-01,1.366542428731918335e-01,-3.915166854858398438e-01,6.960699707269668579e-02,1.180857062339782715e+00,8.256252110004425049e-02,3.552000000000000000e+03,3.656206298828125000e+03
1.366542428731918335e-01,-1.000000014901161194e-01,2.575314342975616455e-01,-4.631658494472503662e-01,1.083076238632202148e+00,5.933701619505882263e-02,4.484000000000000000e+03,5.027961914062500000e+03
-1.500000059604644775e-01,8.032695204019546509e-02,-1.858668476343154907e-01,7.925472408533096313e-02,7.763522863388061523e-01,6.007981300354003906e-02,3.016000000000000000e+03,3.022405517578125000e+03
-3.499999940395355225e-01,-5.179951898753643036e-03,-3.331608772277832031e-01,-3.309457302093505859e-01,9.817408919334411621e-01,6.063033640384674072e-02,4.263000000000000000e+03,4.722081054687500000e+03
9.482004493474960327e-02,-2.131237089633941650e-01,1.965278089046478271e-01,-2.053265869617462158e-01,4.768713414669036865e-01,8.957272768020629883e-02,1.833000000000000000e+03,1.915826416015625000e+03
-1.500000059604644775e-01,1.366542428731918335e-01,-1.907901614904403687e-01,2.504484057426452637e-01,1.075752973556518555e+00,5.574031919240951538e-02,3.817000000000000000e+03,3.865071044921875000e+03
-5.000000074505805969e-02,-5.000000074505805969e-02,-6.588669866323471069e-02,3.634039312601089478e-02,1.124824523925781250e+00,5.774208530783653259e-02,3.755000000000000000e+03,3.777793701171875000e+03
9.482004493474960327e-02,5.000000074505805969e-02,1.794257611036300659e-01,-3.324517905712127686e-01,1.016435384750366211e+00,6.362310051918029785e-02,3.851000000000000000e+03,4.404767089843750000e+03
5.000000074505805969e-02,0.000000000000000000e+00,-3.309158086776733398e-01,1.772687137126922607e-01,1.282235622406005859e+00,6.394737958908081055e-02,5.089000000000000000e+03,5.621771484375000000e+03
-4.000000059604644775e-01,-5.000000074505805969e-02,-4.133175611495971680e-01,-1.366981118917465210e-01,1.089385271072387695e+00,5.776232853531837463e-02,4.201000000000000000e+03,4.228191894531250000e+03
-1.830366626381874084e-02,-2.131237089633941650e-01,-1.698749065399169922e-01,-4.111097753047943115e-01,1.083236455917358398e+00,6.812246888875961304e-02,3.809000000000000000e+03,4.007802734375000000e+03
-1.000000014901161194e-01,-1.102498918771743774e-01,-4.697854220867156982e-01,-3.730052709579467773e-01,8.993674516677856445e-01,1.255130320787429810e-01,2.247000000000000000e+03,2.789326171875000000e+03
-1.724679581820964813e-02,1.366542428731918335e-01,-9.855382889509201050e-02,1.790314316749572754e-01,6.054021716117858887e-01,8.586739003658294678e-02,1.865000000000000000e+03,1.907494506835937500e+03
-5.500000119209289551e-01,1.366542428731918335e-01,-6.316270828247070312e-01,1.560599952936172485e-01,7.630790472030639648e-01,5.723091214895248413e-02,2.955000000000000000e+03,2.990522460937500000e+03
0.000000000000000000e+00,1.764043420553207397e-01,-1.355856359004974365e-01,2.148142009973526001e-01,6.369743347167968750e-01,6.015635654330253601e-02,2.253000000000000000e+03,2.361957031250000000e+03
3.562291860580444336e-01,-2.651089727878570557e-01,3.158497512340545654e-01,-1.912627220153808594e-01,6.573029160499572754e-01,5.864972621202468872e-02,2.193000000000000000e+03,2.228817626953125000e+03
3.975010663270950317e-02,-5.000000074505805969e-02,3.985125720500946045e-01,3.232528865337371826e-01,1.234077095985412598e+00,5.459310859441757202e-02,4.889000000000000000e+03,5.716061523437500000e+03
-1.590733230113983154e-02,-1.500000059604644775e-01,5.435870885848999023e-01,-3.368349671363830566e-01,1.193220973014831543e+00,6.267122179269790649e-02,4.692000000000000000e+03,5.782582031250000000e+03
1.764043420553207397e-01,2.145627290010452271e-01,1.637721508741378784e-01,3.737804293632507324e-01,8.717643618583679199e-01,5.928538367152214050e-02,3.523000000000000000e+03,3.640563720703125000e+03
0.000000000000000000e+00,9.482004493474960327e-02,-6.412202119827270508e-02,4.014287292957305908e-01,1.025134444236755371e+00,5.934169143438339233e-02,4.363000000000000000e+03,4.761757812500000000e+03
1.366542428731918335e-01,5.000000074505805969e-02,2.594334483146667480e-01,7.293937355279922485e-02,9.084239006042480469e-01,6.701114773750305176e-02,2.889000000000000000e+03,2.943399902343750000e+03
-2.000000029802322388e-01,-1.166139394044876099e-01,8.220807462930679321e-02,-4.727931320667266846e-01,1.074203968048095703e+00,6.599108129739761353e-02,3.513000000000000000e+03,4.118527343750000000e+03
-5.000000074505805969e-02,-1.000000014901161194e-01,1.171101331710815430e-01,-1.427396237850189209e-01,7.342396974563598633e-01,5.826367065310478210e-02,2.648000000000000000e+03,2.792531982421875000e+03
5.000000074505805969e-02,-1.000000014901161194e-01,4.588953554630279541e-01,-1.095699984580278397e-02,1.203533530235290527e+00,6.448548287153244019e-02,4.693000000000000000e+03,5.244674804687500000e+03
1.764043420553207397e-01,0.000000000000000000e+00,1.910475194454193115e-01,3.652504980564117432e-01,1.191051721572875977e+00,5.946864932775497437e-02,4.768000000000000000e+03,5.207434082031250000e+03
3.562291860580444336e-01,1.764043420553207397e-01,6.880928874015808105e-01,3.226312994956970215e-01,9.595382809638977051e-01,9.382937848567962646e-02,2.972000000000000000e+03,3.383332763671875000e+03
8.032695204019546509e-02,0.000000000000000000e+00,-3.135503530502319336e-01,3.831518292427062988e-01,1.253565907478332520e+00,5.898607894778251648e-02,4.415000000000000000e+03,5.228978027343750000e+03
2.872454822063446045e-01,5.481259822845458984e-01,5.543814897537231445e-01,4.830974340438842773e-01,7.999129891395568848e-01,6.710403412580490112e-02,2.900000000000000000e+03,3.234228027343750000e+03
-2.000000029802322388e-01,-1.000000014901161194e-01,3.227509930729866028e-02,-3.438977897167205811e-01,8.093076348304748535e-01,8.130384236574172974e-02,2.623000000000000000e+03,3.060117187500000000e+03
1.700402945280075073e-01,2.872454822063446045e-01,1.586824357509613037e-01,2.352730035781860352e-01,4.340713918209075928e-01,7.121305912733078003e-02,1.203000000000000000e+03,1.221079101562500000e+03
0.000000000000000000e+00,0.000000000000000000e+00,-6.045299395918846130e-02,4.099210500717163086e-01,1.098508715629577637e+00,7.090697437524795532e-02,4.008000000000000000e+03,4.560594238281250000e+03
0.000000000000000000e+00,0.000000000000000000e+00,-7.229163497686386108e-02,-4.611301235854625702e-03,1.263492941856384277e+00,6.117472797632217407e-02,4.398000000000000000e+03,4.412371093750000000e+03
0.000000000000000000e+00,-8.165807463228702545e-03,2.915714681148529053e-01,2.725390791893005371e-01,1.233869075775146484e+00,5.931472033262252808e-02,4.548000000000000000e+03,5.026063964843750000e+03
-1.000000014901161194e-01,-1.500000059604644775e-01,1.135587096214294434e-01,-3.749831020832061768e-02,9.700514674186706543e-01,7.619404792785644531e-02,3.350000000000000000e+03,3.554358398437500000e+03
9.482004493474960327e-02,0.000000000000000000e+00,4.687996208667755127e-01,-1.456610262393951416e-01,1.253035068511962891e+00,5.726326629519462585e-02,4.798000000000000000e+03,5.278316894531250000e+03
0.000000000000000000e+00,0.000000000000000000e+00,-3.550317585468292236e-01,2.125446498394012451e-01,1.254499316215515137e+00,5.253071337938308716e-02,5.129000000000000000e+03,5.672510253906250000e+03
0.000000000000000000e+00,-5.000000074505805969e-02,1.564515233039855957e-01,-7.366688549518585205e-02,1.287307620048522949e+00,5.559840425848960876e-02,4.042000000000000000e+03,4.102744628906250000e+03
-5.000000074505805969e-02,2.514390051364898682e-01,3.991862386465072632e-02,-9.670935571193695068e-02,1.162850975990295410e+00,5.782836675643920898e-02,4.548000000000000000e+03,4.974208007812500000e+03
-1.618416309356689453e-01,-2.500000000000000000e-01,-1.837656497955322266e-01,-1.266448050737380981e-01,8.623265624046325684e-01,6.287935376167297363e-02,3.475000000000000000e+03,3.548186523437500000e+03
-3.692623972892761230e-01,-1.000000014901161194e-01,-1.935530006885528564e-01,6.834089756011962891e-02,8.366583585739135742e-01,5.676475539803504944e-02,2.939000000000000000e+03,3.182627685546875000e+03
9.482004493474960327e-02,-2.000000029802322388e-01,-6.678549200296401978e-02,2.592637836933135986e-01,1.186814546585083008e+00,5.601246654987335205e-02,4.832000000000000000e+03,5.616334960937500000e+03
-2.500000000000000000e-01,-1.000000014901161194e-01,-3.317273557186126709e-01,1.632814964978024364e-04,9.506391882896423340e-01,5.825975537300109863e-02,3.131000000000000000e+03,3.188611328125000000e+03
-1.510896813124418259e-02,-4.000000059604644775e-01,-1.476690024137496948e-01,-5.080707073211669922e-01,6.714408993721008301e-01,9.617953747510910034e-02,2.435000000000000000e+03,2.590697021484375000e+03
2.514390051364898682e-01,1.764043420553207397e-01,-3.723532659932971001e-03,5.516551733016967773e-01,1.094989418983459473e+00,6.585583835840225220e-02,3.571000000000000000e+03,4.161646972656250000e+03
2.994404174387454987e-02,5.000000074505805969e-02,-6.801637411117553711e-01,-1.725845634937286377e-01,1.267038106918334961e+00,5.714378878474235535e-02,4.833000000000000000e+03,6.393918457031250000e+03
0.000000000000000000e+00,5.000000074505805969e-02,3.648495674133300781e-01,7.272706367075443268e-03,1.270148873329162598e+00,5.561415851116180420e-02,4.944000000000000000e+03,5.350314941406250000e+03
-1.500000059604644775e-01,9.482004493474960327e-02,2.691308259963989258e-01,6.400649547576904297e-01,1.203234434127807617e+00,1.015713140368461609e-01,3.490000000000000000e+03,4.559911621093750000e+03
1.764043420553207397e-01,4.183419048786163330e-02,2.721243798732757568e-01,-5.612797662615776062e-02,8.718269467353820801e-01,7.054126262664794922e-02,3.596000000000000000e+03,3.684410644531250000e+03
0.000000000000000000e+00,2.145627290010452271e-01,3.670320510864257812e-01,-8.833563327789306641e-02,1.162550568580627441e+00,6.612718105316162109e-02,4.732000000000000000e+03,5.497217285156250000e+03
-3.499999940395355225e-01,0.000000000000000000e+00,-3.120936453342437744e-01,-8.504427969455718994e-02,7.535504698753356934e-01,7.234017550945281982e-02,2.176000000000000000e+03,2.208979736328125000e+03
2.872454822063446045e-01,7.971107959747314453e-02,7.070209980010986328e-01,4.944255575537681580e-02,9.023764729499816895e-01,6.042806059122085571e-02,3.314000000000000000e+03,4.002464111328125000e+03
0.000000000000000000e+00,1.366542428731918335e-01,1.574910581111907959e-01,1.036060154438018799e-01,9.415404796600341797e-01,5.286901444196701050e-02,3.503000000000000000e+03,3.604478271484375000e+03
0.000000000000000000e+00,0.000000000000000000e+00,3.445726633071899414e-02,-1.129666268825531006e-01,1.278663039207458496e+00,6.276296824216842651e-02,4.712000000000000000e+03,4.752038574218750000e+03
3.221365213394165039e-01,2.145627290010452271e-01,3.482261598110198975e-01,2.072955220937728882e-01,8.614829182624816895e-01,6.721261143684387207e-02,3.061000000000000000e+03,3.064042724609375000e+03
-1.024989411234855652e-02,-2.500000000000000000e-01,5.556471645832061768e-02,1.187647208571434021e-01,8.631320595741271973e-01,5.878411978483200073e-02,3.395000000000000000e+03,4.009344970703125000e+03
-1.000000014901161194e-01,5.000000074505805969e-02,3.920812904834747314e-01,-3.417393192648887634e-02,1.029559612274169922e+00,5.807870998978614807e-02,3.853000000000000000e+03,4.715584960937500000e+03
9.482004493474960327e-02,9.482004493474960327e-02,2.050982713699340820e-01,2.406336739659309387e-02,7.441531419754028320e-01,7.106107473373413086e-02,2.540000000000000000e+03,2.618329101562500000e+03
-2.075121551752090454e-02,-1.000000014901161194e-01,-1.907099783420562744e-01,-2.252171048894524574e-03,9.936754703521728516e-01,7.092049717903137207e-02,3.715000000000000000e+03,3.858302490234375000e+03
2.514390051364898682e-01,2.872454822063446045e-01,3.620575740933418274e-02,2.408760599792003632e-02,1.096381545066833496e+00,6.717593967914581299e-02,4.033000000000000000e+03,4.412520507812500000e+03
-5.000000074505805969e-02,1.764043420553207397e-01,6.926002353429794312e-02,3.420228958129882812e-01,1.188652634620666504e+00,7.619724422693252563e-02,4.041000000000000000e+03,4.159552246093750000e+03
5.000000074505805969e-02,0.000000000000000000e+00,-2.411369830369949341e-01,-4.104819893836975098e-01,1.242926478385925293e+00,5.572880804538726807e-02,4.996000000000000000e+03,5.785850585937500000e+03
0.000000000000000000e+00,0.000000000000000000e+00,2.766813337802886963e-01,2.388200722634792328e-02,1.282229185104370117e+00,5.877356603741645813e-02,4.610000000000000000e+03,4.823864746093750000e+03
0.000000000000000000e+00,2.145627290010452271e-01,1.054321750998497009e-01,2.076314389705657959e-01,6.982992887496948242e-01,6.532987207174301147e-02,2.603000000000000000e+03,2.662310058593750000e+03
1.688351184129714966e-01,1.366542428731918335e-01,-1.148486882448196411e-01,1.263625770807266235e-01,9.752308130264282227e-01,7.498851418495178223e-02,3.696000000000000000e+03,4.003699462890625000e+03
-1.000000014901161194e-01,-1.000000014901161194e-01,-2.205598950386047363e-01,-1.990832388401031494e-01,9.749774932861328125e-01,5.891526117920875549e-02,3.383000000000000000e+03,3.469029296875000000e+03
0.000000000000000000e+00,-5.000000074505805969e-02,3.951625227928161621e-01,8.833689987659454346e-02,1.274244070053100586e+00,6.127722933888435364e-02,5.470000000000000000e+03,6.047309082031250000e+03
9.482004493474960327e-02,-5.000000074505805969e-02,-1.727961748838424683e-01,-1.865783184766769409e-01,1.222134232521057129e+00,5.588357523083686829e-02,4.865000000000000000e+03,5.154793457031250000e+03
-2.141935080289840698e-01,-6.184162572026252747e-02,4.645030945539474487e-02,-4.754763245582580566e-01,1.001959323883056641e+00,7.178663462400436401e-02,3.765000000000000000e+03,4.617416015625000000e+03
9.482004493474960327e-02,-1.000000014901161194e-01,-1.085648387670516968e-01,-2.480793893337249756e-01,6.259324550628662109e-01,6.018209457397460938e-02,2.458000000000000000e+03,2.840778076171875000e+03
0.000000000000000000e+00,2.145627290010452271e-01,2.353184521198272705e-01,-4.236358217895030975e-03,1.112193703651428223e+00,6.488409638404846191e-02,3.473000000000000000e+03,3.757193847656250000e+03
-5.000000074505805969e-02,5.000000074505805969e-02,-4.466944336891174316e-01,-2.608129680156707764e-01,1.246259331703186035e+00,5.807074159383773804e-02,5.375000000000000000e+03,6.224769531250000000e+03
0.000000000000000000e+00,-3.499999940395355225e-01,3.237560763955116272e-02,-8.451357483863830566e-02,8.195706009864807129e-01,6.524329632520675659e-02,2.880000000000000000e+03,3.179075927734375000e+03
4.482004791498184204e-02,0.000000000000000000e+00,-4.684037566184997559e-01,2.275338023900985718e-01,1.248327612876892090e+00,5.735447630286216736e-02,4.866000000000000000e+03,5.807715820312500000e+03
-1.500000059604644775e-01,1.366542428731918335e-01,-9.028410911560058594e-02,-2.301834709942340851e-02,7.460124492645263672e-01,6.052247434854507446e-02,2.989000000000000000e+03,3.143445556640625000e+03
1.366542428731918335e-01,-1.500000059604644775e-01,-1.367097068578004837e-02,-4.039762616157531738e-01,1.018661975860595703e+00,7.902140170335769653e-02,3.553000000000000000e+03,3.844997802734375000e+03
4.183419048786163330e-02,5.000000074505805969e-02,-6.334496140480041504e-01,1.313895434141159058e-01,1.208458423614501953e+00,6.181020662188529968e-02,4.507000000000000000e+03,5.850938476562500000e+03
-1.500000059604644775e-01,-1.500000059604644775e-01,-1.478135138750076294e-01,-5.013143178075551987e-03,1.058779001235961914e+00,6.822916120290756226e-02,3.743000000000000000e+03,3.812942382812500000e+03
8.118000626564025879e-02,-5.000000074505805969e-02,-4.528510197997093201e-02,3.164687156677246094e-01,1.267218112945556641e+00,7.355813682079315186e-02,4.583000000000000000e+03,5.003621582031250000e+03
-1.000000014901161194e-01,-5.000000074505805969e-02,1.291990280151367188e-02,-4.030953720211982727e-02,6.187512874603271484e-01,7.332037389278411865e-02,1.579000000000000000e+03,1.631691772460937500e+03
2.514390051364898682e-01,0.000000000000000000e+00,2.285801470279693604e-01,-1.729087531566619873e-01,1.027359724044799805e+00,7.614748179912567139e-02,3.696000000000000000e+03,3.801717041015625000e+03
2.514390051364898682e-01,0.000000000000000000e+00,5.830330848693847656e-01,-6.224171072244644165e-02,1.083791613578796387e+00,6.624598801136016846e-02,4.213000000000000000e+03,4.612764648437500000e+03
5.000000074505805969e-02,0.000000000000000000e+00,6.256371140480041504e-01,1.702554374933242798e-01,1.242144942283630371e+00,5.727468430995941162e-02,4.657000000000000000e+03,5.695680664062500000e+03
1.366542428731918335e-01,-1.000000014901161194e-01,2.739749550819396973e-01,-1.215521469712257385e-01,1.027806520462036133e+00,7.144135236740112305e-02,3.429000000000000000e+03,3.491607666015625000e+03
-1.500000059604644775e-01,-5.500000119209289551e-01,-4.051086008548736572e-01,-5.064421892166137695e-01,8.685023188591003418e-01,6.383731961250305176e-02,3.684000000000000000e+03,4.004086181640625000e+03
-1.102498918771743774e-01,-3.000000119209289551e-01,-7.969488948583602905e-02,-4.255446493625640869e-01,9.201322197914123535e-01,6.349431723356246948e-02,3.180000000000000000e+03,3.242195556640625000e+03
-2.500000000000000000e-01,-2.000000029802322388e-01,-2.712433338165283203e-01,-2.230170369148254395e-01,3.495753407478332520e-01,1.079788580536842346e-01,1.059000000000000000e+03,1.067506591796875000e+03
-2.183409482240676880e-01,4.545493423938751221e-01,-2.218472361564636230e-01,5.371145009994506836e-01,6.305666565895080566e-01,9.840989857912063599e-02,2.685000000000000000e+03,2.731030517578125000e+03
0.000000000000000000e+00,0.000000000000000000e+00,2.240498512983322144e-01,2.914254963397979736e-01,1.272949934005737305e+00,5.618157237768173218e-02,5.263000000000000000e+03,5.693668457031250000e+03
-1.312371436506509781e-02,-3.499999940395355225e-01,2.515125274658203125e-01,-4.549425840377807617e-01,1.082830786705017090e+00,6.164580583572387695e-02,4.141000000000000000e+03,4.422175292968750000e+03
5.000000074505805969e-02,-5.000000074505805969e-02,-3.813354298472404480e-02,-1.862996816635131836e-01,7.668567895889282227e-01,7.425923645496368408e-02,2.540000000000000000e+03,2.652359863281250000e+03
-1.000000014901161194e-01,-1.500000059604644775e-01,-3.485867977142333984e-01,1.881573796272277832e-01,1.216754913330078125e+00,5.772967264056205750e-02,5.345000000000000000e+03,5.963461914062500000e+03
0.000000000000000000e+00,5.000000074505805969e-02,1.090248152613639832e-01,-2.802682220935821533e-01,1.267599701881408691e+00,6.246468424797058105e-02,5.065000000000000000e+03,5.439707519531250000e+03
-8.165807463228702545e-03,-1.159073337912559509e-01,-1.357897073030471802e-01,-3.215116262435913086e-01,6.059821844100952148e-01,6.252886354923248291e-02,2.932000000000000000e+03,3.383444580078125000e+03
-5.000000074505805969e-02,-1.000000014901161194e-01,2.220406197011470795e-02,-1.801763474941253662e-01,1.171560764312744141e+00,6.051327288150787354e-02,4.497000000000000000e+03,4.535211914062500000e+03
-6.188200116157531738e-01,-2.000000029802322388e-01,-3.451751768589019775e-01,-3.396696448326110840e-01,6.908417344093322754e-01,7.507588714361190796e-02,2.098000000000000000e+03,2.496522949218750000e+03
9.482004493474960327e-02,0.000000000000000000e+00,5.144345164299011230e-01,-3.657810986042022705e-01,1.155322909355163574e+00,6.014125794172286987e-02,4.472000000000000000e+03,5.461975585937500000e+03
9.482004493474960327e-02,9.482004493474960327e-02,3.222099542617797852e-01,3.698293566703796387e-01,1.031095266342163086e+00,6.226831674575805664e-02,4.295000000000000000e+03,4.795916015625000000e+03
5.000000074505805969e-02,0.000000000000000000e+00,1.040329560637474060e-01,4.639380425214767456e-02,1.234724164009094238e+00,6.242485344409942627e-02,4.739000000000000000e+03,4.754759765625000000e+03
-5.000000074505805969e-02,9.482004493474960327e-02,1.572359204292297363e-01,-1.536770910024642944e-01,1.225972652435302734e+00,6.096217781305313110e-02,4.320000000000000000e+03,4.616022460937500000e+03
0.000000000000000000e+00,-5.000000074505805969e-02,4.830668866634368896e-02,-1.585288718342781067e-02,1.232796669006347656e+00,5.730130523443222046e-02,4.519000000000000000e+03,4.529454101562500000e+03
-5.000000074505805969e-02,-1.000000014901161194e-01,-3.091883063316345215e-01,-2.886475324630737305e-01,9.250129461288452148e-01,1.118794307112693787e-01,2.720000000000000000e+03,3.038483398437500000e+03
1.275732517242431641e-01,-1.500000059604644775e-01,1.312134861946105957e-01,-8.298008888959884644e-02,1.221034526824951172e+00,6.132306531071662903e-02,3.917000000000000000e+03,3.928912109375000000e+03
5.000000074505805969e-02,5.000000074505805969e-02,-6.300514936447143555e-01,-1.138740479946136475e-01,1.255854249000549316e+00,6.015094369649887085e-02,4.612000000000000000e+03,5.960492187500000000e+03
-2.500000000000000000e-01,-1.000000014901161194e-01,4.950121510773897171e-04,4.497913271188735962e-02,9.633508920669555664e-01,6.202728673815727234e-02,3.627000000000000000e+03,3.947519531250000000e+03
-5.816580727696418762e-02,0.000000000000000000e+00,-2.716447412967681885e-01,-2.891434729099273682e-01,1.138978481292724609e+00,7.186892628669738770e-02,3.520000000000000000e+03,3.862395019531250000e+03
4.183419048786163330e-02,2.514390051364898682e-01,2.035765200853347778e-01,4.452649652957916260e-01,1.021124005317687988e+00,5.301161482930183411e-02,4.344000000000000000e+03,4.605241699218750000e+03
8.665423840284347534e-02,-6.000000238418579102e-01,4.993740618228912354e-01,-4.841742515563964844e-01,8.621801733970642090e-01,6.105154752731323242e-02,2.693000000000000000e+03,3.326048339843750000e+03
-1.500000059604644775e-01,-5.000000074505805969e-02,-6.899941712617874146e-02,-4.416735470294952393e-01,9.625919461250305176e-01,7.219467312097549438e-02,3.466000000000000000e+03,4.041436767578125000e+03
2.514390051364898682e-01,-8.165807463228702545e-03,3.001121282577514648e-01,-1.629689782857894897e-01,1.167257666587829590e+00,5.722150951623916626e-02,3.949000000000000000e+03,4.025078125000000000e+03
-1.500000059604644775e-01,2.145627290010452271e-01,7.430157810449600220e-02,1.010984033346176147e-01,9.214440584182739258e-01,8.717732131481170654e-02,3.027000000000000000e+03,3.247959228515625000e+03
0.000000000000000000e+00,0.000000000000000000e+00,-2.253160066902637482e-02,4.967226088047027588e-02,1.289590358734130859e+00,5.847984924912452698e-02,4.991000000000000000e+03,4.999831542968750000e+03
-6.024989485740661621e-02,-6.967304646968841553e-02,-2.086907476186752319e-01,-3.700019717216491699e-01,1.140844345092773438e+00,5.392862483859062195e-02,5.075000000000000000e+03,5.504812500000000000e+03
2.145627290010452271e-01,-1.184162404388189316e-02,2.867301106452941895e-01,2.555099427700042725e-01,7.499756813049316406e-01,1.083944961428642273e-01,1.752000000000000000e+03,1.983537475585937500e+03
0.000000000000000000e+00,-1.000000014901161194e-01,5.077110528945922852e-01,1.423566788434982300e-01,1.247531890869140625e+00,5.734458938241004944e-02,4.522000000000000000e+03,5.403693847656250000e+03
1.366542428731918335e-01,5.000000074505805969e-02,4.039767757058143616e-02,3.271899819374084473e-01,1.168895483016967773e+00,5.246712267398834229e-02,4.788000000000000000e+03,5.085655761718750000e+03
2.145627290010452271e-01,1.345701515674591064e-01,3.136594295501708984e-01,-6.451502442359924316e-02,9.834637641906738281e-01,6.940929591655731201e-02,3.894000000000000000e+03,4.091184326171875000e+03
2.514390051364898682e-01,-1.312371436506509781e-02,3.845559656620025635e-01,-8.183599263429641724e-02,1.155981183052062988e+00,6.252010166645050049e-02,4.049000000000000000e+03,4.116761718750000000e+03
2.872454822063446045e-01,-2.000000029802322388e-01,1.374981105327606201e-01,-2.147830128669738770e-01,6.197632551193237305e-01,7.518664002418518066e-02,1.705000000000000000e+03,1.804152221679687500e+03
-2.000000029802322388e-01,1.366542428731918335e-01,-2.522196769714355469e-01,-1.902959495782852173e-01,1.168405532836914062e+00,5.909803509712219238e-02,4.061000000000000000e+03,4.380567382812500000e+03
9.482004493474960327e-02,-3.499999940395355225e-01,-2.592821232974529266e-02,-2.744026184082031250e-01,7.773875594139099121e-01,5.328163877129554749e-02,2.832000000000000000e+03,2.926504882812500000e+03
5.000000074505805969e-02,1.764043420553207397e-01,2.869580090045928955e-01,1.756870448589324951e-01,1.167754769325256348e+00,5.479790270328521729e-02,4.929000000000000000e+03,5.130017089843750000e+03
1.366542428731918335e-01,5.000000074505805969e-02,6.182320713996887207e-01,-2.733618915081024170e-01,1.178438186645507812e+00,7.224456965923309326e-02,4.676000000000000000e+03,5.754725585937500000e+03
-5.000000074505805969e-02,0.000000000000000000e+00,1.326392292976379395e-01,8.471363782882690430e-02,1.276949286460876465e+00,6.539950519800186157e-02,4.760000000000000000e+03,4.877826171875000000e+03
-1.000000014901161194e-01,9.482004493474960327e-02,-1.432055085897445679e-01,-2.888395786285400391e-01,1.040479540824890137e+00,2.421738505363464355e-01,1.542000000000000000e+03,1.748157592773437500e+03
-1.618416309356689453e-01,4.223684668540954590e-01,-7.975941896438598633e-02,4.265289604663848877e-01,4.289650917053222656e-01,1.849175542593002319e-01,1.140000000000000000e+03,1.181540283203125000e+03
-5.000000074505805969e-02,5.000000074505805969e-02,4.970287978649139404e-01,-7.797189801931381226e-02,1.278033018112182617e+00,6.022685021162033081e-02,4.669000000000000000e+03,5.536257812500000000e+03
1.764043420553207397e-01,-3.000000119209289551e-01,-5.121948942542076111e-02,-1.125438809394836426e-01,8.030658364295959473e-01,8.093979209661483765e-02,2.175000000000000000e+03,2.459124267578125000e+03
9.482004493474960327e-02,3.221365213394165039e-01,3.903940021991729736e-01,1.801219731569290161e-01,9.620625972747802734e-01,6.205253303050994873e-02,3.348000000000000000e+03,3.726274414062500000e+03
-1.796607524156570435e-01,3.896152675151824951e-01,-4.015784561634063721e-01,1.616921424865722656e-01,8.140042424201965332e-01,7.638499885797500610e-02,3.537000000000000000e+03,4.059352294921875000e+03
1.282061040401458740e-01,1.366542428731918335e-01,8.298590779304504395e-02,-2.645193040370941162e-02,6.822108626365661621e-01,5.742943659424781799e-02,2.553000000000000000e+03,2.708001953125000000e+03
3.815837576985359192e-02,4.862083792686462402e-01,-1.335198525339365005e-02,4.185240268707275391e-01,9.542362689971923828e-01,5.904195830225944519e-02,2.980000000000000000e+03,3.003665283203125000e+03
-5.000000074505805969e-02,-1.500000059604644775e-01,-3.020959496498107910e-01,-1.110574156045913696e-01,1.111456155776977539e+00,5.358253046870231628e-02,3.986000000000000000e+03,4.193000000000000000e+03
-2.659073472023010254e-01,-1.000000014901161194e-01,-7.462535798549652100e-02,1.720969676971435547e-01,9.660675525665283203e-01,8.436819911003112793e-02,3.383000000000000000e+03,3.772894042968750000e+03
0.000000000000000000e+00,0.000000000000000000e+00,-8.915543556213378906e-02,3.650236129760742188e-01,1.223960161209106445e+00,5.918741971254348755e-02,5.286000000000000000e+03,5.773174804687500000e+03
5.000000074505805969e-02,-2.000000029802322388e-01,2.090973407030105591e-01,-1.460924893617630005e-01,1.098647952079772949e+00,6.944451481103897095e-02,3.427000000000000000e+03,3.506741943359375000e+03
2.145627290010452271e-01,5.000000074505805969e-02,1.943846344947814941e-01,-4.406949281692504883e-01,1.084082007408142090e+00,5.961816385388374329e-02,4.210000000000000000e+03,5.037006347656250000e+03
0.000000000000000000e+00,1.366542428731918335e-01,1.964224502444267273e-03,1.355196982622146606e-01,8.597833514213562012e-01,5.829261615872383118e-02,3.535000000000000000e+03,3.535022216796875000e+03
0.000000000000000000e+00,-5.000000074505805969e-02,2.851167321205139160e-01,-4.242460429668426514e-01,1.223191738128662109e+00,6.050087139010429382e-02,4.497000000000000000e+03,5.141198242187500000e+03
-1.000000014901161194e-01,-1.000000014901161194e-01,-1.638811826705932617e-01,2.634851336479187012e-01,1.054340362548828125e+00,6.077986955642700195e-02,3.919000000000000000e+03,4.387008300781250000e+03
0.000000000000000000e+00,-5.000000074505805969e-02,1.540199816226959229e-01,-5.982653424143791199e-02,1.249621152877807617e+00,6.073926761746406555e-02,4.905000000000000000e+03,4.979340820312500000e+03
0.000000000000000000e+00,5.000000074505805969e-02,5.906233787536621094e-01,-2.843007445335388184e-01,1.217437744140625000e+00,6.659220159053802490e-02,4.073000000000000000e+03,5.263895019531250000e+03
-1.118416264653205872e-01,-1.500000059604644775e-01,2.438018471002578735e-02,-8.679415285587310791e-02,1.091278553009033203e+00,5.910902842879295349e-02,4.158000000000000000e+03,4.236294921875000000e+03
-2.000000029802322388e-01,-1.500000059604644775e-01,-2.429860532283782959e-01,-3.559828996658325195e-01,1.184810161590576172e+00,6.257575750350952148e-02,4.964000000000000000e+03,5.118977050781250000e+03
5.000000074505805969e-02,0.000000000000000000e+00,1.145707368850708008e-01,4.366808757185935974e-02,1.088350415229797363e+00,5.775697156786918640e-02,4.306000000000000000e+03,4.328212402343750000e+03
-1.000000014901161194e-01,5.000000074505805969e-02,7.891258597373962402e-02,-1.363767683506011963e-01,1.067176818847656250e+00,5.736518278717994690e-02,4.361000000000000000e+03,4.613387695312500000e+03
-1.000000014901161194e-01,5.000000074505805969e-02,-1.125009283423423767e-01,2.571623921394348145e-01,7.053415179252624512e-01,7.892890274524688721e-02,2.530000000000000000e+03,2.744270996093750000e+03
-1.500000059604644775e-01,-2.651089727878570557e-01,-2.008162289857864380e-01,-2.602224647998809814e-01,7.767579555511474609e-01,7.478592544794082642e-02,2.763000000000000000e+03,2.774943847656250000e+03
-2.000000029802322388e-01,-1.500000059604644775e-01,-3.256824314594268799e-01,-9.009705483913421631e-02,9.667777419090270996e-01,6.852392852306365967e-02,3.409000000000000000e+03,3.479238037109375000e+03
3.815837576985359192e-02,5.000000074505805969e-02,-1.274550259113311768e-01,4.568352103233337402e-01,1.186512231826782227e+00,6.244017556309700012e-02,4.776000000000000000e+03,5.412069335937500000e+03
-5.000000074505805969e-02,5.000000074505805969e-02,3.114704191684722900e-01,6.727854162454605103e-02,1.263399004936218262e+00,5.673239752650260925e-02,4.878000000000000000e+03,5.270309570312500000e+03
9.482004493474960327e-02,9.482004493474960327e-02,-6.003101542592048645e-02,1.041784137487411499e-01,9.970696568489074707e-01,7.720504701137542725e-02,3.444000000000000000e+03,3.526956054687500000e+03
1.366542428731918335e-01,-1.000000014901161194e-01,3.883106708526611328e-01,-2.188094854354858398e-01,1.094633936882019043e+00,7.601788640022277832e-02,2.672000000000000000e+03,2.842054687500000000e+03
5.000000074505805969e-02,5.000000074505805969e-02,3.679108917713165283e-01,-1.708393692970275879e-01,1.250301361083984375e+00,5.417263880372047424e-02,5.112000000000000000e+03,5.591062011718750000e+03
2.494537532329559326e-01,3.221365213394165039e-01,-4.658438637852668762e-02,2.177147418260574341e-01,7.885252237319946289e-01,6.436312198638916016e-02,2.735000000000000000e+03,3.152937500000000000e+03
-2.131237089633941650e-01,2.872454822063446045e-01,-3.500150144100189209e-01,1.808242797851562500e-01,1.131955981254577637e+00,5.887757986783981323e-02,4.615000000000000000e+03,4.722385253906250000e+03
8.489102870225906372e-02,5.000000074505805969e-02,4.279782250523567200e-02,-2.883917391300201416e-01,1.089838266372680664e+00,6.647454202175140381e-02,3.594000000000000000e+03,3.937865966796875000e+03
2.145627290010452271e-01,-1.500000059604644775e-01,3.796394467353820801e-01,-1.974616497755050659e-01,5.265248417854309082e-01,9.458146989345550537e-02,2.130000000000000000e+03,2.351191650390625000e+03
-1.024989411234855652e-02,-1.102498918771743774e-01,-4.133887887001037598e-01,1.770917475223541260e-01,1.228800535202026367e+00,6.156832352280616760e-02,4.835000000000000000e+03,5.593650390625000000e+03
-5.000000074505805969e-02,0.000000000000000000e+00,-1.236498504877090454e-01,1.624021828174591064e-01,5.916027426719665527e-01,7.507091760635375977e-02,1.786000000000000000e+03,1.945167846679687500e+03
-1.500000059604644775e-01,1.366542428731918335e-01,2.957366704940795898e-01,-1.222352012991905212e-01,1.260159850120544434e+00,6.044381484389305115e-02,4.471000000000000000e+03,5.191294433593750000e+03
2.514390051364898682e-01,9.482004493474960327e-02,2.717648744583129883e-01,2.224114686250686646e-01,8.494176268577575684e-01,6.336496770381927490e-02,3.547000000000000000e+03,3.628388671875000000e+03
-1.500000059604644775e-01,8.815837651491165161e-02,-1.226774081587791443e-01,1.142934858798980713e-01,1.241065859794616699e+00,6.401870399713516235e-02,4.350000000000000000e+03,4.354053222656250000e+03
1.764043420553207397e-01,5.000000074505805969e-02,1.000715419650077820e-01,1.251088231801986694e-01,6.240722537040710449e-01,8.261844515800476074e-02,2.073000000000000000e+03,2.133433837890625000e+03
8.815837651491165161e-02,0.000000000000000000e+00,4.498844742774963379e-01,-1.829728037118911743e-01,1.252935647964477539e+00,5.711460858583450317e-02,5.174000000000000000e+03,5.702636230468750000e+03
-5.000000074505805969e-02,5.000000074505805969e-02,3.360037878155708313e-02,1.115420311689376831e-01,1.267165780067443848e+00,6.121532246470451355e-02,4.682000000000000000e+03,4.713465820312500000e+03
-1.000000014901161194e-01,2.872454822063446045e-01,-1.395739763975143433e-01,3.114041984081268311e-01,1.085865974426269531e+00,5.294155329465866089e-02,3.984000000000000000e+03,3.991218994140625000e+03
1.366542428731918335e-01,-5.000000074505805969e-02,1.207023784518241882e-01,2.427198365330696106e-02,6.182855367660522461e-01,7.535935938358306885e-02,2.137000000000000000e+03,2.169115478515625000e+03
1.366542428731918335e-01,-2.000000029802322388e-01,1.053448319435119629e-01,-1.340550482273101807e-01,5.869701504707336426e-01,5.676704272627830505e-02,2.029000000000000000e+03,2.060273925781250000e+03
-1.500000059604644775e-01,-5.000000074505805969e-02,-2.326435595750808716e-01,-7.420967519283294678e-02,8.787180781364440918e-01,5.772397294640541077e-02,2.961000000000000000e+03,2.989328369140625000e+03
-1.500000059604644775e-01,-1.000000014901161194e-01,1.735861599445343018e-01,1.571976579725742340e-02,1.209635019302368164e+00,6.579598039388656616e-02,4.483000000000000000e+03,4.837319335937500000e+03
-2.005595900118350983e-02,-1.618416309356689453e-01,2.280664443969726562e-01,2.453143745660781860e-01,1.110661625862121582e+00,7.350983470678329468e-02,3.548000000000000000e+03,4.175792968750000000e+03
-1.500000059604644775e-01,-3.499999940395355225e-01,-1.237849220633506775e-01,-1.416668593883514404e-01,1.130566716194152832e+00,6.844855844974517822e-02,3.907000000000000000e+03,4.040514160156250000e+03
-1.000000014901161194e-01,5.000000074505805969e-02,-5.241595208644866943e-02,-8.075017482042312622e-02,7.548678517341613770e-01,7.049312442541122437e-02,2.343000000000000000e+03,2.422124023437500000e+03
-2.000000029802322388e-01,9.482004493474960327e-02,-7.208154350519180298e-02,9.816505014896392822e-02,1.092046022415161133e+00,5.936678126454353333e-02,4.289000000000000000e+03,4.347591796875000000e+03
5.173884034156799316e-01,8.815837651491165161e-02,4.978349506855010986e-01,1.826479434967041016e-01,7.401339411735534668e-01,5.639574676752090454e-02,2.313000000000000000e+03,2.352022460937500000e+03
9.482004493474960327e-02,5.000000074505805969e-02,-2.771114697679877281e-03,3.291318416595458984e-01,1.137320637702941895e+00,5.850562825798988342e-02,4.136000000000000000e+03,4.411727539062500000e+03
5.000000074505805969e-02,0.000000000000000000e+00,3.528819084167480469e-01,-3.321371972560882568e-01,9.817132353782653809e-01,6.345815211534500122e-02,3.551000000000000000e+03,4.264338867187500000e+03
1.735305190086364746e-01,-1.500000059604644775e-01,3.008989989757537842e-01,-1.699377149343490601e-01,1.026802539825439453e+00,7.485055178403854370e-02,3.447000000000000000e+03,3.501025390625000000e+03
0.000000000000000000e+00,5.000000074505805969e-02,-1.143003720790147781e-02,1.370916962623596191e-01,4.793394505977630615e-01,7.625932991504669189e-02,1.348000000000000000e+03,1.392983276367187500e+03
-1.500000059604644775e-01,9.482004493474960327e-02,-2.697204351425170898e-01,1.870987117290496826e-01,1.084320902824401855e+00,6.289743632078170776e-02,3.834000000000000000e+03,3.908423583984375000e+03
9.482004493474960327e-02,1.366542428731918335e-01,-2.152679115533828735e-01,-2.259531468152999878e-01,9.976851940155029297e-01,5.759998783469200134e-02,4.249000000000000000e+03,5.175635253906250000e+03
-1.500000059604644775e-01,7.994404435157775879e-02,-1.714369058609008789e-01,-2.021528482437133789e-01,1.239404320716857910e+00,5.783069133758544922e-02,4.790000000000000000e+03,5.036262207031250000e+03
2.872454822063446045e-01,-1.102498918771743774e-01,2.487802058458328247e-01,1.263994444161653519e-02,7.631373405456542969e-01,8.496573567390441895e-02,2.737000000000000000e+03,2.814292724609375000e+03
8.815837651491165161e-02,9.482004493474960327e-02,1.362398862838745117e-01,-2.535780966281890869e-01,1.256968736648559570e+00,6.510217487812042236e-02,4.488000000000000000e+03,4.833511718750000000e+03
-2.500000000000000000e-01,-1.500000059604644775e-01,-3.473401367664337158e-01,-3.012903034687042236e-01,1.086964130401611328e+00,6.680635362863540649e-02,4.111000000000000000e+03,4.222681640625000000e+03
5.000000074505805969e-02,3.221365213394165039e-01,9.393095225095748901e-02,3.731786012649536133e-01,5.128381848335266113e-01,6.438077986240386963e-02,2.194000000000000000e+03,2.231613037109375000e+03
-2.000000029802322388e-01,-1.618416309356689453e-01,7.032467518001794815e-03,-3.069138824939727783e-01,1.004958629608154297e+00,6.907140463590621948e-02,3.214000000000000000e+03,3.414748046875000000e+03
-3.499999940395355225e-01,9.482004493474960327e-02,-4.568967223167419434e-01,1.318164616823196411e-01,5.365960001945495605e-01,1.329168230295181274e-01,1.555000000000000000e+03,1.623420776367187500e+03
5.000000074505805969e-02,1.366542428731918335e-01,-1.445330977439880371e-01,3.665656447410583496e-01,8.240633606910705566e-01,1.066583767533302307e-01,2.630000000000000000e+03,2.970911132812500000e+03
1.366542428731918335e-01,2.514390051364898682e-01,1.826235204935073853e-01,4.470608234405517578e-01,7.447360157966613770e-01,6.625149399042129517e-02,2.662000000000000000e+03,2.852861572265625000e+03
7.037664204835891724e-02,-5.500000119209289551e-01,2.666627168655395508e-01,-5.908851027488708496e-01,7.574749588966369629e-01,9.874583035707473755e-02,1.994000000000000000e+03,2.131260498046875000e+03
-5.000000074505805969e-02,-1.000000014901161194e-01,-2.318636775016784668e-01,4.617526754736900330e-02,1.247055888175964355e+00,5.897342786192893982e-02,4.727000000000000000e+03,4.891416992187500000e+03
-2.641935050487518311e-01,-1.000000014901161194e-01,-2.057897597551345825e-01,-2.725110054016113281e-01,8.420054912567138672e-01,8.452092111110687256e-02,2.695000000000000000e+03,2.819371093750000000e+03
-5.000000074505805969e-02,1.764043420553207397e-01,-2.460750490427017212e-01,2.801944315433502197e-01,8.468654155731201172e-01,6.422629952430725098e-02,2.025000000000000000e+03,2.161870117187500000e+03
9.482004493474960327e-02,2.145627290010452271e-01,2.119059413671493530e-01,5.129762291908264160e-01,1.177838206291198730e+00,6.661981344223022461e-02,4.520000000000000000e+03,4.848469726562500000e+03
4.545493423938751221e-01,9.482004493474960327e-02,5.493462681770324707e-01,3.609797656536102295e-01,9.057503342628479004e-01,7.561242580413818359e-02,3.353000000000000000e+03,3.672482177734375000e+03
1.764043420553207397e-01,-5.179951898753643036e-03,2.121816426515579224e-01,9.442137181758880615e-02,1.056680917739868164e+00,6.152058020234107971e-02,4.400000000000000000e+03,4.443879882812500000e+03
3.687628731131553650e-02,1.366542428731918335e-01,3.460855484008789062e-01,-1.532494425773620605e-01,1.244849920272827148e+00,5.962975695729255676e-02,5.454000000000000000e+03,6.070221191406250000e+03
-1.000000014901161194e-01,-1.618416309356689453e-01,-2.569201588630676270e-01,-1.025026291608810425e-01,1.080830931663513184e+00,6.586053222417831421e-02,3.434000000000000000e+03,3.516148925781250000e+03
-8.165807463228702545e-03,0.000000000000000000e+00,4.394007325172424316e-01,4.720886796712875366e-02,1.273970246315002441e+00,6.451705843210220337e-02,4.824000000000000000e+03,5.409207519531250000e+03
9.482004493474960327e-02,0.000000000000000000e+00,4.317966103553771973e-02,-3.561953827738761902e-02,1.229100465774536133e+00,5.228442326188087463e-02,4.118000000000000000e+03,4.128759765625000000e+03
-2.407314069569110870e-02,4.223684668540954590e-01,-3.977673947811126709e-01,-2.766233310103416443e-02,1.037134408950805664e+00,6.532191485166549683e-02,3.898000000000000000e+03,5.064933105468750000e+03
0.000000000000000000e+00,0.000000000000000000e+00,8.908300101757049561e-02,-3.535439968109130859e-01,1.252736091613769531e+00,5.945321545004844666e-02,5.324000000000000000e+03,5.765331542968750000e+03
7.994404435157775879e-02,-5.000000074505805969e-02,4.022384285926818848e-01,-2.176445573568344116e-01,1.075092077255249023e+00,6.897275149822235107e-02,4.530000000000000000e+03,5.033726562500000000e+03
-1.500000059604644775e-01,-1.500000059604644775e-01,-3.311739563941955566e-01,-2.306309640407562256e-01,9.615472555160522461e-01,7.810579240322113037e-02,2.974000000000000000e+03,3.099334472656250000e+03
-3.000000119209289551e-01,-2.000000029802322388e-01,-4.620384573936462402e-01,2.486535813659429550e-03,8.592338562011718750e-01,7.200432568788528442e-02,3.037000000000000000e+03,3.307656494140625000e+03
3.562291860580444336e-01,1.366542428731918335e-01,2.751131057739257812e-01,2.450375854969024658e-01,8.811341524124145508e-01,1.097532957792282104e-01,3.720000000000000000e+03,3.807163818359375000e+03
1.366542428731918335e-01,-2.000000029802322388e-01,2.425575405359268188e-01,2.205565720796585083e-01,9.089288115501403809e-01,6.115055084228515625e-02,3.726000000000000000e+03,4.535544433593750000e+03
0.000000000000000000e+00,-1.000000014901161194e-01,1.491278409957885742e-01,-2.914882600307464600e-01,1.224460601806640625e+00,6.238141655921936035e-02,5.320000000000000000e+03,5.527532226562500000e+03
-5.816580727696418762e-02,-1.000000014901161194e-01,-1.656428426504135132e-01,-1.751046627759933472e-01,1.181285619735717773e+00,6.072186678647994995e-02,3.911000000000000000e+03,3.958903808593750000e+03
1.366542428731918335e-01,-1.024989411234855652e-02,1.510784178972244263e-01,2.819866836071014404e-01,1.129141211509704590e+00,6.319645047187805176e-02,3.684000000000000000e+03,3.927340576171875000e+03
-2.000000029802322388e-01,3.221365213394165039e-01,-1.003871560096740723e-01,3.757797479629516602e-01,6.447268724441528320e-01,9.198620170354843140e-02,1.766000000000000000e+03,1.820124877929687500e+03
5.000000074505805969e-02,5.000000074505805969e-02,-3.753627464175224304e-02,-1.749732345342636108e-01,1.180514574050903320e+00,6.026834994554519653e-02,4.261000000000000000e+03,4.437659179687500000e+03
5.000000074505805969e-02,1.366542428731918335e-01,-1.718816757202148438e-01,1.186637729406356812e-01,1.191114544868469238e+00,6.698444485664367676e-02,4.273000000000000000e+03,4.420754882812500000e+03
1.297110766172409058e-01,-2.000000029802322388e-01,3.957619071006774902e-01,-4.250079095363616943e-01,1.028384685516357422e+00,6.557773798704147339e-02,3.844000000000000000e+03,4.273154296875000000e+03
9.482004493474960327e-02,-1.500000059604644775e-01,1.837901473045349121e-01,-9.344534575939178467e-02,6.608674526214599609e-01,7.371594756841659546e-02,2.302000000000000000e+03,2.360147949218750000e+03
-5.000000074505805969e-02,0.000000000000000000e+00,-2.527653574943542480e-01,3.418402969837188721e-01,1.158565640449523926e+00,6.518435478210449219e-02,4.013000000000000000e+03,4.473672363281250000e+03
0.000000000000000000e+00,-2.500000000000000000e-01,-2.007530070841312408e-02,-3.703127205371856689e-01,9.728171229362487793e-01,6.873397529125213623e-02,3.632000000000000000e+03,3.688924804687500000e+03
4.183419048786163330e-02,4.482004791498184204e-02,-7.564242184162139893e-02,-2.005533576011657715e-01,9.684213995933532715e-01,6.269899755716323853e-02,4.634000000000000000e+03,4.992323242187500000e+03
-1.500000059604644775e-01,1.366542428731918335e-01,-8.769056200981140137e-02,2.583941519260406494e-01,1.117927074432373047e+00,6.615256518125534058e-02,4.023000000000000000e+03,4.082947265625000000e+03
-1.000000014901161194e-01,-5.000000074505805969e-02,2.060232013463973999e-01,-2.517940700054168701e-01,1.002809762954711914e+00,6.242411583662033081e-02,3.774000000000000000e+03,4.263200683593750000e+03
0.000000000000000000e+00,-5.000000074505805969e-02,5.877115577459335327e-02,3.281103372573852539e-01,1.271108984947204590e+00,6.271945685148239136e-02,4.806000000000000000e+03,5.232505859375000000e+03
4.183419048786163330e-02,-1.500000059604644775e-01,-2.746182382106781006e-01,-2.481368035078048706e-01,1.258761644363403320e+00,5.857259407639503479e-02,5.278000000000000000e+03,5.638020507812500000e+03
5.000000074505805969e-02,0.000000000000000000e+00,3.622765243053436279e-01,7.776153087615966797e-02,9.300133585929870605e-01,6.791412085294723511e-02,3.306000000000000000e+03,3.691571044921875000e+03
-2.500000000000000000e-01,5.000000074505805969e-02,-3.140488564968109131e-01,1.983397901058197021e-01,9.675396084785461426e-01,5.814748257398605347e-02,3.049000000000000000e+03,3.133458007812500000e+03
2.514390051364898682e-01,-2.500000000000000000e-01,1.195864900946617126e-01,-2.373041063547134399e-01,7.614709734916687012e-01,5.969570204615592957e-02,2.608000000000000000e+03,2.686454833984375000e+03
-1.000000014901161194e-01,5.000000074505805969e-02,-3.045848906040191650e-01,3.116615116596221924e-01,1.114721059799194336e+00,5.601624399423599243e-02,4.816000000000000000e+03,5.234440429687500000e+03
-5.000000074505805969e-02,4.482004791498184204e-02,-1.373495459556579590e-01,-3.143641948699951172e-01,1.249490618705749512e+00,6.097890064120292664e-02,5.034000000000000000e+03,5.465835449218750000e+03
9.482004493474960327e-02,0.000000000000000000e+00,6.672353744506835938e-01,-1.767045408487319946e-01,1.234716773033142090e+00,5.869467183947563171e-02,4.940000000000000000e+03,6.050087402343750000e+03
2.872454822063446045e-01,0.000000000000000000e+00,1.871961802244186401e-01,9.337577223777770996e-02,5.904626250267028809e-01,1.340289413928985596e-01,1.590000000000000000e+03,1.674240600585937500e+03
2.514390051364898682e-01,2.872454822063446045e-01,-6.583359092473983765e-02,4.315216243267059326e-01,1.000909090042114258e+00,6.686976552009582520e-02,3.778000000000000000e+03,4.223869628906250000e+03
-1.312371436506509781e-02,0.000000000000000000e+00,3.772537708282470703e-01,-3.281286731362342834e-02,1.253535985946655273e+00,6.139236316084861755e-02,4.649000000000000000e+03,5.093806152343750000e+03
4.545493423938751221e-01,6.083970069885253906e-01,6.158840656280517578e-01,5.647351145744323730e-01,7.183441519737243652e-01,1.768715083599090576e-01,2.325000000000000000e+03,2.449414306640625000e+03
-1.000000014901161194e-01,5.000000074505805969e-02,-1.735531687736511230e-01,1.644939780235290527e-01,1.158895969390869141e+00,6.621830165386199951e-02,4.846000000000000000e+03,4.912789062500000000e+03
9.482004493474960327e-02,-1.500000059604644775e-01,1.013734005391597748e-02,2.682496905326843262e-01,1.223059892654418945e+00,5.942039564251899719e-02,4.982000000000000000e+03,5.572285156250000000e+03
5.000000074505805969e-02,0.000000000000000000e+00,-3.687685728073120117e-01,-3.705809712409973145e-01,1.286669611930847168e+00,6.421527266502380371e-02,5.229000000000000000e+03,6.178759277343750000e+03
5.000000074505805969e-02,0.000000000000000000e+00,7.097562402486801147e-02,5.086872577667236328e-01,1.250254273414611816e+00,4.886011406779289246e-02,4.861000000000000000e+03,5.638248046875000000e+03
-1.500000059604644775e-01,0.000000000000000000e+00,3.536164164543151855e-01,-3.640982508659362793e-01,1.239314317703247070e+00,5.630251020193099976e-02,4.548000000000000000e+03,5.633334472656250000e+03
3.221365213394165039e-01,9.482004493474960327e-02,-2.142241410911083221e-02,-8.625934273004531860e-02,1.161671400070190430e+00,6.243686378002166748e-02,4.131000000000000000e+03,4.581258300781250000e+03
9.482004493474960327e-02,0.000000000000000000e+00,-2.661413550376892090e-01,-9.182186424732208252e-02,1.164083123207092285e+00,5.873801186680793762e-02,4.613000000000000000e+03,5.074796875000000000e+03
3.975010663270950317e-02,-5.000000074505805969e-02,1.752150943502783775e-03,-1.912218183279037476e-01,1.270751237869262695e+00,6.005903705954551697e-02,5.288000000000000000e+03,5.357701171875000000e+03
-3.499999940395355225e-01,-6.510896980762481689e-02,-4.882932603359222412e-01,-2.513237893581390381e-01,1.002834558486938477e+00,6.517689675092697144e-02,3.927000000000000000e+03,4.134022949218750000e+03
0.000000000000000000e+00,-5.000000074505805969e-02,2.483172565698623657e-01,1.486973613500595093e-01,1.238964200019836426e+00,5.655567348003387451e-02,4.677000000000000000e+03,4.980260742187500000e+03
3.687628731131553650e-02,2.145627290010452271e-01,4.454551041126251221e-01,1.252916604280471802e-01,1.107648730278015137e+00,6.449580192565917969e-02,4.522000000000000000e+03,5.145460449218750000e+03
9.482004493474960327e-02,1.748126149177551270e-01,4.215134978294372559e-01,-1.857071220874786377e-01,1.222198367118835449e+00,5.597266182303428650e-02,4.923000000000000000e+03,5.675287597656250000e+03
-1.000000014901161194e-01,3.118000738322734833e-02,-1.280626356601715088e-01,1.343524158000946045e-01,1.185480833053588867e+00,6.167192012071609497e-02,4.322000000000000000e+03,4.357114257812500000e+03
0.000000000000000000e+00,5.000000074505805969e-02,-2.458865493535995483e-01,-4.937689602375030518e-01,1.249742865562438965e+00,6.039801612496376038e-02,4.467000000000000000e+03,5.437540527343750000e+03
9.482004493474960327e-02,-1.000000014901161194e-01,4.880521297454833984e-01,-5.080778002738952637e-01,1.002895236015319824e+00,8.051884174346923828e-02,3.627000000000000000e+03,4.717100097656250000e+03
-1.500000059604644775e-01,8.815837651491165161e-02,1.014667749404907227e-01,6.374972313642501831e-02,1.005930185317993164e+00,6.297709792852401733e-02,3.728000000000000000e+03,3.959758789062500000e+03
9.482004493474960327e-02,9.482004493474960327e-02,5.840971469879150391e-01,-2.266759611666202545e-02,1.137464046478271484e+00,5.682598426938056946e-02,4.611000000000000000e+03,5.477127441406250000e+03
5.000000074505805969e-02,0.000000000000000000e+00,1.148388385772705078e-01,2.339480370283126831e-01,1.263574957847595215e+00,5.673825368285179138e-02,5.221000000000000000e+03,5.412344726562500000e+03
1.366542428731918335e-01,0.000000000000000000e+00,1.148470793850719929e-03,4.524892866611480713e-01,1.258356094360351562e+00,6.895735859870910645e-02,4.414000000000000000e+03,5.017915527343750000e+03
-5.000000074505805969e-02,3.896152675151824951e-01,-2.401248514652252197e-01,4.075832068920135498e-01,6.229865550994873047e-01,8.240939676761627197e-02,2.018000000000000000e+03,2.203209472656250000e+03
3.896152675151824951e-01,5.000000074505805969e-02,3.553089201450347900e-01,2.146005928516387939e-01,9.428456425666809082e-01,5.742584913969039917e-02,4.131000000000000000e+03,4.261560058593750000e+03
-1.000000014901161194e-01,0.000000000000000000e+00,-2.316682636737823486e-01,-6.484697014093399048e-02,1.030406951904296875e+00,5.906119942665100098e-02,3.808000000000000000e+03,3.884738525390625000e+03
0.000000000000000000e+00,-1.000000014901161194e-01,1.517914980649948120e-01,1.262409705668687820e-02,5.479071140289306641e-01,7.301550358533859253e-02,1.697000000000000000e+03,1.893357299804687500e+03
0.000000000000000000e+00,9.482004493474960327e-02,-1.857443712651729584e-02,-3.325905278325080872e-02,1.245537281036376953e+00,5.852077156305313110e-02,4.910000000000000000e+03,4.963079589843750000e+03
0.000000000000000000e+00,-1.000000014901161194e-01,-1.267386227846145630e-01,-7.993295788764953613e-02,1.145712256431579590e+00,6.662690639495849609e-02,4.416000000000000000e+03,4.471103515625000000e+03
0.000000000000000000e+00,0.000000000000000000e+00,1.009442806243896484e-01,4.063691198825836182e-01,1.268016576766967773e+00,5.194503813982009888e-02,5.317000000000000000e+03,5.882709960937500000e+03
0.000000000000000000e+00,9.482004493474960327e-02,7.046142220497131348e-02,9.486903995275497437e-02,1.269415378570556641e+00,6.442035734653472900e-02,4.715000000000000000e+03,4.729602050781250000e+03
-2.000000029802322388e-01,-3.196730315685272217e-01,4.898659512400627136e-02,-2.040359675884246826e-01,9.238629937171936035e-01,6.114863976836204529e-02,3.270000000000000000e+03,3.552911132812500000e+03
5.000000074505805969e-02,9.482004493474960327e-02,1.686053536832332611e-02,1.455498337745666504e-01,1.203669309616088867e+00,5.989231914281845093e-02,4.434000000000000000e+03,4.445133789062500000e+03
5.000000074505805969e-02,-2.641935050487518311e-01,7.203700393438339233e-02,-4.213856458663940430e-01,6.337532997131347656e-01,8.610606193542480469e-02,2.427000000000000000e+03,2.577169677734375000e+03
-3.499999940395355225e-01,1.297110766172409058e-01,-4.118227660655975342e-01,-5.157186836004257202e-02,1.154414176940917969e+00,6.570519506931304932e-02,3.890000000000000000e+03,3.996367187500000000e+03
-5.816580727696418762e-02,1.764043420553207397e-01,-2.208191752433776855e-01,-4.727155715227127075e-02,1.179154992103576660e+00,6.563507020473480225e-02,4.746000000000000000e+03,5.003768554687500000e+03
1.612953841686248779e-01,2.514390051364898682e-01,2.971584796905517578e-01,3.254410251975059509e-02,8.256314396858215332e-01,6.924544274806976318e-02,2.559000000000000000e+03,2.802827880859375000e+03
-4.000000059604644775e-01,-2.000000029802322388e-01,-3.833827972412109375e-01,-3.455421924591064453e-01,8.912649154663085938e-01,6.724992394447326660e-02,3.163000000000000000e+03,3.247812500000000000e+03
0.000000000000000000e+00,-2.159073352813720703e-01,1.347280442714691162e-01,-1.436493396759033203e-01,1.009345889091491699e+00,6.451275944709777832e-02,3.531000000000000000e+03,3.611454833984375000e+03
0.000000000000000000e+00,-5.179951898753643036e-03,-9.179518558084964752e-03,-2.887248694896697998e-01,1.287984490394592285e+00,5.962381511926651001e-02,4.758000000000000000e+03,4.985735839843750000e+03
5.000000074505805969e-02,-1.500000059604644775e-01,7.167336344718933105e-02,-4.019361361861228943e-02,5.068507790565490723e-01,7.997813820838928223e-02,1.200000000000000000e+03,1.257734375000000000e+03
9.482004493474960327e-02,-5.000000074505805969e-02,4.453675746917724609e-01,-4.263835847377777100e-01,1.224931240081787109e+00,5.510262027382850647e-02,5.283000000000000000e+03,6.180070800781250000e+03
4.183419048786163330e-02,4.482004791498184204e-02,1.426305174827575684e-01,8.260922133922576904e-02,9.968368411064147949e-01,7.107874751091003418e-02,4.166000000000000000e+03,4.214213378906250000e+03
1.764043420553207397e-01,2.514390051364898682e-01,-1.451403200626373291e-01,5.170956850051879883e-01,1.144414186477661133e+00,1.530212163925170898e-01,3.279000000000000000e+03,3.702392333984375000e+03
2.145627290010452271e-01,-1.000000014901161194e-01,3.499528765678405762e-01,8.483435213565826416e-02,8.448259234428405762e-01,6.564366072416305542e-02,3.202000000000000000e+03,3.433649658203125000e+03
-5.816580727696418762e-02,3.221365213394165039e-01,-2.562276422977447510e-01,-1.042708456516265869e-01,1.053147673606872559e+00,7.545587420463562012e-02,3.674000000000000000e+03,4.377116210937500000e+03
-3.000000119209289551e-01,9.482004493474960327e-02,-4.241769611835479736e-01,1.528101563453674316e-01,6.526718139648437500e-01,6.648200750350952148e-02,2.563000000000000000e+03,2.674571777343750000e+03
0.000000000000000000e+00,5.000000074505805969e-02,4.069740325212478638e-02,-1.996365636587142944e-01,1.283229947090148926e+00,6.131065636873245239e-02,5.031000000000000000e+03,5.225065917968750000e+03
3.221365213394165039e-01,8.687628805637359619e-02,2.762854993343353271e-01,1.262844204902648926e-01,6.040007472038269043e-01,5.944537371397018433e-02,2.018000000000000000e+03,2.038124877929687500e+03
1.366542428731918335e-01,-2.000000029802322388e-01,-2.762580104172229767e-02,-7.141619175672531128e-02,9.708022475242614746e-01,5.913065373897552490e-02,3.536000000000000000e+03,3.697474853515625000e+03
-5.000000074505805969e-02,5.000000074505805969e-02,-1.006037443876266479e-01,2.184219956398010254e-01,1.245946168899536133e+00,5.702458322048187256e-02,5.077000000000000000e+03,5.177798339843750000e+03
3.975010663270950317e-02,0.000000000000000000e+00,-6.664124876260757446e-02,2.430024594068527222e-01,1.278701066970825195e+00,5.912378057837486267e-02,4.629000000000000000e+03,4.826209960937500000e+03
1.366542428731918335e-01,-1.024989411234855652e-02,5.291103944182395935e-02,-4.637509882450103760e-01,1.113481283187866211e+00,8.109293878078460693e-02,4.080000000000000000e+03,4.754835937500000000e+03
-6.024989485740661621e-02,2.145627290010452271e-01,-1.101473793387413025e-01,2.187478095293045044e-01,1.158970713615417480e+00,7.049729675054550171e-02,4.310000000000000000e+03,4.317995117187500000e+03
-5.179951898753643036e-03,-1.500000059604644775e-01,2.184642404317855835e-01,-1.427963096648454666e-02,8.935036659240722656e-01,6.620865315198898315e-02,3.613000000000000000e+03,3.916383056640625000e+03
-1.102498918771743774e-01,0.000000000000000000e+00,3.098596334457397461e-01,-1.035552546381950378e-01,1.215049862861633301e+00,6.857731938362121582e-02,4.090000000000000000e+03,4.593999511718750000e+03
0.000000000000000000e+00,-1.967304572463035583e-02,1.083312276750802994e-02,-7.169384509325027466e-02,1.265561223030090332e+00,6.285014748573303223e-02,3.886000000000000000e+03,3.892875976562500000e+03
-3.000000119209289551e-01,1.764043420553207397e-01,-2.682826519012451172e-01,3.969513475894927979e-01,6.184386610984802246e-01,1.132988184690475464e-01,1.598000000000000000e+03,1.799582275390625000e+03
0.000000000000000000e+00,9.482004493474960327e-02,3.428013995289802551e-02,7.153014093637466431e-02,1.267535209655761719e+00,6.490454822778701782e-02,4.842000000000000000e+03,4.847124023437500000e+03
9.482004493474960327e-02,-5.000000074505805969e-02,-2.906653285026550293e-01,-5.841369554400444031e-02,1.251559138298034668e+00,5.934464931488037109e-02,4.381000000000000000e+03,4.788151855468750000e+03
0.000000000000000000e+00,-1.000000014901161194e-01,-1.299918442964553833e-01,-1.954496204853057861e-01,8.559949398040771484e-01,6.184488162398338318e-02,2.903000000000000000e+03,3.005163330078125000e+03
3.221365213394165039e-01,1.669811904430389404e-01,3.367351889610290527e-01,4.020709171891212463e-02,7.589753270149230957e-01,7.190180569887161255e-02,2.296000000000000000e+03,2.360424316406250000e+03
5.000000074505805969e-02,1.764043420553207397e-01,9.961118549108505249e-02,1.050409972667694092e-01,1.162755966186523438e+00,6.670577824115753174e-02,4.560000000000000000e+03,4.585558105468750000e+03
-1.618416309356689453e-01,5.000000074505805969e-02,-7.510094344615936279e-02,4.269726574420928955e-02,9.626809954643249512e-01,6.294531375169754028e-02,3.515000000000000000e+03,3.543557617187500000e+03
1.764043420553207397e-01,3.896152675151824951e-01,-1.170748025178909302e-01,6.027770638465881348e-01,9.197843670845031738e-01,6.478337943553924561e-02,3.619000000000000000e+03,4.163704589843750000e+03
5.000000074505805969e-02,0.000000000000000000e+00,2.993373572826385498e-01,1.082668825984001160e-01,1.240457177162170410e+00,5.729576200246810913e-02,4.942000000000000000e+03,5.176101562500000000e+03
-1.500000059604644775e-01,-2.131237089633941650e-01,-3.530958294868469238e-01,-3.085510432720184326e-01,9.890514612197875977e-01,6.081635132431983948e-02,3.376000000000000000e+03,3.547822021484375000e+03
-1.500000059604644775e-01,-5.000000074505805969e-02,-5.936205387115478516e-02,-1.955860853195190430e-01,1.244270205497741699e+00,6.082377210259437561e-02,3.788000000000000000e+03,3.859875244140625000e+03
1.270009279251098633e-01,0.000000000000000000e+00,1.762671321630477905e-01,4.588967561721801758e-01,1.239110231399536133e+00,5.590646341443061829e-02,5.544000000000000000e+03,6.290939453125000000e+03
9.482004493474960327e-02,-5.000000074505805969e-02,1.335487328469753265e-02,2.568025887012481689e-02,8.688190579414367676e-01,5.741848424077033997e-02,3.162000000000000000e+03,3.213644042968750000e+03
-1.500000059604644775e-01,-2.500000000000000000e-01,-2.496010065078735352e-01,-4.347543418407440186e-01,6.919721364974975586e-01,7.634633034467697144e-02,2.565000000000000000e+03,2.796497070312500000e+03
2.145627290010452271e-01,2.872454822063446045e-01,4.932247102260589600e-01,4.628902971744537354e-01,9.128046035766601562e-01,7.825578004121780396e-02,2.872000000000000000e+03,3.235706054687500000e+03
-3.000000119209289551e-01,1.764043420553207397e-01,-3.859764337539672852e-01,1.318966597318649292e-01,1.116096138954162598e+00,7.377704977989196777e-02,4.403000000000000000e+03,4.435992675781250000e+03
-5.000000074505805969e-02,5.000000074505805969e-02,-1.014870107173919678e-01,-1.940689682960510254e-01,1.219202995300292969e+00,8.074588328599929810e-02,3.568000000000000000e+03,3.715927734375000000e+03
-1.102498918771743774e-01,2.872454822063446045e-01,3.473165035247802734e-01,3.671707808971405029e-01,1.190319418907165527e+00,5.690442398190498352e-02,4.603000000000000000e+03,5.280202148437500000e+03
-1.000000014901161194e-01,0.000000000000000000e+00,-1.448990404605865479e-01,3.816705942153930664e-02,8.205136060714721680e-01,6.742341071367263794e-02,2.767000000000000000e+03,2.781273437500000000e+03
1.764043420553207397e-01,2.145627290010452271e-01,9.607971459627151489e-02,6.204583495855331421e-02,1.041239500045776367e+00,6.933505833148956299e-02,3.817000000000000000e+03,3.920694580078125000e+03
3.221365213394165039e-01,9.482004493474960327e-02,8.021746575832366943e-02,2.297932654619216919e-01,7.667300105094909668e-01,6.692374497652053833e-02,2.822000000000000000e+03,3.179374267578125000e+03
5.000000074505805969e-02,2.145627290010452271e-01,-2.776248939335346222e-02,1.351627409458160400e-01,6.643465757369995117e-01,6.282795965671539307e-02,2.207000000000000000e+03,2.268530029296875000e+03
0.000000000000000000e+00,-5.000000074505805969e-02,-3.680865466594696045e-01,6.356791853904724121e-01,1.266443729400634766e+00,5.639994144439697266e-02,5.084000000000000000e+03,6.874448730468750000e+03
1.164753288030624390e-01,-3.499999940395355225e-01,1.931245326995849609e-01,-4.089188575744628906e-01,4.658855795860290527e-01,8.008402585983276367e-02,1.478000000000000000e+03,1.540967407226562500e+03
9.482004493474960327e-02,-2.000000029802322388e-01,3.196938931941986084e-01,-3.963107764720916748e-01,8.363142013549804688e-01,8.290556073188781738e-02,3.147000000000000000e+03,3.536315185546875000e+03
5.000000074505805969e-02,9.482004493474960327e-02,-1.274106204509735107e-01,3.826072514057159424e-01,1.075685858726501465e+00,6.092824786901473999e-02,4.331000000000000000e+03,4.748820800781250000e+03
-2.500000000000000000e-01,-5.000000074505805969e-02,-3.219467103481292725e-01,-4.354630410671234131e-01,1.147729635238647461e+00,6.080093607306480408e-02,4.849000000000000000e+03,5.401239746093750000e+03
-2.500000000000000000e-01,-5.000000074505805969e-02,-1.641888171434402466e-01,1.692376434803009033e-01,1.112075567245483398e+00,5.670054256916046143e-02,3.985000000000000000e+03,4.161281250000000000e+03
-5.000000074505805969e-02,-1.781912706792354584e-02,3.088271319866180420e-01,-3.173685967922210693e-01,1.148529171943664551e+00,6.786886602640151978e-02,3.694000000000000000e+03,4.284650878906250000e+03
-5.000000074505805969e-02,-5.000000074505805969e-02,5.438497662544250488e-01,-1.535782217979431152e-01,1.245800971984863281e+00,6.786426156759262085e-02,4.363000000000000000e+03,5.336107910156250000e+03
1.366542428731918335e-01,2.872454822063446045e-01,1.604554951190948486e-01,3.975717723369598389e-01,6.697246432304382324e-01,5.647107958793640137e-02,2.515000000000000000e+03,2.586023437500000000e+03
1.366542428731918335e-01,-2.000000029802322388e-01,-3.482452630996704102e-01,-2.102808952331542969e-01,9.474958777427673340e-01,8.094008266925811768e-02,3.888000000000000000e+03,4.855215332031250000e+03
-1.000000014901161194e-01,2.145627290010452271e-01,-3.208827972412109375e-02,-2.001804560422897339e-01,8.299477100372314453e-01,6.270367652177810669e-02,3.383000000000000000e+03,4.205696289062500000e+03
-5.000000074505805969e-02,-2.000000029802322388e-01,1.579488664865493774e-01,-1.638533771038055420e-01,9.167331457138061523e-01,7.480043917894363403e-02,2.903000000000000000e+03,3.055276611328125000e+03
-3.000000119209289551e-01,-5.000000074505805969e-02,-2.910206913948059082e-01,2.160306572914123535e-01,9.747560024261474609e-01,6.129607185721397400e-02,3.199000000000000000e+03,3.433560302734375000e+03
-1.500000059604644775e-01,0.000000000000000000e+00,-6.924620270729064941e-02,3.224419802427291870e-02,1.119251847267150879e+00,5.709740146994590759e-02,4.099000000000000000e+03,4.123558593750000000e+03
-1.500000059604644775e-01,-2.500000000000000000e-01,-2.593828178942203522e-02,-4.930550158023834229e-01,9.896165132522583008e-01,5.984053388237953186e-02,4.170000000000000000e+03,4.481251464843750000e+03
9.183419495820999146e-02,5.000000074505805969e-02,4.286008700728416443e-02,1.501801162958145142e-01,1.216834187507629395e+00,5.666773393750190735e-02,4.249000000000000000e+03,4.284705078125000000e+03
4.183419048786163330e-02,5.000000074505805969e-02,-1.269286870956420898e-01,-2.638367190957069397e-02,8.002108335494995117e-01,6.476474553346633911e-02,2.940000000000000000e+03,3.095765625000000000e+03
-2.000000029802322388e-01,1.306265294551849365e-01,2.217018157243728638e-01,-8.166708797216415405e-02,1.089103817939758301e+00,2.183233946561813354e-01,1.215000000000000000e+03,1.434041503906250000e+03
0.000000000000000000e+00,1.748126149177551270e-01,-3.021383844316005707e-02,5.512728914618492126e-02,1.241243720054626465e+00,6.403861194849014282e-02,5.019000000000000000e+03,5.068540039062500000e+03
0.000000000000000000e+00,-1.102498918771743774e-01,1.848172694444656372e-01,-2.010903060436248779e-01,1.011122941970825195e+00,6.131755188107490540e-02,3.095000000000000000e+03,3.221918212890625000e+03
-3.000000119209289551e-01,-2.000000029802322388e-01,-3.579225540161132812e-01,2.018463462591171265e-01,1.091337442398071289e+00,5.797948688268661499e-02,4.304000000000000000e+03,4.881645507812500000e+03
1.366542428731918335e-01,3.537955880165100098e-01,-9.525248408317565918e-02,4.849502742290496826e-01,9.437097907066345215e-01,6.140694394707679749e-02,4.467000000000000000e+03,4.816982910156250000e+03
-1.000000014901161194e-01,-1.500000059604644775e-01,-3.917905688285827637e-02,2.004437521100044250e-02,1.196097731590270996e+00,5.772844329476356506e-02,4.309000000000000000e+03,4.406492675781250000e+03
-1.651089638471603394e-01,3.896152675151824951e-01,-2.828380838036537170e-02,5.127384662628173828e-01,6.677502989768981934e-01,7.817474752664566040e-02,1.997000000000000000e+03,2.146057373046875000e+03
1.215452700853347778e-01,-3.000000119209289551e-01,-1.539178937673568726e-01,-3.559892177581787109e-01,9.965850114822387695e-01,6.383749842643737793e-02,3.684000000000000000e+03,3.971375000000000000e+03
-5.000000074505805969e-02,-5.816580727696418762e-02,2.082424461841583252e-01,-2.542349100112915039e-01,7.213504314422607422e-01,5.580878630280494690e-02,2.121000000000000000e+03,2.531476562500000000e+03
-5.000000074505805969e-02,2.145627290010452271e-01,-1.410191953182220459e-01,2.556030750274658203e-01,4.483037590980529785e-01,7.986273616552352905e-02,1.346000000000000000e+03,1.412105590820312500e+03
1.366542428731918335e-01,-5.000000074505805969e-02,2.702170312404632568e-01,-1.307903826236724854e-01,1.045325756072998047e+00,6.588961184024810791e-02,4.000000000000000000e+03,4.088597900390625000e+03
-5.000000074505805969e-02,-1.000000014901161194e-01,1.727932877838611603e-02,-3.474434837698936462e-02,1.237182259559631348e+00,5.876455083489418030e-02,4.517000000000000000e+03,4.543007812500000000e+03
-5.000000000000000000e-01,3.221365213394165039e-01,-5.798024535179138184e-01,2.125204205513000488e-01,7.171295881271362305e-01,6.593768298625946045e-02,2.302000000000000000e+03,2.383486816406250000e+03
-2.688199877738952637e-01,1.688351184129714966e-01,-5.678052902221679688e-01,5.242025256156921387e-01,9.988357424736022949e-01,7.956692576408386230e-02,3.181000000000000000e+03,3.839372314453125000e+03
0.000000000000000000e+00,0.000000000000000000e+00,-6.521403789520263672e-02,-2.879520058631896973e-01,1.244752287864685059e+00,7.451965659856796265e-02,4.838000000000000000e+03,5.105991210937500000e+03
-8.999999761581420898e-01,-1.735956519842147827e-01,-9.028033614158630371e-01,-1.709733158349990845e-01,2.816288471221923828e-01,1.060422211885452271e-01,9.490000000000000000e+02,9.491730346679687500e+02
4.482004791498184204e-02,2.514390051364898682e-01,1.752017140388488770e-01,3.436863422393798828e-01,9.389140605926513672e-01,6.646720319986343384e-02,3.418000000000000000e+03,3.516389404296875000e+03
5.000000074505805969e-02,-1.000000014901161194e-01,-3.651327788829803467e-01,-4.127082526683807373e-01,1.240611314773559570e+00,5.500547215342521667e-02,4.985000000000000000e+03,5.828301757812500000e+03
9.482004493474960327e-02,5.000000074505805969e-02,9.761098772287368774e-02,1.476024985313415527e-01,1.229183435440063477e+00,6.572525203227996826e-02,3.406000000000000000e+03,3.427492187500000000e+03
0.000000000000000000e+00,-5.000000074505805969e-02,-4.724119305610656738e-01,4.024365544319152832e-01,1.283703207969665527e+00,5.996073037385940552e-02,5.114000000000000000e+03,6.376605957031250000e+03
-6.510896980762481689e-02,0.000000000000000000e+00,-1.194260176271200180e-02,2.790793478488922119e-01,1.244192719459533691e+00,5.387795343995094299e-02,5.376000000000000000e+03,5.652389648437500000e+03
-2.000000029802322388e-01,1.764043420553207397e-01,-2.057974040508270264e-01,1.876516342163085938e-01,8.184688091278076172e-01,6.426295638084411621e-02,2.810000000000000000e+03,2.810675292968750000e+03
1.306265294551849365e-01,5.000000074505805969e-02,-1.573714166879653931e-01,4.724922180175781250e-01,1.190636396408081055e+00,5.773031711578369141e-02,4.926000000000000000e+03,5.800885742187500000e+03
-1.024989411234855652e-02,-1.500000059604644775e-01,-3.192004561424255371e-01,-6.420370936393737793e-01,1.119887232780456543e+00,5.830924585461616516e-02,4.875000000000000000e+03,6.120419433593750000e+03
2.958556823432445526e-02,1.366542428731918335e-01,5.298361927270889282e-02,6.423047930002212524e-02,1.081438541412353516e+00,6.809429079294204712e-02,3.896000000000000000e+03,3.915255859375000000e+03
9.482004493474960327e-02,1.366542428731918335e-01,1.013625487685203552e-01,-3.140645921230316162e-01,1.186576962471008301e+00,5.701562389731407166e-02,4.428000000000000000e+03,5.047932617187500000e+03
-5.000000074505805969e-02,5.000000074505805969e-02,-3.871223032474517822e-01,-1.300087422132492065e-01,1.207453131675720215e+00,6.699527055025100708e-02,4.825000000000000000e+03,5.298214355468750000e+03
-2.500000000000000000e-01,-2.500000000000000000e-01,-1.286912560462951660e-01,1.103434804826974869e-02,1.022707939147949219e+00,5.964435636997222900e-02,3.708000000000000000e+03,3.995981933593750000e+03
3.975010663270950317e-02,-5.000000074505805969e-02,2.920844405889511108e-02,3.502953946590423584e-01,1.274237155914306641e+00,5.572823807597160339e-02,5.042000000000000000e+03,5.528412109375000000e+03
5.000000074505805969e-02,-1.000000014901161194e-01,-4.254856109619140625e-01,-9.293566644191741943e-02,1.240272879600524902e+00,5.547177419066429138e-02,4.759000000000000000e+03,5.435543945312500000e+03
0.000000000000000000e+00,3.975010663270950317e-02,-6.362089188769459724e-04,-2.683134078979492188e-01,1.106712102890014648e+00,6.647516041994094849e-02,4.306000000000000000e+03,4.633145996093750000e+03
2.514390051364898682e-01,5.000000074505805969e-02,3.963091969490051270e-01,-2.792137488722801208e-02,4.915922880172729492e-01,7.547748088836669922e-02,1.086000000000000000e+03,1.204368530273437500e+03
5.000000074505805969e-02,4.183419048786163330e-02,-2.098199129104614258e-01,2.091298997402191162e-01,1.266451716423034668e+00,6.011329963803291321e-02,4.830000000000000000e+03,5.113600585937500000e+03
9.482004493474960327e-02,1.366542428731918335e-01,-4.853678494691848755e-02,1.987744569778442383e-01,9.341598749160766602e-01,6.688282638788223267e-02,3.346000000000000000e+03,3.438685058593750000e+03
3.687628731131553650e-02,-5.000000074505805969e-02,-2.595984339714050293e-01,2.073641270399093628e-01,1.274917602539062500e+00,5.592943727970123291e-02,5.595000000000000000e+03,6.114976074218750000e+03
5.000000074505805969e-02,5.000000074505805969e-02,3.415366411209106445e-01,2.656878530979156494e-01,1.158706307411193848e+00,5.429008603096008301e-02,4.934000000000000000e+03,5.406074218750000000e+03
-5.000000074505805969e-02,-5.000000074505805969e-02,7.883211970329284668e-02,5.490892753005027771e-02,1.241516113281250000e+00,5.898008868098258972e-02,4.429000000000000000e+03,4.507994628906250000e+03
-2.000000029802322388e-01,-2.500000000000000000e-01,-4.964939653873443604e-01,-1.727253794670104980e-01,1.087632417678833008e+00,5.547476559877395630e-02,4.759000000000000000e+03,5.130231933593750000e+03
-2.500000000000000000e-01,-2.500000000000000000e-01,-5.515804290771484375e-01,-4.593703746795654297e-01,9.541569948196411133e-01,6.166348233819007874e-02,3.821000000000000000e+03,4.368360839843750000e+03
-1.000000014901161194e-01,9.482004493474960327e-02,-7.491701096296310425e-02,2.875150442123413086e-01,6.664602160453796387e-01,6.621781736612319946e-02,1.930000000000000000e+03,2.090676513671875000e+03
1.764043420553207397e-01,-4.499999880790710449e-01,4.502870142459869385e-02,-6.232897043228149414e-01,9.447641968727111816e-01,6.424086540937423706e-02,3.946000000000000000e+03,4.151953125000000000e+03
-1.184162404388189316e-02,2.872454822063446045e-01,3.996781408786773682e-01,1.367104351520538330e-01,1.043570280075073242e+00,9.231565892696380615e-02,3.423000000000000000e+03,4.004236816406250000e+03
3.896152675151824951e-01,9.482004493474960327e-02,-1.654161065816879272e-01,1.264918148517608643e-01,1.194427490234375000e+00,6.318961828947067261e-02,4.610000000000000000e+03,5.564132812500000000e+03
5.000000074505805969e-02,1.764043420553207397e-01,7.588991522789001465e-02,2.408619374036788940e-01,1.164136528968811035e+00,6.000360473990440369e-02,4.467000000000000000e+03,4.482913085937500000e+03
-5.000000074505805969e-02,-5.000000074505805969e-02,1.277427971363067627e-01,-1.697987169027328491e-01,1.217023849487304688e+00,6.274977326393127441e-02,4.890000000000000000e+03,5.040798828125000000e+03
2.145627290010452271e-01,-5.816580727696418762e-02,2.107125967741012573e-01,-1.437950730323791504e-01,6.602639555931091309e-01,9.063722193241119385e-02,2.072000000000000000e+03,2.106675781250000000e+03
0.000000000000000000e+00,5.000000074505805969e-02,1.211064383387565613e-01,1.560570150613784790e-01,7.773064374923706055e-01,7.204142957925796509e-02,2.683000000000000000e+03,2.796686523437500000e+03
5.000000074505805969e-02,9.183419495820999146e-02,3.551446832716464996e-03,4.684697985649108887e-01,9.723803997039794922e-01,6.678129732608795166e-02,3.479000000000000000e+03,3.990837158203125000e+03
-1.500000059604644775e-01,2.145627290010452271e-01,-1.508919447660446167e-01,2.018969506025314331e-01,5.739840269088745117e-01,5.996449291706085205e-02,2.162000000000000000e+03,2.163047363281250000e+03
0.000000000000000000e+00,0.000000000000000000e+00,-7.831753790378570557e-02,-3.516690135002136230e-01,1.290333271026611328e+00,5.208013951778411865e-02,5.268000000000000000e+03,5.671779296875000000e+03
-1.102498918771743774e-01,9.482004493474960327e-02,1.203633993864059448e-01,6.110298037528991699e-01,1.224493861198425293e+00,6.133202090859413147e-02,4.440000000000000000e+03,5.345333496093750000e+03
0.000000000000000000e+00,0.000000000000000000e+00,1.318769305944442749e-01,2.422800660133361816e-01,1.288369536399841309e+00,5.717268213629722595e-02,4.737000000000000000e+03,4.952181640625000000e+03
5.173884034156799316e-01,2.145627290010452271e-01,4.415166378021240234e-01,3.586117029190063477e-01,8.928756713867187500e-01,7.146599888801574707e-02,2.625000000000000000e+03,2.711554687500000000e+03
-3.499999940395355225e-01,-1.500000059604644775e-01,-3.814719021320343018e-01,1.404808461666107178e-01,8.952631354331970215e-01,7.532048225402832031e-02,3.399000000000000000e+03,3.751971923828125000e+03
-5.000000074505805969e-02,-1.881999336183071136e-02,-8.599162101745605469e-02,-4.710265621542930603e-02,4.360086321830749512e-01,7.284750044345855713e-02,1.282000000000000000e+03,1.296134887695312500e+03
1.366542428731918335e-01,9.482004493474960327e-02,3.874310851097106934e-01,3.554553389549255371e-01,8.926404118537902832e-01,7.373141497373580933e-02,3.213000000000000000e+03,3.722883544921875000e+03
-3.000000119209289551e-01,2.145627290010452271e-01,-1.993410885334014893e-01,3.923690617084503174e-01,6.254431605339050293e-01,9.851635247468948364e-02,1.852000000000000000e+03,2.045103759765625000e+03
-4.499999880790710449e-01,0.000000000000000000e+00,-2.513032257556915283e-01,-2.765527963638305664e-01,9.378191232681274414e-01,5.935997143387794495e-02,3.327000000000000000e+03,3.753269042968750000e+03
1.366542428731918335e-01,1.366542428731918335e-01,3.531556725502014160e-01,8.022678643465042114e-02,9.150882959365844727e-01,6.752946972846984863e-02,3.685000000000000000e+03,3.902411865234375000e+03
-2.000000029802322388e-01,-3.000000119209289551e-01,-2.221242785453796387e-01,-3.330097794532775879e-01,9.882453083992004395e-01,7.113809883594512939e-02,3.770000000000000000e+03,3.776049072265625000e+03
0.000000000000000000e+00,-5.000000074505805969e-02,-2.646326422691345215e-01,6.840068846940994263e-02,1.053349375724792480e+00,6.976255029439926147e-02,4.244000000000000000e+03,4.559370117187500000e+03
-1.692623943090438843e-01,-1.000000014901161194e-01,-2.846997380256652832e-01,-1.411122083663940430e-01,4.700396955013275146e-01,8.075033128261566162e-02,1.465000000000000000e+03,1.563114746093750000e+03
3.409266844391822815e-02,-4.000000059604644775e-01,4.623593762516975403e-02,-4.706923365592956543e-01,5.978486537933349609e-01,1.064080297946929932e-01,1.782000000000000000e+03,1.807657348632812500e+03
0.000000000000000000e+00,1.764043420553207397e-01,4.086643755435943604e-01,1.675458550453186035e-01,1.005627274513244629e+00,6.574042886495590210e-02,3.752000000000000000e+03,4.349668457031250000e+03
-1.500000059604644775e-01,-2.000000029802322388e-01,-2.456923425197601318e-01,8.025982230901718140e-02,1.156908631324768066e+00,6.486599147319793701e-02,4.737000000000000000e+03,5.042726074218750000e+03
3.032695502042770386e-02,5.000000074505805969e-02,-5.144414026290178299e-03,6.126366928219795227e-02,1.278918504714965820e+00,6.009206920862197876e-02,5.169000000000000000e+03,5.173353515625000000e+03
-2.641935050487518311e-01,-2.000000029802322388e-01,-8.975269645452499390e-02,-1.446855217218399048e-01,6.988833546638488770e-01,6.863445043563842773e-02,2.092000000000000000e+03,2.233398681640625000e+03
1.506655067205429077e-01,-9.499999880790710449e-01,2.042003422975540161e-01,-9.861376881599426270e-01,4.608903527259826660e-01,1.873344928026199341e-01,1.768000000000000000e+03,1.802579101562500000e+03
-5.000000074505805969e-02,1.764043420553207397e-01,-3.424858748912811279e-01,6.495805978775024414e-01,1.053461909294128418e+00,7.745787501335144043e-02,3.804000000000000000e+03,4.809769531250000000e+03
-2.641935050487518311e-01,0.000000000000000000e+00,9.045104682445526123e-02,3.215799033641815186e-01,1.123594641685485840e+00,6.823516637086868286e-02,3.904000000000000000e+03,4.584523925781250000e+03
-1.500000059604644775e-01,2.145627290010452271e-01,-7.225053310394287109e-01,4.081754982471466064e-01,1.139685869216918945e+00,6.500658392906188965e-02,4.359000000000000000e+03,5.520374511718750000e+03
1.366542428731918335e-01,-1.500000059604644775e-01,-4.276764690876007080e-01,-1.593687832355499268e-01,1.235621571540832520e+00,6.778246909379959106e-02,4.319000000000000000e+03,5.180169921875000000e+03
1.366542428731918335e-01,-3.000000119209289551e-01,2.226572930812835693e-01,-6.952165067195892334e-02,8.410297632217407227e-01,5.797591060400009155e-02,2.656000000000000000e+03,2.879023925781250000e+03
-1.500000059604644775e-01,-5.000000074505805969e-02,-1.512612700462341309e-01,-3.024209439754486084e-01,8.259757757186889648e-01,8.653056621551513672e-02,3.298000000000000000e+03,3.599421875000000000e+03
5.000000074505805969e-02,1.366542428731918335e-01,-2.507022023200988770e-01,5.692681670188903809e-01,1.123072504997253418e+00,6.735987216234207153e-02,4.185000000000000000e+03,5.064200683593750000e+03
-1.000000014901161194e-01,2.872454822063446045e-01,-1.419277489185333252e-01,3.493513464927673340e-01,1.125633716583251953e+00,5.601630359888076782e-02,4.295000000000000000e+03,4.314142089843750000e+03
-2.500000000000000000e-01,-6.184162572026252747e-02,-4.657052755355834961e-01,1.109603792428970337e-01,8.979781270027160645e-01,6.090526655316352844e-02,3.812000000000000000e+03,4.164796875000000000e+03
-1.500000059604644775e-01,5.000000074505805969e-02,2.672165632247924805e-01,-1.239450946450233459e-01,1.193075537681579590e+00,6.500080227851867676e-02,4.576000000000000000e+03,5.211763671875000000e+03
-3.188199996948242188e-01,9.482004493474960327e-02,-2.698927223682403564e-01,-1.509974710643291473e-02,1.049211382865905762e+00,9.607354551553726196e-02,3.587000000000000000e+03,3.633854736328125000e+03
9.482004493474960327e-02,-3.000000119209289551e-01,1.544855535030364990e-01,-3.587337136268615723e-01,8.961778879165649414e-01,6.824542582035064697e-02,3.092000000000000000e+03,3.118859619140625000e+03
7.971107959747314453e-02,-3.000000119209289551e-01,3.121881783008575439e-01,-2.231022343039512634e-02,7.178853750228881836e-01,1.046415939927101135e-01,2.004000000000000000e+03,2.487676757812500000e+03
4.482004791498184204e-02,1.764043420553207397e-01,-5.249274149537086487e-02,2.445375025272369385e-01,6.060211658477783203e-01,6.248772889375686646e-02,2.220000000000000000e+03,2.304673339843750000e+03
1.764043420553207397e-01,1.764043420553207397e-01,3.262259960174560547e-01,1.114115267992019653e-01,1.025058031082153320e+00,8.913770318031311035e-02,3.582000000000000000e+03,3.672480468750000000e+03
0.000000000000000000e+00,0.000000000000000000e+00,2.277325242757797241e-01,4.614861309528350830e-02,1.289015531539916992e+00,6.035768985748291016e-02,5.304000000000000000e+03,5.474720703125000000e+03
4.545493423938751221e-01,1.366542428731918335e-01,4.611270427703857422e-01,2.522472739219665527e-01,8.878318667411804199e-01,6.636276096105575562e-02,3.501000000000000000e+03,3.560065185546875000e+03
-1.500000059604644775e-01,-2.000000029802322388e-01,-1.846880316734313965e-01,-2.910858094692230225e-01,1.182235717773437500e+00,5.828579142689704895e-02,4.539000000000000000e+03,4.569884765625000000e+03
-2.000000029802322388e-01,-2.000000029802322388e-01,-1.514049470424652100e-01,-2.186132669448852539e-01,8.741263747215270996e-01,7.100270688533782959e-02,2.671000000000000000e+03,2.680514892578125000e+03
-2.477975003421306610e-02,-6.000000238418579102e-01,-4.388903453946113586e-02,-5.000559687614440918e-01,9.647202491760253906e-01,7.045218348503112793e-02,2.757000000000000000e+03,2.787696289062500000e+03
3.562291860580444336e-01,5.000000074505805969e-02,5.092639327049255371e-01,3.343920037150382996e-02,9.607865214347839355e-01,7.060161232948303223e-02,2.945000000000000000e+03,3.019890869140625000e+03
-3.499999940395355225e-01,-5.179951898753643036e-03,-2.828528881072998047e-01,-5.788491107523441315e-03,5.019947290420532227e-01,1.713245809078216553e-01,1.472000000000000000e+03,1.498254272460937500e+03
3.975010663270950317e-02,-1.500000059604644775e-01,8.872266858816146851e-02,-3.540292680263519287e-01,1.062324404716491699e+00,6.860271096229553223e-02,3.914000000000000000e+03,4.064978759765625000e+03
-1.000000014901161194e-01,0.000000000000000000e+00,2.634563446044921875e-01,8.230801671743392944e-02,1.167994022369384766e+00,5.815418809652328491e-02,4.350000000000000000e+03,4.781916503906250000e+03
1.329784244298934937e-01,5.000000074505805969e-02,1.734308898448944092e-02,-2.733550369739532471e-01,9.702215790748596191e-01,6.065273284912109375e-02,3.827000000000000000e+03,4.293083984375000000e+03
9.183419495820999146e-02,-5.000000074505805969e-02,4.212944209575653076e-01,-5.881876945495605469e-01,1.193546533584594727e+00,7.428418099880218506e-02,4.017000000000000000e+03,5.079086425781250000e+03
-2.500000000000000000e-01,-1.000000014901161194e-01,-2.735093832015991211e-01,4.246442019939422607e-02,8.570986390113830566e-01,5.035842955112457275e-02,3.308000000000000000e+03,3.401417968750000000e+03
1.764043420553207397e-01,-1.000000014901161194e-01,4.336231946945190430e-01,-5.036855936050415039e-01,1.068246126174926758e+00,5.932737514376640320e-02,4.594000000000000000e+03,5.479765625000000000e+03
0.000000000000000000e+00,9.482004493474960327e-02,-1.326999217271804810e-01,5.634007453918457031e-01,1.170251607894897461e+00,5.949246138334274292e-02,4.561000000000000000e+03,5.321080566406250000e+03
5.000000074505805969e-02,1.366542428731918335e-01,5.280246958136558533e-02,-1.106797456741333008e-01,1.171886324882507324e+00,5.622412636876106262e-02,4.449000000000000000e+03,4.644758300781250000e+03
3.275320306420326233e-02,9.482004493474960327e-02,5.257220864295959473e-01,2.398440837860107422e-01,1.210236310958862305e+00,5.923724547028541565e-02,4.627000000000000000e+03,5.430540039062500000e+03
5.000000074505805969e-02,-3.683409392833709717e-01,2.036662101745605469e-01,-1.050737351179122925e-01,9.694440364837646484e-01,6.764923036098480225e-02,3.637000000000000000e+03,3.987868896484375000e+03
1.366542428731918335e-01,-5.000000074505805969e-02,1.419977098703384399e-01,-3.318912163376808167e-02,1.256292462348937988e+00,5.993088334798812866e-02,4.000000000000000000e+03,4.000784423828125000e+03
0.000000000000000000e+00,-5.000000074505805969e-02,-5.306107401847839355e-01,-6.273282319307327271e-02,1.270706176757812500e+00,5.803561210632324219e-02,5.050000000000000000e+03,5.897912597656250000e+03
1.366542428731918335e-01,0.000000000000000000e+00,-2.552865445613861084e-02,-2.774517610669136047e-02,1.138036608695983887e+00,7.385513931512832642e-02,4.538000000000000000e+03,4.632187988281250000e+03
-1.618416309356689453e-01,2.514390051364898682e-01,-1.989538967609405518e-01,2.334254831075668335e-01,6.442649364471435547e-01,6.429662555456161499e-02,1.535000000000000000e+03,1.541332763671875000e+03
-6.312371790409088135e-02,-1.024989411234855652e-02,-3.003654815256595612e-02,4.518234431743621826e-01,1.177273035049438477e+00,6.781646609306335449e-02,4.569000000000000000e+03,5.254087402343750000e+03
5.000000074505805969e-02,9.482004493474960327e-02,2.187901884317398071e-01,1.588449627161026001e-01,1.173851728439331055e+00,5.892180278897285461e-02,4.492000000000000000e+03,4.597984863281250000e+03
1.764043420553207397e-01,-1.000000014901161194e-01,6.057953834533691406e-02,-1.080624982714653015e-01,8.582649827003479004e-01,8.120560646057128906e-02,2.555000000000000000e+03,2.601649902343750000e+03
-1.000000014901161194e-01,4.482004791498184204e-02,6.110485643148422241e-03,1.933233588933944702e-01,1.036097884178161621e+00,5.709069967269897461e-02,3.828000000000000000e+03,3.946048828125000000e+03
5.000000074505805969e-02,1.366542428731918335e-01,-1.839466392993927002e-01,1.763996183872222900e-01,1.088850259780883789e+00,6.679071485996246338e-02,3.972000000000000000e+03,4.158203613281250000e+03
-5.816580727696418762e-02,-2.000000029802322388e-01,-3.908711369149386883e-04,-3.353532552719116211e-01,4.290001392364501953e-01,6.917494535446166992e-02,1.478000000000000000e+03,1.647667114257812500e+03
5.000000074505805969e-02,0.000000000000000000e+00,-6.743274629116058350e-02,-8.861252665519714355e-02,1.251141667366027832e+00,5.690189450979232788e-02,5.138000000000000000e+03,5.208813476562500000e+03
8.975010365247726440e-02,1.764043420553207397e-01,-2.873854935169219971e-01,8.058588951826095581e-02,1.069651126861572266e+00,6.682869046926498413e-02,4.461000000000000000e+03,5.034784667968750000e+03
-6.781912595033645630e-02,9.482004493474960327e-02,-2.794202566146850586e-01,1.732674688100814819e-01,5.548070669174194336e-01,8.046105504035949707e-02,2.063000000000000000e+03,2.392862792968750000e+03
4.482004791498184204e-02,-2.000000029802322388e-01,2.483131736516952515e-01,-1.158503741025924683e-01,1.131234884262084961e+00,6.086124107241630554e-02,4.565000000000000000e+03,4.736175292968750000e+03
-1.500000059604644775e-01,0.000000000000000000e+00,4.948643594980239868e-02,-4.443896114826202393e-01,1.218238472938537598e+00,7.276462763547897339e-02,3.849000000000000000e+03,4.443881835937500000e+03
-1.000000014901161194e-01,-5.000000074505805969e-02,-1.223501097410917282e-02,-2.040767222642898560e-01,1.065165042877197266e+00,7.938058674335479736e-02,2.458000000000000000e+03,2.525648437500000000e+03
9.482004493474960327e-02,1.764043420553207397e-01,-4.902539029717445374e-02,3.805717229843139648e-01,9.156819581985473633e-01,6.967073678970336914e-02,3.289000000000000000e+03,3.529084228515625000e+03
3.815837576985359192e-02,2.145627290010452271e-01,1.125000119209289551e-01,5.311035364866256714e-02,1.170344710350036621e+00,6.209475919604301453e-02,4.105000000000000000e+03,4.199192382812500000e+03
-3.000000119209289551e-01,2.872454822063446045e-01,-2.753203511238098145e-01,3.535211384296417236e-01,5.592987537384033203e-01,9.139826893806457520e-02,1.688000000000000000e+03,1.714898681640625000e+03
-1.781912706792354584e-02,-1.000000014901161194e-01,-6.684596091508865356e-02,3.365345597267150879e-01,1.164786815643310547e+00,5.404578149318695068e-02,4.537000000000000000e+03,5.162528808593750000e+03
2.958556823432445526e-02,9.482004493474960327e-02,-3.230129480361938477e-01,-1.300687715411186218e-02,1.266045331954956055e+00,5.738946422934532166e-02,4.772000000000000000e+03,5.169278808593750000e+03
2.514390051364898682e-01,-2.500000000000000000e-01,1.112310364842414856e-01,-1.291053444147109985e-01,1.167079210281372070e+00,5.809377878904342651e-02,4.131000000000000000e+03,4.234648437500000000e+03
-1.500000059604644775e-01,9.482004493474960327e-02,-1.499889940023422241e-01,-6.864097714424133301e-02,6.551022529602050781e-01,6.890261173248291016e-02,2.446000000000000000e+03,2.595920898437500000e+03
-6.510896980762481689e-02,-1.000000014901161194e-01,-1.768606156110763550e-01,-9.834911674261093140e-02,1.207500815391540527e+00,6.566226482391357422e-02,4.031000000000000000e+03,4.065633056640625000e+03
-5.000000074505805969e-02,5.000000074505805969e-02,-6.128287315368652344e-01,4.498592019081115723e-02,1.261494040489196777e+00,5.826729908585548401e-02,4.839000000000000000e+03,5.761621582031250000e+03
-5.000000074505805969e-02,5.000000074505805969e-02,-2.395167201757431030e-02,-1.839412935078144073e-02,1.270331382751464844e+00,5.924966558814048767e-02,5.171000000000000000e+03,5.188196289062500000e+03
-5.000000074505805969e-02,0.000000000000000000e+00,-2.872079424560070038e-02,-1.461114734411239624e-02,1.123082756996154785e+00,5.982494354248046875e-02,4.313000000000000000e+03,4.315283691406250000e+03
0.000000000000000000e+00,9.482004493474960327e-02,-2.242362946271896362e-01,1.927056610584259033e-01,1.245884418487548828e+00,5.738777667284011841e-02,5.346000000000000000e+03,5.549902832031250000e+03
1.366542428731918335e-01,5.000000074505805969e-02,3.953543305397033691e-01,-1.963050812482833862e-01,1.177259206771850586e+00,5.591306835412979126e-02,5.107000000000000000e+03,5.567918457031250000e+03
-3.000000119209289551e-01,3.221365213394165039e-01,-1.626731753349304199e-01,1.199235841631889343e-01,8.212582468986511230e-01,7.025817036628723145e-02,2.669000000000000000e+03,2.900897460937500000e+03
-1.781912706792354584e-02,0.000000000000000000e+00,-1.157789900898933411e-01,-5.584891885519027710e-02,1.229351162910461426e+00,5.565786361694335938e-02,4.975000000000000000e+03,5.016805664062500000e+03
0.000000000000000000e+00,-1.000000014901161194e-01,3.289983794093132019e-02,1.233237981796264648e-01,1.245083808898925781e+00,5.538429319858551025e-02,4.835000000000000000e+03,4.992518554687500000e+03
0.000000000000000000e+00,9.482004493474960327e-02,2.107184827327728271e-01,6.257401704788208008e-01,1.177968859672546387e+00,5.783920735120773315e-02,4.510000000000000000e+03,5.519669921875000000e+03
-5.000000074505805969e-02,5.000000074505805969e-02,-2.162499427795410156e-01,-1.370009481906890869e-01,1.249058604240417480e+00,5.358432605862617493e-02,4.865000000000000000e+03,5.057989746093750000e+03
1.366542428731918335e-01,9.482004493474960327e-02,2.206769287586212158e-01,5.439089983701705933e-02,1.240919828414916992e+00,5.991227924823760986e-02,5.181000000000000000e+03,5.210038574218750000e+03
-2.500000000000000000e-01,-1.000000014901161194e-01,-4.077232182025909424e-01,-2.139055430889129639e-01,7.792075872421264648e-01,7.790244370698928833e-02,3.209000000000000000e+03,3.405687011718750000e+03
0.000000000000000000e+00,5.000000074505805969e-02,-4.184172451496124268e-01,-5.663454160094261169e-02,9.083134531974792480e-01,5.762800946831703186e-02,3.449000000000000000e+03,4.192777832031250000e+03
9.183419495820999146e-02,-5.000000074505805969e-02,3.743446171283721924e-01,1.071769446134567261e-01,1.255715489387512207e+00,6.146100535988807678e-02,5.189000000000000000e+03,5.527024902343750000e+03
0.000000000000000000e+00,0.000000000000000000e+00,3.672600388526916504e-01,2.295772433280944824e-01,1.215801715850830078e+00,6.110380217432975769e-02,5.028000000000000000e+03,5.647586425781250000e+03
9.482004493474960327e-02,-5.000000074505805969e-02,1.882998496294021606e-01,8.565838448703289032e-03,4.624015986919403076e-01,8.766882866621017456e-02,1.668000000000000000e+03,1.761761840820312500e+03
-1.500000059604644775e-01,-2.000000029802322388e-01,-4.338116571307182312e-02,-2.475994825363159180e-01,4.649937450885772705e-01,7.700087875127792358e-02,1.514000000000000000e+03,1.608120849609375000e+03
5.000000074505805969e-02,-5.000000074505805969e-02,-4.594274163246154785e-01,-4.276590049266815186e-01,1.247535228729248047e+00,6.065434217453002930e-02,4.889000000000000000e+03,6.086955566406250000e+03
-5.000000074505805969e-02,-5.000000074505805969e-02,-5.180698633193969727e-01,-1.323402374982833862e-01,1.155480861663818359e+00,5.678526684641838074e-02,4.876000000000000000e+03,5.670459960937500000e+03
5.000000074505805969e-02,-8.165807463228702545e-03,4.246499836444854736e-01,3.758537769317626953e-01,1.273530125617980957e+00,6.090100482106208801e-02,5.676000000000000000e+03,6.647056152343750000e+03
1.345701515674591064e-01,2.872454822063446045e-01,2.639277875423431396e-01,2.913208007812500000e-01,6.782849431037902832e-01,6.455764919519424438e-02,2.542000000000000000e+03,2.633563964843750000e+03
0.000000000000000000e+00,0.000000000000000000e+00,2.397233247756958008e-01,-1.052751205861568451e-02,1.092383384704589844e+00,6.975676864385604858e-02,3.726000000000000000e+03,3.903418701171875000e+03
5.000000074505805969e-02,5.000000074505805969e-02,1.979764252901077271e-01,1.551468018442392349e-02,1.068038463592529297e+00,5.450492724776268005e-02,3.519000000000000000e+03,3.589914794921875000e+03
-1.000000014901161194e-01,1.366542428731918335e-01,-6.267064213752746582e-01,1.926960945129394531e-01,1.192287445068359375e+00,7.542116194963455200e-02,4.226000000000000000e+03,5.025755371093750000e+03
-1.000000014901161194e-01,-1.659073382616043091e-01,-2.858214676380157471e-01,7.900560647249221802e-02,1.249468803405761719e+00,5.846196040511131287e-02,4.633000000000000000e+03,4.908974121093750000e+03
5.000000074505805969e-02,-2.131237089633941650e-01,1.635288149118423462e-01,-3.631505668163299561e-01,5.075896978378295898e-01,6.690756231546401978e-02,1.803000000000000000e+03,2.043124267578125000e+03
3.975010663270950317e-02,-1.151089668273925781e-01,3.309893906116485596e-01,-3.190970122814178467e-01,1.078621506690979004e+00,5.918521061539649963e-02,4.357000000000000000e+03,4.818703125000000000e+03
-5.000000074505805969e-02,-5.000000074505805969e-02,-2.436063438653945923e-01,4.723130464553833008e-01,1.257641434669494629e+00,6.054706871509552002e-02,5.085000000000000000e+03,6.043734375000000000e+03
-3.499999940395355225e-01,9.482004493474960327e-02,-1.882258951663970947e-01,9.649319201707839966e-02,1.116682052612304688e+00,6.835405528545379639e-02,4.057000000000000000e+03,4.141823242187500000e+03
-1.500000059604644775e-01,5.000000074505805969e-02,-1.600798815488815308e-01,2.952105132862925529e-03,1.121131420135498047e+00,5.567598715424537659e-02,3.815000000000000000e+03,3.822076904296875000e+03
-5.000000074505805969e-02,2.145627290010452271e-01,1.391096115112304688e-01,3.016220629215240479e-01,1.107696294784545898e+00,7.539002597332000732e-02,3.917000000000000000e+03,4.054044433593750000e+03
-1.000000014901161194e-01,5.000000074505805969e-02,-2.299179583787918091e-01,-7.829830050468444824e-02,6.683450341224670410e-01,7.091029733419418335e-02,2.117000000000000000e+03,2.272224853515625000e+03
-1.500000059604644775e-01,-1.500000059604644775e-01,-2.419942915439605713e-01,-4.892008304595947266e-01,1.132626891136169434e+00,5.910824239253997803e-02,3.925000000000000000e+03,4.294357421875000000e+03
5.000000074505805969e-02,9.482004493474960327e-02,-1.655886322259902954e-02,1.391998231410980225e-01,1.223930478096008301e+00,5.558499693870544434e-02,4.019000000000000000e+03,4.036106933593750000e+03
0.000000000000000000e+00,1.764043420553207397e-01,4.045097902417182922e-02,3.349893987178802490e-01,8.280330896377563477e-01,7.336486130952835083e-02,2.861000000000000000e+03,2.971982666015625000e+03
2.514390051364898682e-01,-1.000000014901161194e-01,1.201361566781997681e-01,-1.827777475118637085e-01,6.306962966918945312e-01,9.283874183893203735e-02,1.445000000000000000e+03,1.531074340820312500e+03
-2.131237089633941650e-01,-1.500000059604644775e-01,-9.227596968412399292e-02,-4.398894011974334717e-01,9.357173442840576172e-01,9.609283506870269775e-02,3.265000000000000000e+03,3.623732421875000000e+03
-1.618416309356689453e-01,1.764043420553207397e-01,-3.024181127548217773e-01,4.464225471019744873e-02,1.177528500556945801e+00,5.865888297557830811e-02,4.979000000000000000e+03,5.111633789062500000e+03
0.000000000000000000e+00,5.000000074505805969e-02,1.067916750907897949e-01,5.728173255920410156e-01,1.270562171936035156e+00,5.425775051116943359e-02,5.155000000000000000e+03,6.030335937500000000e+03
3.562291860580444336e-01,-5.000000074505805969e-02,4.407289922237396240e-01,2.202761620283126831e-01,8.463259935379028320e-01,9.085258096456527710e-02,3.461000000000000000e+03,3.838231689453125000e+03
-1.500000059604644775e-01,-5.816580727696418762e-02,2.086818963289260864e-01,-2.851957380771636963e-01,8.882136344909667969e-01,6.155861541628837585e-02,2.840000000000000000e+03,3.459356201171875000e+03
-5.000000074505805969e-02,5.000000074505805969e-02,1.199366971850395203e-01,-6.910405308008193970e-02,9.873114824295043945e-01,5.829116329550743103e-02,2.919000000000000000e+03,3.046752197265625000e+03
1.366542428731918335e-01,9.482004493474960327e-02,9.337752312421798706e-02,1.078455746173858643e-01,1.014057517051696777e+00,5.705493688583374023e-02,3.882000000000000000e+03,3.889714111328125000e+03
5.000000074505805969e-02,5.000000074505805969e-02,-8.504765480756759644e-02,-1.909566484391689301e-02,1.217785358428955078e+00,6.374583393335342407e-02,3.846000000000000000e+03,3.905280273437500000e+03
5.000000074505805969e-02,5.000000074505805969e-02,2.394999265670776367e-01,3.481472283601760864e-02,1.269792318344116211e+00,5.995322763919830322e-02,5.098000000000000000e+03,5.211723632812500000e+03
-5.179951898753643036e-03,0.000000000000000000e+00,4.184352234005928040e-03,4.080153405666351318e-01,1.276971936225891113e+00,5.425222218036651611e-02,5.446000000000000000e+03,5.988959472656250000e+03
-1.666139364242553711e-01,-1.500000059604644775e-01,-8.706667274236679077e-02,7.877172529697418213e-02,1.094219446182250977e+00,5.932447686791419983e-02,4.839000000000000000e+03,5.073018554687500000e+03
-5.000000074505805969e-02,9.482004493474960327e-02,9.112122654914855957e-02,5.718343257904052734e-01,1.024068236351013184e+00,8.617714047431945801e-02,3.581000000000000000e+03,4.385701171875000000e+03
-2.500000000000000000e-01,1.329784244298934937e-01,-1.413480043411254883e-01,1.123834121972322464e-02,8.373412489891052246e-01,5.953258648514747620e-02,2.951000000000000000e+03,3.062285888671875000e+03
0.000000000000000000e+00,-1.312371436506509781e-02,1.606608629226684570e-01,-1.367456465959548950e-01,6.043188571929931641e-01,8.351232856512069702e-02,2.045000000000000000e+03,2.269688476562500000e+03
-5.000000074505805969e-02,9.482004493474960327e-02,1.724325269460678101e-01,4.128928780555725098e-01,1.054121732711791992e+00,5.833648890256881714e-02,4.382000000000000000e+03,4.958874023437500000e+03
-5.000000074505805969e-02,-2.075121551752090454e-02,-1.378217488527297974e-01,4.020061790943145752e-01,1.073884606361389160e+00,5.931536853313446045e-02,3.990000000000000000e+03,4.613703613281250000e+03
-2.500000000000000000e-01,-2.500000000000000000e-01,-5.184449553489685059e-01,-3.484974503517150879e-01,7.577941417694091797e-01,7.058889418840408325e-02,3.115000000000000000e+03,3.544473632812500000e+03
-5.000000074505805969e-02,-4.499999880790710449e-01,-3.740056753158569336e-01,-5.836531519889831543e-01,1.056550264358520508e+00,7.955180853605270386e-02,3.507000000000000000e+03,3.883151123046875000e+03
3.896152675151824951e-01,-2.131237089633941650e-01,6.513487547636032104e-02,-3.128092586994171143e-01,8.995620608329772949e-01,7.254411280155181885e-02,2.729000000000000000e+03,3.105254882812500000e+03
-5.000000074505805969e-02,0.000000000000000000e+00,8.314207196235656738e-03,1.288504153490066528e-01,9.420789480209350586e-01,3.670016527175903320e-01,1.861000000000000000e+03,1.902809448242187500e+03
1.366542428731918335e-01,-2.500000000000000000e-01,7.463335990905761719e-02,-2.924338281154632568e-01,1.124012470245361328e+00,6.007865443825721741e-02,4.315000000000000000e+03,4.334230957031250000e+03
-2.000000029802322388e-01,-1.024989411234855652e-02,-2.082885205745697021e-01,-9.111805260181427002e-02,8.661349415779113770e-01,6.230315193533897400e-02,3.216000000000000000e+03,3.244244140625000000e+03
-5.816580727696418762e-02,-1.000000014901161194e-01,-2.457252740859985352e-01,-5.457385256886482239e-02,1.217173576354980469e+00,5.969218909740447998e-02,5.093000000000000000e+03,5.219925292968750000e+03
1.764043420553207397e-01,0.000000000000000000e+00,4.392485693097114563e-02,3.868632912635803223e-01,1.097261548042297363e+00,5.956031754612922668e-02,4.241000000000000000e+03,4.812387207031250000e+03
3.221365213394165039e-01,3.179831206798553467e-01,3.475943207740783691e-01,4.030160009860992432e-01,7.357327342033386230e-01,7.313755154609680176e-02,1.960000000000000000e+03,1.988464965820312500e+03
0.000000000000000000e+00,5.000000074505805969e-02,3.090177178382873535e-01,1.941507607698440552e-01,1.263845324516296387e+00,5.723870545625686646e-02,4.916000000000000000e+03,5.268470214843750000e+03
-2.000000029802322388e-01,-2.000000029802322388e-01,-7.269868999719619751e-02,-1.030410155653953552e-01,9.233369231224060059e-01,5.841880664229393005e-02,3.229000000000000000e+03,3.325531250000000000e+03
2.145627290010452271e-01,-5.000000074505805969e-02,4.295199215412139893e-01,2.042393237352371216e-01,1.099823951721191406e+00,5.830476433038711548e-02,4.897000000000000000e+03,5.337110839843750000e+03
9.482004493474960327e-02,4.482004791498184204e-02,3.077128902077674866e-02,-1.379596590995788574e-01,1.169771790504455566e+00,5.832545459270477295e-02,4.132000000000000000e+03,4.244251953125000000e+03
-2.000000029802322388e-01,9.482004493474960327e-02,-1.490576714277267456e-01,5.290463194251060486e-02,8.619686365127563477e-01,8.473916351795196533e-02,2.529000000000000000e+03,2.543757080078125000e+03
-2.000000029802322388e-01,5.000000074505805969e-02,-7.890646457672119141e-01,1.009511668235063553e-02,1.112595319747924805e+00,6.302970647811889648e-02,4.230000000000000000e+03,5.357004882812500000e+03
3.118000738322734833e-02,-5.000000074505805969e-02,8.255477249622344971e-02,3.195495307445526123e-01,1.271904945373535156e+00,5.870554223656654358e-02,4.872000000000000000e+03,5.282857910156250000e+03
2.872454822063446045e-01,9.482004493474960327e-02,4.253144264221191406e-01,-3.597410917282104492e-01,1.189558982849121094e+00,5.738695338368415833e-02,5.249000000000000000e+03,6.057196777343750000e+03
3.409266844391822815e-02,-1.102498918771743774e-01,3.875082731246948242e-02,-2.558752000331878662e-01,9.900286197662353516e-01,7.142593711614608765e-02,3.442000000000000000e+03,3.516084472656250000e+03
4.183419048786163330e-02,5.000000074505805969e-02,-3.739270567893981934e-01,4.636358618736267090e-01,1.256410002708435059e+00,5.991452932357788086e-02,4.771000000000000000e+03,5.765854003906250000e+03
9.482004493474960327e-02,-5.000000074505805969e-02,6.112620607018470764e-02,2.407180517911911011e-02,1.163039565086364746e+00,6.025296077132225037e-02,4.596000000000000000e+03,4.618389648437500000e+03
-5.000000074505805969e-02,-2.500000000000000000e-01,-8.181957155466079712e-02,-9.532182663679122925e-02,8.360542058944702148e-01,5.989251285791397095e-02,3.484000000000000000e+03,3.607327636718750000e+03
0.000000000000000000e+00,2.514390051364898682e-01,-2.452895492315292358e-01,2.865665853023529053e-01,9.747299551963806152e-01,6.856493651866912842e-02,3.329000000000000000e+03,3.540868408203125000e+03
-6.024989485740661621e-02,-2.000000029802322388e-01,1.485334485769271851e-01,-2.612307369709014893e-01,1.046339631080627441e+00,7.227168232202529907e-02,3.950000000000000000e+03,4.119194824218750000e+03
-5.000000074505805969e-02,5.000000074505805969e-02,-1.180507097160443664e-04,6.581681221723556519e-02,1.274391889572143555e+00,5.894029885530471802e-02,3.730000000000000000e+03,3.736288574218750000e+03
2.145627290010452271e-01,0.000000000000000000e+00,3.789036069065332413e-03,2.246728837490081787e-01,7.504726648330688477e-01,7.712508738040924072e-02,2.191000000000000000e+03,2.546645263671875000e+03
-1.659073382616043091e-01,4.862083792686462402e-01,-6.313805282115936279e-02,6.343060731887817383e-01,7.799907326698303223e-01,8.111809939146041870e-02,2.598000000000000000e+03,2.734960937500000000e+03
-1.024989411234855652e-02,1.366542428731918335e-01,2.285277843475341797e-01,5.025210604071617126e-02,1.184964656829833984e+00,6.202860921621322632e-02,3.397000000000000000e+03,3.551311279296875000e+03
5.000000074505805969e-02,0.000000000000000000e+00,-2.751145064830780029e-01,-6.070858240127563477e-01,1.242035627365112305e+00,6.360891461372375488e-02,4.323000000000000000e+03,5.577135253906250000e+03
-1.500000059604644775e-01,2.514390051364898682e-01,-1.606031954288482666e-01,1.736028939485549927e-01,1.181244492530822754e+00,6.297854334115982056e-02,4.682000000000000000e+03,4.702551757812500000e+03
1.366542428731918335e-01,1.366542428731918335e-01,1.747567653656005859e-01,1.354399025440216064e-01,9.638968706130981445e-01,5.652162060141563416e-02,3.501000000000000000e+03,3.506477294921875000e+03
-5.000000074505805969e-02,0.000000000000000000e+00,1.319050192832946777e-01,-5.253371782600879669e-03,1.258435487747192383e+00,5.801814422011375427e-02,4.937000000000000000e+03,5.039469726562500000e+03
2.872454822063446045e-01,1.612953841686248779e-01,2.616675794124603271e-01,7.708317134529352188e-03,6.141201257705688477e-01,6.676127016544342041e-02,2.063000000000000000e+03,2.193683349609375000e+03
-5.000000074505805969e-02,9.482004493474960327e-02,9.407454729080200195e-02,1.370148658752441406e-01,8.659548163414001465e-01,6.806199252605438232e-02,3.394000000000000000e+03,3.495464111328125000e+03
1.645627170801162720e-01,-5.000000000000000000e-01,7.252301555126905441e-03,-5.275324583053588867e-01,5.543543696403503418e-01,6.304165720939636230e-02,1.775000000000000000e+03,1.919620971679687500e+03
0.000000000000000000e+00,-1.024989411234855652e-02,1.859683245420455933e-01,-5.292826294898986816e-01,1.191338777542114258e+00,6.592554599046707153e-02,4.372000000000000000e+03,5.266800292968750000e+03
5.000000074505805969e-02,-1.000000014901161194e-01,-2.757585048675537109e-01,-2.114908248186111450e-01,1.241403579711914062e+00,5.711747705936431885e-02,4.963000000000000000e+03,5.338398925781250000e+03
-2.000000029802322388e-01,-1.000000014901161194e-01,-1.783667057752609253e-01,-1.966955810785293579e-01,1.060570478439331055e+00,5.817347392439842224e-02,4.073000000000000000e+03,4.108381347656250000e+03
5.000000074505805969e-02,4.223684668540954590e-01,-1.139548346400260925e-01,5.545830726623535156e-01,8.360282182693481445e-01,5.989867076277732849e-02,2.701000000000000000e+03,2.869705810546875000e+03
-5.000000074505805969e-02,0.000000000000000000e+00,-2.704213261604309082e-01,3.001517355442047119e-01,1.207214713096618652e+00,7.170206308364868164e-02,4.216000000000000000e+03,4.607817871093750000e+03
9.482004493474960327e-02,0.000000000000000000e+00,1.342281252145767212e-01,-2.504329010844230652e-02,4.168199896812438965e-01,7.095710188150405884e-02,1.586000000000000000e+03,1.605790405273437500e+03
-6.000000238418579102e-01,2.322069555521011353e-01,-5.298535823822021484e-01,2.097384184598922729e-01,4.354830384254455566e-01,1.260395348072052002e-01,1.221000000000000000e+03,1.255702392578125000e+03
2.872454822063446045e-01,1.316963285207748413e-01,3.376982808113098145e-01,3.334765732288360596e-01,9.087829589843750000e-01,7.903477549552917480e-02,3.625000000000000000e+03,3.812308593750000000e+03
-2.641935050487518311e-01,1.366542428731918335e-01,-3.354778289794921875e-01,4.329149145632982254e-03,9.524980783462524414e-01,6.515312939882278442e-02,4.393000000000000000e+03,4.501741699218750000e+03
0.000000000000000000e+00,1.366542428731918335e-01,-2.203491628170013428e-01,3.050310611724853516e-01,1.048161745071411133e+00,5.153424665331840515e-02,4.291000000000000000e+03,4.586378906250000000e+03
-5.816580727696418762e-02,5.000000074505805969e-02,1.117272675037384033e-01,-7.751770317554473877e-02,1.220652818679809570e+00,6.431707739830017090e-02,4.789000000000000000e+03,4.933064453125000000e+03
-5.000000074505805969e-02,-1.024989411234855652e-02,-5.167426168918609619e-02,4.481371119618415833e-02,1.266863584518432617e+00,6.139850243926048279e-02,4.820000000000000000e+03,4.829150878906250000e+03
-3.000000119209289551e-01,-1.000000014901161194e-01,-3.094050288200378418e-01,-6.995348632335662842e-02,1.137280225753784180e+00,6.060866639018058777e-02,4.396000000000000000e+03,4.399329101562500000e+03
8.218087255954742432e-02,-1.000000014901161194e-01,2.083047628402709961e-01,-1.407955139875411987e-01,1.092422723770141602e+00,5.716268345713615417e-02,3.664000000000000000e+03,3.717671875000000000e+03
-2.500000000000000000e-01,-2.000000029802322388e-01,-1.757504492998123169e-01,-3.164614140987396240e-01,1.013815045356750488e+00,6.710439175367355347e-02,3.560000000000000000e+03,3.626012695312500000e+03
9.482004493474960327e-02,5.000000074505805969e-02,-1.823251694440841675e-01,2.587714791297912598e-01,1.261857748031616211e+00,6.139626726508140564e-02,4.936000000000000000e+03,5.302792480468750000e+03
-1.590733230113983154e-02,9.482004493474960327e-02,-4.205847978591918945e-01,5.630569532513618469e-02,1.269953012466430664e+00,5.923083052039146423e-02,4.658000000000000000e+03,5.124301757812500000e+03
0.000000000000000000e+00,5.000000074505805969e-02,1.758133177645504475e-03,2.306576259434223175e-02,1.231927633285522461e+00,5.400285124778747559e-02,4.478000000000000000e+03,4.480168945312500000e+03
5.000000074505805969e-02,-1.000000014901161194e-01,1.284308731555938721e-01,2.869218289852142334e-01,1.043334484100341797e+00,6.429871916770935059e-02,3.895000000000000000e+03,4.436149414062500000e+03
-6.510896980762481689e-02,0.000000000000000000e+00,-4.497066736221313477e-01,-1.521858870983123779e-01,1.094776630401611328e+00,5.665114521980285645e-02,4.456000000000000000e+03,5.072722167968750000e+03
9.482004493474960327e-02,4.482004791498184204e-02,5.314370393753051758e-01,-2.648601680994033813e-02,1.195987701416015625e+00,5.716376379132270813e-02,5.133000000000000000e+03,5.813981445312500000e+03
3.836328983306884766e-01,6.961627006530761719e-01,3.071554601192474365e-01,8.768628835678100586e-01,6.679606437683105469e-01,1.799596995115280151e-01,1.647000000000000000e+03,1.786487915039062500e+03
0.000000000000000000e+00,0.000000000000000000e+00,-4.087049961090087891e-01,-3.888139128684997559e-02,1.225099444389343262e+00,6.168003380298614502e-02,5.011000000000000000e+03,5.559367675781250000e+03
3.815837576985359192e-02,-2.500000000000000000e-01,-2.049001678824424744e-02,-5.391165614128112793e-01,1.181219816207885742e+00,5.745645612478256226e-02,4.635000000000000000e+03,4.920437011718750000e+03
0.000000000000000000e+00,-1.151089668273925781e-01,-9.630427509546279907e-02,4.009029828011989594e-03,1.005263328552246094e+00,5.816186964511871338e-02,3.946000000000000000e+03,4.037179931640625000e+03
-1.000000014901161194e-01,0.000000000000000000e+00,-2.911419272422790527e-01,-2.751944027841091156e-02,8.279204964637756348e-01,8.024634420871734619e-02,2.713000000000000000e+03,2.858899169921875000e+03
9.482004493474960327e-02,1.764043420553207397e-01,3.115601278841495514e-02,-7.093755900859832764e-02,1.081262230873107910e+00,7.044114917516708374e-02,3.978000000000000000e+03,4.197273925781250000e+03
-2.000000029802322388e-01,-1.024989411234855652e-02,-2.624147534370422363e-01,4.603100121021270752e-01,1.079570174217224121e+00,6.420899182558059692e-02,3.962000000000000000e+03,4.697934082031250000e+03
-1.000000014901161194e-01,2.053357064723968506e-01,-3.118474185466766357e-01,2.780582522973418236e-03,7.098971605300903320e-01,8.367055654525756836e-02,2.789000000000000000e+03,3.246849365234375000e+03
9.482004493474960327e-02,-2.000000029802322388e-01,4.901434108614921570e-02,-4.399319887161254883e-01,1.112241744995117188e+00,6.032744795083999634e-02,4.782000000000000000e+03,5.009701660156250000e+03
8.975010365247726440e-02,5.000000074505805969e-02,-1.270670257508754730e-02,3.451586961746215820e-01,7.675580978393554688e-01,6.985910981893539429e-02,2.420000000000000000e+03,2.806945312500000000e+03
0.000000000000000000e+00,-1.500000059604644775e-01,-4.681021273136138916e-01,-2.604838609695434570e-01,1.249703645706176758e+00,5.929210036993026733e-02,4.735000000000000000e+03,5.413291992187500000e+03
-1.500000059604644775e-01,-1.000000014901161194e-01,-1.690457165241241455e-01,-3.412895202636718750e-01,1.000494003295898438e+00,6.176142394542694092e-02,3.970000000000000000e+03,4.198650878906250000e+03
2.514390051364898682e-01,2.145627290010452271e-01,-2.129027247428894043e-02,3.160166144371032715e-01,8.288707137107849121e-01,9.842608124017715454e-02,3.137000000000000000e+03,3.513097900390625000e+03
-5.000000074505805969e-02,0.000000000000000000e+00,-1.326231062412261963e-01,1.865212917327880859e-01,1.208328008651733398e+00,6.062999367713928223e-02,4.310000000000000000e+03,4.431714355468750000e+03
1.366542428731918335e-01,0.000000000000000000e+00,1.527248416095972061e-02,-1.957419328391551971e-03,8.212903738021850586e-01,6.385997682809829712e-02,3.262000000000000000e+03,3.332717529296875000e+03
2.872454822063446045e-01,1.764043420553207397e-01,2.184903174638748169e-01,9.002304822206497192e-02,9.539304375648498535e-01,5.299208685755729675e-02,3.725000000000000000e+03,3.774542724609375000e+03
0.000000000000000000e+00,-5.000000074505805969e-02,2.443609535694122314e-01,-2.184947952628135681e-02,9.425262212753295898e-01,7.343113422393798828e-02,3.796000000000000000e+03,4.050227783203125000e+03
9.482004493474960327e-02,-1.000000014901161194e-01,-4.038239642977714539e-02,2.914698421955108643e-02,1.270205497741699219e+00,5.949283018708229065e-02,4.525000000000000000e+03,4.622394531250000000e+03
9.482004493474960327e-02,5.000000074505805969e-02,3.372476398944854736e-01,-1.951483637094497681e-01,1.086078524589538574e+00,6.440963596105575562e-02,4.476000000000000000e+03,4.916793945312500000e+03
-5.000000074505805969e-02,0.000000000000000000e+00,-6.352543830871582031e-02,-4.168907105922698975e-01,1.258942961692810059e+00,5.431917682290077209e-02,5.318000000000000000e+03,5.888394042968750000e+03
2.145627290010452271e-01,5.000000074505805969e-02,-5.903681740164756775e-02,3.388809561729431152e-01,1.098517775535583496e+00,5.723104998469352722e-02,4.234000000000000000e+03,4.774374023437500000e+03
2.145627290010452271e-01,2.145627290010452271e-01,1.877631247043609619e-01,2.484584748744964600e-01,4.204442501068115234e-01,5.143336951732635498e-02,1.593000000000000000e+03,1.609714111328125000e+03
0.000000000000000000e+00,2.872454822063446045e-01,-8.514548093080520630e-02,8.221261948347091675e-02,9.334585666656494141e-01,5.870025604963302612e-02,3.291000000000000000e+03,3.475092773437500000e+03
1.345701515674591064e-01,-1.118416264653205872e-01,-3.347209095954895020e-02,-6.524834316223859787e-03,9.497777223587036133e-01,5.505191534757614136e-02,3.971000000000000000e+03,4.142014648437500000e+03
-5.000000074505805969e-02,9.482004493474960327e-02,-2.543495297431945801e-01,5.345008969306945801e-01,1.205849528312683105e+00,5.735977366566658020e-02,4.771000000000000000e+03,5.516787109375000000e+03
0.000000000000000000e+00,0.000000000000000000e+00,1.019915789365768433e-01,6.399608403444290161e-02,1.293293356895446777e+00,5.992964655160903931e-02,4.481000000000000000e+03,4.519925292968750000e+03
3.073761053383350372e-02,9.482004493474960327e-02,-2.468066988512873650e-03,1.946145147085189819e-01,1.251768350601196289e+00,6.018247082829475403e-02,4.603000000000000000e+03,4.635490722656250000e+03
0.000000000000000000e+00,9.482004493474960327e-02,2.285422058776021004e-03,4.248665273189544678e-01,1.023520469665527344e+00,6.549666821956634521e-02,3.642000000000000000e+03,4.011088378906250000e+03
0.000000000000000000e+00,9.482004493474960327e-02,-2.273785918951034546e-01,1.381531506776809692e-01,8.730387687683105469e-01,6.460715830326080322e-02,2.802000000000000000e+03,2.995760742187500000e+03
-4.499999880790710449e-01,1.366542428731918335e-01,-6.251383423805236816e-01,1.026747301220893860e-01,8.474237322807312012e-01,9.543753415346145630e-02,2.966000000000000000e+03,3.095809082031250000e+03
-1.618416309356689453e-01,2.514390051364898682e-01,-4.036663770675659180e-01,2.930313944816589355e-01,8.118684887886047363e-01,7.158596813678741455e-02,2.416000000000000000e+03,2.632222412109375000e+03
-1.000000014901161194e-01,-1.500000059604644775e-01,-2.423534989356994629e-01,-1.951947510242462158e-01,6.069397926330566406e-01,8.178373426198959351e-02,1.638000000000000000e+03,1.735570800781250000e+03
-1.500000059604644775e-01,5.000000074505805969e-02,-3.912556767463684082e-01,4.106469154357910156e-01,1.136854887008666992e+00,5.779247730970382690e-02,4.833000000000000000e+03,5.514831542968750000e+03
-1.000000014901161194e-01,8.815837651491165161e-02,-4.262526333332061768e-01,3.596754074096679688e-01,1.215457797050476074e+00,5.804805830121040344e-02,4.942000000000000000e+03,5.527545898437500000e+03
-1.724679581820964813e-02,5.000000074505805969e-02,-1.152897402644157410e-01,2.841432094573974609e-01,1.203800201416015625e+00,5.915319174528121948e-02,4.703000000000000000e+03,4.909934570312500000e+03
5.000000074505805969e-02,0.000000000000000000e+00,-3.685485124588012695e-01,1.306899189949035645e-01,1.266992092132568359e+00,5.853205546736717224e-02,4.906000000000000000e+03,5.478175292968750000e+03
4.223684668540954590e-01,2.145627290010452271e-01,6.085677742958068848e-01,-2.436316013336181641e-01,9.804025888442993164e-01,8.530720323324203491e-02,3.352000000000000000e+03,4.161024414062500000e+03
2.514390051364898682e-01,3.815837576985359192e-02,-1.274886447936296463e-02,-6.237770896404981613e-03,1.117059469223022461e+00,7.264125347137451172e-02,3.517000000000000000e+03,3.716634033203125000e+03
1.764043420553207397e-01,-8.165807463228702545e-03,1.321990191936492920e-01,1.553790420293807983e-01,1.114315390586853027e+00,6.635633111000061035e-02,3.859000000000000000e+03,3.947547851562500000e+03
-5.000000074505805969e-02,0.000000000000000000e+00,2.458565831184387207e-01,2.588323950767517090e-01,1.159143447875976562e+00,8.010096848011016846e-02,3.952000000000000000e+03,4.394975097656250000e+03
2.145627290010452271e-01,0.000000000000000000e+00,2.426362484693527222e-01,2.216539382934570312e-01,1.231618046760559082e+00,6.017986685037612915e-02,4.291000000000000000e+03,4.430795898437500000e+03
5.000000074505805969e-02,1.366542428731918335e-01,1.850349307060241699e-01,1.754666715860366821e-01,1.088164567947387695e+00,6.143642216920852661e-02,4.183000000000000000e+03,4.252440429687500000e+03
0.000000000000000000e+00,1.764043420553207397e-01,-2.571392059326171875e-01,-5.019059404730796814e-02,1.147456288337707520e+00,7.747007906436920166e-02,3.780000000000000000e+03,4.109824218750000000e+03
-4.000000059604644775e-01,-2.500000000000000000e-01,-8.256307840347290039e-01,-1.460162997245788574e-01,1.105532050132751465e+00,7.174106687307357788e-02,4.218000000000000000e+03,4.857692382812500000e+03
9.482004493474960327e-02,-5.000000074505805969e-02,2.075146436691284180e-01,-1.556476354598999023e-01,9.538555741310119629e-01,5.287924408912658691e-02,4.237000000000000000e+03,4.347656250000000000e+03
1.366542428731918335e-01,1.764043420553207397e-01,1.070537120103836060e-01,3.928293287754058838e-01,1.144780993461608887e+00,6.271616369485855103e-02,3.396000000000000000e+03,3.518325439453125000e+03
9.482004493474960327e-02,1.366542428731918335e-01,3.217931389808654785e-01,-6.036916002631187439e-02,8.198787569999694824e-01,9.660444408655166626e-02,2.663000000000000000e+03,3.010872802734375000e+03
0.000000000000000000e+00,5.000000074505805969e-02,6.282495707273483276e-02,8.200398832559585571e-02,1.274549722671508789e+00,6.079081073403358459e-02,4.728000000000000000e+03,4.742378417968750000e+03
-1.500000059604644775e-01,1.764043420553207397e-01,-9.583490341901779175e-02,2.925671041011810303e-01,8.353788852691650391e-01,6.584154814481735229e-02,3.609000000000000000e+03,3.693562988281250000e+03
-1.000000014901161194e-01,4.183419048786163330e-02,2.412235736846923828e-01,3.531524240970611572e-01,1.272881865501403809e+00,6.066659092903137207e-02,5.001000000000000000e+03,5.639264160156250000e+03
3.073761053383350372e-02,5.481259822845458984e-01,-1.310273557901382446e-01,6.165477633476257324e-01,6.158893108367919922e-01,9.971334785223007202e-02,2.492000000000000000e+03,2.690682373046875000e+03
-5.179951898753643036e-03,-1.651089638471603394e-01,-1.972855180501937866e-01,-1.223669797182083130e-01,1.109024524688720703e+00,5.954591184854507446e-02,4.155000000000000000e+03,4.284720214843750000e+03
5.000000074505805969e-02,-5.000000074505805969e-02,-1.352031342685222626e-02,-5.093150138854980469e-01,1.068190693855285645e+00,5.904551967978477478e-02,4.528000000000000000e+03,5.347368164062500000e+03
9.482004493474960327e-02,-5.179951898753643036e-03,3.398753404617309570e-01,1.546864807605743408e-01,1.083693504333496094e+00,3.820762336254119873e-01,1.361600000000000000e+04,1.459224804687500000e+04
1.724607348442077637e-01,-4.000000059604644775e-01,1.750151664018630981e-01,-3.336284160614013672e-01,7.961592078208923340e-01,7.445099204778671265e-02,2.464000000000000000e+03,2.481182128906250000e+03
9.482004493474960327e-02,-1.500000059604644775e-01,-1.219014972448348999e-01,2.685707509517669678e-01,1.151934862136840820e+00,5.516066402196884155e-02,5.013000000000000000e+03,5.823658203125000000e+03
-3.000000119209289551e-01,-1.500000059604644775e-01,-7.920610904693603516e-01,1.159716397523880005e-01,1.167872190475463867e+00,8.177577704191207886e-02,3.751000000000000000e+03,4.572095703125000000e+03
1.366542428731918335e-01,-5.000000074505805969e-02,1.307439710944890976e-02,6.154884099960327148e-01,1.243701338768005371e+00,6.968237459659576416e-02,4.617000000000000000e+03,5.910315429687500000e+03
-5.000000074505805969e-02,-1.500000059604644775e-01,-4.379175007343292236e-01,-1.852384805679321289e-01,1.044166445732116699e+00,5.993670597672462463e-02,3.585000000000000000e+03,4.068004638671875000e+03
0.000000000000000000e+00,1.366542428731918335e-01,1.721258610486984253e-01,1.155752763152122498e-01,1.169363737106323242e+00,6.411271542310714722e-02,4.693000000000000000e+03,4.795473144531250000e+03
0.000000000000000000e+00,-5.000000074505805969e-02,-2.263418287038803101e-01,-1.037721186876296997e-01,1.202466607093811035e+00,5.277477204799652100e-02,5.205000000000000000e+03,5.397958496093750000e+03
-5.000000074505805969e-02,-5.000000074505805969e-02,-2.971432209014892578e-01,-3.376526758074760437e-02,9.705504179000854492e-01,5.366364866495132446e-02,4.248000000000000000e+03,4.520892578125000000e+03
-5.000000074505805969e-02,-6.024989485740661621e-02,-7.653591036796569824e-02,-1.769784539937973022e-01,9.972622394561767578e-01,6.928087770938873291e-02,3.572000000000000000e+03,3.623429931640625000e+03
-5.179951898753643036e-03,-5.000000074505805969e-02,-3.364462852478027344e-01,2.228211462497711182e-01,1.214095950126647949e+00,5.249023437500000000e-02,4.385000000000000000e+03,4.916951660156250000e+03
2.803703844547271729e-01,0.000000000000000000e+00,2.623516023159027100e-01,-2.052234672009944916e-02,1.025011062622070312e+00,6.421615183353424072e-02,3.718000000000000000e+03,3.720614257812500000e+03
-1.000000014901161194e-01,-5.000000074505805969e-02,-2.948868870735168457e-01,2.175679057836532593e-01,1.093989849090576172e+00,5.960851535201072693e-02,4.647000000000000000e+03,5.062888183593750000e+03
-5.179951898753643036e-03,-5.000000074505805969e-02,-1.633978933095932007e-01,4.010255634784698486e-01,1.262948393821716309e+00,6.583989411592483521e-02,4.576000000000000000e+03,5.211763671875000000e+03
5.000000074505805969e-02,2.122108340263366699e-01,6.932714581489562988e-02,-1.973082274198532104e-01,1.213069558143615723e+00,5.825399979948997498e-02,4.725000000000000000e+03,5.250410156250000000e+03
8.687628805637359619e-02,3.184255063533782959e-01,2.433518767356872559e-01,5.117911696434020996e-01,1.092532277107238770e+00,6.904613226652145386e-02,4.156000000000000000e+03,4.368591796875000000e+03
5.000000074505805969e-02,-1.159073337912559509e-01,-1.189004778861999512e-01,-2.959186732769012451e-01,1.158524036407470703e+00,5.580249801278114319e-02,4.994000000000000000e+03,5.218468261718750000e+03
4.183419048786163330e-02,-1.000000014901161194e-01,-8.699366822838783264e-03,-1.248864755034446716e-01,1.082957983016967773e+00,5.739521235227584839e-02,4.275000000000000000e+03,4.286614746093750000e+03
2.924878522753715515e-02,5.000000074505805969e-02,2.567648589611053467e-01,8.252808451652526855e-02,1.154193520545959473e+00,5.617000162601470947e-02,4.810000000000000000e+03,4.998690429687500000e+03
-1.000000014901161194e-01,9.482004493474960327e-02,5.454250425100326538e-02,-2.123288959264755249e-01,1.194498419761657715e+00,5.421155691146850586e-02,4.947000000000000000e+03,5.348324218750000000e+03
1.366542428731918335e-01,-3.700559735298156738e-01,8.404061943292617798e-02,-6.421646475791931152e-01,6.895532608032226562e-01,7.033500075340270996e-02,2.545000000000000000e+03,2.941326416015625000e+03
9.482004493474960327e-02,-8.165807463228702545e-03,-2.085127830505371094e-01,-7.851206511259078979e-02,1.236929416656494141e+00,5.663575232028961182e-02,4.750000000000000000e+03,5.046687500000000000e+03
4.482004791498184204e-02,5.000000074505805969e-02,7.862599194049835205e-02,2.333175987005233765e-01,1.147049546241760254e+00,6.365980952978134155e-02,4.251000000000000000e+03,4.362758789062500000e+03
-5.000000074505805969e-02,-3.000000119209289551e-01,-3.677434623241424561e-01,-2.475706040859222412e-01,1.019785642623901367e+00,6.121504679322242737e-02,3.672000000000000000e+03,4.029180419921875000e+03
2.514390051364898682e-01,5.000000074505805969e-02,2.045817971229553223e-01,1.581283062696456909e-01,1.080782175064086914e+00,6.770765036344528198e-02,3.589000000000000000e+03,3.631738769531250000e+03
-1.500000059604644775e-01,-3.499999940395355225e-01,-9.420447796583175659e-02,-1.890824735164642334e-01,9.374660253524780273e-01,6.811806559562683105e-02,3.084000000000000000e+03,3.185080322265625000e+03
1.707469075918197632e-01,-1.500000059604644775e-01,-5.578564479947090149e-02,2.757335603237152100e-01,1.152122735977172852e+00,8.340964466333389282e-02,3.496000000000000000e+03,4.085196777343750000e+03
-2.000000029802322388e-01,5.000000074505805969e-02,-4.229694306850433350e-01,1.047759428620338440e-01,1.102421760559082031e+00,6.774695217609405518e-02,4.565000000000000000e+03,4.760538085937500000e+03
5.000000074505805969e-02,-1.510896813124418259e-02,-2.882770597934722900e-01,-1.304127722978591919e-01,1.252145409584045410e+00,6.346197426319122314e-02,5.063000000000000000e+03,5.468422851562500000e+03
-2.000000029802322388e-01,-2.500000000000000000e-01,1.288843303918838501e-01,-8.287370204925537109e-02,1.033657670021057129e+00,5.689302831888198853e-02,4.182000000000000000e+03,4.699354980468750000e+03
-5.000000074505805969e-02,3.562291860580444336e-01,-1.881289179436862469e-03,4.895408079028129578e-02,1.090038657188415527e+00,5.858862772583961487e-02,4.571000000000000000e+03,4.935437011718750000e+03
0.000000000000000000e+00,0.000000000000000000e+00,-1.176774948835372925e-01,4.478588700294494629e-01,1.271451950073242188e+00,5.976510047912597656e-02,4.987000000000000000e+03,5.628439941406250000e+03
-5.000000074505805969e-02,2.145627290010452271e-01,-1.589222997426986694e-02,1.469377130270004272e-01,1.243272662162780762e+00,1.573626101016998291e-01,1.159100000000000000e+04,1.163369921875000000e+04
1.366542428731918335e-01,-1.500000059604644775e-01,1.524975746870040894e-01,9.350485354661941528e-02,1.044536590576171875e+00,5.652913823723793030e-02,2.948000000000000000e+03,3.106536865234375000e+03
2.145627290010452271e-01,-4.499999880790710449e-01,2.537442184984683990e-02,-5.787547230720520020e-01,6.823006272315979004e-01,5.969211831688880920e-02,2.508000000000000000e+03,2.783559082031250000e+03
5.000000074505805969e-02,-2.131237089633941650e-01,1.561675071716308594e-01,-1.574826985597610474e-01,8.150920271873474121e-01,8.287112414836883545e-02,2.692000000000000000e+03,2.749941894531250000e+03
2.514390051364898682e-01,9.183419495820999146e-02,4.667188823223114014e-01,9.733465313911437988e-02,8.977283835411071777e-01,8.670080453157424927e-02,3.761000000000000000e+03,3.974484130859375000e+03
-2.000000029802322388e-01,3.118000738322734833e-02,7.103777676820755005e-02,-4.052347540855407715e-01,1.204939723014831543e+00,5.665273219347000122e-02,4.693000000000000000e+03,5.514125488281250000e+03
1.366542428731918335e-01,5.000000074505805969e-02,3.272542357444763184e-01,5.710832774639129639e-04,1.232227206230163574e+00,6.140211969614028931e-02,4.572000000000000000e+03,4.688265136718750000e+03
-8.165807463228702545e-03,0.000000000000000000e+00,-2.010099589824676514e-03,1.709535866975784302e-01,6.551886200904846191e-01,7.335891574621200562e-02,2.014000000000000000e+03,2.148882812500000000e+03
0.000000000000000000e+00,-4.499999880790710449e-01,-2.236800491809844971e-01,-5.697737932205200195e-01,7.974168658256530762e-01,7.285702973604202271e-02,3.098000000000000000e+03,3.404344726562500000e+03
0.000000000000000000e+00,0.000000000000000000e+00,-3.188676238059997559e-01,1.356118768453598022e-01,1.215853333473205566e+00,5.948577076196670532e-02,4.944000000000000000e+03,5.338175781250000000e+03
0.000000000000000000e+00,0.000000000000000000e+00,-6.294783204793930054e-02,1.725297272205352783e-01,1.228367328643798828e+00,5.920470878481864929e-02,4.743000000000000000e+03,4.848804199218750000e+03
-1.661394163966178894e-02,0.000000000000000000e+00,1.954821944236755371e-01,-1.380075141787528992e-02,1.191899538040161133e+00,6.349410861730575562e-02,4.156000000000000000e+03,4.287350097656250000e+03
-1.024989411234855652e-02,-5.179951898753643036e-03,6.200460717082023621e-02,-1.853467077016830444e-01,8.878848552703857422e-01,7.189796119928359985e-02,3.108000000000000000e+03,3.255225341796875000e+03
3.218087181448936462e-02,4.183419048786163330e-02,3.074682652950286865e-01,-2.844143845140933990e-02,6.991243362426757812e-01,8.069655299186706543e-02,2.458000000000000000e+03,2.849542968750000000e+03
1.366542428731918335e-01,-2.500000000000000000e-01,1.543704718351364136e-01,-3.182389140129089355e-01,1.094767570495605469e+00,6.326521933078765869e-02,3.586000000000000000e+03,3.600794433593750000e+03
-3.159073293209075928e-01,-3.499999940395355225e-01,-2.072330862283706665e-01,-2.093981504440307617e-01,8.416205048561096191e-01,7.056985795497894287e-02,2.344000000000000000e+03,2.447137207031250000e+03
-1.500000059604644775e-01,1.748126149177551270e-01,-5.699165165424346924e-02,2.298450171947479248e-01,9.463359713554382324e-01,5.903659388422966003e-02,3.992000000000000000e+03,4.043674072265625000e+03
1.366542428731918335e-01,0.000000000000000000e+00,-8.423900604248046875e-02,-1.360929906368255615e-01,8.617708683013916016e-01,6.315116584300994873e-02,2.839000000000000000e+03,3.090945556640625000e+03
-5.816580727696418762e-02,-5.000000074505805969e-02,-3.055211901664733887e-01,2.212376743555068970e-01,1.191375374794006348e+00,5.513902381062507629e-02,4.622000000000000000e+03,5.051549804687500000e+03
-1.312371436506509781e-02,0.000000000000000000e+00,9.830479323863983154e-02,-1.253322511911392212e-01,1.208968758583068848e+00,6.165637075901031494e-02,4.210000000000000000e+03,4.290493164062500000e+03
0.000000000000000000e+00,-1.000000014901161194e-01,7.798901759088039398e-03,-9.155536442995071411e-02,5.287039875984191895e-01,6.733416765928268433e-02,1.586000000000000000e+03,1.586733764648437500e+03
-4.499999880790710449e-01,-1.618416309356689453e-01,-4.896508753299713135e-01,-6.093728169798851013e-02,4.981265664100646973e-01,8.205134421586990356e-02,1.435000000000000000e+03,1.502271484375000000e+03
-3.200559616088867188e-01,5.000000074505805969e-02,-1.737989783287048340e-01,1.860217601060867310e-01,6.522073745727539062e-01,8.120790868997573853e-02,2.224000000000000000e+03,2.428115722656250000e+03
3.562291860580444336e-01,1.297110766172409058e-01,6.054477021098136902e-02,-2.516079843044281006e-01,9.750707745552062988e-01,6.452408432960510254e-02,3.276000000000000000e+03,4.040322753906250000e+03
0.000000000000000000e+00,5.000000074505805969e-02,-3.563304543495178223e-01,-3.431615978479385376e-02,1.205747961997985840e+00,5.865380913019180298e-02,4.830000000000000000e+03,5.265918457031250000e+03
8.218087255954742432e-02,1.764043420553207397e-01,1.560080945491790771e-01,4.522342234849929810e-02,1.049792766571044922e+00,6.098821386694908142e-02,3.907000000000000000e+03,3.986907714843750000e+03
2.145627290010452271e-01,1.764043420553207397e-01,2.016728371381759644e-01,2.383409291505813599e-01,9.664611220359802246e-01,6.688372045755386353e-02,3.222000000000000000e+03,3.235714599609375000e+03
0.000000000000000000e+00,1.366542428731918335e-01,1.089129596948623657e-01,-2.252768874168395996e-01,1.162575840950012207e+00,6.438748538494110107e-02,4.338000000000000000e+03,4.784840332031250000e+03
1.366542428731918335e-01,-1.926239021122455597e-02,1.186755970120429993e-01,4.673729836940765381e-01,1.081850647926330566e+00,6.114039197564125061e-02,4.394000000000000000e+03,5.247547363281250000e+03
-5.000000074505805969e-02,9.482004493474960327e-02,-2.101290374994277954e-01,-4.364260435104370117e-01,1.272489547729492188e+00,6.097245961427688599e-02,5.205000000000000000e+03,6.153937500000000000e+03
-1.024989411234855652e-02,0.000000000000000000e+00,-1.042502522468566895e-01,-4.212275445461273193e-01,1.246488451957702637e+00,5.769381672143936157e-02,5.437000000000000000e+03,6.071104980468750000e+03
-5.000000074505805969e-02,5.000000074505805969e-02,1.074829623103141785e-01,1.222520843148231506e-01,1.200333595275878906e+00,7.498533278703689575e-02,4.690000000000000000e+03,4.787342773437500000e+03
-1.000000014901161194e-01,2.872454822063446045e-01,-1.500544697046279907e-01,-1.758839488029479980e-01,1.134569525718688965e+00,6.588662415742874146e-02,3.881000000000000000e+03,4.510967773437500000e+03
-5.000000074505805969e-02,2.457427233457565308e-01,5.798719078302383423e-02,8.251494169235229492e-02,8.982197642326354980e-01,7.300061732530593872e-02,3.317000000000000000e+03,3.472497802734375000e+03
5.000000074505805969e-02,-5.000000074505805969e-02,1.064928546547889709e-01,1.372990161180496216e-01,6.027972698211669922e-01,5.833674222230911255e-02,1.961000000000000000e+03,2.162994873046875000e+03
3.975010663270950317e-02,5.000000074505805969e-02,-1.181920692324638367e-01,1.832789778709411621e-01,9.680957794189453125e-01,6.110723689198493958e-02,3.508000000000000000e+03,3.666513427734375000e+03
-1.000000014901161194e-01,-5.000000074505805969e-02,1.917638331651687622e-01,-1.065149437636137009e-02,1.173751115798950195e+00,5.540499463677406311e-02,4.502000000000000000e+03,4.780559570312500000e+03
-5.000000074505805969e-02,-1.500000059604644775e-01,1.311419997364282608e-02,-3.913061320781707764e-01,1.067819237709045410e+00,6.379125267267227173e-02,3.895000000000000000e+03,4.104464355468750000e+03
1.366542428731918335e-01,0.000000000000000000e+00,4.281969964504241943e-01,-3.737086653709411621e-01,1.248955368995666504e+00,5.343081802129745483e-02,5.025000000000000000e+03,5.725825195312500000e+03
-5.000000074505805969e-02,0.000000000000000000e+00,-1.615322381258010864e-01,-1.104653403162956238e-01,1.241781353950500488e+00,5.962388217449188232e-02,4.778000000000000000e+03,4.854138183593750000e+03
-1.000000014901161194e-01,2.145627290010452271e-01,-1.656055897474288940e-01,2.954039871692657471e-01,6.786008477210998535e-01,7.589274644851684570e-02,2.104000000000000000e+03,2.153299072265625000e+03
-1.500000059604644775e-01,2.145627290010452271e-01,-4.016973078250885010e-02,3.433573842048645020e-01,1.117258667945861816e+00,5.513950809836387634e-02,5.037000000000000000e+03,5.151769531250000000e+03
-8.165807463228702545e-03,1.764043420553207397e-01,-5.898541212081909180e-01,4.929836392402648926e-01,1.216612339019775391e+00,5.615409091114997864e-02,4.357000000000000000e+03,5.577484375000000000e+03
1.366542428731918335e-01,1.764043420553207397e-01,3.151091635227203369e-01,1.002586260437965393e-01,1.188222885131835938e+00,9.810623526573181152e-02,3.899000000000000000e+03,4.002183349609375000e+03
2.872454822063446045e-01,-1.641935110092163086e-01,5.544915795326232910e-01,-3.447061181068420410e-01,1.065866708755493164e+00,6.390368938446044922e-02,4.220000000000000000e+03,4.597673339843750000e+03
-5.000000074505805969e-02,-8.165807463228702545e-03,-2.869779467582702637e-01,2.550545632839202881e-01,1.111564159393310547e+00,6.182114034891128540e-02,4.660000000000000000e+03,5.122696777343750000e+03
-1.500000059604644775e-01,5.000000074505805969e-02,1.698549687862396240e-01,8.267367631196975708e-02,1.267164230346679688e+00,5.786329135298728943e-02,4.311000000000000000e+03,4.584085449218750000e+03
1.366542428731918335e-01,1.366542428731918335e-01,1.755590885877609253e-01,2.903520464897155762e-01,8.684626817703247070e-01,5.832461267709732056e-02,3.064000000000000000e+03,3.165029785156250000e+03
3.975010663270950317e-02,-6.724679470062255859e-02,-3.587677478790283203e-01,-1.542608588933944702e-01,1.255722880363464355e+00,5.533273890614509583e-02,5.720000000000000000e+03,6.309194824218750000e+03
5.000000074505805969e-02,1.764043420553207397e-01,-1.830610446631908417e-02,2.148981243371963501e-01,9.970276355743408203e-01,6.531119346618652344e-02,3.292000000000000000e+03,3.312244628906250000e+03
-1.500000059604644775e-01,1.764043420553207397e-01,-2.370301783084869385e-01,1.281613707542419434e-01,1.165513157844543457e+00,5.564645305275917053e-02,4.495000000000000000e+03,4.527893554687500000e+03
2.132806330919265747e-01,-3.000000119209289551e-01,4.431517124176025391e-01,-5.373275279998779297e-01,1.045276284217834473e+00,6.409477442502975464e-02,3.835000000000000000e+03,4.209575195312500000e+03
5.000000074505805969e-02,9.482004493474960327e-02,1.670550853013992310e-01,-1.696656197309494019e-01,1.211608052253723145e+00,6.110629811882972717e-02,4.963000000000000000e+03,5.241980957031250000e+03
9.482004493474960327e-02,0.000000000000000000e+00,3.291504979133605957e-01,4.610589146614074707e-02,1.235397934913635254e+00,6.465168297290802002e-02,4.727000000000000000e+03,4.902238281250000000e+03
5.000000074505805969e-02,5.000000074505805969e-02,-3.230095803737640381e-01,9.867149591445922852e-02,1.247821927070617676e+00,5.386962741613388062e-02,4.841000000000000000e+03,5.272428710937500000e+03
1.366542428731918335e-01,3.562291860580444336e-01,4.080485701560974121e-01,7.032722234725952148e-01,1.111772775650024414e+00,5.390463769435882568e-02,4.992000000000000000e+03,5.749075195312500000e+03
1.707469075918197632e-01,7.893136888742446899e-02,4.312075674533843994e-01,1.565773934125900269e-01,8.941130638122558594e-01,6.034730002284049988e-02,3.743000000000000000e+03,4.082236083984375000e+03
9.482004493474960327e-02,2.145627290010452271e-01,2.983222901821136475e-01,2.654200494289398193e-01,1.061304330825805664e+00,6.440839916467666626e-02,4.563000000000000000e+03,4.740005859375000000e+03
9.482004493474960327e-02,2.145627290010452271e-01,2.303399443626403809e-01,4.064060151576995850e-01,9.758512377738952637e-01,1.061881408095359802e-01,3.266000000000000000e+03,3.452289794921875000e+03
1.366542428731918335e-01,4.545493423938751221e-01,1.809931248426437378e-01,2.979326844215393066e-01,8.280633091926574707e-01,7.214785367250442505e-02,2.837000000000000000e+03,2.945819335937500000e+03
-1.000000014901161194e-01,-5.000000074505805969e-02,6.390475481748580933e-02,-2.543952129781246185e-02,1.175966501235961914e+00,5.568920075893402100e-02,3.652000000000000000e+03,3.723965820312500000e+03
1.724607348442077637e-01,-3.499999940395355225e-01,4.469271302223205566e-01,-6.936241984367370605e-01,1.008983731269836426e+00,7.845413684844970703e-02,3.815000000000000000e+03,4.510522949218750000e+03
-1.500000059604644775e-01,1.366542428731918335e-01,1.313612461090087891e-01,2.683549821376800537e-01,1.128432989120483398e+00,6.971532106399536133e-02,4.585000000000000000e+03,4.925709960937500000e+03
-1.500000059604644775e-01,-2.500000000000000000e-01,-2.287737131118774414e-01,-4.348416328430175781e-01,7.332561016082763672e-01,8.365258574485778809e-02,2.298000000000000000e+03,2.467249755859375000e+03
-5.816580727696418762e-02,-1.000000014901161194e-01,1.461421698331832886e-01,-1.554685831069946289e-01,1.159553408622741699e+00,5.755535513162612915e-02,4.363000000000000000e+03,4.506862304687500000e+03
9.482004493474960327e-02,-2.500000000000000000e-01,1.888366788625717163e-01,-1.602350920438766479e-01,6.672013401985168457e-01,7.878925651311874390e-02,1.667000000000000000e+03,1.729864624023437500e+03
5.000000074505805969e-02,0.000000000000000000e+00,2.282309383153915405e-01,-4.043255746364593506e-02,1.192517518997192383e+00,6.281646341085433960e-02,4.719000000000000000e+03,4.829571289062500000e+03
8.275320380926132202e-02,5.000000074505805969e-02,-1.298550665378570557e-01,1.153295561671257019e-01,5.685480833053588867e-01,6.459377706050872803e-02,2.138000000000000000e+03,2.454946777343750000e+03
9.482004493474960327e-02,5.000000074505805969e-02,4.825305640697479248e-01,-5.773838981986045837e-02,1.123161315917968750e+00,5.678525939583778381e-02,3.906000000000000000e+03,4.393000000000000000e+03
5.000000074505805969e-02,-5.816580727696418762e-02,4.777024984359741211e-01,1.264158189296722412e-01,1.155676126480102539e+00,6.286129355430603027e-02,4.782000000000000000e+03,5.532334472656250000e+03
-5.000000074505805969e-02,-5.000000074505805969e-02,-1.111105531454086304e-01,1.059411987662315369e-01,1.254385352134704590e+00,5.875021591782569885e-02,4.651000000000000000e+03,4.733304687500000000e+03
5.000000074505805969e-02,0.000000000000000000e+00,-6.178130395710468292e-03,2.861117199063301086e-02,1.269702672958374023e+00,5.809356644749641418e-02,4.978000000000000000e+03,4.990250000000000000e+03
3.221365213394165039e-01,-2.500000000000000000e-01,9.092716127634048462e-02,-2.164285331964492798e-01,9.838503599166870117e-01,5.978392809629440308e-02,3.350000000000000000e+03,3.536478271484375000e+03
-1.500000059604644775e-01,-2.000000029802322388e-01,-2.579173445701599121e-01,-3.876871466636657715e-01,7.492790222167968750e-01,6.381107121706008911e-02,2.772000000000000000e+03,2.998831298828125000e+03
1.764043420553207397e-01,-1.500000059604644775e-01,6.914269924163818359e-02,1.044371798634529114e-01,1.036709189414978027e+00,8.013014495372772217e-02,2.937000000000000000e+03,3.141949707031250000e+03
1.764043420553207397e-01,-1.024989411234855652e-02,1.623778045177459717e-01,2.187126874923706055e-01,6.586728692054748535e-01,6.496383249759674072e-02,2.516000000000000000e+03,2.812931640625000000e+03
0.000000000000000000e+00,-1.000000014901161194e-01,1.161230951547622681e-01,1.544290315359830856e-02,1.245228052139282227e+00,5.473702400922775269e-02,4.918000000000000000e+03,5.002987304687500000e+03
-3.000000119209289551e-01,-1.000000014901161194e-01,-3.788241147994995117e-01,-1.444935947656631470e-01,6.590732336044311523e-01,7.247627526521682739e-02,2.668000000000000000e+03,2.718238281250000000e+03
-5.000000074505805969e-02,9.482004493474960327e-02,-1.333274096250534058e-01,6.405404210090637207e-02,1.196807503700256348e+00,5.957724153995513916e-02,4.836000000000000000e+03,4.862738769531250000e+03
-5.179951898753643036e-03,0.000000000000000000e+00,8.119781315326690674e-02,-2.215337380766868591e-02,1.272037863731384277e+00,5.684814602136611938e-02,4.559000000000000000e+03,4.581532714843750000e+03
1.764043420553207397e-01,2.145627290010452271e-01,1.294127553701400757e-01,2.010046243667602539e-01,9.801614880561828613e-01,5.810718238353729248e-02,3.085000000000000000e+03,3.092746337890625000e+03
-1.926239021122455597e-02,0.000000000000000000e+00,-7.270575314760208130e-02,-2.490438222885131836e-01,1.244772791862487793e+00,5.958943441510200500e-02,5.151000000000000000e+03,5.364558105468750000e+03
3.221365213394165039e-01,9.482004493474960327e-02,3.741624951362609863e-01,-4.611068367958068848e-01,1.211846351623535156e+00,5.978748947381973267e-02,4.442000000000000000e+03,5.344368164062500000e+03
-2.500000000000000000e-01,2.514390051364898682e-01,-4.514943659305572510e-01,8.219755291938781738e-01,1.070313215255737305e+00,9.528516978025436401e-02,4.195000000000000000e+03,5.455812988281250000e+03
-1.196730434894561768e-01,-2.500000000000000000e-01,-1.623341292142868042e-01,-3.646257519721984863e-01,8.444859385490417480e-01,6.684437394142150879e-02,3.495000000000000000e+03,3.568072998046875000e+03
-5.000000074505805969e-02,1.764043420553207397e-01,-1.564787179231643677e-01,7.407788932323455811e-02,9.349468350410461426e-01,6.310538202524185181e-02,3.551000000000000000e+03,3.638899169921875000e+03
8.489102870225906372e-02,-5.000000074505805969e-02,4.206175804138183594e-01,6.524016708135604858e-02,9.458967447280883789e-01,7.354330271482467651e-02,3.115000000000000000e+03,3.539553955078125000e+03
-1.000000014901161194e-01,1.724607348442077637e-01,-4.042404517531394958e-02,2.183288037776947021e-01,7.710034847259521484e-01,6.595084071159362793e-02,2.394000000000000000e+03,2.416664306640625000e+03
-2.500000000000000000e-01,9.482004493474960327e-02,-2.189531624317169189e-01,-1.706928759813308716e-01,9.112950563430786133e-01,5.663775280117988586e-02,3.002000000000000000e+03,3.255159912109375000e+03
1.764043420553207397e-01,-1.000000014901161194e-01,-2.680307626724243164e-01,-1.845183521509170532e-01,1.170342564582824707e+00,6.884636729955673218e-02,4.138000000000000000e+03,4.735310546875000000e+03
0.000000000000000000e+00,0.000000000000000000e+00,5.174499377608299255e-02,1.227626055479049683e-01,5.670278668403625488e-01,7.142262905836105347e-02,1.883000000000000000e+03,1.985777099609375000e+03
5.000000074505805969e-02,8.687628805637359619e-02,3.070308268070220947e-01,4.291921257972717285e-01,1.166048645973205566e+00,6.967686861753463745e-02,4.411000000000000000e+03,4.987217285156250000e+03
-5.000000074505805969e-02,-1.196730434894561768e-01,3.337090015411376953e-01,-4.520803317427635193e-02,1.208138704299926758e+00,6.251679360866546631e-02,4.457000000000000000e+03,4.912378906250000000e+03
0.000000000000000000e+00,0.000000000000000000e+00,2.448156774044036865e-01,-1.032961346209049225e-02,1.279758095741271973e+00,5.959327146410942078e-02,5.240000000000000000e+03,5.430939453125000000e+03
1.764043420553207397e-01,0.000000000000000000e+00,3.209139108657836914e-01,3.061529062688350677e-02,9.822204113006591797e-01,7.646476477384567261e-02,3.990000000000000000e+03,4.079639892578125000e+03
2.872454822063446045e-01,1.764043420553207397e-01,2.815316319465637207e-01,1.746634542942047119e-01,8.906150460243225098e-01,7.020758837461471558e-02,3.067000000000000000e+03,3.067129638671875000e+03
-1.500000059604644775e-01,-5.000000074505805969e-02,-1.272763684391975403e-02,9.557080455124378204e-03,9.019282460212707520e-01,5.929691344499588013e-02,3.147000000000000000e+03,3.233050781250000000e+03
-5.000000074505805969e-02,9.482004493474960327e-02,-2.051146179437637329e-01,-7.245558500289916992e-02,7.921248078346252441e-01,7.683906704187393188e-02,2.945000000000000000e+03,3.184948730468750000e+03
0.000000000000000000e+00,1.662398129701614380e-01,-3.899960219860076904e-01,-1.546857357025146484e-01,1.197527170181274414e+00,5.280191078782081604e-02,4.753000000000000000e+03,5.566147949218750000e+03
2.514390051364898682e-01,-5.000000074505805969e-02,3.528539240360260010e-01,-1.278038173913955688e-01,4.196320474147796631e-01,7.920590043067932129e-02,1.295000000000000000e+03,1.412368652343750000e+03
3.687628731131553650e-02,0.000000000000000000e+00,1.303355097770690918e-01,2.000268250703811646e-01,1.281286597251892090e+00,5.584552511572837830e-02,5.321000000000000000e+03,5.478089843750000000e+03
9.482004493474960327e-02,1.366542428731918335e-01,-8.751784265041351318e-02,1.443363875150680542e-01,6.991505622863769531e-01,6.948484480381011963e-02,2.249000000000000000e+03,2.399621337890625000e+03
-5.000000074505805969e-02,5.000000074505805969e-02,1.813188754022121429e-02,1.160531956702470779e-02,1.138330221176147461e+00,6.131783500313758850e-02,4.066000000000000000e+03,4.085236816406250000e+03
-1.500000059604644775e-01,-5.000000074505805969e-02,-6.012624502182006836e-01,-1.040813401341438293e-01,8.794786930084228516e-01,6.131196394562721252e-02,3.516000000000000000e+03,4.407428710937500000e+03
1.366542428731918335e-01,-1.000000014901161194e-01,2.604688704013824463e-01,-2.560561597347259521e-01,5.501631498336791992e-01,7.426767796277999878e-02,2.082000000000000000e+03,2.346689208984375000e+03
5.000000074505805969e-02,0.000000000000000000e+00,4.969487190246582031e-01,6.575695425271987915e-02,1.264898061752319336e+00,5.307588726282119751e-02,4.904000000000000000e+03,5.513047851562500000e+03
-3.499999940395355225e-01,1.264043450355529785e-01,7.799082249402999878e-02,6.213477849960327148e-01,1.213227868080139160e+00,8.461147546768188477e-02,3.645000000000000000e+03,4.646486816406250000e+03
-2.500000000000000000e-01,5.000000074505805969e-02,-3.865771293640136719e-01,1.617255806922912598e-01,8.356795907020568848e-01,7.006828486919403076e-02,2.716000000000000000e+03,2.835505371093750000e+03
-5.000000074505805969e-02,9.482004493474960327e-02,1.520530730485916138e-01,-5.251230001449584961e-01,1.123451352119445801e+00,8.260105550289154053e-02,3.604000000000000000e+03,4.744750488281250000e+03
-1.000000014901161194e-01,-1.000000014901161194e-01,-2.581436038017272949e-01,-4.296518266201019287e-01,8.369649648666381836e-01,6.838681548833847046e-02,3.500000000000000000e+03,4.140481933593750000e+03
-5.816580727696418762e-02,-1.500000059604644775e-01,-4.904857650399208069e-02,-1.224558949470520020e-01,9.859592318534851074e-01,5.898465588688850403e-02,3.027000000000000000e+03,3.029638183593750000e+03
-7.535886019468307495e-02,-3.499999940395355225e-01,-1.920379102230072021e-01,-2.516054213047027588e-01,6.176959872245788574e-01,8.732193708419799805e-02,1.692000000000000000e+03,1.793754394531250000e+03
-5.000000074505805969e-02,3.975010663270950317e-02,1.772083342075347900e-01,-7.713919505476951599e-03,1.232352018356323242e+00,6.571006029844284058e-02,4.727000000000000000e+03,4.893354003906250000e+03
1.329784244298934937e-01,-1.688199937343597412e-01,1.580770015716552734e-01,-5.875337123870849609e-01,1.232519865036010742e+00,5.360932275652885437e-02,5.139000000000000000e+03,5.719630859375000000e+03
-3.000000119209289551e-01,-3.000000119209289551e-01,-3.371463716030120850e-01,-3.675373196601867676e-01,7.787274718284606934e-01,7.262717932462692261e-02,2.276000000000000000e+03,2.298233886718750000e+03
-5.000000074505805969e-02,5.000000074505805969e-02,-2.112239450216293335e-01,2.357426583766937256e-01,1.004294633865356445e+00,5.934944376349449158e-02,4.175000000000000000e+03,4.421321289062500000e+03
-5.000000074505805969e-02,-1.500000059604644775e-01,6.179950758814811707e-02,3.379161059856414795e-01,1.251700639724731445e+00,5.523012205958366394e-02,5.472000000000000000e+03,6.317724609375000000e+03
-1.500000059604644775e-01,4.223684668540954590e-01,1.167851388454437256e-01,4.664252698421478271e-01,9.341550469398498535e-01,7.178132981061935425e-02,3.400000000000000000e+03,3.679423828125000000e+03
-5.000000074505805969e-02,-3.000000119209289551e-01,-2.003483623266220093e-01,-4.391389191150665283e-01,9.519650936126708984e-01,5.730229988694190979e-02,3.516000000000000000e+03,3.677409179687500000e+03
-2.000000029802322388e-01,1.724607348442077637e-01,-3.100629448890686035e-01,-1.066215038299560547e-01,5.677036643028259277e-01,6.843810528516769409e-02,1.892000000000000000e+03,2.392240722656250000e+03
3.896152675151824951e-01,5.000000074505805969e-02,4.654721617698669434e-01,-3.296264708042144775e-01,9.635990262031555176e-01,6.334712356328964233e-02,3.889000000000000000e+03,4.494624023437500000e+03
2.145627290010452271e-01,-1.000000014901161194e-01,2.003974318504333496e-01,-5.319000780582427979e-02,1.202838301658630371e+00,6.066811084747314453e-02,3.869000000000000000e+03,3.875364501953125000e+03
0.000000000000000000e+00,4.192008078098297119e-01,2.715897560119628906e-01,1.283997446298599243e-01,1.062500357627868652e+00,6.581559032201766968e-02,3.418000000000000000e+03,3.882062744140625000e+03
1.764043420553207397e-01,0.000000000000000000e+00,1.280963867902755737e-01,-1.079206392168998718e-01,1.156991004943847656e+00,4.761611670255661011e-02,4.005000000000000000e+03,4.046600830078125000e+03
-4.000000059604644775e-01,3.221365213394165039e-01,-1.263071298599243164e-01,5.742154717445373535e-01,9.159694910049438477e-01,9.210047125816345215e-02,2.763000000000000000e+03,3.203127441406250000e+03
-1.141935139894485474e-01,2.872454822063446045e-01,2.294521629810333252e-01,4.802569150924682617e-01,9.826927185058593750e-01,7.772878557443618774e-02,3.498000000000000000e+03,4.040680419921875000e+03
-1.500000059604644775e-01,-1.000000014901161194e-01,-5.859742164611816406e-01,-1.577141433954238892e-01,1.144332289695739746e+00,5.957516655325889587e-02,5.058000000000000000e+03,5.779801757812500000e+03
-1.141935139894485474e-01,2.145627290010452271e-01,7.506015151739120483e-02,2.791894972324371338e-01,1.088114500045776367e+00,6.529011577367782593e-02,3.966000000000000000e+03,4.099138671875000000e+03
0.000000000000000000e+00,5.000000074505805969e-02,-1.929717324674129486e-02,5.055077672004699707e-01,1.186820507049560547e+00,5.820252001285552979e-02,4.783000000000000000e+03,5.465557617187500000e+03
-1.102498918771743774e-01,1.748126149177551270e-01,-9.510000795125961304e-02,1.231859624385833740e-01,1.262173891067504883e+00,5.998023226857185364e-02,3.631000000000000000e+03,3.637579345703125000e+03
-2.000000029802322388e-01,2.872454822063446045e-01,-2.470506578683853149e-01,2.406302839517593384e-01,7.919109463691711426e-01,6.639926880598068237e-02,2.043000000000000000e+03,2.057246337890625000e+03
8.687628805637359619e-02,5.000000074505805969e-02,-5.767640098929405212e-02,5.080027505755424500e-02,1.179741024971008301e+00,6.813278794288635254e-02,4.579000000000000000e+03,4.647232421875000000e+03
3.489103168249130249e-02,0.000000000000000000e+00,2.324181795120239258e-01,-3.306224942207336426e-01,1.271137595176696777e+00,5.993296951055526733e-02,5.235000000000000000e+03,5.705488281250000000e+03
5.000000074505805969e-02,1.764043420553207397e-01,-5.967704579234123230e-02,3.683946728706359863e-01,1.039194822311401367e+00,5.386425182223320007e-02,2.732000000000000000e+03,2.854146728515625000e+03
0.000000000000000000e+00,3.815837576985359192e-02,-5.534298717975616455e-02,3.898687958717346191e-01,1.284656524658203125e+00,5.074071884155273438e-02,5.084000000000000000e+03,5.466853027343750000e+03
-4.672468006610870361e-01,2.872454822063446045e-01,-5.783960819244384766e-01,5.321962833404541016e-01,1.037213444709777832e+00,7.115052640438079834e-02,3.496000000000000000e+03,3.726922607421875000e+03
4.482004791498184204e-02,-2.000000029802322388e-01,-3.147186338901519775e-01,-4.244405925273895264e-01,8.529039025306701660e-01,8.362497389316558838e-02,3.323000000000000000e+03,4.104143554687500000e+03
-1.320126354694366455e-01,4.545493423938751221e-01,-1.597152650356292725e-01,3.187872171401977539e-01,4.106773436069488525e-01,1.624075919389724731e-01,7.310000000000000000e+02,8.119616088867187500e+02
0.000000000000000000e+00,9.482004493474960327e-02,6.524379830807447433e-03,2.964011132717132568e-01,8.619863986968994141e-01,5.828050896525382996e-02,3.105000000000000000e+03,3.272809326171875000e+03
9.482004493474960327e-02,4.482004791498184204e-02,5.792317539453506470e-02,2.240494340658187866e-01,8.547522425651550293e-01,6.530269980430603027e-02,3.354000000000000000e+03,3.506357910156250000e+03
5.000000074505805969e-02,5.000000074505805969e-02,1.160256266593933105e-01,-5.179825797677040100e-02,1.092034578323364258e+00,6.460147351026535034e-02,4.095000000000000000e+03,4.145626953125000000e+03
1.366542428731918335e-01,5.000000074505805969e-02,2.003336101770401001e-01,-1.871341913938522339e-01,1.146366000175476074e+00,6.291967630386352539e-02,4.667000000000000000e+03,4.879001953125000000e+03
-2.342494726181030273e-01,6.961627006530761719e-01,-1.384658515453338623e-01,6.689718365669250488e-01,4.493934810161590576e-01,7.236796617507934570e-02,1.166000000000000000e+03,1.222680053710937500e+03
0.000000000000000000e+00,-5.000000074505805969e-02,1.581511050462722778e-01,-1.828751862049102783e-01,1.133729219436645508e+00,5.457540601491928101e-02,4.439000000000000000e+03,4.585368164062500000e+03
-5.000000074505805969e-02,0.000000000000000000e+00,-9.503959864377975464e-02,8.738433569669723511e-02,1.107979655265808105e+00,6.277664750814437866e-02,4.347000000000000000e+03,4.381126953125000000e+03
9.482004493474960327e-02,-6.312371790409088135e-02,5.874618887901306152e-02,-1.777670830488204956e-01,9.996710419654846191e-01,7.159523665904998779e-02,3.943000000000000000e+03,3.999771728515625000e+03
0.000000000000000000e+00,-2.000000029802322388e-01,2.100940495729446411e-01,-5.571885108947753906e-01,1.109579920768737793e+00,7.760288566350936890e-02,4.215000000000000000e+03,4.785074707031250000e+03
1.306265294551849365e-01,-5.000000074505805969e-02,-2.894634902477264404e-01,-1.207232773303985596e-01,1.257410645484924316e+00,5.632046237587928772e-02,5.015000000000000000e+03,5.574888183593750000e+03
4.657939672470092773e-01,6.672313809394836426e-01,3.578266203403472900e-01,6.656764149665832520e-01,4.511528909206390381e-01,1.801727265119552612e-01,2.068000000000000000e+03,2.184814941406250000e+03
1.366542428731918335e-01,0.000000000000000000e+00,3.409734666347503662e-01,-2.546603977680206299e-01,1.091634750366210938e+00,5.737291648983955383e-02,4.557000000000000000e+03,4.956310546875000000e+03
-5.000000074505805969e-02,9.482004493474960327e-02,-4.879649579524993896e-01,3.787039965391159058e-02,1.212864637374877930e+00,5.751233920454978943e-02,4.607000000000000000e+03,5.199563476562500000e+03
8.275320380926132202e-02,5.000000074505805969e-02,9.183940291404724121e-02,1.222271937876939774e-02,7.565137743949890137e-01,1.007564291357994080e-01,2.121000000000000000e+03,2.126541992187500000e+03
-1.184162404388189316e-02,3.896152675151824951e-01,-9.708578139543533325e-02,4.184558391571044922e-01,6.595882773399353027e-01,6.548415869474411011e-02,1.885000000000000000e+03,1.919953369140625000e+03
-2.641935050487518311e-01,2.872454822063446045e-01,-3.188265860080718994e-01,5.631681680679321289e-01,9.465200304985046387e-01,6.613817065954208374e-02,3.646000000000000000e+03,3.961441650390625000e+03
-5.000000074505805969e-02,0.000000000000000000e+00,-8.675508946180343628e-02,2.528925426304340363e-02,1.106537580490112305e+00,7.203748822212219238e-02,4.196000000000000000e+03,4.202902343750000000e+03
5.000000074505805969e-02,-1.200559586286544800e-01,-2.930643968284130096e-02,3.958720862865447998e-01,1.122649431228637695e+00,5.160809680819511414e-02,3.769000000000000000e+03,4.549070800781250000e+03
-1.500000059604644775e-01,5.000000074505805969e-02,-1.386950165033340454e-01,-3.510278761386871338e-01,1.172610640525817871e+00,6.001522019505500793e-02,4.527000000000000000e+03,5.042567871093750000e+03
-1.000000014901161194e-01,-5.816580727696418762e-02,-1.450033783912658691e-01,-9.883280098438262939e-02,1.115535736083984375e+00,5.790963023900985718e-02,3.900000000000000000e+03,3.911430908203125000e+03
-6.184162572026252747e-02,4.223684668540954590e-01,-1.757152825593948364e-01,2.143826335668563843e-01,6.324289441108703613e-01,8.541574329137802124e-02,1.596000000000000000e+03,1.813524169921875000e+03
1.247640922665596008e-01,6.083970069885253906e-01,8.111350238323211670e-02,5.891987085342407227e-01,7.856650352478027344e-01,6.375007331371307373e-02,2.668000000000000000e+03,2.677828613281250000e+03
5.000000074505805969e-02,0.000000000000000000e+00,1.820311248302459717e-01,3.238112032413482666e-01,1.018785476684570312e+00,7.714878022670745850e-02,3.385000000000000000e+03,3.773581298828125000e+03
-1.618416309356689453e-01,9.482004493474960327e-02,-3.350347578525543213e-01,5.965796764940023422e-03,5.035385489463806152e-01,6.300412863492965698e-02,1.743000000000000000e+03,1.994598022460937500e+03
-1.651089638471603394e-01,-1.159073337912559509e-01,-3.178125023841857910e-01,-4.155841171741485596e-01,1.141572475433349609e+00,7.197944074869155884e-02,3.904000000000000000e+03,4.236054199218750000e+03
-4.000000059604644775e-01,-1.510896813124418259e-02,-3.880649507045745850e-01,3.078005462884902954e-02,5.805990695953369141e-01,1.176691055297851562e-01,1.685000000000000000e+03,1.696184082031250000e+03
5.000000074505805969e-02,-5.000000074505805969e-02,5.139385163784027100e-02,-1.299745738506317139e-01,1.242811083793640137e+00,6.143880635499954224e-02,5.060000000000000000e+03,5.080875488281250000e+03
-1.631237119436264038e-01,3.221365213394165039e-01,-1.607890725135803223e-01,2.298122048377990723e-01,6.515939831733703613e-01,6.315591186285018921e-02,1.992000000000000000e+03,2.031845336914062500e+03
2.434940934181213379e-01,-5.000000074505805969e-02,-1.435213685035705566e-01,1.680049113929271698e-02,1.086393594741821289e+00,5.741725116968154907e-02,4.065000000000000000e+03,4.581792480468750000e+03
0.000000000000000000e+00,-5.000000074505805969e-02,-1.107128858566284180e-01,-6.368411332368850708e-02,1.191525220870971680e+00,5.405394360423088074e-02,4.807000000000000000e+03,4.849216796875000000e+03
3.701047003269195557e-01,-9.499999880790710449e-01,3.650838434696197510e-01,-8.861764669418334961e-01,4.300370514392852783e-01,1.634850800037384033e-01,1.210000000000000000e+03,1.236610351562500000e+03
3.975010663270950317e-02,1.764043420553207397e-01,7.102787494659423828e-02,2.481775879859924316e-01,4.949284493923187256e-01,7.400317490100860596e-02,1.826000000000000000e+03,1.871506713867187500e+03
5.000000074505805969e-02,5.000000074505805969e-02,-9.057533740997314453e-02,1.827743500471115112e-01,1.065117120742797852e+00,8.430465310811996460e-02,3.046000000000000000e+03,3.145834716796875000e+03
-1.500000059604644775e-01,1.366542428731918335e-01,-2.047528773546218872e-01,2.777571976184844971e-01,9.520076513290405273e-01,7.472361624240875244e-02,3.418000000000000000e+03,3.503758789062500000e+03
3.975010663270950317e-02,6.083970069885253906e-01,5.549405142664909363e-02,7.187240719795227051e-01,5.919620394706726074e-01,6.616796553134918213e-02,2.182000000000000000e+03,2.258789550781250000e+03
1.366542428731918335e-01,-2.500000000000000000e-01,1.359584778547286987e-01,-2.062530517578125000e-01,1.092017292976379395e+00,5.979582294821739197e-02,3.653000000000000000e+03,3.658861328125000000e+03
-2.678191363811492920e-01,-5.000000074505805969e-02,-4.481157660484313965e-01,-1.544723361730575562e-01,7.751558423042297363e-01,1.135626509785652161e-01,2.519000000000000000e+03,2.697989257812500000e+03
0.000000000000000000e+00,2.514390051364898682e-01,-2.409120351076126099e-01,1.176066845655441284e-01,7.942146062850952148e-01,8.470320701599121094e-02,2.614000000000000000e+03,2.920071777343750000e+03
-5.179951898753643036e-03,5.000000074505805969e-02,-1.292639970779418945e-01,-1.686207205057144165e-01,1.264540076255798340e+00,6.007467582821846008e-02,5.194000000000000000e+03,5.397754394531250000e+03
1.366542428731918335e-01,-5.000000074505805969e-02,1.103578433394432068e-01,3.592943847179412842e-01,1.168007254600524902e+00,5.567140132188796997e-02,4.428000000000000000e+03,4.958876953125000000e+03
4.482004791498184204e-02,1.366542428731918335e-01,-3.387270867824554443e-02,7.997133769094944000e-03,9.686967730522155762e-01,6.479945778846740723e-02,3.146000000000000000e+03,3.221778076171875000e+03
4.183419048786163330e-02,0.000000000000000000e+00,2.350866198539733887e-01,3.778025880455970764e-02,1.158862471580505371e+00,5.407501384615898132e-02,4.596000000000000000e+03,4.727459960937500000e+03
0.000000000000000000e+00,9.482004493474960327e-02,1.142635196447372437e-01,5.424809083342552185e-02,1.172631740570068359e+00,6.332488358020782471e-02,4.352000000000000000e+03,4.398583007812500000e+03
5.000000074505805969e-02,1.764043420553207397e-01,1.913398355245590210e-01,3.236514627933502197e-01,6.959122419357299805e-01,8.519344031810760498e-02,2.328000000000000000e+03,2.524321289062500000e+03
-6.184162572026252747e-02,-6.926239281892776489e-02,-1.456554532051086426e-01,-6.405289173126220703e-01,1.038226604461669922e+00,6.206398084759712219e-02,3.991000000000000000e+03,5.153357910156250000e+03
1.366542428731918335e-01,-2.500000000000000000e-01,1.525986194610595703e-01,-1.581820100545883179e-01,1.235438108444213867e+00,6.344462931156158447e-02,4.774000000000000000e+03,4.801121582031250000e+03
3.218087181448936462e-02,2.085852175951004028e-01,5.858000740408897400e-02,-5.589366331696510315e-02,8.151748180389404297e-01,6.043789535760879517e-02,2.919000000000000000e+03,3.222125976562500000e+03
-5.000000000000000000e-01,-4.499999880790710449e-01,-5.396554470062255859e-01,-3.752505183219909668e-01,8.923162817955017090e-01,6.679235398769378662e-02,2.851000000000000000e+03,2.876588623046875000e+03
-1.000000014901161194e-01,-1.700559556484222412e-01,-8.793337643146514893e-02,-2.756789326667785645e-01,7.261227965354919434e-01,7.056074589490890503e-02,3.278000000000000000e+03,3.348046875000000000e+03
2.145627290010452271e-01,1.764043420553207397e-01,1.837845444679260254e-01,3.431900143623352051e-01,1.022323489189147949e+00,8.556188642978668213e-02,3.742000000000000000e+03,3.844320312500000000e+03
-1.172467991709709167e-01,9.482004493474960327e-02,-3.407906293869018555e-01,-2.052266448736190796e-01,1.096877098083496094e+00,7.574757933616638184e-02,4.186000000000000000e+03,4.660840820312500000e+03
2.132806330919265747e-01,3.896152675151824951e-01,4.690977632999420166e-01,7.051351070404052734e-01,1.095779061317443848e+00,6.199195608496665955e-02,5.057000000000000000e+03,5.730493164062500000e+03
-2.000000029802322388e-01,9.482004493474960327e-02,-3.097663521766662598e-01,-1.207739487290382385e-01,1.172897934913635254e+00,6.888701021671295166e-02,4.300000000000000000e+03,4.481216796875000000e+03
4.183419048786163330e-02,5.000000074505805969e-02,-2.836628854274749756e-01,-3.355306014418601990e-02,1.148630380630493164e+00,6.481558829545974731e-02,4.115000000000000000e+03,4.460536132812500000e+03
-3.499999940395355225e-01,2.514390051364898682e-01,-3.027649819850921631e-01,2.566044926643371582e-01,7.651856541633605957e-01,5.809062719345092773e-02,2.427000000000000000e+03,2.436392822265625000e+03
0.000000000000000000e+00,-5.000000074505805969e-02,5.005140900611877441e-01,-3.964553400874137878e-02,1.226477742195129395e+00,5.986062809824943542e-02,4.468000000000000000e+03,5.185105468750000000e+03
0.000000000000000000e+00,-1.651089638471603394e-01,2.314373105764389038e-01,-3.810705840587615967e-01,1.158257007598876953e+00,6.027898192405700684e-02,4.841000000000000000e+03,5.195956542968750000e+03
3.896152675151824951e-01,2.872454822063446045e-01,1.994515061378479004e-01,1.037047579884529114e-01,9.826674461364746094e-01,7.769982516765594482e-02,3.191000000000000000e+03,3.417738769531250000e+03
-1.500000059604644775e-01,-5.000000074505805969e-02,-9.065579622983932495e-02,7.389546371996402740e-03,1.037833929061889648e+00,7.251205295324325562e-02,3.598000000000000000e+03,3.620703613281250000e+03
5.000000074505805969e-02,-1.000000014901161194e-01,-2.105468362569808960e-01,-1.630225963890552521e-02,8.536673784255981445e-01,7.062629610300064087e-02,2.957000000000000000e+03,3.254231689453125000e+03
-3.499999940395355225e-01,-5.000000074505805969e-02,-2.417210340499877930e-01,-3.941743075847625732e-02,7.516062259674072266e-01,7.581350207328796387e-02,2.533000000000000000e+03,2.585959716796875000e+03
-1.000000014901161194e-01,-1.102498918771743774e-01,4.947258830070495605e-01,-2.204734832048416138e-02,1.238327980041503906e+00,6.546272337436676025e-02,3.879000000000000000e+03,4.750666015625000000e+03
-4.000000059604644775e-01,0.000000000000000000e+00,-4.226804673671722412e-01,-2.421775460243225098e-01,5.131301879882812500e-01,1.301253139972686768e-01,1.431000000000000000e+03,1.738444335937500000e+03
-1.000000014901161194e-01,-1.000000014901161194e-01,-8.285195380449295044e-02,1.966780126094818115e-01,8.614313602447509766e-01,5.654846131801605225e-02,3.540000000000000000e+03,3.949607910156250000e+03
-1.024989411234855652e-02,2.085852175951004028e-01,2.594960331916809082e-01,3.698527216911315918e-01,6.956670880317687988e-01,8.492754399776458740e-02,2.276000000000000000e+03,2.721429687500000000e+03
6.961627006530761719e-01,4.381398260593414307e-01,6.719246506690979004e-01,6.600594520568847656e-01,6.372079849243164062e-01,2.737262547016143799e-01,1.594000000000000000e+03,1.784355957031250000e+03
5.000000074505805969e-02,0.000000000000000000e+00,2.783700637519359589e-02,-8.477101475000381470e-02,1.238746047019958496e+00,6.116906926035881042e-02,4.757000000000000000e+03,4.780851074218750000e+03
0.000000000000000000e+00,0.000000000000000000e+00,1.348121762275695801e-01,9.299688041210174561e-02,1.281576275825500488e+00,5.721126869320869446e-02,5.018000000000000000e+03,5.099289550781250000e+03
0.000000000000000000e+00,0.000000000000000000e+00,-1.685531437397003174e-01,-1.335375197231769562e-02,9.030854701995849609e-01,5.979867279529571533e-02,2.889000000000000000e+03,2.989486572265625000e+03
-4.188199937343597412e-01,-5.000000074505805969e-02,-2.620391547679901123e-01,4.501079022884368896e-02,9.635014533996582031e-01,8.204313367605209351e-02,2.923000000000000000e+03,3.027679687500000000e+03
0.000000000000000000e+00,9.482004493474960327e-02,-8.322016894817352295e-02,4.418472945690155029e-01,1.168104767799377441e+00,6.572286784648895264e-02,4.702000000000000000e+03,5.131740722656250000e+03
-2.106863260269165039e-02,5.000000074505805969e-02,-2.124897437170147896e-03,-1.774554550647735596e-01,1.276973962783813477e+00,6.165435165166854858e-02,5.146000000000000000e+03,5.308639160156250000e+03
-2.500000000000000000e-01,-1.000000014901161194e-01,-1.316265612840652466e-01,-1.407023668289184570e-01,1.024115324020385742e+00,6.354063749313354492e-02,3.541000000000000000e+03,3.593764892578125000e+03
1.764043420553207397e-01,-1.967304572463035583e-02,2.482992112636566162e-01,-2.383880168199539185e-01,1.029959082603454590e+00,9.222932904958724976e-02,3.644000000000000000e+03,3.823885498046875000e+03
0.000000000000000000e+00,2.145627290010452271e-01,8.024145662784576416e-02,5.702679157257080078e-01,9.369997382164001465e-01,8.526621013879776001e-02,3.455000000000000000e+03,3.961376464843750000e+03
1.366542428731918335e-01,9.482004493474960327e-02,9.598367847502231598e-03,-7.737004756927490234e-02,1.080786108970642090e+00,7.174256443977355957e-02,3.425000000000000000e+03,3.557861083984375000e+03
-2.000000029802322388e-01,4.482004791498184204e-02,-1.864170283079147339e-01,7.428910583257675171e-02,1.031734704971313477e+00,5.941596627235412598e-02,4.130000000000000000e+03,4.134104980468750000e+03
0.000000000000000000e+00,-5.000000074505805969e-02,1.654527634382247925e-01,2.164712399244308472e-01,7.841473221778869629e-01,6.357012689113616943e-02,3.049000000000000000e+03,3.520237792968750000e+03
4.862083792686462402e-01,9.482004493474960327e-02,6.786884069442749023e-01,1.700981557369232178e-01,8.873516917228698730e-01,6.558946520090103149e-02,4.344000000000000000e+03,4.576454101562500000e+03
0.000000000000000000e+00,3.338605910539627075e-02,-2.811284363269805908e-01,2.667105495929718018e-01,1.282229065895080566e+00,4.843164980411529541e-02,5.054000000000000000e+03,5.456945800781250000e+03
8.297842741012573242e-02,-1.118416264653205872e-01,-1.067237481474876404e-01,-5.821735858917236328e-01,1.086146712303161621e+00,6.434692442417144775e-02,4.066000000000000000e+03,4.913846679687500000e+03
1.366542428731918335e-01,-1.834094338119029999e-02,-1.974818706512451172e-01,1.811258643865585327e-01,1.218105912208557129e+00,5.641468986868858337e-02,4.720000000000000000e+03,5.190578125000000000e+03
5.000000074505805969e-02,3.562291860580444336e-01,-3.280735760927200317e-02,5.231741070747375488e-01,7.725433707237243652e-01,7.349597662687301636e-02,3.034000000000000000e+03,3.207898193359375000e+03
2.145627290010452271e-01,-6.184162572026252747e-02,-2.407466024160385132e-01,-2.719746530055999756e-01,1.089425206184387207e+00,6.647933274507522583e-02,3.913000000000000000e+03,4.704944824218750000e+03
1.764043420553207397e-01,-5.179951898753643036e-03,2.636409401893615723e-01,2.982094697654247284e-02,4.231539964675903320e-01,9.042487293481826782e-02,1.500000000000000000e+03,1.573291992187500000e+03
0.000000000000000000e+00,-2.500000000000000000e-01,-1.653008610010147095e-01,-4.508614838123321533e-01,1.069621801376342773e+00,5.899079889059066772e-02,3.042000000000000000e+03,3.219758544921875000e+03
0.000000000000000000e+00,0.000000000000000000e+00,-5.022228956222534180e-01,5.575425624847412109e-01,1.274190902709960938e+00,5.959725007414817810e-02,4.404000000000000000e+03,5.837944824218750000e+03
5.000000074505805969e-02,9.482004493474960327e-02,5.491569265723228455e-02,-1.534000188112258911e-01,8.540620803833007812e-01,6.690165400505065918e-02,2.563000000000000000e+03,2.775459228515625000e+03
-6.661394238471984863e-02,2.872454822063446045e-01,-1.864070072770118713e-02,3.102691471576690674e-01,7.373800873756408691e-01,5.643659457564353943e-02,2.514000000000000000e+03,2.527152099609375000e+03
5.000000074505805969e-02,5.000000074505805969e-02,1.067474782466888428e-01,3.160647153854370117e-01,1.224265694618225098e+00,5.361054837703704834e-02,5.108000000000000000e+03,5.357583496093750000e+03
-5.000000074505805969e-02,2.514390051364898682e-01,-1.353659331798553467e-01,4.080665111541748047e-01,9.467574357986450195e-01,5.438320338726043701e-02,3.611000000000000000e+03,3.738079589843750000e+03
-5.000000074505805969e-02,1.366542428731918335e-01,1.669300198554992676e-01,4.546035230159759521e-01,9.395341277122497559e-01,6.410191953182220459e-02,3.740000000000000000e+03,4.344799804687500000e+03
-5.000000074505805969e-02,5.000000074505805969e-02,-2.086202614009380341e-02,5.708277821540832520e-01,1.209267735481262207e+00,5.470568686723709106e-02,4.755000000000000000e+03,5.605853027343750000e+03
-1.618416309356689453e-01,-5.000000074505805969e-02,-2.154891006648540497e-02,1.721358597278594971e-01,1.202780485153198242e+00,6.059978902339935303e-02,4.209000000000000000e+03,4.407345214843750000e+03
4.545493423938751221e-01,-1.769505888223648071e-01,4.685567319393157959e-01,-3.798171579837799072e-01,7.867922782897949219e-01,9.097463637590408325e-02,2.211000000000000000e+03,2.356370605468750000e+03
1.764043420553207397e-01,0.000000000000000000e+00,2.000851184129714966e-02,1.419010758399963379e-01,6.771098971366882324e-01,7.216234505176544189e-02,2.617000000000000000e+03,2.866354248046875000e+03
-3.499999940395355225e-01,1.688351184129714966e-01,-2.210262417793273926e-01,2.216283082962036133e-01,8.292070031166076660e-01,6.270691007375717163e-02,3.278000000000000000e+03,3.369978759765625000e+03
0.000000000000000000e+00,0.000000000000000000e+00,5.425233840942382812e-01,-2.840889394283294678e-01,1.276467919349670410e+00,5.622387304902076721e-02,5.132000000000000000e+03,6.259608398437500000e+03
-5.000000074505805969e-02,5.000000074505805969e-02,4.870812296867370605e-01,2.654306292533874512e-01,1.252243518829345703e+00,5.871247872710227966e-02,4.024000000000000000e+03,4.844509277343750000e+03
-3.000000119209289551e-01,-6.590732932090759277e-02,-4.718347787857055664e-01,2.367146611213684082e-01,8.541125059127807617e-01,1.020416542887687683e-01,2.458000000000000000e+03,2.851021240234375000e+03
-1.500000059604644775e-01,3.221365213394165039e-01,1.202397122979164124e-01,1.735356748104095459e-01,1.090643525123596191e+00,8.365082740783691406e-02,3.454000000000000000e+03,3.724615722656250000e+03
-1.500000059604644775e-01,3.687628731131553650e-02,-1.263736933469772339e-01,2.024462968111038208e-01,1.193705916404724121e+00,5.998747795820236206e-02,4.810000000000000000e+03,4.904075683593750000e+03
-1.118416264653205872e-01,5.000000074505805969e-02,-4.534451961517333984e-01,1.853203028440475464e-01,8.918623328208923340e-01,6.143771484494209290e-02,3.470000000000000000e+03,4.037506591796875000e+03
-3.000000119209289551e-01,3.562291860580444336e-01,-8.029550313949584961e-02,5.734726786613464355e-01,9.071089625358581543e-01,8.145539462566375732e-02,3.454000000000000000e+03,3.844250976562500000e+03
-1.000000014901161194e-01,-5.000000074505805969e-02,-1.617209613323211670e-01,3.425057232379913330e-02,4.269989430904388428e-01,6.988527625799179077e-02,1.222000000000000000e+03,1.294096923828125000e+03
9.482004493474960327e-02,1.366542428731918335e-01,6.007134914398193359e-02,9.146787226200103760e-02,8.396849036216735840e-01,5.628194287419319153e-02,2.909000000000000000e+03,2.922360839843750000e+03
9.482004493474960327e-02,9.482004493474960327e-02,1.703319400548934937e-01,4.455405846238136292e-02,6.653524041175842285e-01,6.169855594635009766e-02,2.393000000000000000e+03,2.437373291015625000e+03
-5.000000074505805969e-02,9.482004493474960327e-02,2.847600495442748070e-03,4.121609628200531006e-01,1.218431472778320312e+00,6.161633878946304321e-02,5.051000000000000000e+03,5.397113281250000000e+03
4.482004791498184204e-02,1.735305190086364746e-01,-2.354735694825649261e-02,3.217811882495880127e-01,9.632867574691772461e-01,6.106488034129142761e-02,2.897000000000000000e+03,2.979863281250000000e+03
0.000000000000000000e+00,-1.102498918771743774e-01,-1.809143871068954468e-01,-3.324270844459533691e-01,9.203894734382629395e-01,7.102348655462265015e-02,3.454000000000000000e+03,3.781744384765625000e+03
-3.000000119209289551e-01,-4.499999880790710449e-01,-2.620082497596740723e-01,-3.809900879859924316e-01,8.432448506355285645e-01,8.464113622903823853e-02,2.667000000000000000e+03,2.690167724609375000e+03
-8.165807463228702545e-03,-1.000000014901161194e-01,4.175175912678241730e-03,-1.241770684719085693e-01,1.226449131965637207e+00,5.938975512981414795e-02,4.871000000000000000e+03,4.873359375000000000e+03
1.764043420553207397e-01,-3.000000119209289551e-01,6.151857376098632812e-01,-3.777455687522888184e-01,1.065054178237915039e+00,6.515063345432281494e-02,3.944000000000000000e+03,4.608700195312500000e+03
-2.000000029802322388e-01,-2.500000000000000000e-01,-3.274297714233398438e-01,-5.054057240486145020e-01,8.576561808586120605e-01,1.022992357611656189e-01,3.037000000000000000e+03,3.365370849609375000e+03
-1.500000059604644775e-01,-1.000000014901161194e-01,2.019789665937423706e-01,-1.839158833026885986e-01,1.066096425056457520e+00,6.251312792301177979e-02,4.356000000000000000e+03,4.844258789062500000e+03
3.221365213394165039e-01,1.941482871770858765e-01,4.324385225772857666e-01,9.270705282688140869e-02,8.076446652412414551e-01,7.599755376577377319e-02,1.731000000000000000e+03,1.790153564453125000e+03
-1.000000014901161194e-01,-1.024989411234855652e-02,-9.087585657835006714e-02,-3.220302164554595947e-01,1.180902838706970215e+00,5.977421253919601440e-02,4.694000000000000000e+03,5.015649902343750000e+03
-1.724679581820964813e-02,-1.000000014901161194e-01,2.807034850120544434e-01,-6.510435938835144043e-01,1.225059866905212402e+00,5.943221226334571838e-02,4.526000000000000000e+03,5.647672851562500000e+03
0.000000000000000000e+00,9.482004493474960327e-02,-4.004656076431274414e-01,1.364607959985733032e-01,1.172449111938476562e+00,6.043098866939544678e-02,4.052000000000000000e+03,4.517149414062500000e+03
-1.500000059604644775e-01,1.764043420553207397e-01,-2.041769325733184814e-01,6.358513832092285156e-01,1.042573094367980957e+00,6.581060588359832764e-02,3.604000000000000000e+03,4.283503906250000000e+03
-2.000000029802322388e-01,-1.000000014901161194e-01,-3.007935583591461182e-01,-9.887778759002685547e-02,6.557908654212951660e-01,7.874404639005661011e-02,2.695000000000000000e+03,2.758146972656250000e+03
0.000000000000000000e+00,-5.000000074505805969e-02,3.110373318195343018e-01,2.387316077947616577e-01,1.272629976272583008e+00,6.015542522072792053e-02,5.285000000000000000e+03,5.858731933593750000e+03
1.366542428731918335e-01,5.000000074505805969e-02,6.260639429092407227e-01,2.563199773430824280e-02,1.039125800132751465e+00,6.804712861776351929e-02,4.027000000000000000e+03,4.882540039062500000e+03
1.366542428731918335e-01,9.482004493474960327e-02,1.209501847624778748e-01,1.250101178884506226e-01,1.263125300407409668e+00,6.359783560037612915e-02,4.863000000000000000e+03,4.866549804687500000e+03
4.195592999458312988e-01,-1.500000059604644775e-01,1.717396378517150879e-01,-2.631882131099700928e-01,1.022108078002929688e+00,6.592073291540145874e-02,3.907000000000000000e+03,4.179638183593750000e+03
-1.618416309356689453e-01,-2.151089608669281006e-01,-4.734764993190765381e-02,-3.167061805725097656e-01,6.952174305915832520e-01,8.784266561269760132e-02,1.972000000000000000e+03,2.066387451171875000e+03
-5.000000074505805969e-02,5.000000074505805969e-02,-4.623396694660186768e-01,-2.027757279574871063e-02,1.028259396553039551e+00,5.839999020099639893e-02,3.615000000000000000e+03,4.193019531250000000e+03
0.000000000000000000e+00,3.815837576985359192e-02,-4.242482185363769531e-01,-4.044685661792755127e-01,1.226903438568115234e+00,6.314556300640106201e-02,4.559000000000000000e+03,5.642867187500000000e+03
4.183419048786163330e-02,-1.500000059604644775e-01,1.287950575351715088e-01,-3.382361531257629395e-01,7.340707182884216309e-01,1.017401218414306641e-01,1.932000000000000000e+03,2.083369384765625000e+03
-3.499999940395355225e-01,-2.700559496879577637e-01,-3.227034211158752441e-01,-3.598088622093200684e-01,7.980453372001647949e-01,6.723341345787048340e-02,3.094000000000000000e+03,3.136642333984375000e+03
0.000000000000000000e+00,-2.500000000000000000e-01,4.653599485754966736e-02,2.200114727020263672e-02,8.722532391548156738e-01,6.174574047327041626e-02,3.373000000000000000e+03,3.702450195312500000e+03
3.032695502042770386e-02,0.000000000000000000e+00,1.477405577898025513e-01,5.763447284698486328e-01,1.078030943870544434e+00,6.388871371746063232e-02,3.826000000000000000e+03,4.901903808593750000e+03
1.366542428731918335e-01,5.000000074505805969e-02,-2.012882381677627563e-02,8.839517086744308472e-02,5.681819915771484375e-01,5.735996738076210022e-02,2.214000000000000000e+03,2.388986083984375000e+03
1.748126149177551270e-01,2.145627290010452271e-01,6.625733375549316406e-01,1.472523808479309082e-01,1.159318804740905762e+00,5.840038135647773743e-02,4.700000000000000000e+03,5.516217285156250000e+03
-1.500000059604644775e-01,-1.024989411234855652e-02,1.630910187959671021e-01,-5.230061709880828857e-02,1.286678075790405273e+00,5.818000435829162598e-02,5.341000000000000000e+03,5.657628417968750000e+03
2.145627290010452271e-01,-5.179951898753643036e-03,4.404929876327514648e-01,4.791805520653724670e-02,1.166923880577087402e+00,6.250530481338500977e-02,4.450000000000000000e+03,4.624567871093750000e+03
9.482004493474960327e-02,-5.000000074505805969e-02,3.946628570556640625e-01,-1.925034523010253906e-01,1.227006793022155762e+00,5.253966897726058960e-02,4.846000000000000000e+03,5.195016113281250000e+03
0.000000000000000000e+00,5.000000074505805969e-02,3.113905191421508789e-01,9.823764860630035400e-02,9.877404570579528809e-01,6.563220918178558350e-02,4.007000000000000000e+03,4.404859375000000000e+03
-1.500000059604644775e-01,-2.500000000000000000e-01,-1.229492351412773132e-01,-7.709517478942871094e-01,9.820663928985595703e-01,6.029979884624481201e-02,3.612000000000000000e+03,4.578048339843750000e+03
0.000000000000000000e+00,4.482004791498184204e-02,-1.389257609844207764e-01,-4.831003844738006592e-01,1.276741743087768555e+00,5.552716180682182312e-02,4.835000000000000000e+03,5.684142578125000000e+03
-1.500000059604644775e-01,5.000000074505805969e-02,-1.283629387617111206e-01,-3.895258009433746338e-01,1.061617493629455566e+00,5.464223772287368774e-02,4.720000000000000000e+03,5.500692382812500000e+03
9.183419495820999146e-02,-1.000000014901161194e-01,1.313354223966598511e-01,7.255722302943468094e-03,4.536240994930267334e-01,7.435666024684906006e-02,1.676000000000000000e+03,1.780683837890625000e+03
0.000000000000000000e+00,-5.000000074505805969e-02,-1.616977751255035400e-01,-1.670234799385070801e-01,1.210583567619323730e+00,6.109614297747612000e-02,5.317000000000000000e+03,5.460505371093750000e+03
3.896152675151824951e-01,3.169633448123931885e-02,4.121624529361724854e-01,1.758360266685485840e-01,5.084581375122070312e-01,6.399173289537429810e-02,1.921000000000000000e+03,2.076166992187500000e+03
1.366542428731918335e-01,0.000000000000000000e+00,-2.599491477012634277e-01,-2.596734464168548584e-01,1.167438507080078125e+00,6.221915036439895630e-02,4.426000000000000000e+03,5.131032226562500000e+03
-5.000000074505805969e-02,1.764043420553207397e-01,1.025620996952056885e-01,2.978061735630035400e-01,7.775366306304931641e-01,5.256219580769538879e-02,2.721000000000000000e+03,2.889360839843750000e+03
9.482004493474960327e-02,3.815837576985359192e-02,2.650728523731231689e-01,3.268997669219970703e-01,1.146788835525512695e+00,5.912262573838233948e-02,4.718000000000000000e+03,5.112474121093750000e+03
5.000000074505805969e-02,5.000000074505805969e-02,-2.166920900344848633e-01,1.243350207805633545e-01,1.247862339019775391e+00,6.250931322574615479e-02,4.832000000000000000e+03,5.066886718750000000e+03
1.345701515674591064e-01,0.000000000000000000e+00,3.039473295211791992e-02,1.384785324335098267e-01,8.772231936454772949e-01,5.789748579263687134e-02,3.343000000000000000e+03,3.471952880859375000e+03
9.482004493474960327e-02,-5.000000074505805969e-02,3.300212696194648743e-02,-4.493093863129615784e-02,1.224590182304382324e+00,5.872181802988052368e-02,4.196000000000000000e+03,4.206749023437500000e+03
-5.000000074505805969e-02,5.000000074505805969e-02,5.290466547012329102e-02,-1.354259550571441650e-01,1.203755855560302734e+00,5.970543622970581055e-02,4.720000000000000000e+03,4.865556640625000000e+03
-5.816580727696418762e-02,-1.184162404388189316e-02,-2.907480597496032715e-01,1.839238405227661133e-01,1.272894501686096191e+00,5.641602352261543274e-02,4.907000000000000000e+03,5.182833007812500000e+03
4.223684668540954590e-01,-1.102498918771743774e-01,3.577306270599365234e-01,-9.794519841670989990e-02,6.274403333663940430e-01,6.629746407270431519e-02,2.282000000000000000e+03,2.306914306640625000e+03
5.000000074505805969e-02,-1.510896813124418259e-02,-4.379063472151756287e-02,-1.431952416896820068e-02,6.632053852081298828e-01,7.171750068664550781e-02,1.120000000000000000e+03,1.142236328125000000e+03
-1.500000059604644775e-01,-1.500000059604644775e-01,-1.256412267684936523e-01,4.258026555180549622e-02,8.545104861259460449e-01,6.559315323829650879e-02,2.784000000000000000e+03,2.925692138671875000e+03
-1.000000014901161194e-01,1.260000616312026978e-01,-5.438656359910964966e-02,-1.566308736801147461e-02,9.766739606857299805e-01,6.695882230997085571e-02,3.786000000000000000e+03,3.873482666015625000e+03
0.000000000000000000e+00,0.000000000000000000e+00,-1.742433458566665649e-01,4.282155930995941162e-01,1.274960517883300781e+00,5.132549628615379333e-02,5.220000000000000000e+03,5.886214843750000000e+03
0.000000000000000000e+00,-1.000000014901161194e-01,8.027742058038711548e-02,2.470884099602699280e-02,1.208128213882446289e+00,5.572533234953880310e-02,4.306000000000000000e+03,4.370711914062500000e+03
-1.666139364242553711e-01,3.854779899120330811e-01,4.214122891426086426e-02,2.095724791288375854e-01,1.014496326446533203e+00,8.157613128423690796e-02,3.288000000000000000e+03,3.521631103515625000e+03
-1.500000059604644775e-01,3.221365213394165039e-01,-6.271913647651672363e-02,3.856447339057922363e-01,7.090604305267333984e-01,7.940474897623062134e-02,2.597000000000000000e+03,2.657008544921875000e+03
5.000000074505805969e-02,0.000000000000000000e+00,8.004984259605407715e-02,2.294234372675418854e-02,1.192953467369079590e+00,5.799334123730659485e-02,4.346000000000000000e+03,4.350319824218750000e+03
-2.000000029802322388e-01,0.000000000000000000e+00,-2.461292892694473267e-01,-3.970288112759590149e-02,4.419106543064117432e-01,1.028037369251251221e-01,1.155000000000000000e+03,1.176748657226562500e+03
-5.000000074505805969e-02,9.482004493474960327e-02,-1.655329912900924683e-01,2.060987520962953568e-03,1.126279473304748535e+00,7.920067757368087769e-02,3.800000000000000000e+03,3.865667236328125000e+03
-1.000000014901161194e-01,1.366542428731918335e-01,3.526260852813720703e-01,1.150741875171661377e-01,1.241957902908325195e+00,6.564162671566009521e-02,4.598000000000000000e+03,5.191704589843750000e+03
-5.179951898753643036e-03,0.000000000000000000e+00,4.373259097337722778e-02,2.450727075338363647e-01,1.124255299568176270e+00,5.798458307981491089e-02,4.704000000000000000e+03,4.933843750000000000e+03
-3.000000119209289551e-01,-1.500000059604644775e-01,-2.450944036245346069e-01,-5.428377911448478699e-02,5.019510388374328613e-01,6.943045556545257568e-02,1.267000000000000000e+03,1.327643432617187500e+03
5.000000074505805969e-02,0.000000000000000000e+00,2.988709509372711182e-02,-4.886847138404846191e-01,1.139601707458496094e+00,6.125889346003532410e-02,4.753000000000000000e+03,5.594009277343750000e+03
2.145627290010452271e-01,8.687628805637359619e-02,3.920294046401977539e-01,1.011186912655830383e-01,8.207681179046630859e-01,6.249488890171051025e-02,3.163000000000000000e+03,3.310506103515625000e+03
2.872454822063446045e-01,-2.131237089633941650e-01,2.800167500972747803e-01,1.535982042551040649e-01,1.064650177955627441e+00,7.597369700670242310e-02,3.351000000000000000e+03,3.738739013671875000e+03
-3.659073412418365479e-01,-1.618416309356689453e-01,-6.156720519065856934e-01,-9.685504436492919922e-02,7.900074124336242676e-01,9.272871166467666626e-02,3.077000000000000000e+03,3.397831542968750000e+03
9.482004493474960327e-02,-6.312371790409088135e-02,2.446414381265640259e-01,-1.094324141740798950e-01,1.150081753730773926e+00,6.212911754846572876e-02,4.265000000000000000e+03,4.344085449218750000e+03
-5.000000074505805969e-02,2.514390051364898682e-01,-1.901029236614704132e-02,2.177751064300537109e-01,9.993315339088439941e-01,6.698668748140335083e-02,3.031000000000000000e+03,3.037297851562500000e+03
-3.499999940395355225e-01,-1.000000014901161194e-01,-1.872899085283279419e-01,-3.118874728679656982e-01,8.443649411201477051e-01,6.130071729421615601e-02,2.977000000000000000e+03,3.267771972656250000e+03
-5.000000000000000000e-01,2.503692209720611572e-01,-5.076488852500915527e-01,4.471050202846527100e-01,5.693150162696838379e-01,7.946060597896575928e-02,1.966000000000000000e+03,2.195290039062500000e+03
-1.707512140274047852e-01,-1.000000014901161194e-01,-8.550898730754852295e-02,2.831145562231540680e-02,1.229199767112731934e+00,5.717695876955986023e-02,4.652000000000000000e+03,4.724911621093750000e+03
9.482004493474960327e-02,-2.000000029802322388e-01,-1.844245195388793945e-01,-3.256252408027648926e-01,1.153720259666442871e+00,7.403559237718582153e-02,3.946000000000000000e+03,4.218869140625000000e+03
-5.000000074505805969e-02,-2.000000029802322388e-01,2.004327327013015747e-01,-4.973268806934356689e-01,8.943041563034057617e-01,8.426192402839660645e-02,3.230000000000000000e+03,3.816674804687500000e+03
0.000000000000000000e+00,0.000000000000000000e+00,2.436433173716068268e-02,1.768524795770645142e-01,1.270300507545471191e+00,6.004132702946662903e-02,5.072000000000000000e+03,5.171947753906250000e+03
-1.102498918771743774e-01,-2.500000000000000000e-01,3.833507895469665527e-01,-4.554376304149627686e-01,1.012709021568298340e+00,6.917047500610351562e-02,3.426000000000000000e+03,4.328367187500000000e+03
-2.500000000000000000e-01,3.687628731131553650e-02,-3.119800426065921783e-02,2.035310119390487671e-02,1.220035314559936523e+00,5.762948095798492432e-02,3.908000000000000000e+03,4.033787597656250000e+03
2.514390051364898682e-01,3.896152675151824951e-01,3.342627286911010742e-01,1.981489807367324829e-01,9.655945301055908203e-01,5.467125773429870605e-02,3.433000000000000000e+03,3.591428955078125000e+03
-1.500000059604644775e-01,-5.816580727696418762e-02,-1.597957313060760498e-01,-6.612352728843688965e-01,1.261808156967163086e+00,6.646318733692169189e-02,4.447000000000000000e+03,5.416815917968750000e+03
-1.500000059604644775e-01,-5.000000074505805969e-02,-3.456093966960906982e-01,-5.079599618911743164e-01,8.670584559440612793e-01,7.745123654603958130e-02,3.123000000000000000e+03,4.091908935546875000e+03
-5.000000074505805969e-02,-3.000000119209289551e-01,1.383163183927536011e-01,-1.005984768271446228e-01,1.042817592620849609e+00,6.044993177056312561e-02,3.403000000000000000e+03,3.635123779296875000e+03
-5.000000074505805969e-02,2.872454822063446045e-01,-6.071104109287261963e-02,-1.727835088968276978e-01,1.245329976081848145e+00,5.829000100493431091e-02,4.871000000000000000e+03,5.517222656250000000e+03
3.580648824572563171e-02,-5.000000074505805969e-02,4.093889296054840088e-01,-2.342922091484069824e-01,1.259906172752380371e+00,7.518994063138961792e-02,4.310000000000000000e+03,4.770420898437500000e+03
-3.000000119209289551e-01,2.514390051364898682e-01,-3.929643034934997559e-01,4.790622591972351074e-01,1.028263688087463379e+00,5.097591131925582886e-02,4.290000000000000000e+03,4.532329101562500000e+03
1.764043420553207397e-01,8.218087255954742432e-02,2.820430994033813477e-01,2.056525498628616333e-01,9.588648676872253418e-01,6.979583203792572021e-02,2.823000000000000000e+03,2.903746582031250000e+03
0.000000000000000000e+00,-5.000000074505805969e-02,-2.945356369018554688e-01,3.335939720273017883e-02,1.002108573913574219e+00,6.760822981595993042e-02,3.778000000000000000e+03,4.123291503906250000e+03
3.896152675151824951e-01,-2.151089608669281006e-01,3.903719186782836914e-01,-2.782856225967407227e-01,7.178936600685119629e-01,1.648938655853271484e-01,9.220000000000000000e+02,9.291552124023437500e+02
-2.000000029802322388e-01,-1.000000014901161194e-01,-1.857545822858810425e-01,4.845695570111274719e-02,1.165462017059326172e+00,5.735781043767929077e-02,4.378000000000000000e+03,4.449504394531250000e+03
1.764043420553207397e-01,-3.000000119209289551e-01,2.644108235836029053e-01,-2.031971514225006104e-01,7.616462707519531250e-01,6.526929140090942383e-02,3.103000000000000000e+03,3.194033935546875000e+03
-1.631237119436264038e-01,9.482004493474960327e-02,-1.896678358316421509e-01,7.097748667001724243e-02,1.150176763534545898e+00,6.859271228313446045e-02,4.366000000000000000e+03,4.370203125000000000e+03
0.000000000000000000e+00,2.145627290010452271e-01,-1.313408166170120239e-01,6.078368425369262695e-02,9.693491458892822266e-01,6.691194325685501099e-02,3.806000000000000000e+03,3.969908691406250000e+03
2.056531310081481934e-01,2.145627290010452271e-01,2.596063613891601562e-01,2.934895455837249756e-01,5.049548745155334473e-01,1.019642204046249390e-01,1.489000000000000000e+03,1.542015869140625000e+03
1.673918515443801880e-01,0.000000000000000000e+00,-1.061103940010070801e-01,4.562829136848449707e-01,1.116115570068359375e+00,6.671965122222900391e-02,3.950000000000000000e+03,4.805009277343750000e+03
0.000000000000000000e+00,0.000000000000000000e+00,-3.673262298107147217e-01,-4.587484300136566162e-01,1.233068466186523438e+00,5.390949919819831848e-02,4.711000000000000000e+03,5.730733886718750000e+03
9.482004493474960327e-02,4.183419048786163330e-02,1.891747564077377319e-01,-4.185358583927154541e-01,1.260792493820190430e+00,6.400685012340545654e-02,4.694000000000000000e+03,5.326419433593750000e+03
-1.500000059604644775e-01,2.145627290010452271e-01,-7.074202597141265869e-02,2.490158677101135254e-01,1.163647174835205078e+00,6.009103730320930481e-02,4.362000000000000000e+03,4.386118164062500000e+03
8.687628805637359619e-02,0.000000000000000000e+00,3.716930449008941650e-01,8.926559239625930786e-02,1.134032607078552246e+00,6.603539735078811646e-02,4.442000000000000000e+03,4.744995605468750000e+03
-1.500000059604644775e-01,0.000000000000000000e+00,-1.790017932653427124e-01,5.663856491446495056e-02,1.095499396324157715e+00,6.553935259580612183e-02,3.579000000000000000e+03,3.591111083984375000e+03
-1.000000014901161194e-01,1.764043420553207397e-01,-1.713823825120925903e-01,2.573954463005065918e-01,7.327160835266113281e-01,7.930593937635421753e-02,2.515000000000000000e+03,2.569132080078125000e+03
5.000000074505805969e-02,9.482004493474960327e-02,9.293874609284102917e-04,-4.725419282913208008e-01,1.076711893081665039e+00,6.826753169298171997e-02,3.658000000000000000e+03,4.625167480468750000e+03
1.329784244298934937e-01,1.366542428731918335e-01,2.752710282802581787e-01,1.853393763303756714e-01,9.150353074073791504e-01,6.657788902521133423e-02,3.469000000000000000e+03,3.562017578125000000e+03
-2.000000029802322388e-01,1.366542428731918335e-01,-6.537802815437316895e-01,2.560454905033111572e-01,9.793124794960021973e-01,6.822085380554199219e-02,3.107000000000000000e+03,3.787123779296875000e+03
4.223684668540954590e-01,-2.159073352813720703e-01,4.763213694095611572e-01,-2.258969247341156006e-01,4.184977710247039795e-01,8.016882836818695068e-02,1.330000000000000000e+03,1.352801025390625000e+03
5.000000074505805969e-02,-5.000000074505805969e-02,5.290242433547973633e-01,5.186989903450012207e-02,1.201274514198303223e+00,5.529303103685379028e-02,4.539000000000000000e+03,5.267500976562500000e+03
-1.000000014901161194e-01,-5.816580727696418762e-02,-1.367828100919723511e-01,-1.748235523700714111e-01,1.270943045616149902e+00,6.120963394641876221e-02,4.821000000000000000e+03,4.865684570312500000e+03
-2.500000000000000000e-01,2.145627290010452271e-01,6.294508278369903564e-02,4.263511896133422852e-01,1.057140469551086426e+00,6.744163483381271362e-02,4.369000000000000000e+03,4.911604003906250000e+03
2.145627290010452271e-01,0.000000000000000000e+00,1.034380346536636353e-01,2.489451020956039429e-01,9.742962121963500977e-01,5.177882313728332520e-02,3.858000000000000000e+03,4.155010742187500000e+03
0.000000000000000000e+00,0.000000000000000000e+00,8.774844929575920105e-03,-3.193333279341459274e-03,1.221040844917297363e+00,5.810007452964782715e-02,4.238000000000000000e+03,4.238238281250000000e+03
8.975010365247726440e-02,2.145627290010452271e-01,1.772499829530715942e-01,1.982712298631668091e-01,6.901843547821044922e-01,9.190646559000015259e-02,2.120000000000000000e+03,2.155193359375000000e+03
-1.500000059604644775e-01,5.000000074505805969e-02,1.976270675659179688e-01,4.617421925067901611e-01,1.192901372909545898e+00,6.429997831583023071e-02,4.398000000000000000e+03,5.258720703125000000e+03
-1.000000014901161194e-01,-3.000000119209289551e-01,-2.433029934763908386e-02,-3.440505266189575195e-01,9.022024869918823242e-01,6.551463156938552856e-02,3.142000000000000000e+03,3.171433105468750000e+03
9.482004493474960327e-02,5.000000074505805969e-02,-3.193274736404418945e-01,2.595610022544860840e-01,1.278040289878845215e+00,5.930157005786895752e-02,4.684000000000000000e+03,5.284133300781250000e+03
1.748126149177551270e-01,-5.000000074505805969e-02,1.661920249462127686e-01,-7.978607714176177979e-02,7.945338487625122070e-01,6.693798303604125977e-02,2.872000000000000000e+03,2.876379882812500000e+03
-5.000000074505805969e-02,5.000000074505805969e-02,-3.052773475646972656e-01,-1.004063859581947327e-01,1.010679960250854492e+00,6.302074342966079712e-02,3.973000000000000000e+03,4.308044921875000000e+03
2.863300442695617676e-01,-3.499999940395355225e-01,1.539569944143295288e-01,-4.299296438694000244e-01,6.748644709587097168e-01,7.646538317203521729e-02,2.328000000000000000e+03,2.448896972656250000e+03
2.514390051364898682e-01,2.872454822063446045e-01,-1.523996591567993164e-01,4.754233956336975098e-01,1.019226431846618652e+00,6.021019816398620605e-02,3.767000000000000000e+03,4.458920410156250000e+03
-1.678191274404525757e-01,-1.000000014901161194e-01,-2.444418519735336304e-01,2.438006848096847534e-01,1.141376376152038574e+00,5.689963325858116150e-02,3.918000000000000000e+03,4.283643554687500000e+03
-1.500000059604644775e-01,-5.000000074505805969e-02,1.224654614925384521e-01,3.322234004735946655e-02,9.326552748680114746e-01,5.688478052616119385e-02,3.677000000000000000e+03,4.013060546875000000e+03
2.514390051364898682e-01,1.724607348442077637e-01,1.770831346511840820e-01,3.589069545269012451e-01,8.407158255577087402e-01,7.075724750757217407e-02,3.165000000000000000e+03,3.342911376953125000e+03
9.482004493474960327e-02,5.000000074505805969e-02,1.280836015939712524e-01,1.684696227312088013e-01,1.087207674980163574e+00,4.818608984351158142e-02,4.838000000000000000e+03,4.900057128906250000e+03
-1.000000014901161194e-01,9.482004493474960327e-02,-2.280438132584095001e-02,-1.789322048425674438e-01,1.209688425064086914e+00,6.262093037366867065e-02,4.867000000000000000e+03,5.132648437500000000e+03
-1.312371436506509781e-02,0.000000000000000000e+00,-2.787866592407226562e-01,-4.740785807371139526e-02,1.243118762969970703e+00,6.624851375818252563e-02,5.153000000000000000e+03,5.393309570312500000e+03
-1.312371436506509781e-02,2.145627290010452271e-01,-1.047449633479118347e-01,5.388171076774597168e-01,1.219939708709716797e+00,5.626687407493591309e-02,4.957000000000000000e+03,5.328639160156250000e+03
2.514390051364898682e-01,-2.641935050487518311e-01,5.803440138697624207e-02,-4.365859031677246094e-01,8.080990910530090332e-01,6.834845989942550659e-02,2.374000000000000000e+03,2.612629638671875000e+03
7.640434801578521729e-02,-7.196730375289916992e-01,1.405475735664367676e-01,-9.169526100158691406e-01,5.762987732887268066e-01,2.268503308296203613e-01,2.421000000000000000e+03,2.725213623046875000e+03
5.000000074505805969e-02,-5.179951898753643036e-03,-1.028313487768173218e-01,-6.647620797157287598e-01,1.273332715034484863e+00,6.303542107343673706e-02,4.387000000000000000e+03,5.560326171875000000e+03
-1.500000059604644775e-01,-1.000000014901161194e-01,-1.568129807710647583e-01,-4.805111885070800781e-01,1.154296398162841797e+00,6.569346785545349121e-02,4.647000000000000000e+03,5.139433593750000000e+03
-1.151089668273925781e-01,-5.000000074505805969e-02,-1.177691668272018433e-01,-2.825955748558044434e-01,1.206791281700134277e+00,5.546533688902854919e-02,4.735000000000000000e+03,4.909532226562500000e+03
5.000000074505805969e-02,5.000000074505805969e-02,1.344640105962753296e-01,1.406075358390808105e-01,1.193493127822875977e+00,5.636546760797500610e-02,3.896000000000000000e+03,3.937702148437500000e+03
2.145627290010452271e-01,2.145627290010452271e-01,7.374505698680877686e-02,5.388599634170532227e-01,8.772003650665283203e-01,9.936309605836868286e-02,2.889000000000000000e+03,3.342307373046875000e+03
-8.165807463228702545e-03,-4.000000059604644775e-01,-8.129078149795532227e-02,-2.746284604072570801e-01,1.021844744682312012e+00,6.181723996996879578e-02,3.682000000000000000e+03,3.755649902343750000e+03
-3.000000119209289551e-01,-1.184162404388189316e-02,-5.195452570915222168e-01,-3.067843243479728699e-02,8.443979620933532715e-01,8.743565529584884644e-02,2.838000000000000000e+03,3.028068115234375000e+03
-5.000000074505805969e-02,-5.000000074505805969e-02,7.690832763910293579e-02,-4.816136360168457031e-01,1.084459900856018066e+00,5.818797647953033447e-02,4.064000000000000000e+03,4.738718750000000000e+03
2.514390051364898682e-01,5.000000074505805969e-02,3.240509331226348877e-02,-1.548348367214202881e-01,9.053039550781250000e-01,6.159770116209983826e-02,3.392000000000000000e+03,3.754354492187500000e+03
3.562291860580444336e-01,2.872454822063446045e-01,4.782596528530120850e-01,5.063423514366149902e-01,1.008265376091003418e+00,5.659953504800796509e-02,3.796000000000000000e+03,4.027565673828125000e+03
-1.500000059604644775e-01,-1.000000014901161194e-01,-1.546891629695892334e-01,-1.940808594226837158e-01,6.106507182121276855e-01,7.887069135904312134e-02,2.151000000000000000e+03,2.201750976562500000e+03
9.482004493474960327e-02,-1.000000014901161194e-01,2.125052735209465027e-02,-1.318132877349853516e-01,1.215091586112976074e+00,6.575892865657806396e-02,4.515000000000000000e+03,4.534517578125000000e+03
0.000000000000000000e+00,0.000000000000000000e+00,4.510617554187774658e-01,-3.721834346652030945e-02,1.228399157524108887e+00,5.899074301123619080e-02,4.567000000000000000e+03,5.168229003906250000e+03
-1.024989411234855652e-02,-1.118416264653205872e-01,-1.327468752861022949e-01,-5.422507524490356445e-01,1.144461274147033691e+00,6.158114969730377197e-02,4.713000000000000000e+03,5.409026855468750000e+03
-1.000000014901161194e-01,1.764043420553207397e-01,-4.524155259132385254e-01,-1.511360146105289459e-02,1.134209394454956055e+00,5.840808153152465820e-02,4.597000000000000000e+03,5.156860839843750000e+03
-6.024989485740661621e-02,-3.151089549064636230e-01,-5.426472425460815430e-01,-2.068128138780593872e-01,9.409137368202209473e-01,7.937254011631011963e-02,3.790000000000000000e+03,4.780637207031250000e+03
-1.000000014901161194e-01,0.000000000000000000e+00,-4.150011241436004639e-01,-2.996136248111724854e-01,1.210813641548156738e+00,5.613785982131958008e-02,4.497000000000000000e+03,5.059876953125000000e+03
9.482004493474960327e-02,5.000000074505805969e-02,-2.397293448448181152e-01,2.391335219144821167e-01,1.056332230567932129e+00,5.588404834270477295e-02,4.548000000000000000e+03,5.132974609375000000e+03
-5.000000074505805969e-02,9.482004493474960327e-02,3.677306696772575378e-02,1.276251822710037231e-01,1.236898064613342285e+00,6.261439621448516846e-02,4.035000000000000000e+03,4.057615478515625000e+03
-4.000000059604644775e-01,1.764043420553207397e-01,-4.351812005043029785e-01,2.762916982173919678e-01,9.644110202789306641e-01,5.957986041903495789e-02,3.806000000000000000e+03,3.851752197265625000e+03
-1.000000014901161194e-01,-1.000000014901161194e-01,-4.698136150836944580e-01,-2.930090576410293579e-02,9.434975385665893555e-01,5.686911940574645996e-02,3.788000000000000000e+03,4.371244140625000000e+03
-5.000000074505805969e-02,0.000000000000000000e+00,6.190455332398414612e-02,3.446329832077026367e-01,1.255566000938415527e+00,6.343574821949005127e-02,5.361000000000000000e+03,5.799687988281250000e+03
2.080634087324142456e-01,4.862083792686462402e-01,8.659350872039794922e-02,6.355057954788208008e-01,9.123523235321044922e-01,9.726956486701965332e-02,3.123000000000000000e+03,3.260413574218750000e+03
0.000000000000000000e+00,5.000000074505805969e-02,-6.780259311199188232e-03,5.137319490313529968e-02,1.242586016654968262e+00,6.027483195066452026e-02,4.279000000000000000e+03,4.279129394531250000e+03
8.275320380926132202e-02,1.366542428731918335e-01,-5.894397944211959839e-02,1.781695038080215454e-01,6.935420036315917969e-01,6.082759052515029907e-02,2.760000000000000000e+03,2.884055175781250000e+03
9.482004493474960327e-02,5.000000074505805969e-02,-1.608129218220710754e-02,1.347330957651138306e-01,7.706897854804992676e-01,6.664720177650451660e-02,2.506000000000000000e+03,2.587642578125000000e+03
5.000000074505805969e-02,-3.499999940395355225e-01,-1.319333612918853760e-01,-5.644448399543762207e-01,1.136861443519592285e+00,7.089995592832565308e-02,4.784000000000000000e+03,5.073076171875000000e+03
0.000000000000000000e+00,0.000000000000000000e+00,2.178720533847808838e-01,2.820541560649871826e-01,1.222271442413330078e+00,5.811775103211402893e-02,5.071000000000000000e+03,5.493170898437500000e+03
-5.000000074505805969e-02,5.000000074505805969e-02,-4.141682386398315430e-01,-2.846570312976837158e-01,1.242981314659118652e+00,5.993006005883216858e-02,5.133000000000000000e+03,5.917377929687500000e+03
-2.500000000000000000e-01,-5.000000074505805969e-02,-3.697425127029418945e-01,-1.321380734443664551e-01,6.797848343849182129e-01,8.092004805803298950e-02,1.683000000000000000e+03,1.759048461914062500e+03
-6.184162572026252747e-02,-1.102498918771743774e-01,-2.450234442949295044e-01,-2.936338484287261963e-01,9.688245654106140137e-01,6.339329481124877930e-02,3.842000000000000000e+03,4.112541503906250000e+03
9.482004493474960327e-02,-5.000000074505805969e-02,4.107613116502761841e-02,-4.598407819867134094e-02,7.417859435081481934e-01,6.559915840625762939e-02,2.599000000000000000e+03,2.612788085937500000e+03
-1.204144284129142761e-01,2.145627290010452271e-01,-1.142746135592460632e-01,1.947215199470520020e-01,8.805766105651855469e-01,8.083292096853256226e-02,3.038000000000000000e+03,3.039679443359375000e+03
2.514390051364898682e-01,-2.000000029802322388e-01,2.359936535358428955e-01,6.683246232569217682e-03,1.169786214828491211e+00,1.445551365613937378e-01,2.590000000000000000e+03,2.670860351562500000e+03
1.366542428731918335e-01,-5.000000074505805969e-02,1.356025487184524536e-01,4.092103242874145508e-01,1.256857991218566895e+00,5.914646014571189880e-02,4.659000000000000000e+03,5.262917968750000000e+03
2.145627290010452271e-01,5.000000074505805969e-02,2.265730947256088257e-01,-5.052877962589263916e-02,5.426457524299621582e-01,6.719839572906494141e-02,1.882000000000000000e+03,1.947077026367187500e+03
-5.816580727696418762e-02,-5.000000074505805969e-02,-1.831147074699401855e-02,-5.412850975990295410e-01,1.244426488876342773e+00,6.071787327527999878e-02,5.241000000000000000e+03,6.035837890625000000e+03
1.025532484054565430e-01,-5.178191065788269043e-01,2.326942384243011475e-01,-9.000520706176757812e-01,7.548325061798095703e-01,3.062113523483276367e-01,2.521000000000000000e+03,3.203069580078125000e+03
2.592686004936695099e-02,-5.000000000000000000e-01,-1.437952518463134766e-01,-5.823693275451660156e-01,7.358050942420959473e-01,7.978010922670364380e-02,2.316000000000000000e+03,2.466171386718750000e+03
-1.000000014901161194e-01,-5.000000074505805969e-02,1.663477569818496704e-01,9.935568273067474365e-02,1.191298961639404297e+00,5.817694589495658875e-02,5.068000000000000000e+03,5.396613281250000000e+03
-5.000000074505805969e-02,-1.000000014901161194e-01,-3.303465545177459717e-01,-7.969259470701217651e-02,8.841057419776916504e-01,6.405049562454223633e-02,3.820000000000000000e+03,4.197739257812500000e+03
0.000000000000000000e+00,3.218087181448936462e-02,3.225807547569274902e-01,-3.711147904396057129e-01,1.282026290893554688e+00,5.477952584624290466e-02,5.442000000000000000e+03,6.295893554687500000e+03
0.000000000000000000e+00,5.000000074505805969e-02,3.091312348842620850e-01,-2.259701043367385864e-01,1.163601636886596680e+00,7.303354889154434204e-02,4.309000000000000000e+03,4.839986328125000000e+03
-1.000000014901161194e-01,2.872454822063446045e-01,-1.031258180737495422e-01,5.745479464530944824e-01,1.031507968902587891e+00,5.868444219231605530e-02,4.307000000000000000e+03,4.635669433593750000e+03
2.872454822063446045e-01,2.145627290010452271e-01,3.345067203044891357e-01,3.166405558586120605e-01,5.634146332740783691e-01,1.056440994143486023e-01,2.325000000000000000e+03,2.416717773437500000e+03
2.872454822063446045e-01,4.482004791498184204e-02,2.139654904603958130e-01,-1.249166503548622131e-01,7.445994615554809570e-01,7.304871082305908203e-02,2.680000000000000000e+03,2.842712402343750000e+03
5.000000074505805969e-02,8.815837651491165161e-02,1.314179450273513794e-01,2.655483484268188477e-01,1.166669249534606934e+00,5.653189122676849365e-02,4.929000000000000000e+03,5.066417968750000000e+03
-3.000000119209289551e-01,5.000000074505805969e-02,-1.977821290493011475e-01,8.504588156938552856e-02,6.667804718017578125e-01,6.360282748937606812e-02,1.980000000000000000e+03,2.031711059570312500e+03
5.000000074505805969e-02,5.000000074505805969e-02,-1.012658351100981236e-03,-5.001991391181945801e-01,1.288808584213256836e+00,6.125228479504585266e-02,5.084000000000000000e+03,5.983577148437500000e+03
-2.000000029802322388e-01,1.366542428731918335e-01,-2.006008774042129517e-01,3.065810203552246094e-01,1.196861147880554199e+00,6.356847286224365234e-02,4.819000000000000000e+03,4.915393066406250000e+03
0.000000000000000000e+00,-2.151089608669281006e-01,-8.868879079818725586e-02,-2.340746819972991943e-01,1.175275683403015137e+00,6.132757291197776794e-02,4.293000000000000000e+03,4.318384277343750000e+03
1.264791041612625122e-01,5.000000074505805969e-02,1.467700004577636719e-01,3.401107490062713623e-01,1.168603897094726562e+00,5.706574022769927979e-02,4.773000000000000000e+03,5.064165039062500000e+03
3.580648824572563171e-02,3.975010663270950317e-02,-6.011503338813781738e-01,-4.264117777347564697e-01,1.291380763053894043e+00,6.423050165176391602e-02,4.661000000000000000e+03,6.288762695312500000e+03
3.073761053383350372e-02,8.815837651491165161e-02,1.771378368139266968e-01,1.359592974185943604e-01,1.249715805053710938e+00,6.216588616371154785e-02,4.712000000000000000e+03,4.783415527343750000e+03
-1.500000059604644775e-01,-1.500000059604644775e-01,-4.280587732791900635e-01,-2.129219025373458862e-01,9.662523865699768066e-01,7.685422152280807495e-02,3.385000000000000000e+03,3.674142578125000000e+03
-1.500000059604644775e-01,-2.000000029802322388e-01,-2.719376981258392334e-01,-1.983619993552565575e-03,7.179726958274841309e-01,9.289778023958206177e-02,1.950000000000000000e+03,2.150047119140625000e+03
5.000000074505805969e-02,-1.000000014901161194e-01,-3.176933228969573975e-01,-5.308060050010681152e-01,1.225560784339904785e+00,5.805346369743347168e-02,4.849000000000000000e+03,5.837729980468750000e+03
8.297842741012573242e-02,-1.500000059604644775e-01,4.157190322875976562e-01,1.483050733804702759e-01,1.256428003311157227e+00,5.499003455042839050e-02,4.709000000000000000e+03,5.287011230468750000e+03
2.145627290010452271e-01,3.975010663270950317e-02,1.599058359861373901e-01,2.364624291658401489e-01,1.109593510627746582e+00,6.290131807327270508e-02,4.185000000000000000e+03,4.325490234375000000e+03
4.762872457504272461e-01,7.531411051750183105e-01,4.549208581447601318e-01,7.714204192161560059e-01,2.972883880138397217e-01,1.159972772002220154e-01,8.960000000000000000e+02,9.039552001953125000e+02
-5.000000074505805969e-02,-1.641935110092163086e-01,3.206153512001037598e-01,-3.706873655319213867e-01,1.008094906806945801e+00,5.215109139680862427e-02,3.970000000000000000e+03,4.646650878906250000e+03
5.000000074505805969e-02,1.735305190086364746e-01,2.989514768123626709e-01,-9.519099444150924683e-02,1.230107307434082031e+00,6.514752656221389771e-02,4.381000000000000000e+03,4.761645507812500000e+03
-1.000000014901161194e-01,-1.000000014901161194e-01,-2.514703571796417236e-01,-4.701327681541442871e-01,1.211480498313903809e+00,6.152339652180671692e-02,4.567000000000000000e+03,5.052912597656250000e+03
-1.500000059604644775e-01,-2.500000000000000000e-01,-1.287516355514526367e-01,-4.860805347561836243e-02,1.030876278877258301e+00,5.655973404645919800e-02,4.099000000000000000e+03,4.255340820312500000e+03
0.000000000000000000e+00,-1.000000014901161194e-01,-1.463961601257324219e-01,1.433650106191635132e-01,7.844837307929992676e-01,7.720620185136795044e-02,2.635000000000000000e+03,2.969993408203125000e+03
-5.000000074505805969e-02,-2.000000029802322388e-01,5.690586939454078674e-02,2.369559854269027710e-01,1.079563021659851074e+00,6.118660047650337219e-02,4.331000000000000000e+03,5.055465820312500000e+03
2.145627290010452271e-01,0.000000000000000000e+00,1.691687107086181641e-01,-1.661263108253479004e-01,1.122739434242248535e+00,6.512447446584701538e-02,4.533000000000000000e+03,4.639213378906250000e+03
-1.000000014901161194e-01,-5.000000074505805969e-02,6.591297686100006104e-02,3.827334046363830566e-01,1.205569505691528320e+00,7.375152409076690674e-02,4.364000000000000000e+03,4.989145996093750000e+03
0.000000000000000000e+00,0.000000000000000000e+00,1.627418696880340576e-01,-1.329560130834579468e-01,1.270828247070312500e+00,5.790531262755393982e-02,5.155000000000000000e+03,5.295043457031250000e+03
-1.500000059604644775e-01,-5.000000074505805969e-02,-3.156040981411933899e-02,-1.769882291555404663e-01,9.699033498764038086e-01,6.256178766489028931e-02,3.872000000000000000e+03,3.995123291015625000e+03
-8.165807463228702545e-03,8.032695204019546509e-02,-4.709178209304809570e-02,2.385474443435668945e-01,1.204463243484497070e+00,6.493813544511795044e-02,3.540000000000000000e+03,3.604634277343750000e+03
9.183419495820999146e-02,5.000000074505805969e-02,-1.072658458724617958e-03,-3.052596449851989746e-01,1.275289654731750488e+00,6.095593050122261047e-02,4.869000000000000000e+03,5.265709472656250000e+03
4.862083792686462402e-01,-1.151089668273925781e-01,3.299362957477569580e-01,-1.415735930204391479e-01,9.914528131484985352e-01,1.205059438943862915e-01,3.075000000000000000e+03,3.153196777343750000e+03
-4.499999880790710449e-01,1.366542428731918335e-01,-5.247147083282470703e-01,1.518650352954864502e-01,7.552822828292846680e-01,6.648916006088256836e-02,3.082000000000000000e+03,3.113371093750000000e+03
0.000000000000000000e+00,-5.000000074505805969e-02,-3.657711204141378403e-03,-6.016589999198913574e-01,1.206729412078857422e+00,6.307053565979003906e-02,4.768000000000000000e+03,5.722249023437500000e+03
-2.500000000000000000e-01,9.482004493474960327e-02,-5.284578204154968262e-01,1.323474496603012085e-01,1.049185037612915039e+00,5.586092174053192139e-02,3.754000000000000000e+03,4.018344970703125000e+03
0.000000000000000000e+00,0.000000000000000000e+00,-2.670513279736042023e-02,-3.313317149877548218e-02,1.287856340408325195e+00,5.658433586359024048e-02,4.857000000000000000e+03,4.862299316406250000e+03
-2.500000000000000000e-01,0.000000000000000000e+00,-3.531148433685302734e-01,-1.250517815351486206e-01,8.156752586364746094e-01,5.998611077666282654e-02,3.236000000000000000e+03,3.362235839843750000e+03
1.366542428731918335e-01,9.482004493474960327e-02,1.969789713621139526e-01,5.142379403114318848e-01,1.255427956581115723e+00,5.580587312579154968e-02,4.538000000000000000e+03,5.042616210937500000e+03
-3.499999940395355225e-01,-1.269505918025970459e-01,-3.497419953346252441e-01,-1.599944531917572021e-01,6.934753656387329102e-01,6.893018633127212524e-02,2.191000000000000000e+03,2.195963134765625000e+03
3.275320306420326233e-02,1.366542428731918335e-01,-7.395247370004653931e-02,-1.762544065713882446e-01,1.122287154197692871e+00,5.617817491292953491e-02,4.376000000000000000e+03,4.748200195312500000e+03
5.000000074505805969e-02,4.482004791498184204e-02,-2.369696199893951416e-01,-2.830829322338104248e-01,1.255471587181091309e+00,6.056702882051467896e-02,5.347000000000000000e+03,5.973077636718750000e+03
5.000000074505805969e-02,-3.499999940395355225e-01,-1.242366731166839600e-01,-2.451095581054687500e-01,9.880571365356445312e-01,6.941486895084381104e-02,3.512000000000000000e+03,3.659204589843750000e+03
2.872454822063446045e-01,-5.000000074505805969e-02,-3.384064882993698120e-02,-7.059548795223236084e-02,9.968141317367553711e-01,5.641709640622138977e-02,3.631000000000000000e+03,4.000477294921875000e+03
0.000000000000000000e+00,-5.000000074505805969e-02,1.690334379673004150e-01,-1.633393019437789917e-01,1.181716322898864746e+00,5.841353163123130798e-02,5.074000000000000000e+03,5.223797851562500000e+03
0.000000000000000000e+00,5.000000074505805969e-02,-4.988045245409011841e-02,-6.917026042938232422e-01,1.284314393997192383e+00,6.712245196104049683e-02,4.502000000000000000e+03,5.921277832031250000e+03
-5.000000074505805969e-02,1.255576610565185547e-01,-3.117907047271728516e-01,4.944870471954345703e-01,1.211327075958251953e+00,6.104545667767524719e-02,5.139000000000000000e+03,5.834044433593750000e+03
-5.000000074505805969e-02,9.482004493474960327e-02,-1.453236043453216553e-01,-9.539148211479187012e-02,8.911418318748474121e-01,6.246155500411987305e-02,3.616000000000000000e+03,3.819263183593750000e+03
1.366542428731918335e-01,0.000000000000000000e+00,-2.148803323507308960e-01,-7.770524173974990845e-02,9.909050464630126953e-01,7.778245210647583008e-02,2.483000000000000000e+03,2.801132080078125000e+03
-1.000000014901161194e-01,0.000000000000000000e+00,3.505369126796722412e-01,-3.055105805397033691e-01,1.239400148391723633e+00,5.969767645001411438e-02,4.794000000000000000e+03,5.681158691406250000e+03
1.764043420553207397e-01,5.000000074505805969e-02,-5.741256475448608398e-02,2.722918987274169922e-01,1.118959546089172363e+00,6.102810427546501160e-02,3.822000000000000000e+03,4.133403808593750000e+03
2.514390051364898682e-01,-5.000000074505805969e-02,4.466103911399841309e-01,3.279381394386291504e-01,1.121166229248046875e+00,5.902564153075218201e-02,4.419000000000000000e+03,5.035307617187500000e+03
-5.816580727696418762e-02,0.000000000000000000e+00,-3.876382708549499512e-01,7.641296088695526123e-02,1.151190280914306641e+00,6.836327910423278809e-02,4.038000000000000000e+03,4.379986816406250000e+03
5.000000074505805969e-02,0.000000000000000000e+00,1.347731798887252808e-01,-5.687617659568786621e-01,1.096726059913635254e+00,7.939927279949188232e-02,3.403000000000000000e+03,4.289092285156250000e+03
-5.000000074505805969e-02,-2.659073472023010254e-01,3.216193020343780518e-01,-2.995624244213104248e-01,9.373885989189147949e-01,7.392809540033340454e-02,3.522000000000000000e+03,4.060199462890625000e+03
9.482004493474960327e-02,-3.000000119209289551e-01,-1.226385012269020081e-01,-5.180321931838989258e-01,8.367199897766113281e-01,9.555536508560180664e-02,2.994000000000000000e+03,3.388149169921875000e+03
0.000000000000000000e+00,0.000000000000000000e+00,8.329222351312637329e-02,4.245171695947647095e-02,1.256645321846008301e+00,5.915385857224464417e-02,4.961000000000000000e+03,4.988429687500000000e+03
-1.500000059604644775e-01,-1.500000059604644775e-01,1.703649759292602539e-01,-1.714064925909042358e-01,8.659843802452087402e-01,5.327222868800163269e-02,2.906000000000000000e+03,3.293022216796875000e+03
1.366542428731918335e-01,-1.159073337912559509e-01,6.205446720123291016e-01,-2.611716985702514648e-01,1.029224395751953125e+00,8.127731084823608398e-02,3.927000000000000000e+03,4.829539550781250000e+03
-1.590733230113983154e-02,-5.000000074505805969e-02,1.913399398326873779e-01,2.902501523494720459e-01,1.239804744720458984e+00,6.123567745089530945e-02,4.991000000000000000e+03,5.494738769531250000e+03
0.000000000000000000e+00,-2.500000000000000000e-01,1.558510866016149521e-02,-1.446594446897506714e-01,1.014638423919677734e+00,7.412514090538024902e-02,3.824000000000000000e+03,3.866161865234375000e+03
-1.724679581820964813e-02,2.514390051364898682e-01,3.835571706295013428e-01,2.206256985664367676e-01,1.117187142372131348e+00,5.819820240139961243e-02,4.502000000000000000e+03,5.067704101562500000e+03
1.366542428731918335e-01,9.482004493474960327e-02,1.087253913283348083e-01,1.410970538854598999e-01,1.041439771652221680e+00,6.805523484945297241e-02,3.872000000000000000e+03,3.882519775390625000e+03
-1.000000014901161194e-01,1.366542428731918335e-01,-2.471830248832702637e-01,5.818761587142944336e-01,1.192120671272277832e+00,6.267729401588439941e-02,4.265000000000000000e+03,4.902083007812500000e+03
9.482004493474960327e-02,-2.196730524301528931e-01,4.892696812748908997e-02,-2.872427403926849365e-01,7.721782922744750977e-01,6.689894199371337891e-02,2.695000000000000000e+03,2.725006103515625000e+03
-5.000000074505805969e-02,-1.000000014901161194e-01,5.760861933231353760e-02,-4.273358359932899475e-02,1.091033697128295898e+00,6.544626504182815552e-02,3.831000000000000000e+03,3.878803955078125000e+03
2.145627290010452271e-01,3.815837576985359192e-02,1.797181665897369385e-01,-4.042002558708190918e-01,1.243927001953125000e+00,5.061209946870803833e-02,5.124000000000000000e+03,5.757889648437500000e+03
3.975010663270950317e-02,-2.000000029802322388e-01,1.307415664196014404e-01,4.953508824110031128e-02,1.175403356552124023e+00,5.707562342286109924e-02,4.367000000000000000e+03,4.587017089843750000e+03
-1.000000014901161194e-01,-1.000000014901161194e-01,3.252741321921348572e-02,1.406610608100891113e-01,9.842232465744018555e-01,6.991034001111984253e-02,3.301000000000000000e+03,3.554013671875000000e+03
1.735305190086364746e-01,3.555225729942321777e-01,3.021910190582275391e-01,3.504312038421630859e-01,1.089547753334045410e+00,6.269178539514541626e-02,4.340000000000000000e+03,4.400344726562500000e+03
2.067313045263290405e-01,5.000000074505805969e-02,1.806637197732925415e-01,3.218538463115692139e-01,8.936570286750793457e-01,6.124846264719963074e-02,3.174000000000000000e+03,3.464088867187500000e+03
3.815837576985359192e-02,9.482004493474960327e-02,2.150549739599227905e-01,-6.209526211023330688e-03,1.054585576057434082e+00,7.552641630172729492e-02,3.614000000000000000e+03,3.747977294921875000e+03
0.000000000000000000e+00,-5.179951898753643036e-03,-2.073066532611846924e-01,-5.148112028837203979e-02,1.278628468513488770e+00,5.462605506181716919e-02,4.978000000000000000e+03,5.114117187500000000e+03
9.482004493474960327e-02,0.000000000000000000e+00,1.834172308444976807e-01,-2.382976561784744263e-02,1.273658990859985352e+00,5.504972487688064575e-02,4.070000000000000000e+03,4.090995117187500000e+03
-5.179951898753643036e-03,-1.500000059604644775e-01,-7.842457294464111328e-02,-2.825920879840850830e-01,7.210454940795898438e-01,7.334417849779129028e-02,2.993000000000000000e+03,3.123990966796875000e+03
-1.500000059604644775e-01,-1.000000014901161194e-01,-1.291220039129257202e-01,-3.891146779060363770e-01,1.147604584693908691e+00,5.940021574497222900e-02,4.478000000000000000e+03,4.759016113281250000e+03
-6.967304646968841553e-02,-5.000000074505805969e-02,1.327602118253707886e-01,-1.665456406772136688e-02,9.821335077285766602e-01,6.381609290838241577e-02,3.716000000000000000e+03,3.876032714843750000e+03
-3.499999940395355225e-01,2.514390051364898682e-01,-3.803305625915527344e-01,5.108470842242240906e-02,9.478055238723754883e-01,6.033881753683090210e-02,3.692000000000000000e+03,3.858827636718750000e+03
1.694074422121047974e-01,0.000000000000000000e+00,4.965748488903045654e-01,-9.083733707666397095e-02,8.796644806861877441e-01,1.497569233179092407e-01,2.797000000000000000e+03,3.200740478515625000e+03
-1.000000014901161194e-01,-2.500000000000000000e-01,-3.874011933803558350e-01,-3.352683186531066895e-01,9.957494735717773438e-01,7.445078343152999878e-02,3.599000000000000000e+03,3.918391357421875000e+03
5.000000074505805969e-02,5.000000074505805969e-02,4.762669652700424194e-02,3.497209548950195312e-01,1.209521174430847168e+00,6.301207840442657471e-02,3.729000000000000000e+03,3.954327392578125000e+03
-5.000000074505805969e-02,-2.000000029802322388e-01,6.221734732389450073e-02,2.843869030475616455e-01,1.228268623352050781e+00,5.276836082339286804e-02,4.258000000000000000e+03,4.931175292968750000e+03
5.000000074505805969e-02,-1.184162404388189316e-02,5.335634946823120117e-01,1.283358633518218994e-01,1.144067764282226562e+00,6.107424199581146240e-02,4.960000000000000000e+03,5.881310546875000000e+03
-5.816580727696418762e-02,-2.500000000000000000e-01,-1.119848862290382385e-01,-5.321465134620666504e-01,7.972123026847839355e-01,8.556167036294937134e-02,2.634000000000000000e+03,2.966270019531250000e+03
-1.000000014901161194e-01,-8.165807463228702545e-03,-3.389584124088287354e-01,-2.024194784462451935e-02,1.190715909004211426e+00,6.044710800051689148e-02,5.167000000000000000e+03,5.373112792968750000e+03
-1.000000014901161194e-01,1.366542428731918335e-01,3.641674816608428955e-01,2.052753418684005737e-01,1.190515995025634766e+00,5.928226560354232788e-02,4.827000000000000000e+03,5.550772949218750000e+03
5.000000074505805969e-02,-1.500000059604644775e-01,5.127329379320144653e-02,1.014536246657371521e-01,1.126484513282775879e+00,6.282494217157363892e-02,4.093000000000000000e+03,4.294018066406250000e+03
1.366542428731918335e-01,-2.000000029802322388e-01,2.570548653602600098e-01,-2.620911300182342529e-01,4.830627441406250000e-01,8.674279600381851196e-02,2.144000000000000000e+03,2.309784423828125000e+03
3.815837576985359192e-02,-1.000000014901161194e-01,1.262750178575515747e-01,-1.740369349718093872e-01,7.256266474723815918e-01,6.524815410375595093e-02,2.328000000000000000e+03,2.386017333984375000e+03
0.000000000000000000e+00,8.815837651491165161e-02,4.757931455969810486e-02,3.226908668875694275e-02,6.692521572113037109e-01,7.763282209634780884e-02,1.984000000000000000e+03,2.007849853515625000e+03
-1.000000014901161194e-01,-2.500000000000000000e-01,-1.142067536711692810e-01,-3.946692347526550293e-01,6.283181905746459961e-01,7.826979458332061768e-02,2.244000000000000000e+03,2.362298828125000000e+03
1.366542428731918335e-01,0.000000000000000000e+00,1.405117362737655640e-01,3.067535459995269775e-01,9.672428369522094727e-01,5.539769306778907776e-02,3.579000000000000000e+03,3.931458007812500000e+03
-1.312371436506509781e-02,0.000000000000000000e+00,-4.626733660697937012e-01,-1.535830199718475342e-01,1.275941014289855957e+00,5.675391107797622681e-02,5.372000000000000000e+03,6.092982910156250000e+03
0.000000000000000000e+00,0.000000000000000000e+00,-1.724780946969985962e-01,-2.046982198953628540e-01,1.247021675109863281e+00,6.260746717453002930e-02,4.926000000000000000e+03,5.150950683593750000e+03
-1.000000014901161194e-01,-2.000000029802322388e-01,3.462078049778938293e-02,-3.621728420257568359e-01,9.036341309547424316e-01,7.621318846940994263e-02,2.750000000000000000e+03,2.897888916015625000e+03
8.457015454769134521e-02,1.366542428731918335e-01,-1.603368222713470459e-01,3.993825018405914307e-01,1.052186369895935059e+00,7.262602448463439941e-02,3.735000000000000000e+03,4.158681640625000000e+03
-1.500000059604644775e-01,5.000000074505805969e-02,-2.677610702812671661e-02,-2.152658104896545410e-01,8.416332602500915527e-01,6.164929270744323730e-02,2.512000000000000000e+03,2.807292236328125000e+03
-1.000000014901161194e-01,5.000000074505805969e-02,-1.817606091499328613e-01,-2.300646603107452393e-01,1.165884613990783691e+00,7.465372234582901001e-02,3.978000000000000000e+03,4.222977050781250000e+03
0.000000000000000000e+00,5.000000074505805969e-02,-1.445832997560501099e-01,-3.041634857654571533e-01,1.107193708419799805e+00,7.175602763891220093e-02,3.717000000000000000e+03,4.148794433593750000e+03
-1.881999336183071136e-02,9.482004493474960327e-02,3.442532420158386230e-01,2.101540938019752502e-02,1.261412024497985840e+00,5.994403734803199768e-02,4.945000000000000000e+03,5.363802734375000000e+03
-5.000000074505805969e-02,-1.500000059604644775e-01,6.726889312267303467e-02,-1.335463970899581909e-01,1.165303945541381836e+00,6.249610707163810730e-02,4.156000000000000000e+03,4.198734863281250000e+03
0.000000000000000000e+00,0.000000000000000000e+00,9.478915482759475708e-02,2.345070540904998779e-01,1.244017958641052246e+00,6.329354643821716309e-02,5.098000000000000000e+03,5.307056152343750000e+03
2.514390051364898682e-01,1.366542428731918335e-01,1.205884963274002075e-01,2.599006593227386475e-01,9.124298691749572754e-01,6.630311906337738037e-02,3.448000000000000000e+03,3.580255615234375000e+03
-1.500000059604644775e-01,4.223684668540954590e-01,-1.696943938732147217e-01,4.144459664821624756e-01,6.276609897613525391e-01,6.449607759714126587e-02,2.029000000000000000e+03,2.031350219726562500e+03
-1.500000059604644775e-01,-5.500000119209289551e-01,-4.585248976945877075e-02,-1.964395195245742798e-01,9.634888172149658203e-01,5.927503108978271484e-02,3.224000000000000000e+03,3.680578857421875000e+03
-2.131237089633941650e-01,2.145627290010452271e-01,-1.801707595586776733e-01,3.283663839101791382e-02,7.456371784210205078e-01,7.422818243503570557e-02,2.037000000000000000e+03,2.160087158203125000e+03
0.000000000000000000e+00,5.000000074505805969e-02,5.299328360706567764e-03,-5.179130434989929199e-01,1.280385255813598633e+00,5.848293006420135498e-02,4.937000000000000000e+03,5.867830078125000000e+03
-2.075121551752090454e-02,0.000000000000000000e+00,7.132998108863830566e-02,-6.364063620567321777e-01,1.265027284622192383e+00,5.364917218685150146e-02,4.989000000000000000e+03,6.211458496093750000e+03
-4.000000059604644775e-01,0.000000000000000000e+00,-8.750284463167190552e-02,3.575293347239494324e-02,1.092675447463989258e+00,6.970591098070144653e-02,3.802000000000000000e+03,4.110436523437500000e+03
0.000000000000000000e+00,-6.184162572026252747e-02,2.557303011417388916e-01,-7.897650450468063354e-02,1.161924481391906738e+00,6.047487258911132812e-02,4.468000000000000000e+03,4.682964355468750000e+03
-6.419350951910018921e-02,5.000000074505805969e-02,2.777385711669921875e-01,-3.751375079154968262e-01,1.201230049133300781e+00,5.768741294741630554e-02,4.644000000000000000e+03,5.563090332031250000e+03
-2.500000000000000000e-01,9.482004493474960327e-02,-1.814621239900588989e-01,-3.043614327907562256e-02,9.270118474960327148e-01,6.701146811246871948e-02,3.195000000000000000e+03,3.270383300781250000e+03
4.482004791498184204e-02,-5.000000074505805969e-02,-5.404317975044250488e-01,1.949047893285751343e-01,1.248631238937377930e+00,6.159905344247817993e-02,4.434000000000000000e+03,5.520466796875000000e+03
6.961627006530761719e-01,-4.499999880790710449e-01,3.992679715156555176e-01,-4.032647013664245605e-01,6.533365845680236816e-01,2.147556394338607788e-01,1.887000000000000000e+03,2.268906494140625000e+03
3.975010663270950317e-02,-1.000000014901161194e-01,3.330372869968414307e-01,-6.148548126220703125e-01,1.185924887657165527e+00,5.446472018957138062e-02,4.632000000000000000e+03,5.733222656250000000e+03
-1.000000014901161194e-01,0.000000000000000000e+00,-2.088698595762252808e-01,-1.701179146766662598e-02,8.749865293502807617e-01,5.681658536195755005e-02,3.410000000000000000e+03,3.463891113281250000e+03
3.896152675151824951e-01,-3.659073412418365479e-01,5.530693531036376953e-01,-4.938469231128692627e-01,7.719359993934631348e-01,1.005363538861274719e-01,2.726000000000000000e+03,2.919697998046875000e+03
-2.000000029802322388e-01,-2.131237089633941650e-01,-3.255155086517333984e-01,1.308048665523529053e-01,1.102772831916809082e+00,6.279439479112625122e-02,3.914000000000000000e+03,4.335497558593750000e+03
1.366542428731918335e-01,-5.816580727696418762e-02,1.846726387739181519e-01,3.715240359306335449e-01,1.158965945243835449e+00,5.974179506301879883e-02,4.285000000000000000e+03,4.862315429687500000e+03
-1.178191304206848145e-01,5.000000074505805969e-02,-2.043356895446777344e-01,1.383833885192871094e-01,6.547219753265380859e-01,8.982320129871368408e-02,2.125000000000000000e+03,2.200221435546875000e+03
-1.000000014901161194e-01,-5.000000074505805969e-02,-3.055938286706805229e-03,-2.388920485973358154e-01,1.153607130050659180e+00,7.225435972213745117e-02,4.340000000000000000e+03,4.485693847656250000e+03
-5.000000074505805969e-02,2.059899121522903442e-01,-3.200349211692810059e-02,6.899722814559936523e-01,9.439262151718139648e-01,6.807771325111389160e-02,3.589000000000000000e+03,4.485224121093750000e+03
9.482004493474960327e-02,-1.000000014901161194e-01,-4.872259497642517090e-02,-1.173894330859184265e-01,5.694133639335632324e-01,7.822120934724807739e-02,1.602000000000000000e+03,1.703956420898437500e+03
2.145627290010452271e-01,-6.184162572026252747e-02,8.288061618804931641e-02,-3.285610303282737732e-02,5.466991066932678223e-01,6.085783615708351135e-02,1.838000000000000000e+03,1.948008666992187500e+03
3.221365213394165039e-01,-1.000000014901161194e-01,4.317418038845062256e-01,3.109785914421081543e-02,7.854278087615966797e-01,6.991616636514663696e-02,2.587000000000000000e+03,2.708276123046875000e+03
-9.851548075675964355e-02,-6.192623972892761230e-01,-1.437667608261108398e-01,-5.679697990417480469e-01,4.235886633396148682e-01,7.290154695510864258e-02,1.198000000000000000e+03,1.229080932617187500e+03
3.975010663270950317e-02,5.000000074505805969e-02,3.108820021152496338e-01,3.250599503517150879e-01,1.252440690994262695e+00,5.847804248332977295e-02,5.017000000000000000e+03,5.483259277343750000e+03
-5.816580727696418762e-02,5.000000074505805969e-02,1.622727215290069580e-01,4.916059672832489014e-01,9.518180489540100098e-01,5.899007990956306458e-02,3.312000000000000000e+03,4.154906250000000000e+03
1.764043420553207397e-01,-1.102498918771743774e-01,-1.635544151067733765e-01,-2.528108358383178711e-01,1.056233406066894531e+00,5.829323455691337585e-02,4.215000000000000000e+03,4.714408203125000000e+03
-3.000000119209289551e-01,-5.000000074505805969e-02,-4.151737391948699951e-01,7.034929841756820679e-02,7.924921512603759766e-01,6.606286764144897461e-02,3.384000000000000000e+03,3.532103271484375000e+03
-2.000000029802322388e-01,-6.510896980762481689e-02,3.362545371055603027e-02,-3.703835606575012207e-01,1.019477128982543945e+00,6.962367147207260132e-02,3.510000000000000000e+03,3.993933349609375000e+03
1.366542428731918335e-01,0.000000000000000000e+00,-9.710406302474439144e-04,3.585992157459259033e-01,1.066180944442749023e+00,6.009776145219802856e-02,4.002000000000000000e+03,4.506838867187500000e+03
-2.500000000000000000e-01,0.000000000000000000e+00,-5.933461785316467285e-01,3.249382972717285156e-02,1.068912267684936523e+00,6.411154568195343018e-02,4.226000000000000000e+03,4.656022460937500000e+03
0.000000000000000000e+00,9.482004493474960327e-02,-1.482699811458587646e-01,3.974203765392303467e-02,1.119433879852294922e+00,6.412912905216217041e-02,4.352000000000000000e+03,4.438404296875000000e+03
8.815837651491165161e-02,-1.000000014901161194e-01,3.925959169864654541e-01,-1.083786562085151672e-01,1.246997475624084473e+00,6.067845970392227173e-02,5.121000000000000000e+03,5.421687011718750000e+03
-5.179951898753643036e-03,0.000000000000000000e+00,3.684539198875427246e-01,5.636321753263473511e-02,1.284661054611206055e+00,5.628776922821998596e-02,4.961000000000000000e+03,5.381157714843750000e+03
3.975010663270950317e-02,-4.000000059604644775e-01,-9.498347342014312744e-02,-3.873766958713531494e-01,7.412479519844055176e-01,7.292405515909194946e-02,2.670000000000000000e+03,2.758038330078125000e+03
-5.000000074505805969e-02,3.221365213394165039e-01,-5.734733119606971741e-02,6.796281337738037109e-01,9.660848975181579590e-01,5.535307154059410095e-02,4.002000000000000000e+03,4.532934570312500000e+03
0.000000000000000000e+00,9.482004493474960327e-02,1.151365041732788086e-01,4.835366085171699524e-02,1.242843866348266602e+00,6.653844565153121948e-02,4.989000000000000000e+03,5.038753906250000000e+03
9.482004493474960327e-02,1.366542428731918335e-01,5.585145205259323120e-02,-3.934701085090637207e-01,1.199358344078063965e+00,5.669151619076728821e-02,4.367000000000000000e+03,5.190361328125000000e+03
-1.000000014901161194e-01,9.482004493474960327e-02,4.855899885296821594e-02,1.127077043056488037e-01,1.222637772560119629e+00,5.616850033402442932e-02,4.760000000000000000e+03,4.830929199218750000e+03
-5.000000074505805969e-02,-2.000000029802322388e-01,-3.068840205669403076e-01,-1.829522550106048584e-01,9.469883441925048828e-01,8.854272961616516113e-02,3.503000000000000000e+03,3.757563964843750000e+03
1.366542428731918335e-01,-1.500000059604644775e-01,5.094408392906188965e-01,-1.422560214996337891e-01,1.134945511817932129e+00,6.407419592142105103e-02,3.642000000000000000e+03,4.024829589843750000e+03
-2.000000029802322388e-01,-1.000000014901161194e-01,-5.019749402999877930e-01,-1.734717190265655518e-01,9.850157499313354492e-01,6.291335076093673706e-02,3.720000000000000000e+03,4.081849365234375000e+03
1.366542428731918335e-01,-2.500000000000000000e-01,-2.078348994255065918e-01,-3.534363508224487305e-01,1.028711795806884766e+00,6.933715194463729858e-02,3.353000000000000000e+03,3.751843505859375000e+03
-2.000000029802322388e-01,-1.184162404388189316e-02,-3.007900118827819824e-01,1.210966557264328003e-01,8.544721007347106934e-01,7.590608298778533936e-02,3.109000000000000000e+03,3.226244140625000000e+03
-2.141935080289840698e-01,2.145627290010452271e-01,-4.003624990582466125e-02,2.492132037878036499e-01,8.222284913063049316e-01,7.211565971374511719e-02,2.413000000000000000e+03,2.524357177734375000e+03
-1.500000059604644775e-01,5.000000074505805969e-02,-7.743528485298156738e-02,3.638042509555816650e-01,1.177067995071411133e+00,5.181408300995826721e-02,4.542000000000000000e+03,4.876521972656250000e+03
5.000000074505805969e-02,0.000000000000000000e+00,1.909569352865219116e-01,-5.575548857450485229e-03,9.885361194610595703e-01,6.313145160675048828e-02,3.304000000000000000e+03,3.371077392578125000e+03
3.562291860580444336e-01,5.000000074505805969e-02,3.582769632339477539e-01,3.038861155509948730e-01,7.543787360191345215e-01,6.381699442863464355e-02,3.088000000000000000e+03,3.428645507812500000e+03
5.000000074505805969e-02,-5.000000074505805969e-02,1.120095029473304749e-01,8.769118040800094604e-02,9.962121844291687012e-01,7.050046324729919434e-02,3.139000000000000000e+03,3.210522949218750000e+03
1.289127171039581299e-01,-6.590732932090759277e-02,1.347410082817077637e-01,-5.062077194452285767e-02,1.251564741134643555e+00,5.957271531224250793e-02,3.959000000000000000e+03,3.959669433593750000e+03
-5.000000074505805969e-02,-1.000000014901161194e-01,-2.318110167980194092e-01,-5.250625610351562500e-01,1.047737240791320801e+00,6.168839707970619202e-02,3.689000000000000000e+03,4.379358398437500000e+03
1.366542428731918335e-01,0.000000000000000000e+00,2.054407745599746704e-01,-1.489558070898056030e-01,7.195563912391662598e-01,7.491015642881393433e-02,2.197000000000000000e+03,2.309951660156250000e+03
-4.000000059604644775e-01,2.145627290010452271e-01,-7.980659604072570801e-01,-2.443631291389465332e-01,1.148810148239135742e+00,7.631436735391616821e-02,3.669000000000000000e+03,4.639075683593750000e+03
-3.151089549064636230e-01,-5.179951898753643036e-03,-3.170519471168518066e-01,9.575442224740982056e-02,7.887986898422241211e-01,6.910317391157150269e-02,2.694000000000000000e+03,2.738000244140625000e+03
1.316963285207748413e-01,4.862083792686462402e-01,1.168039664626121521e-01,5.220475792884826660e-01,6.755184531211853027e-01,6.369797885417938232e-02,2.539000000000000000e+03,2.547443603515625000e+03
1.764043420553207397e-01,5.000000074505805969e-02,3.357350528240203857e-01,4.502733647823333740e-01,1.047223091125488281e+00,6.342849880456924438e-02,4.205000000000000000e+03,4.890131835937500000e+03
9.482004493474960327e-02,-2.000000029802322388e-01,1.897022724151611328e-01,-3.177297711372375488e-01,1.034193634986877441e+00,6.195229664444923401e-02,4.164000000000000000e+03,4.252337402343750000e+03
9.482004493474960327e-02,-5.000000074505805969e-02,2.119760215282440186e-01,1.500850766897201538e-01,1.205633878707885742e+00,6.056208908557891846e-02,4.643000000000000000e+03,4.813161621093750000e+03
-1.618416309356689453e-01,2.514390051364898682e-01,-1.790002137422561646e-01,2.010762244462966919e-01,9.822768568992614746e-01,6.290227174758911133e-02,3.898000000000000000e+03,3.909425048828125000e+03
0.000000000000000000e+00,-5.000000074505805969e-02,3.181061744689941406e-01,-3.335753381252288818e-01,1.188703179359436035e+00,6.101873517036437988e-02,4.525000000000000000e+03,5.089176757812500000e+03
-1.000000014901161194e-01,-5.000000074505805969e-02,3.339915871620178223e-01,4.307819902896881104e-02,1.178511023521423340e+00,5.849992111325263977e-02,4.854000000000000000e+03,5.520670898437500000e+03
0.000000000000000000e+00,1.366542428731918335e-01,2.173996530473232269e-02,-2.450818866491317749e-01,1.223196148872375488e+00,6.014214456081390381e-02,4.675000000000000000e+03,5.122293945312500000e+03
-1.500000059604644775e-01,-2.500000000000000000e-01,-3.753005862236022949e-01,-5.550808906555175781e-01,1.096776008605957031e+00,6.300099939107894897e-02,4.219000000000000000e+03,4.709110351562500000e+03
2.872454822063446045e-01,-3.499999940395355225e-01,5.181399583816528320e-01,-3.180595338344573975e-01,6.863887310028076172e-01,1.657160222530364990e-01,2.075000000000000000e+03,2.308512695312500000e+03
3.562291860580444336e-01,-2.000000029802322388e-01,3.246510326862335205e-01,-2.358794957399368286e-02,9.117735624313354492e-01,7.309199869632720947e-02,3.164000000000000000e+03,3.285362304687500000e+03
-1.500000059604644775e-01,1.764043420553207397e-01,-4.966402649879455566e-01,3.300835192203521729e-01,1.069844007492065430e+00,5.233963578939437866e-02,4.423000000000000000e+03,4.963784667968750000e+03
9.482004493474960327e-02,3.221365213394165039e-01,3.671343922615051270e-01,5.266832113265991211e-01,9.760050773620605469e-01,6.675507873296737671e-02,4.039000000000000000e+03,4.517555175781250000e+03
0.000000000000000000e+00,0.000000000000000000e+00,4.169417619705200195e-01,4.956305325031280518e-01,1.202710032463073730e+00,6.118300184607505798e-02,3.974000000000000000e+03,5.061678222656250000e+03
-1.000000014901161194e-01,1.366542428731918335e-01,2.818589843809604645e-02,8.732817322015762329e-02,1.092539072036743164e+00,6.853782385587692261e-02,4.117000000000000000e+03,4.182064453125000000e+03
-2.000000029802322388e-01,3.580648824572563171e-02,-2.708203904330730438e-02,-5.917954072356224060e-02,1.078779339790344238e+00,5.669346824288368225e-02,3.091000000000000000e+03,3.193532958984375000e+03
9.482004493474960327e-02,-1.500000059604644775e-01,1.666845232248306274e-01,-2.103838175535202026e-01,6.092631220817565918e-01,7.148081809282302856e-02,2.313000000000000000e+03,2.367573242187500000e+03
1.764043420553207397e-01,-1.000000014901161194e-01,4.227649271488189697e-01,-4.218538850545883179e-02,7.598119974136352539e-01,7.669408619403839111e-02,2.833000000000000000e+03,3.139313720703125000e+03
9.482004493474960327e-02,-1.618416309356689453e-01,-6.694056838750839233e-02,-4.870751127600669861e-02,1.144402623176574707e+00,6.285408139228820801e-02,4.209000000000000000e+03,4.333260742187500000e+03
9.482004493474960327e-02,-3.499999940395355225e-01,2.541189789772033691e-01,7.731457799673080444e-02,1.067095875740051270e+00,6.294324249029159546e-02,3.728000000000000000e+03,4.382726562500000000e+03
5.000000074505805969e-02,-5.000000074505805969e-02,3.065556883811950684e-01,-3.552902936935424805e-01,8.240819573402404785e-01,9.538874775171279907e-02,3.028000000000000000e+03,3.703354248046875000e+03
-1.118416264653205872e-01,0.000000000000000000e+00,2.532421350479125977e-01,1.671133339405059814e-01,1.187867999076843262e+00,7.107453793287277222e-02,3.974000000000000000e+03,4.415900390625000000e+03
-1.312371436506509781e-02,0.000000000000000000e+00,-3.671399354934692383e-01,-1.296952068805694580e-01,1.275406241416931152e+00,5.762169882655143738e-02,5.010000000000000000e+03,5.439776855468750000e+03
-1.500000059604644775e-01,9.482004493474960327e-02,2.334173209965229034e-02,9.553857147693634033e-02,1.213608622550964355e+00,5.046641826629638672e-02,4.281000000000000000e+03,4.367912597656250000e+03
-7.444340735673904419e-02,-3.000000119209289551e-01,-1.781397759914398193e-01,-4.820037484169006348e-01,5.608455538749694824e-01,9.998174011707305908e-02,1.394000000000000000e+03,1.582537109375000000e+03
1.251469999551773071e-01,0.000000000000000000e+00,2.540253661572933197e-02,5.065118670463562012e-01,1.217678427696228027e+00,7.166646420955657959e-02,4.503000000000000000e+03,5.282083496093750000e+03
-1.500000059604644775e-01,9.482004493474960327e-02,1.522009521722793579e-01,-3.267624080181121826e-01,1.089172601699829102e+00,6.103164330124855042e-02,3.777000000000000000e+03,4.594562011718750000e+03
-2.000000029802322388e-01,-1.000000014901161194e-01,-2.163229882717132568e-01,-4.696269929409027100e-01,9.750762581825256348e-01,5.893523618578910828e-02,3.746000000000000000e+03,4.268445800781250000e+03
-1.118416264653205872e-01,0.000000000000000000e+00,-2.193344980478286743e-01,6.072760224342346191e-01,1.218704700469970703e+00,8.545166254043579102e-02,4.017000000000000000e+03,4.993875976562500000e+03
4.482004791498184204e-02,0.000000000000000000e+00,5.393372103571891785e-02,1.225927099585533142e-01,1.212559103965759277e+00,6.364704668521881104e-02,4.904000000000000000e+03,4.954426757812500000e+03
-2.641935050487518311e-01,-5.816580727696418762e-02,-1.960034072399139404e-01,-9.528790414333343506e-02,5.339720249176025391e-01,5.976697430014610291e-02,1.612000000000000000e+03,1.645950195312500000e+03
0.000000000000000000e+00,5.000000074505805969e-02,-1.567488461732864380e-01,-4.127041101455688477e-01,1.111734986305236816e+00,6.185061112046241760e-02,4.385000000000000000e+03,5.196471191406250000e+03
-5.000000074505805969e-02,-3.000000119209289551e-01,3.043923713266849518e-02,-2.499254196882247925e-01,1.006871342658996582e+00,7.380416989326477051e-02,3.515000000000000000e+03,3.546208251953125000e+03
1.366542428731918335e-01,-1.661394163966178894e-02,1.173124462366104126e-01,1.023461855947971344e-02,7.413939237594604492e-01,5.025352537631988525e-02,3.171000000000000000e+03,3.177301269531250000e+03
0.000000000000000000e+00,5.000000074505805969e-02,-1.288089454174041748e-01,1.657986082136631012e-02,8.466278314590454102e-01,5.897736549377441406e-02,2.992000000000000000e+03,3.065560791015625000e+03
-4.672468006610870361e-01,0.000000000000000000e+00,-6.065850257873535156e-01,2.123286128044128418e-01,5.857615470886230469e-01,9.557453542947769165e-02,2.152000000000000000e+03,2.539964843750000000e+03
1.688351184129714966e-01,9.482004493474960327e-02,1.410070359706878662e-01,3.355307579040527344e-01,1.167615294456481934e+00,5.906214192509651184e-02,4.850000000000000000e+03,5.056625000000000000e+03
-1.618416309356689453e-01,-3.151089549064636230e-01,-3.163882195949554443e-01,-3.120959103107452393e-01,8.466550707817077637e-01,6.954493373632431030e-02,3.127000000000000000e+03,3.230107177734375000e+03
4.482004791498184204e-02,8.687628805637359619e-02,2.147666364908218384e-01,2.690983004868030548e-02,7.210665941238403320e-01,7.762350887060165405e-02,2.877000000000000000e+03,3.054174316406250000e+03
-3.000000119209289551e-01,9.482004493474960327e-02,-3.820059597492218018e-01,-2.357057183980941772e-01,9.380103349685668945e-01,5.981880053877830505e-02,4.095000000000000000e+03,4.619668457031250000e+03
-1.500000059604644775e-01,5.000000074505805969e-02,-3.298245072364807129e-01,4.480918049812316895e-01,1.065396666526794434e+00,5.764760449528694153e-02,4.269000000000000000e+03,4.961948242187500000e+03
1.764043420553207397e-01,9.482004493474960327e-02,-2.591909170150756836e-01,-8.117622137069702148e-02,1.032211542129516602e+00,7.636338472366333008e-02,4.033000000000000000e+03,4.834150390625000000e+03
1.735305190086364746e-01,0.000000000000000000e+00,3.653531372547149658e-01,1.786893606185913086e-01,7.658165097236633301e-01,7.968655228614807129e-02,2.569000000000000000e+03,2.862740722656250000e+03
0.000000000000000000e+00,-2.000000029802322388e-01,1.755383610725402832e-01,-5.357124209403991699e-01,7.851743698120117188e-01,1.101955175399780273e-01,2.069000000000000000e+03,2.528737304687500000e+03
0.000000000000000000e+00,0.000000000000000000e+00,1.568287983536720276e-02,-1.414731740951538086e-01,1.273302674293518066e+00,5.042088404297828674e-02,4.881000000000000000e+03,4.941905761718750000e+03
-2.000000029802322388e-01,1.366542428731918335e-01,5.413161590695381165e-02,4.007148742675781250e-01,1.226768374443054199e+00,5.717604979872703552e-02,5.269000000000000000e+03,5.728746582031250000e+03
-2.500000000000000000e-01,-2.000000029802322388e-01,-2.045463621616363525e-01,-2.976399064064025879e-01,1.121334791183471680e+00,5.410727113485336304e-02,4.783000000000000000e+03,4.826861816406250000e+03
0.000000000000000000e+00,0.000000000000000000e+00,-1.341077983379364014e-01,-3.164919018745422363e-01,9.038053154945373535e-01,7.383131980895996094e-02,2.693000000000000000e+03,3.070027832031250000e+03
2.514390051364898682e-01,5.000000074505805969e-02,3.012475371360778809e-01,7.234546542167663574e-02,1.194035530090332031e+00,5.678874626755714417e-02,4.630000000000000000e+03,4.639620117187500000e+03
-5.000000074505805969e-02,9.482004493474960327e-02,-4.275910556316375732e-01,-1.605765223503112793e-01,1.009697675704956055e+00,8.068931102752685547e-02,3.458000000000000000e+03,4.132236328125000000e+03
0.000000000000000000e+00,0.000000000000000000e+00,-1.156964972615242004e-01,9.848327189683914185e-02,1.167814731597900391e+00,5.465734750032424927e-02,4.568000000000000000e+03,4.645066406250000000e+03
1.764043420553207397e-01,-4.000000059604644775e-01,3.631876111030578613e-01,-5.022004842758178711e-01,8.376813530921936035e-01,5.644132569432258606e-02,3.216000000000000000e+03,3.420676757812500000e+03
-2.500000000000000000e-01,9.482004493474960327e-02,-1.512916982173919678e-01,2.921741008758544922e-01,8.241547346115112305e-01,9.535036236047744751e-02,3.180000000000000000e+03,3.403925537109375000e+03
3.221365213394165039e-01,-1.500000059604644775e-01,4.081367552280426025e-01,-1.633083820343017578e-01,9.861840605735778809e-01,5.588299408555030823e-02,3.106000000000000000e+03,3.130104248046875000e+03
0.000000000000000000e+00,9.482004493474960327e-02,1.895978748798370361e-01,-1.771696209907531738e-01,1.066290974617004395e+00,6.347385793924331665e-02,3.965000000000000000e+03,4.339674804687500000e+03
-1.000000014901161194e-01,1.366542428731918335e-01,-1.417240947484970093e-01,1.700109243392944336e-01,7.957855463027954102e-01,6.013422459363937378e-02,2.756000000000000000e+03,2.768469726562500000e+03
1.329784244298934937e-01,8.815837651491165161e-02,1.042783781886100769e-01,2.104980647563934326e-01,1.137028813362121582e+00,6.432565301656723022e-02,3.900000000000000000e+03,3.947324462890625000e+03
2.806877791881561279e-01,-3.000000119209289551e-01,2.833000421524047852e-01,-5.843880400061607361e-02,1.012258052825927734e+00,7.672266662120819092e-02,2.904000000000000000e+03,3.067239990234375000e+03
-1.618416309356689453e-01,4.862083792686462402e-01,6.554683204740285873e-03,4.841821789741516113e-01,6.238382458686828613e-01,6.613554060459136963e-02,2.010000000000000000e+03,2.154114013671875000e+03
9.482004493474960327e-02,1.366542428731918335e-01,-2.521245777606964111e-01,-1.021846979856491089e-01,1.181550741195678711e+00,6.048968806862831116e-02,4.456000000000000000e+03,5.007251464843750000e+03
9.482004493474960327e-02,-5.816580727696418762e-02,4.064318239688873291e-01,6.746561080217361450e-02,1.219805121421813965e+00,5.300408601760864258e-02,4.563000000000000000e+03,4.903584960937500000e+03
9.482004493474960327e-02,1.655856072902679443e-01,4.857369661331176758e-01,7.208968978375196457e-03,1.153734326362609863e+00,7.131188362836837769e-02,4.249000000000000000e+03,4.799772460937500000e+03
9.482004493474960327e-02,1.683132946491241455e-01,7.441207766532897949e-02,4.454907402396202087e-02,6.995980143547058105e-01,7.707582414150238037e-02,1.946000000000000000e+03,2.008257324218750000e+03
2.514390051364898682e-01,9.482004493474960327e-02,3.837538659572601318e-01,2.285026200115680695e-02,7.272135615348815918e-01,6.842409819364547729e-02,2.390000000000000000e+03,2.491271240234375000e+03
-1.131237149238586426e-01,0.000000000000000000e+00,4.531931504607200623e-02,2.668822999112308025e-04,1.220286846160888672e+00,6.171646341681480408e-02,4.732000000000000000e+03,4.811192382812500000e+03
9.482004493474960327e-02,-5.000000074505805969e-02,-8.586422353982925415e-02,-5.488007143139839172e-02,1.255511879920959473e+00,5.502615869045257568e-02,4.567000000000000000e+03,4.661097167968750000e+03
-1.312371436506509781e-02,-1.651089638471603394e-01,-1.262868791818618774e-01,-3.625764250755310059e-01,5.916179418563842773e-01,1.021789610385894775e-01,1.688000000000000000e+03,1.929807128906250000e+03
3.562291860580444336e-01,2.514390051364898682e-01,8.466365337371826172e-01,2.184413820505142212e-01,9.404169321060180664e-01,3.709957897663116455e-01,6.224000000000000000e+03,7.832321289062500000e+03
-1.500000059604644775e-01,-1.184162404388189316e-02,-8.428788930177688599e-02,1.982106715440750122e-01,1.131755828857421875e+00,5.108736455440521240e-02,4.628000000000000000e+03,4.801537597656250000e+03
-4.000000059604644775e-01,5.000000074505805969e-02,-1.132680550217628479e-01,1.202446296811103821e-01,9.760838747024536133e-01,7.640267163515090942e-02,3.282000000000000000e+03,3.575726074218750000e+03
9.482004493474960327e-02,9.482004493474960327e-02,1.803053617477416992e-01,-3.465162217617034912e-02,8.325089216232299805e-01,8.103209733963012695e-02,2.839000000000000000e+03,2.936592041015625000e+03
0.000000000000000000e+00,0.000000000000000000e+00,2.263784222304821014e-02,1.503052562475204468e-01,1.144318461418151855e+00,5.632082372903823853e-02,4.901000000000000000e+03,4.987047363281250000e+03
-5.000000074505805969e-02,-5.000000074505805969e-02,7.963360100984573364e-02,-6.967961788177490234e-01,1.161372423171997070e+00,5.577056854963302612e-02,4.251000000000000000e+03,5.538789550781250000e+03
-2.500000000000000000e-01,-5.000000074505805969e-02,-4.749276340007781982e-01,-2.151664942502975464e-01,1.184414982795715332e+00,5.485189333558082581e-02,5.074000000000000000e+03,5.352314941406250000e+03
-1.000000014901161194e-01,-1.000000014901161194e-01,2.938458137214183807e-02,-1.145713701844215393e-01,6.551936268806457520e-01,7.179758697748184204e-02,1.999000000000000000e+03,2.076980712890625000e+03
1.366542428731918335e-01,1.366542428731918335e-01,-2.734023146331310272e-02,1.094075441360473633e-01,8.925023078918457031e-01,7.486737519502639771e-02,2.898000000000000000e+03,2.997620117187500000e+03
-3.000000119209289551e-01,-2.000000029802322388e-01,-3.565320074558258057e-01,6.736815720796585083e-02,8.912231922149658203e-01,1.402174681425094604e-01,1.966000000000000000e+03,2.147192871093750000e+03
3.165905550122261047e-02,-5.000000074505805969e-02,1.447605248540639877e-02,2.957043051719665527e-01,1.262620687484741211e+00,5.563140660524368286e-02,5.034000000000000000e+03,5.406414062500000000e+03
5.000000074505805969e-02,5.000000074505805969e-02,-1.036611124873161316e-01,9.140448272228240967e-02,5.621013641357421875e-01,8.692569285631179810e-02,1.956000000000000000e+03,2.109921142578125000e+03
-5.000000074505805969e-02,0.000000000000000000e+00,-5.520410463213920593e-02,1.223464459180831909e-01,1.269551157951354980e+00,6.391205638647079468e-02,5.267000000000000000e+03,5.315818359375000000e+03
0.000000000000000000e+00,-5.000000074505805969e-02,-3.646861612796783447e-01,3.602381646633148193e-01,1.242878317832946777e+00,6.055497378110885620e-02,4.947000000000000000e+03,5.872780273437500000e+03
0.000000000000000000e+00,2.145627290010452271e-01,2.713828813284635544e-03,2.191019356250762939e-01,4.313203692436218262e-01,8.191685378551483154e-02,1.226000000000000000e+03,1.226191650390625000e+03
-1.500000059604644775e-01,9.482004493474960327e-02,-2.233881801366806030e-01,7.965915650129318237e-02,4.490778446197509766e-01,7.982587069272994995e-02,1.145000000000000000e+03,1.176716796875000000e+03
-1.500000059604644775e-01,-1.500000059604644775e-01,-3.122379183769226074e-01,-1.741192787885665894e-01,5.333178639411926270e-01,8.006326109170913696e-02,2.322000000000000000e+03,2.536898681640625000e+03
-2.131237089633941650e-01,4.183419048786163330e-02,-1.190479174256324768e-01,-1.554194837808609009e-01,9.968507289886474609e-01,8.747358620166778564e-02,3.280000000000000000e+03,3.436181640625000000e+03
2.145627290010452271e-01,9.482004493474960327e-02,2.240811586380004883e-01,8.091746270656585693e-02,1.028831720352172852e+00,5.760632827877998352e-02,3.087000000000000000e+03,3.087840820312500000e+03
-5.000000074505805969e-02,-1.000000014901161194e-01,-5.247899889945983887e-01,-1.027763932943344116e-01,1.146475315093994141e+00,6.141296029090881348e-02,3.844000000000000000e+03,4.479801269531250000e+03
0.000000000000000000e+00,0.000000000000000000e+00,-1.947780698537826538e-01,9.287817031145095825e-02,7.290914654731750488e-01,7.034754753112792969e-02,2.841000000000000000e+03,3.084711669921875000e+03
1.764043420553207397e-01,-2.000000029802322388e-01,-6.392561644315719604e-02,-4.171805679798126221e-01,8.286305069923400879e-01,7.852031290531158447e-02,2.913000000000000000e+03,3.343198486328125000e+03
0.000000000000000000e+00,5.000000074505805969e-02,-3.391107171773910522e-02,-1.596649885177612305e-01,1.283149480819702148e+00,5.959184095263481140e-02,4.434000000000000000e+03,4.554456542968750000e+03
-1.500000059604644775e-01,-5.000000074505805969e-02,4.245290756225585938e-01,-2.577828057110309601e-02,1.201632618904113770e+00,6.363471597433090210e-02,4.543000000000000000e+03,5.533751953125000000e+03
-5.000000074505805969e-02,5.000000074505805969e-02,5.092756152153015137e-01,5.285475850105285645e-01,1.260111689567565918e+00,6.484161317348480225e-02,4.801000000000000000e+03,6.339098632812500000e+03
8.975010365247726440e-02,0.000000000000000000e+00,1.332600712776184082e-01,2.668237984180450439e-01,1.233907461166381836e+00,5.656391009688377380e-02,5.514000000000000000e+03,5.775197265625000000e+03
9.482004493474960327e-02,5.000000074505805969e-02,6.492871791124343872e-02,6.238123774528503418e-02,1.182113409042358398e+00,5.446482077240943909e-02,3.966000000000000000e+03,3.969003173828125000e+03
-2.151089608669281006e-01,1.764043420553207397e-01,-4.810559153556823730e-01,2.361884266138076782e-01,1.173520207405090332e+00,5.596643313765525818e-02,4.777000000000000000e+03,5.031356933593750000e+03
0.000000000000000000e+00,-1.618416309356689453e-01,-9.199281781911849976e-02,-2.268825173377990723e-01,5.286357998847961426e-01,8.415511995553970337e-02,1.840000000000000000e+03,1.922703491210937500e+03
2.514390051364898682e-01,2.145627290010452271e-01,4.800032079219818115e-02,2.912143766880035400e-01,8.888011574745178223e-01,6.361672282218933105e-02,3.673000000000000000e+03,3.889703857421875000e+03
-3.499999940395355225e-01,-5.179951898753643036e-03,-4.140777885913848877e-01,4.558814764022827148e-01,1.019278645515441895e+00,7.252894341945648193e-02,3.956000000000000000e+03,4.744791015625000000e+03
9.482004493474960327e-02,2.872454822063446045e-01,2.911620736122131348e-01,3.643268942832946777e-01,8.047223687171936035e-01,7.450439035892486572e-02,2.687000000000000000e+03,2.868614746093750000e+03
-1.000000014901161194e-01,-2.000000029802322388e-01,-2.785368859767913818e-01,-7.819194346666336060e-02,5.803948640823364258e-01,1.076242551207542419e-01,2.022000000000000000e+03,2.293375244140625000e+03
-4.000000059604644775e-01,-2.000000029802322388e-01,-1.796590387821197510e-01,-2.526875436305999756e-01,1.005962729454040527e+00,8.046463131904602051e-02,2.634000000000000000e+03,2.766032714843750000e+03
0.000000000000000000e+00,5.000000074505805969e-02,-3.559412658214569092e-01,5.205723643302917480e-01,1.276906728744506836e+00,6.191676482558250427e-02,4.542000000000000000e+03,5.468131347656250000e+03
-1.500000059604644775e-01,1.366542428731918335e-01,-3.927184045314788818e-01,2.333659082651138306e-01,1.186141371726989746e+00,6.707772612571716309e-02,3.430000000000000000e+03,3.594172851562500000e+03
4.482004791498184204e-02,-5.000000074505805969e-02,1.120332628488540649e-01,-5.275942087173461914e-01,1.179080009460449219e+00,5.947399511933326721e-02,5.100000000000000000e+03,5.921628417968750000e+03
-2.700559496879577637e-01,1.366542428731918335e-01,-2.978845536708831787e-01,8.931536972522735596e-02,6.678953170776367188e-01,6.899163872003555298e-02,2.055000000000000000e+03,2.068810791015625000e+03
0.000000000000000000e+00,1.764043420553207397e-01,-2.541052401065826416e-01,2.017566263675689697e-01,9.036860466003417969e-01,6.638539582490921021e-02,3.199000000000000000e+03,3.449636962890625000e+03
5.000000074505805969e-02,-1.102498918771743774e-01,-1.630962640047073364e-01,-2.634869015309959650e-04,1.200044393539428711e+00,6.077818572521209717e-02,4.442000000000000000e+03,4.617230468750000000e+03
-2.075121551752090454e-02,3.032695502042770386e-02,4.134406521916389465e-02,2.455825507640838623e-01,1.278561949729919434e+00,5.711228027939796448e-02,5.494000000000000000e+03,5.661341796875000000e+03
5.000000074505805969e-02,-5.000000074505805969e-02,1.136394962668418884e-01,2.048340439796447754e-02,1.272456884384155273e+00,6.348843872547149658e-02,4.931000000000000000e+03,4.958264160156250000e+03
-5.000000074505805969e-02,-1.000000014901161194e-01,-5.776375532150268555e-01,-1.104040220379829407e-01,1.124684453010559082e+00,5.902109295129776001e-02,4.408000000000000000e+03,5.334049804687500000e+03
4.183419048786163330e-02,0.000000000000000000e+00,-8.148024976253509521e-02,-3.091762587428092957e-02,1.137241959571838379e+00,5.760943889617919922e-02,3.683000000000000000e+03,3.728957031250000000e+03
0.000000000000000000e+00,3.815837576985359192e-02,6.026405096054077148e-01,1.646975874900817871e-01,1.198107004165649414e+00,6.021150574088096619e-02,4.509000000000000000e+03,5.639240722656250000e+03
-5.000000074505805969e-02,2.514390051364898682e-01,-3.918317332863807678e-02,2.963013947010040283e-01,9.607751965522766113e-01,7.685963064432144165e-02,3.105000000000000000e+03,3.112182861328125000e+03
9.482004493474960327e-02,-5.000000074505805969e-02,1.425141841173171997e-01,1.177157275378704071e-02,1.235507130622863770e+00,5.636257305741310120e-02,4.876000000000000000e+03,4.895488281250000000e+03
2.145627290010452271e-01,1.215452700853347778e-01,2.789607644081115723e-01,-6.414970010519027710e-02,5.056739449501037598e-01,9.072619676589965820e-02,1.129000000000000000e+03,1.293841552734375000e+03
3.975010663270950317e-02,3.489103168249130249e-02,2.829780280590057373e-01,-1.937285065650939941e-02,1.203743338584899902e+00,6.493680179119110107e-02,4.450000000000000000e+03,4.638559570312500000e+03
5.000000074505805969e-02,5.000000074505805969e-02,2.419184148311614990e-01,-2.765773832798004150e-01,1.255714178085327148e+00,5.529075488448143005e-02,5.148000000000000000e+03,5.606788085937500000e+03
9.482004493474960327e-02,-2.500000000000000000e-01,-1.845055371522903442e-01,-3.555615842342376709e-01,6.101514101028442383e-01,1.324097961187362671e-01,1.747000000000000000e+03,2.145508789062500000e+03
-5.000000074505805969e-02,-5.000000074505805969e-02,-4.784132838249206543e-01,-4.507051408290863037e-01,1.182694315910339355e+00,6.664598733186721802e-02,4.375000000000000000e+03,5.399576660156250000e+03
-3.499999940395355225e-01,-1.000000014901161194e-01,-2.846561372280120850e-01,-6.341787427663803101e-02,9.842228889465332031e-01,7.148405164480209351e-02,3.344000000000000000e+03,3.363254150390625000e+03
5.000000074505805969e-02,-2.000000029802322388e-01,-2.405949383974075317e-01,-7.657587528228759766e-02,1.122651457786560059e+00,6.511917710304260254e-02,4.616000000000000000e+03,4.974501464843750000e+03
0.000000000000000000e+00,-5.000000074505805969e-02,2.391580790281295776e-01,-3.633967041969299316e-02,1.276582241058349609e+00,5.945226922631263733e-02,4.978000000000000000e+03,5.152165527343750000e+03
-5.000000074505805969e-02,5.000000074505805969e-02,-4.555500745773315430e-01,-1.341387778520584106e-01,1.158095598220825195e+00,5.993832275271415710e-02,4.754000000000000000e+03,5.435013671875000000e+03
4.482004791498184204e-02,-1.000000014901161194e-01,4.551768898963928223e-01,-1.579545438289642334e-01,1.229372978210449219e+00,5.922073870897293091e-02,4.755000000000000000e+03,5.281638183593750000e+03
1.764043420553207397e-01,5.000000074505805969e-02,2.236311556771397591e-03,1.909051388502120972e-01,9.637520909309387207e-01,6.329430639743804932e-02,3.343000000000000000e+03,3.521001953125000000e+03
2.145627290010452271e-01,2.514390051364898682e-01,2.818832397460937500e-01,2.039890438318252563e-01,9.301042556762695312e-01,6.916680932044982910e-02,3.175000000000000000e+03,3.199926025390625000e+03
5.000000074505805969e-02,1.366542428731918335e-01,-1.233536824584007263e-01,4.209896326065063477e-01,8.565660715103149414e-01,8.748528361320495605e-02,2.881000000000000000e+03,3.301645263671875000e+03
5.000000074505805969e-02,-5.000000074505805969e-02,1.178444474935531616e-01,2.216010168194770813e-02,1.254347205162048340e+00,5.475046113133430481e-02,4.365000000000000000e+03,4.392191894531250000e+03
-1.000000014901161194e-01,0.000000000000000000e+00,-2.694135010242462158e-01,1.461445838212966919e-01,9.098700881004333496e-01,5.356677249073982239e-02,2.877000000000000000e+03,3.048374267578125000e+03
-2.000000029802322388e-01,5.000000074505805969e-02,1.201890483498573303e-01,2.707867622375488281e-01,1.163938164710998535e+00,5.771237239241600037e-02,4.136000000000000000e+03,4.586803222656250000e+03
0.000000000000000000e+00,-1.500000059604644775e-01,-1.565892994403839111e-01,-9.829021245241165161e-02,7.799916863441467285e-01,7.569628953933715820e-02,3.143000000000000000e+03,3.282034179687500000e+03
4.482004791498184204e-02,8.687628805637359619e-02,-4.649679064750671387e-01,-9.063171222805976868e-03,1.256263852119445801e+00,5.813021957874298096e-02,4.593000000000000000e+03,5.346998535156250000e+03
5.000000074505805969e-02,8.815837651491165161e-02,-1.231626123189926147e-01,2.365165650844573975e-01,9.088327884674072266e-01,6.673973053693771362e-02,3.888000000000000000e+03,4.128568359375000000e+03
8.975010365247726440e-02,1.366542428731918335e-01,-2.939758002758026123e-01,-1.449389606714248657e-01,1.115835666656494141e+00,5.392661690711975098e-02,4.547000000000000000e+03,5.342580078125000000e+03
1.366542428731918335e-01,0.000000000000000000e+00,4.333485662937164307e-01,3.001748323440551758e-01,1.155167460441589355e+00,6.186797097325325012e-02,4.548000000000000000e+03,5.137529785156250000e+03
-5.000000074505805969e-02,-1.000000014901161194e-01,1.043853685259819031e-01,-1.160999238491058350e-01,1.224684357643127441e+00,6.389914453029632568e-02,4.908000000000000000e+03,4.986209960937500000e+03
-2.000000029802322388e-01,-1.500000059604644775e-01,-1.891452372074127197e-01,-5.737770348787307739e-02,9.315410256385803223e-01,5.902691185474395752e-02,3.362000000000000000e+03,3.395528320312500000e+03
2.145627290010452271e-01,-5.000000074505805969e-02,-3.007737994194030762e-01,1.966328769922256470e-01,1.223802089691162109e+00,8.066524565219879150e-02,3.891000000000000000e+03,4.702355468750000000e+03
2.145627290010452271e-01,-2.500000000000000000e-01,8.463260531425476074e-02,-7.232027500867843628e-02,9.069619774818420410e-01,6.509916484355926514e-02,2.773000000000000000e+03,2.934260498046875000e+03
0.000000000000000000e+00,0.000000000000000000e+00,5.029675960540771484e-01,4.597646743059158325e-02,1.269180297851562500e+00,4.934216290712356567e-02,5.125000000000000000e+03,5.908155273437500000e+03
4.862083792686462402e-01,-4.608989879488945007e-02,6.155130267143249512e-01,1.097205728292465210e-01,6.815229058265686035e-01,1.494162380695343018e-01,2.623000000000000000e+03,2.849934570312500000e+03
2.145627290010452271e-01,-5.000000074505805969e-02,7.140489816665649414e-01,2.743146717548370361e-01,1.172324657440185547e+00,6.988011300563812256e-02,4.378000000000000000e+03,5.450745117187500000e+03
5.000000074505805969e-02,5.000000074505805969e-02,-4.286302328109741211e-01,2.503860294818878174e-01,1.201938152313232422e+00,4.961036518216133118e-02,4.588000000000000000e+03,5.408970214843750000e+03
-1.000000014901161194e-01,-2.166139483451843262e-01,-1.321784853935241699e-01,2.785105407238006592e-01,1.167457818984985352e+00,5.782520398497581482e-02,4.198000000000000000e+03,4.927038574218750000e+03
-1.641935110092163086e-01,-6.661394238471984863e-02,-3.575387001037597656e-01,9.813815355300903320e-02,7.809064388275146484e-01,8.075181394815444946e-02,2.842000000000000000e+03,3.135934814453125000e+03
-1.696730405092239380e-01,-5.179951898753643036e-03,-1.447792053222656250e-01,7.863780111074447632e-02,5.232117176055908203e-01,1.500118225812911987e-01,1.367000000000000000e+03,1.404866210937500000e+03
-1.000000014901161194e-01,9.482004493474960327e-02,3.373197317123413086e-01,3.107258081436157227e-01,1.178082346916198730e+00,5.961936339735984802e-02,4.663000000000000000e+03,5.434264648437500000e+03
1.366542428731918335e-01,2.462217807769775391e-01,2.039964944124221802e-01,2.841215729713439941e-01,1.107617378234863281e+00,6.005528196692466736e-02,3.939000000000000000e+03,3.958188720703125000e+03
1.366542428731918335e-01,1.366542428731918335e-01,1.623522937297821045e-01,-2.604488134384155273e-01,1.180808424949645996e+00,8.629407733678817749e-02,3.807000000000000000e+03,4.228642578125000000e+03
1.366542428731918335e-01,4.482004791498184204e-02,-4.324785470962524414e-01,4.678715765476226807e-02,1.250479817390441895e+00,5.858129262924194336e-02,4.680000000000000000e+03,5.609675781250000000e+03
-1.102498918771743774e-01,1.764043420553207397e-01,3.360821306705474854e-01,4.341630265116691589e-02,1.161911606788635254e+00,5.313544347882270813e-02,4.719000000000000000e+03,5.451106445312500000e+03
-2.000000029802322388e-01,-1.000000014901161194e-01,-3.950703740119934082e-01,-2.572264671325683594e-01,8.823720812797546387e-01,5.979641526937484741e-02,3.498000000000000000e+03,3.774468505859375000e+03
0.000000000000000000e+00,1.366542428731918335e-01,-3.756351172924041748e-01,-3.824628591537475586e-01,1.186905860900878906e+00,6.049543246626853943e-02,5.021000000000000000e+03,6.405887207031250000e+03
5.000000074505805969e-02,0.000000000000000000e+00,-2.371123433113098145e-01,1.913543194532394409e-01,1.214026212692260742e+00,1.258511543273925781e-01,3.796000000000000000e+03,4.097332519531250000e+03
1.350438445806503296e-01,-1.000000000000000000e+00,1.101792231202125549e-01,-9.805579185485839844e-01,2.861073017120361328e-01,9.917473793029785156e-02,9.940000000000000000e+02,1.006061645507812500e+03
-1.500000059604644775e-01,0.000000000000000000e+00,1.059787720441818237e-01,-3.811372909694910049e-03,1.239099621772766113e+00,5.441558733582496643e-02,4.959000000000000000e+03,5.167989257812500000e+03
-1.000000014901161194e-01,-1.661394163966178894e-02,-3.022607564926147461e-01,-5.444605946540832520e-01,1.178758859634399414e+00,6.212067231535911560e-02,4.613000000000000000e+03,5.626573242187500000e+03
1.764043420553207397e-01,-1.000000014901161194e-01,-1.775366961956024170e-01,2.377950251102447510e-01,1.102744102478027344e+00,7.180335372686386108e-02,3.491000000000000000e+03,4.149198730468750000e+03
0.000000000000000000e+00,5.000000074505805969e-02,4.066730737686157227e-01,-7.130430545657873154e-03,1.134556651115417480e+00,6.360014528036117554e-02,4.378000000000000000e+03,4.934584472656250000e+03
0.000000000000000000e+00,-6.024989485740661621e-02,9.251973032951354980e-02,5.915119126439094543e-02,1.135007739067077637e+00,5.780703946948051453e-02,4.567000000000000000e+03,4.647818359375000000e+03
1.366542428731918335e-01,-2.131237089633941650e-01,-1.619205921888351440e-01,-2.070572227239608765e-01,1.236748814582824707e+00,5.693000555038452148e-02,4.919000000000000000e+03,5.202308593750000000e+03
9.482004493474960327e-02,-1.312371436506509781e-02,9.400238841772079468e-02,3.246561288833618164e-01,1.141489505767822266e+00,6.189003959298133850e-02,3.823000000000000000e+03,4.150951171875000000e+03
0.000000000000000000e+00,-1.000000014901161194e-01,-4.227549582719802856e-02,1.332499086856842041e-01,1.198292255401611328e+00,6.419904530048370361e-02,4.330000000000000000e+03,4.497967285156250000e+03
-2.131237089633941650e-01,0.000000000000000000e+00,3.942467272281646729e-02,9.710747003555297852e-02,1.093540430068969727e+00,1.933177858591079712e-01,2.121000000000000000e+03,2.249162841796875000e+03
5.000000074505805969e-02,9.482004493474960327e-02,-5.297839269042015076e-02,6.573844701051712036e-02,9.541954398155212402e-01,6.596960872411727905e-02,2.929000000000000000e+03,2.965887695312500000e+03
-1.500000059604644775e-01,4.183419048786163330e-02,-3.561839461326599121e-01,1.453571021556854248e-01,1.148198008537292480e+00,6.614565104246139526e-02,5.066000000000000000e+03,5.268083984375000000e+03
-3.151089549064636230e-01,5.000000074505805969e-02,-2.142474949359893799e-01,1.130533590912818909e-01,9.341964125633239746e-01,6.949495524168014526e-02,2.838000000000000000e+03,2.883974609375000000e+03
0.000000000000000000e+00,5.000000074505805969e-02,-4.434301331639289856e-02,3.259345591068267822e-01,1.185520291328430176e+00,6.168086454272270203e-02,4.743000000000000000e+03,5.003159179687500000e+03
0.000000000000000000e+00,1.366542428731918335e-01,2.831996977329254150e-02,1.105000749230384827e-01,1.244602322578430176e+00,5.709787085652351379e-02,4.252000000000000000e+03,4.256093261718750000e+03
-8.000000119209289551e-01,-1.685084700584411621e-01,-7.388455271720886230e-01,1.797957420349121094e-01,8.237957954406738281e-01,7.850506901741027832e-02,2.545000000000000000e+03,2.995319335937500000e+03
-1.312371436506509781e-02,3.275320306420326233e-02,1.589452177286148071e-01,2.269067615270614624e-02,1.244335174560546875e+00,5.945880338549613953e-02,4.881000000000000000e+03,4.974322265625000000e+03
-5.000000074505805969e-02,9.482004493474960327e-02,-5.016903877258300781e-01,2.006603330373764038e-01,8.565127849578857422e-01,7.501804828643798828e-02,3.163000000000000000e+03,4.038792236328125000e+03
1.316963285207748413e-01,3.975010663270950317e-02,-1.778257936239242554e-01,-2.114464789628982544e-01,1.137670397758483887e+00,7.413097470998764038e-02,4.189000000000000000e+03,4.689251953125000000e+03
5.000000074505805969e-02,1.700402945280075073e-01,-7.225646823644638062e-02,1.406673938035964966e-01,7.810105085372924805e-01,6.821813434362411499e-02,2.678000000000000000e+03,2.747017333984375000e+03
-3.499999940395355225e-01,9.482004493474960327e-02,-3.065867722034454346e-02,-4.077998455613851547e-03,9.335192441940307617e-01,6.359147280454635620e-02,3.014000000000000000e+03,3.389785400390625000e+03
0.000000000000000000e+00,0.000000000000000000e+00,3.221199810504913330e-01,1.573393866419792175e-02,1.274880766868591309e+00,5.572832748293876648e-02,4.880000000000000000e+03,5.187684082031250000e+03
-5.000000074505805969e-02,5.000000074505805969e-02,1.429717838764190674e-01,-1.984056681394577026e-01,1.244445204734802246e+00,5.762935057282447815e-02,4.963000000000000000e+03,5.275917480468750000e+03
-1.000000014901161194e-01,0.000000000000000000e+00,-3.982248529791831970e-02,4.276963770389556885e-01,1.220107197761535645e+00,6.577573716640472412e-02,4.863000000000000000e+03,5.455256835937500000e+03
-1.000000014901161194e-01,5.000000074505805969e-02,-1.962427645921707153e-01,4.518379271030426025e-02,1.084896683692932129e+00,5.716732516884803772e-02,3.851000000000000000e+03,3.881233154296875000e+03
-2.131237089633941650e-01,-1.500000059604644775e-01,-3.154181540012359619e-01,-4.215202108025550842e-02,1.197187304496765137e+00,6.072249636054039001e-02,4.562000000000000000e+03,4.632316406250000000e+03
0.000000000000000000e+00,5.000000074505805969e-02,-1.818403750658035278e-01,-6.968086957931518555e-02,1.180082440376281738e+00,5.620121583342552185e-02,4.184000000000000000e+03,4.325294921875000000e+03
0.000000000000000000e+00,9.482004493474960327e-02,-1.088620126247406006e-01,-7.960120588541030884e-02,1.230265140533447266e+00,5.608467757701873779e-02,5.086000000000000000e+03,5.226883300781250000e+03
0.000000000000000000e+00,8.489102870225906372e-02,1.374915093183517456e-01,2.635060437023639679e-02,6.685108542442321777e-01,6.837052851915359497e-02,2.539000000000000000e+03,2.664337402343750000e+03
-2.500000000000000000e-01,5.000000074505805969e-02,-2.612434625625610352e-01,-3.199917078018188477e-01,8.335491418838500977e-01,9.419401735067367554e-02,2.617000000000000000e+03,3.112257812500000000e+03
-2.131237089633941650e-01,2.145627290010452271e-01,-5.630286931991577148e-01,1.548672765493392944e-01,9.368358254432678223e-01,6.476028263568878174e-02,3.479000000000000000e+03,3.962352539062500000e+03
-5.179951898753643036e-03,-1.500000059604644775e-01,5.967832356691360474e-02,-3.363593667745590210e-02,6.641749739646911621e-01,1.081970259547233582e-01,1.646000000000000000e+03,1.711659301757812500e+03
-3.151089549064636230e-01,-1.510896813124418259e-02,-2.721740603446960449e-01,1.756280660629272461e-01,6.715826988220214844e-01,8.109629154205322266e-02,2.382000000000000000e+03,2.580306396484375000e+03
-1.494107097387313843e-01,5.173884034156799316e-01,1.353909820318222046e-01,4.137047231197357178e-01,8.934726715087890625e-01,7.281433045864105225e-02,2.649000000000000000e+03,2.945923095703125000e+03
2.514390051364898682e-01,3.562291860580444336e-01,5.761156678199768066e-01,2.484433054924011230e-01,7.910426855087280273e-01,6.156796589493751526e-02,2.731000000000000000e+03,3.221510986328125000e+03
0.000000000000000000e+00,1.366542428731918335e-01,-1.090998202562332153e-02,3.356058895587921143e-01,9.019210338592529297e-01,5.954153835773468018e-02,3.898000000000000000e+03,4.086510742187500000e+03
5.000000074505805969e-02,8.815837651491165161e-02,-1.390089243650436401e-01,-6.174824386835098267e-02,7.797923088073730469e-01,7.310858368873596191e-02,2.644000000000000000e+03,2.891777832031250000e+03
-2.000000029802322388e-01,-1.500000059604644775e-01,-8.900442719459533691e-02,-1.961360871791839600e-01,9.462640285491943359e-01,8.909536153078079224e-02,2.675000000000000000e+03,2.717979492187500000e+03
0.000000000000000000e+00,0.000000000000000000e+00,-3.088579140603542328e-02,1.396498829126358032e-01,1.275115013122558594e+00,5.830346420407295227e-02,4.238000000000000000e+03,4.291373046875000000e+03
8.073761314153671265e-02,0.000000000000000000e+00,5.568504929542541504e-01,2.763195037841796875e-01,1.144640207290649414e+00,5.778572335839271545e-02,4.187000000000000000e+03,5.110421875000000000e+03
-1.000000014901161194e-01,-2.000000029802322388e-01,-4.774243533611297607e-01,-5.420574545860290527e-01,1.127008080482482910e+00,6.039289012551307678e-02,4.135000000000000000e+03,4.944249511718750000e+03
-4.499999880790710449e-01,4.862083792686462402e-01,-5.326337814331054688e-01,3.212896883487701416e-01,7.923740148544311523e-01,7.319790869951248169e-02,2.772000000000000000e+03,2.920333984375000000e+03
0.000000000000000000e+00,0.000000000000000000e+00,6.027164310216903687e-02,-1.306209415197372437e-01,1.146285533905029297e+00,5.096185207366943359e-02,3.449000000000000000e+03,3.503056640625000000e+03
0.000000000000000000e+00,-5.000000074505805969e-02,-1.539163738489151001e-01,-7.371073216199874878e-02,7.271173000335693359e-01,6.501617282629013062e-02,2.840000000000000000e+03,2.969009033203125000e+03
8.457015454769134521e-02,9.482004493474960327e-02,-6.217340826988220215e-01,1.608427613973617554e-01,1.239228129386901855e+00,7.197675853967666626e-02,4.056000000000000000e+03,5.304382324218750000e+03
-6.184162572026252747e-02,-3.000000119209289551e-01,-3.562314668670296669e-03,-4.912909567356109619e-01,1.041221380233764648e+00,8.426803350448608398e-02,2.900000000000000000e+03,3.006282470703125000e+03
0.000000000000000000e+00,-5.000000074505805969e-02,8.378630131483078003e-02,-1.244275420904159546e-01,9.051414728164672852e-01,6.245606392621994019e-02,3.815000000000000000e+03,3.873310302734375000e+03
5.000000074505805969e-02,-5.000000074505805969e-02,-2.352187931537628174e-01,-4.950458705425262451e-01,1.157893538475036621e+00,6.359739601612091064e-02,3.674000000000000000e+03,4.406562500000000000e+03
-5.000000074505805969e-02,9.482004493474960327e-02,3.541755378246307373e-01,7.551440596580505371e-02,1.000905156135559082e+00,7.130362093448638916e-02,3.746000000000000000e+03,4.336000000000000000e+03
9.482004493474960327e-02,0.000000000000000000e+00,4.076662957668304443e-01,-1.741897612810134888e-01,1.234072089195251465e+00,5.622234195470809937e-02,4.951000000000000000e+03,5.359648925781250000e+03
-2.641935050487518311e-01,-1.024989411234855652e-02,6.519203633069992065e-02,-2.204680442810058594e-01,1.178841352462768555e+00,7.097975164651870728e-02,4.047000000000000000e+03,4.481069824218750000e+03
2.145627290010452271e-01,-5.000000000000000000e-01,3.050313293933868408e-01,-5.365872383117675781e-01,9.729059338569641113e-01,5.856993794441223145e-02,3.659000000000000000e+03,3.695866210937500000e+03
1.247640922665596008e-01,-1.000000014901161194e-01,-2.854837179183959961e-01,-2.178958617150783539e-02,1.216681957244873047e+00,6.756734848022460938e-02,4.136000000000000000e+03,4.610792480468750000e+03
1.366542428731918335e-01,2.145627290010452271e-01,2.104736864566802979e-01,4.335577785968780518e-01,8.874033689498901367e-01,6.991485506296157837e-02,3.286000000000000000e+03,3.505062011718750000e+03
9.482004493474960327e-02,0.000000000000000000e+00,-3.597608208656311035e-01,-3.086001873016357422e-01,1.153736829757690430e+00,6.160320714116096497e-02,5.133000000000000000e+03,6.244079589843750000e+03
3.975010663270950317e-02,1.764043420553207397e-01,-1.937823891639709473e-01,-1.407707948237657547e-02,7.989746928215026855e-01,7.259342819452285767e-02,2.654000000000000000e+03,3.019914306640625000e+03
5.000000074505805969e-02,-1.184162404388189316e-02,-2.042637914419174194e-01,1.723336130380630493e-01,1.122574448585510254e+00,6.119938567280769348e-02,4.340000000000000000e+03,4.672650390625000000e+03
-1.000000014901161194e-01,-4.000000059604644775e-01,-2.053014636039733887e-01,-5.559214949607849121e-01,5.854940414428710938e-01,6.917863339185714722e-02,2.200000000000000000e+03,2.422044921875000000e+03
3.221365213394165039e-01,1.764043420553207397e-01,3.881370127201080322e-01,1.898342818021774292e-01,8.900526762008666992e-01,6.083193421363830566e-02,3.328000000000000000e+03,3.346906494140625000e+03
-1.118416264653205872e-01,-2.000000029802322388e-01,-4.810326695442199707e-01,-1.323784142732620239e-01,1.025094866752624512e+00,6.289254128932952881e-02,3.894000000000000000e+03,4.400714843750000000e+03
-1.500000059604644775e-01,0.000000000000000000e+00,4.100268334150314331e-02,4.594946801662445068e-01,1.062700986862182617e+00,6.571707874536514282e-02,4.173000000000000000e+03,5.046412597656250000e+03
5.000000074505805969e-02,9.482004493474960327e-02,-1.009693592786788940e-01,3.189277276396751404e-02,1.226937532424926758e+00,5.512847751379013062e-02,3.978000000000000000e+03,4.048395263671875000e+03
5.784529447555541992e-01,1.252909898757934570e-01,4.376733601093292236e-01,1.436915695667266846e-01,7.787177562713623047e-01,7.662825286388397217e-02,2.429000000000000000e+03,2.509091796875000000e+03
1.275732517242431641e-01,9.482004493474960327e-02,1.690635234117507935e-01,7.832990586757659912e-02,1.128472805023193359e+00,7.495597749948501587e-02,3.515000000000000000e+03,3.520499267578125000e+03
-5.000000074505805969e-02,0.000000000000000000e+00,1.006974801421165466e-01,-1.181872002780437469e-02,1.051204204559326172e+00,5.678140744566917419e-02,3.540000000000000000e+03,3.612937011718750000e+03
0.000000000000000000e+00,1.366542428731918335e-01,-2.748808562755584717e-01,2.218026071786880493e-01,9.357013702392578125e-01,5.638201162219047546e-02,3.764000000000000000e+03,4.112354492187500000e+03
9.482004493474960327e-02,-6.184162572026252747e-02,3.008877933025360107e-01,-1.764076799154281616e-01,9.881953597068786621e-01,5.443974584341049194e-02,4.097000000000000000e+03,4.327301269531250000e+03
9.482004493474960327e-02,4.183419048786163330e-02,2.049537450075149536e-01,-1.934569627046585083e-01,1.094903111457824707e+00,6.216627731919288635e-02,4.166000000000000000e+03,4.397901367187500000e+03
1.724607348442077637e-01,0.000000000000000000e+00,4.127327203750610352e-01,-4.678786396980285645e-01,1.111584544181823730e+00,6.003862246870994568e-02,4.605000000000000000e+03,5.590674316406250000e+03
5.000000074505805969e-02,2.514390051364898682e-01,-4.458991065621376038e-02,-1.986686140298843384e-01,1.183916926383972168e+00,5.597798526287078857e-02,4.771000000000000000e+03,5.467598144531250000e+03
5.000000074505805969e-02,3.580648824572563171e-02,-2.767907083034515381e-01,-4.811461567878723145e-01,1.273381471633911133e+00,5.960044264793395996e-02,4.763000000000000000e+03,5.809531738281250000e+03
-7.106862962245941162e-02,5.000000074505805969e-02,2.552951574325561523e-01,-4.072051048278808594e-01,1.239342451095581055e+00,5.628184229135513306e-02,4.729000000000000000e+03,5.657958007812500000e+03
-1.641935110092163086e-01,8.975010365247726440e-02,-4.694868922233581543e-01,2.590905427932739258e-01,7.474660277366638184e-01,8.458562195301055908e-02,2.617000000000000000e+03,3.162699462890625000e+03
5.000000074505805969e-02,1.366542428731918335e-01,6.555178761482238770e-02,6.770464777946472168e-02,5.556572675704956055e-01,6.815544515848159790e-02,2.154000000000000000e+03,2.188608642578125000e+03
-1.102498918771743774e-01,-2.200559526681900024e-01,1.520893424749374390e-01,-4.759103953838348389e-01,9.287451505661010742e-01,6.468086689710617065e-02,3.608000000000000000e+03,4.151048828125000000e+03
-2.500000000000000000e-01,-5.179951898753643036e-03,-1.814600080251693726e-01,-3.769366145133972168e-01,9.418925642967224121e-01,6.857176125049591064e-02,3.366000000000000000e+03,3.890178710937500000e+03
1.184605807065963745e-01,-5.500000119209289551e-01,4.711454361677169800e-02,-5.860123038291931152e-01,4.943497180938720703e-01,8.307576924562454224e-02,1.460000000000000000e+03,1.497878173828125000e+03
-1.118416264653205872e-01,2.145627290010452271e-01,-3.720237612724304199e-01,4.148412942886352539e-01,1.148313403129577637e+00,6.291907280683517456e-02,4.227000000000000000e+03,4.565479980468750000e+03
1.366542428731918335e-01,1.366542428731918335e-01,1.015319675207138062e-01,6.452085822820663452e-02,1.209452986717224121e+00,6.704156845808029175e-02,4.546000000000000000e+03,4.565954589843750000e+03
0.000000000000000000e+00,9.482004493474960327e-02,4.905353859066963196e-02,-5.014358758926391602e-01,1.241828918457031250e+00,6.132866814732551575e-02,4.425000000000000000e+03,5.404571289062500000e+03
0.000000000000000000e+00,0.000000000000000000e+00,7.240202277898788452e-02,2.598446011543273926e-01,1.256126165390014648e+00,1.859341263771057129e-01,4.475000000000000000e+03,4.679355468750000000e+03
1.366542428731918335e-01,-1.102498918771743774e-01,2.112063392996788025e-02,-4.577901959419250488e-01,9.373345971107482910e-01,6.546737998723983765e-02,3.567000000000000000e+03,4.093782714843750000e+03
-5.000000074505805969e-02,8.218087255954742432e-02,8.018049597740173340e-02,4.719116389751434326e-01,1.255011796951293945e+00,6.056402623653411865e-02,4.811000000000000000e+03,5.314667480468750000e+03
0.000000000000000000e+00,1.366542428731918335e-01,-7.836893945932388306e-02,1.789277195930480957e-01,8.362893462181091309e-01,5.571044608950614929e-02,3.213000000000000000e+03,3.249475097656250000e+03
-1.500000059604644775e-01,-2.000000029802322388e-01,-7.648199796676635742e-02,-8.907240629196166992e-02,1.221299409866333008e+00,5.551913380622863770e-02,4.757000000000000000e+03,4.813113281250000000e+03
-1.000000014901161194e-01,-4.499999880790710449e-01,-1.429739594459533691e-01,-5.021869540214538574e-01,7.810521125793457031e-01,6.699214130640029907e-02,2.697000000000000000e+03,2.717209228515625000e+03
4.183419048786163330e-02,-5.000000074505805969e-02,-3.178687095642089844e-01,-1.357091404497623444e-02,1.272310853004455566e+00,6.136716902256011963e-02,4.890000000000000000e+03,5.278176269531250000e+03
-5.000000074505805969e-02,-1.102498918771743774e-01,1.186990514397621155e-01,3.248332738876342773e-01,1.005386471748352051e+00,7.250160723924636841e-02,3.587000000000000000e+03,4.326636230468750000e+03
3.221365213394165039e-01,-1.618416309356689453e-01,1.203426942229270935e-01,-2.680806815624237061e-01,9.217596650123596191e-01,6.238986179232597351e-02,3.946000000000000000e+03,4.184439453125000000e+03
2.145627290010452271e-01,9.482004493474960327e-02,2.220711261034011841e-01,-1.243637800216674805e-01,6.981149911880493164e-01,6.563232839107513428e-02,2.836000000000000000e+03,3.109594970703125000e+03
0.000000000000000000e+00,5.000000074505805969e-02,2.658643722534179688e-01,-4.621315896511077881e-01,1.220866203308105469e+00,5.555530264973640442e-02,4.623000000000000000e+03,5.608836914062500000e+03
-1.500000059604644775e-01,-2.500000000000000000e-01,5.727760866284370422e-02,-3.765636980533599854e-01,9.660218358039855957e-01,7.174200564622879028e-02,3.044000000000000000e+03,3.233236328125000000e+03
4.545493423938751221e-01,-2.172468006610870361e-01,3.514078855514526367e-01,-2.603431940078735352e-01,8.151355385780334473e-01,8.400279283523559570e-02,2.524000000000000000e+03,2.571163818359375000e+03
0.000000000000000000e+00,0.000000000000000000e+00,4.079444706439971924e-01,4.167398214340209961e-01,1.284623742103576660e+00,5.362777411937713623e-02,5.234000000000000000e+03,6.266000976562500000e+03
5.000000074505805969e-02,9.482004493474960327e-02,-9.388588368892669678e-02,-4.853802621364593506e-01,1.168442726135253906e+00,5.533035472035408020e-02,4.581000000000000000e+03,5.720612792968750000e+03
3.896152675151824951e-01,7.891271263360977173e-02,6.627266854047775269e-02,3.097105920314788818e-01,1.015225648880004883e+00,7.313002645969390869e-02,3.137000000000000000e+03,3.602043212890625000e+03
3.975010663270950317e-02,-1.500000059604644775e-01,-3.692006692290306091e-03,-5.963665843009948730e-01,9.895046949386596680e-01,8.932601660490036011e-02,3.604000000000000000e+03,4.311964355468750000e+03
6.672313809394836426e-01,3.848289847373962402e-01,6.741976737976074219e-01,3.674239516258239746e-01,6.466481685638427734e-01,9.953827410936355591e-02,1.993000000000000000e+03,1.994678588867187500e+03
-3.000000119209289551e-01,-1.000000014901161194e-01,-2.121985107660293579e-01,4.881391301751136780e-03,1.055966019630432129e+00,7.545813173055648804e-02,3.157000000000000000e+03,3.209833984375000000e+03
5.000000074505805969e-02,5.000000074505805969e-02,-3.643114492297172546e-02,-2.193530350923538208e-01,1.273040413856506348e+00,6.590258330106735229e-02,4.754000000000000000e+03,4.986286621093750000e+03
9.482004493474960327e-02,-1.419351249933242798e-02,1.589940339326858521e-01,7.630127668380737305e-02,1.146368145942687988e+00,5.450081080198287964e-02,4.018000000000000000e+03,4.055639160156250000e+03
1.297110766172409058e-01,-1.000000014901161194e-01,3.045122027397155762e-01,1.447854489088058472e-01,7.763389348983764648e-01,7.171865552663803101e-02,2.578000000000000000e+03,2.952974853515625000e+03
3.221365213394165039e-01,-1.000000014901161194e-01,1.103126816451549530e-02,-2.242550551891326904e-01,7.381432056427001953e-01,6.930869072675704956e-02,2.995000000000000000e+03,3.585531494140625000e+03
3.562291860580444336e-01,-5.178191065788269043e-01,2.801238298416137695e-01,-2.494307458400726318e-01,7.871026396751403809e-01,6.898894906044006348e-02,2.453000000000000000e+03,2.752919677734375000e+03
-5.000000074505805969e-02,-1.000000014901161194e-01,2.568098902702331543e-01,3.302439153194427490e-01,1.232841849327087402e+00,7.314606010913848877e-02,4.376000000000000000e+03,5.150301757812500000e+03
0.000000000000000000e+00,5.000000074505805969e-02,2.865772843360900879e-01,5.868484973907470703e-01,1.169704198837280273e+00,6.491700559854507446e-02,4.223000000000000000e+03,5.305966796875000000e+03
1.366542428731918335e-01,-5.000000074505805969e-02,2.073888182640075684e-01,6.720373779535293579e-02,1.201385498046875000e+00,5.226524919271469116e-02,5.194000000000000000e+03,5.261233398437500000e+03
9.482004493474960327e-02,-5.000000074505805969e-02,2.767654657363891602e-01,-1.090503856539726257e-01,5.891929268836975098e-01,7.356317341327667236e-02,1.921000000000000000e+03,2.118874755859375000e+03
-1.590733230113983154e-02,-1.000000014901161194e-01,-1.600342392921447754e-01,-4.833928346633911133e-01,1.129325270652770996e+00,5.406908318400382996e-02,4.859000000000000000e+03,5.479141113281250000e+03
-3.260921314358711243e-02,4.862083792686462402e-01,-2.552988007664680481e-02,4.428918957710266113e-01,4.752177000045776367e-01,9.061167389154434204e-02,1.071000000000000000e+03,1.080100463867187500e+03
0.000000000000000000e+00,-1.102498918771743774e-01,2.163039334118366241e-02,1.526366472244262695e-01,1.247277617454528809e+00,5.924047902226448059e-02,4.334000000000000000e+03,4.525719726562500000e+03
-2.131237089633941650e-01,-3.000000119209289551e-01,-2.951525449752807617e-01,-3.252116441726684570e-01,8.288512825965881348e-01,6.468936800956726074e-02,3.051000000000000000e+03,3.083657470703125000e+03
-1.312371436506509781e-02,5.000000074505805969e-02,1.540876477956771851e-01,4.313086569309234619e-01,1.196912407875061035e+00,6.098029762506484985e-02,4.864000000000000000e+03,5.435776367187500000e+03
1.764043420553207397e-01,-1.500000059604644775e-01,6.729625910520553589e-02,-2.994599342346191406e-01,1.056546807289123535e+00,6.734534353017807007e-02,3.814000000000000000e+03,3.930170654296875000e+03
-2.000000029802322388e-01,4.183419048786163330e-02,-1.852539181709289551e-02,1.272029578685760498e-01,8.594520688056945801e-01,8.987464755773544312e-02,2.927000000000000000e+03,3.084407470703125000e+03
0.000000000000000000e+00,9.482004493474960327e-02,-1.005686819553375244e-01,-2.136942446231842041e-01,1.066962122917175293e+00,7.336679100990295410e-02,2.969000000000000000e+03,3.238086914062500000e+03
-1.419351249933242798e-02,9.482004493474960327e-02,2.720768749713897705e-01,1.717467308044433594e-01,1.082888126373291016e+00,6.217284873127937317e-02,4.394000000000000000e+03,4.717621582031250000e+03
8.409266918897628784e-02,8.409266918897628784e-02,-4.908217489719390869e-01,-2.763824760913848877e-01,1.276723980903625488e+00,7.458644360303878784e-02,4.357000000000000000e+03,5.522302246093750000e+03
-5.500000119209289551e-01,-2.000000029802322388e-01,-2.059244215488433838e-01,-3.559522330760955811e-01,9.285295605659484863e-01,7.751192897558212280e-02,2.998000000000000000e+03,3.477364257812500000e+03
1.764043420553207397e-01,-1.000000014901161194e-01,4.031381011009216309e-01,-7.811076194047927856e-02,1.191644191741943359e+00,5.378996953368186951e-02,4.982000000000000000e+03,5.162494628906250000e+03
-2.500000000000000000e-01,1.366542428731918335e-01,-3.675771653652191162e-01,1.593310981988906860e-01,7.762743830680847168e-01,6.010715663433074951e-02,3.190000000000000000e+03,3.265265380859375000e+03
-1.631237119436264038e-01,9.482004493474960327e-02,-1.960153132677078247e-01,3.407001495361328125e-01,7.856834530830383301e-01,8.305842429399490356e-02,2.976000000000000000e+03,3.265479492187500000e+03
5.000000074505805969e-02,-5.000000074505805969e-02,-1.511799991130828857e-01,3.506667613983154297e-01,1.228910446166992188e+00,5.592301860451698303e-02,4.827000000000000000e+03,5.450273437500000000e+03
2.514390051364898682e-01,-1.102498918771743774e-01,3.330916762351989746e-01,3.484320640563964844e-01,1.185873985290527344e+00,6.514436006546020508e-02,4.139000000000000000e+03,4.757262207031250000e+03
3.489103168249130249e-02,-1.000000014901161194e-01,-7.654026895761489868e-02,-3.289614915847778320e-01,1.038320302963256836e+00,5.705830827355384827e-02,4.760000000000000000e+03,5.042185546875000000e+03
2.122108340263366699e-01,1.366542428731918335e-01,5.773438811302185059e-01,9.669347107410430908e-02,1.097371578216552734e+00,6.033014878630638123e-02,4.784000000000000000e+03,5.307526855468750000e+03
3.562291860580444336e-01,-1.500000059604644775e-01,3.859708905220031738e-01,6.278986483812332153e-02,9.171569943428039551e-01,1.193826273083686829e-01,3.893000000000000000e+03,4.103396484375000000e+03
-1.000000014901161194e-01,0.000000000000000000e+00,1.613240987062454224e-01,-6.226686835289001465e-01,1.204955458641052246e+00,6.888701766729354858e-02,4.533000000000000000e+03,5.874092285156250000e+03
4.482004791498184204e-02,-2.000000029802322388e-01,1.861195564270019531e-01,-1.905649602413177490e-01,5.638475418090820312e-01,9.306212514638900757e-02,2.021000000000000000e+03,2.146639648437500000e+03
-1.590733230113983154e-02,-5.000000074505805969e-02,-4.105308651924133301e-02,8.785780519247055054e-03,1.014346718788146973e+00,7.637486606836318970e-02,3.409000000000000000e+03,3.422625000000000000e+03
5.000000074505805969e-02,0.000000000000000000e+00,3.607273846864700317e-02,3.284702003002166748e-01,9.966800808906555176e-01,6.136264652013778687e-02,3.559000000000000000e+03,3.936140380859375000e+03
0.000000000000000000e+00,5.000000074505805969e-02,-3.872454464435577393e-01,-8.117164671421051025e-02,1.135038852691650391e+00,6.105094403028488159e-02,4.697000000000000000e+03,5.289510742187500000e+03
-4.166139364242553711e-01,2.872454822063446045e-01,-6.187261939048767090e-01,1.145627200603485107e-01,9.955655932426452637e-01,6.402101367712020874e-02,4.111000000000000000e+03,4.399176757812500000e+03
9.482004493474960327e-02,-1.000000014901161194e-01,-2.554670274257659912e-01,-3.340563774108886719e-01,9.013766646385192871e-01,8.655555546283721924e-02,2.887000000000000000e+03,3.489000244140625000e+03
1.215452700853347778e-01,2.514390051364898682e-01,1.618649959564208984e-01,-5.559077486395835876e-02,1.113073587417602539e+00,6.615163385868072510e-02,4.085000000000000000e+03,4.395355957031250000e+03
5.000000074505805969e-02,5.000000074505805969e-02,5.675415694713592529e-02,6.480101495981216431e-02,1.279238939285278320e+00,6.737613677978515625e-02,4.419000000000000000e+03,4.419690917968750000e+03
-5.000000074505805969e-02,2.872454822063446045e-01,-5.399705171585083008e-01,1.807561069726943970e-01,1.182184219360351562e+00,6.310224533081054688e-02,3.844000000000000000e+03,4.509067382812500000e+03
-1.000000014901161194e-01,-5.000000074505805969e-02,8.244410157203674316e-02,2.031146436929702759e-01,1.016555070877075195e+00,6.012685224413871765e-02,4.245000000000000000e+03,4.636232910156250000e+03
2.145627290010452271e-01,3.562291860580444336e-01,3.675335049629211426e-01,4.320140182971954346e-01,5.460585355758666992e-01,7.813863456249237061e-02,2.037000000000000000e+03,2.231895751953125000e+03
6.083970069885253906e-01,-7.700559496879577637e-01,5.984989404678344727e-01,-8.116750121116638184e-01,2.985244989395141602e-01,8.940721303224563599e-02,8.210000000000000000e+02,8.377914428710937500e+02
-1.618416309356689453e-01,-8.165807463228702545e-03,-8.178589493036270142e-02,1.661098152399063110e-01,1.051208615303039551e+00,6.159041821956634521e-02,4.198000000000000000e+03,4.336421386718750000e+03
1.366542428731918335e-01,5.000000074505805969e-02,3.302330672740936279e-01,-1.754667423665523529e-02,1.127859592437744141e+00,5.790553987026214600e-02,3.471000000000000000e+03,3.584764404296875000e+03
-1.000000014901161194e-01,5.000000074505805969e-02,-3.286538422107696533e-01,3.900161087512969971e-01,1.115498065948486328e+00,5.668415129184722900e-02,4.339000000000000000e+03,4.908008789062500000e+03
-1.641935110092163086e-01,-5.816580727696418762e-02,-2.087292373180389404e-01,3.065000474452972412e-01,8.859862089157104492e-01,6.684663891792297363e-02,2.890000000000000000e+03,3.368008789062500000e+03
1.764043420553207397e-01,-5.000000074505805969e-02,5.291716456413269043e-01,-3.662545979022979736e-01,1.183773159980773926e+00,6.594218313694000244e-02,4.200000000000000000e+03,4.849130371093750000e+03
0.000000000000000000e+00,5.000000074505805969e-02,-3.853197395801544189e-01,1.219692006707191467e-01,1.276498675346374512e+00,6.016993150115013123e-02,4.857000000000000000e+03,5.304636718750000000e+03
3.409266844391822815e-02,5.000000074505805969e-02,-3.746774494647979736e-01,-3.855757415294647217e-01,1.185487031936645508e+00,7.452536374330520630e-02,3.965000000000000000e+03,4.921975097656250000e+03
7.971107959747314453e-02,3.221365213394165039e-01,3.354157879948616028e-02,1.788298934698104858e-01,6.086316108703613281e-01,1.052619814872741699e-01,1.818000000000000000e+03,1.927853881835937500e+03
-5.000000000000000000e-01,3.221365213394165039e-01,-8.836576938629150391e-01,2.906149029731750488e-01,9.026548266410827637e-01,1.269126683473587036e-01,3.230000000000000000e+03,3.795146972656250000e+03
-5.000000074505805969e-02,1.366542428731918335e-01,-4.936461523175239563e-02,1.272196322679519653e-01,7.599189281463623047e-01,1.616115272045135498e-01,1.556000000000000000e+03,1.556243164062500000e+03
3.275320306420326233e-02,-1.500000059604644775e-01,-9.307430125772953033e-03,-1.072346642613410950e-01,1.018000125885009766e+00,6.219748407602310181e-02,3.709000000000000000e+03,3.721769775390625000e+03
2.145627290010452271e-01,1.764043420553207397e-01,2.653396129608154297e-01,-3.546019643545150757e-02,6.907854080200195312e-01,7.718278467655181885e-02,2.258000000000000000e+03,2.477638671875000000e+03
9.482004493474960327e-02,-2.500000000000000000e-01,4.568985104560852051e-01,-2.489771991968154907e-01,9.555448889732360840e-01,7.232288271188735962e-02,3.669000000000000000e+03,4.178750000000000000e+03
-3.659073412418365479e-01,5.000000074505805969e-02,-5.075955986976623535e-01,1.316321343183517456e-01,4.857975840568542480e-01,1.009532585740089417e-01,1.323000000000000000e+03,1.468943603515625000e+03
1.366542428731918335e-01,-1.618416309356689453e-01,1.538971960544586182e-01,-7.063645869493484497e-02,1.200097203254699707e+00,6.238743290305137634e-02,4.518000000000000000e+03,4.545068847656250000e+03
5.000000074505805969e-02,5.000000074505805969e-02,5.120541453361511230e-01,6.367530673742294312e-02,1.206210374832153320e+00,6.034610420465469360e-02,4.503000000000000000e+03,5.143150878906250000e+03
-1.000000014901161194e-01,-5.179951898753643036e-03,-1.514848023653030396e-01,-3.967118859291076660e-01,9.455453753471374512e-01,7.500598579645156860e-02,3.634000000000000000e+03,4.244161132812500000e+03
-5.179951898753643036e-03,-5.000000074505805969e-02,-1.864942163228988647e-01,3.058542609214782715e-01,1.191124677658081055e+00,6.028765067458152771e-02,5.031000000000000000e+03,5.581556640625000000e+03
-5.000000074505805969e-02,0.000000000000000000e+00,-1.976839751005172729e-01,-2.163413912057876587e-01,8.139497041702270508e-01,8.308499306440353394e-02,2.767000000000000000e+03,3.047413818359375000e+03
1.764043420553207397e-01,-5.000000074505805969e-02,1.438653171062469482e-01,-4.633631110191345215e-01,1.034125685691833496e+00,5.393473058938980103e-02,3.951000000000000000e+03,4.563958984375000000e+03
5.000000074505805969e-02,3.896152675151824951e-01,3.624370098114013672e-01,4.429988563060760498e-01,9.109153151512145996e-01,7.613585144281387329e-02,3.646000000000000000e+03,4.076291503906250000e+03
-2.000000029802322388e-01,-5.000000074505805969e-02,-9.433346986770629883e-02,-2.871371246874332428e-02,6.045070290565490723e-01,6.196730956435203552e-02,1.440000000000000000e+03,1.485511108398437500e+03
-1.102498918771743774e-01,0.000000000000000000e+00,1.249760016798973083e-02,-1.769171357154846191e-01,9.860279560089111328e-01,6.357080489397048950e-02,3.955000000000000000e+03,4.141375488281250000e+03
5.000000074505805969e-02,0.000000000000000000e+00,-3.954001367092132568e-01,1.822936385869979858e-01,1.096169352531433105e+00,5.911292880773544312e-02,4.573000000000000000e+03,5.419261718750000000e+03
4.545493423938751221e-01,-2.000000029802322388e-01,3.432906270027160645e-01,-8.029310405254364014e-02,5.170732736587524414e-01,8.284597843885421753e-02,1.409000000000000000e+03,1.546620971679687500e+03
1.748126149177551270e-01,3.179831206798553467e-01,5.342483520507812500e-02,3.595095276832580566e-01,1.083916902542114258e+00,6.093963608145713806e-02,3.649000000000000000e+03,3.699736816406250000e+03
1.678342521190643311e-01,1.764043420553207397e-01,2.049489021301269531e-01,2.103482484817504883e-01,1.021449923515319824e+00,6.270404160022735596e-02,4.014000000000000000e+03,4.023678222656250000e+03
5.000000074505805969e-02,-1.000000014901161194e-01,-1.025235280394554138e-01,-2.000934034585952759e-01,1.033147335052490234e+00,5.976063758134841919e-02,3.848000000000000000e+03,3.967399169921875000e+03
-1.500000059604644775e-01,0.000000000000000000e+00,-1.443916261196136475e-01,1.169608905911445618e-02,1.018461942672729492e+00,6.412228196859359741e-02,4.477000000000000000e+03,4.477699707031250000e+03
0.000000000000000000e+00,0.000000000000000000e+00,1.985091120004653931e-01,-1.075203791260719299e-01,1.274514794349670410e+00,5.359774827957153320e-02,4.749000000000000000e+03,4.897265136718750000e+03
9.482004493474960327e-02,-2.000000029802322388e-01,1.794924261048436165e-03,-1.505101025104522705e-01,1.053611516952514648e+00,7.620783150196075439e-02,3.692000000000000000e+03,3.728819091796875000e+03
1.748126149177551270e-01,-2.000000029802322388e-01,1.092426925897598267e-01,-1.436952948570251465e-01,1.255317449569702148e+00,5.874416977167129517e-02,3.736000000000000000e+03,3.753675537109375000e+03
3.975010663270950317e-02,1.366542428731918335e-01,2.474089525640010834e-02,6.881856918334960938e-01,1.193330168724060059e+00,6.839101016521453857e-02,4.694000000000000000e+03,5.654702636718750000e+03
-1.500000059604644775e-01,-2.000000029802322388e-01,-4.678512513637542725e-01,-6.748075783252716064e-02,1.147583007812500000e+00,5.854638665914535522e-02,4.642000000000000000e+03,5.052215332031250000e+03
-2.000000029802322388e-01,9.482004493474960327e-02,-9.469541907310485840e-02,-6.898003816604614258e-02,7.999086380004882812e-01,6.620343774557113647e-02,2.396000000000000000e+03,2.536009521484375000e+03
-1.500000059604644775e-01,2.872454822063446045e-01,-3.228603005409240723e-01,2.457524091005325317e-01,1.127254724502563477e+00,6.711700558662414551e-02,4.350000000000000000e+03,4.457677246093750000e+03
-5.000000074505805969e-02,2.872454822063446045e-01,2.928848192095756531e-02,3.119478821754455566e-01,8.298732638359069824e-01,7.071479409933090210e-02,2.655000000000000000e+03,2.681477539062500000e+03
-1.000000014901161194e-01,8.489102870225906372e-02,-9.989877790212631226e-02,-3.989676758646965027e-02,5.258442163467407227e-01,7.465531677007675171e-02,1.564000000000000000e+03,1.651060302734375000e+03
-1.000000014901161194e-01,0.000000000000000000e+00,-4.039593413472175598e-02,3.528338391333818436e-03,1.216510415077209473e+00,5.540795624256134033e-02,4.830000000000000000e+03,4.841645996093750000e+03
2.872454822063446045e-01,0.000000000000000000e+00,2.807634472846984863e-01,-6.120362505316734314e-02,1.053616762161254883e+00,5.114099010825157166e-02,3.799000000000000000e+03,3.811855712890625000e+03
1.764043420553207397e-01,-5.000000074505805969e-02,5.669358968734741211e-01,-9.766190499067306519e-02,1.045488953590393066e+00,5.926639586687088013e-02,4.105000000000000000e+03,4.668799804687500000e+03
1.764043420553207397e-01,1.366542428731918335e-01,1.748836189508438110e-01,3.883012756705284119e-02,4.813153743743896484e-01,9.873612970113754272e-02,1.410000000000000000e+03,1.467820556640625000e+03
-1.000000014901161194e-01,-1.000000014901161194e-01,-2.923668026924133301e-01,4.881201982498168945e-01,1.284131050109863281e+00,6.130265071988105774e-02,4.653000000000000000e+03,5.683043945312500000e+03
-2.500000000000000000e-01,1.366542428731918335e-01,-1.045260652899742126e-01,1.657778024673461914e-01,6.635817289352416992e-01,6.677367538213729858e-02,1.968000000000000000e+03,2.065150146484375000e+03
-1.000000014901161194e-01,1.764043420553207397e-01,1.703011095523834229e-01,2.149410173296928406e-02,1.115025281906127930e+00,5.875838547945022583e-02,4.270000000000000000e+03,4.597285156250000000e+03
5.000000074505805969e-02,-6.590732932090759277e-02,-4.146531224250793457e-02,3.108800053596496582e-01,8.825589418411254883e-01,5.704290419816970825e-02,3.264000000000000000e+03,3.868023193359375000e+03
2.145627290010452271e-01,1.366542428731918335e-01,3.086826801300048828e-01,-1.105902493000030518e-01,9.666319489479064941e-01,6.189146637916564941e-02,3.588000000000000000e+03,3.852259277343750000e+03
3.562291860580444336e-01,1.764043420553207397e-01,2.922852635383605957e-01,2.040763571858406067e-02,9.800512790679931641e-01,6.014862656593322754e-02,3.565000000000000000e+03,3.669587646484375000e+03
-2.500000000000000000e-01,-5.000000074505805969e-02,-1.181953027844429016e-01,-7.688170671463012695e-02,8.959839344024658203e-01,8.239535987377166748e-02,2.348000000000000000e+03,2.400750488281250000e+03
-6.590732932090759277e-02,1.764043420553207397e-01,1.394264549016952515e-01,-6.281721591949462891e-02,1.167502045631408691e+00,5.434487387537956238e-02,4.524000000000000000e+03,4.848364257812500000e+03
5.000000074505805969e-02,0.000000000000000000e+00,-1.524825394153594971e-01,3.410143852233886719e-01,1.259059667587280273e+00,5.699719488620758057e-02,5.577000000000000000e+03,6.117250000000000000e+03
0.000000000000000000e+00,0.000000000000000000e+00,1.336235255002975464e-01,4.580111801624298096e-02,1.260527491569519043e+00,6.105419993400573730e-02,4.786000000000000000e+03,4.845720703125000000e+03
1.764043420553207397e-01,3.221365213394165039e-01,-3.241047635674476624e-02,2.456431984901428223e-01,1.030341029167175293e+00,7.419260591268539429e-02,3.840000000000000000e+03,4.017211669921875000e+03
-5.000000074505805969e-02,0.000000000000000000e+00,3.938149809837341309e-01,-5.997182801365852356e-03,1.188518285751342773e+00,5.321362614631652832e-02,4.015000000000000000e+03,4.558024902343750000e+03
-5.179951898753643036e-03,2.872454822063446045e-01,-1.362225115299224854e-01,5.470119118690490723e-01,9.734698534011840820e-01,6.475413590669631958e-02,3.916000000000000000e+03,4.259142089843750000e+03
-6.000000238418579102e-01,2.171907275915145874e-01,-6.006239056587219238e-01,3.030728362500667572e-02,6.460978388786315918e-01,6.682037562131881714e-02,1.554000000000000000e+03,1.681713134765625000e+03
3.896152675151824951e-01,5.000000074505805969e-02,3.770388960838317871e-01,2.904148995876312256e-01,1.041124701499938965e+00,6.306751817464828491e-02,4.156000000000000000e+03,4.375095214843750000e+03
1.899690032005310059e-01,-1.049999952316284180e+00,1.279547512531280518e-01,-1.037976503372192383e+00,3.847277760505676270e-01,1.286239027976989746e-01,1.177000000000000000e+03,1.208560058593750000e+03
0.000000000000000000e+00,-1.631237119436264038e-01,2.859667837619781494e-01,-6.603643298149108887e-02,8.823428153991699219e-01,5.859315767884254456e-02,3.866000000000000000e+03,4.306288574218750000e+03
1.764043420553207397e-01,-1.500000059604644775e-01,1.617263555526733398e-01,-2.148256152868270874e-01,7.931693196296691895e-01,6.618411839008331299e-02,2.391000000000000000e+03,2.407673095703125000e+03
-5.000000074505805969e-02,1.366542428731918335e-01,6.900004297494888306e-02,1.547341048717498779e-01,7.845708131790161133e-01,6.807338446378707886e-02,3.186000000000000000e+03,3.260651611328125000e+03
-1.000000014901161194e-01,1.748126149177551270e-01,-4.863623902201652527e-02,3.436544537544250488e-01,1.236502885818481445e+00,5.894259363412857056e-02,4.776000000000000000e+03,4.872961914062500000e+03
1.612953841686248779e-01,2.872454822063446045e-01,2.471121698617935181e-01,3.358741700649261475e-01,6.985174417495727539e-01,8.821771293878555298e-02,2.736000000000000000e+03,2.790320312500000000e+03
0.000000000000000000e+00,5.000000074505805969e-02,-1.372991502285003662e-01,-3.982315063476562500e-01,1.282100677490234375e+00,5.545160919427871704e-02,5.515000000000000000e+03,6.229876464843750000e+03
-5.000000074505805969e-02,0.000000000000000000e+00,4.092679321765899658e-01,-9.451133012771606445e-02,1.266398191452026367e+00,5.892051011323928833e-02,4.607000000000000000e+03,5.220562011718750000e+03
-1.500000059604644775e-01,-3.000000119209289551e-01,-6.304505467414855957e-02,-2.438456565141677856e-01,6.381844282150268555e-01,8.755902945995330811e-02,2.181000000000000000e+03,2.237960449218750000e+03
9.482004493474960327e-02,4.482004791498184204e-02,1.011018157005310059e-01,-2.382970303297042847e-01,1.249517679214477539e+00,5.949431285262107849e-02,4.955000000000000000e+03,5.205911132812500000e+03
-2.000000029802322388e-01,1.366542428731918335e-01,-3.857837617397308350e-01,-4.893612265586853027e-01,1.258641123771667480e+00,8.103691786527633667e-02,4.214000000000000000e+03,5.290553222656250000e+03
-5.000000074505805969e-02,-5.000000074505805969e-02,-5.662932619452476501e-02,-3.203383386135101318e-01,1.008888125419616699e+00,6.088372319936752319e-02,3.548000000000000000e+03,3.798970703125000000e+03
3.975010663270950317e-02,2.145627290010452271e-01,3.802919015288352966e-02,3.091244697570800781e-01,9.155140519142150879e-01,5.691401660442352295e-02,2.950000000000000000e+03,2.981263427734375000e+03
-3.151089549064636230e-01,0.000000000000000000e+00,-3.184891343116760254e-01,1.103925704956054688e-01,4.809356331825256348e-01,6.268664449453353882e-02,1.732000000000000000e+03,1.822398071289062500e+03
-1.000000014901161194e-01,-1.500000059604644775e-01,1.977698206901550293e-01,-9.014285355806350708e-02,1.236210823059082031e+00,6.277920305728912354e-02,4.834000000000000000e+03,5.121946777343750000e+03
9.482004493474960327e-02,0.000000000000000000e+00,2.301862537860870361e-01,9.066400676965713501e-02,1.220472693443298340e+00,6.064483150839805603e-02,5.147000000000000000e+03,5.238082031250000000e+03
0.000000000000000000e+00,1.366542428731918335e-01,-5.456669256091117859e-02,-5.864047445356845856e-03,1.079819321632385254e+00,5.108700320124626160e-02,4.279000000000000000e+03,4.363955078125000000e+03
-1.000000014901161194e-01,5.000000074505805969e-02,-9.765613824129104614e-02,-2.837737500667572021e-01,7.481667995452880859e-01,7.802748680114746094e-02,2.208000000000000000e+03,2.628985351562500000e+03
-2.000000029802322388e-01,-2.641935050487518311e-01,-2.644662186503410339e-02,-1.337247192859649658e-01,8.178536295890808105e-01,7.637830078601837158e-02,2.950000000000000000e+03,3.154924560546875000e+03
-3.000000119209289551e-01,1.366542428731918335e-01,-2.154553085565567017e-01,1.118833050131797791e-01,1.146608471870422363e+00,5.977987498044967651e-02,4.072000000000000000e+03,4.096077636718750000e+03
1.366542428731918335e-01,-5.000000074505805969e-02,3.552556931972503662e-01,9.016611427068710327e-02,1.098025202751159668e+00,6.960515677928924561e-02,4.103000000000000000e+03,4.329164062500000000e+03
-2.359565347433090210e-02,-9.210686087608337402e-01,-7.426060736179351807e-02,-8.965262174606323242e-01,2.832933068275451660e-01,9.987334907054901123e-02,8.650000000000000000e+02,8.987435302734375000e+02
-1.683409363031387329e-01,1.366542428731918335e-01,-2.150891423225402832e-01,2.917677350342273712e-02,1.135388612747192383e+00,6.217209249734878540e-02,4.348000000000000000e+03,4.394079101562500000e+03
9.482004493474960327e-02,9.482004493474960327e-02,4.870943725109100342e-02,1.527308672666549683e-01,1.229901552200317383e+00,5.437889322638511658e-02,3.658000000000000000e+03,3.671252441406250000e+03
-3.499999940395355225e-01,1.215452700853347778e-01,-4.675848484039306641e-01,2.157708257436752319e-01,8.107678294181823730e-01,5.721043050289154053e-02,2.708000000000000000e+03,2.800540771484375000e+03
0.000000000000000000e+00,2.514390051364898682e-01,4.591635242104530334e-02,6.087378859519958496e-01,1.204798817634582520e+00,7.906901836395263672e-02,3.670000000000000000e+03,3.991586425781250000e+03
-1.500000059604644775e-01,-3.000000119209289551e-01,-3.027183711528778076e-01,-8.242399096488952637e-01,9.727786779403686523e-01,5.693427473306655884e-02,3.573000000000000000e+03,4.634242187500000000e+03
0.000000000000000000e+00,0.000000000000000000e+00,2.065147086977958679e-02,-3.919456899166107178e-01,1.256881237030029297e+00,5.676987022161483765e-02,5.240000000000000000e+03,5.739280273437500000e+03
0.000000000000000000e+00,-1.000000014901161194e-01,9.268980473279953003e-02,-1.884503811597824097e-01,8.562894463539123535e-01,6.373984366655349731e-02,3.429000000000000000e+03,3.505492431640625000e+03
1.764043420553207397e-01,-1.024989411234855652e-02,3.777810037136077881e-01,-1.788692362606525421e-02,8.865622282028198242e-01,8.437009900808334351e-02,3.292000000000000000e+03,3.460395751953125000e+03
1.764043420553207397e-01,5.000000074505805969e-02,-6.818353384733200073e-02,5.977141112089157104e-02,1.137938261032104492e+00,5.835816264152526855e-02,4.728000000000000000e+03,4.943908691406250000e+03
4.482004791498184204e-02,9.482004493474960327e-02,1.475558429956436157e-01,-1.439415067434310913e-01,1.218809366226196289e+00,5.655803903937339783e-02,4.782000000000000000e+03,4.996938964843750000e+03
9.482004493474960327e-02,8.815837651491165161e-02,1.305505335330963135e-01,3.304740190505981445e-01,1.131404161453247070e+00,6.605163961648941040e-02,4.488000000000000000e+03,4.696205078125000000e+03
5.000000074505805969e-02,-5.000000074505805969e-02,2.568052411079406738e-01,-4.293915331363677979e-01,1.243081927299499512e+00,5.728816613554954529e-02,4.991000000000000000e+03,5.577705566406250000e+03
5.000000074505805969e-02,-1.000000014901161194e-01,1.557383090257644653e-01,-6.303009390830993652e-02,1.060519337654113770e+00,5.859766155481338501e-02,4.263000000000000000e+03,4.310463867187500000e+03
3.562291860580444336e-01,-3.000000119209289551e-01,4.956351518630981445e-01,-7.292736172676086426e-01,9.764968156814575195e-01,8.180431276559829712e-02,3.632000000000000000e+03,4.375347167968750000e+03
5.000000074505805969e-02,-1.024989411234855652e-02,1.799902617931365967e-01,2.606631517410278320e-01,1.217535972595214844e+00,5.413287878036499023e-02,5.010000000000000000e+03,5.311293945312500000e+03
9.482004493474960327e-02,-1.000000014901161194e-01,6.489798892289400101e-03,-1.749593019485473633e-01,8.887876272201538086e-01,6.907851248979568481e-02,2.928000000000000000e+03,2.977397949218750000e+03
0.000000000000000000e+00,5.000000074505805969e-02,-7.835694402456283569e-02,-3.963114619255065918e-01,1.222389936447143555e+00,6.219907104969024658e-02,4.701000000000000000e+03,5.327081054687500000e+03
-1.707512140274047852e-01,2.145627290010452271e-01,-1.510522216558456421e-01,3.196443617343902588e-01,7.778843045234680176e-01,6.919810920953750610e-02,2.648000000000000000e+03,2.697861816406250000e+03
-1.000000014901161194e-01,0.000000000000000000e+00,-1.146593317389488220e-02,-1.531197130680084229e-02,1.073535442352294922e+00,5.863466486334800720e-02,3.575000000000000000e+03,3.599929443359375000e+03
-5.179951898753643036e-03,2.091575562953948975e-01,3.572541475296020508e-01,2.243303656578063965e-01,1.099535942077636719e+00,5.133953690528869629e-02,4.579000000000000000e+03,5.064228027343750000e+03
-1.102498918771743774e-01,2.132806330919265747e-01,-2.692816555500030518e-01,1.798265725374221802e-01,9.663181304931640625e-01,6.290735304355621338e-02,3.938000000000000000e+03,4.048498046875000000e+03
5.000000074505805969e-02,-1.000000014901161194e-01,-2.267261594533920288e-01,-9.882712364196777344e-02,1.237629294395446777e+00,5.401197820901870728e-02,4.682000000000000000e+03,4.913126464843750000e+03
5.000000074505805969e-02,2.145627290010452271e-01,-2.375210374593734741e-01,1.663766950368881226e-01,1.237791419029235840e+00,7.036603242158889771e-02,4.686000000000000000e+03,4.943032714843750000e+03
-1.102498918771743774e-01,1.764043420553207397e-01,-4.112534970045089722e-02,1.398800909519195557e-01,1.090207099914550781e+00,5.833408609032630920e-02,3.745000000000000000e+03,3.764318603515625000e+03
-5.000000074505805969e-02,-1.500000059604644775e-01,1.336668431758880615e-01,-1.845624744892120361e-01,8.906947374343872070e-01,7.025313377380371094e-02,3.288000000000000000e+03,3.431132324218750000e+03
1.764043420553207397e-01,-1.500000059604644775e-01,2.472217530012130737e-01,-2.705745398998260498e-01,1.070936679840087891e+00,5.418616533279418945e-02,4.754000000000000000e+03,4.834851074218750000e+03
-1.500000059604644775e-01,3.562291860580444336e-01,-1.369893644005060196e-02,3.289552330970764160e-01,1.104786872863769531e+00,6.998521834611892700e-02,4.262000000000000000e+03,4.329355957031250000e+03
-5.000000074505805969e-02,6.083970069885253906e-01,1.376937609165906906e-03,7.040715813636779785e-01,8.327489495277404785e-01,7.309174537658691406e-02,3.110000000000000000e+03,3.162468505859375000e+03
-5.000000074505805969e-02,0.000000000000000000e+00,-3.534576594829559326e-01,9.793631732463836670e-02,1.238872766494750977e+00,5.462897941470146179e-02,5.040000000000000000e+03,5.368318359375000000e+03
8.815837651491165161e-02,1.764043420553207397e-01,4.228529632091522217e-01,1.986651718616485596e-01,9.905443191528320312e-01,5.491669103503227234e-02,3.721000000000000000e+03,4.136422363281250000e+03
-2.000000029802322388e-01,-5.816580727696418762e-02,-8.464472740888595581e-02,-1.575948670506477356e-02,6.140134334564208984e-01,7.377313077449798584e-02,1.733000000000000000e+03,1.801746459960937500e+03
5.000000074505805969e-02,5.000000074505805969e-02,1.811361685395240784e-02,5.165931209921836853e-02,1.262582063674926758e+00,6.134727597236633301e-02,4.780000000000000000e+03,4.783111816406250000e+03
-1.312371436506509781e-02,-1.000000014901161194e-01,-7.660803198814392090e-02,-3.037088513374328613e-01,9.439184665679931641e-01,6.232643499970436096e-02,3.991000000000000000e+03,4.192073730468750000e+03
0.000000000000000000e+00,5.000000074505805969e-02,-1.252472996711730957e-01,3.675227239727973938e-02,7.665479779243469238e-01,8.241015672683715820e-02,2.335000000000000000e+03,2.397610595703125000e+03
-1.500000059604644775e-01,0.000000000000000000e+00,9.053912013769149780e-02,4.157150089740753174e-01,1.186945676803588867e+00,6.275258213281631470e-02,4.640000000000000000e+03,5.373568359375000000e+03
0.000000000000000000e+00,0.000000000000000000e+00,3.075206577777862549e-01,-1.736451238393783569e-01,1.288902163505554199e+00,5.349126085638999939e-02,5.700000000000000000e+03,6.119810058593750000e+03
-5.000000074505805969e-02,0.000000000000000000e+00,-1.623549461364746094e-01,3.237414732575416565e-02,1.008405208587646484e+00,5.955324321985244751e-02,3.920000000000000000e+03,3.972605468750000000e+03
2.145627290010452271e-01,2.514390051364898682e-01,5.207630991935729980e-01,2.905881591141223907e-02,7.246534824371337891e-01,8.118145912885665894e-02,2.677000000000000000e+03,3.368753906250000000e+03
-1.500000059604644775e-01,-5.000000074505805969e-02,-1.094019412994384766e-01,-8.412931859493255615e-02,1.165073394775390625e+00,5.620983242988586426e-02,4.470000000000000000e+03,4.479287597656250000e+03
-5.816580727696418762e-02,-6.661394238471984863e-02,-1.986196339130401611e-01,1.729182898998260498e-01,1.108954310417175293e+00,6.558652222156524658e-02,4.009000000000000000e+03,4.257055175781250000e+03
-1.500000059604644775e-01,-5.000000074505805969e-02,1.278144121170043945e-01,2.301535569131374359e-02,1.153786420822143555e+00,6.481379270553588867e-02,4.333000000000000000e+03,4.597323730468750000e+03
1.669811904430389404e-01,5.000000074505805969e-02,3.208808600902557373e-01,8.985891938209533691e-02,1.106735587120056152e+00,6.772372126579284668e-02,4.082000000000000000e+03,4.166104003906250000e+03
4.482004791498184204e-02,0.000000000000000000e+00,2.915537655353546143e-01,3.542721867561340332e-01,1.262746095657348633e+00,5.974555388092994690e-02,5.353000000000000000e+03,5.962638671875000000e+03
-5.816580727696418762e-02,5.000000074505805969e-02,1.551416963338851929e-01,-7.653044909238815308e-02,1.261896491050720215e+00,5.886495858430862427e-02,5.137000000000000000e+03,5.334041015625000000e+03
1.669811904430389404e-01,0.000000000000000000e+00,1.427451372146606445e-01,-2.211237549781799316e-01,1.208801031112670898e+00,6.551526486873626709e-02,5.002000000000000000e+03,5.169916992187500000e+03
-1.500000059604644775e-01,0.000000000000000000e+00,4.053570330142974854e-02,-2.876251041889190674e-01,1.183002114295959473e+00,5.896300822496414185e-02,4.894000000000000000e+03,5.301435546875000000e+03
0.000000000000000000e+00,-2.000000029802322388e-01,2.572090178728103638e-02,6.722929328680038452e-02,1.227569818496704102e+00,5.667102709412574768e-02,4.876000000000000000e+03,5.106975097656250000e+03
3.975010663270950317e-02,5.000000074505805969e-02,2.775985002517700195e-01,3.790062665939331055e-02,9.057168960571289062e-01,6.426236033439636230e-02,3.507000000000000000e+03,3.745126708984375000e+03
-1.000000014901161194e-01,2.145627290010452271e-01,-5.331940650939941406e-01,4.221648573875427246e-01,1.111922383308410645e+00,6.349886208772659302e-02,4.519000000000000000e+03,5.330650878906250000e+03
0.000000000000000000e+00,-5.179951898753643036e-03,3.341021388769149780e-02,-3.072046637535095215e-01,8.996486663818359375e-01,6.138312071561813354e-02,3.265000000000000000e+03,3.628061279296875000e+03
-1.796607524156570435e-01,-5.000000000000000000e-01,-1.807878613471984863e-01,-4.604446291923522949e-01,5.045747756958007812e-01,1.354134678840637207e-01,1.490000000000000000e+03,1.499162963867187500e+03
-1.000000014901161194e-01,-1.000000014901161194e-01,-9.430456906557083130e-02,-1.700245141983032227e-01,1.232904911041259766e+00,6.162612512707710266e-02,3.823000000000000000e+03,3.835492187500000000e+03
-4.000000059604644775e-01,2.514390051364898682e-01,-4.080285429954528809e-01,2.027019113302230835e-01,8.269976973533630371e-01,7.373166829347610474e-02,2.657000000000000000e+03,2.666465087890625000e+03
2.052139341831207275e-01,5.173884034156799316e-01,2.360409647226333618e-01,5.302647352218627930e-01,5.779793262481689453e-01,2.535010576248168945e-01,8.170000000000000000e+02,8.197169189453125000e+02
-6.967304646968841553e-02,0.000000000000000000e+00,1.678567081689834595e-01,-9.552659094333648682e-02,1.182773351669311523e+00,5.856249481439590454e-02,4.653000000000000000e+03,4.868859375000000000e+03
-1.618416309356689453e-01,-1.500000059604644775e-01,1.309410631656646729e-01,-3.359727561473846436e-02,1.079329013824462891e+00,6.018389388918876648e-02,3.754000000000000000e+03,4.067873535156250000e+03
3.687628731131553650e-02,9.482004493474960327e-02,-2.284325659275054932e-02,1.062632873654365540e-01,1.189370989799499512e+00,6.058835610747337341e-02,4.113000000000000000e+03,4.123747070312500000e+03
9.482004493474960327e-02,-5.000000074505805969e-02,3.244543448090553284e-02,1.029304936528205872e-01,8.677316308021545410e-01,7.303210347890853882e-02,2.510000000000000000e+03,2.599889160156250000e+03
-5.000000074505805969e-02,0.000000000000000000e+00,-1.387580931186676025e-01,2.648035250604152679e-02,1.210849285125732422e+00,6.193513423204421997e-02,3.682000000000000000e+03,3.703484863281250000e+03
8.062653243541717529e-02,-4.166139364242553711e-01,3.702842593193054199e-01,-3.084399700164794922e-01,7.645130753517150879e-01,8.904989063739776611e-02,2.435000000000000000e+03,2.819965332031250000e+03
2.872454822063446045e-01,5.000000074505805969e-02,3.278597295284271240e-01,-3.819647431373596191e-02,5.295443534851074219e-01,7.249518483877182007e-02,1.827000000000000000e+03,1.887967651367187500e+03
5.000000074505805969e-02,5.000000074505805969e-02,1.774243195541203022e-03,1.759590059518814087e-01,1.234800457954406738e+00,6.600575894117355347e-02,4.839000000000000000e+03,4.896624023437500000e+03
9.482004493474960327e-02,0.000000000000000000e+00,1.214716881513595581e-01,-2.519693076610565186e-01,1.188706040382385254e+00,5.906294658780097961e-02,5.053000000000000000e+03,5.280120117187500000e+03
9.482004493474960327e-02,3.975010663270950317e-02,-1.034003049135208130e-01,-1.011737659573554993e-01,6.958103775978088379e-01,5.502907931804656982e-02,2.904000000000000000e+03,3.249434326171875000e+03
-1.500000059604644775e-01,2.872454822063446045e-01,-3.759993910789489746e-01,3.702574670314788818e-01,1.103465199470520020e+00,1.004055216908454895e-01,3.953000000000000000e+03,4.139281250000000000e+03
-5.000000074505805969e-02,9.482004493474960327e-02,4.391029179096221924e-01,-2.650382220745086670e-01,1.231565833091735840e+00,6.610176712274551392e-02,4.509000000000000000e+03,5.553114746093750000e+03
2.872454822063446045e-01,1.235305294394493103e-01,2.508159279823303223e-01,1.975782662630081177e-01,8.835554718971252441e-01,9.473607689142227173e-02,2.341000000000000000e+03,2.361335693359375000e+03
0.000000000000000000e+00,5.000000074505805969e-02,1.131254807114601135e-01,-3.059880435466766357e-01,1.148857712745666504e+00,6.994760781526565552e-02,4.019000000000000000e+03,4.432981445312500000e+03
1.764043420553207397e-01,-2.000000029802322388e-01,-1.067819446325302124e-01,-4.623048305511474609e-01,1.089641571044921875e+00,6.411255151033401489e-02,4.247000000000000000e+03,4.764234863281250000e+03
4.482004791498184204e-02,1.366542428731918335e-01,2.990054190158843994e-01,3.301213681697845459e-01,1.117300033569335938e+00,6.492383033037185669e-02,4.728000000000000000e+03,5.106597656250000000e+03
-1.659073382616043091e-01,2.145627290010452271e-01,-4.060486257076263428e-01,-3.137744963169097900e-01,1.154402971267700195e+00,5.894147232174873352e-02,4.744000000000000000e+03,5.884678710937500000e+03
-1.000000014901161194e-01,-5.000000074505805969e-02,-2.529054880142211914e-01,1.239220350980758667e-01,1.080031991004943848e+00,7.349976897239685059e-02,3.673000000000000000e+03,3.839848632812500000e+03
4.482004791498184204e-02,5.000000074505805969e-02,-4.789815843105316162e-01,-4.793346226215362549e-01,1.287143588066101074e+00,6.133390963077545166e-02,4.223000000000000000e+03,5.548994140625000000e+03
-5.000000074505805969e-02,-5.000000074505805969e-02,-2.306105336174368858e-03,-5.950781330466270447e-02,1.256447911262512207e+00,5.938819423317909241e-02,4.153000000000000000e+03,4.159171875000000000e+03
4.183419048786163330e-02,-3.000000119209289551e-01,2.231417782604694366e-02,-2.698977887630462646e-01,4.992610812187194824e-01,9.586402028799057007e-02,1.530000000000000000e+03,1.537892456054687500e+03
-1.000000014901161194e-01,-2.000000029802322388e-01,1.166950836777687073e-01,-3.463736772537231445e-01,9.963343143463134766e-01,6.255078315734863281e-02,4.232000000000000000e+03,4.519354492187500000e+03
-6.590732932090759277e-02,9.482004493474960327e-02,-1.588288992643356323e-01,2.778102159500122070e-01,1.081825613975524902e+00,6.202848628163337708e-02,4.338000000000000000e+03,4.492454589843750000e+03
-5.000000074505805969e-02,0.000000000000000000e+00,5.016868710517883301e-01,-2.830077894032001495e-02,1.255414605140686035e+00,5.415755882859230042e-02,4.838000000000000000e+03,5.736649414062500000e+03
9.482004493474960327e-02,-5.000000074505805969e-02,3.894816040992736816e-01,-6.594762951135635376e-02,1.156944274902343750e+00,5.921496450901031494e-02,4.984000000000000000e+03,5.302683105468750000e+03
-5.000000074505805969e-02,5.000000074505805969e-02,-5.562965571880340576e-02,-2.404498904943466187e-01,1.238141775131225586e+00,5.794109404087066650e-02,4.485000000000000000e+03,4.728592773437500000e+03
0.000000000000000000e+00,-5.000000074505805969e-02,-3.553646430373191833e-02,-1.487644761800765991e-02,1.251671791076660156e+00,6.054051220417022705e-02,4.225000000000000000e+03,4.231778808593750000e+03
0.000000000000000000e+00,-1.781912706792354584e-02,4.168653786182403564e-01,-4.004201386123895645e-03,1.185847282409667969e+00,6.127777695655822754e-02,4.437000000000000000e+03,4.971050781250000000e+03
-1.312371436506509781e-02,9.482004493474960327e-02,-2.496457286179065704e-02,2.405651509761810303e-01,5.552328228950500488e-01,1.878231316804885864e-01,1.101000000000000000e+03,1.176100952148437500e+03
8.169633150100708008e-02,-2.000000029802322388e-01,9.370413422584533691e-02,-5.863849818706512451e-02,5.407497882843017578e-01,8.557782322168350220e-02,2.224000000000000000e+03,2.374320556640625000e+03
-2.000000029802322388e-01,0.000000000000000000e+00,-2.964507341384887695e-01,-1.309088338166475296e-02,4.727204442024230957e-01,9.516313672065734863e-02,1.608000000000000000e+03,1.675398925781250000e+03
0.000000000000000000e+00,0.000000000000000000e+00,2.126357108354568481e-01,-3.245704248547554016e-02,1.119825243949890137e+00,6.171496957540512085e-02,4.122000000000000000e+03,4.273067382812500000e+03
-1.000000014901161194e-01,-5.000000074505805969e-02,5.818703398108482361e-02,-2.302609384059906006e-01,1.019925594329833984e+00,6.383102387189865112e-02,3.746000000000000000e+03,3.950462646484375000e+03
1.764043420553207397e-01,9.183419495820999146e-02,4.791070148348808289e-02,5.841524526476860046e-02,1.173949241638183594e+00,6.667482107877731323e-02,4.149000000000000000e+03,4.201734375000000000e+03
0.000000000000000000e+00,-1.000000014901161194e-01,-4.326684027910232544e-02,-4.247960448265075684e-01,8.808894157409667969e-01,6.123251840472221375e-02,3.750000000000000000e+03,4.253292480468750000e+03
9.482004493474960327e-02,-2.000000029802322388e-01,4.870881140232086182e-02,-1.236568763852119446e-01,1.215423226356506348e+00,5.799907818436622620e-02,4.724000000000000000e+03,4.749411621093750000e+03
-1.500000059604644775e-01,-2.500000000000000000e-01,-1.696063727140426636e-01,-2.670023143291473389e-01,1.089675545692443848e+00,6.289961189031600952e-02,3.669000000000000000e+03,3.671115478515625000e+03
8.815837651491165161e-02,-2.500000000000000000e-01,-2.874107658863067627e-01,-5.490052327513694763e-02,9.302324056625366211e-01,6.231112405657768250e-02,3.381000000000000000e+03,4.050131103515625000e+03
0.000000000000000000e+00,-1.102498918771743774e-01,4.009962677955627441e-01,1.413422869518399239e-03,9.661486148834228516e-01,6.304951012134552002e-02,3.645000000000000000e+03,4.294797363281250000e+03
0.000000000000000000e+00,5.000000074505805969e-02,6.129419058561325073e-02,1.109808385372161865e-01,7.603537440299987793e-01,7.436170428991317749e-02,2.654000000000000000e+03,2.688354492187500000e+03
0.000000000000000000e+00,2.145627290010452271e-01,3.647598496172577143e-04,-8.193720877170562744e-02,8.861150741577148438e-01,8.903855085372924805e-02,2.583000000000000000e+03,2.864534179687500000e+03
6.083970069885253906e-01,0.000000000000000000e+00,5.315361022949218750e-01,-2.456928938627243042e-01,7.870285511016845703e-01,1.060620248317718506e-01,1.797000000000000000e+03,1.984369018554687500e+03
2.514390051364898682e-01,0.000000000000000000e+00,6.171103939414024353e-02,-2.038452923297882080e-01,9.771886467933654785e-01,5.939416214823722839e-02,3.655000000000000000e+03,3.946406250000000000e+03
-2.500000000000000000e-01,5.000000074505805969e-02,-6.086217761039733887e-01,9.616184979677200317e-02,8.976619839668273926e-01,7.094052433967590332e-02,2.814000000000000000e+03,3.255539306640625000e+03
5.000000074505805969e-02,-5.000000074505805969e-02,2.115011662244796753e-01,3.048441000282764435e-02,1.187397956848144531e+00,6.356530636548995972e-02,4.514000000000000000e+03,4.617577148437500000e+03
-1.967304572463035583e-02,0.000000000000000000e+00,-5.376272797584533691e-01,-2.300444543361663818e-01,1.266783237457275391e+00,5.612627044320106506e-02,4.911000000000000000e+03,5.854360839843750000e+03
1.366542428731918335e-01,-5.000000074505805969e-02,-2.030482292175292969e-01,5.592423677444458008e-01,1.257710456848144531e+00,6.717327982187271118e-02,4.242000000000000000e+03,5.472636230468750000e+03
-5.000000074505805969e-02,-1.000000014901161194e-01,-8.743590861558914185e-02,5.966051830910146236e-04,8.708264827728271484e-01,5.296125262975692749e-02,3.189000000000000000e+03,3.237332763671875000e+03
3.338605910539627075e-02,2.145627290010452271e-01,-1.862208694219589233e-01,2.735081613063812256e-01,8.475236892700195312e-01,6.318233162164688110e-02,3.379000000000000000e+03,3.618016357421875000e+03
5.000000074505805969e-02,0.000000000000000000e+00,-3.816324770450592041e-01,4.653972014784812927e-02,1.260654807090759277e+00,5.532688647508621216e-02,4.810000000000000000e+03,5.364357421875000000e+03
-8.500000238418579102e-01,-2.278634756803512573e-01,-8.332514762878417969e-01,-1.455378234386444092e-01,3.642919063568115234e-01,1.460835784673690796e-01,1.479000000000000000e+03,1.556580932617187500e+03
1.366542428731918335e-01,-4.000000059604644775e-01,-4.351770877838134766e-02,-3.121245205402374268e-01,6.293570399284362793e-01,6.489060074090957642e-02,2.141000000000000000e+03,2.353582275390625000e+03
-2.500000000000000000e-01,2.872454822063446045e-01,-1.660128831863403320e-01,-1.091333851218223572e-01,1.077119827270507812e+00,5.310846492648124695e-02,4.038000000000000000e+03,4.592597656250000000e+03
-5.000000074505805969e-02,5.000000074505805969e-02,3.322760164737701416e-01,-5.707574635744094849e-02,1.197886824607849121e+00,4.910989850759506226e-02,4.355000000000000000e+03,4.822105468750000000e+03
1.366542428731918335e-01,0.000000000000000000e+00,3.646409213542938232e-01,3.091458044946193695e-02,7.253401279449462891e-01,5.782027170062065125e-02,2.314000000000000000e+03,2.541881347656250000e+03
-5.179951898753643036e-03,5.000000074505805969e-02,-5.718058943748474121e-01,-2.171261757612228394e-01,1.193066000938415527e+00,7.244065403938293457e-02,4.278000000000000000e+03,5.396191406250000000e+03
0.000000000000000000e+00,-1.500000059604644775e-01,5.756185203790664673e-02,-2.886819839477539062e-01,1.232938170433044434e+00,5.585620552301406860e-02,4.466000000000000000e+03,4.531982910156250000e+03
8.975010365247726440e-02,-1.102498918771743774e-01,3.040506541728973389e-01,-3.343084156513214111e-01,1.094517350196838379e+00,6.468503922224044800e-02,4.801000000000000000e+03,5.178799316406250000e+03
-1.151089668273925781e-01,3.562291860580444336e-01,-1.312955468893051147e-01,3.170497417449951172e-01,8.560383319854736328e-01,5.858305469155311584e-02,2.630000000000000000e+03,2.636471923828125000e+03
0.000000000000000000e+00,0.000000000000000000e+00,2.683757245540618896e-02,-7.367607951164245605e-02,1.285320043563842773e+00,6.346546858549118042e-02,4.994000000000000000e+03,5.012704589843750000e+03
-5.000000074505805969e-02,-2.641935050487518311e-01,-2.050395160913467407e-01,-3.095097541809082031e-01,5.059698820114135742e-01,7.078932970762252808e-02,1.807000000000000000e+03,1.987155761718750000e+03
0.000000000000000000e+00,4.862083792686462402e-01,4.300824180245399475e-02,4.855395853519439697e-01,1.018665790557861328e+00,5.904597043991088867e-02,3.774000000000000000e+03,3.780677978515625000e+03
4.862083792686462402e-01,-1.666139364242553711e-01,7.697116732597351074e-01,-4.040927588939666748e-01,1.027011156082153320e+00,6.825438886880874634e-02,3.896000000000000000e+03,4.387467285156250000e+03
9.482004493474960327e-02,-3.000000119209289551e-01,2.207482010126113892e-01,-3.099576830863952637e-01,7.256177663803100586e-01,5.819556862115859985e-02,2.666000000000000000e+03,2.746199707031250000e+03
2.514390051364898682e-01,-6.184162572026252747e-02,4.490910768508911133e-01,1.056233569979667664e-01,6.903063058853149414e-01,7.683959603309631348e-02,2.478000000000000000e+03,2.815734863281250000e+03
5.000000074505805969e-02,3.409266844391822815e-02,2.189396917819976807e-01,3.154251873493194580e-01,1.175752401351928711e+00,6.445880234241485596e-02,4.077000000000000000e+03,4.389492187500000000e+03
-3.499999940395355225e-01,0.000000000000000000e+00,-4.456805288791656494e-01,3.033486008644104004e-01,7.376899123191833496e-01,1.256859898567199707e-01,2.666000000000000000e+03,3.143050292968750000e+03
0.000000000000000000e+00,5.000000074505805969e-02,1.706461422145366669e-02,5.504773184657096863e-02,4.525201022624969482e-01,6.074620410799980164e-02,1.543000000000000000e+03,1.545414062500000000e+03
-8.165807463228702545e-03,5.000000074505805969e-02,1.158024147152900696e-01,3.378501534461975098e-01,1.142176628112792969e+00,5.695582926273345947e-02,4.231000000000000000e+03,4.544008300781250000e+03
3.338605910539627075e-02,5.481259822845458984e-01,-1.415092349052429199e-01,5.784433484077453613e-01,1.052749276161193848e+00,6.000770255923271179e-02,4.818000000000000000e+03,4.954060058593750000e+03
4.223684668540954590e-01,-6.000000238418579102e-01,6.122734546661376953e-01,-6.810668110847473145e-01,8.123439550399780273e-01,6.119341775774955750e-02,3.395000000000000000e+03,3.611068847656250000e+03
5.000000074505805969e-02,1.366542428731918335e-01,1.719675213098526001e-01,-3.301426470279693604e-01,1.145655035972595215e+00,6.591616570949554443e-02,4.272000000000000000e+03,5.000124023437500000e+03
-2.000000029802322388e-01,1.694074422121047974e-01,-2.234161049127578735e-01,2.095049172639846802e-01,5.558690428733825684e-01,5.840148404240608215e-02,1.940000000000000000e+03,1.953528198242187500e+03
1.366542428731918335e-01,-4.000000059604644775e-01,7.405284047126770020e-02,-3.839378654956817627e-01,9.566175341606140137e-01,5.976529419422149658e-02,4.058000000000000000e+03,4.076637939453125000e+03
5.000000074505805969e-02,-1.000000014901161194e-01,4.258799925446510315e-02,-8.016362786293029785e-02,6.645347476005554199e-01,7.559956610202789307e-02,1.802000000000000000e+03,1.803848510742187500e+03
-6.312371790409088135e-02,2.080634087324142456e-01,-1.685037761926651001e-01,4.069356620311737061e-01,9.504796862602233887e-01,6.715957820415496826e-02,4.041000000000000000e+03,4.264843261718750000e+03
-2.641935050487518311e-01,-4.166139364242553711e-01,-4.326760768890380859e-01,-1.257490217685699463e-01,8.921383619308471680e-01,6.396354734897613525e-02,3.096000000000000000e+03,3.521218994140625000e+03
-1.618416309356689453e-01,2.872454822063446045e-01,-4.438443779945373535e-01,1.042623817920684814e-01,8.814112544059753418e-01,5.121130123734474182e-02,3.626000000000000000e+03,4.137550292968750000e+03
-5.000000074505805969e-02,1.366542428731918335e-01,-6.615928560495376587e-02,-7.636508345603942871e-02,1.193608999252319336e+00,6.331134587526321411e-02,4.611000000000000000e+03,4.757622558593750000e+03
9.482004493474960327e-02,-1.500000059604644775e-01,2.731591761112213135e-01,-2.035905122756958008e-01,9.458783268928527832e-01,5.903489515185356140e-02,3.844000000000000000e+03,3.991445068359375000e+03
9.482004493474960327e-02,2.145627290010452271e-01,1.255403310060501099e-01,2.694748044013977051e-01,9.052731394767761230e-01,6.056466326117515564e-02,3.106000000000000000e+03,3.120912109375000000e+03
5.000000074505805969e-02,-8.165807463228702545e-03,4.024488851428031921e-02,1.156342774629592896e-01,1.271364331245422363e+00,5.677707865834236145e-02,4.715000000000000000e+03,4.760108886718750000e+03
-5.000000074505805969e-02,0.000000000000000000e+00,-6.887795031070709229e-02,-5.557381510734558105e-01,1.251603126525878906e+00,5.654228478670120239e-02,5.582000000000000000e+03,6.638373535156250000e+03
0.000000000000000000e+00,-3.499999940395355225e-01,8.470305055379867554e-02,-5.915842056274414062e-01,1.026959419250488281e+00,7.071908563375473022e-02,4.163000000000000000e+03,4.418159667968750000e+03
-3.499999940395355225e-01,1.316963285207748413e-01,-7.842046618461608887e-01,1.116099059581756592e-01,9.409126043319702148e-01,6.864742189645767212e-02,3.043000000000000000e+03,3.663479492187500000e+03
-1.500000059604644775e-01,-5.000000074505805969e-02,8.682127110660076141e-03,-9.813975542783737183e-02,1.112273454666137695e+00,5.896933004260063171e-02,4.530000000000000000e+03,4.630336914062500000e+03
-2.000000029802322388e-01,-1.651089638471603394e-01,-5.982882156968116760e-02,-1.891144067049026489e-01,8.939446210861206055e-01,6.246207654476165771e-02,2.826000000000000000e+03,2.896905273437500000e+03
9.482004493474960327e-02,-2.000000029802322388e-01,-3.095920756459236145e-02,-4.132779240608215332e-01,7.617519497871398926e-01,6.804108619689941406e-02,2.554000000000000000e+03,2.817077636718750000e+03
-5.000000074505805969e-02,1.764043420553207397e-01,5.110191181302070618e-02,-2.425845861434936523e-01,1.255172848701477051e+00,5.645406991243362427e-02,4.843000000000000000e+03,5.398952148437500000e+03
9.482004493474960327e-02,-5.000000074505805969e-02,-1.639829128980636597e-01,-8.163176476955413818e-02,1.262150287628173828e+00,5.847980454564094543e-02,4.863000000000000000e+03,5.067943359375000000e+03
-2.000000029802322388e-01,1.366542428731918335e-01,-1.819264590740203857e-01,5.676458775997161865e-02,7.207709550857543945e-01,7.197050005197525024e-02,2.613000000000000000e+03,2.646516845703125000e+03
-3.499999940395355225e-01,-2.641935050487518311e-01,-3.793088495731353760e-01,-1.853818595409393311e-01,9.309298396110534668e-01,6.448595225811004639e-02,3.195000000000000000e+03,3.220957763671875000e+03
-2.131237089633941650e-01,1.764043420553207397e-01,-8.680592477321624756e-02,5.450313538312911987e-02,9.452182650566101074e-01,7.072985172271728516e-02,3.670000000000000000e+03,3.795415283203125000e+03
5.000000074505805969e-02,1.366542428731918335e-01,5.182748660445213318e-02,-1.927511096000671387e-01,1.210511445999145508e+00,5.356804281473159790e-02,4.344000000000000000e+03,4.659679687500000000e+03
2.145627290010452271e-01,2.872454822063446045e-01,-2.660267353057861328e-01,3.596775233745574951e-01,1.026477098464965820e+00,7.069548964500427246e-02,3.167000000000000000e+03,3.844878417968750000e+03
-5.000000074505805969e-02,1.764043420553207397e-01,-2.311937958002090454e-01,-2.917343676090240479e-01,1.183374047279357910e+00,5.561795085668563843e-02,4.408000000000000000e+03,5.170647460937500000e+03
-1.500000059604644775e-01,0.000000000000000000e+00,4.220976307988166809e-02,-1.071667447686195374e-01,1.057715535163879395e+00,5.258725211024284363e-02,3.867000000000000000e+03,4.032639648437500000e+03
8.815837651491165161e-02,1.366542428731918335e-01,1.498782038688659668e-01,1.537938117980957031e-01,5.959549546241760254e-01,1.358214020729064941e-01,6.110000000000000000e+02,6.180711059570312500e+02
-5.000000074505805969e-02,-2.000000029802322388e-01,2.191750854253768921e-01,-3.048351705074310303e-01,1.129208087921142578e+00,5.290148407220840454e-02,4.421000000000000000e+03,4.706331542968750000e+03
-5.000000074505805969e-02,-2.000000029802322388e-01,2.395163774490356445e-01,-2.188505679368972778e-01,1.186273455619812012e+00,5.945851653814315796e-02,4.461000000000000000e+03,4.724195312500000000e+03
5.000000074505805969e-02,9.482004493474960327e-02,2.123729139566421509e-01,6.855618953704833984e-02,8.283206820487976074e-01,6.799852102994918823e-02,3.174000000000000000e+03,3.297817138671875000e+03
1.715452671051025391e-01,2.872454822063446045e-01,2.223886102437973022e-01,2.940102815628051758e-01,5.851439833641052246e-01,1.092139706015586853e-01,1.693000000000000000e+03,1.705986816406250000e+03
5.000000074505805969e-02,8.687628805637359619e-02,4.904850423336029053e-01,-3.627556264400482178e-01,1.254099965095520020e+00,6.100263819098472595e-02,4.940000000000000000e+03,6.123334472656250000e+03
-6.312371790409088135e-02,9.482004493474960327e-02,-5.176267027854919434e-01,9.721238911151885986e-02,1.174787640571594238e+00,5.895567685365676880e-02,4.658000000000000000e+03,5.332938964843750000e+03
5.000000074505805969e-02,5.000000074505805969e-02,-3.100550770759582520e-01,4.894589632749557495e-02,1.150066137313842773e+00,6.129464507102966309e-02,4.379000000000000000e+03,4.797973144531250000e+03
0.000000000000000000e+00,0.000000000000000000e+00,2.664151787757873535e-01,5.506042838096618652e-01,1.282941102981567383e+00,5.835266411304473877e-02,5.123000000000000000e+03,6.236069335937500000e+03
1.366542428731918335e-01,-3.000000119209289551e-01,-6.750164180994033813e-02,-4.458051025867462158e-01,7.251268029212951660e-01,7.628659158945083618e-02,2.482000000000000000e+03,2.771469970703125000e+03
-2.500000000000000000e-01,9.482004493474960327e-02,1.323933303356170654e-01,-5.403799936175346375e-02,1.083205103874206543e+00,6.434495747089385986e-02,3.573000000000000000e+03,4.069412353515625000e+03
4.545493423938751221e-01,0.000000000000000000e+00,2.430408746004104614e-01,-7.575456798076629639e-02,7.181239128112792969e-01,5.802606046199798584e-02,2.499000000000000000e+03,2.738098876953125000e+03
-1.618416309356689453e-01,-1.102498918771743774e-01,-1.688610911369323730e-01,1.052921451628208160e-02,1.175216913223266602e+00,6.154715269804000854e-02,3.491000000000000000e+03,3.527996582031250000e+03
-1.000000000000000000e+00,-5.500000119209289551e-01,-1.023982882499694824e+00,-5.577347874641418457e-01,2.729375958442687988e-01,1.136890202760696411e-01,9.920000000000000000e+02,1.000429199218750000e+03
-2.131237089633941650e-01,-1.184162404388189316e-02,1.101032197475433350e-01,3.312649726867675781e-01,1.158763170242309570e+00,8.168857544660568237e-02,3.985000000000000000e+03,4.622180664062500000e+03
-1.500000059604644775e-01,0.000000000000000000e+00,-2.199114710092544556e-01,-1.232325658202171326e-01,1.090752601623535156e+00,6.052012369036674500e-02,4.033000000000000000e+03,4.100494140625000000e+03
0.000000000000000000e+00,1.366542428731918335e-01,-5.553355440497398376e-02,-2.057824470102787018e-02,8.400040864944458008e-01,5.750075355172157288e-02,3.423000000000000000e+03,3.556530761718750000e+03
-1.102498918771743774e-01,-2.000000029802322388e-01,-2.229279279708862305e-01,-4.922066628932952881e-01,1.125583887100219727e+00,6.378792971372604370e-02,4.171000000000000000e+03,4.487889648437500000e+03
3.896152675151824951e-01,2.145627290010452271e-01,-1.350465975701808929e-02,1.130193695425987244e-01,1.019965529441833496e+00,6.041090935468673706e-02,3.540000000000000000e+03,4.108163574218750000e+03
3.562291860580444336e-01,3.562291860580444336e-01,3.081626296043395996e-01,7.686837762594223022e-02,8.745136857032775879e-01,6.868878751993179321e-02,2.656000000000000000e+03,2.928474365234375000e+03
9.482004493474960327e-02,0.000000000000000000e+00,1.251957118511199951e-01,-1.493951678276062012e-01,6.923008561134338379e-01,6.705123186111450195e-02,1.928000000000000000e+03,2.020281372070312500e+03
2.514390051364898682e-01,2.872454822063446045e-01,2.934723794460296631e-01,1.918361634016036987e-01,4.492996931076049805e-01,8.713657408952713013e-02,1.734000000000000000e+03,1.826328857421875000e+03
-1.500000059604644775e-01,-1.618416309356689453e-01,2.093968540430068970e-01,-1.595707535743713379e-01,7.799910306930541992e-01,6.647134572267532349e-02,2.755000000000000000e+03,3.314663330078125000e+03
-3.000000119209289551e-01,-6.184162572026252747e-02,-6.541510224342346191e-01,1.002112776041030884e-01,1.131014943122863770e+00,6.327722966670989990e-02,4.406000000000000000e+03,4.913795898437500000e+03
