6.961627006530761719e-01,-1.900136023759841919e-01,7.015629410743713379e-01,-1.964301913976669312e-01,6.412206292152404785e-01,2.014434933662414551e-01,1.097000000000000000e+03,1.097185424804687500e+03
4.862083792686462402e-01,-6.000000238418579102e-01,6.116107106208801270e-01,-6.320149898529052734e-01,7.888106107711791992e-01,9.520419687032699585e-02,2.701000000000000000e+03,2.773424560546875000e+03
6.379825472831726074e-01,-2.500000000000000000e-01,7.570601105690002441e-01,-2.698304951190948486e-01,6.560422182083129883e-01,6.500248610973358154e-02,2.588000000000000000e+03,2.674879150390625000e+03
-8.500000238418579102e-01,-4.172467887401580811e-01,-1.066089987754821777e+00,-4.386470019817352295e-01,6.643432974815368652e-01,6.294195353984832764e-02,2.063000000000000000e+03,2.278104248046875000e+03
5.481259822845458984e-01,1.270009279251098633e-01,5.155277252197265625e-01,2.317460477352142334e-01,1.075440764427185059e+00,5.884866416454315186e-02,4.058000000000000000e+03,4.100151367187500000e+03
2.317659556865692139e-01,-1.000000000000000000e+00,2.789286077022552490e-01,-9.293052554130554199e-01,6.288403868675231934e-01,6.638411432504653931e-02,2.489000000000000000e+03,2.534092773437500000e+03
1.313583576120436192e-03,6.961627006530761719e-01,-1.062510535120964050e-01,9.020256400108337402e-01,7.043344378471374512e-01,2.166440188884735107e-01,6.100000000000000000e+02,6.746405029296875000e+02
-8.500000238418579102e-01,-3.499999940395355225e-01,-7.063350677490234375e-01,-3.909466862678527832e-01,6.727846860885620117e-01,7.207406312227249146e-02,2.440000000000000000e+03,2.558610107421875000e+03
-3.499999940395355225e-01,-5.000000000000000000e-01,1.582172885537147522e-02,-3.709897696971893311e-01,6.888576149940490723e-01,1.086179539561271667e-01,2.214000000000000000e+03,2.874190673828125000e+03
5.481259822845458984e-01,-5.500000119209289551e-01,8.072478771209716797e-01,-6.005676388740539551e-01,9.354775547981262207e-01,8.977492153644561768e-02,2.248000000000000000e+03,2.424127441406250000e+03
6.961627006530761719e-01,2.372455000877380371e-01,7.034428715705871582e-01,8.460206538438796997e-02,6.128864288330078125e-01,1.348016560077667236e-01,1.697000000000000000e+03,1.801012939453125000e+03
6.961627006530761719e-01,2.813830375671386719e-01,8.503390550613403320e-01,4.620682597160339355e-01,8.328874707221984863e-01,6.662144511938095093e-02,3.015000000000000000e+03,3.255380371093750000e+03
-7.133457660675048828e-01,-1.148211881518363953e-01,-7.002654075622558594e-01,-1.034847050905227661e-01,3.136689066886901855e-01,1.129127964377403259e-01,9.940000000000000000e+02,9.970228881835937500e+02
-2.500000000000000000e-01,3.221365213394165039e-01,-3.022129535675048828e-01,6.377980113029479980e-02,8.554203510284423828e-01,7.903438806533813477e-02,2.127000000000000000e+03,2.324674560546875000e+03
2.514390051364898682e-01,6.961627006530761719e-01,3.284564018249511719e-01,5.841169953346252441e-01,9.114742279052734375e-01,6.082391366362571716e-02,2.774000000000000000e+03,2.835442626953125000e+03
6.083970069885253906e-01,-3.151089549064636230e-01,4.693471193313598633e-01,-3.792986273765563965e-01,6.669911146163940430e-01,7.310571521520614624e-02,2.469000000000000000e+03,2.597864257812500000e+03
6.083970069885253906e-01,3.852166831493377686e-01,6.199500560760498047e-01,4.198422729969024658e-01,9.745410084724426270e-01,6.012895330786705017e-02,2.971000000000000000e+03,2.975188232421875000e+03
6.672313809394836426e-01,-2.033995091915130615e-01,6.501274704933166504e-01,-2.328072637319564819e-01,4.947015047073364258e-01,7.787260413169860840e-02,1.255000000000000000e+03,1.260937622070312500e+03
4.009998142719268799e-01,7.247940897941589355e-01,2.795030176639556885e-01,6.806132197380065918e-01,5.021409392356872559e-01,6.837807595729827881e-02,1.780000000000000000e+03,1.895953735351562500e+03
-6.999999880790710449e-01,-5.000000000000000000e-01,-4.724988043308258057e-01,-5.991775989532470703e-01,8.089630603790283203e-01,6.975802034139633179e-02,2.735000000000000000e+03,2.987066406250000000e+03
-8.165807463228702545e-03,6.961627006530761719e-01,1.485449373722076416e-01,9.645736217498779297e-01,7.769717574119567871e-01,1.319059133529663086e-01,1.475000000000000000e+03,1.702968505859375000e+03
6.083970069885253906e-01,-4.737199097871780396e-02,9.182310700416564941e-01,1.281658411026000977e-01,9.123092889785766602e-01,7.404197752475738525e-02,3.742000000000000000e+03,4.292530273437500000e+03
-2.094655334949493408e-01,-8.710686564445495605e-01,-1.541395904496312141e-03,-8.581742644309997559e-01,8.112417459487915039e-01,6.616336852312088013e-02,2.328000000000000000e+03,2.478949462890625000e+03
6.961627006530761719e-01,-3.196730315685272217e-01,7.631028294563293457e-01,-4.347124695777893066e-01,7.161744236946105957e-01,1.548628658056259155e-01,1.860000000000000000e+03,1.923561889648437500e+03
-5.500000119209289551e-01,-7.700559496879577637e-01,-4.586313068866729736e-01,-8.831685185432434082e-01,6.503016352653503418e-01,6.114551052451133728e-02,1.808000000000000000e+03,1.897251708984375000e+03
7.531411051750183105e-01,-3.713686466217041016e-01,8.013598918914794922e-01,-4.971245825290679932e-01,7.255862951278686523e-01,8.507309854030609131e-02,1.974000000000000000e+03,2.041457641601562500e+03
-3.499999940395355225e-01,6.083970069885253906e-01,-4.605975449085235596e-01,6.629960536956787109e-01,7.366075515747070312e-01,6.046144291758537292e-02,2.536000000000000000e+03,2.606702392578125000e+03
6.379825472831726074e-01,3.165905550122261047e-02,8.701055645942687988e-01,2.803538739681243896e-01,1.071586012840270996e+00,5.480447784066200256e-02,2.624000000000000000e+03,2.882410156250000000e+03
-5.500000119209289551e-01,-1.000000014901161194e-01,-4.091048538684844971e-01,-9.595753997564315796e-02,5.724107623100280762e-01,9.047263115644454956e-02,1.935000000000000000e+03,2.050814208984375000e+03
6.083970069885253906e-01,2.145627290010452271e-01,3.108273744583129883e-01,1.148474588990211487e-01,1.031717777252197266e+00,5.630679428577423096e-02,3.669000000000000000e+03,4.001529296875000000e+03
-3.704144358634948730e-01,6.379825472831726074e-01,-5.412231385707855225e-02,6.122503876686096191e-01,9.097399711608886719e-01,5.950751900672912598e-02,3.471000000000000000e+03,3.882256591796875000e+03
-4.499999880790710449e-01,3.221365213394165039e-01,-3.762946426868438721e-01,3.341666460037231445e-01,9.203668236732482910e-01,6.136219576001167297e-02,3.651000000000000000e+03,3.674931640625000000e+03
2.503692209720611572e-01,6.961627006530761719e-01,5.727435350418090820e-01,6.247186064720153809e-01,8.893391489982604980e-01,9.001348912715911865e-02,2.843000000000000000e+03,3.223094726562500000e+03
5.000000074505805969e-02,6.961627006530761719e-01,-1.906930059194564819e-01,4.689620435237884521e-01,9.076023101806640625e-01,7.811817526817321777e-02,3.055000000000000000e+03,3.449468750000000000e+03
-5.500000119209289551e-01,4.862083792686462402e-01,-7.604225873947143555e-01,3.702264428138732910e-01,8.158136606216430664e-01,1.047111526131629944e-01,2.414000000000000000e+03,2.619322509765625000e+03
-3.499999940395355225e-01,5.000000074505805969e-02,-2.843121886253356934e-01,9.176150709390640259e-02,3.821319043636322021e-01,1.538065075874328613e-01,1.035000000000000000e+03,1.077442749023437500e+03
6.672313809394836426e-01,2.514390051364898682e-01,5.615205764770507812e-01,1.941840350627899170e-01,7.942372560501098633e-01,6.898877024650573730e-02,2.680000000000000000e+03,2.741064453125000000e+03
-8.000000119209289551e-01,4.862083792686462402e-01,-7.626522183418273926e-01,3.916964232921600342e-01,6.062862277030944824e-01,9.874095022678375244e-02,2.064000000000000000e+03,2.121543212890625000e+03
-6.999999880790710449e-01,3.206315636634826660e-01,-7.053868174552917480e-01,3.346493542194366455e-01,7.844654917716979980e-01,6.146688759326934814e-02,2.585000000000000000e+03,2.585933837890625000e+03
-5.000000074505805969e-02,-6.692624092102050781e-01,-1.456675976514816284e-01,-5.873016119003295898e-01,8.890164494514465332e-01,8.888720721006393433e-02,2.162000000000000000e+03,2.205245849609375000e+03
-8.999999761581420898e-01,1.872455030679702759e-01,-1.002274036407470703e+00,2.558064460754394531e-02,4.319253563880920410e-01,8.645110577344894409e-02,1.239000000000000000e+03,1.472603027343750000e+03
-8.000000119209289551e-01,-5.816580727696418762e-02,-9.342100024223327637e-01,1.694488972425460815e-01,7.899259328842163086e-01,6.405083835124969482e-02,2.267000000000000000e+03,2.514091796875000000e+03
-1.309428364038467407e-01,-6.000000238418579102e-01,-7.878248393535614014e-02,-7.068741321563720703e-01,5.908791422843933105e-01,7.533963024616241455e-02,1.862000000000000000e+03,1.936688842773437500e+03
2.445067614316940308e-01,3.221365213394165039e-01,2.618187665939331055e-01,5.081344246864318848e-01,9.028064012527465820e-01,5.599272251129150391e-02,3.302000000000000000e+03,3.441915283203125000e+03
-4.707512259483337402e-01,6.961627006530761719e-01,-5.896408557891845703e-01,3.877069950103759766e-01,5.647994279861450195e-01,7.472557574510574341e-02,1.977000000000000000e+03,2.612935791015625000e+03
6.379825472831726074e-01,2.664942741394042969e-01,7.426869273185729980e-01,2.040720134973526001e-01,9.483173489570617676e-01,5.301925912499427795e-02,3.839000000000000000e+03,3.902214355468750000e+03
-8.999999761581420898e-01,1.825500875711441040e-01,-9.398595094680786133e-01,3.824388980865478516e-01,7.235467433929443359e-01,7.227697968482971191e-02,1.389000000000000000e+03,1.497350708007812500e+03
-2.641935050487518311e-01,5.173884034156799316e-01,-2.646671831607818604e-01,4.417077004909515381e-01,4.094127118587493896e-01,8.405610173940658569e-02,1.410000000000000000e+03,1.457899658203125000e+03
6.961627006530761719e-01,-1.510371118783950806e-01,7.162753343582153320e-01,-2.776314020156860352e-01,4.409993290901184082e-01,8.176869153976440430e-02,1.181000000000000000e+03,1.278898681640625000e+03
-5.500000119209289551e-01,5.784529447555541992e-01,-6.275116801261901855e-01,3.905771970748901367e-01,5.314041376113891602e-01,7.351613044738769531e-02,1.941000000000000000e+03,2.215882080078125000e+03
-1.192623898386955261e-01,6.083970069885253906e-01,8.195985108613967896e-02,2.764059603214263916e-01,1.066406011581420898e+00,7.407720386981964111e-02,2.850000000000000000e+03,3.216573974609375000e+03
4.223684668540954590e-01,-4.000000059604644775e-01,4.409455060958862305e-01,-3.920340538024902344e-01,9.464752674102783203e-01,5.778145790100097656e-02,3.036000000000000000e+03,3.037404541015625000e+03
-7.700559496879577637e-01,1.872455030679702759e-01,-9.051917791366577148e-01,1.500082612037658691e-01,5.311614274978637695e-01,6.675171852111816406e-02,1.480000000000000000e+03,1.581415039062500000e+03
6.961627006530761719e-01,3.851605653762817383e-01,5.165086984634399414e-01,2.876630127429962158e-01,7.610961794853210449e-01,6.527268141508102417e-02,2.303000000000000000e+03,2.466641357421875000e+03
5.481259822845458984e-01,-7.500000000000000000e-01,2.613427042961120605e-01,-6.452469229698181152e-01,6.332849860191345215e-01,1.118485108017921448e-01,2.334000000000000000e+03,2.850682373046875000e+03
3.896152675151824951e-01,-3.499999940395355225e-01,2.060158699750900269e-01,-2.005874961614608765e-01,9.957202672958374023e-01,6.138629466295242310e-02,2.739000000000000000e+03,2.891467041015625000e+03
1.734198480844497681e-01,6.961627006530761719e-01,2.002308815717697144e-01,7.849056124687194824e-01,6.204122900962829590e-01,1.289444714784622192e-01,8.670000000000000000e+02,8.862036132812500000e+02
-8.500000238418579102e-01,1.748126149177551270e-01,-1.135921597480773926e+00,3.076456189155578613e-01,7.891911864280700684e-01,9.573035687208175659e-02,2.375000000000000000e+03,2.740682373046875000e+03
-8.000000119209289551e-01,-1.000000014901161194e-01,-6.531541347503662109e-01,-1.701400130987167358e-01,7.945183515548706055e-01,7.239405810832977295e-02,1.832000000000000000e+03,1.907953979492187500e+03
4.223684668540954590e-01,-6.692624092102050781e-01,4.381037950515747070e-01,-7.512169480323791504e-01,5.396900177001953125e-01,5.996411666274070740e-02,1.585000000000000000e+03,1.622656250000000000e+03
0.000000000000000000e+00,-8.500000238418579102e-01,4.288418963551521301e-02,-8.597535490989685059e-01,6.639846563339233398e-01,5.834850296378135681e-02,2.429000000000000000e+03,2.439662109375000000e+03
-6.000000238418579102e-01,2.689045667648315430e-01,-4.533237814903259277e-01,2.852726876735687256e-01,5.331739783287048340e-01,8.328327536582946777e-02,1.621000000000000000e+03,1.743070190429687500e+03
-6.000000238418579102e-01,4.862083792686462402e-01,-5.424575209617614746e-01,2.736891210079193115e-01,6.276801824569702148e-01,6.826991587877273560e-02,1.843000000000000000e+03,2.063958984375000000e+03
-1.000000000000000000e+00,-2.707512080669403076e-01,-1.006672501564025879e+00,-3.321807384490966797e-01,6.662910580635070801e-01,7.778404653072357178e-02,2.364000000000000000e+03,2.384310791015625000e+03
-1.000000014901161194e-01,4.545493423938751221e-01,-1.367434561252593994e-01,6.149851679801940918e-01,9.542803168296813965e-01,5.250136181712150574e-02,4.279000000000000000e+03,4.405327148437500000e+03
-5.500000119209289551e-01,-5.000000000000000000e-01,-3.431376814842224121e-02,-5.786026716232299805e-01,1.030015826225280762e+00,5.906646326184272766e-02,3.323000000000000000e+03,4.131104980468750000e+03
-8.000000119209289551e-01,-5.000000000000000000e-01,-5.927186012268066406e-01,-5.259951353073120117e-01,7.106548547744750977e-01,5.726503580808639526e-02,2.543000000000000000e+03,2.758372070312500000e+03
-5.500000119209289551e-01,-1.000000014901161194e-01,-4.358351230621337891e-01,-3.382391929626464844e-01,1.138007640838623047e+00,5.671801418066024780e-02,3.880000000000000000e+03,4.086595214843750000e+03
6.961627006530761719e-01,4.217961132526397705e-01,7.380788922309875488e-01,8.057152852416038513e-03,9.347708821296691895e-01,7.132178544998168945e-02,3.117000000000000000e+03,3.709085693359375000e+03
-2.151089608669281006e-01,-5.500000119209289551e-01,-3.317852616310119629e-01,-5.663025379180908203e-01,6.790308356285095215e-01,6.436067074537277222e-02,2.070000000000000000e+03,2.131882812500000000e+03
-3.172467947006225586e-01,-6.999999880790710449e-01,-4.355649948120117188e-01,-7.278846502304077148e-01,8.477359414100646973e-01,6.988668441772460938e-02,3.102000000000000000e+03,3.165443603515625000e+03
6.961627006530761719e-01,-6.024989485740661621e-02,7.947184443473815918e-01,1.754853129386901855e-01,8.727037906646728516e-01,8.661460131406784058e-02,2.149000000000000000e+03,2.329451171875000000e+03
-6.000000238418579102e-01,5.784529447555541992e-01,-5.490800738334655762e-01,3.735842406749725342e-01,8.353761434555053711e-01,5.785601213574409485e-02,2.915000000000000000e+03,3.097930175781250000e+03
-6.188200116157531738e-01,2.514390051364898682e-01,-6.188960671424865723e-01,3.781216740608215332e-01,1.007179737091064453e+00,9.017562866210937500e-02,2.471000000000000000e+03,2.510051269531250000e+03
-6.999999880790710449e-01,-4.696730375289916992e-01,-9.506446123123168945e-01,-3.743191361427307129e-01,9.062030911445617676e-01,5.271517857909202576e-02,2.193000000000000000e+03,2.381123779296875000e+03
6.961627006530761719e-01,1.255576610565185547e-01,4.925076663494110107e-01,-4.065402969717979431e-02,8.492512702941894531e-01,6.402522325515747070e-02,2.697000000000000000e+03,2.949744628906250000e+03
-7.196730375289916992e-01,2.341922074556350708e-01,-7.140094637870788574e-01,1.617345511913299561e-01,4.106753766536712646e-01,7.972821593284606934e-02,1.413000000000000000e+03,1.456843872070312500e+03
-4.696730375289916992e-01,-4.000000059604644775e-01,-4.765935242176055908e-01,-4.054906964302062988e-01,4.436241090297698975e-01,5.883738771080970764e-02,1.442000000000000000e+03,1.442577270507812500e+03
6.961627006530761719e-01,-3.354372680187225342e-01,7.636634111404418945e-01,-6.493093371391296387e-01,6.181060671806335449e-01,2.062757164239883423e-01,8.480000000000000000e+02,1.064639160156250000e+03
-8.000000119209289551e-01,-3.499999940395355225e-01,-7.455758452415466309e-01,-4.744702577590942383e-01,8.161350488662719727e-01,5.931415781378746033e-02,2.422000000000000000e+03,2.488657470703125000e+03
-4.172467887401580811e-01,-5.500000119209289551e-01,-2.746933698654174805e-01,-6.986753344535827637e-01,6.829193830490112305e-01,6.706083565950393677e-02,2.293000000000000000e+03,2.497351562500000000e+03
4.223684668540954590e-01,-6.188200116157531738e-01,6.853350400924682617e-01,-6.482134461402893066e-01,8.555901050567626953e-01,6.153076514601707458e-02,2.925000000000000000e+03,3.199111328125000000e+03
3.225031122565269470e-02,-6.999999880790710449e-01,1.551976427435874939e-02,-8.936420083045959473e-01,5.008674263954162598e-01,6.607037037611007690e-02,1.622000000000000000e+03,1.857922851562500000e+03
2.872454822063446045e-01,-6.999999880790710449e-01,3.975348174571990967e-01,-5.613099336624145508e-01,8.246985673904418945e-01,7.236019521951675415e-02,2.663000000000000000e+03,2.784608398437500000e+03
4.857293367385864258e-01,6.379825472831726074e-01,4.068699777126312256e-01,5.082791447639465332e-01,9.250531792640686035e-01,5.317689850926399231e-02,2.403000000000000000e+03,2.467433837890625000e+03
3.338605910539627075e-02,-6.000000238418579102e-01,-3.010646700859069824e-01,-3.566084802150726318e-01,1.016236186027526855e+00,7.761522382497787476e-02,3.447000000000000000e+03,3.998156982421875000e+03
-5.000000000000000000e-01,4.223684668540954590e-01,-3.513729274272918701e-01,3.076645135879516602e-01,9.681742191314697266e-01,5.558618903160095215e-02,3.182000000000000000e+03,3.300638183593750000e+03
2.602357864379882812e-01,-8.707512021064758301e-01,4.175811409950256348e-01,-9.334984421730041504e-01,5.143892765045166016e-01,1.942471265792846680e-01,1.836000000000000000e+03,2.030557373046875000e+03
1.366542428731918335e-01,-2.500000000000000000e-01,1.993536204099655151e-01,-2.678700983524322510e-01,2.946296036243438721e-01,1.045728698372840881e-01,9.710000000000000000e+02,1.017958435058593750e+03
3.562291860580444336e-01,2.872454822063446045e-01,8.962864279747009277e-01,1.874435544013977051e-01,1.224832653999328613e+00,5.601916834712028503e-02,3.371000000000000000e+03,4.020959960937500000e+03
-9.499999880790710449e-01,-3.704144358634948730e-01,-1.120699882507324219e+00,-2.926323413848876953e-01,6.200421452522277832e-01,7.807342708110809326e-02,1.799000000000000000e+03,1.960003417968750000e+03
6.961627006530761719e-01,-2.172468006610870361e-01,5.025115609169006348e-01,-1.560808271169662476e-01,8.183364868164062500e-01,6.219387054443359375e-02,2.656000000000000000e+03,2.817255371093750000e+03
8.910685777664184570e-01,-4.341733455657958984e-01,9.339080452919006348e-01,-3.301251828670501709e-01,4.405818879604339600e-01,1.055245250463485718e-01,1.364000000000000000e+03,1.451623657226562500e+03
-3.659073412418365479e-01,3.562291860580444336e-01,6.426355242729187012e-02,4.668909013271331787e-01,1.093676805496215820e+00,6.475751101970672607e-02,4.370000000000000000e+03,5.066111816406250000e+03
1.989915594458580017e-02,6.961627006530761719e-01,-1.743585467338562012e-01,5.011507868766784668e-01,7.452861666679382324e-01,1.915596276521682739e-01,1.340000000000000000e+03,1.517089111328125000e+03
6.961627006530761719e-01,6.280741095542907715e-02,8.690584897994995117e-01,-2.479203417897224426e-02,8.766779899597167969e-01,1.246185228228569031e-01,1.562000000000000000e+03,1.637539672851562500e+03
3.020805716514587402e-01,6.961627006530761719e-01,2.312431186437606812e-01,6.837126016616821289e-01,5.354235768318176270e-01,7.372311502695083618e-02,1.397000000000000000e+03,1.422112548828125000e+03
-3.000000119209289551e-01,-4.000000059604644775e-01,-2.457763105630874634e-01,-1.553371846675872803e-01,8.668619990348815918e-01,8.208050578832626343e-02,2.921000000000000000e+03,3.160023925781250000e+03
-1.500000059604644775e-01,6.961627006530761719e-01,-2.180919200181961060e-01,6.564415693283081055e-01,9.077325463294982910e-01,6.012369319796562195e-02,3.351000000000000000e+03,3.376109863281250000e+03
6.672313809394836426e-01,3.562291860580444336e-01,5.494873523712158203e-01,2.523351013660430908e-01,8.092138767242431641e-01,6.341381371021270752e-02,2.831000000000000000e+03,2.936551513671875000e+03
6.672313809394836426e-01,-5.000000074505805969e-02,3.938929736614227295e-01,-2.619536817073822021e-01,1.028277397155761719e+00,6.042095273733139038e-02,3.409000000000000000e+03,3.785055908203125000e+03
-6.499999761581420898e-01,-5.000000074505805969e-02,-5.446908473968505859e-01,-1.028628833591938019e-02,1.001186728477478027e+00,6.278275698423385620e-02,3.336000000000000000e+03,3.378013427734375000e+03
6.961627006530761719e-01,-7.207512259483337402e-01,8.009660840034484863e-01,-8.484271168708801270e-01,4.496713578701019287e-01,8.834278583526611328e-02,1.453000000000000000e+03,1.643543945312500000e+03
2.721365392208099365e-01,-8.500000238418579102e-01,1.657720655202865601e-01,-8.495141267776489258e-01,5.969030261039733887e-01,5.788644030690193176e-02,2.375000000000000000e+03,2.450061767578125000e+03
5.000000074505805969e-02,-6.000000238418579102e-01,3.912256062030792236e-01,-2.314610630273818970e-01,1.136441230773925781e+00,5.717806890606880188e-02,3.724000000000000000e+03,4.420908691406250000e+03
5.784529447555541992e-01,-1.000000014901161194e-01,4.256235957145690918e-01,-1.725687459111213684e-02,7.670216560363769531e-01,6.428949534893035889e-02,1.894000000000000000e+03,1.989908447265625000e+03
-8.000000119209289551e-01,-1.500000059604644775e-01,-6.021801233291625977e-01,-4.574812483042478561e-03,8.793960809707641602e-01,5.197677388787269592e-02,2.952000000000000000e+03,3.178263671875000000e+03
6.672313809394836426e-01,-2.178191244602203369e-01,7.179456353187561035e-01,-4.787341505289077759e-02,7.533383965492248535e-01,5.600420758128166199e-02,2.601000000000000000e+03,2.742966796875000000e+03
-8.000000119209289551e-01,1.520355790853500366e-01,-8.870568275451660156e-01,2.123878747224807739e-01,5.796283483505249023e-01,6.687028706073760986e-02,1.624000000000000000e+03,1.677870361328125000e+03
-7.005596160888671875e-02,6.672313809394836426e-01,-1.631258279085159302e-01,3.060548603534698486e-01,7.264939546585083008e-01,8.449714630842208862e-02,1.928000000000000000e+03,2.409448974609375000e+03
-5.000000000000000000e-01,-2.000000029802322388e-01,-5.361629128456115723e-01,3.880956396460533142e-02,1.029356479644775391e+00,6.651032716035842896e-02,3.733000000000000000e+03,3.935749511718750000e+03
-2.641935050487518311e-01,-7.196730375289916992e-01,-1.598836183547973633e-01,-8.756724596023559570e-01,6.929085850715637207e-01,8.855509757995605469e-02,2.879000000000000000e+03,3.086349853515625000e+03
4.862083792686462402e-01,-3.000000119209289551e-01,4.363463521003723145e-01,-2.590295970439910889e-01,5.846298933029174805e-01,8.011755347251892090e-02,2.059000000000000000e+03,2.083984863281250000e+03
-6.999999880790710449e-01,-1.000000014901161194e-01,-3.215021491050720215e-01,-9.475537389516830444e-02,9.437587857246398926e-01,7.169873267412185669e-02,3.386000000000000000e+03,3.911304687500000000e+03
3.221365213394165039e-01,-2.000000029802322388e-01,1.132699772715568542e-01,1.732639223337173462e-01,1.032468557357788086e+00,3.188057839870452881e-01,6.819000000000000000e+03,7.946869140625000000e+03
-2.235208898782730103e-01,-6.999999880790710449e-01,-3.712018132209777832e-01,-1.024423003196716309e+00,7.434529066085815430e-01,8.988538384437561035e-02,2.569000000000000000e+03,3.131355468750000000e+03
2.081986665725708008e-01,-5.178191065788269043e-01,-8.578126877546310425e-02,-1.864493042230606079e-01,1.169598579406738281e+00,5.962735414505004883e-02,3.829000000000000000e+03,4.360979492187500000e+03
-4.499999880790710449e-01,-6.499999761581420898e-01,-1.247410774230957031e-01,-5.289424061775207520e-01,8.474521040916442871e-01,7.135263085365295410e-02,3.281000000000000000e+03,3.811574462890625000e+03
-6.499999761581420898e-01,1.264791041612625122e-01,-7.284693717956542969e-01,2.635192871093750000e-01,9.434540271759033203e-01,5.266556888818740845e-02,2.746000000000000000e+03,2.822557128906250000e+03
6.961627006530761719e-01,5.481259822845458984e-01,7.428083419799804688e-01,6.110312938690185547e-01,7.170868515968322754e-01,7.547961175441741943e-02,2.219000000000000000e+03,2.245424316406250000e+03
4.223684668540954590e-01,2.820610627532005310e-02,6.063309311866760254e-01,4.423575699329376221e-01,9.699749946594238281e-01,7.517842203378677368e-02,3.628000000000000000e+03,4.384514160156250000e+03
-2.500000000000000000e-01,5.000000074505805969e-02,-1.766057014465332031e-01,-8.898855186998844147e-03,4.104344844818115234e-01,8.504252135753631592e-02,1.042000000000000000e+03,1.096112915039062500e+03
-6.499999761581420898e-01,-2.500000000000000000e-01,-8.234903216361999512e-01,-2.716113924980163574e-01,5.844637751579284668e-01,8.489096909761428833e-02,2.126000000000000000e+03,2.312292236328125000e+03
6.961627006530761719e-01,-3.000000119209289551e-01,7.252954840660095215e-01,-3.250736892223358154e-01,6.004475355148315430e-01,8.788732439279556274e-02,1.816000000000000000e+03,1.823492065429687500e+03
3.221365213394165039e-01,6.961627006530761719e-01,7.489354908466339111e-02,7.034017443656921387e-01,7.023473381996154785e-01,1.498368531465530396e-01,1.015000000000000000e+03,1.137649169921875000e+03
3.221365213394165039e-01,3.562291860580444336e-01,3.786679208278656006e-01,4.046912491321563721e-01,6.266571879386901855e-01,6.967013329267501831e-02,2.029000000000000000e+03,2.057460693359375000e+03
5.143900960683822632e-02,6.961627006530761719e-01,-3.151740133762359619e-01,7.589301466941833496e-01,8.150857686996459961e-01,1.453672200441360474e-01,1.859000000000000000e+03,2.229667968750000000e+03
-5.500000119209289551e-01,-2.000000029802322388e-01,-3.953334689140319824e-01,1.324699074029922485e-01,1.109293103218078613e+00,5.748321861028671265e-02,5.050000000000000000e+03,5.587301757812500000e+03
-3.666139543056488037e-01,-3.659073412418365479e-01,-2.603732049465179443e-01,-3.195032775402069092e-01,1.065975904464721680e+00,6.757552176713943481e-02,4.165000000000000000e+03,4.214129882812500000e+03
2.514390051364898682e-01,-3.659073412418365479e-01,2.047093361616134644e-01,-1.969639211893081665e-01,6.993576288223266602e-01,9.158074110746383667e-02,1.372000000000000000e+03,1.456891967773437500e+03
6.083970069885253906e-01,-5.500000119209289551e-01,6.032984852790832520e-01,-4.259673655033111572e-01,9.051520824432373047e-01,6.242730095982551575e-02,3.089000000000000000e+03,3.146721435546875000e+03
6.083970069885253906e-01,-2.000000029802322388e-01,2.886961996555328369e-01,-3.391510248184204102e-01,1.084819078445434570e+00,6.151393055915832520e-02,3.290000000000000000e+03,3.622057861328125000e+03
5.784529447555541992e-01,-2.641935050487518311e-01,5.343969464302062988e-01,-2.923808395862579346e-01,9.270827174186706543e-01,5.610735341906547546e-02,3.663000000000000000e+03,3.674550781250000000e+03
4.545493423938751221e-01,-4.000000059604644775e-01,7.112324833869934082e-01,-4.673079848289489746e-01,1.067995429039001465e+00,4.989295825362205505e-02,4.252000000000000000e+03,4.510154296875000000e+03
3.221365213394165039e-01,4.862083792686462402e-01,6.225990056991577148e-01,4.214442148804664612e-02,1.161446332931518555e+00,5.894263461232185364e-02,3.932000000000000000e+03,4.733750000000000000e+03
6.961627006530761719e-01,-4.000000059604644775e-01,1.075272440910339355e+00,-3.812504708766937256e-01,7.446472644805908203e-01,1.459365934133529663e-01,1.872000000000000000e+03,2.334181884765625000e+03
4.862083792686462402e-01,-8.707512021064758301e-01,4.515171051025390625e-01,-7.043612003326416016e-01,5.789814591407775879e-01,6.200409308075904846e-02,1.800000000000000000e+03,1.951794799804687500e+03
-4.183409512042999268e-01,-6.499999761581420898e-01,-2.607475817203521729e-01,-5.899513363838195801e-01,6.153703927993774414e-01,1.148481294512748718e-01,1.956000000000000000e+03,2.100061035156250000e+03
-6.692624092102050781e-01,-1.184162404388189316e-02,-8.798410296440124512e-01,-9.244326502084732056e-02,1.004184961318969727e+00,4.737413674592971802e-02,3.052000000000000000e+03,3.204208251953125000e+03
2.514390051364898682e-01,5.173884034156799316e-01,4.401308950036764145e-03,5.561125874519348145e-01,1.066025257110595703e+00,5.406895652413368225e-02,4.012000000000000000e+03,4.229902832031250000e+03
-8.500000238418579102e-01,2.275484055280685425e-01,-9.153711795806884766e-01,-2.023681402206420898e-01,7.731330394744873047e-01,7.332337647676467896e-02,2.409000000000000000e+03,3.127337646484375000e+03
2.457427233457565308e-01,6.961627006530761719e-01,1.289083361625671387e-01,4.623717069625854492e-01,7.512125968933105469e-01,7.673547416925430298e-02,2.622000000000000000e+03,2.931441650390625000e+03
4.545493423938751221e-01,4.223684668540954590e-01,3.565747141838073730e-01,4.148849546909332275e-01,9.757746458053588867e-01,4.221260920166969299e-02,2.932000000000000000e+03,2.961541503906250000e+03
-5.500000119209289551e-01,4.545493423938751221e-01,-3.152295649051666260e-01,7.734640836715698242e-01,8.506798148155212402e-01,6.432243436574935913e-02,3.103000000000000000e+03,3.745228759765625000e+03
-1.500000059604644775e-01,-6.499999761581420898e-01,-3.848287165164947510e-01,-6.413043141365051270e-01,1.010690808296203613e+00,6.184471026062965393e-02,3.827000000000000000e+03,4.030772949218750000e+03
6.083970069885253906e-01,3.338605910539627075e-02,8.054248690605163574e-01,1.629549562931060791e-01,1.069401621818542480e+00,6.340183317661285400e-02,3.342000000000000000e+03,3.502790039062500000e+03
-4.267266094684600830e-01,-5.354372859001159668e-01,-4.534224271774291992e-01,-4.710037112236022949e-01,3.810403645038604736e-01,1.715372651815414429e-01,9.390000000000000000e+02,9.701479492187500000e+02
-1.683409363031387329e-01,-5.500000119209289551e-01,-2.800507545471191406e-01,-8.374342918395996094e-01,7.853509187698364258e-01,7.020081579685211182e-02,2.541000000000000000e+03,2.919122802734375000e+03
-5.000000074505805969e-02,6.961627006530761719e-01,-1.442764252424240112e-01,8.579835295677185059e-01,6.693791747093200684e-01,8.729153126478195190e-02,2.030000000000000000e+03,2.186281005859375000e+03
6.961627006530761719e-01,3.695592880249023438e-01,7.026762366294860840e-01,2.818012833595275879e-01,8.360003232955932617e-01,6.488926708698272705e-02,2.442000000000000000e+03,2.468924560546875000e+03
1.366542428731918335e-01,5.481259822845458984e-01,1.407332420349121094e-01,4.986591935157775879e-01,1.066053032875061035e+00,4.982206597924232483e-02,3.237000000000000000e+03,3.244025878906250000e+03
-1.000000014901161194e-01,-7.700559496879577637e-01,1.797171123325824738e-02,-7.195182442665100098e-01,6.989830136299133301e-01,8.444359898567199707e-02,2.214000000000000000e+03,2.287881835937500000e+03
-5.000000074505805969e-02,5.784529447555541992e-01,-1.683463156223297119e-01,9.161943793296813965e-01,1.102408766746520996e+00,5.528474971652030945e-02,3.123000000000000000e+03,3.444687988281250000e+03
9.482004493474960327e-02,-5.178191065788269043e-01,-1.281660795211791992e-01,-3.765300214290618896e-01,8.389035463333129883e-01,8.932775259017944336e-02,2.292000000000000000e+03,2.514028564453125000e+03
6.961627006530761719e-01,-3.127545118331909180e-01,7.265728116035461426e-01,-3.779531717300415039e-01,4.277713298797607422e-01,1.483724713325500488e-01,6.010000000000000000e+02,6.178637084960937500e+02
-3.688199818134307861e-01,-6.999999880790710449e-01,-6.221585869789123535e-01,-5.745027065277099609e-01,9.005948901176452637e-01,7.139101624488830566e-02,3.290000000000000000e+03,3.607393310546875000e+03
3.199987113475799561e-01,6.083970069885253906e-01,2.490250319242477417e-01,7.144930362701416016e-01,7.943728566169738770e-01,6.057934463024139404e-02,2.228000000000000000e+03,2.285038085937500000e+03
-5.000000074505805969e-02,5.481259822845458984e-01,2.356390841305255890e-02,2.318188101053237915e-01,9.448553919792175293e-01,8.474498242139816284e-02,2.315000000000000000e+03,2.580750488281250000e+03
5.481259822845458984e-01,-2.192623913288116455e-01,3.244048058986663818e-01,-1.148265004158020020e-01,1.066111803054809570e+00,5.815690010786056519e-02,4.561000000000000000e+03,4.802648925781250000e+03
2.071419507265090942e-01,6.379825472831726074e-01,-1.747313290834426880e-01,5.227924585342407227e-01,1.038816571235656738e+00,7.142148911952972412e-02,3.702000000000000000e+03,4.230293945312500000e+03
-5.500000119209289551e-01,-1.314403116703033447e-01,-4.854305982589721680e-01,-1.331631839275360107e-01,5.928024649620056152e-01,5.692884325981140137e-02,1.575000000000000000e+03,1.593578491210937500e+03
3.896152675151824951e-01,-1.618416309356689453e-01,2.191854082047939301e-02,-1.548180282115936279e-01,8.808332681655883789e-01,6.144392862915992737e-02,3.571000000000000000e+03,4.170583496093750000e+03
2.349324896931648254e-02,6.672313809394836426e-01,-7.720224559307098389e-02,6.080589294433593750e-01,1.038687586784362793e+00,5.716010183095932007e-02,2.925000000000000000e+03,2.961837158203125000e+03
4.545493423938751221e-01,-3.499999940395355225e-01,4.460764825344085693e-01,-2.560367584228515625e-01,5.201590061187744141e-01,9.509077668190002441e-02,2.156000000000000000e+03,2.226239990234375000e+03
5.481259822845458984e-01,2.872454822063446045e-01,5.095393061637878418e-01,1.346874684095382690e-01,8.925693035125732422e-01,5.952038988471031189e-02,3.299000000000000000e+03,3.400735351562500000e+03
-5.500000119209289551e-01,-6.000000238418579102e-01,-2.721385061740875244e-01,-2.652428150177001953e-01,9.802914857864379883e-01,6.264699995517730713e-02,3.503000000000000000e+03,4.165930175781250000e+03
-8.000000119209289551e-01,-2.192623913288116455e-01,-8.301377296447753906e-01,-5.379542112350463867e-01,6.645659804344177246e-01,9.992849081754684448e-02,2.045000000000000000e+03,2.497705810546875000e+03
-4.000000059604644775e-01,-1.141935139894485474e-01,-5.411087274551391602e-01,1.359998062252998352e-02,8.518945574760437012e-01,6.867345422506332397e-02,2.452000000000000000e+03,2.573042724609375000e+03
4.223684668540954590e-01,-2.641935050487518311e-01,2.800845801830291748e-01,2.394320070743560791e-01,1.032290458679199219e+00,6.855104863643646240e-02,3.753000000000000000e+03,4.669130371093750000e+03
-3.499999940395355225e-01,-7.500000000000000000e-01,-3.741794824600219727e-01,-9.753599762916564941e-01,7.903041839599609375e-01,6.588385999202728271e-02,2.400000000000000000e+03,2.593857666015625000e+03
-6.999999880790710449e-01,-9.322456270456314087e-02,-7.113348841667175293e-01,7.362793385982513428e-02,5.284515023231506348e-01,1.188171654939651489e-01,1.649000000000000000e+03,1.810726562500000000e+03
-5.000000000000000000e-01,-4.683409333229064941e-01,-6.405286192893981934e-01,-7.566784620285034180e-01,1.047809362411499023e+00,5.799153447151184082e-02,2.845000000000000000e+03,3.106110351562500000e+03
2.872454822063446045e-01,6.672313809394836426e-01,2.614584565162658691e-01,6.686666011810302734e-01,5.252979993820190430e-01,6.486120820045471191e-02,1.746000000000000000e+03,1.750209838867187500e+03
4.223684668540954590e-01,3.562291860580444336e-01,3.605217337608337402e-01,4.945739805698394775e-01,8.879188299179077148e-01,9.581618756055831909e-02,2.973000000000000000e+03,3.059124755859375000e+03
2.872454822063446045e-01,-6.000000238418579102e-01,-7.306084781885147095e-02,-9.011759757995605469e-01,9.359080791473388672e-01,7.204394787549972534e-02,3.241000000000000000e+03,4.017353515625000000e+03
-7.700559496879577637e-01,-5.000000000000000000e-01,-5.400792956352233887e-01,-4.421256482601165771e-01,7.842314839363098145e-01,6.682518869638442993e-02,2.564000000000000000e+03,2.793467773437500000e+03
5.481259822845458984e-01,-6.499999761581420898e-01,6.187364459037780762e-01,-8.242413997650146484e-01,7.780238986015319824e-01,7.156989723443984985e-02,2.464000000000000000e+03,2.605913330078125000e+03
-8.204144239425659180e-01,-1.823861002922058105e-01,-7.826722860336303711e-01,-1.772745251655578613e-01,8.096568584442138672e-01,7.254290580749511719e-02,2.942000000000000000e+03,2.948523925781250000e+03
-6.196730732917785645e-01,5.481259822845458984e-01,-7.041434645652770996e-01,2.335627228021621704e-01,8.701967000961303711e-01,6.964936107397079468e-02,2.966000000000000000e+03,3.368694580078125000e+03
4.545493423938751221e-01,4.545493423938751221e-01,4.916603267192840576e-01,5.944355726242065430e-01,5.949786305427551270e-01,8.523734658956527710e-02,1.751000000000000000e+03,1.853319213867187500e+03
5.173884034156799316e-01,0.000000000000000000e+00,5.993503332138061523e-01,1.026354804635047913e-01,6.026019454002380371e-01,6.412991136312484741e-02,2.146000000000000000e+03,2.246602539062500000e+03
-6.000000238418579102e-01,-5.000000000000000000e-01,-3.840209245681762695e-01,-4.313761889934539795e-01,7.954807281494140625e-01,7.300671935081481934e-02,2.447000000000000000e+03,2.642094726562500000e+03
4.531060755252838135e-01,1.764043420553207397e-01,6.013467311859130859e-01,1.653961092233657837e-01,1.161229491233825684e+00,6.975412368774414062e-02,3.764000000000000000e+03,3.825476318359375000e+03
1.151592954993247986e-01,6.961627006530761719e-01,6.722036004066467285e-02,4.417398273944854736e-01,8.805871009826660156e-01,1.104523837566375732e-01,2.661000000000000000e+03,2.886365722656250000e+03
5.000000074505805969e-02,-6.000000238418579102e-01,1.780550330877304077e-01,-6.168568134307861328e-01,1.045966744422912598e+00,6.316509842872619629e-02,3.632000000000000000e+03,3.687046875000000000e+03
-7.500000000000000000e-01,-3.678191304206848145e-01,-8.954577445983886719e-01,-3.988478481769561768e-01,4.638448357582092285e-01,7.672543823719024658e-02,1.815000000000000000e+03,1.997440063476562500e+03
-1.000000014901161194e-01,-7.700559496879577637e-01,-4.499499797821044922e-01,-8.634163737297058105e-01,9.396684765815734863e-01,5.939758569002151489e-02,2.609000000000000000e+03,2.984169677734375000e+03
2.872454822063446045e-01,-3.000000119209289551e-01,2.425663322210311890e-01,-3.677277565002441406e-01,3.903116583824157715e-01,1.050438955426216125e-01,1.401000000000000000e+03,1.461010620117187500e+03
1.764043420553207397e-01,1.764043420553207397e-01,-1.906896531581878662e-01,4.406279623508453369e-01,1.142500519752502441e+00,7.262124866247177124e-02,3.868000000000000000e+03,4.454611816406250000e+03
3.896152675151824951e-01,-6.499999761581420898e-01,4.114151000976562500e-01,-5.275404453277587891e-01,8.928934335708618164e-01,5.968960002064704895e-02,2.802000000000000000e+03,2.855980957031250000e+03
3.221365213394165039e-01,-4.000000059604644775e-01,3.142771422863006592e-01,-3.749142587184906006e-01,8.801176548004150391e-01,6.993088871240615845e-02,3.561000000000000000e+03,3.564209960937500000e+03
-5.000000000000000000e-01,2.872454822063446045e-01,-5.561153888702392578e-01,3.659879565238952637e-01,3.641729056835174561e-01,7.640659064054489136e-02,1.103000000000000000e+03,1.179620971679687500e+03
-6.926239281892776489e-02,6.961627006530761719e-01,5.700396373867988586e-02,4.848038852214813232e-01,6.914602518081665039e-01,1.564426422119140625e-01,1.986000000000000000e+03,2.230729248046875000e+03
-5.704144239425659180e-01,-6.499999761581420898e-01,-3.775120973587036133e-01,-2.717562317848205566e-01,8.585641384124755859e-01,6.361073255538940430e-02,3.131000000000000000e+03,3.858751953125000000e+03
-1.000000000000000000e+00,2.062291949987411499e-01,-8.749358057975769043e-01,2.092637419700622559e-01,5.522403717041015625e-01,7.425499707460403442e-02,1.750000000000000000e+03,1.838616455078125000e+03
6.961627006530761719e-01,-2.688199877738952637e-01,6.124078631401062012e-01,-1.106639578938484192e-01,7.788491249084472656e-01,8.499234914779663086e-02,2.254000000000000000e+03,2.371642822265625000e+03
-6.999999880790710449e-01,3.221365213394165039e-01,-6.610856056213378906e-01,4.720546007156372070e-01,9.602409601211547852e-01,1.646161675453186035e-01,3.062000000000000000e+03,3.140913818359375000e+03
5.000000074505805969e-02,3.562291860580444336e-01,2.041210681200027466e-01,-4.013789445161819458e-02,1.034979224205017090e+00,7.069811224937438965e-02,3.973000000000000000e+03,4.620331542968750000e+03
5.173884034156799316e-01,-1.678191274404525757e-01,7.007136940956115723e-01,-9.400830604135990143e-03,1.086127996444702148e+00,5.117189884185791016e-02,3.858000000000000000e+03,4.047476562500000000e+03
5.784529447555541992e-01,5.481259822845458984e-01,6.495075225830078125e-01,7.191876769065856934e-01,8.012276887893676758e-01,9.671252965927124023e-02,2.006000000000000000e+03,2.111751953125000000e+03
6.672313809394836426e-01,3.815837576985359192e-02,2.788731455802917480e-01,1.947712451219558716e-01,9.157853126525878906e-01,8.118224143981933594e-02,2.809000000000000000e+03,3.371182373046875000e+03
-6.692624092102050781e-01,-3.000000119209289551e-01,-6.362068653106689453e-01,-6.940342187881469727e-01,9.643949866294860840e-01,5.783512815833091736e-02,3.155000000000000000e+03,3.667122558593750000e+03
1.764043420553207397e-01,-4.499999880790710449e-01,1.922821439802646637e-02,-7.373524308204650879e-01,1.112729549407958984e+00,5.902949720621109009e-02,4.875000000000000000e+03,5.289642578125000000e+03
6.083970069885253906e-01,-6.999999880790710449e-01,5.534471869468688965e-01,-6.648173332214355469e-01,7.405048608779907227e-01,6.558356434106826782e-02,2.295000000000000000e+03,2.312810546875000000e+03
-6.999999880790710449e-01,9.482004493474960327e-02,-7.351251244544982910e-01,-1.141401156783103943e-01,9.606579542160034180e-01,5.724450573325157166e-02,3.382000000000000000e+03,3.544714599609375000e+03
8.815837651491165161e-02,3.221365213394165039e-01,6.957405805587768555e-02,5.120970606803894043e-01,8.897283077239990234e-01,2.173360586166381836e-01,1.475000000000000000e+03,1.542002929687500000e+03
2.145627290010452271e-01,-6.999999880790710449e-01,2.147818654775619507e-01,-3.025752305984497070e-01,9.410291314125061035e-01,6.454287469387054443e-02,3.381000000000000000e+03,3.961595947265625000e+03
2.649613916873931885e-01,6.961627006530761719e-01,2.576475441455841064e-01,4.545075893402099609e-01,6.274025440216064453e-01,9.139899164438247681e-02,2.002000000000000000e+03,2.289884033203125000e+03
-6.499999761581420898e-01,-5.000000074505805969e-02,-7.470797300338745117e-01,-3.164649903774261475e-01,9.513508081436157227e-01,6.044489145278930664e-02,3.656000000000000000e+03,3.973653564453125000e+03
6.083970069885253906e-01,3.409266844391822815e-02,7.971127629280090332e-01,-2.981029078364372253e-02,9.944146275520324707e-01,7.420378178358078003e-02,3.173000000000000000e+03,3.298869873046875000e+03
5.173884034156799316e-01,1.366542428731918335e-01,6.115509867668151855e-01,1.558763906359672546e-02,1.069513320922851562e+00,5.964389443397521973e-02,3.733000000000000000e+03,3.809349121093750000e+03
1.861113309860229492e-01,5.784529447555541992e-01,1.773088723421096802e-01,5.905189514160156250e-01,4.527387917041778564e-01,9.568655490875244141e-02,1.762000000000000000e+03,1.763922485351562500e+03
-3.000000119209289551e-01,-3.499999940395355225e-01,-2.013955861330032349e-01,-2.890012860298156738e-01,8.780362606048583984e-01,5.626464635133743286e-02,2.987000000000000000e+03,3.039029541015625000e+03
5.481259822845458984e-01,-2.183409482240676880e-01,3.034110665321350098e-01,-1.867818832397460938e-02,1.048094511032104492e+00,6.823772937059402466e-02,3.377000000000000000e+03,3.676690185546875000e+03
-2.854372859001159668e-01,-5.696730613708496094e-01,-3.037339448928833008e-01,-5.589312314987182617e-01,3.672414422035217285e-01,1.446627825498580933e-01,9.150000000000000000e+02,9.180428466796875000e+02
2.666569948196411133e-01,6.961627006530761719e-01,2.329681962728500366e-01,4.715881645679473877e-01,5.616200566291809082e-01,8.254791796207427979e-02,1.785000000000000000e+03,2.066139892578125000e+03
-8.000000119209289551e-01,-3.000000119209289551e-01,-6.181295514106750488e-01,-4.261531531810760498e-01,6.364048719406127930e-01,7.045765966176986694e-02,2.431000000000000000e+03,2.716770507812500000e+03
3.896152675151824951e-01,-6.000000238418579102e-01,3.853280544281005859e-01,-4.622559845447540283e-01,8.517960309982299805e-01,5.783883109688758850e-02,3.509000000000000000e+03,3.600037597656250000e+03
-5.178191065788269043e-01,-2.666139304637908936e-01,-2.012243717908859253e-01,-3.982358276844024658e-01,7.098726630210876465e-01,8.993683755397796631e-02,2.183000000000000000e+03,2.668068359375000000e+03
-1.366699039936065674e-01,6.961627006530761719e-01,6.104681268334388733e-02,4.404887259006500244e-01,9.379975795745849609e-01,7.316988706588745117e-02,3.144000000000000000e+03,3.507787353515625000e+03
-3.000000119209289551e-01,5.000000074505805969e-02,-6.310497224330902100e-02,-2.376436293125152588e-01,8.024597167968750000e-01,9.075552970170974731e-02,2.974000000000000000e+03,3.587236328125000000e+03
-4.365091919898986816e-01,-6.499999761581420898e-01,-2.301304191350936890e-01,-8.244146704673767090e-01,9.232892394065856934e-01,5.984609574079513550e-02,3.072000000000000000e+03,3.329955322265625000e+03
6.083970069885253906e-01,-5.000000074505805969e-02,5.376905798912048340e-01,3.202106356620788574e-01,9.627902507781982422e-01,6.189741939306259155e-02,3.492000000000000000e+03,4.009669921875000000e+03
-3.094284050166606903e-02,6.379825472831726074e-01,4.493607673794031143e-03,3.176384866237640381e-01,7.553193569183349609e-01,8.458571881055831909e-02,2.303000000000000000e+03,2.705951660156250000e+03
3.221365213394165039e-01,-4.000000059604644775e-01,2.506659030914306641e-01,-3.496362566947937012e-01,7.593196630477905273e-01,5.471760407090187073e-02,2.137000000000000000e+03,2.165167724609375000e+03
1.659030318260192871e-01,-6.000000238418579102e-01,2.165654897689819336e-01,-8.173868060111999512e-01,6.723837256431579590e-01,7.024066150188446045e-02,2.663000000000000000e+03,2.949777587890625000e+03
-8.204144239425659180e-01,1.658639311790466309e-01,-8.588541150093078613e-01,3.308412730693817139e-01,7.896232604980468750e-01,9.927982091903686523e-02,2.099000000000000000e+03,2.194348632812500000e+03
-1.500000059604644775e-01,6.379825472831726074e-01,-1.864151805639266968e-01,4.114273488521575928e-01,7.939996719360351562e-01,6.125705689191818237e-02,3.115000000000000000e+03,3.369898925781250000e+03
-1.000000014901161194e-01,2.872454822063446045e-01,8.714798837900161743e-02,5.144074186682701111e-02,7.594635486602783203e-01,1.107095777988433838e-01,2.730000000000000000e+03,3.144025634765625000e+03
2.458739653229713440e-02,4.862083792686462402e-01,-1.447367966175079346e-01,5.036171078681945801e-01,1.001798510551452637e+00,7.187812775373458862e-02,2.905000000000000000e+03,2.988092041015625000e+03
-2.000000029802322388e-01,3.221365213394165039e-01,-2.474183440208435059e-01,4.724764525890350342e-01,8.226044774055480957e-01,6.993800401687622070e-02,3.245000000000000000e+03,3.363244140625000000e+03
-8.344991505146026611e-02,-6.000000238418579102e-01,-3.705389052629470825e-02,-3.588062822818756104e-01,8.568076491355895996e-01,8.720497041940689087e-02,3.076000000000000000e+03,3.324460937500000000e+03
5.173884034156799316e-01,3.221365213394165039e-01,5.385178923606872559e-01,2.686620354652404785e-01,7.134684324264526367e-01,7.742839306592941284e-02,2.028000000000000000e+03,2.041126586914062500e+03
-6.999999880790710449e-01,-5.000000000000000000e-01,-7.593936920166015625e-01,-4.508417844772338867e-01,4.512605667114257812e-01,9.598433226346969604e-02,1.295000000000000000e+03,1.332514770507812500e+03
3.896152675151824951e-01,-3.183409571647644043e-01,5.322415232658386230e-01,-2.661682069301605225e-01,1.041758894920349121e+00,5.886263400316238403e-02,4.425000000000000000e+03,4.518874511718750000e+03
-7.700559496879577637e-01,1.055502295494079590e-01,-6.159855127334594727e-01,8.432712405920028687e-02,5.742855072021484375e-01,8.318397402763366699e-02,1.823000000000000000e+03,1.954295043945312500e+03
-7.700559496879577637e-01,3.896152675151824951e-01,-6.498863697052001953e-01,3.681360483169555664e-01,8.704017996788024902e-01,9.010447561740875244e-02,2.557000000000000000e+03,2.607010742187500000e+03
3.975010663270950317e-02,-5.500000119209289551e-01,4.343412220478057861e-01,-3.830311596393585205e-01,9.065154194831848145e-01,8.045890182256698608e-02,2.920000000000000000e+03,3.542678710937500000e+03
3.533165454864501953e-01,6.961627006530761719e-01,2.883221805095672607e-01,6.880836486816406250e-01,8.563782572746276855e-01,6.501385569572448730e-02,3.309000000000000000e+03,3.328308349609375000e+03
-7.700559496879577637e-01,0.000000000000000000e+00,-9.031954407691955566e-01,6.627030670642852783e-03,5.133234858512878418e-01,6.713516265153884888e-02,1.607000000000000000e+03,1.713638549804687500e+03
6.783425062894821167e-02,-7.196730375289916992e-01,-1.308669298887252808e-01,-6.871412992477416992e-01,8.604310154914855957e-01,6.225068122148513794e-02,3.537000000000000000e+03,3.728156738281250000e+03
-6.999999880790710449e-01,1.688351184129714966e-01,-6.525745987892150879e-01,7.728916406631469727e-02,9.010496735572814941e-01,5.941063910722732544e-02,2.598000000000000000e+03,2.631936035156250000e+03
-7.700559496879577637e-01,-5.000000000000000000e-01,-7.148855924606323242e-01,-5.375151038169860840e-01,6.885928511619567871e-01,8.161887526512145996e-02,2.145000000000000000e+03,2.165093505859375000e+03
6.080385446548461914e-01,-4.000000059604644775e-01,8.071791529655456543e-01,-4.630439579486846924e-01,9.152346849441528320e-01,5.365165695548057556e-02,3.404000000000000000e+03,3.579005615234375000e+03
-5.000000000000000000e-01,3.562291860580444336e-01,-8.277482390403747559e-01,1.622157394886016846e-01,9.604076147079467773e-01,7.142488658428192139e-02,3.034000000000000000e+03,3.495875732421875000e+03
-2.678191363811492920e-01,-5.000000000000000000e-01,-1.824778169393539429e-01,-5.261181592941284180e-01,7.076363563537597656e-01,6.112339347600936890e-02,2.741000000000000000e+03,2.784318359375000000e+03
4.217961132526397705e-01,-7.500000000000000000e-01,1.593682914972305298e-01,-8.105052113533020020e-01,8.088998198509216309e-01,6.928561627864837646e-02,2.771000000000000000e+03,3.070610107421875000e+03
5.784529447555541992e-01,-4.000000059604644775e-01,6.478140354156494141e-01,-3.159461617469787598e-01,9.486907720565795898e-01,6.097143515944480896e-02,2.695000000000000000e+03,2.730522705078125000e+03
-2.000000029802322388e-01,4.545493423938751221e-01,-3.530807495117187500e-01,5.082830190658569336e-01,7.988344430923461914e-01,9.730099886655807495e-02,2.495000000000000000e+03,2.596752197265625000e+03
6.961627006530761719e-01,-1.031069830060005188e-01,8.561769723892211914e-01,2.326095849275588989e-02,5.924627184867858887e-01,1.013183370232582092e-01,1.406000000000000000e+03,1.568042968750000000e+03
-7.704144120216369629e-01,-2.859632968902587891e-01,-5.966966748237609863e-01,-3.738634288311004639e-01,9.014220833778381348e-01,7.270219177007675171e-02,2.484000000000000000e+03,2.598633789062500000e+03
-8.500000238418579102e-01,-1.240731403231620789e-01,-8.954312801361083984e-01,-9.643743932247161865e-02,6.038038730621337891e-01,1.208657100796699524e-01,2.219000000000000000e+03,2.236220703125000000e+03
3.896152675151824951e-01,-4.499999880790710449e-01,3.306379616260528564e-01,-6.479195356369018555e-01,1.046374201774597168e+00,5.763200670480728149e-02,3.827000000000000000e+03,3.974622802734375000e+03
2.514390051364898682e-01,-5.500000119209289551e-01,7.395747900009155273e-01,-5.467574596405029297e-01,9.628264307975769043e-01,7.056947052478790283e-02,3.643000000000000000e+03,4.532278808593750000e+03
6.379825472831726074e-01,3.815837576985359192e-02,7.695425152778625488e-01,-6.169691309332847595e-02,7.120650410652160645e-01,6.069938465952873230e-02,2.175000000000000000e+03,2.290810302734375000e+03
1.980395019054412842e-01,5.770573616027832031e-01,-1.302797049283981323e-01,8.600135445594787598e-01,8.474313616752624512e-01,5.234092101454734802e-02,3.171000000000000000e+03,3.956864990234375000e+03
-6.999999880790710449e-01,-1.834499090909957886e-01,-5.757440328598022461e-01,-2.152193784713745117e-01,4.979249536991119385e-01,7.263688743114471436e-02,1.513000000000000000e+03,1.612018554687500000e+03
1.238427758216857910e-01,-8.500000238418579102e-01,5.586923658847808838e-02,-7.068582773208618164e-01,8.028156161308288574e-01,7.005049288272857666e-02,2.896000000000000000e+03,3.007710449218750000e+03
6.379825472831726074e-01,4.223684668540954590e-01,6.550052762031555176e-01,6.446897387504577637e-01,6.389813423156738281e-01,7.725207507610321045e-02,2.222000000000000000e+03,2.485270507812500000e+03
-2.628693357110023499e-02,6.961627006530761719e-01,-1.507743448019027710e-01,7.787151932716369629e-01,5.888280868530273438e-01,2.069417089223861694e-01,6.400000000000000000e+02,6.805415649414062500e+02
5.173884034156799316e-01,5.784529447555541992e-01,3.770903646945953369e-01,3.292165398597717285e-01,6.452876329421997070e-01,7.418594509363174438e-02,1.988000000000000000e+03,2.362820800781250000e+03
5.481259822845458984e-01,2.145627290010452271e-01,5.364854335784912109e-01,1.359401345252990723e-01,8.408071994781494141e-01,6.401900202035903931e-02,2.949000000000000000e+03,2.975182861328125000e+03
2.372435331344604492e-01,-7.500000000000000000e-01,4.258519113063812256e-01,-6.691164374351501465e-01,8.764086961746215820e-01,6.729473173618316650e-02,3.193000000000000000e+03,3.365565185546875000e+03
-1.530225872993469238e-01,-9.210686087608337402e-01,-1.940391957759857178e-01,-7.787538170814514160e-01,7.546873688697814941e-01,6.100264191627502441e-02,2.180000000000000000e+03,2.263147705078125000e+03
1.764043420553207397e-01,6.672313809394836426e-01,6.526867300271987915e-02,4.670319557189941406e-01,9.311004281044006348e-01,6.325742602348327637e-02,3.609000000000000000e+03,3.823977294921875000e+03
-4.051799476146697998e-01,-7.500000000000000000e-01,-5.024588108062744141e-01,-9.898666143417358398e-01,6.709644794464111328e-01,9.615045785903930664e-02,1.271000000000000000e+03,1.453767578125000000e+03
0.000000000000000000e+00,6.672313809394836426e-01,-1.017117574810981750e-01,7.947087883949279785e-01,8.933984041213989258e-01,6.643385440111160278e-02,3.609000000000000000e+03,3.728000244140625000e+03
-2.500000000000000000e-01,-8.000000119209289551e-01,-1.104007586836814880e-01,-8.587681055068969727e-01,7.964878678321838379e-01,6.094149127602577209e-02,2.971000000000000000e+03,3.077398681640625000e+03
-3.879980146884918213e-01,6.961627006530761719e-01,-4.431956410408020020e-01,6.400309801101684570e-01,5.711324810981750488e-01,9.400306642055511475e-02,1.840000000000000000e+03,1.874913085937500000e+03
6.961627006530761719e-01,-5.500000119209289551e-01,9.582344293594360352e-01,-6.551122665405273438e-01,5.542117953300476074e-01,2.313370853662490845e-01,1.039000000000000000e+03,1.295520874023437500e+03
-8.999999761581420898e-01,9.567538276314735413e-03,-7.604025602340698242e-01,-5.980868265032768250e-02,7.342901229858398438e-01,5.498505383729934692e-02,2.495000000000000000e+03,2.605958984375000000e+03
-7.500000000000000000e-01,-1.000000014901161194e-01,-4.883911907672882080e-01,5.837498977780342102e-02,9.594874382019042969e-01,6.795363873243331909e-02,3.713000000000000000e+03,4.081667968750000000e+03
6.961627006530761719e-01,2.872454822063446045e-01,6.456267833709716797e-01,2.448266595602035522e-01,5.394869446754455566e-01,8.784091472625732422e-02,1.593000000000000000e+03,1.616737548828125000e+03
-3.499999940395355225e-01,-2.500000000000000000e-01,-3.121831119060516357e-01,-2.291522175073623657e-01,1.063730001449584961e+00,6.402252614498138428e-02,3.292000000000000000e+03,3.297415283203125000e+03
-4.000000059604644775e-01,-8.000000119209289551e-01,-3.283322751522064209e-01,-8.577534556388854980e-01,4.955911338329315186e-01,7.149739563465118408e-02,1.625000000000000000e+03,1.680531250000000000e+03
6.961627006530761719e-01,8.580648899078369141e-02,4.132218956947326660e-01,1.159501671791076660e-01,6.174023747444152832e-01,1.008505821228027344e-01,2.012000000000000000e+03,2.420726806640625000e+03
-8.000000119209289551e-01,2.141362577676773071e-01,-9.242329001426696777e-01,4.082790911197662354e-01,7.720050215721130371e-01,8.998522907495498657e-02,3.079000000000000000e+03,3.347658203125000000e+03
6.961627006530761719e-01,-8.730275183916091919e-02,7.902992367744445801e-01,1.634583771228790283e-01,7.069590091705322266e-01,1.774476319551467896e-01,1.543000000000000000e+03,1.757375732421875000e+03
5.473324060440063477e-01,6.083970069885253906e-01,6.288799047470092773e-01,5.230846405029296875e-01,4.508699476718902588e-01,8.023121207952499390e-02,1.599000000000000000e+03,1.706582153320312500e+03
6.379825472831726074e-01,-7.551799416542053223e-01,6.168251633644104004e-01,-9.234286546707153320e-01,5.382075905799865723e-01,9.141188859939575195e-02,1.264000000000000000e+03,1.386445068359375000e+03
4.794878140091896057e-02,-8.500000238418579102e-01,1.277818232774734497e-01,-5.709738135337829590e-01,6.119308471679687500e-01,6.629536300897598267e-02,2.210000000000000000e+03,2.684809082031250000e+03
-6.999999880790710449e-01,-5.000000074505805969e-02,-4.607082605361938477e-01,-6.110099703073501587e-02,1.047522783279418945e+00,6.762824952602386475e-02,2.936000000000000000e+03,3.087707031250000000e+03
-6.499999761581420898e-01,-4.000000059604644775e-01,-8.646686673164367676e-01,-1.810753494501113892e-01,7.344540357589721680e-01,5.700138583779335022e-02,2.811000000000000000e+03,3.282976562500000000e+03
6.961627006530761719e-01,1.764043420553207397e-01,5.383589863777160645e-01,2.091400772333145142e-01,6.495743989944458008e-01,7.952694594860076904e-02,2.404000000000000000e+03,2.549955566406250000e+03
-1.000000000000000000e+00,-2.849548757076263428e-01,-1.082589387893676758e+00,-1.996121704578399658e-01,5.964038968086242676e-01,7.493962347507476807e-02,2.422000000000000000e+03,2.517012207031250000e+03
3.896152675151824951e-01,2.145627290010452271e-01,3.995559215545654297e-01,2.505819797515869141e-01,2.897614240646362305e-01,1.014495491981506348e-01,8.900000000000000000e+02,9.047745361328125000e+02
3.108032792806625366e-02,7.247940897941589355e-01,7.594510167837142944e-02,1.045199990272521973e+00,8.212018609046936035e-01,7.069329917430877686e-02,2.984000000000000000e+03,3.431428710937500000e+03
-6.000000238418579102e-01,3.687628731131553650e-02,-5.623045563697814941e-01,1.689800769090652466e-01,8.345637917518615723e-01,6.982991844415664673e-02,3.071000000000000000e+03,3.153885986328125000e+03
-8.372645825147628784e-02,-6.999999880790710449e-01,-8.892053365707397461e-02,-5.617814660072326660e-01,7.758832573890686035e-01,1.014849618077278137e-01,2.808000000000000000e+03,2.896746582031250000e+03
3.221365213394165039e-01,3.562291860580444336e-01,3.297417461872100830e-01,6.106089353561401367e-01,8.794243931770324707e-01,5.473678559064865112e-02,3.404000000000000000e+03,3.683752441406250000e+03
6.379825472831726074e-01,3.896152675151824951e-01,2.439083606004714966e-01,3.308909833431243896e-01,9.359069466590881348e-01,5.633684992790222168e-02,3.786000000000000000e+03,4.445955078125000000e+03
-8.000000119209289551e-01,2.372455000877380371e-01,-9.363235235214233398e-01,1.528672575950622559e-01,7.617728114128112793e-01,7.310624420642852783e-02,2.602000000000000000e+03,2.715878417968750000e+03
-7.500000000000000000e-01,4.179192483425140381e-01,-6.587553620338439941e-01,2.161937952041625977e-01,8.808176517486572266e-01,6.156814843416213989e-02,3.662000000000000000e+03,3.889655761718750000e+03
6.083970069885253906e-01,3.396152555942535400e-01,5.280213356018066406e-01,2.736388742923736572e-01,6.051700115203857422e-01,1.389167606830596924e-01,1.423000000000000000e+03,1.464747070312500000e+03
-3.172467947006225586e-01,-5.000000000000000000e-01,-3.513444066047668457e-01,-6.324043869972229004e-01,1.093571424484252930e+00,5.960449576377868652e-02,3.743000000000000000e+03,3.801177734375000000e+03
-6.999999880790710449e-01,3.896152675151824951e-01,-5.875894427299499512e-01,5.438939929008483887e-01,7.958530783653259277e-01,5.539566650986671448e-02,2.806000000000000000e+03,2.965275878906250000e+03
3.896152675151824951e-01,-5.500000119209289551e-01,4.077135026454925537e-01,-5.955203175544738770e-01,5.580442547798156738e-01,8.222777396440505981e-02,1.918000000000000000e+03,1.932712768554687500e+03
2.075843513011932373e-01,6.961627006530761719e-01,1.642229259014129639e-01,6.406577825546264648e-01,7.721836566925048828e-01,9.256535768508911133e-02,2.222000000000000000e+03,2.240464111328125000e+03
-2.151089608669281006e-01,-9.499999880790710449e-01,-3.144433498382568359e-01,-9.294548034667968750e-01,6.435567140579223633e-01,7.927718758583068848e-02,2.287000000000000000e+03,2.343610839843750000e+03
-6.000000238418579102e-01,-3.672468066215515137e-01,-6.116367578506469727e-01,-3.158124387264251709e-01,4.631589353084564209e-01,1.941310465335845947e-01,1.450000000000000000e+03,1.468769409179687500e+03
-1.000000000000000000e+00,1.324112415313720703e-01,-1.000503778457641602e+00,1.097077205777168274e-01,5.929208993911743164e-01,6.071166694164276123e-02,1.721000000000000000e+03,1.723491455078125000e+03
-2.820126414299011230e-01,-6.188200116157531738e-01,-1.485637277364730835e-01,-7.746240496635437012e-01,8.610459566116333008e-01,6.179138645529747009e-02,3.569000000000000000e+03,3.768643554687500000e+03
2.872454822063446045e-01,-7.196730375289916992e-01,4.171665310859680176e-01,-3.809282481670379639e-01,9.610977172851562500e-01,6.519568711519241333e-02,2.424000000000000000e+03,2.758203613281250000e+03
6.961627006530761719e-01,2.007940560579299927e-01,6.279287338256835938e-01,2.590114176273345947e-01,8.275564312934875488e-01,1.158042550086975098e-01,2.029000000000000000e+03,2.052707275390625000e+03
6.961627006530761719e-01,9.482004493474960327e-02,8.511080741882324219e-01,-4.791665822267532349e-03,8.209142684936523438e-01,1.333038061857223511e-01,1.390000000000000000e+03,1.459321655273437500e+03
4.223684668540954590e-01,-4.000000059604644775e-01,2.594921179115772247e-02,-6.776533722877502441e-01,1.050409078598022461e+00,7.381626218557357788e-02,3.620000000000000000e+03,4.355383300781250000e+03
-4.499999880790710449e-01,-2.000000029802322388e-01,-5.033116340637207031e-01,-3.854411244392395020e-01,6.753953695297241211e-01,8.748018741607666016e-02,1.830000000000000000e+03,1.976538452148437500e+03
6.961627006530761719e-01,3.874092102050781250e-01,5.467051267623901367e-01,5.654305815696716309e-01,7.071959972381591797e-01,1.021638661623001099e-01,2.007000000000000000e+03,2.218820800781250000e+03
5.784529447555541992e-01,-2.692624032497406006e-01,7.302238345146179199e-01,-6.166169047355651855e-01,9.224464297294616699e-01,6.434161216020584106e-02,3.345000000000000000e+03,3.890009765625000000e+03
-7.136865705251693726e-02,6.961627006530761719e-01,-1.818154007196426392e-01,9.995518922805786133e-01,9.094433188438415527e-01,6.440514326095581055e-02,3.769000000000000000e+03,4.231629882812500000e+03
4.545493423938751221e-01,-6.000000238418579102e-01,4.939678311347961426e-01,-5.328589081764221191e-01,5.217391848564147949e-01,5.772778764367103577e-02,1.386000000000000000e+03,1.416699218750000000e+03
-1.688199937343597412e-01,6.083970069885253906e-01,-1.367042064666748047e-01,5.061312317848205566e-01,1.002669811248779297e+00,7.429393380880355835e-02,3.369000000000000000e+03,3.407246093750000000e+03
-8.500000238418579102e-01,2.573030292987823486e-01,-8.801683783531188965e-01,2.249166071414947510e-01,7.728151082992553711e-01,6.720021367073059082e-02,2.340000000000000000e+03,2.347646240234375000e+03
-5.500000119209289551e-01,-1.500000059604644775e-01,-4.373617470264434814e-01,7.713422924280166626e-02,9.637721776962280273e-01,7.004857063293457031e-02,2.677000000000000000e+03,2.859602294921875000e+03
6.961627006530761719e-01,-5.500000119209289551e-01,7.070260047912597656e-01,-5.728266835212707520e-01,7.208697199821472168e-01,8.028090000152587891e-02,2.215000000000000000e+03,2.217719238281250000e+03
8.827801793813705444e-02,5.463197827339172363e-01,1.193400919437408447e-01,4.755371510982513428e-01,5.736231803894042969e-01,1.344859302043914795e-01,1.742000000000000000e+03,1.773559448242187500e+03
-4.499999880790710449e-01,-4.188199937343597412e-01,-5.572791099548339844e-01,-6.425576806068420410e-01,7.871332764625549316e-01,6.736420094966888428e-02,2.922000000000000000e+03,3.206226806640625000e+03
-2.500000000000000000e-01,-7.700559496879577637e-01,-2.411188483238220215e-01,-7.896397113800048828e-01,3.867049515247344971e-01,7.717293500900268555e-02,1.050000000000000000e+03,1.053251831054687500e+03
-9.499999880790710449e-01,-5.210686326026916504e-01,-1.076321482658386230e+00,-4.422616958618164062e-01,5.651247501373291016e-01,6.684908270835876465e-02,2.192000000000000000e+03,2.341519775390625000e+03
5.173884034156799316e-01,-2.192623913288116455e-01,3.617855310440063477e-01,-6.384450197219848633e-01,9.353602528572082520e-01,7.031003385782241821e-02,3.297000000000000000e+03,4.016020263671875000e+03
-5.500000119209289551e-01,-2.641935050487518311e-01,-3.762775659561157227e-01,-5.246465802192687988e-01,9.153304696083068848e-01,5.268034711480140686e-02,3.828000000000000000e+03,4.263960449218750000e+03
4.862083792686462402e-01,-4.000000059604644775e-01,9.750875085592269897e-02,-8.018225431442260742e-01,1.048857927322387695e+00,5.681254714727401733e-02,3.954000000000000000e+03,5.015584960937500000e+03
5.481259822845458984e-01,4.223684668540954590e-01,6.379848718643188477e-01,2.051404416561126709e-01,9.637330770492553711e-01,6.414073705673217773e-02,3.179000000000000000e+03,3.365659667968750000e+03
-2.672467827796936035e-01,6.672313809394836426e-01,-2.991707026958465576e-01,7.659598588943481445e-01,7.601079940795898438e-01,7.306435704231262207e-02,2.205000000000000000e+03,2.245887207031250000e+03
-5.500000119209289551e-01,-3.207512199878692627e-01,-5.723606348037719727e-01,-1.804674416780471802e-01,7.734553217887878418e-01,9.252066165208816528e-02,2.188000000000000000e+03,2.261014404296875000e+03
-8.000000119209289551e-01,-2.688199877738952637e-01,-8.557386398315429688e-01,-1.152831539511680603e-01,7.211803793907165527e-01,6.797552853822708130e-02,2.307000000000000000e+03,2.423821777343750000e+03
-5.710686445236206055e-01,-2.500000000000000000e-01,-7.946046590805053711e-01,-3.821375370025634766e-01,8.810816407203674316e-01,6.553244590759277344e-02,3.482000000000000000e+03,3.778161132812500000e+03
2.372455000877380371e-01,6.961627006530761719e-01,2.705029547214508057e-01,5.427953600883483887e-01,5.792549848556518555e-01,7.222869247198104858e-02,2.243000000000000000e+03,2.404544189453125000e+03
6.083970069885253906e-01,5.481259822845458984e-01,3.941336274147033691e-01,5.834653377532958984e-01,7.782775163650512695e-01,6.968598067760467529e-02,2.834000000000000000e+03,3.050263916015625000e+03
-6.999999880790710449e-01,1.979487836360931396e-01,-5.702313780784606934e-01,2.225356400012969971e-01,4.824400544166564941e-01,7.524587959051132202e-02,1.510000000000000000e+03,1.621212768554687500e+03
5.173884034156799316e-01,-3.000000119209289551e-01,4.372868835926055908e-01,-1.999961882829666138e-01,1.073402643203735352e+00,5.711633339524269104e-02,3.315000000000000000e+03,3.361907470703125000e+03
1.717216521501541138e-01,-5.500000119209289551e-01,2.959637045860290527e-01,-6.098408699035644531e-01,4.623367488384246826e-01,7.953344285488128662e-02,1.322000000000000000e+03,1.437351196289062500e+03
-8.500000238418579102e-01,3.605862706899642944e-02,-8.259904384613037109e-01,7.256103307008743286e-02,5.245162844657897949e-01,6.347263604402542114e-02,1.870000000000000000e+03,1.882881591796875000e+03
-5.178191065788269043e-01,-3.000000119209289551e-01,-3.648830652236938477e-01,-4.563167095184326172e-01,9.185639023780822754e-01,6.495136767625808716e-02,3.032000000000000000e+03,3.201604736328125000e+03
6.961627006530761719e-01,-7.695059478282928467e-02,5.525780916213989258e-01,-2.615614533424377441e-01,8.591425418853759766e-01,9.000204503536224365e-02,2.643000000000000000e+03,2.835067382812500000e+03
-1.551799476146697998e-01,-8.204144239425659180e-01,-2.145144045352935791e-01,-8.471120595932006836e-01,6.454144120216369629e-01,6.082306057214736938e-02,2.034000000000000000e+03,2.054703857421875000e+03
6.961627006530761719e-01,-1.385703384876251221e-01,4.653050899505615234e-01,-3.207306563854217529e-01,8.379543423652648926e-01,8.198937028646469116e-02,2.557000000000000000e+03,2.863561035156250000e+03
-3.000000119209289551e-01,3.562291860580444336e-01,-5.867137908935546875e-01,5.173320174217224121e-01,1.079814672470092773e+00,6.465829163789749146e-02,3.988000000000000000e+03,4.349440917968750000e+03
6.379825472831726074e-01,2.145627290010452271e-01,6.652492880821228027e-01,-2.418782934546470642e-02,6.050845980644226074e-01,6.538582593202590942e-02,2.109000000000000000e+03,2.430060058593750000e+03
4.545493423938751221e-01,4.545493423938751221e-01,2.838949263095855713e-01,3.178039789199829102e-01,1.041739225387573242e+00,5.219032987952232361e-02,3.586000000000000000e+03,3.742104736328125000e+03
6.379825472831726074e-01,-2.666139304637908936e-01,2.570804357528686523e-01,-3.009859919548034668e-01,9.144850969314575195e-01,1.082346960902214050e-01,3.160000000000000000e+03,3.692569091796875000e+03
-4.172467887401580811e-01,-6.188200116157531738e-01,-5.211018323898315430e-01,-6.762376427650451660e-01,4.934127032756805420e-01,6.503558903932571411e-02,1.798000000000000000e+03,1.900556274414062500e+03
4.212743043899536133e-01,5.151397585868835449e-01,1.536576747894287109e-01,5.318560600280761719e-01,7.206553220748901367e-01,7.365152984857559204e-02,2.775000000000000000e+03,3.147436279296875000e+03
-6.499999761581420898e-01,-2.598493546247482300e-02,-4.528913497924804688e-01,-1.224065646529197693e-01,8.789736628532409668e-01,6.731823086738586426e-02,2.485000000000000000e+03,2.637311279296875000e+03
-6.999999880790710449e-01,-4.365091919898986816e-01,-6.760517358779907227e-01,-5.629727244377136230e-01,7.006655931472778320e-01,6.023904308676719666e-02,2.621000000000000000e+03,2.708463623046875000e+03
5.000000074505805969e-02,1.764043420553207397e-01,1.091518104076385498e-01,1.753995567560195923e-01,6.666319370269775391e-01,5.486337840557098389e-02,1.835000000000000000e+03,1.849406005859375000e+03
5.173884034156799316e-01,2.097036540508270264e-01,4.300652444362640381e-01,2.784680426120758057e-01,5.857104659080505371e-01,8.934218436479568481e-02,1.379000000000000000e+03,1.428099243164062500e+03
1.662292033433914185e-01,6.672313809394836426e-01,7.869371771812438965e-02,4.594279825687408447e-01,7.228496670722961426e-01,8.339223265647888184e-02,2.990000000000000000e+03,3.274894531250000000e+03
-6.499999761581420898e-01,-3.151089549064636230e-01,-5.147857666015625000e-01,-3.569337427616119385e-01,9.196776151657104492e-01,6.066484004259109497e-02,2.640000000000000000e+03,2.702288574218750000e+03
-3.499999940395355225e-01,6.672313809394836426e-01,-2.905029952526092529e-01,3.694849610328674316e-01,8.416327834129333496e-01,7.411111146211624146e-02,3.183000000000000000e+03,3.586090576171875000e+03
-2.500000000000000000e-01,-6.499999761581420898e-01,1.097906231880187988e-01,-5.787337422370910645e-01,9.949244856834411621e-01,6.389974802732467651e-02,3.251000000000000000e+03,3.678982177734375000e+03
-5.000000074505805969e-02,-6.000000238418579102e-01,-4.556560888886451721e-02,-9.565874934196472168e-01,9.012543559074401855e-01,7.595625519752502441e-02,2.654000000000000000e+03,3.054977050781250000e+03
-6.499999761581420898e-01,1.366542428731918335e-01,-6.185470819473266602e-01,9.525397419929504395e-02,7.415422201156616211e-01,6.058047339320182800e-02,2.245000000000000000e+03,2.256095947265625000e+03
-7.500000000000000000e-01,4.482004791498184204e-02,-7.231773734092712402e-01,7.945504039525985718e-02,5.980702638626098633e-01,5.856350064277648926e-02,1.815000000000000000e+03,1.824763305664062500e+03
5.481259822845458984e-01,3.028741478919982910e-01,3.398526906967163086e-01,3.578541576862335205e-01,8.719406127929687500e-01,8.301491290330886841e-02,2.955000000000000000e+03,3.132709472656250000e+03
6.379825472831726074e-01,4.217961132526397705e-01,4.276280105113983154e-01,5.846898555755615234e-01,9.362559318542480469e-01,5.471305176615715027e-02,4.015000000000000000e+03,4.333717285156250000e+03
6.961627006530761719e-01,1.664753258228302002e-01,4.775118827819824219e-01,1.567613333463668823e-01,8.218410611152648926e-01,1.285704374313354492e-01,1.675000000000000000e+03,1.791884765625000000e+03
-9.591642022132873535e-02,-8.707512021064758301e-01,-1.012755185365676880e-01,-7.568511962890625000e-01,5.838361382484436035e-01,6.615719199180603027e-02,2.177000000000000000e+03,2.259097412109375000e+03
4.545493423938751221e-01,2.486553937196731567e-01,3.618173301219940186e-01,2.343573570251464844e-01,4.530731439590454102e-01,7.750073075294494629e-02,1.529000000000000000e+03,1.593788208007812500e+03
-6.499999761581420898e-01,-1.510896813124418259e-02,-6.630185842514038086e-01,-1.347607672214508057e-01,1.011593103408813477e+00,6.167710199952125549e-02,3.859000000000000000e+03,3.913604980468750000e+03
6.961627006530761719e-01,-2.500000000000000000e-01,6.462337374687194824e-01,-4.184328913688659668e-01,9.298381805419921875e-01,6.351169198751449585e-02,3.111000000000000000e+03,3.221124023437500000e+03
-6.499999761581420898e-01,5.784529447555541992e-01,-6.049023866653442383e-01,2.460265159606933594e-01,6.342911720275878906e-01,1.362206339836120605e-01,1.518000000000000000e+03,1.919355957031250000e+03
4.862083792686462402e-01,5.173884034156799316e-01,6.374225616455078125e-01,4.664861559867858887e-01,8.684129714965820312e-01,6.710903346538543701e-02,2.899000000000000000e+03,2.996319335937500000e+03
3.358147740364074707e-01,-8.204144239425659180e-01,2.913456559181213379e-01,-8.671435117721557617e-01,7.092806696891784668e-01,7.981771975755691528e-02,2.116000000000000000e+03,2.133386718750000000e+03
6.961627006530761719e-01,2.026234380900859833e-02,6.163095831871032715e-01,1.257753521203994751e-01,5.767897367477416992e-01,1.214688643813133240e-01,1.565000000000000000e+03,1.646273193359375000e+03
-1.851697266101837158e-01,6.961627006530761719e-01,-3.030106425285339355e-01,7.327975630760192871e-01,8.209035396575927734e-01,7.406462728977203369e-02,2.420000000000000000e+03,2.474367919921875000e+03
2.872454822063446045e-01,-2.500000000000000000e-01,4.060676321387290955e-02,-2.800498902797698975e-01,1.054805874824523926e+00,7.147579640150070190e-02,3.570000000000000000e+03,3.765818603515625000e+03
-3.499999940395355225e-01,-5.178191065788269043e-01,-4.381316900253295898e-01,-3.396239876747131348e-01,6.012888550758361816e-01,7.416871190071105957e-02,2.047000000000000000e+03,2.265673095703125000e+03
-6.499999761581420898e-01,1.598215550184249878e-01,-9.169521331787109375e-01,3.332878947257995605e-01,1.043857812881469727e+00,5.038400366902351379e-02,3.558000000000000000e+03,3.881824707031250000e+03
7.531411051750183105e-01,-5.477037653326988220e-02,9.959040284156799316e-01,-4.391947761178016663e-02,9.312832355499267578e-01,1.853438764810562134e-01,1.455000000000000000e+03,1.552445068359375000e+03
-2.000000029802322388e-01,6.083970069885253906e-01,-3.624317049980163574e-02,5.074551105499267578e-01,9.688719511032104492e-01,6.654682010412216187e-02,3.220000000000000000e+03,3.345611572265625000e+03
-6.499999761581420898e-01,-5.000000074505805969e-02,-7.982520461082458496e-01,-1.217134967446327209e-01,9.150927662849426270e-01,6.526054441928863525e-02,2.807000000000000000e+03,2.897349365234375000e+03
5.173884034156799316e-01,-1.188199892640113831e-01,2.155454605817794800e-01,-4.011795818805694580e-01,8.831663131713867188e-01,6.166888400912284851e-02,3.729000000000000000e+03,4.509483398437500000e+03
-9.499999880790710449e-01,-4.905175417661666870e-03,-8.972988128662109375e-01,-5.360761284828186035e-02,4.872211217880249023e-01,5.875470861792564392e-02,1.442000000000000000e+03,1.473037109375000000e+03
1.056531295180320740e-01,6.961627006530761719e-01,3.035489916801452637e-01,5.991116762161254883e-01,9.331645965576171875e-01,6.835310161113739014e-02,3.789000000000000000e+03,3.997855957031250000e+03
3.975010663270950317e-02,6.961627006530761719e-01,2.186449468135833740e-01,9.395839571952819824e-01,9.507861137390136719e-01,5.125419795513153076e-02,3.504000000000000000e+03,3.849072021484375000e+03
-1.000000000000000000e+00,1.131488531827926636e-01,-1.103618025779724121e+00,-1.598190888762474060e-02,5.976788997650146484e-01,6.099403649568557739e-02,2.305000000000000000e+03,2.478579101562500000e+03
-6.999999880790710449e-01,9.482004493474960327e-02,-2.527803480625152588e-01,7.455567363649606705e-03,1.042480826377868652e+00,7.628306746482849121e-02,3.579000000000000000e+03,4.236388671875000000e+03
3.378882408142089844e-01,-6.692624092102050781e-01,3.676126301288604736e-01,-8.073780536651611328e-01,8.317601084709167480e-01,6.312730163335800171e-02,3.758000000000000000e+03,3.865490478515625000e+03
-2.200559526681900024e-01,6.961627006530761719e-01,-5.944519639015197754e-01,7.367007732391357422e-01,8.750245571136474609e-01,7.272189855575561523e-02,3.163000000000000000e+03,3.726870849609375000e+03
-2.131237089633941650e-01,3.562291860580444336e-01,-8.233509957790374756e-02,2.589461803436279297e-01,9.140173792839050293e-01,5.820541828870773315e-02,3.489000000000000000e+03,3.599269531250000000e+03
6.379825472831726074e-01,-4.000000059604644775e-01,5.486147999763488770e-01,-3.640955388545989990e-01,9.415466785430908203e-01,5.072421580553054810e-02,2.810000000000000000e+03,2.839187988281250000e+03
5.173884034156799316e-01,2.848250567913055420e-01,5.485325455665588379e-01,5.105178356170654297e-01,7.485029697418212891e-01,6.776335090398788452e-02,2.297000000000000000e+03,2.505182128906250000e+03
-3.659073412418365479e-01,4.545493423938751221e-01,-4.973538815975189209e-01,7.258120775222778320e-01,6.821976900100708008e-01,9.206649661064147949e-02,2.145000000000000000e+03,2.546414794921875000e+03
1.252851188182830811e-01,-8.000000119209289551e-01,1.259336471557617188e-01,-7.566758394241333008e-01,4.023585021495819092e-01,1.151598170399665833e-01,1.131000000000000000e+03,1.144089111328125000e+03
1.791287809610366821e-01,-6.000000238418579102e-01,4.102875292301177979e-02,-6.630386114120483398e-01,7.186622023582458496e-01,7.102998346090316772e-02,2.697000000000000000e+03,2.816304931640625000e+03
6.961627006530761719e-01,-2.369198352098464966e-01,7.310025095939636230e-01,-2.143711298704147339e-01,5.792504549026489258e-01,7.839220762252807617e-02,1.765000000000000000e+03,1.774104736328125000e+03
2.791305445134639740e-02,-6.000000238418579102e-01,9.712565690279006958e-02,-5.983059406280517578e-01,4.391068220138549805e-01,7.414233684539794922e-02,1.675000000000000000e+03,1.716461914062500000e+03
9.482004493474960327e-02,-4.499999880790710449e-01,-1.830515116453170776e-01,-4.207502603530883789e-01,9.392150044441223145e-01,6.357207149267196655e-02,3.543000000000000000e+03,3.850835449218750000e+03
-3.499999940395355225e-01,2.514390051364898682e-01,-4.791365265846252441e-01,1.942844092845916748e-01,9.236563444137573242e-01,6.631824374198913574e-02,2.886000000000000000e+03,2.953153564453125000e+03
-4.166139364242553711e-01,4.223684668540954590e-01,-4.136646091938018799e-01,1.052506491541862488e-01,9.242256879806518555e-01,4.966992139816284180e-02,3.724000000000000000e+03,4.151496582031250000e+03
3.409266844391822815e-02,4.516172409057617188e-01,-1.433510929346084595e-01,6.985771059989929199e-01,8.500645756721496582e-01,6.283045560121536255e-02,3.023000000000000000e+03,3.398438964843750000e+03
-5.500000119209289551e-01,-6.499999761581420898e-01,-5.156943202018737793e-01,-6.431788206100463867e-01,4.899635016918182373e-01,7.105328142642974854e-02,1.368000000000000000e+03,1.374957519531250000e+03
4.223684668540954590e-01,-4.499999880790710449e-01,5.147591233253479004e-01,-5.140392184257507324e-01,1.001152157783508301e+00,7.979391515254974365e-02,3.847000000000000000e+03,3.895448730468750000e+03
-5.500000119209289551e-01,6.961627006530761719e-01,-7.603427171707153320e-01,7.767867445945739746e-01,8.219586610794067383e-01,5.751461908221244812e-02,2.417000000000000000e+03,2.595014160156250000e+03
-4.188199937343597412e-01,-7.500000000000000000e-01,-3.887850344181060791e-01,-8.778243660926818848e-01,7.669526934623718262e-01,7.436314970254898071e-02,3.033000000000000000e+03,3.121420410156250000e+03
-6.188200116157531738e-01,2.494537532329559326e-01,-5.727108716964721680e-01,6.601181626319885254e-01,9.821793437004089355e-01,7.596630603075027466e-02,3.751000000000000000e+03,4.390324218750000000e+03
1.366542428731918335e-01,-6.999999880790710449e-01,1.857822984457015991e-01,-5.060834288597106934e-01,8.365819454193115234e-01,6.105211004614830017e-02,3.094000000000000000e+03,3.268770751953125000e+03
-3.151089549064636230e-01,-8.000000119209289551e-01,-2.874074280261993408e-01,-6.169759631156921387e-01,7.931889295578002930e-01,7.241904735565185547e-02,2.602000000000000000e+03,2.741929687500000000e+03
-4.700559675693511963e-01,2.145627290010452271e-01,-5.099720358848571777e-01,-1.427574604749679565e-01,7.936816215515136719e-01,8.021564036607742310e-02,3.042000000000000000e+03,3.639565917968750000e+03
-7.500000000000000000e-01,-6.881999224424362183e-02,-6.827172636985778809e-01,-3.388978168368339539e-02,7.696190476417541504e-01,6.363502144813537598e-02,2.384000000000000000e+03,2.407047851562500000e+03
1.057114005088806152e-01,6.961627006530761719e-01,-4.212757200002670288e-02,8.524428606033325195e-01,8.590599894523620605e-01,1.023603901267051697e-01,2.229000000000000000e+03,2.366918457031250000e+03
-6.499999761581420898e-01,1.651592999696731567e-01,-6.907454133033752441e-01,4.896514117717742920e-01,9.479509592056274414e-01,8.225619792938232422e-02,3.243000000000000000e+03,3.618242431640625000e+03
4.862083792686462402e-01,-3.499999940395355225e-01,3.676462173461914062e-01,-4.068953394889831543e-01,8.425630927085876465e-01,8.403838425874710083e-02,2.907000000000000000e+03,2.977502685546875000e+03
-2.500000000000000000e-01,-3.499999940395355225e-01,-2.567571103572845459e-01,-2.131985276937484741e-01,8.393679857254028320e-01,7.586308568716049194e-02,2.881000000000000000e+03,2.957242919921875000e+03
6.672313809394836426e-01,-6.000000238418579102e-01,4.950793385505676270e-01,-5.797885656356811523e-01,8.076273202896118164e-01,6.178045645356178284e-02,2.463000000000000000e+03,2.575475341796875000e+03
-6.000000238418579102e-01,3.562291860580444336e-01,-4.805771410465240479e-01,4.737908542156219482e-01,8.524630069732666016e-01,6.777165085077285767e-02,2.828000000000000000e+03,2.936474121093750000e+03
-4.499999880790710449e-01,4.862083792686462402e-01,-3.603641316294670105e-02,3.281733989715576172e-01,1.034550786018371582e+00,5.288482457399368286e-02,3.795000000000000000e+03,4.463991210937500000e+03
-5.683409571647644043e-01,2.872454822063446045e-01,-5.427203178405761719e-01,8.939629048109054565e-02,7.928977012634277344e-01,5.447490513324737549e-02,2.863000000000000000e+03,3.041824462890625000e+03
5.584678426384925842e-02,4.545493423938751221e-01,1.345697939395904541e-01,4.821970462799072266e-01,4.836457669734954834e-01,1.194300800561904907e-01,1.375000000000000000e+03,1.415593627929687500e+03
5.173884034156799316e-01,3.338605910539627075e-02,8.955711722373962402e-01,-1.070693805813789368e-01,1.203306555747985840e+00,5.496452748775482178e-02,2.461000000000000000e+03,2.730314208984375000e+03
-6.000000238418579102e-01,2.056531310081481934e-01,-8.525134325027465820e-01,2.028804570436477661e-01,1.025508999824523926e+00,6.474290043115615845e-02,3.882000000000000000e+03,4.114346679687500000e+03
-4.000000059604644775e-01,-4.672468006610870361e-01,-4.359759986400604248e-01,-5.900126099586486816e-01,7.673256993293762207e-01,7.434646785259246826e-02,2.865000000000000000e+03,2.943849609375000000e+03
-2.000000029802322388e-01,-3.000000119209289551e-01,-2.727584540843963623e-01,-2.454336136579513550e-01,4.110953211784362793e-01,1.550136059522628784e-01,1.169000000000000000e+03,1.225533935546875000e+03
-6.000000238418579102e-01,3.510679006576538086e-01,-6.468070149421691895e-01,3.652918934822082520e-01,9.278634190559387207e-01,6.018802896142005920e-02,3.785000000000000000e+03,3.795482910156250000e+03
2.453003376722335815e-01,5.481259822845458984e-01,3.473694622516632080e-01,7.049016952514648438e-01,8.981828093528747559e-01,6.387626379728317261e-02,3.297000000000000000e+03,3.438224121093750000e+03
-5.000000000000000000e-01,-5.000000000000000000e-01,-4.416439533233642578e-01,-3.239458799362182617e-01,9.878669381141662598e-01,5.801953375339508057e-02,2.715000000000000000e+03,2.809989990234375000e+03
7.555765658617019653e-02,-6.499999761581420898e-01,1.873788088560104370e-01,-7.656615376472473145e-01,9.989050030708312988e-01,6.806447356939315796e-02,3.310000000000000000e+03,3.395305419921875000e+03
3.896152675151824951e-01,6.083970069885253906e-01,4.075711965560913086e-01,6.895148754119873047e-01,5.458681583404541016e-01,7.169210910797119141e-02,2.017000000000000000e+03,2.063606689453125000e+03
-6.000000238418579102e-01,3.562291860580444336e-01,-4.060813486576080322e-01,2.566196620464324951e-01,8.562881350517272949e-01,7.751715928316116333e-02,2.913000000000000000e+03,3.099260742187500000e+03
-5.500000119209289551e-01,4.223684668540954590e-01,-2.390066534280776978e-01,5.291593670845031738e-01,1.017842292785644531e+00,6.342864781618118286e-02,3.676000000000000000e+03,4.050056396484375000e+03
6.961627006530761719e-01,3.221365213394165039e-01,5.369911193847656250e-01,4.404500424861907959e-01,6.763694882392883301e-01,1.118474677205085754e-01,2.362000000000000000e+03,2.561188476562500000e+03
-3.543393686413764954e-02,5.481259822845458984e-01,1.168038174510002136e-01,4.137601554393768311e-01,1.117702603340148926e+00,6.246037408709526062e-02,3.671000000000000000e+03,3.791319580078125000e+03
-6.108782440423965454e-02,6.961627006530761719e-01,-3.078761398792266846e-01,8.206319808959960938e-01,6.716448068618774414e-01,1.351983696222305298e-01,1.916000000000000000e+03,2.229355224609375000e+03
-6.000000238418579102e-01,4.223684668540954590e-01,-4.855667948722839355e-01,5.392383337020874023e-01,7.315105795860290527e-01,6.091651320457458496e-02,2.689000000000000000e+03,2.821742187500000000e+03
5.481259822845458984e-01,-5.000000074505805969e-02,6.896820068359375000e-01,1.559872273355722427e-02,8.254294395446777344e-01,7.472375035285949707e-02,2.619000000000000000e+03,2.711708007812500000e+03
-3.499999940395355225e-01,2.145627290010452271e-01,-3.277098014950752258e-02,1.121648252010345459e-01,8.000631332397460938e-01,1.266242861747741699e-01,2.533000000000000000e+03,2.956706298828125000e+03
-5.500000119209289551e-01,3.562291860580444336e-01,-9.117587208747863770e-01,5.290567874908447266e-01,9.496819376945495605e-01,6.147816032171249390e-02,3.074000000000000000e+03,3.601876953125000000e+03
-6.204144358634948730e-01,2.701395004987716675e-02,-5.802749395370483398e-01,6.579501926898956299e-02,3.855480551719665527e-01,1.360453069210052490e-01,1.352000000000000000e+03,1.380267456054687500e+03
-6.499999761581420898e-01,1.366542428731918335e-01,-4.840756356716156006e-01,1.779210120439529419e-01,8.204830884933471680e-01,6.012049317359924316e-02,3.558000000000000000e+03,3.711228271484375000e+03
-1.000000000000000000e+00,-3.168670460581779480e-02,-1.129565358161926270e+00,6.057492643594741821e-02,3.890513181686401367e-01,1.615813523530960083e-01,1.843000000000000000e+03,2.139914062500000000e+03
-8.165807463228702545e-03,-6.000000238418579102e-01,-1.427386403083801270e-01,-4.915280640125274658e-01,7.968880534172058105e-01,8.369446545839309692e-02,2.326000000000000000e+03,2.434472656250000000e+03
6.961627006530761719e-01,-1.500000059604644775e-01,5.651832818984985352e-01,-6.913116667419672012e-03,8.036487102508544922e-01,5.368858575820922852e-02,2.280000000000000000e+03,2.411315917968750000e+03
-4.499999880790710449e-01,5.481259822845458984e-01,-5.786098837852478027e-01,6.114977598190307617e-01,4.963766932487487793e-01,1.330766379833221436e-01,1.334000000000000000e+03,1.443160522460937500e+03
4.545493423938751221e-01,-4.672468006610870361e-01,4.345638155937194824e-01,-1.986063718795776367e-01,8.809362649917602539e-01,6.322664022445678711e-02,3.396000000000000000e+03,3.706378417968750000e+03
-2.041443064808845520e-02,6.961627006530761719e-01,-1.021479219198226929e-01,5.221670269966125488e-01,8.672037124633789062e-01,8.228193968534469604e-02,3.117000000000000000e+03,3.268519531250000000e+03
-6.999999880790710449e-01,-5.688199996948242188e-01,-8.679513335227966309e-01,-5.704274177551269531e-01,5.601813197135925293e-01,7.717706263065338135e-02,1.931000000000000000e+03,2.100923095703125000e+03
1.403670851141214371e-02,5.481259822845458984e-01,1.303107887506484985e-01,3.845752477645874023e-01,1.130661606788635254e+00,5.647534877061843872e-02,3.820000000000000000e+03,3.939261230468750000e+03
5.481259822845458984e-01,5.000000074505805969e-02,4.451811313629150391e-01,-3.495885431766510010e-01,1.084983944892883301e+00,5.812250822782516479e-02,4.417000000000000000e+03,5.035392578125000000e+03
-8.292809128761291504e-02,6.961627006530761719e-01,-1.153102815151214600e-01,5.089117884635925293e-01,6.183176636695861816e-01,6.961914896965026855e-02,2.013000000000000000e+03,2.199301025390625000e+03
-5.000000000000000000e-01,-1.500000059604644775e-01,-7.635676860809326172e-01,-2.565586566925048828e-01,1.086230635643005371e+00,5.674842745065689087e-02,3.914000000000000000e+03,4.177337402343750000e+03
-4.000000059604644775e-01,-5.500000119209289551e-01,-2.958157658576965332e-01,-4.655176997184753418e-01,9.540313482284545898e-01,6.339495629072189331e-02,3.766000000000000000e+03,3.840212158203125000e+03
2.059899121522903442e-01,6.961627006530761719e-01,2.230799198150634766e-01,3.277960121631622314e-01,9.102143645286560059e-01,6.651879101991653442e-02,2.955000000000000000e+03,3.422175537109375000e+03
7.247940897941589355e-01,5.713747441768646240e-02,8.265484571456909180e-01,2.795324921607971191e-01,7.602776288986206055e-01,7.524771243333816528e-02,2.453000000000000000e+03,2.700580078125000000e+03
6.083970069885253906e-01,4.545493423938751221e-01,7.031006217002868652e-01,6.460651159286499023e-01,8.385818004608154297e-01,7.980691641569137573e-02,2.739000000000000000e+03,2.914135009765625000e+03
1.700402945280075073e-01,6.083970069885253906e-01,1.669390052556991577e-01,5.678862929344177246e-01,8.972207307815551758e-01,6.162316352128982544e-02,2.698000000000000000e+03,2.703482910156250000e+03
-2.000000029802322388e-01,-6.999999880790710449e-01,6.921179592609405518e-02,-7.084653973579406738e-01,9.263362288475036621e-01,6.050002947449684143e-02,2.936000000000000000e+03,3.179378906250000000e+03
3.221365213394165039e-01,-5.500000119209289551e-01,1.614763736724853516e-01,-6.984073519706726074e-01,1.042810440063476562e+00,6.930439919233322144e-02,3.823000000000000000e+03,3.989421630859375000e+03
-5.500000119209289551e-01,5.173884034156799316e-01,-2.968851327896118164e-01,5.650795102119445801e-01,8.065866827964782715e-01,6.638986617326736450e-02,3.325000000000000000e+03,3.656498535156250000e+03
-3.028089702129364014e-01,6.961627006530761719e-01,-2.770867347717285156e-01,9.650845527648925781e-01,9.289388656616210938e-01,6.370811909437179565e-02,2.345000000000000000e+03,2.539388183593750000e+03
2.106191068887710571e-01,6.961627006530761719e-01,1.993338763713836670e-01,5.660519599914550781e-01,6.268494725227355957e-01,7.820914685726165771e-02,2.248000000000000000e+03,2.344812011718750000e+03
-5.896767973899841309e-01,-6.133457422256469727e-01,-4.359126389026641846e-01,-7.913692593574523926e-01,6.051993966102600098e-01,1.220541670918464661e-01,1.427000000000000000e+03,1.635351562500000000e+03
-5.178191065788269043e-01,5.780700445175170898e-01,-4.889318943023681641e-01,7.041769027709960938e-01,8.462092876434326172e-01,7.424721121788024902e-02,3.354000000000000000e+03,3.432043212890625000e+03
-1.641935110092163086e-01,4.862083792686462402e-01,-2.365650385618209839e-01,4.978467524051666260e-01,3.232635855674743652e-01,1.060866266489028931e-01,9.470000000000000000e+02,9.951976928710937500e+02
5.784529447555541992e-01,-3.499999940395355225e-01,3.392406404018402100e-01,-2.974428236484527588e-01,9.455910921096801758e-01,6.550756841897964478e-02,3.625000000000000000e+03,3.864443359375000000e+03
6.985470652580261230e-02,-2.641935050487518311e-01,-8.908331394195556641e-02,-2.246671915054321289e-01,4.766560792922973633e-01,1.370610147714614868e-01,1.054000000000000000e+03,1.174994018554687500e+03
5.173884034156799316e-01,-3.000000119209289551e-01,5.870177745819091797e-01,-7.017692327499389648e-01,9.587889909744262695e-01,7.719417661428451538e-02,2.908000000000000000e+03,3.414906738281250000e+03
-3.329280912876129150e-01,4.545493423938751221e-01,-7.911521792411804199e-01,6.470059156417846680e-01,9.745848774909973145e-01,6.069431081414222717e-02,3.296000000000000000e+03,4.109756347656250000e+03
2.699986994266510010e-01,-4.683409333229064941e-01,1.815707236528396606e-01,-4.119912683963775635e-01,6.526687741279602051e-01,6.969030201435089111e-02,2.017000000000000000e+03,2.068636474609375000e+03
-2.770481258630752563e-02,9.179693460464477539e-01,3.266574442386627197e-02,9.160830378532409668e-01,4.245413243770599365e-01,1.049062833189964294e-01,1.322000000000000000e+03,1.348640869140625000e+03
-5.000000000000000000e-01,-6.188200116157531738e-01,-5.236370563507080078e-01,-6.398501396179199219e-01,6.127848625183105469e-01,7.741118967533111572e-02,1.667000000000000000e+03,1.671441894531250000e+03
6.961627006530761719e-01,2.304940856993198395e-02,6.688370108604431152e-01,4.158381000161170959e-02,5.775453448295593262e-01,6.667123734951019287e-02,1.615000000000000000e+03,1.620277221679687500e+03
3.815837576985359192e-02,4.545493423938751221e-01,-2.842859551310539246e-02,5.490348935127258301e-01,5.353622436523437500e-01,7.233743369579315186e-02,2.056000000000000000e+03,2.150882080078125000e+03
1.329784244298934937e-01,6.379825472831726074e-01,3.441573679447174072e-01,6.634793281555175781e-01,7.906575798988342285e-01,6.911325454711914062e-02,2.512000000000000000e+03,2.690491943359375000e+03
6.961627006530761719e-01,2.425868958234786987e-01,8.086298108100891113e-01,3.550053536891937256e-01,6.610924601554870605e-01,2.404448837041854858e-01,4.570000000000000000e+02,4.830668640136718750e+02
-3.000000119209289551e-01,6.379825472831726074e-01,-3.659168481826782227e-01,5.394579172134399414e-01,9.016121029853820801e-01,5.524708330631256104e-02,2.915000000000000000e+03,2.965373779296875000e+03
5.672313570976257324e-01,6.961627006530761719e-01,6.270161271095275879e-01,7.119230031967163086e-01,4.383434951305389404e-01,7.596558332443237305e-02,1.704000000000000000e+03,1.737831054687500000e+03
-8.260814845561981201e-02,6.961627006530761719e-01,-3.663345277309417725e-01,6.880280375480651855e-01,7.937959432601928711e-01,1.082889735698699951e-01,2.727000000000000000e+03,3.065677490234375000e+03
-3.355877399444580078e-01,-9.499999880790710449e-01,-2.759722173213958740e-01,-9.194408655166625977e-01,4.095036387443542480e-01,5.812211707234382629e-02,1.277000000000000000e+03,1.311017578125000000e+03
-6.000000238418579102e-01,2.640434540808200836e-02,-6.110092401504516602e-01,2.463223412632942200e-02,6.391187310218811035e-01,6.701058894395828247e-02,1.180000000000000000e+03,1.180361572265625000e+03
6.379825472831726074e-01,-1.887553781270980835e-01,5.921032428741455078e-01,-1.713772416114807129e-01,8.784988522529602051e-01,5.659689381718635559e-02,3.125000000000000000e+03,3.134677978515625000e+03
-5.500000119209289551e-01,-2.666139304637908936e-01,-5.345531702041625977e-01,-3.314539492130279541e-01,5.987140536308288574e-01,8.846510201692581177e-02,2.229000000000000000e+03,2.256557373046875000e+03
6.961627006530761719e-01,-5.000000000000000000e-01,5.650275349617004395e-01,-6.203581690788269043e-01,7.938556671142578125e-01,6.748170405626296997e-02,2.579000000000000000e+03,2.706964355468750000e+03
-1.192623898386955261e-01,-6.999999880790710449e-01,-4.010537266731262207e-02,-5.284329652786254883e-01,8.532481193542480469e-01,6.191620230674743652e-02,2.301000000000000000e+03,2.412278320312500000e+03
6.379825472831726074e-01,-1.141935139894485474e-01,4.408787786960601807e-01,7.851453498005867004e-03,9.975384473800659180e-01,6.097716093063354492e-02,3.655000000000000000e+03,3.849614746093750000e+03
-7.500000000000000000e-01,-4.735956490039825439e-01,-6.751755475997924805e-01,-5.455573797225952148e-01,5.560479760169982910e-01,7.777721434831619263e-02,1.492000000000000000e+03,1.543591430664062500e+03
6.961627006530761719e-01,2.684254944324493408e-01,7.337175011634826660e-01,5.719060301780700684e-01,7.778011560440063477e-01,7.728800177574157715e-02,3.059000000000000000e+03,3.515937255859375000e+03
3.896152675151824951e-01,5.784529447555541992e-01,3.797350823879241943e-01,7.329469919204711914e-01,6.161620020866394043e-01,1.072701588273048401e-01,2.561000000000000000e+03,2.720209716796875000e+03
-7.500000000000000000e-01,-2.678191363811492920e-01,-8.260086178779602051e-01,-1.154559254646301270e-01,8.407382369041442871e-01,5.722868070006370544e-02,2.833000000000000000e+03,2.947901611328125000e+03
3.547798097133636475e-02,-8.500000238418579102e-01,-6.037072464823722839e-02,-7.941734790802001953e-01,3.802410662174224854e-01,9.902359545230865479e-02,1.215000000000000000e+03,1.316586669921875000e+03
-1.374921798706054688e-01,6.961627006530761719e-01,-6.017711013555526733e-02,7.849557399749755859e-01,5.122516751289367676e-01,1.047035157680511475e-01,1.077000000000000000e+03,1.133211791992187500e+03
-1.500000059604644775e-01,-6.000000238418579102e-01,4.317300021648406982e-02,-5.332043766975402832e-01,1.070737123489379883e+00,5.679548531770706177e-02,3.835000000000000000e+03,3.973138427734375000e+03
0.000000000000000000e+00,6.961627006530761719e-01,-2.078137099742889404e-01,3.348651528358459473e-01,1.039454221725463867e+00,5.253226310014724731e-02,3.151000000000000000e+03,3.639846923828125000e+03
1.408523600548505783e-02,-4.499999880790710449e-01,-4.322953894734382629e-02,-4.942862093448638916e-01,4.177137315273284912e-01,1.198903173208236694e-01,1.260000000000000000e+03,1.297667846679687500e+03
6.961627006530761719e-01,-2.704144418239593506e-01,6.849740743637084961e-01,3.709058091044425964e-02,7.317016124725341797e-01,1.321938186883926392e-01,1.872000000000000000e+03,2.191065673828125000e+03
-3.159509599208831787e-01,8.366124629974365234e-01,-1.484660357236862183e-01,8.096953034400939941e-01,5.384927988052368164e-01,7.732957601547241211e-02,1.695000000000000000e+03,1.859196533203125000e+03
5.780639871954917908e-02,-8.500000238418579102e-01,1.131248697638511658e-01,-1.032739996910095215e+00,7.755536437034606934e-01,5.680039152503013611e-02,2.761000000000000000e+03,2.926252441406250000e+03
2.497080713510513306e-02,-7.700559496879577637e-01,2.434915900230407715e-01,-9.209439754486083984e-01,8.683788180351257324e-01,7.535985112190246582e-02,2.900000000000000000e+03,3.165046386718750000e+03
6.961627006530761719e-01,3.221365213394165039e-01,5.864272713661193848e-01,1.636603325605392456e-01,8.553614020347595215e-01,6.286586821079254150e-02,2.193000000000000000e+03,2.302927001953125000e+03
6.379825472831726074e-01,-2.330135107040405273e-01,7.703773379325866699e-01,8.951284736394882202e-02,8.500475287437438965e-01,1.646166890859603882e-01,3.053000000000000000e+03,3.548565917968750000e+03
-8.500000238418579102e-01,3.518115580081939697e-01,-9.028578996658325195e-01,1.610463559627532959e-01,7.262668609619140625e-01,8.035445213317871094e-02,2.567000000000000000e+03,2.754381103515625000e+03
6.961627006530761719e-01,-2.166139483451843262e-01,7.218459248542785645e-01,-2.675898969173431396e-01,6.857523322105407715e-01,7.455658912658691406e-02,2.172000000000000000e+03,2.186961914062500000e+03
-7.500000000000000000e-01,-1.485576480627059937e-01,-5.298174023628234863e-01,-2.888653874397277832e-01,7.169336676597595215e-01,7.065470516681671143e-02,2.686000000000000000e+03,3.031479736328125000e+03
-3.000000119209289551e-01,5.173884034156799316e-01,-3.382103443145751953e-01,1.776058524847030640e-01,1.014125108718872070e+00,8.032921701669692993e-02,3.702000000000000000e+03,4.112013671875000000e+03
-6.999999880790710449e-01,-2.000000029802322388e-01,-7.127990126609802246e-01,-3.099658191204071045e-01,9.379755854606628418e-01,7.081559300422668457e-02,2.946000000000000000e+03,2.986961914062500000e+03
3.562291860580444336e-01,4.545493423938751221e-01,2.053525894880294800e-01,9.794637560844421387e-02,8.640905618667602539e-01,6.512882560491561890e-02,3.732000000000000000e+03,4.451563964843750000e+03
6.961627006530761719e-01,-4.499999880790710449e-01,6.884707212448120117e-01,-3.690678477287292480e-01,7.239844799041748047e-01,1.495479047298431396e-01,1.408000000000000000e+03,1.425732177734375000e+03
9.482004493474960327e-02,5.173884034156799316e-01,4.623157531023025513e-02,9.569398164749145508e-01,1.074037909507751465e+00,6.334152072668075562e-02,3.873000000000000000e+03,4.506415527343750000e+03
-4.183409512042999268e-01,-7.500000000000000000e-01,-3.027408123016357422e-01,-7.375472187995910645e-01,5.808361172676086426e-01,6.602454185485839844e-02,2.039000000000000000e+03,2.119885253906250000e+03
8.489102870225906372e-02,4.545493423938751221e-01,4.407726973295211792e-02,4.747313857078552246e-01,6.320157051086425781e-01,7.883103936910629272e-02,1.851000000000000000e+03,1.860548339843750000e+03
-6.999999880790710449e-01,-1.188199892640113831e-01,-5.299532413482666016e-01,-4.612080454826354980e-01,9.964493513107299805e-01,5.887659266591072083e-02,3.638000000000000000e+03,4.157160644531250000e+03
9.974640011787414551e-01,-8.338994532823562622e-02,1.045277595520019531e+00,-1.367088854312896729e-01,4.577433764934539795e-01,7.490038871765136719e-02,1.953000000000000000e+03,2.000365600585937500e+03
-4.672468006610870361e-01,3.896152675151824951e-01,-4.003598392009735107e-01,5.705736279487609863e-01,5.701127052307128906e-01,1.892795562744140625e-01,9.870000000000000000e+02,1.097191284179687500e+03
-6.692624092102050781e-01,-1.834094338119029999e-02,-4.469580054283142090e-01,-2.126367092132568359e-01,1.094647884368896484e+00,5.611787736415863037e-02,3.974000000000000000e+03,4.257650878906250000e+03
-4.000000059604644775e-01,-4.499999880790710449e-01,-4.941548407077789307e-01,-3.654994368553161621e-01,6.181496977806091309e-01,9.831137955188751221e-02,1.913000000000000000e+03,1.992312133789062500e+03
-3.194370865821838379e-02,-7.500000000000000000e-01,-1.021190509200096130e-01,-8.540534377098083496e-01,8.190294504165649414e-01,5.795263126492500305e-02,2.965000000000000000e+03,3.033991699218750000e+03
2.306877970695495605e-01,6.961627006530761719e-01,2.493981085717678070e-02,8.509322404861450195e-01,7.247354388236999512e-01,1.424905210733413696e-01,1.157000000000000000e+03,1.299017211914062500e+03
-1.641935110092163086e-01,-6.999999880790710449e-01,-1.145277172327041626e-01,-5.830243825912475586e-01,6.006445884704589844e-01,7.948292791843414307e-02,2.160000000000000000e+03,2.255550048828125000e+03
6.672313809394836426e-01,5.481259822845458984e-01,6.564082503318786621e-01,5.035793185234069824e-01,5.879300236701965332e-01,8.116701990365982056e-02,1.997000000000000000e+03,2.009122192382812500e+03
-3.887553811073303223e-01,6.961627006530761719e-01,-3.878166377544403076e-01,7.149721980094909668e-01,5.647168755531311035e-01,8.976598083972930908e-02,1.344000000000000000e+03,1.345511230468750000e+03
5.173884034156799316e-01,-3.499999940395355225e-01,7.210231423377990723e-01,-3.705241978168487549e-01,1.026896357536315918e+00,5.564784258604049683e-02,3.607000000000000000e+03,3.749290771484375000e+03
4.545493423938751221e-01,-3.000000119209289551e-01,2.782710194587707520e-01,-4.060361981391906738e-01,9.155905246734619141e-01,6.482584774494171143e-02,2.800000000000000000e+03,2.939640625000000000e+03
9.482004493474960327e-02,-5.500000119209289551e-01,-3.854126855731010437e-02,-7.453955411911010742e-01,9.112535119056701660e-01,6.575866788625717163e-02,3.728000000000000000e+03,3.975385498046875000e+03
4.223684668540954590e-01,2.462217807769775391e-01,3.309521973133087158e-01,7.884923368692398071e-02,8.950508832931518555e-01,7.533945143222808838e-02,2.637000000000000000e+03,2.755526611328125000e+03
-5.000000000000000000e-01,1.345701515674591064e-01,-3.962685465812683105e-01,3.654274344444274902e-01,7.028352022171020508e-01,7.380542904138565063e-02,3.076000000000000000e+03,3.464026855468750000e+03
-2.342482805252075195e-01,-5.500000119209289551e-01,-2.379213273525238037e-01,-8.097249865531921387e-01,8.943098187446594238e-01,6.833669543266296387e-02,2.065000000000000000e+03,2.236177734375000000e+03
-2.000000029802322388e-01,6.961627006530761719e-01,-2.513852417469024658e-01,8.966830372810363770e-01,5.638744235038757324e-01,1.144668906927108765e-01,1.599000000000000000e+03,1.807880371093750000e+03
2.145627290010452271e-01,-5.500000119209289551e-01,2.527033165097236633e-02,-4.679274260997772217e-01,8.965377211570739746e-01,8.251056820154190063e-02,2.807000000000000000e+03,2.953505615234375000e+03
6.961627006530761719e-01,1.258073449134826660e-01,6.497174501419067383e-01,-3.964088857173919678e-01,9.133235812187194824e-01,1.120756343007087708e-01,2.433000000000000000e+03,3.187836914062500000e+03
-8.000000119209289551e-01,2.679831087589263916e-01,-8.592624068260192871e-01,2.026776373386383057e-01,5.447422266006469727e-01,6.489399075508117676e-02,1.457000000000000000e+03,1.495052001953125000e+03
-3.151089549064636230e-01,-5.500000119209289551e-01,-2.415179908275604248e-01,-4.853437244892120361e-01,5.024260878562927246e-01,8.066904544830322266e-02,1.372000000000000000e+03,1.423739746093750000e+03
-4.499999880790710449e-01,-5.500000119209289551e-01,-4.728267788887023926e-01,-4.586913883686065674e-01,5.954929590225219727e-01,8.477228879928588867e-02,1.848000000000000000e+03,1.893744262695312500e+03
6.961627006530761719e-01,-1.843713521957397461e-01,6.751613616943359375e-01,5.036343634128570557e-02,8.000907301902770996e-01,1.137000322341918945e-01,2.931000000000000000e+03,3.180295898437500000e+03
-2.500000000000000000e-01,6.672313809394836426e-01,-1.605931073427200317e-01,5.132946372032165527e-01,9.021469354629516602e-01,5.855494737625122070e-02,3.417000000000000000e+03,3.548807373046875000e+03
6.379825472831726074e-01,5.784529447555541992e-01,4.507931470870971680e-01,8.565330505371093750e-01,7.771024107933044434e-01,1.244199126958847046e-01,2.253000000000000000e+03,2.656148681640625000e+03
-2.000000029802322388e-01,-4.499999880790710449e-01,-3.338049948215484619e-01,-2.363170683383941650e-01,5.244398117065429688e-01,1.992092430591583252e-01,6.150000000000000000e+02,7.506351928710937500e+02
-5.000000000000000000e-01,-3.172467947006225586e-01,-6.888118982315063477e-01,-2.941478490829467773e-01,5.801453590393066406e-01,8.655678480863571167e-02,2.044000000000000000e+03,2.258855468750000000e+03
4.545493423938751221e-01,2.313616313040256500e-02,4.899996519088745117e-01,3.041822016239166260e-01,7.095901966094970703e-01,1.049732267856597900e-01,2.274000000000000000e+03,2.624131347656250000e+03
5.481259822845458984e-01,5.481259822845458984e-01,7.596744894981384277e-01,5.626285076141357422e-01,7.423102855682373047e-01,6.832017004489898682e-02,2.845000000000000000e+03,3.072815185546875000e+03
-3.499999940395355225e-01,6.083970069885253906e-01,-7.116959095001220703e-01,5.313223004341125488e-01,8.752775192260742188e-01,7.136135548353195190e-02,3.088000000000000000e+03,3.618281005859375000e+03
5.173884034156799316e-01,3.896152675151824951e-01,3.511661887168884277e-01,3.506109714508056641e-01,1.025376200675964355e+00,6.582990288734436035e-02,3.327000000000000000e+03,3.418564697265625000e+03
-3.342482745647430420e-01,-6.000000238418579102e-01,-3.079356551170349121e-01,-5.584104657173156738e-01,5.190395712852478027e-01,6.288380175828933716e-02,1.540000000000000000e+03,1.553821899414062500e+03
5.481259822845458984e-01,-3.672468066215515137e-01,2.371426075696945190e-01,-2.455366402864456177e-01,1.016778111457824707e+00,8.401157706975936890e-02,3.835000000000000000e+03,4.238116699218750000e+03
-5.683409571647644043e-01,2.872454822063446045e-01,-6.116907000541687012e-01,6.159064769744873047e-01,9.798920154571533203e-01,7.867231965065002441e-02,3.285000000000000000e+03,3.651746337890625000e+03
2.145627290010452271e-01,2.145627290010452271e-01,-8.779839426279067993e-02,2.670759260654449463e-01,8.971403241157531738e-01,6.886872649192810059e-02,2.897000000000000000e+03,3.226931640625000000e+03
-7.700559496879577637e-01,1.724607348442077637e-01,-5.494669079780578613e-01,2.453876435756683350e-01,7.630645036697387695e-01,6.861686706542968750e-02,2.735000000000000000e+03,2.982878906250000000e+03
-1.159073337912559509e-01,6.961627006530761719e-01,-4.437486454844474792e-02,6.896061301231384277e-01,8.397929072380065918e-01,8.997568488121032715e-02,2.668000000000000000e+03,2.687523925781250000e+03
6.961627006530761719e-01,8.687628805637359619e-02,6.476402878761291504e-01,2.776866257190704346e-01,8.187058568000793457e-01,1.233055517077445984e-01,2.245000000000000000e+03,2.373052734375000000e+03
4.545493423938751221e-01,5.000000074505805969e-02,4.573049247264862061e-01,2.799586653709411621e-01,1.115007281303405762e+00,6.354174762964248657e-02,4.543000000000000000e+03,4.734457519531250000e+03
-2.500000000000000000e-01,-8.500000238418579102e-01,-1.314073055982589722e-01,-7.062786817550659180e-01,6.433340907096862793e-01,7.801423221826553345e-02,2.379000000000000000e+03,2.574514404296875000e+03
-6.000000238418579102e-01,2.104970067739486694e-01,-9.040535092353820801e-01,-1.233834996819496155e-01,1.047666788101196289e+00,5.397785082459449768e-02,3.269000000000000000e+03,3.851767578125000000e+03
-8.500000238418579102e-01,-4.785249009728431702e-02,-1.015357017517089844e+00,-1.696842722594738007e-02,6.341519951820373535e-01,2.595686912536621094e-01,3.699000000000000000e+03,3.954789062500000000e+03
2.080634087324142456e-01,6.961627006530761719e-01,-6.914423406124114990e-02,7.221506237983703613e-01,1.015006422996520996e+00,5.980346351861953735e-02,3.532000000000000000e+03,3.793296630859375000e+03
5.000000074505805969e-02,-5.500000119209289551e-01,-3.460033237934112549e-01,-6.984165310859680176e-01,9.505569934844970703e-01,7.414712011814117432e-02,2.900000000000000000e+03,3.450865722656250000e+03
-6.692624092102050781e-01,-1.814646571874618530e-01,-3.778202533721923828e-01,-1.807335764169692993e-01,7.665664553642272949e-01,6.572784483432769775e-02,2.501000000000000000e+03,2.851147216796875000e+03
-2.000000029802322388e-01,6.672313809394836426e-01,1.114495694637298584e-01,8.048812150955200195e-01,9.148888587951660156e-01,5.689482763409614563e-02,3.374000000000000000e+03,3.826828857421875000e+03
8.062653243541717529e-02,-6.692624092102050781e-01,5.948717594146728516e-01,-5.048720836639404297e-01,9.935944676399230957e-01,5.725343152880668640e-02,3.309000000000000000e+03,4.232334472656250000e+03
1.855969242751598358e-02,-6.999999880790710449e-01,-3.730138242244720459e-01,-6.313079595565795898e-01,8.233236670494079590e-01,6.662564724683761597e-02,3.099000000000000000e+03,3.787605957031250000e+03
-6.000000238418579102e-01,3.896152675151824951e-01,-7.388647794723510742e-01,1.692960113286972046e-01,5.589944720268249512e-01,1.254338622093200684e-01,1.785000000000000000e+03,2.155823242187500000e+03
6.961627006530761719e-01,1.695905923843383789e-01,6.722267270088195801e-01,3.508020639419555664e-01,6.363528370857238770e-01,1.419709175825119019e-01,1.490000000000000000e+03,1.610353271484375000e+03
5.626273527741432190e-02,-7.196730375289916992e-01,8.523505181074142456e-03,-6.262775659561157227e-01,3.776597380638122559e-01,1.141733601689338684e-01,1.587000000000000000e+03,1.707039916992187500e+03
-2.641935050487518311e-01,-5.683409571647644043e-01,-5.516961216926574707e-01,-6.298924088478088379e-01,8.538666367530822754e-01,7.352474331855773926e-02,2.703000000000000000e+03,3.014523437500000000e+03
-5.500000119209289551e-01,-4.499999880790710449e-01,-1.599815785884857178e-01,-5.088906884193420410e-01,9.179815649986267090e-01,6.701082736253738403e-02,3.537000000000000000e+03,4.165191406250000000e+03
6.961627006530761719e-01,-2.327477559447288513e-02,7.322565317153930664e-01,-9.728965908288955688e-02,8.498730063438415527e-01,1.112257838249206543e-01,2.251000000000000000e+03,2.272086425781250000e+03
5.481259822845458984e-01,5.013426542282104492e-01,5.431305766105651855e-01,5.855225324630737305e-01,4.160580039024353027e-01,9.449736028909683228e-02,9.770000000000000000e+02,1.016844482421875000e+03
-6.499999761581420898e-01,-6.661394238471984863e-02,-5.111789703369140625e-01,3.595871925354003906e-01,1.031928062438964844e+00,6.809465587139129639e-02,3.457000000000000000e+03,4.082564208984375000e+03
-6.499999761581420898e-01,4.545493423938751221e-01,-7.473287582397460938e-01,6.351988911628723145e-01,9.470635652542114258e-01,6.450566649436950684e-02,2.109000000000000000e+03,2.206839599609375000e+03
-2.500000000000000000e-01,4.545493423938751221e-01,-1.223918795585632324e-01,3.872019350528717041e-01,7.022241950035095215e-01,2.969395518302917480e-01,2.946000000000000000e+03,3.068809326171875000e+03
1.184605807065963745e-01,-4.499999880790710449e-01,8.447879552841186523e-02,-4.979558587074279785e-01,5.909999608993530273e-01,2.039104104042053223e-01,1.495000000000000000e+03,1.509756347656250000e+03
5.173884034156799316e-01,1.707469075918197632e-01,5.034612417221069336e-01,2.514327466487884521e-01,6.958856582641601562e-01,5.400522425770759583e-02,2.181000000000000000e+03,2.211059082031250000e+03
-4.499999880790710449e-01,3.221365213394165039e-01,-6.992236971855163574e-01,4.466567039489746094e-01,1.113339304924011230e+00,5.911705642938613892e-02,3.823000000000000000e+03,4.058431640625000000e+03
1.075843498110771179e-01,-5.683409571647644043e-01,-3.099571168422698975e-01,-6.474448442459106445e-01,9.443040490150451660e-01,5.991484969854354858e-02,3.333000000000000000e+03,3.980445068359375000e+03
-3.499999940395355225e-01,1.748126149177551270e-01,-5.039873719215393066e-01,3.393553495407104492e-01,9.572109580039978027e-01,6.679899990558624268e-02,3.214000000000000000e+03,3.389425292968750000e+03
4.657939672470092773e-01,6.379825472831726074e-01,3.894922435283660889e-01,6.656472682952880859e-01,4.442740380764007568e-01,6.601166725158691406e-02,1.399000000000000000e+03,1.445406860351562500e+03
5.481259822845458984e-01,-4.499999880790710449e-01,4.867799580097198486e-01,-6.956444382667541504e-01,9.916468858718872070e-01,6.762603670358657837e-02,3.378000000000000000e+03,3.595003417968750000e+03
-5.688199996948242188e-01,1.188351139426231384e-01,-3.744471967220306396e-01,1.001704409718513489e-01,7.003780007362365723e-01,7.043384760618209839e-02,2.634000000000000000e+03,2.835001953125000000e+03
-3.499999940395355225e-01,6.083970069885253906e-01,2.014951221644878387e-02,6.621750593185424805e-01,9.905947446823120117e-01,7.112456113100051880e-02,3.406000000000000000e+03,3.877399414062500000e+03
6.672313809394836426e-01,-3.854339420795440674e-01,7.230502963066101074e-01,-2.688256800174713135e-01,5.816970467567443848e-01,6.205359473824501038e-02,1.983000000000000000e+03,2.079891845703125000e+03
3.384100794792175293e-01,-6.499999761581420898e-01,2.112116366624832153e-01,-5.634069442749023438e-01,6.732166409492492676e-01,1.560672521591186523e-01,1.390000000000000000e+03,1.461823120117187500e+03
-3.183409571647644043e-01,-6.000000238418579102e-01,-1.760914623737335205e-01,-6.602064371109008789e-01,6.652874946594238281e-01,6.256591528654098511e-02,2.801000000000000000e+03,2.950142578125000000e+03
-4.000000059604644775e-01,0.000000000000000000e+00,-8.101188540458679199e-01,-2.282921969890594482e-01,1.218436956405639648e+00,5.764793977141380310e-02,4.417000000000000000e+03,5.052157226562500000e+03
-2.132724821567535400e-01,6.083970069885253906e-01,-1.723019778728485107e-01,5.855385661125183105e-01,3.709533512592315674e-01,1.267528831958770752e-01,8.640000000000000000e+02,8.777680053710937500e+02
5.784529447555541992e-01,1.366542428731918335e-01,2.635215222835540771e-01,8.694573491811752319e-02,1.003554224967956543e+00,7.042929530143737793e-02,2.677000000000000000e+03,2.940629394531250000e+03
4.862083792686462402e-01,4.223684668540954590e-01,4.204339087009429932e-01,5.140514969825744629e-01,4.670629501342773438e-01,7.509054243564605713e-02,1.087000000000000000e+03,1.149605468750000000e+03
8.090378642082214355e-01,4.602080881595611572e-01,7.252405285835266113e-01,4.809890091419219971e-01,5.146660208702087402e-01,9.941723942756652832e-02,1.641000000000000000e+03,1.686750244140625000e+03
5.000000074505805969e-02,-6.000000238418579102e-01,4.310511648654937744e-01,-7.149471044540405273e-01,1.055848598480224609e+00,5.616842955350875854e-02,4.220000000000000000e+03,4.801823242187500000e+03
-3.499999940395355225e-01,3.896152675151824951e-01,-4.999033212661743164e-01,5.478851199150085449e-01,1.163385152816772461e+00,5.431822314858436584e-02,3.387000000000000000e+03,3.504808349609375000e+03
-7.196730375289916992e-01,6.379825472831726074e-01,-7.024842500686645508e-01,5.874610543251037598e-01,6.282920837402343750e-01,6.856422871351242065e-02,2.043000000000000000e+03,2.057772705078125000e+03
-4.000000059604644775e-01,-3.151089549064636230e-01,-5.198315382003784180e-01,5.271804705262184143e-02,1.055813908576965332e+00,7.268925011157989502e-02,3.923000000000000000e+03,4.433488769531250000e+03
3.562291860580444336e-01,-8.000000119209289551e-01,2.155280411243438721e-01,-6.566003561019897461e-01,7.976627945899963379e-01,8.528582006692886353e-02,3.165000000000000000e+03,3.362687500000000000e+03
-6.499999761581420898e-01,-3.499999940395355225e-01,-4.290113747119903564e-01,-1.870264858007431030e-01,8.258416652679443359e-01,1.333799362182617188e-01,1.678000000000000000e+03,1.858703247070312500e+03
6.961627006530761719e-01,-7.541260123252868652e-02,6.896671056747436523e-01,-8.540411293506622314e-02,7.604975104331970215e-01,5.887624248862266541e-02,2.460000000000000000e+03,2.460591308593750000e+03
-1.781912706792354584e-02,6.961627006530761719e-01,6.947360932826995850e-02,6.949616670608520508e-01,8.719608187675476074e-01,6.848534196615219116e-02,3.082000000000000000e+03,3.112735839843750000e+03
1.770705431699752808e-01,-7.196730375289916992e-01,-1.273846477270126343e-01,-8.690267205238342285e-01,8.067112565040588379e-01,7.715699821710586548e-02,2.736000000000000000e+03,3.202326660156250000e+03
8.665423840284347534e-02,-8.000000119209289551e-01,3.503426909446716309e-01,-9.185886979103088379e-01,7.047949433326721191e-01,6.260156631469726562e-02,2.988000000000000000e+03,3.473014892578125000e+03
-5.000000000000000000e-01,2.145627290010452271e-01,-5.770698785781860352e-01,4.659813344478607178e-01,1.124496579170227051e+00,5.548897385597229004e-02,4.218000000000000000e+03,4.445960937500000000e+03
-1.131237149238586426e-01,-6.000000238418579102e-01,-1.279483884572982788e-01,-4.207324683666229248e-01,6.258574128150939941e-01,1.047388836741447449e-01,2.289000000000000000e+03,2.474694580078125000e+03
4.545493423938751221e-01,-5.683409571647644043e-01,6.336433887481689453e-01,-7.530983090400695801e-01,9.924362301826477051e-01,4.894269257783889771e-02,2.639000000000000000e+03,2.813314697265625000e+03
-5.683409571647644043e-01,-3.659073412418365479e-01,-3.740333020687103271e-01,-2.893423736095428467e-01,8.971808552742004395e-01,6.118568032979965210e-02,3.523000000000000000e+03,3.711520996093750000e+03
5.173884034156799316e-01,6.961627006530761719e-01,7.709703445434570312e-01,7.775038480758666992e-01,7.774535417556762695e-01,6.538593024015426636e-02,2.606000000000000000e+03,2.903971191406250000e+03
-9.499999880790710449e-01,-2.051799446344375610e-01,-1.069588065147399902e+00,-1.942743360996246338e-01,4.976080656051635742e-01,5.644477158784866333e-02,1.304000000000000000e+03,1.378740600585937500e+03
4.207952618598937988e-01,4.862083792686462402e-01,2.078374773263931274e-01,3.971618413925170898e-01,1.053570747375488281e+00,5.382951721549034119e-02,3.252000000000000000e+03,3.406046630859375000e+03
2.872454822063446045e-01,2.872454822063446045e-01,2.587313055992126465e-01,4.122264683246612549e-01,5.852182507514953613e-01,6.439383327960968018e-02,1.702000000000000000e+03,1.782623413085937500e+03
-1.000000000000000000e+00,1.077729556709527969e-02,-1.059721708297729492e+00,1.933455616235733032e-01,6.173952817916870117e-01,1.002061367034912109e-01,1.679000000000000000e+03,1.837657958984375000e+03
3.221365213394165039e-01,-5.000000000000000000e-01,3.166738450527191162e-01,-5.250393152236938477e-01,9.075449109077453613e-01,5.659816786646842957e-02,3.133000000000000000e+03,3.135459716796875000e+03
-6.499999761581420898e-01,5.000000074505805969e-02,-5.740050673484802246e-01,-2.107827663421630859e-01,1.013763070106506348e+00,7.181004434823989868e-02,3.596000000000000000e+03,3.850365966796875000e+03
-2.000000029802322388e-01,-6.188200116157531738e-01,7.548215985298156738e-02,-3.343946039676666260e-01,1.081003069877624512e+00,5.901826918125152588e-02,3.119000000000000000e+03,3.524866455078125000e+03
-6.999999880790710449e-01,-1.172467991709709167e-01,-6.021487116813659668e-01,5.148020014166831970e-02,6.837593317031860352e-01,9.526692330837249756e-02,2.984000000000000000e+03,3.221908691406250000e+03
-4.499999880790710449e-01,5.672313570976257324e-01,-4.750260412693023682e-01,4.857158362865447998e-01,4.701786935329437256e-01,7.491633296012878418e-02,1.437000000000000000e+03,1.483815795898437500e+03
6.961627006530761719e-01,3.221365213394165039e-01,6.789931058883666992e-01,5.660119056701660156e-01,8.657563328742980957e-01,6.656818836927413940e-02,3.212000000000000000e+03,3.463655517578125000e+03
-1.000000000000000000e+00,-1.751588098704814911e-02,-1.102357625961303711e+00,-6.383001804351806641e-02,5.347002148628234863e-01,7.859506458044052124e-02,2.273000000000000000e+03,2.372479492187500000e+03
-4.672468006610870361e-01,4.223684668540954590e-01,-4.159023165702819824e-01,3.962706327438354492e-01,9.601235389709472656e-01,5.754574760794639587e-02,3.417000000000000000e+03,3.429379394531250000e+03
-3.499999940395355225e-01,-7.500000000000000000e-01,-4.750061631202697754e-01,-6.351410746574401855e-01,8.207020759582519531e-01,5.969621241092681885e-02,3.209000000000000000e+03,3.344974609375000000e+03
2.872454822063446045e-01,-2.641935050487518311e-01,2.669427692890167236e-01,-2.411782741546630859e-01,5.013421177864074707e-01,8.064908534288406372e-02,1.586000000000000000e+03,1.591940185546875000e+03
-6.419350951910018921e-02,-5.500000119209289551e-01,-1.316087543964385986e-01,-6.333379149436950684e-01,9.946648478507995605e-01,7.189036160707473755e-02,3.098000000000000000e+03,3.133853271484375000e+03
-6.000000238418579102e-01,4.862083792686462402e-01,-6.805296540260314941e-01,4.470013976097106934e-01,4.370274841785430908e-01,7.016170769929885864e-02,1.342000000000000000e+03,1.397943725585937500e+03
1.203392520546913147e-01,5.481259822845458984e-01,3.130596280097961426e-01,6.388975381851196289e-01,9.383181333541870117e-01,7.787904888391494751e-02,2.865000000000000000e+03,3.010814453125000000e+03
4.631399177014827728e-03,7.247940897941589355e-01,2.413596510887145996e-01,4.968576729297637939e-01,9.328488707542419434e-01,6.692118942737579346e-02,2.827000000000000000e+03,3.168605224609375000e+03
-1.500000059604644775e-01,5.161524415016174316e-01,1.039053127169609070e-01,2.083460688591003418e-01,8.343266844749450684e-01,9.367424249649047852e-02,2.796000000000000000e+03,3.405760498046875000e+03
-6.999999880790710449e-01,1.651592999696731567e-01,-4.232479631900787354e-01,-1.080536022782325745e-01,9.458386898040771484e-01,7.602117210626602173e-02,3.575000000000000000e+03,4.157484375000000000e+03
6.083970069885253906e-01,4.207952618598937988e-01,4.803127646446228027e-01,4.405657649040222168e-01,5.751338601112365723e-01,7.574590295553207397e-02,1.938000000000000000e+03,2.035144775390625000e+03
4.545493423938751221e-01,6.379825472831726074e-01,3.766696155071258545e-01,6.085933446884155273e-01,7.843677401542663574e-01,6.638704985380172729e-02,2.740000000000000000e+03,2.770805419921875000e+03
-3.678191304206848145e-01,-5.500000119209289551e-01,-2.339924722909927368e-01,-6.648430228233337402e-01,9.932204484939575195e-01,5.995785817503929138e-02,3.265000000000000000e+03,3.366934082031250000e+03
-8.051799535751342773e-01,-6.499999761581420898e-01,-8.654592037200927734e-01,-7.830319404602050781e-01,5.589209794998168945e-01,2.070588171482086182e-01,8.430000000000000000e+02,8.997177734375000000e+02
5.000000074505805969e-02,6.379825472831726074e-01,-1.500353813171386719e-01,3.126288354396820068e-01,1.076354265213012695e+00,6.449044495820999146e-02,3.270000000000000000e+03,3.669811279296875000e+03
5.173884034156799316e-01,4.203528761863708496e-01,8.040506392717361450e-02,1.268202215433120728e-01,9.445177316665649414e-01,1.343221217393875122e-01,1.786000000000000000e+03,2.308204345703125000e+03
4.852869510650634766e-01,6.961627006530761719e-01,3.649668395519256592e-01,8.708347678184509277e-01,6.085217595100402832e-01,8.826325088739395142e-02,1.969000000000000000e+03,2.201376220703125000e+03
1.764043420553207397e-01,-1.000000014901161194e-01,6.613182276487350464e-02,-6.024150922894477844e-02,7.642663121223449707e-01,6.748389452695846558e-02,2.930000000000000000e+03,2.998653320312500000e+03
-8.000000119209289551e-01,3.896152675151824951e-01,-8.355773091316223145e-01,4.045426547527313232e-01,6.252098679542541504e-01,5.775142461061477661e-02,2.572000000000000000e+03,2.581792968750000000e+03
5.000000074505805969e-02,4.545493423938751221e-01,4.379594698548316956e-03,4.540076851844787598e-01,6.589331626892089844e-01,6.383451819419860840e-02,1.965000000000000000e+03,1.974434082031250000e+03
0.000000000000000000e+00,-6.999999880790710449e-01,-1.018679961562156677e-01,-2.536028027534484863e-01,1.041886329650878906e+00,5.911616235971450806e-02,4.305000000000000000e+03,5.101666503906250000e+03
-3.499999940395355225e-01,6.961627006530761719e-01,-5.514711141586303711e-03,7.225989103317260742e-01,9.061614871025085449e-01,7.292383164167404175e-02,2.538000000000000000e+03,2.894689697265625000e+03
6.961627006530761719e-01,-2.707512080669403076e-01,7.753337025642395020e-01,-3.094781935214996338e-01,7.202623486518859863e-01,6.462463736534118652e-02,2.639000000000000000e+03,2.678324218750000000e+03
5.481259822845458984e-01,-5.179951898753643036e-03,6.937510967254638672e-01,-1.296648979187011719e-01,8.185411691665649414e-01,7.594879716634750366e-02,2.547000000000000000e+03,2.684652343750000000e+03
5.784529447555541992e-01,2.514390051364898682e-01,6.657372117042541504e-01,2.857871651649475098e-01,9.474670290946960449e-01,6.991761922836303711e-02,3.206000000000000000e+03,3.237318847656250000e+03
-3.000000119209289551e-01,5.481259822845458984e-01,-3.789694905281066895e-01,6.466312408447265625e-01,8.555734157562255859e-01,7.013092190027236938e-02,3.260000000000000000e+03,3.330674316406250000e+03
-1.000000014901161194e-01,6.961627006530761719e-01,-2.194051444530487061e-01,7.219091057777404785e-01,9.432922005653381348e-01,5.792731046676635742e-02,2.936000000000000000e+03,2.985135253906250000e+03
-5.500000119209289551e-01,1.476368010044097900e-01,-7.704556584358215332e-01,5.232210755348205566e-01,1.076256752014160156e+00,6.550698727369308472e-02,3.354000000000000000e+03,3.884256103515625000e+03
-6.188200116157531738e-01,9.482004493474960327e-02,-4.404815137386322021e-01,5.505256727337837219e-02,8.753377795219421387e-01,6.993421912193298340e-02,3.452000000000000000e+03,3.600663330078125000e+03
2.441482841968536377e-01,-5.500000119209289551e-01,2.220234125852584839e-01,-6.732320785522460938e-01,7.321436405181884766e-01,7.218601554632186890e-02,2.084000000000000000e+03,2.144371337890625000e+03
-5.000000000000000000e-01,2.896152436733245850e-01,-4.530252516269683838e-01,2.213451564311981201e-01,4.007644057273864746e-01,1.027928367257118225e-01,9.470000000000000000e+02,9.871271362304687500e+02
-1.659073382616043091e-01,-5.500000119209289551e-01,-9.409054182469844818e-03,-5.393229722976684570e-01,6.986306905746459961e-01,6.964277476072311401e-02,2.997000000000000000e+03,3.146465332031250000e+03
-6.499999761581420898e-01,-2.698579989373683929e-02,-8.348919153213500977e-01,-6.871053576469421387e-02,9.575793147087097168e-01,6.822298467159271240e-02,3.778000000000000000e+03,3.924554443359375000e+03
4.545493423938751221e-01,4.223684668540954590e-01,3.515013456344604492e-01,2.481900602579116821e-01,9.720976948738098145e-01,6.340492516756057739e-02,3.217000000000000000e+03,3.354797363281250000e+03
5.784529447555541992e-01,-1.351697295904159546e-01,7.099483013153076172e-01,-3.835578560829162598e-01,9.926961660385131836e-01,7.323608547449111938e-02,3.525000000000000000e+03,3.802388671875000000e+03
-8.500000238418579102e-01,-3.000000119209289551e-01,-8.196737170219421387e-01,-4.904938042163848877e-01,7.311504483222961426e-01,6.464572250843048096e-02,2.673000000000000000e+03,2.856163818359375000e+03
2.644106447696685791e-01,6.961627006530761719e-01,3.160966336727142334e-01,6.737509369850158691e-01,6.147022247314453125e-01,6.215211004018783569e-02,1.976000000000000000e+03,1.992604614257812500e+03
-4.499999880790710449e-01,-3.659073412418365479e-01,-4.044752418994903564e-01,-5.062628388404846191e-01,1.010990619659423828e+00,7.330541312694549561e-02,3.081000000000000000e+03,3.146362060546875000e+03
-4.499999880790710449e-01,4.545493423938751221e-01,8.419036865234375000e-03,2.280868738889694214e-01,1.100721240043640137e+00,5.309737473726272583e-02,3.747000000000000000e+03,4.519628417968750000e+03
-6.000000238418579102e-01,8.218087255954742432e-02,-2.861789762973785400e-01,1.291946917772293091e-01,1.016328334808349609e+00,6.034169346094131470e-02,2.592000000000000000e+03,2.838972167968750000e+03
-1.419351249933242798e-02,2.514390051364898682e-01,-2.872094213962554932e-01,2.198866903781890869e-01,8.671250939369201660e-01,6.667935103178024292e-02,3.611000000000000000e+03,3.965150634765625000e+03
-6.999999880790710449e-01,2.145627290010452271e-01,-6.316217184066772461e-01,6.411679834127426147e-02,9.046577811241149902e-01,7.362490147352218628e-02,3.573000000000000000e+03,3.691521484375000000e+03
-5.500000119209289551e-01,-3.499999940395355225e-01,-6.290602087974548340e-01,-1.788116842508316040e-01,6.093135476112365723e-01,1.522072702646255493e-01,2.268000000000000000e+03,2.480541748046875000e+03
1.764043420553207397e-01,4.223684668540954590e-01,5.632832646369934082e-01,3.211666941642761230e-01,1.073426365852355957e+00,7.388029992580413818e-02,3.742000000000000000e+03,4.246157226562500000e+03
-6.999999880790710449e-01,-2.159073352813720703e-01,-7.695734500885009766e-01,-4.134747087955474854e-01,7.598570585250854492e-01,7.123775780200958252e-02,2.384000000000000000e+03,2.561943115234375000e+03
6.672313809394836426e-01,4.526953995227813721e-01,7.723820805549621582e-01,5.914931893348693848e-01,7.646951675415039062e-01,6.880269199609756470e-02,2.742000000000000000e+03,2.882261718750000000e+03
6.672313809394836426e-01,2.503692209720611572e-01,4.185737371444702148e-01,5.557467788457870483e-02,9.375163912773132324e-01,1.111738681793212891e-01,2.797000000000000000e+03,3.106780517578125000e+03
-1.000000014901161194e-01,6.961627006530761719e-01,2.543384730815887451e-01,7.610888481140136719e-01,9.252297878265380859e-01,7.019811868667602539e-02,3.042000000000000000e+03,3.487845703125000000e+03
6.961627006530761719e-01,-5.000000074505805969e-02,3.207180798053741455e-01,-2.496770471334457397e-01,1.115089654922485352e+00,7.569164782762527466e-02,2.999000000000000000e+03,3.422093994140625000e+03
-1.473719924688339233e-01,-6.000000238418579102e-01,8.370433002710342407e-02,-7.041690945625305176e-01,9.115783572196960449e-01,8.741656690835952759e-02,2.853000000000000000e+03,3.069755126953125000e+03
-4.169020056724548340e-02,-7.500000000000000000e-01,2.096614986658096313e-01,-9.774561524391174316e-01,9.227836132049560547e-01,5.799509212374687195e-02,2.720000000000000000e+03,3.076696044921875000e+03
-4.499999880790710449e-01,2.855316698551177979e-01,-2.802124619483947754e-01,1.749757081270217896e-01,1.153047084808349609e+00,6.341288983821868896e-02,3.787000000000000000e+03,3.903064941406250000e+03
4.862083792686462402e-01,3.221365213394165039e-01,3.736962080001831055e-01,3.561052680015563965e-01,7.794157266616821289e-01,5.755197256803512573e-02,2.653000000000000000e+03,2.713025146484375000e+03
-7.359036803245544434e-02,7.531411051750183105e-01,-3.182567656040191650e-01,8.142387270927429199e-01,6.251024007797241211e-01,1.083859056234359741e-01,1.726000000000000000e+03,1.996823364257812500e+03
-4.545066878199577332e-02,-1.049999952316284180e+00,7.728627417236566544e-03,-1.008287310600280762e+00,4.493185281753540039e-01,1.856170147657394409e-01,1.507000000000000000e+03,1.540856445312500000e+03
-8.500000238418579102e-01,-7.698579877614974976e-02,-9.784587025642395020e-01,-2.662510573863983154e-01,7.994090318679809570e-01,6.312467157840728760e-02,2.947000000000000000e+03,3.184010253906250000e+03
1.662398129701614380e-01,6.379825472831726074e-01,8.834208548069000244e-02,8.982549905776977539e-01,1.019253849983215332e+00,5.537797510623931885e-02,3.376000000000000000e+03,3.611583984375000000e+03
3.513283133506774902e-01,-5.692623853683471680e-01,2.659336030483245850e-01,-5.486267805099487305e-01,4.438137710094451904e-01,9.573121368885040283e-02,1.335000000000000000e+03,1.386786743164062500e+03
1.562291979789733887e-01,-1.000000000000000000e+00,1.064020916819572449e-01,-1.028475284576416016e+00,5.073696970939636230e-01,7.235250622034072876e-02,1.378000000000000000e+03,1.395514648437500000e+03
4.862083792686462402e-01,9.482004493474960327e-02,2.778556346893310547e-01,-1.985408961772918701e-01,1.168416142463684082e+00,6.040914356708526611e-02,4.281000000000000000e+03,4.678858398437500000e+03
5.173884034156799316e-01,6.083970069885253906e-01,3.950022161006927490e-01,7.898049354553222656e-01,7.196812629699707031e-01,7.648285478353500366e-02,2.286000000000000000e+03,2.493185058593750000e+03
-5.000000074505805969e-02,-6.000000238418579102e-01,7.659754157066345215e-02,-2.313432246446609497e-01,8.047097921371459961e-01,7.101882994174957275e-02,2.869000000000000000e+03,3.511293212890625000e+03
-6.000000238418579102e-01,3.221365213394165039e-01,-8.661416172981262207e-01,2.317650020122528076e-01,7.937914133071899414e-01,6.860617548227310181e-02,2.540000000000000000e+03,2.849342285156250000e+03
3.665424138307571411e-02,6.961627006530761719e-01,-1.342231035232543945e-02,8.529046773910522461e-01,5.842190980911254883e-01,9.333068877458572388e-02,2.188000000000000000e+03,2.358677734375000000e+03
-4.183409512042999268e-01,6.083970069885253906e-01,-3.177476525306701660e-01,6.658906936645507812e-01,8.479301929473876953e-01,6.511778384447097778e-02,3.404000000000000000e+03,3.467120117187500000e+03
2.993540763854980469e-01,7.247940897941589355e-01,1.615115255117416382e-01,9.643230438232421875e-01,6.428371071815490723e-01,1.092821806669235229e-01,1.756000000000000000e+03,2.067875488281250000e+03
5.173884034156799316e-01,6.083970069885253906e-01,4.276226758956909180e-01,7.079567909240722656e-01,6.141739487648010254e-01,6.728461384773254395e-02,2.169000000000000000e+03,2.271211914062500000e+03
-6.000000238418579102e-01,-2.159073352813720703e-01,-7.393556237220764160e-01,-1.348377913236618042e-01,5.767905116081237793e-01,6.055526435375213623e-02,2.046000000000000000e+03,2.202820800781250000e+03
3.896152675151824951e-01,-5.500000119209289551e-01,4.554531872272491455e-01,-6.269298791885375977e-01,7.418702244758605957e-01,6.975835561752319336e-02,2.564000000000000000e+03,2.611543945312500000e+03
-3.000000119209289551e-01,3.275320306420326233e-02,-2.937090396881103516e-01,1.239249035716056824e-01,7.366699576377868652e-01,5.397143214941024780e-02,2.391000000000000000e+03,2.427545166015625000e+03
2.213652804493904114e-02,6.961627006530761719e-01,-3.298740833997726440e-02,8.344531059265136719e-01,4.913864731788635254e-01,1.385023295879364014e-01,1.114000000000000000e+03,1.214119140625000000e+03
5.481259822845458984e-01,-2.000000029802322388e-01,3.786042034626007080e-01,-2.139622345566749573e-02,1.068593382835388184e+00,6.208933144807815552e-02,3.892000000000000000e+03,4.096154785156250000e+03
-6.499999761581420898e-01,-1.672467887401580811e-01,-8.600501418113708496e-01,-5.845520496368408203e-01,9.727891683578491211e-01,5.675536394119262695e-02,3.494000000000000000e+03,4.261705566406250000e+03
-1.312371436506509781e-02,6.379825472831726074e-01,-8.856528252363204956e-02,7.517573833465576172e-01,7.351977229118347168e-01,9.254238754510879517e-02,2.656000000000000000e+03,2.746763671875000000e+03
-7.700559496879577637e-01,4.545493423938751221e-01,-7.020999789237976074e-01,5.260344147682189941e-01,5.119416713714599609e-01,8.548345416784286499e-02,1.988000000000000000e+03,2.061277832031250000e+03
-6.692624092102050781e-01,2.145627290010452271e-01,-6.714127063751220703e-01,3.915036320686340332e-01,7.470908761024475098e-01,6.418240070343017578e-02,2.442000000000000000e+03,2.577269775390625000e+03
9.482004493474960327e-02,-6.000000238418579102e-01,-6.277298927307128906e-02,-4.100398719310760498e-01,8.224371671676635742e-01,8.938307315111160278e-02,2.171000000000000000e+03,2.362852294921875000e+03
2.145627290010452271e-01,-6.499999761581420898e-01,1.338995844125747681e-01,-5.401337146759033203e-01,8.887476325035095215e-01,9.846971929073333740e-02,3.349000000000000000e+03,3.427470947265625000e+03
6.672313809394836426e-01,-2.966075018048286438e-02,4.990342557430267334e-01,-3.868332207202911377e-01,7.967401146888732910e-01,6.614964455366134644e-02,3.116000000000000000e+03,3.842993164062500000e+03
1.514390110969543457e-01,5.784529447555541992e-01,5.083369612693786621e-01,3.011370301246643066e-01,1.035278797149658203e+00,7.555069774389266968e-02,3.486000000000000000e+03,4.123919921875000000e+03
-6.000000238418579102e-01,-5.000000000000000000e-01,-4.029759764671325684e-01,-4.555128514766693115e-01,6.678290367126464844e-01,9.705386310815811157e-02,1.917000000000000000e+03,2.088563964843750000e+03
3.338605910539627075e-02,5.173884034156799316e-01,-1.504975855350494385e-01,4.217163920402526855e-01,7.485242486000061035e-01,6.998755782842636108e-02,2.657000000000000000e+03,2.857086669921875000e+03
-1.131237149238586426e-01,-3.499999940395355225e-01,-1.177936047315597534e-01,-2.995685338973999023e-01,3.857358694076538086e-01,1.258033961057662964e-01,1.133000000000000000e+03,1.152423706054687500e+03
-5.500000119209289551e-01,3.384100794792175293e-01,-5.892724990844726562e-01,5.845344662666320801e-01,6.736424565315246582e-01,1.442745774984359741e-01,1.361000000000000000e+03,1.541560302734375000e+03
-1.814403086900711060e-01,6.083970069885253906e-01,-1.508162915706634521e-01,5.146960020065307617e-01,5.229957103729248047e-01,7.835527509450912476e-02,1.377000000000000000e+03,1.425459838867187500e+03
2.872454822063446045e-01,-5.500000119209289551e-01,5.697169899940490723e-01,-5.612371563911437988e-01,9.928290843963623047e-01,5.679233744740486145e-02,3.321000000000000000e+03,3.585777099609375000e+03
-4.000000059604644775e-01,-8.000000119209289551e-01,-2.567369341850280762e-01,-6.338788866996765137e-01,5.731734633445739746e-01,6.793095916509628296e-02,1.744000000000000000e+03,1.990983154296875000e+03
4.545493423938751221e-01,-9.499999880790710449e-01,4.502176046371459961e-01,-1.038523197174072266e+00,5.960234999656677246e-01,6.766810268163681030e-02,2.465000000000000000e+03,2.519210449218750000e+03
-6.499999761581420898e-01,3.221365213394165039e-01,-5.025546550750732422e-01,1.569265872240066528e-01,8.513745069503784180e-01,7.643089443445205688e-02,2.687000000000000000e+03,2.866129394531250000e+03
3.409266844391822815e-02,-6.499999761581420898e-01,-1.064284741878509521e-01,-5.768731832504272461e-01,6.600259542465209961e-01,7.138695567846298218e-02,2.578000000000000000e+03,2.724333984375000000e+03
5.102080702781677246e-01,8.366124629974365234e-01,4.481831192970275879e-01,7.895032167434692383e-01,6.116183400154113770e-01,6.014058738946914673e-02,1.947000000000000000e+03,1.978540649414062500e+03
-6.000000238418579102e-01,5.000000074505805969e-02,-6.837823390960693359e-01,1.534398794174194336e-01,9.625637531280517578e-01,6.278076022863388062e-02,3.573000000000000000e+03,3.640795898437500000e+03
6.961627006530761719e-01,2.145627290010452271e-01,8.604542613029479980e-01,2.828998565673828125e-01,8.775915503501892090e-01,5.633206292986869812e-02,3.196000000000000000e+03,3.326340820312500000e+03
-6.188200116157531738e-01,-5.500000119209289551e-01,-6.948522925376892090e-01,-6.513087153434753418e-01,8.331490755081176758e-01,5.061613023281097412e-02,3.089000000000000000e+03,3.159879394531250000e+03
5.481259822845458984e-01,-6.000000238418579102e-01,5.516190528869628906e-01,-6.522441506385803223e-01,7.618179917335510254e-01,7.640159130096435547e-02,2.490000000000000000e+03,2.501780517578125000e+03
4.223684668540954590e-01,-4.000000059604644775e-01,7.305791974067687988e-02,-8.107346296310424805e-02,9.389538764953613281e-01,8.110316097736358643e-02,3.101000000000000000e+03,3.849443847656250000e+03
-6.499999761581420898e-01,2.145627290010452271e-01,-6.585088968276977539e-01,3.000488281250000000e-01,8.690761327743530273e-01,6.310990452766418457e-02,3.506000000000000000e+03,3.540249511718750000e+03
-1.778634786605834961e-01,-1.000000000000000000e+00,-2.743152081966400146e-01,-1.169997334480285645e+00,6.499410867691040039e-01,6.528227031230926514e-02,1.980000000000000000e+03,2.155714111328125000e+03
-6.200559735298156738e-01,6.083970069885253906e-01,-5.747491121292114258e-01,6.440987586975097656e-01,8.096418380737304688e-01,5.707798153162002563e-02,2.721000000000000000e+03,2.734838867187500000e+03
-6.999999880790710449e-01,2.855316698551177979e-01,-8.507700562477111816e-01,3.269803822040557861e-01,6.348033547401428223e-01,5.488588288426399231e-02,1.815000000000000000e+03,1.923632080078125000e+03
-2.188199907541275024e-01,4.862083792686462402e-01,1.114026606082916260e-01,4.116540849208831787e-01,7.792585492134094238e-01,6.784617900848388672e-02,2.700000000000000000e+03,3.190409179687500000e+03
4.545493423938751221e-01,-4.000000059604644775e-01,1.646043509244918823e-01,-6.256769299507141113e-01,1.131327033042907715e+00,6.122298166155815125e-02,4.271000000000000000e+03,4.710938964843750000e+03
6.961627006530761719e-01,-2.178191244602203369e-01,8.690456151962280273e-01,-2.390733510255813599e-01,8.990380167961120605e-01,6.704115122556686401e-02,3.034000000000000000e+03,3.147120117187500000e+03
6.083970069885253906e-01,-3.151089549064636230e-01,6.661956310272216797e-01,-5.134452581405639648e-01,9.805647134780883789e-01,5.361799150705337524e-02,3.967000000000000000e+03,4.141550292968750000e+03
-5.500000119209289551e-01,6.083970069885253906e-01,-6.291539072990417480e-01,4.482882618904113770e-01,7.804633975028991699e-01,7.148932665586471558e-02,3.199000000000000000e+03,3.364296630859375000e+03
4.545493423938751221e-01,1.366542428731918335e-01,5.926305651664733887e-01,5.356586351990699768e-02,1.149256587028503418e+00,2.292243540287017822e-01,2.277000000000000000e+03,2.321534423828125000e+03
-6.000000238418579102e-01,3.543173968791961670e-01,-2.785522043704986572e-01,2.246045619249343872e-01,9.913870096206665039e-01,6.778613477945327759e-02,2.807000000000000000e+03,3.140896240234375000e+03
3.896152675151824951e-01,1.715452671051025391e-01,4.053413867950439453e-01,6.051767468452453613e-01,1.070934891700744629e+00,5.720301717519760132e-02,3.626000000000000000e+03,4.201424316406250000e+03
-6.692624092102050781e-01,1.224607303738594055e-01,-8.474092483520507812e-01,2.767245769500732422e-01,9.189873933792114258e-01,6.304074823856353760e-02,3.630000000000000000e+03,3.865372314453125000e+03
-9.499999880790710449e-01,6.659828126430511475e-02,-9.197064638137817383e-01,-8.153239637613296509e-02,7.712857127189636230e-01,7.246412336826324463e-02,2.173000000000000000e+03,2.255880859375000000e+03
6.961627006530761719e-01,1.553357094526290894e-01,8.210107684135437012e-01,7.232630252838134766e-02,7.136532664299011230e-01,7.267278432846069336e-02,2.489000000000000000e+03,2.597932861328125000e+03
4.545493423938751221e-01,3.221365213394165039e-01,4.617831408977508545e-01,1.556571722030639648e-01,5.225247144699096680e-01,7.202714681625366211e-02,1.617000000000000000e+03,1.777553710937500000e+03
-5.000000000000000000e-01,6.379825472831726074e-01,-5.238939523696899414e-01,5.067144036293029785e-01,9.108623266220092773e-01,5.686001479625701904e-02,2.712000000000000000e+03,2.769952148437500000e+03
-4.000000059604644775e-01,4.862083792686462402e-01,-6.943744421005249023e-01,3.443345129489898682e-01,9.501909017562866211e-01,5.852600932121276855e-02,3.764000000000000000e+03,4.197804687500000000e+03
2.872454822063446045e-01,5.173884034156799316e-01,4.416089355945587158e-01,3.967837989330291748e-01,8.573938608169555664e-01,6.726519763469696045e-02,3.179000000000000000e+03,3.343263183593750000e+03
-8.999999761581420898e-01,4.540275037288665771e-01,-9.248406887054443359e-01,3.785954415798187256e-01,5.614119768142700195e-01,6.158491224050521851e-02,2.153000000000000000e+03,2.195745605468750000e+03
1.764043420553207397e-01,-4.499999880790710449e-01,1.233870089054107666e-01,-3.012036383152008057e-01,8.725016117095947266e-01,8.036202937364578247e-02,2.428000000000000000e+03,2.507101318359375000e+03
-8.707512021064758301e-01,-5.500000119209289551e-01,-9.821419119834899902e-01,-5.193856358528137207e-01,4.781644642353057861e-01,7.610499858856201172e-02,1.655000000000000000e+03,1.750319213867187500e+03
-3.633457720279693604e-01,-1.000000000000000000e+00,-4.016928970813751221e-01,-1.073784232139587402e+00,5.735341906547546387e-01,8.798069506883621216e-02,1.648000000000000000e+03,1.682456176757812500e+03
-6.499999761581420898e-01,-5.000000000000000000e-01,-4.691276550292968750e-01,-6.954638957977294922e-01,6.284054517745971680e-01,8.837089687585830688e-02,1.787000000000000000e+03,2.096176757812500000e+03
-5.500000119209289551e-01,-5.000000000000000000e-01,-5.429146289825439453e-01,-7.428336143493652344e-01,8.791772127151489258e-01,6.925266236066818237e-02,2.412000000000000000e+03,2.592833740234375000e+03
-2.666139304637908936e-01,4.223684668540954590e-01,-1.635527461767196655e-01,3.877415657043457031e-01,9.029353857040405273e-01,6.130545586347579956e-02,2.797000000000000000e+03,2.837271484375000000e+03
3.896152675151824951e-01,-5.500000119209289551e-01,3.306496441364288330e-01,-3.665414154529571533e-01,6.136448383331298828e-01,6.007660925388336182e-02,2.246000000000000000e+03,2.462676269531250000e+03
-5.551799535751342773e-01,-6.188200116157531738e-01,-6.035404205322265625e-01,-6.913551092147827148e-01,4.147962629795074463e-01,1.027101427316665649e-01,1.364000000000000000e+03,1.423696411132812500e+03
3.896152675151824951e-01,3.221365213394165039e-01,3.802172839641571045e-01,2.404894828796386719e-01,5.232383608818054199e-01,1.692278981208801270e-01,1.330000000000000000e+03,1.362699218750000000e+03
5.173884034156799316e-01,6.636448204517364502e-02,4.724897742271423340e-01,1.339305639266967773e-01,8.567827939987182617e-01,5.837756022810935974e-02,3.404000000000000000e+03,3.434552001953125000e+03
3.037955760955810547e-01,-6.000000238418579102e-01,1.906766891479492188e-01,-3.641415834426879883e-01,9.061787724494934082e-01,6.399720907211303711e-02,3.099000000000000000e+03,3.352589599609375000e+03
-7.700559496879577637e-01,2.721365392208099365e-01,-9.227019548416137695e-01,3.406129404902458191e-02,8.248305320739746094e-01,9.847298264503479004e-02,2.177000000000000000e+03,2.425919189453125000e+03
4.862083792686462402e-01,9.482004493474960327e-02,4.994581043720245361e-01,1.918942034244537354e-01,5.525797009468078613e-01,1.019187048077583313e-01,1.612000000000000000e+03,1.662327026367187500e+03
-4.499999880790710449e-01,-5.683409571647644043e-01,-4.227478504180908203e-01,-8.273331522941589355e-01,7.572705745697021484e-01,6.924430280923843384e-02,2.790000000000000000e+03,3.111550292968750000e+03
-4.672468006610870361e-01,6.672313809394836426e-01,-6.600738167762756348e-01,4.608764350414276123e-01,8.012509942054748535e-01,7.776456326246261597e-02,2.880000000000000000e+03,3.228009521484375000e+03
-6.692624092102050781e-01,8.309798315167427063e-03,-6.174817681312561035e-01,9.585651755332946777e-02,4.881151616573333740e-01,9.576795250177383423e-02,1.392000000000000000e+03,1.451947753906250000e+03
-4.000000059604644775e-01,-5.000000074505805969e-02,-4.599675536155700684e-01,-3.145562410354614258e-01,7.235912084579467773e-01,8.829886466264724731e-02,2.205000000000000000e+03,2.505526855468750000e+03
-4.000000059604644775e-01,-4.499999880790710449e-01,-7.590094804763793945e-01,-2.296558916568756104e-01,1.061879038810729980e+00,6.886583566665649414e-02,3.680000000000000000e+03,4.240218261718750000e+03
5.173884034156799316e-01,2.363300472497940063e-01,4.269461333751678467e-01,2.175859659910202026e-01,4.771769642829895020e-01,1.718170940876007080e-01,2.100000000000000000e+03,2.177850585937500000e+03
-2.907416820526123047e-01,6.961627006530761719e-01,-1.285772472620010376e-01,4.840897917747497559e-01,8.715497851371765137e-01,7.253721356391906738e-02,2.380000000000000000e+03,2.598433349609375000e+03
-1.200000047683715820e+00,1.717923581600189209e-01,-1.178306818008422852e+00,1.847351938486099243e-01,4.262849092483520508e-01,8.744950592517852783e-02,1.018000000000000000e+03,1.021565429687500000e+03
5.173884034156799316e-01,-4.172467887401580811e-01,3.492153584957122803e-01,-5.476878881454467773e-01,6.612241864204406738e-01,8.010279387235641479e-02,2.029000000000000000e+03,2.234623291015625000e+03
-8.000000119209289551e-01,1.276406794786453247e-01,-6.732687950134277344e-01,3.325741589069366455e-01,8.329920768737792969e-01,6.940375268459320068e-02,3.228000000000000000e+03,3.493288330078125000e+03
5.173884034156799316e-01,-8.500000238418579102e-01,4.146709442138671875e-01,-8.338248133659362793e-01,6.226595044136047363e-01,9.051145613193511963e-02,1.662000000000000000e+03,1.708037841796875000e+03
3.537955880165100098e-01,6.961627006530761719e-01,4.822812676429748535e-01,9.410480856895446777e-01,8.313575983047485352e-01,9.338957071304321289e-02,2.878000000000000000e+03,3.187930908203125000e+03
5.481259822845458984e-01,-1.781912706792354584e-02,7.732993960380554199e-01,3.687794879078865051e-02,9.441766738891601562e-01,5.263613164424896240e-02,2.959000000000000000e+03,3.134417236328125000e+03
-7.500000000000000000e-01,3.562291860580444336e-01,-9.323160648345947266e-01,2.114632427692413330e-01,7.598308920860290527e-01,6.757519394159317017e-02,2.926000000000000000e+03,3.194544433593750000e+03
-5.000000000000000000e-01,2.097904086112976074e-01,-4.527842104434967041e-01,1.797369122505187988e-01,7.890709042549133301e-01,3.208689987659454346e-01,1.783000000000000000e+03,1.791939819335937500e+03
-7.051799297332763672e-01,5.481259822845458984e-01,-6.405507326126098633e-01,5.645908117294311523e-01,5.429442524909973145e-01,6.409491598606109619e-02,1.455000000000000000e+03,1.476866210937500000e+03
-8.000000119209289551e-01,1.566692590713500977e-01,-7.611954808235168457e-01,2.374880015850067139e-01,9.451050162315368652e-01,6.369501352310180664e-02,2.685000000000000000e+03,2.709098632812500000e+03
6.961627006530761719e-01,1.051395684480667114e-01,6.201844811439514160e-01,3.362222015857696533e-01,6.965643763542175293e-01,1.874414682388305664e-01,1.277000000000000000e+03,1.428303588867187500e+03
4.862083792686462402e-01,-4.499999880790710449e-01,2.331984937191009521e-01,-3.432624638080596924e-01,9.492468237876892090e-01,7.015133649110794067e-02,3.832000000000000000e+03,4.146927246093750000e+03
6.961627006530761719e-01,4.545493423938751221e-01,4.511674344539642334e-01,5.602999329566955566e-01,7.078768610954284668e-01,6.891606748104095459e-02,2.113000000000000000e+03,2.404325195312500000e+03
-1.000000000000000000e+00,-8.911949396133422852e-02,-8.785712718963623047e-01,-6.453718990087509155e-02,6.043065786361694336e-01,6.821950525045394897e-02,1.951000000000000000e+03,2.032330932617187500e+03
-6.275450438261032104e-02,6.961627006530761719e-01,-7.566411793231964111e-02,6.710990667343139648e-01,4.089141488075256348e-01,9.576516598463058472e-02,1.217000000000000000e+03,1.222757812500000000e+03
5.173884034156799316e-01,1.224607303738594055e-01,3.949887454509735107e-01,4.823562130331993103e-02,9.524184465408325195e-01,6.267973035573959351e-02,3.631000000000000000e+03,3.712574462890625000e+03
6.961627006530761719e-01,4.223684668540954590e-01,6.494411826133728027e-01,4.189414083957672119e-01,5.526323318481445312e-01,9.135006368160247803e-02,1.736000000000000000e+03,1.748402832031250000e+03
2.145627290010452271e-01,-7.500000000000000000e-01,-2.696399763226509094e-02,-7.126910090446472168e-01,8.297564387321472168e-01,7.950737327337265015e-02,2.525000000000000000e+03,2.739763427734375000e+03
5.173884034156799316e-01,2.872454822063446045e-01,4.626755118370056152e-01,-4.948335140943527222e-02,9.979739189147949219e-01,6.025955826044082642e-02,4.146000000000000000e+03,4.618176757812500000e+03
-5.000000000000000000e-01,-4.499999880790710449e-01,-6.752575039863586426e-01,-4.555240571498870850e-01,8.039703965187072754e-01,6.037105619907379150e-02,3.290000000000000000e+03,3.445038085937500000e+03
-5.500000119209289551e-01,1.371497008949518204e-02,-5.110374093055725098e-01,1.844745688140392303e-02,4.078649580478668213e-01,1.020282134413719177e-01,1.277000000000000000e+03,1.288836181640625000e+03
-6.499999761581420898e-01,-2.500000000000000000e-01,-7.529192566871643066e-01,-1.628556996583938599e-01,9.419651627540588379e-01,5.587104335427284241e-02,4.156000000000000000e+03,4.241000488281250000e+03
-1.102498918771743774e-01,-6.999999880790710449e-01,-3.469352722167968750e-01,-6.772013306617736816e-01,8.711977005004882812e-01,5.942745506763458252e-02,2.947000000000000000e+03,3.163083007812500000e+03
3.884100615978240967e-01,1.366542428731918335e-01,1.576895266771316528e-01,2.143022865056991577e-01,8.730419874191284180e-01,1.067985966801643372e-01,2.730000000000000000e+03,2.938327636718750000e+03
5.784529447555541992e-01,2.514390051364898682e-01,3.466716408729553223e-01,7.822456955909729004e-01,1.082729458808898926e+00,6.677027046680450439e-02,3.763000000000000000e+03,4.781099121093750000e+03
-1.000000014901161194e-01,-5.683409571647644043e-01,-3.163608908653259277e-01,-5.835912227630615234e-01,1.102290749549865723e+00,5.524176359176635742e-02,3.296000000000000000e+03,3.422425292968750000e+03
2.514390051364898682e-01,6.961627006530761719e-01,6.987926363945007324e-02,5.793530344963073730e-01,8.461006283760070801e-01,1.272395551204681396e-01,2.229000000000000000e+03,2.372191406250000000e+03
6.379825472831726074e-01,-5.000000074505805969e-02,7.196691036224365234e-01,6.258773058652877808e-02,8.140155076980590820e-01,6.708189100027084351e-02,3.211000000000000000e+03,3.304019287109375000e+03
-8.999999761581420898e-01,-1.742794923484325409e-02,-1.127523899078369141e+00,1.864579916000366211e-01,7.365765571594238281e-01,6.396676599979400635e-02,2.460000000000000000e+03,2.868417480468750000e+03
6.672313809394836426e-01,6.889598816633224487e-02,5.097009539604187012e-01,1.707942932844161987e-01,6.227886080741882324e-01,8.995025604963302612e-02,2.332000000000000000e+03,2.538952148437500000e+03
4.223684668540954590e-01,4.545493423938751221e-01,3.535294830799102783e-01,3.543054163455963135e-01,7.036952376365661621e-01,7.737140357494354248e-02,1.210000000000000000e+03,1.245947265625000000e+03
-3.000000119209289551e-01,-1.200559586286544800e-01,-1.342126131057739258e-01,1.362021639943122864e-02,9.815707206726074219e-01,3.618118762969970703e-01,1.028800000000000000e+04,1.076777929687500000e+04
-2.500000000000000000e-01,2.145627290010452271e-01,-2.423890829086303711e-01,2.495491057634353638e-01,7.851810455322265625e-01,9.414502978324890137e-02,2.344000000000000000e+03,2.348870361328125000e+03
-5.000000074505805969e-02,2.145627290010452271e-01,-4.472775757312774658e-02,3.278362154960632324e-01,3.565846085548400879e-01,1.462268680334091187e-01,1.179000000000000000e+03,1.295584960937500000e+03
3.562291860580444336e-01,-5.500000119209289551e-01,5.043900012969970703e-01,-5.478353500366210938e-01,6.196752786636352539e-01,6.820410490036010742e-02,2.269000000000000000e+03,2.397168945312500000e+03
-7.500000000000000000e-01,-1.102498918771743774e-01,-9.338480234146118164e-01,-1.046026498079299927e-01,4.981209635734558105e-01,6.881525367498397827e-02,1.811000000000000000e+03,2.050334716796875000e+03
6.961627006530761719e-01,1.659030318260192871e-01,3.822925388813018799e-01,1.614417284727096558e-01,9.763870835304260254e-01,5.193075165152549744e-02,3.848000000000000000e+03,4.236376464843750000e+03
6.961627006530761719e-01,-1.179376021027565002e-01,8.341085314750671387e-01,-2.166384160518646240e-01,5.721507668495178223e-01,9.363844245672225952e-02,1.746000000000000000e+03,1.896417724609375000e+03
0.000000000000000000e+00,-6.999999880790710449e-01,5.943664908409118652e-02,-5.098791122436523438e-01,1.001781940460205078e+00,5.227082222700119019e-02,3.012000000000000000e+03,3.130157226562500000e+03
-6.000000238418579102e-01,-6.499999761581420898e-01,-7.140650749206542969e-01,-8.901759982109069824e-01,6.825808882713317871e-01,6.490432471036911011e-02,2.603000000000000000e+03,2.984504394531250000e+03
-6.999999880790710449e-01,1.633553951978683472e-01,-8.743017911911010742e-01,1.217350214719772339e-01,9.473243951797485352e-01,6.103917211294174194e-02,4.036000000000000000e+03,4.178867675781250000e+03
-4.000000059604644775e-01,4.223684668540954590e-01,-6.932674646377563477e-01,4.554527401924133301e-01,9.852786660194396973e-01,6.963893771171569824e-02,3.445000000000000000e+03,3.748151367187500000e+03
-2.000000029802322388e-01,-5.500000119209289551e-01,-2.385709285736083984e-01,-2.830117344856262207e-01,1.056310176849365234e+00,6.460058689117431641e-02,2.814000000000000000e+03,2.994771972656250000e+03
-3.499999940395355225e-01,-3.499999940395355225e-01,-6.970585584640502930e-01,-5.732144117355346680e-01,7.991735339164733887e-01,7.878522574901580811e-02,2.334000000000000000e+03,2.923506591796875000e+03
2.872454822063446045e-01,3.221365213394165039e-01,2.866253554821014404e-01,3.740231692790985107e-01,9.268108010292053223e-01,7.631088048219680786e-02,3.264000000000000000e+03,3.274292480468750000e+03
4.862083792686462402e-01,-3.188199996948242188e-01,1.758146882057189941e-01,-1.783469617366790771e-01,1.097777724266052246e+00,6.334488838911056519e-02,4.429000000000000000e+03,4.845785644531250000e+03
1.764043420553207397e-01,3.562291860580444336e-01,-2.706301584839820862e-02,2.038820981979370117e-01,7.015793919563293457e-01,7.362667471170425415e-02,2.775000000000000000e+03,3.129165771484375000e+03
2.872454822063446045e-01,2.872454822063446045e-01,-3.403820842504501343e-02,1.252366900444030762e-01,8.008446097373962402e-01,9.158348292112350464e-02,2.861000000000000000e+03,3.414688476562500000e+03
6.672313809394836426e-01,-4.207512140274047852e-01,6.260296702384948730e-01,-5.432731509208679199e-01,8.711945414543151855e-01,6.711599230766296387e-02,3.114000000000000000e+03,3.181995117187500000e+03
-3.000000119209289551e-01,3.896152675151824951e-01,-1.800472289323806763e-01,2.917523682117462158e-01,1.093455910682678223e+00,5.539674684405326843e-02,3.227000000000000000e+03,3.291548583984375000e+03
2.855316698551177979e-01,-7.500000000000000000e-01,3.425023555755615234e-01,-5.929839611053466797e-01,8.314982652664184570e-01,6.762303411960601807e-02,2.436000000000000000e+03,2.533172607421875000e+03
-4.000000059604644775e-01,3.861732482910156250e-01,-4.372476339340209961e-01,2.952185869216918945e-01,4.674641489982604980e-01,1.534191071987152100e-01,1.406000000000000000e+03,1.467534667968750000e+03
-1.424261927604675293e-01,-8.999999761581420898e-01,-1.346626728773117065e-01,-8.847051262855529785e-01,5.283595323562622070e-01,6.138699874281883240e-02,1.518000000000000000e+03,1.519606323242187500e+03
-8.000000119209289551e-01,2.134250253438949585e-01,-5.817304253578186035e-01,-5.889090523123741150e-02,7.890110611915588379e-01,1.129816249012947083e-01,2.202000000000000000e+03,2.615622314453125000e+03
4.545493423938751221e-01,-1.500000059604644775e-01,6.243779063224792480e-01,-7.692158222198486328e-02,6.491986513137817383e-01,9.191213548183441162e-02,2.189000000000000000e+03,2.363524902343750000e+03
6.379825472831726074e-01,-4.204144179821014404e-01,6.460424661636352539e-01,-7.144995331764221191e-01,8.437259197235107422e-01,6.823282688856124878e-02,2.750000000000000000e+03,3.075829833984375000e+03
-2.000000029802322388e-01,-5.500000119209289551e-01,-1.125196665525436401e-01,-5.809383392333984375e-01,8.935346603393554688e-01,5.763876810669898987e-02,3.615000000000000000e+03,3.653694335937500000e+03
-6.051799654960632324e-01,6.961627006530761719e-01,-6.521415114402770996e-01,8.274961709976196289e-01,6.875075101852416992e-01,1.016181632876396179e-01,1.977000000000000000e+03,2.057626953125000000e+03
-4.000000059604644775e-01,-4.000000059604644775e-01,-8.503913879394531250e-02,-3.584163188934326172e-01,1.163883924484252930e+00,7.533527165651321411e-02,3.466000000000000000e+03,3.720137451171875000e+03
-7.204144597053527832e-01,-2.500000000000000000e-01,-6.448889970779418945e-01,-4.543073773384094238e-01,6.779165267944335938e-01,7.195916026830673218e-02,2.025000000000000000e+03,2.229382080078125000e+03
4.519540369510650635e-01,-4.672468006610870361e-01,5.748933553695678711e-01,-1.560644209384918213e-01,1.053181290626525879e+00,5.879587307572364807e-02,3.569000000000000000e+03,3.920473144531250000e+03
4.223684668540954590e-01,-3.000000119209289551e-01,4.885278344154357910e-01,-4.380717873573303223e-01,7.974584102630615234e-01,6.126709654927253723e-02,2.710000000000000000e+03,2.808749267578125000e+03
6.083970069885253906e-01,-4.499999880790710449e-01,3.887571990489959717e-01,-5.461801886558532715e-01,7.322118878364562988e-01,8.950261771678924561e-02,2.252000000000000000e+03,2.487763671875000000e+03
-8.207511901855468750e-01,-2.688199877738952637e-01,-8.554055690765380859e-01,-4.043782129883766174e-02,6.704491972923278809e-01,7.971800863742828369e-02,2.726000000000000000e+03,3.041421142578125000e+03
-6.000000238418579102e-01,5.173884034156799316e-01,-8.091193437576293945e-01,5.791694521903991699e-01,5.549725294113159180e-01,6.661053746938705444e-02,2.076000000000000000e+03,2.386102050781250000e+03
2.139468342065811157e-01,5.784529447555541992e-01,-3.561847656965255737e-02,7.837080359458923340e-01,7.796838283538818359e-01,8.096762746572494507e-02,2.537000000000000000e+03,2.956622314453125000e+03
-3.499999940395355225e-01,-6.000000238418579102e-01,-3.958704769611358643e-01,-3.451046645641326904e-01,6.778913140296936035e-01,6.849646568298339844e-02,2.584000000000000000e+03,2.948546630859375000e+03
9.482004493474960327e-02,-6.000000238418579102e-01,-1.088834330439567566e-01,-6.773503422737121582e-01,7.408987283706665039e-01,6.965222209692001343e-02,2.783000000000000000e+03,3.018698242187500000e+03
-1.000000000000000000e+00,-4.000000059604644775e-01,-9.690607786178588867e-01,-3.964787423610687256e-01,6.386017799377441406e-01,8.636190742254257202e-02,1.591000000000000000e+03,1.594757934570312500e+03
5.173884034156799316e-01,3.878882527351379395e-01,2.186350673437118530e-01,9.189721941947937012e-01,1.069235444068908691e+00,9.307897090911865234e-02,3.498000000000000000e+03,4.566112792968750000e+03
-3.659073412418365479e-01,5.173884034156799316e-01,-3.996964991092681885e-01,3.048560023307800293e-01,8.438351750373840332e-01,7.834152132272720337e-02,3.216000000000000000e+03,3.421635009765625000e+03
-8.000000119209289551e-01,-1.000000014901161194e-01,-7.347395420074462891e-01,-7.043351978063583374e-02,9.262450933456420898e-01,5.127887055277824402e-02,3.013000000000000000e+03,3.031051757812500000e+03
6.083970069885253906e-01,-2.641935050487518311e-01,6.279043555259704590e-01,-1.911829560995101929e-01,7.881397604942321777e-01,6.463680416345596313e-02,2.536000000000000000e+03,2.559256103515625000e+03
4.862083792686462402e-01,3.896152675151824951e-01,3.575000464916229248e-01,1.842517256736755371e-01,9.166815280914306641e-01,6.017566099762916565e-02,3.437000000000000000e+03,3.673592041015625000e+03
-1.696335077285766602e-01,7.247940897941589355e-01,-6.941857933998107910e-02,9.280891418457031250e-01,5.494663119316101074e-01,9.098333865404129028e-02,1.935000000000000000e+03,2.252654541015625000e+03
1.366542428731918335e-01,6.672313809394836426e-01,-4.126947373151779175e-02,1.002654671669006348e+00,8.150413632392883301e-01,1.168345436453819275e-01,2.866000000000000000e+03,3.461394775390625000e+03
-4.000000059604644775e-01,-5.000000000000000000e-01,-2.314340323209762573e-01,-3.506925106048583984e-01,9.807580113410949707e-01,7.531324774026870728e-02,3.538000000000000000e+03,3.721734375000000000e+03
1.366542428731918335e-01,-6.188200116157531738e-01,8.496813476085662842e-02,-5.298532843589782715e-01,8.824580311775207520e-01,7.057098299264907837e-02,3.015000000000000000e+03,3.055823242187500000e+03
1.194074451923370361e-01,-6.499999761581420898e-01,-2.654962055385112762e-02,-6.289455890655517578e-01,6.817978620529174805e-01,5.756967142224311829e-02,2.011000000000000000e+03,2.103805419921875000e+03
3.896152675151824951e-01,-6.188200116157531738e-01,3.923879861831665039e-01,-5.085423588752746582e-01,6.965185403823852539e-01,7.041808962821960449e-02,1.822000000000000000e+03,1.867406982421875000e+03
8.580648899078369141e-02,-6.000000238418579102e-01,-9.958541393280029297e-02,-4.784240722656250000e-01,8.355684280395507812e-01,8.168686926364898682e-02,2.546000000000000000e+03,2.722058105468750000e+03
-5.683409571647644043e-01,4.862083792686462402e-01,-7.594071030616760254e-01,1.562621295452117920e-01,8.372679948806762695e-01,6.615141779184341431e-02,3.565000000000000000e+03,4.273182617187500000e+03
5.173884034156799316e-01,3.896152675151824951e-01,5.020828247070312500e-01,2.683681845664978027e-01,9.847146272659301758e-01,6.297679990530014038e-02,2.951000000000000000e+03,2.996104492187500000e+03
-1.000000014901161194e-01,4.862083792686462402e-01,-1.257478147745132446e-01,3.694419264793395996e-01,7.951481342315673828e-01,7.616087794303894043e-02,2.115000000000000000e+03,2.162515869140625000e+03
-5.000000074505805969e-02,-5.178191065788269043e-01,5.353392958641052246e-01,-3.658171892166137695e-01,1.089180350303649902e+00,6.855116784572601318e-02,3.236000000000000000e+03,4.174788085937500000e+03
-1.881999336183071136e-02,-7.196730375289916992e-01,-2.017194032669067383e-01,-3.977100849151611328e-01,9.897308945655822754e-01,6.366916745901107788e-02,3.571000000000000000e+03,4.055835693359375000e+03
3.580648824572563171e-02,-3.499999940395355225e-01,3.480339050292968750e-01,-2.348722070455551147e-01,9.293949604034423828e-01,8.560983091592788696e-02,3.062000000000000000e+03,3.443770019531250000e+03
-2.500000000000000000e-01,-3.499999940395355225e-01,9.602945297956466675e-03,-6.149523258209228516e-01,1.043506503105163574e+00,7.088913023471832275e-02,3.622000000000000000e+03,4.066586181640625000e+03
-5.000000000000000000e-01,-5.000000000000000000e-01,-1.689643710851669312e-01,-1.860629171133041382e-01,9.255689978599548340e-01,1.024320647120475769e-01,2.669000000000000000e+03,3.287040039062500000e+03
4.223684668540954590e-01,-3.000000119209289551e-01,7.074580788612365723e-01,-1.759825795888900757e-01,9.718554615974426270e-01,8.452212065458297729e-02,2.888000000000000000e+03,3.177111083984375000e+03
4.545493423938751221e-01,-3.178191184997558594e-01,4.804513752460479736e-01,-2.102951109409332275e-01,1.071796536445617676e+00,6.052762269973754883e-02,3.895000000000000000e+03,3.936278076171875000e+03
-4.000000059604644775e-01,-3.499999940395355225e-01,-6.223315596580505371e-01,-6.330510973930358887e-01,1.112421393394470215e+00,8.858752995729446411e-02,2.090000000000000000e+03,2.303538818359375000e+03
-5.500000119209289551e-01,-4.499999880790710449e-01,-7.510969638824462891e-01,-6.710610389709472656e-01,7.242964506149291992e-01,6.094961240887641907e-02,2.926000000000000000e+03,3.406339599609375000e+03
-5.500000119209289551e-01,-4.499999880790710449e-01,-5.397136807441711426e-01,-4.159619510173797607e-01,7.860119342803955078e-01,5.968048796057701111e-02,2.076000000000000000e+03,2.080218994140625000e+03
-3.499999940395355225e-01,-5.000000000000000000e-01,-3.786630332469940186e-01,-2.314634919166564941e-01,1.030672073364257812e+00,6.315600872039794922e-02,2.496000000000000000e+03,2.664705078125000000e+03
-1.651089638471603394e-01,-4.000000059604644775e-01,-2.508517205715179443e-01,-1.202837899327278137e-01,1.039420366287231445e+00,6.235475465655326843e-02,2.879000000000000000e+03,3.102597656250000000e+03
-6.000000238418579102e-01,-4.000000059604644775e-01,-5.716012716293334961e-01,-1.399226486682891846e-01,8.693366050720214844e-01,7.314801961183547974e-02,3.145000000000000000e+03,3.424101318359375000e+03
6.961627006530761719e-01,1.990498453378677368e-01,6.340490579605102539e-01,3.647289276123046875e-01,8.244537711143493652e-01,1.245707347989082336e-01,2.153000000000000000e+03,2.251318847656250000e+03
-3.238610550761222839e-02,6.083970069885253906e-01,-1.132462825626134872e-02,4.846648573875427246e-01,1.072523355484008789e+00,6.270775198936462402e-02,3.498000000000000000e+03,3.545785888671875000e+03
-5.354372859001159668e-01,7.247940897941589355e-01,-5.973676443099975586e-01,6.184661388397216797e-01,6.168837547302246094e-01,8.000247925519943237e-02,2.160000000000000000e+03,2.245208740234375000e+03
-5.500000119209289551e-01,3.221365213394165039e-01,-5.121878981590270996e-01,1.863152533769607544e-01,1.003321766853332520e+00,6.726038455963134766e-02,3.788000000000000000e+03,3.862645751953125000e+03
6.672313809394836426e-01,-8.376019448041915894e-02,5.762326717376708984e-01,-4.327422380447387695e-02,4.802271127700805664e-01,2.075846046209335327e-01,1.847000000000000000e+03,1.925687988281250000e+03
3.896152675151824951e-01,-3.499999940395355225e-01,5.542833209037780762e-01,-2.707873284816741943e-01,6.231611371040344238e-01,7.101076841354370117e-02,1.902000000000000000e+03,2.062396484375000000e+03
6.961627006530761719e-01,-2.869198322296142578e-01,6.968137025833129883e-01,-3.553208112716674805e-01,7.505812048912048340e-01,1.044989824295043945e-01,2.020000000000000000e+03,2.036785644531250000e+03
-6.999999880790710449e-01,-6.661394238471984863e-02,-6.524215936660766602e-01,4.329640883952379227e-03,6.576371192932128906e-01,6.389453262090682983e-02,2.084000000000000000e+03,2.118876708984375000e+03
4.862083792686462402e-01,5.000000074505805969e-02,4.622426629066467285e-01,3.258298933506011963e-01,9.641888141632080078e-01,6.496710330247879028e-02,3.266000000000000000e+03,3.529807861328125000e+03
7.247940897941589355e-01,-1.171204447746276855e-01,7.958617806434631348e-01,-2.848261892795562744e-01,6.425714492797851562e-01,1.481800079345703125e-01,1.529000000000000000e+03,1.649319702148437500e+03
-6.999999880790710449e-01,4.223684668540954590e-01,-6.181402206420898438e-01,3.462724685668945312e-01,7.838207483291625977e-01,6.375709176063537598e-02,2.555000000000000000e+03,2.606871337890625000e+03
-2.003404051065444946e-01,-8.500000238418579102e-01,-2.109833955764770508e-01,-7.197356820106506348e-01,5.831343531608581543e-01,1.290007978677749634e-01,1.647000000000000000e+03,1.728720581054687500e+03
-2.500000000000000000e-01,-5.500000119209289551e-01,-3.005330264568328857e-01,-4.247146248817443848e-01,4.981431365013122559e-01,8.435405790805816650e-02,1.454000000000000000e+03,1.559190063476562500e+03
6.379825472831726074e-01,2.145627290010452271e-01,5.179956555366516113e-01,3.769646286964416504e-01,9.424980282783508301e-01,5.822274088859558105e-02,3.227000000000000000e+03,3.373588867187500000e+03
-6.188200116157531738e-01,5.000000074505805969e-02,-5.120643973350524902e-01,2.722367644309997559e-01,5.749958753585815430e-01,1.476492285728454590e-01,2.268000000000000000e+03,2.669306152343750000e+03
-6.499999761581420898e-01,-6.235956549644470215e-01,-6.739474534988403320e-01,-7.276806235313415527e-01,5.133795738220214844e-01,7.626698911190032959e-02,1.805000000000000000e+03,1.882315673828125000e+03
-7.700559496879577637e-01,2.458739653229713440e-02,-9.511982202529907227e-01,-6.905148923397064209e-02,7.819178700447082520e-01,7.773303240537643433e-02,2.571000000000000000e+03,2.743186523437500000e+03
3.221365213394165039e-01,4.545493423938751221e-01,2.391308099031448364e-01,5.811486840248107910e-01,9.856938123703002930e-01,8.170740306377410889e-02,3.039000000000000000e+03,3.110207275390625000e+03
6.961627006530761719e-01,-3.360667824745178223e-01,6.660810708999633789e-01,-4.459535181522369385e-01,5.074630379676818848e-01,1.985872387886047363e-01,9.920000000000000000e+02,1.041472656250000000e+03
6.379825472831726074e-01,-3.499999940395355225e-01,4.647127687931060791e-01,-4.492345154285430908e-01,9.526576995849609375e-01,6.314934790134429932e-02,2.934000000000000000e+03,3.061721923828125000e+03
-6.692624092102050781e-01,-2.000000029802322388e-01,-4.480597674846649170e-01,-1.283489912748336792e-02,6.883663535118103027e-01,1.026543229818344116e-01,2.000000000000000000e+03,2.340882080078125000e+03
-5.000000000000000000e-01,-4.000000059604644775e-01,-3.877072334289550781e-01,-5.993254780769348145e-01,8.027147054672241211e-01,5.507033318281173706e-02,3.105000000000000000e+03,3.352555908203125000e+03
-8.165807463228702545e-03,1.764043420553207397e-01,-1.522244513034820557e-01,1.689447611570358276e-01,8.668429851531982422e-01,6.604553014039993286e-02,2.863000000000000000e+03,2.941794677734375000e+03
3.369668126106262207e-01,-8.500000238418579102e-01,2.921296954154968262e-01,-9.652230739593505859e-01,7.067054510116577148e-01,7.515556365251541138e-02,3.013000000000000000e+03,3.104772949218750000e+03
-6.692624092102050781e-01,-2.151089608669281006e-01,-5.640524029731750488e-01,4.567645862698554993e-02,7.634735703468322754e-01,7.230662554502487183e-02,2.329000000000000000e+03,2.635604248046875000e+03
1.260000616312026978e-01,-6.499999761581420898e-01,-3.916171789169311523e-01,-6.573319435119628906e-01,1.066137552261352539e+00,7.279975712299346924e-02,2.722000000000000000e+03,3.333671630859375000e+03
-8.707512021064758301e-01,-3.342482745647430420e-01,-7.385922670364379883e-01,-2.107111066579818726e-01,7.556644082069396973e-01,6.643624603748321533e-02,1.767000000000000000e+03,1.866812500000000000e+03
-1.500000059604644775e-01,-3.151089549064636230e-01,-3.059437572956085205e-01,-5.907579064369201660e-01,9.423937201499938965e-01,6.798406690359115601e-02,2.841000000000000000e+03,3.153146484375000000e+03
3.562291860580444336e-01,-3.499999940395355225e-01,3.139500916004180908e-01,-6.469839215278625488e-01,8.459376692771911621e-01,7.446045428514480591e-02,2.824000000000000000e+03,3.169280517578125000e+03
-7.196730375289916992e-01,-2.696730494499206543e-01,-8.560437560081481934e-01,-3.277097940444946289e-01,8.840267658233642578e-01,6.360261887311935425e-02,3.080000000000000000e+03,3.165868896484375000e+03
3.562291860580444336e-01,-2.641935050487518311e-01,5.275891423225402832e-01,-3.101547956466674805e-01,9.601319432258605957e-01,9.428910911083221436e-02,3.184000000000000000e+03,3.291524658203125000e+03
3.896152675151824951e-01,3.562291860580444336e-01,4.149581193923950195e-01,2.246621400117874146e-01,1.020700812339782715e+00,5.476766824722290039e-02,4.135000000000000000e+03,4.205888671875000000e+03
6.379825472831726074e-01,-5.000000000000000000e-01,8.748068809509277344e-01,-3.101920485496520996e-01,7.906687855720520020e-01,6.072419881820678711e-02,3.113000000000000000e+03,3.557240478515625000e+03
6.961627006530761719e-01,-1.196730434894561768e-01,5.645291209220886230e-01,4.650820046663284302e-02,7.810145616531372070e-01,8.094605058431625366e-02,2.880000000000000000e+03,3.088354492187500000e+03
-5.000000000000000000e-01,-5.000000000000000000e-01,-4.729442596435546875e-01,-6.208601593971252441e-01,8.446606993675231934e-01,6.869684159755706787e-02,3.199000000000000000e+03,3.267358642578125000e+03
-1.000000014901161194e-01,3.896152675151824951e-01,-6.888801604509353638e-02,1.559071242809295654e-01,7.851881384849548340e-01,9.375143796205520630e-02,2.437000000000000000e+03,2.652358642578125000e+03
-6.499999761581420898e-01,-6.510896980762481689e-02,-7.380343079566955566e-01,-2.006331086158752441e-02,6.611243486404418945e-01,6.089156493544578552e-02,2.479000000000000000e+03,2.534300292968750000e+03
0.000000000000000000e+00,-5.500000119209289551e-01,1.183728054165840149e-01,-4.438416659832000732e-01,8.281600475311279297e-01,6.177284941077232361e-02,3.166000000000000000e+03,3.281365478515625000e+03
-5.000000000000000000e-01,-3.499999940395355225e-01,-2.477243728935718536e-02,-1.222059205174446106e-01,1.042909860610961914e+00,6.046589091420173645e-02,3.985000000000000000e+03,4.950440429687500000e+03
-4.672468006610870361e-01,-3.659073412418365479e-01,-1.715738177299499512e-01,-4.784167110919952393e-01,1.069334506988525391e+00,6.736711412668228149e-02,3.039000000000000000e+03,3.299696777343750000e+03
6.083970069885253906e-01,-1.683409363031387329e-01,2.028750032186508179e-01,-6.871502995491027832e-01,1.044915318489074707e+00,5.476050451397895813e-02,3.833000000000000000e+03,5.253693359375000000e+03
-5.000000000000000000e-01,-4.172467887401580811e-01,-3.450000286102294922e-01,-1.071252003312110901e-01,9.076721668243408203e-01,8.974545449018478394e-02,3.288000000000000000e+03,3.751865722656250000e+03
-6.188200116157531738e-01,4.862083792686462402e-01,-5.507181882858276367e-01,3.788344562053680420e-01,8.353210687637329102e-01,5.410862714052200317e-02,2.250000000000000000e+03,2.301990478515625000e+03
5.784529447555541992e-01,6.961627006530761719e-01,6.431398987770080566e-01,6.546283960342407227e-01,6.446978449821472168e-01,7.410348951816558838e-02,2.068000000000000000e+03,2.097262207031250000e+03
4.862083792686462402e-01,4.545493423938751221e-01,2.982396483421325684e-01,2.630250155925750732e-01,9.164274930953979492e-01,7.406754046678543091e-02,2.949000000000000000e+03,3.196627197265625000e+03
5.784529447555541992e-01,-8.437135815620422363e-02,4.146010875701904297e-01,-3.412174582481384277e-01,8.546140789985656738e-01,1.070017814636230469e-01,3.028000000000000000e+03,3.402593505859375000e+03
-1.000000014901161194e-01,6.379825472831726074e-01,2.624516189098358154e-01,5.193154215812683105e-01,1.042476296424865723e+00,6.941111385822296143e-02,3.947000000000000000e+03,4.460611816406250000e+03
3.896152675151824951e-01,-6.499999761581420898e-01,5.227013230323791504e-01,-5.716554522514343262e-01,8.291558027267456055e-01,6.424647569656372070e-02,1.884000000000000000e+03,1.948763427734375000e+03
-2.131237089633941650e-01,-8.999999761581420898e-01,-2.738227546215057373e-01,-8.405857682228088379e-01,6.680929660797119141e-01,7.229547202587127686e-02,2.551000000000000000e+03,2.591987304687500000e+03
1.366542428731918335e-01,1.366542428731918335e-01,1.624827086925506592e-01,4.334555864334106445e-01,8.515058755874633789e-01,3.343789875507354736e-01,4.111000000000000000e+03,4.600008789062500000e+03
3.338605910539627075e-02,4.223684668540954590e-01,3.331129997968673706e-02,3.232560455799102783e-01,8.057740926742553711e-01,7.461767643690109253e-02,3.255000000000000000e+03,3.303917236328125000e+03
-6.000000238418579102e-01,-2.500000000000000000e-01,-7.289576530456542969e-01,-1.869722753763198853e-01,5.618066787719726562e-01,5.902659520506858826e-02,2.230000000000000000e+03,2.373255615234375000e+03
5.481259822845458984e-01,-3.000000119209289551e-01,5.301605463027954102e-01,-7.464855909347534180e-01,1.041401743888854980e+00,5.079486593604087830e-02,4.173000000000000000e+03,4.911382324218750000e+03
-7.500000000000000000e-01,4.862083792686462402e-01,-7.088465094566345215e-01,1.817220449447631836e-01,5.543903112411499023e-01,8.266252279281616211e-02,1.705000000000000000e+03,2.199633544921875000e+03
-6.499999761581420898e-01,1.264043450355529785e-01,-6.200498938560485840e-01,1.453520208597183228e-01,4.612942934036254883e-01,8.145575225353240967e-02,1.786000000000000000e+03,1.796560546875000000e+03
-8.000000119209289551e-01,-1.314403116703033447e-01,-6.928138136863708496e-01,-4.260234069079160690e-03,7.839881777763366699e-01,5.786405876278877258e-02,2.640000000000000000e+03,2.757407470703125000e+03
2.316000014543533325e-01,-8.999999761581420898e-01,2.368961125612258911e-01,-8.447412848472595215e-01,6.073064804077148438e-01,6.075189635157585144e-02,2.112000000000000000e+03,2.129550048828125000e+03
1.764043420553207397e-01,-5.000000000000000000e-01,3.186055719852447510e-01,-5.226519703865051270e-01,7.144768238067626953e-01,6.366569548845291138e-02,2.397000000000000000e+03,2.493148925781250000e+03
2.514390051364898682e-01,-3.000000119209289551e-01,3.737873435020446777e-01,-5.447540879249572754e-01,9.878110885620117188e-01,7.272432744503021240e-02,3.131000000000000000e+03,3.366781494140625000e+03
-1.080077737569808960e-01,7.531411051750183105e-01,-1.573640853166580200e-01,6.905157566070556641e-01,4.239836335182189941e-01,1.018746569752693176e-01,1.157000000000000000e+03,1.197480102539062500e+03
3.545493185520172119e-01,-5.500000119209289551e-01,3.885952532291412354e-01,-4.321534335613250732e-01,4.938562214374542236e-01,5.913639441132545471e-02,1.373000000000000000e+03,1.456359741210937500e+03
6.961627006530761719e-01,-4.707512259483337402e-01,9.186242222785949707e-01,-4.014380872249603271e-01,7.926879525184631348e-01,7.492335885763168335e-02,2.969000000000000000e+03,3.220450927734375000e+03
2.145627290010452271e-01,-6.188200116157531738e-01,3.092545568943023682e-01,-7.921792268753051758e-01,8.297381997108459473e-01,6.096231192350387573e-02,3.135000000000000000e+03,3.310366455078125000e+03
-3.933831304311752319e-02,-7.196730375289916992e-01,6.094250455498695374e-02,-8.292198181152343750e-01,4.828048348426818848e-01,1.058185771107673645e-01,1.530000000000000000e+03,1.671599975585937500e+03
-5.000000000000000000e-01,9.482004493474960327e-02,-4.264701604843139648e-01,-2.571473829448223114e-02,9.628159999847412109e-01,5.987700074911117554e-02,3.138000000000000000e+03,3.205055175781250000e+03
-1.500000059604644775e-01,-5.500000119209289551e-01,-2.305117994546890259e-01,-2.980859577655792236e-01,1.039710044860839844e+00,5.781703442335128784e-02,3.863000000000000000e+03,4.108854003906250000e+03
-3.688199818134307861e-01,6.961627006530761719e-01,-3.130645453929901123e-01,8.779959678649902344e-01,5.089541077613830566e-01,1.014657095074653625e-01,1.576000000000000000e+03,1.789152465820312500e+03
6.961627006530761719e-01,7.640434801578521729e-02,7.946317791938781738e-01,-1.842942982912063599e-01,6.454199552536010742e-01,1.536238789558410645e-01,1.308000000000000000e+03,1.542051757812500000e+03
-8.999999761581420898e-01,7.651811838150024414e-02,-8.847432136535644531e-01,8.575543761253356934e-02,7.096678018569946289e-01,8.518053591251373291e-02,2.298000000000000000e+03,2.299437988281250000e+03
0.000000000000000000e+00,-6.499999761581420898e-01,1.734454333782196045e-01,-4.975080490112304688e-01,9.090964198112487793e-01,6.857439130544662476e-02,3.119000000000000000e+03,3.317503173828125000e+03
-3.558037802577018738e-02,-6.499999761581420898e-01,-5.497246980667114258e-01,-3.483612537384033203e-01,9.924222230911254883e-01,7.850633561611175537e-02,2.778000000000000000e+03,3.716447021484375000e+03
4.862083792686462402e-01,-6.000000238418579102e-01,1.757263839244842529e-01,-5.842795372009277344e-01,9.021455645561218262e-01,5.633361637592315674e-02,3.531000000000000000e+03,3.939566650390625000e+03
6.961627006530761719e-01,1.941482871770858765e-01,9.538480043411254883e-01,2.355207949876785278e-01,6.783478856086730957e-01,1.472158730030059814e-01,1.474000000000000000e+03,1.685151489257812500e+03
1.645627170801162720e-01,6.961627006530761719e-01,1.029934585094451904e-01,6.303017735481262207e-01,8.164006471633911133e-01,7.585585117340087891e-02,2.684000000000000000e+03,2.716568847656250000e+03
-8.500000238418579102e-01,1.372454911470413208e-01,-9.768679141998291016e-01,-1.078608632087707520e-02,5.296885371208190918e-01,8.453130722045898438e-02,1.510000000000000000e+03,1.708786010742187500e+03
5.173884034156799316e-01,-4.000000059604644775e-01,7.979326844215393066e-01,-2.804507911205291748e-01,9.341444969177246094e-01,5.961915850639343262e-02,3.666000000000000000e+03,4.046698730468750000e+03
3.580648824572563171e-02,-5.000000000000000000e-01,-2.049531042575836182e-01,-4.919713735580444336e-01,6.225308179855346680e-01,8.127541840076446533e-02,1.860000000000000000e+03,2.129511962890625000e+03
1.299925744533538818e-01,-2.500000000000000000e-01,-2.313426509499549866e-02,-3.166183531284332275e-01,4.994868040084838867e-01,9.244359284639358521e-02,1.476000000000000000e+03,1.636876708984375000e+03
-6.000000238418579102e-01,5.481259822845458984e-01,-5.829051136970520020e-01,3.807958364486694336e-01,8.412591814994812012e-01,1.165330857038497925e-01,2.160000000000000000e+03,2.245685058593750000e+03
-3.585124015808105469e-02,6.961627006530761719e-01,-5.644761398434638977e-02,7.377288937568664551e-01,4.884875714778900146e-01,2.187331914901733398e-01,6.010000000000000000e+02,6.063941650390625000e+02
4.381398260593414307e-01,7.531411051750183105e-01,3.437480628490447998e-01,8.248969912528991699e-01,6.850874423980712891e-01,8.592566102743148804e-02,2.480000000000000000e+03,2.553677246093750000e+03
6.379825472831726074e-01,5.784529447555541992e-01,4.596159160137176514e-01,5.670868158340454102e-01,7.500088214874267578e-01,7.314803451299667358e-02,2.438000000000000000e+03,2.574377441406250000e+03
-1.724679581820964813e-02,-8.500000238418579102e-01,-1.044878736138343811e-01,-8.056219816207885742e-01,6.654109358787536621e-01,7.797631621360778809e-02,1.811000000000000000e+03,1.849979370117187500e+03
-4.200559556484222412e-01,5.784529447555541992e-01,-5.600653290748596191e-01,2.878119349479675293e-01,9.609985947608947754e-01,5.522625148296356201e-02,3.549000000000000000e+03,3.938936035156250000e+03
6.961627006530761719e-01,-1.102498918771743774e-01,8.692758679389953613e-01,-2.076547145843505859e-01,7.452591657638549805e-01,1.528301388025283813e-01,1.530000000000000000e+03,1.636766357421875000e+03
-4.499999880790710449e-01,3.975010663270950317e-02,-5.266484022140502930e-01,3.561194539070129395e-01,1.148245930671691895e+00,6.508012115955352783e-02,2.884000000000000000e+03,3.111940429687500000e+03
-5.696730613708496094e-01,7.401506602764129639e-02,-5.088775157928466797e-01,-4.569608345627784729e-02,5.292447209358215332e-01,7.627660036087036133e-02,1.700000000000000000e+03,1.807688598632812500e+03
-8.235956430435180664e-01,7.183789610862731934e-01,-8.251675963401794434e-01,6.643327474594116211e-01,4.409287869930267334e-01,1.229040324687957764e-01,9.650000000000000000e+02,9.795023193359375000e+02
6.077017188072204590e-01,-5.500000119209289551e-01,3.214699923992156982e-01,-3.892943263053894043e-01,8.967395424842834473e-01,6.464662402868270874e-02,3.542000000000000000e+03,4.002910156250000000e+03
-2.500000000000000000e-01,-7.196730375289916992e-01,-1.510198861360549927e-01,-6.015235781669616699e-01,6.617769598960876465e-01,8.008745312690734863e-02,1.934000000000000000e+03,2.037491210937500000e+03
6.083970069885253906e-01,-5.816580727696418762e-02,4.723452627658843994e-01,1.268021166324615479e-01,7.095004916191101074e-01,9.608826786279678345e-02,2.076000000000000000e+03,2.288108398437500000e+03
-4.672468006610870361e-01,3.562291860580444336e-01,-3.639274835586547852e-01,4.970203042030334473e-01,1.093390822410583496e+00,5.272895470261573792e-02,3.887000000000000000e+03,3.985845947265625000e+03
-8.000000119209289551e-01,3.024634718894958496e-01,-7.754352092742919922e-01,2.961822748184204102e-01,3.919364213943481445e-01,7.036880403757095337e-02,1.088000000000000000e+03,1.092559570312500000e+03
3.024634718894958496e-01,-6.999999880790710449e-01,6.587954163551330566e-01,-4.795065224170684814e-01,8.945063352584838867e-01,7.764177769422531128e-02,3.291000000000000000e+03,3.982385986328125000e+03
-5.000000000000000000e-01,4.545493423938751221e-01,-2.900235056877136230e-01,5.053738951683044434e-01,1.019731521606445312e+00,5.718961358070373535e-02,3.598000000000000000e+03,3.758012207031250000e+03
3.562291860580444336e-01,5.784529447555541992e-01,4.971518516540527344e-01,3.453855216503143311e-01,9.758561253547668457e-01,5.985282734036445618e-02,3.944000000000000000e+03,4.246297851562500000e+03
3.896152675151824951e-01,-4.000000059604644775e-01,2.598600387573242188e-01,-5.121622085571289062e-01,7.084820270538330078e-01,7.228276133537292480e-02,1.804000000000000000e+03,1.908404418945312500e+03
6.083970069885253906e-01,1.366542428731918335e-01,4.268563687801361084e-01,2.606788575649261475e-01,9.946558475494384766e-01,6.805614382028579712e-02,3.230000000000000000e+03,3.386205566406250000e+03
5.173884034156799316e-01,-5.179951898753643036e-03,7.860996127128601074e-01,2.405203282833099365e-01,1.088035821914672852e+00,6.502715498208999634e-02,3.977000000000000000e+03,4.410473144531250000e+03
6.379825472831726074e-01,4.545493423938751221e-01,5.134673714637756348e-01,2.704448997974395752e-01,8.750268816947937012e-01,6.508075445890426636e-02,3.456000000000000000e+03,3.675950927734375000e+03
-1.178191304206848145e-01,-7.500000000000000000e-01,-2.034123390913009644e-01,-1.125005364418029785e+00,8.019925951957702637e-01,6.832642108201980591e-02,2.828000000000000000e+03,3.449371337890625000e+03
6.961627006530761719e-01,-5.000000000000000000e-01,5.611594319343566895e-01,-4.809389710426330566e-01,7.504783868789672852e-01,8.381288498640060425e-02,2.379000000000000000e+03,2.456973388671875000e+03
6.672313809394836426e-01,-1.172467991709709167e-01,6.633646488189697266e-01,2.822283282876014709e-02,1.066607594490051270e+00,6.975150853395462036e-02,2.892000000000000000e+03,2.945626220703125000e+03
4.545493423938751221e-01,4.223684668540954590e-01,5.459124445915222168e-01,5.592113733291625977e-01,9.883033037185668945e-01,5.961131304502487183e-02,3.505000000000000000e+03,3.601463623046875000e+03
-6.499999761581420898e-01,2.872454822063446045e-01,-6.619400978088378906e-01,9.372115880250930786e-02,7.383769154548645020e-01,6.369048357009887695e-02,2.799000000000000000e+03,2.989053222656250000e+03
-1.329280883073806763e-01,-5.500000119209289551e-01,-1.340644359588623047e-01,-6.697260141372680664e-01,9.311333894729614258e-01,6.627235561609268188e-02,3.551000000000000000e+03,3.609471923828125000e+03
-2.131237089633941650e-01,5.173884034156799316e-01,-1.239543929696083069e-01,4.344548583030700684e-01,5.007057785987854004e-01,7.979371398687362671e-02,1.781000000000000000e+03,1.885072265625000000e+03
-6.499999761581420898e-01,-6.590732932090759277e-02,-6.214151382446289062e-01,-1.220057755708694458e-01,7.697149515151977539e-01,7.400503009557723999e-02,2.140000000000000000e+03,2.154382080078125000e+03
3.275320306420326233e-02,-7.500000000000000000e-01,1.591200828552246094e-01,-9.948933720588684082e-01,8.239532709121704102e-01,5.460927262902259827e-02,2.482000000000000000e+03,2.752525634765625000e+03
-3.000000119209289551e-01,-4.499999880790710449e-01,-3.701369166374206543e-01,-4.777263700962066650e-01,7.194927930831909180e-01,7.101096212863922119e-02,2.603000000000000000e+03,2.631418945312500000e+03
-6.000000238418579102e-01,-5.500000119209289551e-01,-5.023543834686279297e-01,-5.598143935203552246e-01,7.402441501617431641e-01,7.818972319364547729e-02,1.812000000000000000e+03,1.843813476562500000e+03
-1.985609978437423706e-01,-8.999999761581420898e-01,-4.524262249469757080e-01,-7.378157973289489746e-01,7.145057320594787598e-01,7.126781344413757324e-02,2.454000000000000000e+03,2.873832763671875000e+03
-2.131237089633941650e-01,6.961627006530761719e-01,-3.286493122577667236e-01,6.070053577423095703e-01,8.636568188667297363e-01,7.502344250679016113e-02,3.055000000000000000e+03,3.141826904296875000e+03
-6.692624092102050781e-01,2.514390051364898682e-01,-5.809019207954406738e-01,2.576656341552734375e-01,5.865814089775085449e-01,7.146276533603668213e-02,1.961000000000000000e+03,2.005368286132812500e+03
-3.499999940395355225e-01,3.221365213394165039e-01,-1.121416687965393066e-01,2.767421007156372070e-01,6.388352513313293457e-01,9.982497245073318481e-02,1.795000000000000000e+03,2.044387207031250000e+03
-5.500000119209289551e-01,5.481259822845458984e-01,-5.846884846687316895e-01,2.271930128335952759e-01,9.829355478286743164e-01,7.118675857782363892e-02,2.680000000000000000e+03,2.961708740234375000e+03
1.448896825313568115e-01,5.173884034156799316e-01,-3.428483009338378906e-01,3.874751925468444824e-01,1.036630630493164062e+00,7.037232816219329834e-02,3.351000000000000000e+03,4.106844726562500000e+03
3.580648824572563171e-02,6.961627006530761719e-01,1.247466132044792175e-01,7.248489856719970703e-01,9.552708864212036133e-01,5.631402134895324707e-02,2.379000000000000000e+03,2.401760253906250000e+03
-5.000000000000000000e-01,3.896152675151824951e-01,-4.176518321037292480e-01,2.945979535579681396e-01,7.022380828857421875e-01,9.519284963607788086e-02,1.781000000000000000e+03,1.837632934570312500e+03
-4.000000059604644775e-01,6.961627006530761719e-01,-4.204038381576538086e-01,8.885583877563476562e-01,7.740881443023681641e-01,7.325647026300430298e-02,2.501000000000000000e+03,2.655019042968750000e+03
-4.499999880790710449e-01,-4.499999880790710449e-01,-1.559976190328598022e-01,-4.453161060810089111e-01,9.601286053657531738e-01,5.391228571534156799e-02,3.351000000000000000e+03,3.658550537109375000e+03
-5.178191065788269043e-01,-3.000000119209289551e-01,-4.212972223758697510e-01,-3.549296557903289795e-01,7.208361029624938965e-01,1.628128886222839355e-01,1.995000000000000000e+03,2.042070312500000000e+03
-8.999999761581420898e-01,7.640434801578521729e-02,-1.008495807647705078e+00,8.103922754526138306e-02,6.235445737838745117e-01,7.639405876398086548e-02,1.829000000000000000e+03,1.884020751953125000e+03
5.173884034156799316e-01,-2.641935050487518311e-01,5.327897667884826660e-01,-2.468357235193252563e-01,1.075919985771179199e+00,5.639218538999557495e-02,3.591000000000000000e+03,3.592661376953125000e+03
-4.499999880790710449e-01,4.223684668540954590e-01,-3.801930844783782959e-01,2.823708057403564453e-01,6.102605462074279785e-01,7.233843207359313965e-02,2.041000000000000000e+03,2.173340087890625000e+03
-5.500000119209289551e-01,2.694263756275177002e-01,-2.078069001436233521e-01,3.794281780719757080e-01,7.845515012741088867e-01,8.187825977802276611e-02,2.521000000000000000e+03,3.027428466796875000e+03
-4.000000059604644775e-01,4.223684668540954590e-01,-3.620406389236450195e-01,4.955658912658691406e-01,1.117875337600708008e+00,5.715430900454521179e-02,3.525000000000000000e+03,3.544225097656250000e+03
7.247940897941589355e-01,-2.710686326026916504e-01,4.724965989589691162e-01,-5.474997162818908691e-01,8.288244605064392090e-01,7.898438721895217896e-02,3.088000000000000000e+03,3.692343994140625000e+03
-1.000000000000000000e+00,-2.051799446344375610e-01,-9.734014868736267090e-01,-2.814521789550781250e-01,5.442796349525451660e-01,6.488777697086334229e-02,1.903000000000000000e+03,1.944552612304687500e+03
4.862083792686462402e-01,-7.500000000000000000e-01,5.121408104896545410e-01,-6.848059892654418945e-01,7.490267157554626465e-01,6.750822812318801880e-02,3.049000000000000000e+03,3.075777343750000000e+03
-8.000000119209289551e-01,2.145627290010452271e-01,-8.535675406455993652e-01,1.072909459471702576e-01,8.450613021850585938e-01,5.480447039008140564e-02,2.996000000000000000e+03,3.055927978515625000e+03
3.221365213394165039e-01,-4.000000059604644775e-01,2.954679429531097412e-01,-6.925935745239257812e-01,9.432679414749145508e-01,6.299062073230743408e-02,3.521000000000000000e+03,3.855101806640625000e+03
6.961627006530761719e-01,2.418845146894454956e-01,9.897110462188720703e-01,4.318196475505828857e-01,7.610135078430175781e-01,1.368909925222396851e-01,1.898000000000000000e+03,2.280702636718750000e+03
2.125407755374908447e-01,-8.999999761581420898e-01,3.652466535568237305e-01,-1.047217845916748047e+00,7.564903497695922852e-01,1.159294396638870239e-01,1.649000000000000000e+03,1.776508666992187500e+03
-4.499999880790710449e-01,-5.683409571647644043e-01,-5.895152091979980469e-01,-6.184787750244140625e-01,9.778085350990295410e-01,6.220502778887748718e-02,2.656000000000000000e+03,2.716517578125000000e+03
-5.500000119209289551e-01,-6.000000238418579102e-01,-3.004478514194488525e-01,-6.651793718338012695e-01,8.436135649681091309e-01,6.446760892868041992e-02,3.338000000000000000e+03,3.643077636718750000e+03
6.961627006530761719e-01,1.602120995521545410e-01,6.357753872871398926e-01,1.864438951015472412e-01,7.974556684494018555e-01,7.083637267351150513e-02,3.138000000000000000e+03,3.159351806640625000e+03
1.345701515674591064e-01,4.545493423938751221e-01,-2.125939726829528809e-02,5.135591030120849609e-01,8.716810345649719238e-01,2.198323011398315430e-01,1.215000000000000000e+03,1.259018676757812500e+03
6.961627006530761719e-01,6.993065029382705688e-02,8.354884982109069824e-01,1.385940704494714737e-02,7.000456452369689941e-01,1.696908324956893921e-01,9.940000000000000000e+02,1.039153198242187500e+03
-4.577058553695678711e-02,-6.499999761581420898e-01,6.646391004323959351e-02,-6.487722396850585938e-01,7.123622894287109375e-01,7.243227213621139526e-02,2.624000000000000000e+03,2.688952880859375000e+03
3.543173968791961670e-01,5.481259822845458984e-01,2.458258122205734253e-01,3.756927847862243652e-01,6.202957034111022949e-01,9.663244336843490601e-02,1.586000000000000000e+03,1.752712768554687500e+03
-6.834094226360321045e-02,4.862083792686462402e-01,1.744285523891448975e-01,4.395509362220764160e-01,8.139787912368774414e-01,3.033431172370910645e-01,6.478000000000000000e+03,7.062654296875000000e+03
1.764043420553207397e-01,-7.500000000000000000e-01,1.956262886524200439e-01,-7.314439415931701660e-01,8.184784650802612305e-01,7.696538418531417847e-02,2.411000000000000000e+03,2.413551269531250000e+03
-8.500000238418579102e-01,-2.151461504399776459e-02,-7.867138981819152832e-01,-5.301665887236595154e-02,6.626127958297729492e-01,6.360109895467758179e-02,2.212000000000000000e+03,2.237111328125000000e+03
1.372454911470413208e-01,-6.499999761581420898e-01,4.726810008287429810e-02,-6.260129213333129883e-01,4.318154752254486084e-01,8.555462211370468140e-02,9.090000000000000000e+02,9.507294921875000000e+02
-2.778634727001190186e-01,-9.499999880790710449e-01,-4.236693680286407471e-01,-9.665073752403259277e-01,5.175535082817077637e-01,8.162439614534378052e-02,2.127000000000000000e+03,2.295109863281250000e+03
-5.000000000000000000e-01,4.526953995227813721e-01,-3.955665230751037598e-01,3.071047663688659668e-01,1.017429351806640625e+00,6.135582178831100464e-02,2.657000000000000000e+03,2.738937255859375000e+03
5.784529447555541992e-01,-5.000000000000000000e-01,3.470762073993682861e-01,-3.191039860248565674e-01,8.860221505165100098e-01,6.271422654390335083e-02,3.128000000000000000e+03,3.463500732421875000e+03
6.961627006530761719e-01,5.000000074505805969e-02,1.084555625915527344e+00,8.930346369743347168e-02,8.316124677658081055e-01,1.291449666023254395e-01,2.354000000000000000e+03,2.850387695312500000e+03
-9.499999880790710449e-01,-3.000000119209289551e-01,-9.299058318138122559e-01,-2.990382313728332520e-01,6.680050492286682129e-01,5.861992388963699341e-02,2.029000000000000000e+03,2.030828979492187500e+03
-6.999999880790710449e-01,-1.683409363031387329e-01,-8.589873313903808594e-01,-1.665655523538589478e-01,8.766306042671203613e-01,7.165428996086120605e-02,3.210000000000000000e+03,3.314578125000000000e+03
3.048103451728820801e-01,-1.000000000000000000e+00,2.994408011436462402e-01,-8.913103938102722168e-01,3.951882719993591309e-01,1.101103574037551880e-01,1.153000000000000000e+03,1.239060668945312500e+03
-2.166139483451843262e-01,6.961627006530761719e-01,-2.106681019067764282e-01,6.820146441459655762e-01,5.535454154014587402e-01,6.966862082481384277e-02,1.645000000000000000e+03,1.646245727539062500e+03
-4.382335543632507324e-01,6.672313809394836426e-01,-4.825243055820465088e-01,8.878498077392578125e-01,7.795017957687377930e-01,6.821852922439575195e-02,2.616000000000000000e+03,2.830065917968750000e+03
5.784529447555541992e-01,-6.661394238471984863e-02,5.779911279678344727e-01,1.366482377052307129e-01,1.143838763236999512e+00,5.988766998052597046e-02,3.421000000000000000e+03,3.528461425781250000e+03
6.672313809394836426e-01,2.397344410419464111e-01,4.512764215469360352e-01,2.275191545486450195e-01,7.881888151168823242e-01,8.248649537563323975e-02,2.425000000000000000e+03,2.604400878906250000e+03
-7.500000000000000000e-01,2.479487806558609009e-01,-8.730601072311401367e-01,3.447646200656890869e-01,8.851093649864196777e-01,6.727765500545501709e-02,3.153000000000000000e+03,3.250834228515625000e+03
-7.845556735992431641e-02,-5.178191065788269043e-01,4.658482968807220459e-03,-4.367018043994903564e-01,1.116987824440002441e+00,5.816205590963363647e-02,3.875000000000000000e+03,3.916890869140625000e+03
6.456272304058074951e-02,-8.000000119209289551e-01,1.751383394002914429e-01,-8.284926414489746094e-01,6.401488184928894043e-01,6.411369889974594116e-02,1.593000000000000000e+03,1.643346679687500000e+03
1.070521771907806396e-01,6.961627006530761719e-01,1.240686029195785522e-01,6.477806568145751953e-01,9.356414079666137695e-01,6.147167831659317017e-02,3.689000000000000000e+03,3.700014648437500000e+03
-4.178191125392913818e-01,-4.000000059604644775e-01,-2.419816553592681885e-01,-5.693788528442382812e-01,7.298481464385986328e-01,6.615655124187469482e-02,2.498000000000000000e+03,2.770269531250000000e+03
-2.688199877738952637e-01,-6.999999880790710449e-01,-3.586672246456146240e-01,-2.734029889106750488e-01,9.020106792449951172e-01,7.553689926862716675e-02,2.911000000000000000e+03,3.560259033203125000e+03
-3.151089549064636230e-01,-5.692623853683471680e-01,-4.226259589195251465e-01,-5.163591504096984863e-01,7.748781442642211914e-01,6.152537465095520020e-02,2.317000000000000000e+03,2.372046875000000000e+03
3.562291860580444336e-01,-3.000000119209289551e-01,5.618897676467895508e-01,-3.928855657577514648e-01,9.070823192596435547e-01,6.397127360105514526e-02,3.115000000000000000e+03,3.305022949218750000e+03
3.975010663270950317e-02,3.896152675151824951e-01,-6.403861194849014282e-02,3.773532211780548096e-01,4.593479335308074951e-01,1.228122040629386902e-01,1.264000000000000000e+03,1.328657470703125000e+03
4.183419048786163330e-02,-5.500000119209289551e-01,-3.981780260801315308e-02,-6.213163137435913086e-01,6.634919643402099609e-01,6.031382083892822266e-02,2.191000000000000000e+03,2.248982666015625000e+03
4.162606596946716309e-02,6.961627006530761719e-01,1.533903330564498901e-01,8.667975068092346191e-01,6.635727286338806152e-01,1.261067539453506470e-01,1.916000000000000000e+03,2.093323730468750000e+03
-6.000000238418579102e-01,-6.999999880790710449e-01,-5.328636765480041504e-01,-6.416668891906738281e-01,6.795749664306640625e-01,1.173096224665641785e-01,1.861000000000000000e+03,1.892649902343750000e+03
-3.943468630313873291e-01,-8.207511901855468750e-01,-2.740409374237060547e-01,-6.135144233703613281e-01,6.786150932312011719e-01,6.738210469484329224e-02,2.190000000000000000e+03,2.455672607421875000e+03
4.862083792686462402e-01,-1.000000014901161194e-01,9.953996539115905762e-01,4.034467414021492004e-02,1.088797330856323242e+00,6.143962219357490540e-02,4.441000000000000000e+03,5.435222656250000000e+03
9.482004493474960327e-02,-4.000000059604644775e-01,3.510930538177490234e-01,-4.659240245819091797e-01,7.933959960937500000e-01,5.769597366452217102e-02,3.051000000000000000e+03,3.382212158203125000e+03
2.467435896396636963e-01,-6.000000238418579102e-01,2.809560298919677734e-01,-3.974589109420776367e-01,9.085611104965209961e-01,5.660974234342575073e-02,3.901000000000000000e+03,4.097539062500000000e+03
6.961627006530761719e-01,-3.499999940395355225e-01,5.065730810165405273e-01,-3.938859999179840088e-01,7.707743644714355469e-01,8.556672930717468262e-02,2.812000000000000000e+03,2.988466552734375000e+03
5.481259822845458984e-01,2.600005455315113068e-02,4.766157269477844238e-01,7.729657925665378571e-03,9.281558394432067871e-01,8.314391970634460449e-02,2.772000000000000000e+03,2.789491699218750000e+03
3.221365213394165039e-01,2.145627290010452271e-01,1.324698477983474731e-01,7.683711498975753784e-02,7.848607301712036133e-01,7.919578999280929565e-02,2.819000000000000000e+03,3.064971923828125000e+03
6.379825472831726074e-01,-5.178191065788269043e-01,4.427902996540069580e-01,-4.735064506530761719e-01,7.441154122352600098e-01,7.182920724153518677e-02,2.637000000000000000e+03,2.824374023437500000e+03
4.545493423938751221e-01,6.083970069885253906e-01,5.296776890754699707e-01,4.176960885524749756e-01,9.006831645965576172e-01,5.827327817678451538e-02,3.473000000000000000e+03,3.650654541015625000e+03
4.862083792686462402e-01,-1.000000014901161194e-01,6.978156566619873047e-01,-2.795771360397338867e-01,1.153498053550720215e+00,6.416095793247222900e-02,3.546000000000000000e+03,3.748260742187500000e+03
6.672313809394836426e-01,-3.672468066215515137e-01,7.434648871421813965e-01,-1.656433343887329102e-01,8.977502584457397461e-01,6.436809152364730835e-02,3.370000000000000000e+03,3.561290039062500000e+03
5.481259822845458984e-01,-4.000000059604644775e-01,8.039419353008270264e-02,-4.743686914443969727e-01,9.775531888008117676e-01,5.881590023636817932e-02,3.740000000000000000e+03,4.577287109375000000e+03
-8.500000238418579102e-01,-4.000000059604644775e-01,-9.269469976425170898e-01,-5.473870038986206055e-01,5.793470740318298340e-01,8.187007158994674683e-02,2.216000000000000000e+03,2.394995117187500000e+03
1.366542428731918335e-01,5.481259822845458984e-01,-3.036710023880004883e-01,5.942722558975219727e-01,1.018401026725769043e+00,7.096862047910690308e-02,3.917000000000000000e+03,4.628456542968750000e+03
-2.500000000000000000e-01,-6.000000238418579102e-01,-6.176462769508361816e-01,-4.703558683395385742e-01,9.315571784973144531e-01,6.521242856979370117e-02,3.402000000000000000e+03,3.975354492187500000e+03
-1.000000014901161194e-01,6.961627006530761719e-01,9.723547846078872681e-02,4.841511547565460205e-01,9.887006282806396484e-01,5.444658175110816956e-02,3.844000000000000000e+03,4.166780273437500000e+03
-8.000000119209289551e-01,1.995541453361511230e-01,-7.307673096656799316e-01,1.115997880697250366e-01,5.812726616859436035e-01,6.961006671190261841e-02,1.666000000000000000e+03,1.727057373046875000e+03
-1.618416309356689453e-01,1.366542428731918335e-01,-1.970071941614151001e-01,7.221308350563049316e-02,4.972197115421295166e-01,9.556146711111068726e-02,1.617000000000000000e+03,1.652055297851562500e+03
3.562291860580444336e-01,-3.000000119209289551e-01,8.788521587848663330e-02,-3.496206402778625488e-01,6.333280801773071289e-01,7.750124484300613403e-02,2.125000000000000000e+03,2.503825683593750000e+03
-6.499999761581420898e-01,-1.172467991709709167e-01,-6.932058334350585938e-01,-4.437881410121917725e-01,9.232128858566284180e-01,8.065430074930191040e-02,3.629000000000000000e+03,4.077943359375000000e+03
-2.000000029802322388e-01,-6.000000238418579102e-01,-2.995995283126831055e-01,-5.211437940597534180e-01,8.433049321174621582e-01,6.509302556514739990e-02,3.012000000000000000e+03,3.080147460937500000e+03
-3.768257424235343933e-02,7.247940897941589355e-01,1.635186956264078617e-03,1.130369067192077637e+00,8.952929377555847168e-01,6.122056767344474792e-02,3.015000000000000000e+03,3.613925781250000000e+03
-7.707512378692626953e-01,-5.700559616088867188e-01,-8.126716613769531250e-01,-7.118125557899475098e-01,5.616452097892761230e-01,8.690845966339111328e-02,2.143000000000000000e+03,2.289177246093750000e+03
-5.000000000000000000e-01,4.545493423938751221e-01,-2.349933385848999023e-01,2.694618403911590576e-01,9.810436964035034180e-01,7.602605968713760376e-02,2.998000000000000000e+03,3.315692382812500000e+03
-1.618416309356689453e-01,-6.000000238418579102e-01,5.166714265942573547e-02,-9.672899246215820312e-01,9.527220726013183594e-01,6.940993666648864746e-02,3.726000000000000000e+03,4.436413085937500000e+03
4.862083792686462402e-01,-4.178191125392913818e-01,8.314045071601867676e-01,-4.096672236919403076e-01,9.502595663070678711e-01,5.080676078796386719e-02,3.745000000000000000e+03,4.224824707031250000e+03
-4.000000059604644775e-01,-4.000000059604644775e-01,-7.140938639640808105e-01,-4.521149992942810059e-01,7.178618907928466797e-01,6.351692229509353638e-02,2.684000000000000000e+03,3.190045654296875000e+03
6.961627006530761719e-01,1.571720987558364868e-01,7.559682726860046387e-01,2.460628896951675415e-01,5.137975811958312988e-01,9.887588024139404297e-02,1.054000000000000000e+03,1.099391479492187500e+03
5.481259822845458984e-01,-3.188199996948242188e-01,4.433735907077789307e-01,-3.598046302795410156e-01,8.379054069519042969e-01,6.711706519126892090e-02,2.930000000000000000e+03,2.982669677734375000e+03
-5.683409571647644043e-01,8.489102870225906372e-02,-5.852801799774169922e-01,-1.781469024717807770e-02,1.034992814064025879e+00,6.289573013782501221e-02,3.666000000000000000e+03,3.702936767578125000e+03
4.862083792686462402e-01,4.223684668540954590e-01,6.339893937110900879e-01,4.632950127124786377e-01,8.578193187713623047e-01,8.645855635404586792e-02,3.606000000000000000e+03,3.720665039062500000e+03
-4.499999880790710449e-01,-5.178191065788269043e-01,-3.903420269489288330e-01,-5.695016384124755859e-01,1.030459046363830566e+00,7.048796862363815308e-02,2.195000000000000000e+03,2.207808105468750000e+03
-3.351697325706481934e-01,-6.188200116157531738e-01,-1.622240841388702393e-01,-4.037981629371643066e-01,6.876431703567504883e-01,7.678600400686264038e-02,1.569000000000000000e+03,1.813336425781250000e+03
-1.735956519842147827e-01,6.961627006530761719e-01,-4.367841482162475586e-01,8.342912793159484863e-01,7.600039839744567871e-01,1.704125851392745972e-01,1.292000000000000000e+03,1.482805541992187500e+03
-8.999999761581420898e-01,-1.424261927604675293e-01,-9.187890291213989258e-01,1.953961998224258423e-01,7.678796052932739258e-01,8.892885595560073853e-02,2.236000000000000000e+03,2.652885742187500000e+03
-9.499999880790710449e-01,6.083970069885253906e-01,-1.027739763259887695e+00,5.744425058364868164e-01,4.665584862232208252e-01,6.720736622810363770e-02,1.417000000000000000e+03,1.463443115234375000e+03
5.780700445175170898e-01,-7.500000000000000000e-01,5.309779047966003418e-01,-8.631808757781982422e-01,6.876757144927978516e-01,7.645299285650253296e-02,1.695000000000000000e+03,1.748570312500000000e+03
-3.499999940395355225e-01,5.173884034156799316e-01,-2.032500803470611572e-01,3.986128568649291992e-01,5.436736345291137695e-01,1.069148331880569458e-01,1.652000000000000000e+03,1.846197021484375000e+03
-1.500000059604644775e-01,6.672313809394836426e-01,-4.360661506652832031e-01,4.473021626472473145e-01,9.183454513549804688e-01,8.397420495748519897e-02,3.235000000000000000e+03,3.718227294921875000e+03
-3.000000119209289551e-01,-4.499999880790710449e-01,-7.209835648536682129e-01,-3.805317580699920654e-01,1.139999508857727051e+00,6.256583333015441895e-02,3.503000000000000000e+03,3.978603271484375000e+03
5.481259822845458984e-01,3.221365213394165039e-01,4.072217345237731934e-01,3.937610089778900146e-01,1.044057846069335938e+00,5.057668685913085938e-02,3.972000000000000000e+03,4.062502929687500000e+03
-4.776313304901123047e-01,6.961627006530761719e-01,-3.370969295501708984e-01,6.906646490097045898e-01,5.583858489990234375e-01,1.915917396545410156e-01,9.810000000000000000e+02,1.042273803710937500e+03
-7.500000000000000000e-01,-2.325344532728195190e-01,-7.935178279876708984e-01,-3.658287227153778076e-02,7.406252026557922363e-01,1.553540378808975220e-01,1.849000000000000000e+03,1.982766479492187500e+03
-1.000000014901161194e-01,6.379825472831726074e-01,-1.553417444229125977e-01,6.017655730247497559e-01,1.014629602432250977e+00,5.342647060751914978e-02,3.670000000000000000e+03,3.685621337890625000e+03
-2.182390391826629639e-01,8.910685777664184570e-01,-1.121646761894226074e-01,1.094560503959655762e+00,5.007387399673461914e-01,1.625211983919143677e-01,1.097000000000000000e+03,1.317369750976562500e+03
6.672313809394836426e-01,2.872454822063446045e-01,4.037407934665679932e-01,9.987531602382659912e-02,8.011739253997802734e-01,8.273525536060333252e-02,2.669000000000000000e+03,3.087787597656250000e+03
-7.500000000000000000e-01,-4.476971924304962158e-02,-8.975639939308166504e-01,1.688248515129089355e-01,1.027449369430541992e+00,4.919445514678955078e-02,2.607000000000000000e+03,2.770601806640625000e+03
-2.308074533939361572e-01,-5.500000119209289551e-01,-2.916004359722137451e-01,-4.489912390708923340e-01,5.277376174926757812e-01,7.599814236164093018e-02,1.600000000000000000e+03,1.678983764648437500e+03
-8.165807463228702545e-03,-6.000000238418579102e-01,6.914662569761276245e-02,-4.841896295547485352e-01,1.024995088577270508e+00,5.920035764575004578e-02,4.016000000000000000e+03,4.089895507812500000e+03
-5.500000119209289551e-01,2.438115030527114868e-01,-6.439610719680786133e-01,3.198075294494628906e-01,1.028442859649658203e+00,7.076045870780944824e-02,3.637000000000000000e+03,3.687126220703125000e+03
3.221365213394165039e-01,-3.499999940395355225e-01,1.137885376811027527e-01,-3.849852085113525391e-01,1.122177720069885254e+00,7.243725657463073730e-02,4.081000000000000000e+03,4.224619628906250000e+03
3.194263577461242676e-01,-6.499999761581420898e-01,7.596818804740905762e-01,-4.548949301242828369e-01,9.508875608444213867e-01,6.403747200965881348e-02,3.035000000000000000e+03,3.773067626953125000e+03
-8.500000238418579102e-01,0.000000000000000000e+00,-6.832349896430969238e-01,3.925292193889617920e-02,8.318039774894714355e-01,6.745143979787826538e-02,2.081000000000000000e+03,2.168224609375000000e+03
8.063402958214282990e-03,-6.499999761581420898e-01,-6.395760923624038696e-02,-6.617240309715270996e-01,4.901081323623657227e-01,1.224340051412582397e-01,1.338000000000000000e+03,1.367425415039062500e+03
1.645627170801162720e-01,-8.500000238418579102e-01,1.619728356599807739e-01,-9.681860804557800293e-01,7.213449478149414062e-01,6.070258468389511108e-02,2.056000000000000000e+03,2.110769042968750000e+03
2.317659556865692139e-01,-8.500000238418579102e-01,-5.016251653432846069e-02,-1.018692493438720703e+00,7.806533575057983398e-01,6.007286906242370605e-02,3.235000000000000000e+03,3.786376708984375000e+03
2.145627290010452271e-01,-6.188200116157531738e-01,1.957595348358154297e-01,-7.660002708435058594e-01,9.540700316429138184e-01,6.049834936857223511e-02,3.214000000000000000e+03,3.291416015625000000e+03
2.863300442695617676e-01,-5.500000119209289551e-01,4.842986762523651123e-01,-6.315837502479553223e-01,8.906113505363464355e-01,8.577334880828857422e-02,2.398000000000000000e+03,2.534779785156250000e+03
-4.000000059604644775e-01,6.083970069885253906e-01,-6.146798729896545410e-01,2.170048505067825317e-01,8.896389007568359375e-01,9.601127356290817261e-02,3.130000000000000000e+03,3.879764404296875000e+03
2.140916138887405396e-02,-6.499999761581420898e-01,1.355969533324241638e-02,-2.793699204921722412e-01,1.049818754196166992e+00,6.539302319288253784e-02,3.798000000000000000e+03,4.258741699218750000e+03
6.672313809394836426e-01,-5.683409571647644043e-01,8.810701966285705566e-01,-3.201727867126464844e-01,8.586636185646057129e-01,6.728932261466979980e-02,2.841000000000000000e+03,3.241803710937500000e+03
-4.000000059604644775e-01,-6.999999880790710449e-01,-4.635037481784820557e-01,-8.285328745841979980e-01,7.835139632225036621e-01,7.481344044208526611e-02,2.411000000000000000e+03,2.490976318359375000e+03
3.409266844391822815e-02,-5.178191065788269043e-01,1.166741847991943359e-01,-3.696715831756591797e-01,6.894735693931579590e-01,9.844860434532165527e-02,2.558000000000000000e+03,2.710372558593750000e+03
6.379825472831726074e-01,-4.000000059604644775e-01,7.498569488525390625e-01,-3.072209358215332031e-01,6.372003555297851562e-01,7.916887849569320679e-02,1.904000000000000000e+03,2.001887939453125000e+03
4.173414409160614014e-01,6.672313809394836426e-01,5.413979887962341309e-01,5.320844650268554688e-01,8.337471485137939453e-01,7.894103229045867920e-02,2.939000000000000000e+03,3.079671630859375000e+03
-5.000000074505805969e-02,-6.000000238418579102e-01,6.077038496732711792e-02,-3.598169982433319092e-01,9.073469638824462891e-01,6.753411144018173218e-02,2.745000000000000000e+03,2.973526855468750000e+03
6.961627006530761719e-01,-1.000000014901161194e-01,5.421630144119262695e-01,-3.682521581649780273e-01,7.593575716018676758e-01,7.887087017297744751e-02,2.225000000000000000e+03,2.580765869140625000e+03
-5.000000000000000000e-01,-6.999999880790710449e-01,-3.306676745414733887e-01,-8.516143560409545898e-01,7.215632796287536621e-01,8.741869777441024780e-02,2.395000000000000000e+03,2.627006347656250000e+03
3.221365213394165039e-01,-3.659073412418365479e-01,3.745213449001312256e-01,-2.873983681201934814e-01,1.129855632781982422e+00,6.410051137208938599e-02,3.794000000000000000e+03,3.820456542968750000e+03
-1.000000014901161194e-01,-6.499999761581420898e-01,-2.322258949279785156e-01,-4.898685216903686523e-01,8.091725111007690430e-01,5.818672850728034973e-02,2.698000000000000000e+03,2.872940673828125000e+03
6.961627006530761719e-01,-2.477975003421306610e-02,8.800319433212280273e-01,-1.817155033349990845e-01,8.438675999641418457e-01,8.240281045436859131e-02,2.624000000000000000e+03,2.835033203125000000e+03
3.896152675151824951e-01,-4.000000059604644775e-01,6.544109582901000977e-01,-2.833274006843566895e-01,8.333348035812377930e-01,6.777655333280563354e-02,3.153000000000000000e+03,3.523643554687500000e+03
-4.499999880790710449e-01,4.545493423938751221e-01,-2.970143556594848633e-01,4.585153460502624512e-01,8.958054184913635254e-01,8.976225554943084717e-02,3.463000000000000000e+03,3.563319335937500000e+03
-6.692624092102050781e-01,-1.024989411234855652e-02,-6.624544858932495117e-01,-1.106946263462305069e-02,9.029814004898071289e-01,7.481664419174194336e-02,2.999000000000000000e+03,2.999168701171875000e+03
-2.627544999122619629e-01,-6.692624092102050781e-01,-2.692654132843017578e-01,-6.487575769424438477e-01,5.140874385833740234e-01,1.428456902503967285e-01,1.070000000000000000e+03,1.071893310546875000e+03
-1.000000014901161194e-01,-5.500000119209289551e-01,-4.544640332460403442e-02,-3.800617754459381104e-01,7.606984972953796387e-01,7.263039052486419678e-02,2.373000000000000000e+03,2.501884277343750000e+03
1.764043420553207397e-01,-1.500000059604644775e-01,1.455169171094894409e-01,-9.106677770614624023e-02,8.455612063407897949e-01,7.370143383741378784e-02,2.948000000000000000e+03,2.966129150390625000e+03
-2.133457660675048828e-01,6.961627006530761719e-01,-8.054766058921813965e-02,7.032653093338012695e-01,6.167119741439819336e-01,8.520139008760452271e-02,1.620000000000000000e+03,1.694369384765625000e+03
6.083970069885253906e-01,-3.392344117164611816e-01,4.677779674530029297e-01,-2.583620250225067139e-01,1.004238247871398926e+00,6.207019090652465820e-02,2.930000000000000000e+03,3.006015869140625000e+03
-4.499999880790710449e-01,-4.000000059604644775e-01,-4.471319317817687988e-01,-7.021372318267822266e-01,1.153555750846862793e+00,5.239783227443695068e-02,2.583000000000000000e+03,2.757585449218750000e+03
-5.000000000000000000e-01,6.083970069885253906e-01,-6.990093588829040527e-01,3.957823812961578369e-01,7.984907031059265137e-01,5.752168223261833191e-02,2.606000000000000000e+03,2.942492919921875000e+03
6.379825472831726074e-01,-4.499999880790710449e-01,8.047154545783996582e-01,-4.738951623439788818e-01,8.912916779518127441e-01,6.267762184143066406e-02,2.717000000000000000e+03,2.813177246093750000e+03
2.872454822063446045e-01,6.961627006530761719e-01,3.416691124439239502e-01,3.436103761196136475e-01,9.027473330497741699e-01,5.966987088322639465e-02,3.045000000000000000e+03,3.505051025390625000e+03
5.915755033493041992e-02,4.545493423938751221e-01,5.527147278189659119e-02,3.488635122776031494e-01,4.167201817035675049e-01,1.092437133193016052e-01,1.276000000000000000e+03,1.356829711914062500e+03
-6.000000238418579102e-01,9.482004493474960327e-02,-6.848545670509338379e-01,-3.204931318759918213e-01,1.109268188476562500e+00,6.709736585617065430e-02,2.865000000000000000e+03,3.270737792968750000e+03
1.127457693219184875e-01,6.961627006530761719e-01,1.619009226560592651e-01,7.235286235809326172e-01,8.719706535339355469e-01,6.673414260149002075e-02,2.539000000000000000e+03,2.549640625000000000e+03
3.665424138307571411e-02,-6.000000238418579102e-01,-1.017177626490592957e-01,-5.080922842025756836e-01,8.431573510169982910e-01,5.988742038607597351e-02,2.420000000000000000e+03,2.512824462890625000e+03
2.514390051364898682e-01,5.173884034156799316e-01,4.455482959747314453e-01,2.178763449192047119e-01,9.915210008621215820e-01,6.798928231000900269e-02,4.112000000000000000e+03,4.628698242187500000e+03
-5.000000074505805969e-02,-4.166139364242553711e-01,4.638370871543884277e-02,-7.159482240676879883e-01,8.931904435157775879e-01,6.844102591276168823e-02,3.038000000000000000e+03,3.403662841796875000e+03
-6.188200116157531738e-01,1.764043420553207397e-01,-5.445297360420227051e-01,2.978416383266448975e-01,5.360015034675598145e-01,8.966869115829467773e-02,2.134000000000000000e+03,2.282240234375000000e+03
1.264043450355529785e-01,-6.999999880790710449e-01,9.008330851793289185e-02,-7.668691277503967285e-01,4.635535180568695068e-01,9.230784326791763306e-02,1.345000000000000000e+03,1.381064819335937500e+03
-7.500000000000000000e-01,-1.809428483247756958e-01,-6.617971658706665039e-01,-3.697092458605766296e-02,5.765941143035888672e-01,4.982917383313179016e-02,1.718000000000000000e+03,1.862260253906250000e+03
-4.000000059604644775e-01,4.862083792686462402e-01,-3.527394235134124756e-01,2.931024134159088135e-01,1.072833299636840820e+00,6.718537211418151855e-02,3.411000000000000000e+03,3.526876220703125000e+03
-6.999999880790710449e-01,-4.166139364242553711e-01,-8.649573326110839844e-01,-9.207610785961151123e-02,8.809529542922973633e-01,5.662264674901962280e-02,2.846000000000000000e+03,3.314965576171875000e+03
6.961627006530761719e-01,0.000000000000000000e+00,3.348386883735656738e-01,-1.864922046661376953e-02,8.681528568267822266e-01,7.917544990777969360e-02,2.943000000000000000e+03,3.435289062500000000e+03
5.784529447555541992e-01,-6.000000238418579102e-01,8.330797553062438965e-01,-1.282719969749450684e-01,9.285675883293151855e-01,5.695347860455513000e-02,2.500000000000000000e+03,3.281846923828125000e+03
2.122045904397964478e-01,6.961627006530761719e-01,2.575049698352813721e-01,8.557460904121398926e-01,7.754374146461486816e-01,9.868433326482772827e-02,2.905000000000000000e+03,3.036266113281250000e+03
-1.141935139894485474e-01,-5.500000119209289551e-01,-9.399472177028656006e-02,-8.508363962173461914e-01,8.686093688011169434e-01,8.342718333005905151e-02,2.450000000000000000e+03,2.736869140625000000e+03
5.230281036347150803e-03,4.545493423938751221e-01,-1.060206443071365356e-01,1.897899806499481201e-01,7.769662737846374512e-01,9.307149797677993774e-02,1.864000000000000000e+03,2.111291992187500000e+03
-2.000000029802322388e-01,-7.500000000000000000e-01,-5.072386860847473145e-01,-7.317422628402709961e-01,8.767655491828918457e-01,6.442054361104965210e-02,2.998000000000000000e+03,3.357433105468750000e+03
6.961627006530761719e-01,-3.713686466217041016e-01,6.413215994834899902e-01,-2.930868864059448242e-01,8.556630611419677734e-01,4.748265817761421204e-02,2.289000000000000000e+03,2.317562500000000000e+03
2.145627290010452271e-01,-5.500000119209289551e-01,2.156999520957469940e-02,-4.979899823665618896e-01,8.470039963722229004e-01,6.444405019283294678e-02,3.305000000000000000e+03,3.486283203125000000e+03
-1.661394163966178894e-02,3.896152675151824951e-01,-1.060437709093093872e-01,3.824888467788696289e-01,6.201696395874023438e-01,5.058347806334495544e-02,2.397000000000000000e+03,2.446750732421875000e+03
-5.683409571647644043e-01,-5.500000119209289551e-01,-2.348126620054244995e-01,-5.252428650856018066e-01,8.891823887825012207e-01,6.210588291287422180e-02,3.232000000000000000e+03,3.675897705078125000e+03
6.961627006530761719e-01,-8.955130726099014282e-02,5.821568369865417480e-01,-1.257620304822921753e-01,5.028404593467712402e-01,8.466286957263946533e-02,1.861000000000000000e+03,1.965101074218750000e+03
1.366542428731918335e-01,-3.499999940395355225e-01,1.133682206273078918e-01,-1.893233954906463623e-01,1.026736617088317871e+00,6.907993555068969727e-02,4.210000000000000000e+03,4.314919433593750000e+03
1.836198866367340088e-01,-8.000000119209289551e-01,8.081848174333572388e-02,-1.032170534133911133e+00,6.561041474342346191e-01,7.640904188156127930e-02,2.403000000000000000e+03,2.751191894531250000e+03
3.033165335655212402e-01,5.784529447555541992e-01,5.826811790466308594e-01,2.227469980716705322e-01,1.032899260520935059e+00,6.114619597792625427e-02,3.914000000000000000e+03,4.635610351562500000e+03
4.223684668540954590e-01,-1.000000014901161194e-01,3.499702811241149902e-01,1.905432194471359253e-01,7.667517662048339844e-01,1.115017384290695190e-01,2.717000000000000000e+03,3.118252929687500000e+03
-5.519632697105407715e-01,-4.985609948635101318e-01,-5.049647688865661621e-01,-5.169307589530944824e-01,4.297261536121368408e-01,9.866687655448913574e-02,1.373000000000000000e+03,1.391923095703125000e+03
6.083970069885253906e-01,0.000000000000000000e+00,3.364099562168121338e-01,9.793440252542495728e-02,1.060358285903930664e+00,5.754610151052474976e-02,4.146000000000000000e+03,4.448642089843750000e+03
-1.373027563095092773e-01,6.961627006530761719e-01,-2.886486053466796875e-01,6.528629064559936523e-01,7.020268440246582031e-01,8.362071216106414795e-02,2.100000000000000000e+03,2.204197509765625000e+03
0.000000000000000000e+00,1.366542428731918335e-01,2.251564711332321167e-01,6.435638759285211563e-03,7.955104112625122070e-01,1.641757190227508545e-01,3.522000000000000000e+03,3.889230712890625000e+03
5.481259822845458984e-01,4.223684668540954590e-01,4.980885386466979980e-01,4.255413711071014404e-01,5.477865934371948242e-01,6.540430337190628052e-02,1.677000000000000000e+03,1.691092163085937500e+03
-2.000000029802322388e-01,3.221365213394165039e-01,-2.779691815376281738e-01,2.408186793327331543e-01,9.717320203781127930e-01,6.538414955139160156e-02,3.685000000000000000e+03,3.734451904296875000e+03
2.803023457527160645e-01,-8.500000238418579102e-01,2.587218582630157471e-01,-6.672475934028625488e-01,6.490281820297241211e-01,7.335365563631057739e-02,1.555000000000000000e+03,1.677901245117187500e+03
-6.999999880790710449e-01,1.264043450355529785e-01,-6.955170035362243652e-01,-2.145717442035675049e-01,9.457238316535949707e-01,6.579135358333587646e-02,3.671000000000000000e+03,4.134083984375000000e+03
4.545493423938751221e-01,-2.000000029802322388e-01,1.690559834241867065e-01,-3.982141911983489990e-01,8.780637383460998535e-01,5.739930272102355957e-02,3.690000000000000000e+03,4.249617187500000000e+03
-3.000000119209289551e-01,5.481259822845458984e-01,-1.147315725684165955e-01,4.002968966960906982e-01,9.550442695617675781e-01,5.436824262142181396e-02,3.617000000000000000e+03,3.836601074218750000e+03
-6.499999761581420898e-01,-2.000000029802322388e-01,-3.958203494548797607e-01,1.067032106220722198e-02,8.999091386795043945e-01,6.549756228923797607e-02,2.891000000000000000e+03,3.268656738281250000e+03
6.379825472831726074e-01,-5.816580727696418762e-02,5.859850049018859863e-01,-1.034175157546997070e-01,1.093768358230590820e+00,5.476608127355575562e-02,3.635000000000000000e+03,3.649528320312500000e+03
5.481259822845458984e-01,-5.179951898753643036e-03,5.451790690422058105e-01,-5.241850391030311584e-02,9.057071805000305176e-01,4.883480444550514221e-02,2.591000000000000000e+03,2.598039306640625000e+03
-6.999999880790710449e-01,-2.000000029802322388e-01,-8.319935798645019531e-01,-4.894130527973175049e-01,7.672137618064880371e-01,7.195299118757247925e-02,2.629000000000000000e+03,3.063839111328125000e+03
-6.999999880790710449e-01,6.337974220514297485e-02,-6.252915263175964355e-01,6.823639571666717529e-02,9.921283721923828125e-01,6.856521964073181152e-02,3.020000000000000000e+03,3.037156738281250000e+03
9.482004493474960327e-02,3.896152675151824951e-01,-4.399492405354976654e-03,3.726969957351684570e-01,9.501787424087524414e-01,6.115644797682762146e-02,3.045000000000000000e+03,3.079234619140625000e+03
3.724549710750579834e-02,-6.999999880790710449e-01,2.375077307224273682e-01,-9.019727706909179688e-01,7.938373684883117676e-01,2.001768201589584351e-01,7.900000000000000000e+02,8.884971313476562500e+02
6.379825472831726074e-01,6.083970069885253906e-01,7.232352495193481445e-01,4.727789759635925293e-01,7.971238493919372559e-01,5.564810708165168762e-02,2.436000000000000000e+03,2.533172607421875000e+03
2.872454822063446045e-01,-4.499999880790710449e-01,7.179826498031616211e-01,-6.137424707412719727e-01,1.058624863624572754e+00,6.774862855672836304e-02,3.014000000000000000e+03,3.563490478515625000e+03
5.784529447555541992e-01,2.473159283399581909e-01,3.231361508369445801e-01,6.547797471284866333e-02,1.086112141609191895e+00,6.303061544895172119e-02,3.659000000000000000e+03,3.958414062500000000e+03
1.764043420553207397e-01,-6.499999761581420898e-01,1.193634718656539917e-01,-7.834025621414184570e-01,8.316158652305603027e-01,5.881885439157485962e-02,3.534000000000000000e+03,3.640975341796875000e+03
6.961627006530761719e-01,7.961504161357879639e-02,8.308924436569213867e-01,-1.227328106760978699e-01,7.031537294387817383e-01,1.602084785699844360e-01,1.224000000000000000e+03,1.366188842773437500e+03
5.173884034156799316e-01,-6.000000238418579102e-01,7.382797449827194214e-02,-7.233641147613525391e-01,9.562551975250244141e-01,6.898694485425949097e-02,2.907000000000000000e+03,3.550528564453125000e+03
