3.221365213394165039e-01,0.000000000000000000e+00,2.969459593296051025e-01,-3.373286724090576172e-01,9.828598499298095703e-01,7.547805458307266235e-02,2.904000000000000000e+03,3.238688964843750000e+03
-1.000000014901161194e-01,1.764043420553207397e-01,-1.693684458732604980e-01,6.791655421257019043e-01,1.238915801048278809e+00,6.350614875555038452e-02,4.257000000000000000e+03,4.945404785156250000e+03
1.366542428731918335e-01,-3.499999940395355225e-01,-2.384585440158843994e-01,-6.010941863059997559e-01,1.000354170799255371e+00,7.218424230813980103e-02,3.648000000000000000e+03,4.359282226562500000e+03
-1.500000059604644775e-01,5.000000074505805969e-02,-1.420114189386367798e-01,-3.931894153356552124e-02,1.254385709762573242e+00,6.362751871347427368e-02,4.599000000000000000e+03,4.622390136718750000e+03
1.366542428731918335e-01,0.000000000000000000e+00,3.847532272338867188e-01,-4.991919174790382385e-02,9.382250308990478516e-01,6.587360054254531860e-02,3.047000000000000000e+03,3.264484863281250000e+03
5.000000074505805969e-02,1.366542428731918335e-01,5.986825749278068542e-02,6.439352035522460938e-01,1.193216562271118164e+00,5.417226254940032959e-02,4.546000000000000000e+03,5.335473144531250000e+03
-1.926239021122455597e-02,-2.500000000000000000e-01,2.732460387051105499e-02,-6.729062199592590332e-01,1.150578618049621582e+00,5.419678613543510437e-02,4.337000000000000000e+03,4.912378417968750000e+03
-2.000000029802322388e-01,-1.000000014901161194e-01,-1.864911615848541260e-01,6.387854367494583130e-02,5.009331107139587402e-01,7.167298346757888794e-02,1.785000000000000000e+03,1.972630615234375000e+03
9.482004493474960327e-02,9.482004493474960327e-02,-5.065270513296127319e-02,3.355427980422973633e-01,7.305635213851928711e-01,6.925957649946212769e-02,2.912000000000000000e+03,3.329145996093750000e+03
1.366542428731918335e-01,3.896152675151824951e-01,2.470351755619049072e-01,-7.451346516609191895e-02,1.218057513236999512e+00,5.776976794004440308e-02,4.309000000000000000e+03,4.947785644531250000e+03
3.889823853969573975e-01,-3.499999940395355225e-01,2.638240754604339600e-01,-2.081554085016250610e-01,9.437072873115539551e-01,5.467899888753890991e-02,3.455000000000000000e+03,3.592820800781250000e+03
-1.500000059604644775e-01,5.000000074505805969e-02,1.622868329286575317e-01,-1.624790430068969727e-01,1.264943122863769531e+00,5.783020332455635071e-02,5.445000000000000000e+03,5.920103515625000000e+03
4.862083792686462402e-01,-4.196730554103851318e-01,4.104690849781036377e-01,-3.947246372699737549e-01,6.926609873771667480e-01,7.946271449327468872e-02,2.144000000000000000e+03,2.172260009765625000e+03
4.545493423938751221e-01,5.000000074505805969e-02,3.747783303260803223e-01,9.261477738618850708e-02,5.704142451286315918e-01,6.868889927864074707e-02,1.760000000000000000e+03,1.803861816406250000e+03
3.562291860580444336e-01,-5.000000074505805969e-02,4.523849189281463623e-01,-1.191421225666999817e-01,8.232266902923583984e-01,8.843564242124557495e-02,3.000000000000000000e+03,3.061811035156250000e+03
5.000000074505805969e-02,-2.000000029802322388e-01,5.204637348651885986e-02,-1.493866741657257080e-01,7.068051695823669434e-01,6.914737820625305176e-02,2.339000000000000000e+03,2.351065673828125000e+03
-1.500000059604644775e-01,-1.659073382616043091e-01,2.331174910068511963e-01,-5.240217447280883789e-01,1.259192824363708496e+00,6.489390879869461060e-02,4.953000000000000000e+03,5.781510742187500000e+03
9.482004493474960327e-02,-5.000000074505805969e-02,2.085310667753219604e-01,-7.723828405141830444e-02,6.520649194717407227e-01,6.952609121799468994e-02,2.305000000000000000e+03,2.378742675781250000e+03
-2.000000029802322388e-01,-5.000000074505805969e-02,4.404673278331756592e-01,-4.484030604362487793e-01,1.291504621505737305e+00,6.470343470573425293e-02,4.579000000000000000e+03,6.045976562500000000e+03
-1.000000014901161194e-01,5.000000074505805969e-02,1.561328470706939697e-01,-2.168996073305606842e-02,1.189343333244323730e+00,5.645100772380828857e-02,4.144000000000000000e+03,4.348567871093750000e+03
-3.499999940395355225e-01,-1.000000014901161194e-01,-5.298045873641967773e-01,-1.618159413337707520e-01,6.670913696289062500e-01,7.367374002933502197e-02,2.243000000000000000e+03,2.421830078125000000e+03
-5.000000074505805969e-02,1.764043420553207397e-01,3.927078098058700562e-02,2.897638380527496338e-01,1.109734177589416504e+00,6.192466989159584045e-02,3.820000000000000000e+03,3.884447021484375000e+03
-1.781912706792354584e-02,-2.500000000000000000e-01,1.739544607698917389e-02,-1.443063765764236450e-01,1.147186875343322754e+00,6.556735932826995850e-02,4.366000000000000000e+03,4.406898925781250000e+03
1.764043420553207397e-01,2.075843513011932373e-01,1.211635693907737732e-01,2.491598278284072876e-01,1.039296746253967285e+00,6.379374116659164429e-02,3.973000000000000000e+03,3.990439453125000000e+03
1.366542428731918335e-01,-2.000000029802322388e-01,6.478139758110046387e-01,9.376265108585357666e-02,1.267508625984191895e+00,5.824366584420204163e-02,5.121000000000000000e+03,6.180894531250000000e+03
1.366542428731918335e-01,-4.000000059604644775e-01,2.099318206310272217e-01,-3.659207820892333984e-01,6.498512029647827148e-01,6.949984282255172729e-02,2.599000000000000000e+03,2.639059570312500000e+03
3.221365213394165039e-01,0.000000000000000000e+00,4.303078949451446533e-01,-3.283580765128135681e-02,1.086775541305541992e+00,6.575538218021392822e-02,3.315000000000000000e+03,3.350836914062500000e+03
-2.500000000000000000e-01,-1.631237119436264038e-01,-1.205350533127784729e-01,-3.468702435493469238e-01,7.126229405403137207e-01,5.728387460112571716e-02,2.905000000000000000e+03,3.187573242187500000e+03
2.145627290010452271e-01,-5.816580727696418762e-02,4.024862870573997498e-02,-3.967602849006652832e-01,1.126703739166259766e+00,6.984432041645050049e-02,4.322000000000000000e+03,4.802597167968750000e+03
-1.809428483247756958e-01,4.545493423938751221e-01,-2.236462533473968506e-01,4.809615015983581543e-01,7.099084854125976562e-01,5.028772354125976562e-02,2.666000000000000000e+03,2.679367187500000000e+03
3.562291860580444336e-01,1.764043420553207397e-01,4.778743684291839600e-01,2.400432825088500977e-01,5.433577895164489746e-01,5.789873003959655762e-02,2.117000000000000000e+03,2.249852050781250000e+03
-2.500000000000000000e-01,1.764043420553207397e-01,-2.407729923725128174e-01,-1.085454225540161133e-02,1.042993903160095215e+00,5.279361829161643982e-02,4.148000000000000000e+03,4.280704589843750000e+03
-2.500000000000000000e-01,-1.500000059604644775e-01,-1.138245239853858948e-01,-2.405387610197067261e-01,6.339805722236633301e-01,7.450422644615173340e-02,2.172000000000000000e+03,2.314146972656250000e+03
-6.024989485740661621e-02,-1.618416309356689453e-01,-3.337838053703308105e-01,-1.101779565215110779e-01,1.271564245223999023e+00,6.151174753904342651e-02,4.872000000000000000e+03,5.102785644531250000e+03
-1.000000014901161194e-01,-1.024989411234855652e-02,-5.767908692359924316e-02,-4.956771135330200195e-01,1.237558603286743164e+00,6.417461484670639038e-02,4.906000000000000000e+03,5.641618164062500000e+03
3.896152675151824951e-01,-2.500000000000000000e-01,3.068740367889404297e-01,-3.444738090038299561e-01,5.733171701431274414e-01,5.846021696925163269e-02,2.000000000000000000e+03,2.094739746093750000e+03
0.000000000000000000e+00,-2.500000000000000000e-01,2.408954352140426636e-01,1.572384312748908997e-02,1.285896897315979004e+00,5.444297939538955688e-02,5.326000000000000000e+03,5.732429687500000000e+03
-8.165807463228702545e-03,0.000000000000000000e+00,3.001290857791900635e-01,8.010302484035491943e-02,6.779537200927734375e-01,1.077938079833984375e-01,2.146000000000000000e+03,2.598526855468750000e+03
-5.000000074505805969e-02,-1.500000059604644775e-01,-3.247399330139160156e-01,-5.488430708646774292e-02,1.165957689285278320e+00,6.146407127380371094e-02,4.194000000000000000e+03,4.451059570312500000e+03
2.872454822063446045e-01,2.514390051364898682e-01,3.897769153118133545e-01,-6.921515613794326782e-02,9.728325009346008301e-01,7.887254655361175537e-02,3.306000000000000000e+03,3.691571044921875000e+03
-1.500000059604644775e-01,-1.000000014901161194e-01,1.080778762698173523e-01,3.434051573276519775e-02,1.112459897994995117e+00,5.948903784155845642e-02,4.416000000000000000e+03,4.713112304687500000e+03
-4.000000059604644775e-01,-1.312371436506509781e-02,-7.093390226364135742e-01,-1.173272170126438141e-02,9.182440638542175293e-01,7.191936671733856201e-02,3.694000000000000000e+03,4.103127441406250000e+03
-4.000000059604644775e-01,9.482004493474960327e-02,-3.973309099674224854e-01,2.186736464500427246e-01,9.666225314140319824e-01,6.504796445369720459e-02,3.194000000000000000e+03,3.246166748046875000e+03
-1.500000059604644775e-01,2.514390051364898682e-01,6.716714799404144287e-02,-3.488363027572631836e-01,1.230619668960571289e+00,6.034317240118980408e-02,4.567000000000000000e+03,5.733734375000000000e+03
-4.499999880790710449e-01,-8.165807463228702545e-03,-3.941790759563446045e-01,3.093980252742767334e-01,1.166592597961425781e+00,5.281390994787216187e-02,5.228000000000000000e+03,5.619956542968750000e+03
2.145627290010452271e-01,-5.000000074505805969e-02,6.568132042884826660e-01,-2.300806790590286255e-01,9.659354686737060547e-01,8.496505767107009888e-02,2.991000000000000000e+03,3.686211181640625000e+03
-2.500000000000000000e-01,3.687628731131553650e-02,-3.198898732662200928e-01,1.952932029962539673e-01,1.231156826019287109e+00,6.232805177569389343e-02,4.348000000000000000e+03,4.433681152343750000e+03
-2.500000000000000000e-01,-1.000000014901161194e-01,-5.010880827903747559e-01,6.256813555955886841e-02,1.205930948257446289e+00,5.551964417099952698e-02,5.329000000000000000e+03,5.652542968750000000e+03
-5.000000074505805969e-02,0.000000000000000000e+00,-2.443447113037109375e-01,1.621255129575729370e-01,1.221147298812866211e+00,8.218020200729370117e-02,3.587000000000000000e+03,3.739817382812500000e+03
-3.000000119209289551e-01,1.366542428731918335e-01,-2.107840478420257568e-01,1.737019568681716919e-01,5.753214955329895020e-01,6.040396913886070251e-02,1.664000000000000000e+03,1.710690795898437500e+03
1.366542428731918335e-01,-1.000000014901161194e-01,3.497855737805366516e-02,-1.505941003561019897e-01,1.146694540977478027e+00,6.166137382388114929e-02,4.566000000000000000e+03,4.610604492187500000e+03
1.721365302801132202e-01,-6.692624092102050781e-01,5.825463309884071350e-02,-7.461573481559753418e-01,4.233033359050750732e-01,1.486953049898147583e-01,2.168000000000000000e+03,2.391317138671875000e+03
-6.881999224424362183e-02,-2.500000000000000000e-01,-7.670557498931884766e-02,-2.162398248910903931e-01,1.256243109703063965e+00,5.865928530693054199e-02,3.936000000000000000e+03,3.938980468750000000e+03
2.145627290010452271e-01,-5.179951898753643036e-03,4.495913386344909668e-01,-1.647530049085617065e-01,1.167536854743957520e+00,6.306676566600799561e-02,4.903000000000000000e+03,5.189505371093750000e+03
2.145627290010452271e-01,-5.816580727696418762e-02,-1.249619051814079285e-01,-2.014674842357635498e-01,1.095504641532897949e+00,6.617937982082366943e-02,3.994000000000000000e+03,4.434588867187500000e+03
2.053357064723968506e-01,9.183419495820999146e-02,1.247914955019950867e-01,-2.336840145289897919e-03,6.532805562019348145e-01,8.365590870380401611e-02,2.093000000000000000e+03,2.167521240234375000e+03
-8.051799535751342773e-01,5.442332029342651367e-01,-8.273056149482727051e-01,4.976130127906799316e-01,3.031673729419708252e-01,9.602273255586624146e-02,1.026000000000000000e+03,1.055534179687500000e+03
-2.500000000000000000e-01,5.000000074505805969e-02,-1.159975975751876831e-01,8.289012312889099121e-02,4.632471799850463867e-01,6.817138195037841797e-02,1.380000000000000000e+03,1.499901977539062500e+03
2.872454822063446045e-01,5.000000074505805969e-02,1.878591775894165039e-01,-1.460065245628356934e-01,8.498017787933349609e-01,7.937615364789962769e-02,2.915000000000000000e+03,3.106657714843750000e+03
-2.000000029802322388e-01,-5.000000074505805969e-02,-2.453918755054473877e-01,-1.737526506185531616e-01,1.187104225158691406e+00,5.903262645006179810e-02,4.946000000000000000e+03,5.006581054687500000e+03
2.085852175951004028e-01,-1.500000059604644775e-01,1.376168578863143921e-01,2.510923743247985840e-01,1.269793987274169922e+00,5.608163774013519287e-02,4.767000000000000000e+03,5.246168945312500000e+03
0.000000000000000000e+00,1.366542428731918335e-01,-8.992756158113479614e-02,-1.581524461507797241e-01,1.129619598388671875e+00,6.472163647413253784e-02,4.320000000000000000e+03,4.636755371093750000e+03
1.366542428731918335e-01,1.366542428731918335e-01,-3.891646116971969604e-02,1.728797703981399536e-01,1.273356676101684570e+00,6.089868396520614624e-02,5.024000000000000000e+03,5.123001953125000000e+03
1.366542428731918335e-01,4.545493423938751221e-01,3.484807536005973816e-02,2.600689828395843506e-01,8.041917085647583008e-01,6.171542778611183167e-02,2.922000000000000000e+03,3.136249755859375000e+03
1.366542428731918335e-01,1.366542428731918335e-01,1.355328410863876343e-01,1.645755618810653687e-01,9.174102544784545898e-01,5.872914940118789673e-02,3.274000000000000000e+03,3.277050537109375000e+03
7.924878597259521484e-02,-5.000000074505805969e-02,-7.484323345124721527e-03,-1.217689365148544312e-01,6.617708802223205566e-01,7.320588082075119019e-02,2.349000000000000000e+03,2.416617675781250000e+03
-1.000000014901161194e-01,-2.500000000000000000e-01,2.257120236754417419e-02,2.653746493160724640e-02,1.234047532081604004e+00,6.254422664642333984e-02,4.970000000000000000e+03,5.264634765625000000e+03
-4.000000059604644775e-01,0.000000000000000000e+00,-1.628236621618270874e-01,3.262792229652404785e-01,1.214401245117187500e+00,6.017694249749183655e-02,4.586000000000000000e+03,5.079864746093750000e+03
1.366542428731918335e-01,9.183419495820999146e-02,1.699315607547760010e-01,2.493840903043746948e-01,1.006019592285156250e+00,7.824572175741195679e-02,3.399000000000000000e+03,3.485436035156250000e+03
-5.000000074505805969e-02,0.000000000000000000e+00,-1.762660569511353970e-03,6.660981476306915283e-02,1.242455482482910156e+00,5.428580194711685181e-02,4.279000000000000000e+03,4.297782714843750000e+03
2.145627290010452271e-01,2.145627290010452271e-01,1.107012033462524414e-01,1.192490011453628540e-01,7.512941360473632812e-01,6.848150491714477539e-02,2.160000000000000000e+03,2.235572021484375000e+03
9.482004493474960327e-02,1.764043420553207397e-01,4.866142198443412781e-02,1.165282651782035828e-01,5.003771185874938965e-01,7.176207005977630615e-02,1.702000000000000000e+03,1.740508300781250000e+03
-3.000000119209289551e-01,5.000000074505805969e-02,-6.387550830841064453e-01,1.442637387663125992e-02,1.141302227973937988e+00,5.587687715888023376e-02,4.749000000000000000e+03,5.163374023437500000e+03
1.764043420553207397e-01,1.366542428731918335e-01,3.754397928714752197e-01,4.086935520172119141e-01,1.190217494964599609e+00,5.953618511557579041e-02,4.817000000000000000e+03,5.196058593750000000e+03
-2.000000029802322388e-01,3.896152675151824951e-01,-1.521487087011337280e-01,4.409243166446685791e-01,1.068841814994812012e+00,5.876697599887847900e-02,3.873000000000000000e+03,3.889742187500000000e+03
-3.151089549064636230e-01,0.000000000000000000e+00,-1.271074563264846802e-01,-8.677197992801666260e-02,7.943438887596130371e-01,7.172759622335433960e-02,3.240000000000000000e+03,3.456990966796875000e+03
1.366542428731918335e-01,1.366542428731918335e-01,-1.382573693990707397e-01,6.168766021728515625e-01,1.261132121086120605e+00,5.679760873317718506e-02,4.976000000000000000e+03,5.896839355468750000e+03
9.482004493474960327e-02,1.764043420553207397e-01,-3.991191983222961426e-01,-4.694424197077751160e-02,1.228500366210937500e+00,5.555094778537750244e-02,5.155000000000000000e+03,6.119705566406250000e+03
0.000000000000000000e+00,1.366542428731918335e-01,-5.199464503675699234e-03,3.208776116371154785e-01,1.194942712783813477e+00,6.909756362438201904e-02,2.618000000000000000e+03,2.679769531250000000e+03
-1.000000014901161194e-01,-4.499999880790710449e-01,-1.786759495735168457e-02,-5.277944803237915039e-01,6.502842903137207031e-01,6.847281008958816528e-02,1.696000000000000000e+03,1.747019775390625000e+03
0.000000000000000000e+00,9.482004493474960327e-02,-1.726830899715423584e-01,8.655437082052230835e-02,1.144260048866271973e+00,6.033311411738395691e-02,4.718000000000000000e+03,4.824746582031250000e+03
-2.500000000000000000e-01,-1.000000014901161194e-01,-6.964383125305175781e-01,-7.083012163639068604e-02,1.198332071304321289e+00,6.279350817203521729e-02,4.801000000000000000e+03,5.450330566406250000e+03
1.724607348442077637e-01,-1.000000014901161194e-01,1.285862922668457031e-01,1.985527202486991882e-02,1.273229837417602539e+00,6.249162927269935608e-02,4.729000000000000000e+03,4.776160644531250000e+03
-1.261572241783142090e-01,2.872454822063446045e-01,-3.581484779715538025e-02,3.484269678592681885e-01,7.573932409286499023e-01,6.483245640993118286e-02,2.819000000000000000e+03,2.877081787109375000e+03
5.000000074505805969e-02,2.514390051364898682e-01,3.468334674835205078e-01,4.084178507328033447e-01,9.233412146568298340e-01,7.314441353082656860e-02,3.741000000000000000e+03,4.222176269531250000e+03
-1.024989411234855652e-02,1.764043420553207397e-01,2.739193737506866455e-01,7.667008042335510254e-02,1.238903522491455078e+00,5.141632258892059326e-02,5.105000000000000000e+03,5.401875000000000000e+03
2.145627290010452271e-01,3.562291860580444336e-01,6.023221015930175781e-01,4.454959630966186523e-01,1.045191526412963867e+00,6.192385777831077576e-02,3.856000000000000000e+03,4.397920898437500000e+03
-1.000000014901161194e-01,2.514390051364898682e-01,-1.037243306636810303e-01,7.426587939262390137e-01,1.138244509696960449e+00,6.096030026674270630e-02,4.473000000000000000e+03,5.273392578125000000e+03
-5.000000074505805969e-02,-3.499999940395355225e-01,-2.529437281191349030e-02,-4.608398079872131348e-01,8.205971121788024902e-01,7.126267999410629272e-02,2.485000000000000000e+03,2.532511962890625000e+03
2.514390051364898682e-01,1.366542428731918335e-01,2.638844549655914307e-01,1.639877855777740479e-01,1.101489424705505371e+00,5.116919055581092834e-02,4.045000000000000000e+03,4.047952392578125000e+03
1.764043420553207397e-01,-1.131237149238586426e-01,8.218876272439956665e-02,-2.439489960670471191e-02,1.124368786811828613e+00,6.240253150463104248e-02,4.430000000000000000e+03,4.488391601562500000e+03
-1.651089638471603394e-01,-4.166139364242553711e-01,1.131224259734153748e-01,-4.788293242454528809e-01,7.302626967430114746e-01,8.524281531572341919e-02,2.501000000000000000e+03,2.870353515625000000e+03
1.764043420553207397e-01,-5.000000074505805969e-02,1.820822954177856445e-01,4.666232466697692871e-01,1.267803430557250977e+00,5.599316582083702087e-02,4.917000000000000000e+03,5.706169433593750000e+03
-3.159073293209075928e-01,-2.000000029802322388e-01,1.076569855213165283e-01,4.119024425745010376e-02,1.094501495361328125e+00,5.554103106260299683e-02,3.983000000000000000e+03,4.739585937500000000e+03
-8.165807463228702545e-03,-2.000000029802322388e-01,-1.193769741803407669e-02,-1.783582270145416260e-01,1.221164464950561523e+00,5.541241168975830078e-02,3.913000000000000000e+03,3.914268554687500000e+03
1.764043420553207397e-01,2.514390051364898682e-01,6.231426596641540527e-01,4.042107462882995605e-01,1.174799919128417969e+00,5.535438284277915955e-02,4.692000000000000000e+03,5.422673339843750000e+03
5.000000074505805969e-02,2.514390051364898682e-01,-4.866228699684143066e-01,3.347410559654235840e-01,1.145206809043884277e+00,6.047381088137626648e-02,4.036000000000000000e+03,4.903117675781250000e+03
-1.184162404388189316e-02,-2.000000029802322388e-01,-3.159140422940254211e-02,-2.382282465696334839e-01,1.127948403358459473e+00,6.780076026916503906e-02,4.396000000000000000e+03,4.402364257812500000e+03
-5.000000074505805969e-02,5.000000074505805969e-02,1.059534400701522827e-01,2.703771293163299561e-01,7.608264684677124023e-01,6.977675110101699829e-02,3.049000000000000000e+03,3.421790527343750000e+03
-1.500000059604644775e-01,-1.000000014901161194e-01,-8.001769781112670898e-01,-1.496135443449020386e-01,1.226658105850219727e+00,6.468477845191955566e-02,4.697000000000000000e+03,5.953237304687500000e+03
2.514390051364898682e-01,9.482004493474960327e-02,4.380183219909667969e-01,-3.882468938827514648e-01,1.092316508293151855e+00,6.320634484291076660e-02,4.095000000000000000e+03,4.974793457031250000e+03
2.514390051364898682e-01,-1.000000014901161194e-01,2.744401991367340088e-01,-2.355443239212036133e-01,7.144636511802673340e-01,8.500626683235168457e-02,1.909000000000000000e+03,1.978963134765625000e+03
-1.172467991709709167e-01,1.366542428731918335e-01,-2.439021319150924683e-01,-1.674161874689161777e-03,1.283068656921386719e+00,5.970419198274612427e-02,4.700000000000000000e+03,4.799708496093750000e+03
-5.000000074505805969e-02,9.482004493474960327e-02,-1.722488403320312500e-01,1.037831455469131470e-01,7.488794922828674316e-01,6.684815883636474609e-02,2.599000000000000000e+03,2.668233886718750000e+03
0.000000000000000000e+00,2.467435896396636963e-01,-3.156550228595733643e-01,6.664463132619857788e-02,1.158034920692443848e+00,6.568787992000579834e-02,4.510000000000000000e+03,4.945089355468750000e+03
-2.000000029802322388e-01,-8.165807463228702545e-03,-1.399290375411510468e-02,-3.346089422702789307e-01,1.288094878196716309e+00,6.283446401357650757e-02,4.866000000000000000e+03,5.271104492187500000e+03
0.000000000000000000e+00,-3.204144239425659180e-01,-5.152804777026176453e-02,-3.259124159812927246e-01,1.193582892417907715e+00,5.976427718997001648e-02,4.591000000000000000e+03,4.599716308593750000e+03
-5.000000074505805969e-02,-3.204144239425659180e-01,-6.379006057977676392e-02,-2.436047345399856567e-01,1.132262825965881348e+00,5.871291086077690125e-02,3.728000000000000000e+03,3.745637695312500000e+03
3.221365213394165039e-01,2.503692209720611572e-01,1.940214186906814575e-01,-1.032639667391777039e-01,1.142221570014953613e+00,6.298311799764633179e-02,4.161000000000000000e+03,4.601933105468750000e+03
9.482004493474960327e-02,2.514390051364898682e-01,1.684696823358535767e-01,-6.247799610719084740e-04,6.580739617347717285e-01,1.003064513206481934e-01,2.030000000000000000e+03,2.342562255859375000e+03
1.366542428731918335e-01,2.514390051364898682e-01,3.497899770736694336e-01,2.568593323230743408e-01,1.246878981590270996e+00,5.893699824810028076e-02,4.895000000000000000e+03,5.036802734375000000e+03
-1.102498918771743774e-01,-1.000000014901161194e-01,-1.853036731481552124e-01,-3.551475405693054199e-01,1.190448880195617676e+00,6.483296304941177368e-02,4.581000000000000000e+03,4.807140625000000000e+03
3.815837576985359192e-02,8.975010365247726440e-02,1.434065699577331543e-01,3.374559432268142700e-02,5.555903911590576172e-01,8.092764019966125488e-02,2.057000000000000000e+03,2.150440673828125000e+03
-1.000000014901161194e-01,2.872454822063446045e-01,-1.100194603204727173e-01,4.111300408840179443e-02,1.227348089218139648e+00,7.033791393041610718e-02,4.656000000000000000e+03,4.841729003906250000e+03
1.700402945280075073e-01,-3.499999940395355225e-01,-2.608399838209152222e-02,9.313317015767097473e-03,9.837661385536193848e-01,6.417500972747802734e-02,3.653000000000000000e+03,4.261764648437500000e+03
1.366542428731918335e-01,-2.000000029802322388e-01,7.948972284793853760e-02,3.882451355457305908e-01,1.285648584365844727e+00,5.516155064105987549e-02,4.764000000000000000e+03,5.728177246093750000e+03
-5.000000000000000000e-01,-6.419350951910018921e-02,-3.736199736595153809e-01,-2.466740310192108154e-01,8.277047276496887207e-01,7.974045723676681519e-02,2.706000000000000000e+03,2.897411132812500000e+03
2.872454822063446045e-01,1.764043420553207397e-01,4.894252419471740723e-01,6.397110819816589355e-01,1.224869251251220703e+00,8.313235640525817871e-02,3.834000000000000000e+03,4.463399414062500000e+03
1.366542428731918335e-01,-1.102498918771743774e-01,-6.406557559967041016e-02,-1.632849872112274170e-01,1.033281087875366211e+00,5.957179889082908630e-02,3.724000000000000000e+03,3.872551269531250000e+03
2.514390051364898682e-01,2.441482841968536377e-01,5.390692502260208130e-02,-1.615471094846725464e-01,1.162179112434387207e+00,6.109876185655593872e-02,3.888000000000000000e+03,4.455673828125000000e+03
9.482004493474960327e-02,2.514390051364898682e-01,4.374763369560241699e-01,2.788338661193847656e-01,8.988023400306701660e-01,6.549672037363052368e-02,3.199000000000000000e+03,3.652038574218750000e+03
-1.500000059604644775e-01,-1.024989411234855652e-02,-4.494823515415191650e-01,-5.261455178260803223e-01,1.180963516235351562e+00,6.050447374582290649e-02,4.449000000000000000e+03,5.526853027343750000e+03
1.764043420553207397e-01,-2.500000000000000000e-01,-2.573826313018798828e-01,-1.649110466241836548e-01,1.083614230155944824e+00,6.534938514232635498e-02,4.187000000000000000e+03,4.859005859375000000e+03
0.000000000000000000e+00,2.145627290010452271e-01,7.005190849304199219e-02,2.251963168382644653e-01,1.249067306518554688e+00,6.076813861727714539e-02,3.690000000000000000e+03,3.701845703125000000e+03
3.896152675151824951e-01,5.000000074505805969e-02,3.099731206893920898e-01,-8.326941728591918945e-02,1.026804685592651367e+00,6.278797984123229980e-02,4.103000000000000000e+03,4.196487792968750000e+03
-2.500000000000000000e-01,-1.000000014901161194e-01,-2.721794247627258301e-01,-2.944406494498252869e-02,9.776826500892639160e-01,7.261428982019424438e-02,3.429000000000000000e+03,3.448480468750000000e+03
9.482004493474960327e-02,-3.000000119209289551e-01,1.987162381410598755e-01,1.180238835513591766e-02,1.043833971023559570e+00,6.040508672595024109e-02,3.753000000000000000e+03,4.116557128906250000e+03
9.482004493474960327e-02,2.872454822063446045e-01,-2.214789837598800659e-01,5.249413847923278809e-01,9.571987986564636230e-01,5.831973627209663391e-02,4.089000000000000000e+03,4.762788085937500000e+03
1.366542428731918335e-01,2.145627290010452271e-01,4.353975355625152588e-01,-4.282533749938011169e-02,1.231334686279296875e+00,5.324913188815116882e-02,5.520000000000000000e+03,6.072594726562500000e+03
1.329784244298934937e-01,1.345701515674591064e-01,1.647649854421615601e-01,1.590090841054916382e-01,9.182321429252624512e-01,5.963250622153282166e-02,3.547000000000000000e+03,3.553734130859375000e+03
1.329784244298934937e-01,2.145627290010452271e-01,3.616116046905517578e-01,7.836886495351791382e-02,8.897651433944702148e-01,6.927521526813507080e-02,2.981000000000000000e+03,3.242212158203125000e+03
9.482004493474960327e-02,-1.500000059604644775e-01,4.406765103340148926e-01,-1.562210768461227417e-01,1.278376936912536621e+00,5.695137009024620056e-02,5.037000000000000000e+03,5.399771972656250000e+03
5.000000074505805969e-02,1.764043420553207397e-01,-1.044422686100006104e-01,2.923778817057609558e-02,9.127134084701538086e-01,6.830827891826629639e-02,3.341000000000000000e+03,3.521563720703125000e+03
-3.000000119209289551e-01,3.221365213394165039e-01,3.094235621392726898e-02,2.361467927694320679e-01,1.084969401359558105e+00,6.092278659343719482e-02,4.381000000000000000e+03,4.807145507812500000e+03
-1.500000059604644775e-01,5.000000074505805969e-02,-3.672930896282196045e-01,-8.867562562227249146e-02,8.085045218467712402e-01,1.000207662582397461e-01,2.286000000000000000e+03,2.512979492187500000e+03
1.224607303738594055e-01,-2.500000000000000000e-01,-9.036102145910263062e-02,-8.291320800781250000e-01,1.193957328796386719e+00,5.822805315256118774e-02,4.631000000000000000e+03,5.805120117187500000e+03
-2.000000029802322388e-01,5.000000074505805969e-02,-5.242826342582702637e-01,1.028737649321556091e-01,1.100660443305969238e+00,5.559970811009407043e-02,4.066000000000000000e+03,4.420778808593750000e+03
0.000000000000000000e+00,3.543173968791961670e-01,2.032134979963302612e-01,2.926639318466186523e-01,1.224110364913940430e+00,5.913224071264266968e-02,5.398000000000000000e+03,5.559374023437500000e+03
1.748126149177551270e-01,0.000000000000000000e+00,-1.109548062086105347e-01,4.175875335931777954e-02,1.222107410430908203e+00,5.851199105381965637e-02,4.123000000000000000e+03,4.350266601562500000e+03
2.514390051364898682e-01,0.000000000000000000e+00,4.510016739368438721e-01,-2.801385819911956787e-01,1.009926319122314453e+00,5.605790764093399048e-02,4.097000000000000000e+03,4.559900390625000000e+03
-3.166139423847198486e-01,3.562291860580444336e-01,-3.840953409671783447e-01,2.844134867191314697e-01,1.201688528060913086e+00,6.748186796903610229e-02,4.281000000000000000e+03,4.309770996093750000e+03
-3.000000119209289551e-01,5.000000074505805969e-02,-1.036308258771896362e-01,2.081391960382461548e-01,8.663918375968933105e-01,5.940318107604980469e-02,3.142000000000000000e+03,3.402455322265625000e+03
-9.210686087608337402e-01,-1.700559556484222412e-01,-9.287217259407043457e-01,-1.759040355682373047e-01,2.488965392112731934e-01,8.485880494117736816e-02,8.120000000000000000e+02,8.132067260742187500e+02
8.975010365247726440e-02,5.000000074505805969e-02,9.551609307527542114e-02,2.277556806802749634e-02,7.882885336875915527e-01,7.502577453851699829e-02,2.343000000000000000e+03,2.345959472656250000e+03
-6.000000238418579102e-01,5.000000074505805969e-02,-7.453566789627075195e-01,5.883338302373886108e-02,1.043812036514282227e+00,5.436135455965995789e-02,4.152000000000000000e+03,4.232596191406250000e+03
-1.651089638471603394e-01,-3.499999940395355225e-01,2.909094691276550293e-01,-5.549005270004272461e-01,9.844483137130737305e-01,5.366375669836997986e-02,3.453000000000000000e+03,4.299091308593750000e+03
-4.000000059604644775e-01,9.482004493474960327e-02,-3.258695900440216064e-01,9.924069046974182129e-03,5.884378552436828613e-01,9.234275668859481812e-02,1.869000000000000000e+03,1.937104248046875000e+03
-1.618416309356689453e-01,5.000000074505805969e-02,-1.892052292823791504e-01,1.113292053341865540e-01,7.828981280326843262e-01,7.343967258930206299e-02,2.801000000000000000e+03,2.821497070312500000e+03
-3.499999940395355225e-01,2.514390051364898682e-01,-3.220503330230712891e-01,5.967956036329269409e-02,1.000866651535034180e+00,6.434241682291030884e-02,3.039000000000000000e+03,3.151661132812500000e+03
-1.500000059604644775e-01,2.067313045263290405e-01,-2.210501283407211304e-01,1.155876070261001587e-01,1.013975620269775391e+00,6.634211540222167969e-02,3.135000000000000000e+03,3.175580810546875000e+03
-1.102498918771743774e-01,-1.000000014901161194e-01,-2.698741257190704346e-01,-6.240898370742797852e-02,8.932870030403137207e-01,8.532438427209854126e-02,2.417000000000000000e+03,2.497656005859375000e+03
2.514390051364898682e-01,-5.000000074505805969e-02,1.017519831657409668e-01,5.214984416961669922e-01,1.234666347503662109e+00,5.887109041213989258e-02,4.434000000000000000e+03,5.400980957031250000e+03
-3.000000119209289551e-01,-3.499999940395355225e-01,-3.338719159364700317e-02,-5.436884164810180664e-01,1.043430447578430176e+00,6.011450290679931641e-02,4.008000000000000000e+03,4.399472656250000000e+03
-2.131237089633941650e-01,1.366542428731918335e-01,-4.617673456668853760e-01,4.222888648509979248e-01,1.124811530113220215e+00,5.351189151406288147e-02,4.236000000000000000e+03,4.703284179687500000e+03
4.545493423938751221e-01,-1.510896813124418259e-02,1.582444608211517334e-01,8.309530466794967651e-02,1.042400360107421875e+00,6.553398817777633667e-02,3.338000000000000000e+03,3.631735595703125000e+03
5.000000074505805969e-02,2.145627290010452271e-01,-1.328644007444381714e-01,1.945479959249496460e-01,1.243124485015869141e+00,5.797119811177253723e-02,4.709000000000000000e+03,4.811822753906250000e+03
-2.188199907541275024e-01,-1.500000059604644775e-01,-1.345460712909698486e-01,1.374543160200119019e-01,1.276996254920959473e+00,5.762150138616561890e-02,5.048000000000000000e+03,5.322170898437500000e+03
1.764043420553207397e-01,3.687628731131553650e-02,2.008135020732879639e-01,3.668109774589538574e-01,1.222287893295288086e+00,6.505465507507324219e-02,4.971000000000000000e+03,5.329018554687500000e+03
2.145627290010452271e-01,-5.000000000000000000e-01,-6.989788264036178589e-02,-3.842478394508361816e-01,8.929582238197326660e-01,6.017053872346878052e-02,3.522000000000000000e+03,3.927914062500000000e+03
-1.000000014901161194e-01,1.366542428731918335e-01,2.559193670749664307e-01,7.704588025808334351e-02,1.008675098419189453e+00,5.442640557885169983e-02,3.933000000000000000e+03,4.421455566406250000e+03
-3.499999940395355225e-01,-1.419351249933242798e-02,-2.206585109233856201e-01,-1.635409146547317505e-01,5.931482315063476562e-01,8.439783751964569092e-02,2.057000000000000000e+03,2.279409912109375000e+03
-3.499999940395355225e-01,1.764043420553207397e-01,-3.554499149322509766e-01,1.936097145080566406e-01,1.146975636482238770e+00,7.575219124555587769e-02,4.540000000000000000e+03,4.541091308593750000e+03
1.366542428731918335e-01,-2.500000000000000000e-01,2.260972857475280762e-01,-1.558825839310884476e-02,9.297297000885009766e-01,6.483645737171173096e-02,3.549000000000000000e+03,3.803458251953125000e+03
-3.499999940395355225e-01,-3.000000119209289551e-01,-5.791046023368835449e-01,-3.086454868316650391e-01,8.895805478096008301e-01,7.753460109233856201e-02,3.228000000000000000e+03,3.439257080078125000e+03
6.669139266014099121e-01,8.975010365247726440e-02,7.363042831420898438e-01,-3.119453787803649902e-03,8.680490255355834961e-01,1.310274153947830200e-01,2.778000000000000000e+03,2.827159912109375000e+03
9.482004493474960327e-02,5.000000074505805969e-02,2.881979942321777344e-01,1.169208884239196777e-01,9.694119095802307129e-01,5.842826887965202332e-02,3.537000000000000000e+03,3.692629882812500000e+03
-3.000000119209289551e-01,5.000000074505805969e-02,-5.093237161636352539e-01,2.137229591608047485e-01,7.493174076080322266e-01,8.318292349576950073e-02,1.710000000000000000e+03,1.919075683593750000e+03
-1.500000059604644775e-01,-2.641935050487518311e-01,-3.182782530784606934e-01,-1.027348160743713379e+00,1.236153483390808105e+00,6.761523336172103882e-02,4.099000000000000000e+03,5.624873535156250000e+03
2.514390051364898682e-01,-5.000000074505805969e-02,1.685230433940887451e-01,-7.041857838630676270e-01,1.267668485641479492e+00,5.909790098667144775e-02,4.283000000000000000e+03,5.381353515625000000e+03
-3.000000119209289551e-01,-2.500000000000000000e-01,-2.126454859972000122e-01,5.043901037424802780e-03,1.121641635894775391e+00,6.268113851547241211e-02,4.217000000000000000e+03,4.457534179687500000e+03
5.000000074505805969e-02,3.562291860580444336e-01,-2.775299828499555588e-03,8.236950635910034180e-01,1.116391777992248535e+00,6.267653405666351318e-02,3.785000000000000000e+03,4.432541503906250000e+03
-2.641935050487518311e-01,-2.641935050487518311e-01,-1.681005358695983887e-01,-1.246999874711036682e-01,9.606434702873229980e-01,6.152201443910598755e-02,3.387000000000000000e+03,3.491449218750000000e+03
5.000000074505805969e-02,1.366542428731918335e-01,-3.628798425197601318e-01,1.367926001548767090e-01,1.182189106941223145e+00,5.932226032018661499e-02,4.314000000000000000e+03,4.825138183593750000e+03
1.366542428731918335e-01,0.000000000000000000e+00,1.341556012630462646e-01,-1.172941029071807861e-01,4.506963491439819336e-01,6.779690831899642944e-02,1.300000000000000000e+03,1.386664794921875000e+03
2.872454822063446045e-01,0.000000000000000000e+00,7.102972269058227539e-02,4.631290137767791748e-01,1.118118643760681152e+00,5.978891626000404358e-02,3.970000000000000000e+03,4.764540039062500000e+03
9.482004493474960327e-02,-1.000000014901161194e-01,5.370606780052185059e-01,2.742365300655364990e-01,1.282627940177917480e+00,5.682752281427383423e-02,4.684000000000000000e+03,5.600692871093750000e+03
-2.131237089633941650e-01,5.784529447555541992e-01,1.977780461311340332e-01,6.107938885688781738e-01,9.931903481483459473e-01,6.303022056818008423e-02,3.513000000000000000e+03,4.096239746093750000e+03
1.764043420553207397e-01,1.764043420553207397e-01,-1.968057304620742798e-01,3.149687349796295166e-01,9.494493603706359863e-01,5.120058357715606689e-02,3.892000000000000000e+03,4.550401367187500000e+03
-2.000000029802322388e-01,-2.000000029802322388e-01,1.115521118044853210e-01,-3.047582805156707764e-01,1.015855908393859863e+00,7.389376312494277954e-02,3.411000000000000000e+03,3.759507568359375000e+03
2.145627290010452271e-01,-1.184162404388189316e-02,-2.946715354919433594e-01,4.065391793847084045e-02,1.233740925788879395e+00,5.800913274288177490e-02,5.017000000000000000e+03,5.849938964843750000e+03
0.000000000000000000e+00,4.482004791498184204e-02,2.047366350889205933e-01,5.916854366660118103e-02,1.094240546226501465e+00,6.785748153924942017e-02,3.411000000000000000e+03,3.529643066406250000e+03
5.000000074505805969e-02,5.000000074505805969e-02,-4.507316648960113525e-01,-2.641339600086212158e-01,1.131177306175231934e+00,6.961254775524139404e-02,3.944000000000000000e+03,4.963154785156250000e+03
-5.000000000000000000e-01,8.489102870225906372e-02,-5.600852966308593750e-01,-1.281390935182571411e-01,1.112686395645141602e+00,5.754273384809494019e-02,4.575000000000000000e+03,4.754471679687500000e+03
0.000000000000000000e+00,5.000000074505805969e-02,2.776035666465759277e-01,-3.738283216953277588e-01,1.135123252868652344e+00,6.322863698005676270e-02,4.906000000000000000e+03,5.844891601562500000e+03
5.000000074505805969e-02,8.687628805637359619e-02,9.689677506685256958e-02,8.644986897706985474e-02,9.428424239158630371e-01,4.865676537156105042e-02,2.691000000000000000e+03,2.697622070312500000e+03
-3.000000119209289551e-01,-2.500000000000000000e-01,-2.775675654411315918e-01,-2.890958487987518311e-01,9.404621720314025879e-01,6.354737281799316406e-02,3.276000000000000000e+03,3.283578613281250000e+03
-1.500000059604644775e-01,5.000000074505805969e-02,-1.189610362052917480e-01,3.411332070827484131e-01,1.268514394760131836e+00,6.148549169301986694e-02,4.818000000000000000e+03,5.071994628906250000e+03
4.223684668540954590e-01,1.715452671051025391e-01,1.767178326845169067e-01,-1.776704043149948120e-01,1.088759899139404297e+00,5.894539877772331238e-02,4.614000000000000000e+03,5.300603515625000000e+03
1.764043420553207397e-01,0.000000000000000000e+00,-1.452451944351196289e-01,-5.963219404220581055e-01,1.145254969596862793e+00,5.680947750806808472e-02,4.673000000000000000e+03,6.206959960937500000e+03
2.355316728353500366e-01,3.543173968791961670e-01,2.062230110168457031e-01,4.291281104087829590e-01,8.992550969123840332e-01,6.431121379137039185e-02,2.877000000000000000e+03,2.899847412109375000e+03
5.000000074505805969e-02,-2.500000000000000000e-01,-1.175555735826492310e-01,-1.505951490253210068e-02,1.258070707321166992e+00,5.916774645447731018e-02,5.080000000000000000e+03,5.343812988281250000e+03
2.514390051364898682e-01,5.000000074505805969e-02,-1.959180831909179688e-02,3.265807032585144043e-02,1.249732971191406250e+00,6.293777376413345337e-02,4.273000000000000000e+03,4.472270996093750000e+03
1.673883944749832153e-01,-1.100000023841857910e+00,1.188496500253677368e-01,-1.002807736396789551e+00,3.696057796478271484e-01,1.379199177026748657e-01,3.213000000000000000e+03,3.485115722656250000e+03
2.145627290010452271e-01,0.000000000000000000e+00,1.375603824853897095e-01,6.939484179019927979e-02,7.705086469650268555e-01,6.543001532554626465e-02,2.598000000000000000e+03,2.644701660156250000e+03
-1.661394163966178894e-02,-4.499999880790710449e-01,-1.545847058296203613e-01,-9.691582061350345612e-03,9.249294996261596680e-01,1.336594820022583008e-01,2.013000000000000000e+03,2.489775634765625000e+03
5.000000074505805969e-02,-4.499999880790710449e-01,-2.229063063859939575e-01,-3.464002907276153564e-01,6.236135959625244141e-01,1.180499121546745300e-01,2.110000000000000000e+03,2.551625000000000000e+03
9.482004493474960327e-02,-5.179951898753643036e-03,3.449994921684265137e-01,-5.127360671758651733e-02,1.243101954460144043e+00,5.942714959383010864e-02,5.189000000000000000e+03,5.404133789062500000e+03
-6.510896980762481689e-02,0.000000000000000000e+00,-1.197776123881340027e-01,8.361440151929855347e-02,1.014807701110839844e+00,5.975029990077018738e-02,3.067000000000000000e+03,3.096650878906250000e+03
-5.000000000000000000e-01,-2.151089608669281006e-01,-9.164085984230041504e-01,-2.720407247543334961e-01,9.852165579795837402e-01,6.463591754436492920e-02,4.028000000000000000e+03,4.732771484375000000e+03
3.221365213394165039e-01,-1.510896813124418259e-02,1.715767681598663330e-01,-6.624918431043624878e-02,1.254808783531188965e+00,6.124188378453254700e-02,3.685000000000000000e+03,3.743721191406250000e+03
3.687628731131553650e-02,-3.499999940395355225e-01,-1.308550965040922165e-02,-1.837335340678691864e-02,1.245649933815002441e+00,6.046736240386962891e-02,4.832000000000000000e+03,5.176892089843750000e+03
5.000000074505805969e-02,-2.500000000000000000e-01,-1.148557737469673157e-01,-4.603385180234909058e-02,8.515353798866271973e-01,6.576745212078094482e-02,2.596000000000000000e+03,2.837261474609375000e+03
5.000000074505805969e-02,-2.000000029802322388e-01,-3.035665750503540039e-01,-5.242378711700439453e-01,1.186047077178955078e+00,5.864791199564933777e-02,4.612000000000000000e+03,5.341141601562500000e+03
-1.000000014901161194e-01,1.366542428731918335e-01,3.069536089897155762e-01,3.427107036113739014e-01,1.082539558410644531e+00,5.901584029197692871e-02,4.089000000000000000e+03,4.788550292968750000e+03
8.580648899078369141e-02,-3.499999940395355225e-01,-5.821908637881278992e-02,-2.984641790390014648e-01,1.192527174949645996e+00,5.982009321451187134e-02,4.109000000000000000e+03,4.176111328125000000e+03
9.482004493474960327e-02,-2.000000029802322388e-01,2.827970087528228760e-01,2.245343476533889771e-01,1.276566624641418457e+00,5.981489643454551697e-02,5.272000000000000000e+03,5.950097167968750000e+03
-1.500000059604644775e-01,3.896152675151824951e-01,-3.326590359210968018e-01,3.010469973087310791e-01,5.782976150512695312e-01,8.142463117837905884e-02,1.695000000000000000e+03,1.898215087890625000e+03
2.514390051364898682e-01,-5.000000074505805969e-02,2.062047868967056274e-01,-5.473750829696655273e-01,1.001611709594726562e+00,6.377402693033218384e-02,3.698000000000000000e+03,4.573865234375000000e+03
-3.000000119209289551e-01,-1.500000059604644775e-01,-6.385383754968643188e-02,-4.509544074535369873e-01,1.228867411613464355e+00,5.050670728087425232e-02,4.708000000000000000e+03,5.154734375000000000e+03
-6.781912595033645630e-02,-5.500000119209289551e-01,-3.646761775016784668e-01,-4.731473028659820557e-01,8.761418461799621582e-01,6.537767499685287476e-02,3.819000000000000000e+03,4.273274902343750000e+03
2.514390051364898682e-01,1.764043420553207397e-01,9.453162550926208496e-02,-2.352593988180160522e-01,1.038199305534362793e+00,6.976608932018280029e-02,3.565000000000000000e+03,4.181796386718750000e+03
3.221365213394165039e-01,0.000000000000000000e+00,1.165882498025894165e-01,4.189574345946311951e-02,1.172476887702941895e+00,5.758151039481163025e-02,4.990000000000000000e+03,5.148673828125000000e+03
-5.000000074505805969e-02,1.683132946491241455e-01,-1.664670854806900024e-01,5.486509799957275391e-01,1.278086900711059570e+00,5.742170289158821106e-02,4.949000000000000000e+03,5.418602539062500000e+03
2.872454822063446045e-01,0.000000000000000000e+00,4.304252266883850098e-01,7.335888594388961792e-02,1.075537443161010742e+00,5.802239477634429932e-02,3.805000000000000000e+03,3.889879882812500000e+03
9.183419495820999146e-02,-2.500000000000000000e-01,-9.088359773159027100e-03,-3.119684197008609772e-02,1.248669624328613281e+00,5.863871425390243530e-02,5.352000000000000000e+03,5.549274902343750000e+03
-2.000000029802322388e-01,9.482004493474960327e-02,-3.988642990589141846e-02,-1.060589216649532318e-02,8.101911544799804688e-01,6.509832292795181274e-02,2.270000000000000000e+03,2.395126220703125000e+03
-6.499999761581420898e-01,2.872454822063446045e-01,-2.882937788963317871e-01,4.752621650695800781e-01,8.820559978485107422e-01,7.336769253015518188e-02,3.022000000000000000e+03,3.640500976562500000e+03
-5.000000074505805969e-02,-2.000000029802322388e-01,9.211019426584243774e-02,-6.761032938957214355e-01,1.000237703323364258e+00,6.783652305603027344e-02,3.486000000000000000e+03,4.305459960937500000e+03
9.482004493474960327e-02,-2.131237089633941650e-01,-1.088906526565551758e-01,-1.281786262989044189e-01,1.251434683799743652e+00,5.956230685114860535e-02,5.084000000000000000e+03,5.240781738281250000e+03
1.764043420553207397e-01,-3.000000119209289551e-01,6.328979134559631348e-01,-2.454983741044998169e-01,1.206158638000488281e+00,5.421490967273712158e-02,4.786000000000000000e+03,5.458623046875000000e+03
-2.500000000000000000e-01,-1.500000059604644775e-01,-3.881751596927642822e-01,2.625658810138702393e-01,1.223400354385375977e+00,5.605306103825569153e-02,4.651000000000000000e+03,5.221892089843750000e+03
0.000000000000000000e+00,-2.000000029802322388e-01,3.228850662708282471e-02,-3.004462420940399170e-01,6.636677980422973633e-01,6.115976348519325256e-02,2.321000000000000000e+03,2.379234619140625000e+03
-2.641935050487518311e-01,2.514390051364898682e-01,-2.239953540265560150e-02,4.971228837966918945e-01,8.542495369911193848e-01,7.426103949546813965e-02,2.850000000000000000e+03,3.297187988281250000e+03
0.000000000000000000e+00,1.764043420553207397e-01,2.516507208347320557e-01,6.398685574531555176e-01,1.193133592605590820e+00,6.033630669116973877e-02,4.463000000000000000e+03,5.298204589843750000e+03
2.514390051364898682e-01,1.764043420553207397e-01,7.052095532417297363e-01,2.744089663028717041e-01,1.155382752418518066e+00,6.685782968997955322e-02,4.299000000000000000e+03,4.968472167968750000e+03
1.764043420553207397e-01,-3.499999940395355225e-01,-1.241168305277824402e-01,5.736175924539566040e-02,1.194991707801818848e+00,6.183014065027236938e-02,4.510000000000000000e+03,5.287377929687500000e+03
3.533165454864501953e-01,2.075843513011932373e-01,2.366170138120651245e-01,-8.496031165122985840e-02,1.036347627639770508e+00,7.058726251125335693e-02,4.373000000000000000e+03,4.767673339843750000e+03
-2.500000000000000000e-01,5.000000074505805969e-02,-5.352909564971923828e-01,-2.072669267654418945e-01,1.130347013473510742e+00,5.702584981918334961e-02,4.563000000000000000e+03,5.076502929687500000e+03
-6.419350951910018921e-02,-2.500000000000000000e-01,-1.953035444021224976e-01,-2.438747435808181763e-01,1.054557561874389648e+00,5.883520841598510742e-02,3.929000000000000000e+03,3.989559570312500000e+03
-1.618416309356689453e-01,9.482004493474960327e-02,-1.839665025472640991e-01,-9.312853962182998657e-02,6.248761415481567383e-01,5.861710757017135620e-02,2.170000000000000000e+03,2.365025634765625000e+03
-1.000000014901161194e-01,-6.781912595033645630e-02,-2.021625936031341553e-01,3.775240853428840637e-02,4.737056493759155273e-01,9.059984982013702393e-02,2.144000000000000000e+03,2.345758544921875000e+03
4.545493423938751221e-01,-5.000000074505805969e-02,1.919680833816528320e-01,-1.069457307457923889e-01,9.792805910110473633e-01,7.518037408590316772e-02,3.662000000000000000e+03,3.932914062500000000e+03
2.514390051364898682e-01,-1.500000059604644775e-01,4.860505163669586182e-01,-3.342799842357635498e-01,1.084352970123291016e+00,6.753917038440704346e-02,4.354000000000000000e+03,4.677544433593750000e+03
2.872454822063446045e-01,-1.151089668273925781e-01,5.229907035827636719e-01,-3.773448616266250610e-02,1.177188634872436523e+00,5.537245795130729675e-02,4.218000000000000000e+03,4.403594238281250000e+03
-2.000000029802322388e-01,-1.618416309356689453e-01,-2.935361564159393311e-01,9.762766212224960327e-02,7.579623460769653320e-01,5.664832890033721924e-02,3.007000000000000000e+03,3.393767578125000000e+03
-3.000000119209289551e-01,-1.000000014901161194e-01,-6.173277497291564941e-01,-2.993494644761085510e-02,1.046508908271789551e+00,5.151434987783432007e-02,4.167000000000000000e+03,4.560762695312500000e+03
-4.000000059604644775e-01,-6.510896980762481689e-02,-4.434013962745666504e-01,-1.887481063604354858e-01,6.811329126358032227e-01,7.008823007345199585e-02,3.066000000000000000e+03,3.178366210937500000e+03
3.562291860580444336e-01,5.000000074505805969e-02,-1.048853695392608643e-01,-7.862019538879394531e-02,1.227528691291809082e+00,5.966840311884880066e-02,4.875000000000000000e+03,5.592219726562500000e+03
-5.178191065788269043e-01,-2.172468006610870361e-01,-4.729456007480621338e-01,-5.082067847251892090e-01,1.033386826515197754e+00,6.566742807626724243e-02,3.829000000000000000e+03,4.134278808593750000e+03
5.000000074505805969e-02,-1.172467991709709167e-01,3.734134510159492493e-02,4.848824813961982727e-02,9.638272523880004883e-01,6.933810561895370483e-02,3.990000000000000000e+03,4.107795410156250000e+03
5.000000074505805969e-02,-3.000000119209289551e-01,-1.474447995424270630e-01,1.177216768264770508e-01,9.696997404098510742e-01,7.791966944932937622e-02,3.487000000000000000e+03,4.241789550781250000e+03
5.000000074505805969e-02,3.562291860580444336e-01,3.099813461303710938e-01,2.054971009492874146e-01,1.173641681671142578e+00,7.020787894725799561e-02,4.480000000000000000e+03,4.769139160156250000e+03
-3.659073412418365479e-01,2.145627290010452271e-01,-6.542328596115112305e-01,3.014664053916931152e-01,9.532429575920104980e-01,7.127242535352706909e-02,4.060000000000000000e+03,4.456551269531250000e+03
9.482004493474960327e-02,2.872454822063446045e-01,3.441265821456909180e-01,4.523457884788513184e-01,1.021863222122192383e+00,5.777011811733245850e-02,3.999000000000000000e+03,4.334795410156250000e+03
-2.500000000000000000e-01,-4.166139364242553711e-01,-1.668809503316879272e-01,-5.200437307357788086e-01,1.027045249938964844e+00,6.182298064231872559e-02,3.705000000000000000e+03,3.766505126953125000e+03
2.145627290010452271e-01,-1.500000059604644775e-01,1.019405201077461243e-03,-1.834802329540252686e-01,1.281409382820129395e+00,5.732413008809089661e-02,4.958000000000000000e+03,5.098013671875000000e+03
-5.000000000000000000e-01,2.145627290010452271e-01,-7.000734806060791016e-01,1.308210343122482300e-01,6.186862587928771973e-01,1.234226822853088379e-01,1.967000000000000000e+03,2.201899902343750000e+03
-1.000000014901161194e-01,-1.500000059604644775e-01,1.803338527679443359e-01,-3.819432556629180908e-01,1.038303375244140625e+00,6.016473472118377686e-02,3.959000000000000000e+03,4.431785156250000000e+03
-1.000000014901161194e-01,-3.000000119209289551e-01,-1.090178191661834717e-01,-3.618793189525604248e-01,1.085183143615722656e+00,6.360682100057601929e-02,4.126000000000000000e+03,4.139721191406250000e+03
0.000000000000000000e+00,-6.926239281892776489e-02,1.393282562494277954e-01,1.514939367771148682e-01,7.681943774223327637e-01,8.593752980232238770e-02,2.898000000000000000e+03,3.224130126953125000e+03
-1.000000014901161194e-01,-3.659073412418365479e-01,1.041282899677753448e-02,-5.199649333953857422e-01,8.176984786987304688e-01,7.289297878742218018e-02,3.044000000000000000e+03,3.205275878906250000e+03
-5.000000074505805969e-02,-1.024989411234855652e-02,1.202368270605802536e-02,1.729350984096527100e-01,1.099992632865905762e+00,6.319268792867660522e-02,4.449000000000000000e+03,4.585354003906250000e+03
1.764043420553207397e-01,-5.179951898753643036e-03,3.603128492832183838e-01,-4.294980168342590332e-01,1.093216300010681152e+00,8.963728696107864380e-02,3.342000000000000000e+03,3.918052490234375000e+03
-6.661394238471984863e-02,-2.196730524301528931e-01,1.981078833341598511e-01,-2.709880769252777100e-01,1.142675518989562988e+00,5.806263908743858337e-02,4.472000000000000000e+03,4.717294433593750000e+03
4.183419048786163330e-02,-1.500000059604644775e-01,4.323871135711669922e-01,-1.099123731255531311e-01,1.232825636863708496e+00,5.798051506280899048e-02,4.865000000000000000e+03,5.346073730468750000e+03
2.872454822063446045e-01,-1.500000059604644775e-01,1.758713722229003906e-01,-4.725908637046813965e-01,1.143254280090332031e+00,5.914442986249923706e-02,4.887000000000000000e+03,5.313415527343750000e+03
-2.000000029802322388e-01,-8.165807463228702545e-03,-9.423205256462097168e-02,-1.665486954152584076e-02,1.276955842971801758e+00,6.581900268793106079e-02,4.707000000000000000e+03,4.739424316406250000e+03
-8.999999761581420898e-01,3.390888571739196777e-01,-8.551610112190246582e-01,3.838118612766265869e-01,3.896497189998626709e-01,1.041390076279640198e-01,1.372000000000000000e+03,1.408069946289062500e+03
2.145627290010452271e-01,3.221365213394165039e-01,5.769901871681213379e-01,6.849138438701629639e-02,1.096515178680419922e+00,6.286463886499404907e-02,4.116000000000000000e+03,4.761833496093750000e+03
-1.678191274404525757e-01,9.482004493474960327e-02,-8.152366429567337036e-02,-8.218695223331451416e-02,1.159158110618591309e+00,6.357853859663009644e-02,4.633000000000000000e+03,4.765518066406250000e+03
2.872454822063446045e-01,-3.499999940395355225e-01,5.657648295164108276e-02,-3.408370316028594971e-01,1.221550822257995605e+00,6.125704571604728699e-02,3.940000000000000000e+03,4.079469238281250000e+03
9.183419495820999146e-02,-2.500000000000000000e-01,-3.326210677623748779e-01,8.651559799909591675e-02,1.264508605003356934e+00,5.497694760560989380e-02,4.793000000000000000e+03,5.637920898437500000e+03
0.000000000000000000e+00,2.145627290010452271e-01,-2.730516530573368073e-02,-3.433233499526977539e-01,1.268234372138977051e+00,5.694204568862915039e-02,4.724000000000000000e+03,5.604754882812500000e+03
3.975010663270950317e-02,3.189045488834381104e-01,-1.332039088010787964e-01,-2.190095633268356323e-01,1.019101023674011230e+00,6.171710416674613953e-02,3.547000000000000000e+03,4.576011718750000000e+03
3.975010663270950317e-02,3.194263577461242676e-01,1.933565437793731689e-01,3.156800270080566406e-01,1.127997159957885742e+00,6.103654950857162476e-02,3.578000000000000000e+03,3.643836181640625000e+03
0.000000000000000000e+00,0.000000000000000000e+00,-6.213979050517082214e-02,-1.770469993352890015e-01,1.173829913139343262e+00,6.813535094261169434e-02,4.523000000000000000e+03,4.638019531250000000e+03
3.562291860580444336e-01,1.329784244298934937e-01,3.967500925064086914e-01,5.295429378747940063e-02,7.886925935745239258e-01,7.804733514785766602e-02,2.846000000000000000e+03,2.882839843750000000e+03
1.994537562131881714e-01,-4.196730554103851318e-01,-2.225328087806701660e-01,-8.538162112236022949e-01,1.082149505615234375e+00,7.358506321907043457e-02,3.912000000000000000e+03,5.064830078125000000e+03
3.896152675151824951e-01,3.221365213394165039e-01,2.317809611558914185e-01,4.436114132404327393e-01,9.449959993362426758e-01,5.872786417603492737e-02,3.242000000000000000e+03,3.384649658203125000e+03
-5.000000074505805969e-02,5.000000074505805969e-02,3.233686089515686035e-01,3.066611886024475098e-01,1.035471439361572266e+00,8.231285959482192993e-02,3.504000000000000000e+03,4.147612792968750000e+03
-5.500000119209289551e-01,-6.184162572026252747e-02,-7.072601914405822754e-01,-1.095951423048973083e-01,9.665869474411010742e-01,7.542338967323303223e-02,3.363000000000000000e+03,3.459806396484375000e+03
9.482004493474960327e-02,-1.700559556484222412e-01,-1.132398545742034912e-01,-7.348056137561798096e-02,1.218254208564758301e+00,6.079951673746109009e-02,4.702000000000000000e+03,4.867474121093750000e+03
-2.000000029802322388e-01,5.000000074505805969e-02,-2.534887790679931641e-01,-2.981008775532245636e-02,7.096322774887084961e-01,7.420210540294647217e-02,1.988000000000000000e+03,2.024297363281250000e+03
2.145627290010452271e-01,1.366542428731918335e-01,-3.390043377876281738e-01,-1.247104257345199585e-01,1.086186528205871582e+00,5.838515236973762512e-02,3.893000000000000000e+03,5.058436523437500000e+03
3.221365213394165039e-01,-2.000000029802322388e-01,4.010498225688934326e-01,2.055166475474834442e-02,7.399448156356811523e-01,7.358837872743606567e-02,3.006000000000000000e+03,3.300814941406250000e+03
-1.618416309356689453e-01,0.000000000000000000e+00,-4.700967371463775635e-01,3.894384205341339111e-01,1.137668490409851074e+00,5.497346818447113037e-02,4.598000000000000000e+03,5.439410156250000000e+03
1.764043420553207397e-01,-5.000000074505805969e-02,5.185827016830444336e-01,-2.806693315505981445e-01,1.271225810050964355e+00,5.351196229457855225e-02,5.023000000000000000e+03,5.540399902343750000e+03
-1.500000059604644775e-01,1.366542428731918335e-01,3.368415236473083496e-01,5.169493556022644043e-01,1.273341774940490723e+00,5.991914123296737671e-02,4.613000000000000000e+03,5.649605957031250000e+03
2.514390051364898682e-01,2.145627290010452271e-01,1.274417042732238770e-01,4.780912995338439941e-01,1.178332209587097168e+00,5.958708375692367554e-02,4.662000000000000000e+03,4.942365722656250000e+03
9.482004493474960327e-02,-3.499999940395355225e-01,2.207384556531906128e-01,-7.638304233551025391e-01,1.178838968276977539e+00,6.588438898324966431e-02,3.732000000000000000e+03,4.219518066406250000e+03
-2.500000000000000000e-01,3.221365213394165039e-01,-4.025583565235137939e-01,2.995047867298126221e-01,4.852921068668365479e-01,8.966273069381713867e-02,1.626000000000000000e+03,1.786786499023437500e+03
2.145627290010452271e-01,-1.631237119436264038e-01,-1.331336796283721924e-01,3.027156591415405273e-01,1.247957468032836914e+00,6.060073524713516235e-02,4.793000000000000000e+03,5.788717773437500000e+03
-1.500000059604644775e-01,2.514390051364898682e-01,-1.018760800361633301e-01,2.290237247943878174e-01,1.198375344276428223e+00,6.092868372797966003e-02,3.861000000000000000e+03,3.868500244140625000e+03
3.562291860580444336e-01,-4.000000059604644775e-01,6.825631856918334961e-02,-4.433071613311767578e-01,9.322875142097473145e-01,6.079452857375144958e-02,3.473000000000000000e+03,3.803916015625000000e+03
0.000000000000000000e+00,-2.000000029802322388e-01,-1.102357357740402222e-01,-2.841691374778747559e-01,7.180505394935607910e-01,9.382303059101104736e-02,1.607000000000000000e+03,1.666574340820312500e+03
-2.000000029802322388e-01,-1.500000059604644775e-01,-1.732157468795776367e-01,-3.136348426342010498e-01,1.149935841560363770e+00,6.390979886054992676e-02,3.959000000000000000e+03,4.041170898437500000e+03
-4.499999880790710449e-01,-1.024989411234855652e-02,-5.006146430969238281e-01,-2.303712517023086548e-01,1.108402252197265625e+00,5.603020638227462769e-02,3.859000000000000000e+03,4.017247802734375000e+03
-1.000000014901161194e-01,-1.651089638471603394e-01,-2.408694326877593994e-01,-3.283892571926116943e-01,8.273596763610839844e-01,6.857618689537048340e-02,3.321000000000000000e+03,3.543415771484375000e+03
3.562291860580444336e-01,9.482004493474960327e-02,3.306462168693542480e-01,3.966832533478736877e-02,5.053018927574157715e-01,9.099349379539489746e-02,1.595000000000000000e+03,1.617964965820312500e+03
1.764043420553207397e-01,1.764043420553207397e-01,2.422821223735809326e-01,3.472574353218078613e-01,8.629807829856872559e-01,5.991825833916664124e-02,2.502000000000000000e+03,2.613270263671875000e+03
-3.000000119209289551e-01,-6.926239281892776489e-02,-1.894993521273136139e-02,-6.117624230682849884e-03,1.164246201515197754e+00,6.823472678661346436e-02,4.580000000000000000e+03,4.856749511718750000e+03
3.221365213394165039e-01,0.000000000000000000e+00,3.330447971820831299e-01,-2.439638227224349976e-01,9.775545001029968262e-01,5.494985356926918030e-02,3.547000000000000000e+03,3.765434814453125000e+03
5.000000074505805969e-02,1.366542428731918335e-01,1.048574969172477722e-01,8.905471861362457275e-02,1.164641499519348145e+00,6.152679026126861572e-02,5.225000000000000000e+03,5.245221191406250000e+03
-4.000000059604644775e-01,2.514390051364898682e-01,-4.913088679313659668e-01,4.673691987991333008e-01,8.469454646110534668e-01,5.765511468052864075e-02,3.318000000000000000e+03,3.567863525390625000e+03
1.764043420553207397e-01,1.669811904430389404e-01,4.247685521841049194e-02,-4.227856397628784180e-01,1.243811011314392090e+00,6.496386229991912842e-02,4.167000000000000000e+03,5.106899902343750000e+03
-8.165807463228702545e-03,1.764043420553207397e-01,-2.561268806457519531e-01,7.262370735406875610e-02,1.208219766616821289e+00,5.798081681132316589e-02,4.594000000000000000e+03,4.818468750000000000e+03
-5.816580727696418762e-02,2.145627290010452271e-01,-7.503548264503479004e-02,-2.375271618366241455e-01,1.001277565956115723e+00,5.366233736276626587e-02,3.982000000000000000e+03,4.761306152343750000e+03
-3.151089549064636230e-01,8.815837651491165161e-02,-7.057373523712158203e-01,2.992909848690032959e-01,1.082284212112426758e+00,5.867345258593559265e-02,4.162000000000000000e+03,4.837579589843750000e+03
-2.188199907541275024e-01,1.366542428731918335e-01,-2.432876527309417725e-01,-7.546088099479675293e-02,8.434320092201232910e-01,6.232893839478492737e-02,3.155000000000000000e+03,3.353922851562500000e+03
-6.312371790409088135e-02,-3.000000119209289551e-01,5.727572366595268250e-03,-8.930788189172744751e-02,1.245200276374816895e+00,5.518705025315284729e-02,4.318000000000000000e+03,4.453638183593750000e+03
-1.631237119436264038e-01,-6.184162572026252747e-02,-3.447467982769012451e-01,-1.785005629062652588e-01,1.122581601142883301e+00,7.337556034326553345e-02,3.700000000000000000e+03,3.835601562500000000e+03
-1.500000059604644775e-01,-3.151089549064636230e-01,8.835710585117340088e-02,-1.040197312831878662e-01,8.884347081184387207e-01,5.725221708416938782e-02,3.437000000000000000e+03,3.865524902343750000e+03
-1.500000059604644775e-01,3.221365213394165039e-01,-5.985191464424133301e-01,3.810336068272590637e-02,1.066680669784545898e+00,6.379003077745437622e-02,4.337000000000000000e+03,5.360351074218750000e+03
-2.500000000000000000e-01,-1.500000059604644775e-01,-2.559778094291687012e-01,8.461850881576538086e-02,1.014388918876647949e+00,8.837162703275680542e-02,2.806000000000000000e+03,2.954666259765625000e+03
0.000000000000000000e+00,1.366542428731918335e-01,-5.078756436705589294e-02,2.945364976767450571e-04,1.142544984817504883e+00,6.269426643848419189e-02,3.690000000000000000e+03,3.749776611328125000e+03
-2.000000029802322388e-01,-1.618416309356689453e-01,-2.186537384986877441e-01,1.102509051561355591e-01,8.337332010269165039e-01,7.979673892259597778e-02,2.698000000000000000e+03,2.979314208984375000e+03
-5.000000074505805969e-02,-2.000000029802322388e-01,-7.000028342008590698e-02,-5.046963691711425781e-01,1.252905488014221191e+00,5.671989172697067261e-02,4.926000000000000000e+03,5.213849609375000000e+03
-5.000000074505805969e-02,3.221365213394165039e-01,1.330536007881164551e-01,2.063883244991302490e-01,1.263735890388488770e+00,5.833059921860694885e-02,4.809000000000000000e+03,4.949195800781250000e+03
9.482004493474960327e-02,1.764043420553207397e-01,1.057485342025756836e-01,1.795243322849273682e-01,1.269690990447998047e+00,5.817917361855506897e-02,4.780000000000000000e+03,4.780387207031250000e+03
5.000000074505805969e-02,2.145627290010452271e-01,2.460770159959793091e-01,-1.880519688129425049e-01,1.103302597999572754e+00,9.176706522703170776e-02,3.384000000000000000e+03,3.921020263671875000e+03
-4.000000059604644775e-01,-3.151089549064636230e-01,-6.308349370956420898e-01,-8.214976638555526733e-02,8.309336304664611816e-01,5.547052249312400818e-02,3.190000000000000000e+03,3.670134521484375000e+03
1.764043420553207397e-01,-4.000000059604644775e-01,2.727838158607482910e-01,-2.490525394678115845e-01,8.880814909934997559e-01,6.403020024299621582e-02,3.193000000000000000e+03,3.321789306640625000e+03
0.000000000000000000e+00,-1.710686385631561279e-01,-1.547011733055114746e-01,-1.576864975504577160e-03,1.152900099754333496e+00,7.509340345859527588e-02,4.314000000000000000e+03,4.483232910156250000e+03
1.764043420553207397e-01,-6.510896980762481689e-02,1.834502369165420532e-01,-1.524556311778724194e-03,1.279751420021057129e+00,6.273229420185089111e-02,4.806000000000000000e+03,4.818067871093750000e+03
-1.500000059604644775e-01,-2.000000029802322388e-01,2.014731764793395996e-01,-1.714659035205841064e-01,1.110430598258972168e+00,5.194327607750892639e-02,4.243000000000000000e+03,4.660848144531250000e+03
-7.444340735673904419e-02,2.514390051364898682e-01,6.069424003362655640e-02,2.647012099623680115e-02,6.784657239913940430e-01,7.206390053033828735e-02,2.224000000000000000e+03,2.546255126953125000e+03
2.462217807769775391e-01,-2.131237089633941650e-01,1.380699127912521362e-02,-3.045549988746643066e-01,8.526706695556640625e-01,7.395157963037490845e-02,2.775000000000000000e+03,3.008016357421875000e+03
-2.500000000000000000e-01,-5.000000074505805969e-02,-2.716705203056335449e-01,-1.183641552925109863e-01,4.109728038311004639e-01,6.965029239654541016e-02,1.719000000000000000e+03,1.771034790039062500e+03
9.183419495820999146e-02,-4.499999880790710449e-01,1.700240671634674072e-01,-4.709075391292572021e-01,8.463066220283508301e-01,5.634335428476333618e-02,3.029000000000000000e+03,3.056777099609375000e+03
-1.000000014901161194e-01,1.764043420553207397e-01,-2.720367610454559326e-01,1.029800549149513245e-01,5.177567005157470703e-01,6.489427387714385986e-02,1.421000000000000000e+03,1.600953491210937500e+03
-3.000000119209289551e-01,0.000000000000000000e+00,-2.682665288448333740e-01,-1.060394719243049622e-01,8.881316184997558594e-01,5.906252562999725342e-02,3.014000000000000000e+03,3.060456298828125000e+03
9.482004493474960327e-02,-2.500000000000000000e-01,9.310290217399597168e-02,-1.910616159439086914e-01,4.164649546146392822e-01,7.217091321945190430e-02,1.463000000000000000e+03,1.492263916015625000e+03
-2.000000029802322388e-01,-5.000000074505805969e-02,1.487744599580764771e-01,2.385653108358383179e-01,1.069697856903076172e+00,5.712004378437995911e-02,4.342000000000000000e+03,5.090420410156250000e+03
0.000000000000000000e+00,1.366542428731918335e-01,-6.687437742948532104e-02,2.476839274168014526e-01,1.118143916130065918e+00,6.591474264860153198e-02,4.205000000000000000e+03,4.261430175781250000e+03
-3.000000119209289551e-01,-5.000000000000000000e-01,-3.428545892238616943e-01,-5.612214803695678711e-01,8.333035111427307129e-01,6.183163076639175415e-02,2.536000000000000000e+03,2.556370849609375000e+03
9.482004493474960327e-02,-2.000000029802322388e-01,1.586353778839111328e-01,1.050215661525726318e-01,1.259394645690917969e+00,5.967428535223007202e-02,4.824000000000000000e+03,5.115493164062500000e+03
-2.000000029802322388e-01,5.000000074505805969e-02,-1.527242660522460938e-01,-1.169798597693443298e-01,7.182517647743225098e-01,7.343717664480209351e-02,1.975000000000000000e+03,2.088749511718750000e+03
-2.131237089633941650e-01,3.896152675151824951e-01,-3.066842257976531982e-01,2.894466221332550049e-01,9.541730284690856934e-01,5.852707102894783020e-02,3.552000000000000000e+03,3.625184326171875000e+03
-5.000000000000000000e-01,2.145627290010452271e-01,-4.148582816123962402e-01,-1.632829010486602783e-01,8.365001082420349121e-01,7.390419393777847290e-02,2.830000000000000000e+03,3.409205078125000000e+03
5.000000074505805969e-02,-3.151089549064636230e-01,4.661120474338531494e-02,-3.192453682422637939e-01,1.005543470382690430e+00,6.473363935947418213e-02,3.977000000000000000e+03,3.977120361328125000e+03
2.872454822063446045e-01,-2.075121551752090454e-02,5.114904642105102539e-01,-6.843458861112594604e-02,8.718017935752868652e-01,7.190946489572525024e-02,3.103000000000000000e+03,3.313694824218750000e+03
2.872454822063446045e-01,-5.000000074505805969e-02,-1.767041385173797607e-01,-2.764321118593215942e-02,1.208027005195617676e+00,6.626076996326446533e-02,4.242000000000000000e+03,4.849669433593750000e+03
5.000000074505805969e-02,1.764043420553207397e-01,4.246601462364196777e-01,1.490929126739501953e-01,1.269793510437011719e+00,5.981911718845367432e-02,5.160000000000000000e+03,5.602644042968750000e+03
-5.000000074505805969e-02,1.366542428731918335e-01,-2.605397105216979980e-01,3.047397732734680176e-01,1.204977631568908691e+00,6.035389378666877747e-02,4.764000000000000000e+03,4.999174316406250000e+03
5.000000074505805969e-02,-1.500000059604644775e-01,1.426149010658264160e-01,-5.875016003847122192e-02,8.350247144699096680e-01,7.746134698390960693e-02,2.855000000000000000e+03,2.923768798828125000e+03
-3.499999940395355225e-01,-5.000000074505805969e-02,-8.238607645034790039e-01,-1.991726756095886230e-01,1.168607115745544434e+00,7.340785115957260132e-02,4.143000000000000000e+03,4.862486816406250000e+03
-2.141935080289840698e-01,-5.000000074505805969e-02,-3.790077567100524902e-01,4.503059387207031250e-02,1.252639174461364746e+00,6.331576406955718994e-02,5.028000000000000000e+03,5.143371582031250000e+03
-1.141935139894485474e-01,-5.000000000000000000e-01,-3.357964009046554565e-02,-7.398821115493774414e-01,8.246452212333679199e-01,6.016271561384201050e-02,3.235000000000000000e+03,3.533147949218750000e+03
-1.500000059604644775e-01,3.562291860580444336e-01,-4.478532969951629639e-01,2.939164042472839355e-01,8.043982982635498047e-01,7.554452121257781982e-02,3.158000000000000000e+03,3.595075683593750000e+03
2.145627290010452271e-01,1.366542428731918335e-01,1.214946284890174866e-01,5.525338649749755859e-02,9.471189975738525391e-01,6.264834105968475342e-02,2.861000000000000000e+03,2.909656982421875000e+03
1.764043420553207397e-01,9.482004493474960327e-02,3.404109776020050049e-01,-2.570093274116516113e-01,1.067111253738403320e+00,6.067260727286338806e-02,4.204000000000000000e+03,4.744728515625000000e+03
1.306265294551849365e-01,0.000000000000000000e+00,-1.586668640375137329e-01,2.214887440204620361e-01,1.038964152336120605e+00,8.767800778150558472e-02,3.624000000000000000e+03,4.056779296875000000e+03
1.764043420553207397e-01,9.482004493474960327e-02,-5.001613125205039978e-02,-3.677414059638977051e-01,1.280238747596740723e+00,5.791685357689857483e-02,4.729000000000000000e+03,5.468222167968750000e+03
-2.159073352813720703e-01,3.896152675151824951e-01,2.362325936555862427e-01,3.339453935623168945e-01,1.049433112144470215e+00,7.114373147487640381e-02,3.627000000000000000e+03,4.283326660156250000e+03
-2.000000029802322388e-01,-5.000000074505805969e-02,-1.232591792941093445e-01,-9.044108539819717407e-02,9.726286530494689941e-01,5.810519680380821228e-02,3.290000000000000000e+03,3.316127197265625000e+03
6.083970069885253906e-01,-5.500000119209289551e-01,6.799594163894653320e-01,-5.344111919403076172e-01,5.434401035308837891e-01,1.847652494907379150e-01,1.905000000000000000e+03,1.939512573242187500e+03
-5.500000119209289551e-01,2.145627290010452271e-01,-5.037677288055419922e-01,1.864912807941436768e-01,9.255375266075134277e-01,7.645422965288162231e-02,2.957000000000000000e+03,2.967006347656250000e+03
-2.500000000000000000e-01,2.994404174387454987e-02,-7.747160196304321289e-01,6.180788204073905945e-02,1.175806760787963867e+00,6.576832383871078491e-02,4.534000000000000000e+03,5.401699707031250000e+03
-4.000000059604644775e-01,-4.499999880790710449e-01,-4.318508207798004150e-01,-4.399835169315338135e-01,4.014477133750915527e-01,6.661622971296310425e-02,1.440000000000000000e+03,1.449919555664062500e+03
3.687628731131553650e-02,2.145627290010452271e-01,8.082383312284946442e-03,-7.705856859683990479e-02,1.283669829368591309e+00,6.188708543777465820e-02,4.937000000000000000e+03,5.190819824218750000e+03
2.872454822063446045e-01,2.145627290010452271e-01,4.414142966270446777e-01,4.368267357349395752e-01,7.927249073982238770e-01,8.584860712289810181e-02,2.669000000000000000e+03,2.971759277343750000e+03
2.514390051364898682e-01,-4.499999880790710449e-01,4.561194479465484619e-01,-4.838048815727233887e-01,7.158886790275573730e-01,1.226988956332206726e-01,1.909000000000000000e+03,2.065888183593750000e+03
-2.166139483451843262e-01,3.562291860580444336e-01,-3.055702745914459229e-01,1.558280587196350098e-01,1.150817990303039551e+00,5.850664898753166199e-02,4.593000000000000000e+03,4.758441894531250000e+03
-3.499999940395355225e-01,9.482004493474960327e-02,-1.281841774471104145e-03,1.121612787246704102e-01,8.039001822471618652e-01,8.046311885118484497e-02,2.683000000000000000e+03,3.168504394531250000e+03
1.366542428731918335e-01,-2.500000000000000000e-01,1.493252906948328018e-02,-2.291941195726394653e-01,8.259056806564331055e-01,5.866542458534240723e-02,2.891000000000000000e+03,2.955490966796875000e+03
0.000000000000000000e+00,2.145627290010452271e-01,3.023445233702659607e-02,-1.127432286739349365e-01,1.278740406036376953e+00,5.804630368947982788e-02,5.037000000000000000e+03,5.365123046875000000e+03
2.112953811883926392e-01,-3.659073412418365479e-01,1.625303626060485840e-01,-4.478111565113067627e-01,6.151846647262573242e-01,9.668560326099395752e-02,1.757000000000000000e+03,1.799031250000000000e+03
2.104970067739486694e-01,-5.000000074505805969e-02,5.055897682905197144e-02,1.263365894556045532e-01,1.269599437713623047e+00,6.372135132551193237e-02,5.151000000000000000e+03,5.330164550781250000e+03
-1.500000059604644775e-01,-4.172467887401580811e-01,-4.414418041706085205e-01,-7.254908084869384766e-01,9.983378648757934570e-01,7.436379790306091309e-02,4.149000000000000000e+03,4.869528808593750000e+03
-3.000000119209289551e-01,-2.500000000000000000e-01,-6.953894495964050293e-01,-7.886598110198974609e-01,1.150966048240661621e+00,8.171597868204116821e-02,4.277000000000000000e+03,5.630770507812500000e+03
1.764043420553207397e-01,-1.500000059604644775e-01,2.263570725917816162e-01,2.202842533588409424e-01,1.236499667167663574e+00,6.134083122014999390e-02,4.736000000000000000e+03,5.159853027343750000e+03
9.482004493474960327e-02,3.221365213394165039e-01,-1.842478066682815552e-01,6.563084721565246582e-01,1.079324960708618164e+00,6.666126847267150879e-02,4.059000000000000000e+03,4.695889648437500000e+03
-4.499999880790710449e-01,-1.000000014901161194e-01,-4.157118499279022217e-01,-2.339037209749221802e-01,9.842717051506042480e-01,7.245790958404541016e-02,3.949000000000000000e+03,4.026235839843750000e+03
-5.000000074505805969e-02,-4.166139364242553711e-01,-7.195921242237091064e-02,-3.752010464668273926e-01,5.726888179779052734e-01,2.261391282081604004e-01,1.155000000000000000e+03,1.162762329101562500e+03
-5.000000074505805969e-02,1.764043420553207397e-01,-9.473986178636550903e-02,-2.246234863996505737e-01,1.269114732742309570e+00,6.014546006917953491e-02,4.895000000000000000e+03,5.379040527343750000e+03
4.862083792686462402e-01,2.647910453379154205e-02,4.871536195278167725e-01,6.336636841297149658e-02,4.349843859672546387e-01,1.054119691252708435e-01,1.301000000000000000e+03,1.310294921875000000e+03
-1.510896813124418259e-02,-2.159073352813720703e-01,-1.277014315128326416e-01,-1.003526449203491211e-01,1.110236883163452148e+00,5.959403142333030701e-02,3.928000000000000000e+03,4.010727294921875000e+03
1.316963285207748413e-01,3.562291860580444336e-01,-2.573492825031280518e-01,1.709598451852798462e-01,1.065590381622314453e+00,6.182952597737312317e-02,4.032000000000000000e+03,4.669445800781250000e+03
-1.102498918771743774e-01,0.000000000000000000e+00,-1.246639266610145569e-01,-4.514088034629821777e-01,1.214348554611206055e+00,6.875661015510559082e-02,4.086000000000000000e+03,4.634387207031250000e+03
-1.500000059604644775e-01,1.366542428731918335e-01,-3.554080799221992493e-02,1.044867932796478271e-01,1.159404993057250977e+00,5.928140506148338318e-02,3.726000000000000000e+03,3.765093994140625000e+03
-1.000000014901161194e-01,0.000000000000000000e+00,1.645498424768447876e-01,-7.852337509393692017e-02,1.170933246612548828e+00,6.205752119421958923e-02,4.443000000000000000e+03,4.686703613281250000e+03
2.145627290010452271e-01,-2.000000029802322388e-01,6.520799547433853149e-02,3.505825102329254150e-01,1.172518491744995117e+00,5.865761637687683105e-02,4.480000000000000000e+03,5.490500000000000000e+03
-1.102498918771743774e-01,0.000000000000000000e+00,-9.989247471094131470e-02,1.825805604457855225e-01,1.270015358924865723e+00,5.539557337760925293e-02,4.733000000000000000e+03,4.830517089843750000e+03
1.366542428731918335e-01,1.275732517242431641e-01,1.268222033977508545e-01,2.975236773490905762e-01,1.208620786666870117e+00,6.091040000319480896e-02,4.600000000000000000e+03,4.690646972656250000e+03
9.482004493474960327e-02,-1.500000059604644775e-01,-1.587737947702407837e-01,-9.025353193283081055e-02,1.213153600692749023e+00,6.663618236780166626e-02,4.760000000000000000e+03,4.977370117187500000e+03
4.223684668540954590e-01,0.000000000000000000e+00,7.086960673332214355e-01,1.236577853560447693e-01,9.875226616859436035e-01,7.034890353679656982e-02,4.318000000000000000e+03,4.739750976562500000e+03
0.000000000000000000e+00,-2.000000029802322388e-01,-2.116731256246566772e-01,-4.650882184505462646e-01,1.166505575180053711e+00,6.363830715417861938e-02,4.409000000000000000e+03,4.774482910156250000e+03
-1.151089668273925781e-01,-3.172467947006225586e-01,4.592548608779907227e-01,-5.724565386772155762e-01,1.233510613441467285e+00,6.228532269597053528e-02,4.659000000000000000e+03,5.809270019531250000e+03
4.482004791498184204e-02,-1.000000014901161194e-01,4.227711856365203857e-01,1.932841166853904724e-02,1.097190141677856445e+00,6.785151362419128418e-02,4.850000000000000000e+03,5.464197265625000000e+03
-2.000000029802322388e-01,0.000000000000000000e+00,-6.939812898635864258e-01,-3.554930090904235840e-01,1.148307085037231445e+00,6.332810968160629272e-02,4.064000000000000000e+03,5.142635742187500000e+03
0.000000000000000000e+00,8.815837651491165161e-02,-1.641045957803726196e-01,2.223770171403884888e-01,1.240355610847473145e+00,5.704688653349876404e-02,4.950000000000000000e+03,5.093395996093750000e+03
0.000000000000000000e+00,2.872454822063446045e-01,3.296862542629241943e-02,5.646008849143981934e-01,9.530330896377563477e-01,6.257779151201248169e-02,3.609000000000000000e+03,3.913348632812500000e+03
2.132806330919265747e-01,3.896152675151824951e-01,4.923944175243377686e-01,8.456645607948303223e-01,1.003145933151245117e+00,7.737607508897781372e-02,3.431000000000000000e+03,4.352167968750000000e+03
1.764043420553207397e-01,-1.500000059604644775e-01,1.099459826946258545e-01,-5.889583826065063477e-01,1.266891360282897949e+00,6.127137690782546997e-02,5.223000000000000000e+03,5.846732421875000000e+03
-5.816580727696418762e-02,3.562291860580444336e-01,-2.108188569545745850e-01,2.102020084857940674e-01,7.889581322669982910e-01,7.926206290721893311e-02,2.785000000000000000e+03,2.981110839843750000e+03
-1.618416309356689453e-01,9.482004493474960327e-02,-1.489593684673309326e-01,-4.778114855289459229e-01,1.282045125961303711e+00,5.870055034756660461e-02,5.118000000000000000e+03,6.097463378906250000e+03
3.580648824572563171e-02,3.896152675151824951e-01,-5.974661931395530701e-02,7.567532658576965332e-01,1.111190080642700195e+00,5.898033455014228821e-02,4.086000000000000000e+03,4.549497558593750000e+03
5.481259822845458984e-01,-2.500000000000000000e-01,4.702891111373901367e-01,-5.834671258926391602e-01,1.059180855751037598e+00,6.696826219558715820e-02,4.289000000000000000e+03,4.727214355468750000e+03
-4.000000059604644775e-01,1.986553966999053955e-01,-4.784852862358093262e-01,3.102143108844757080e-01,9.077156186103820801e-01,6.828124076128005981e-02,2.726000000000000000e+03,2.787242675781250000e+03
0.000000000000000000e+00,-2.659073472023010254e-01,-5.175445228815078735e-02,-1.603915728628635406e-02,1.164744377136230469e+00,6.169673800468444824e-02,4.525000000000000000e+03,4.739348632812500000e+03
-1.500000059604644775e-01,2.872454822063446045e-01,-2.617027610540390015e-03,5.770541429519653320e-01,1.075059056282043457e+00,6.170970574021339417e-02,4.867000000000000000e+03,5.302577148437500000e+03
-1.184162404388189316e-02,-2.000000029802322388e-01,3.173248469829559326e-01,2.049216032028198242e-01,1.227622628211975098e+00,6.162388622760772705e-02,4.848000000000000000e+03,5.689919433593750000e+03
1.366542428731918335e-01,0.000000000000000000e+00,2.113819867372512817e-01,2.107875943183898926e-01,8.499592542648315430e-01,9.463459998369216919e-02,2.708000000000000000e+03,2.892716796875000000e+03
5.000000074505805969e-02,-1.000000014901161194e-01,2.297012135386466980e-02,-8.422633260488510132e-02,5.262717604637145996e-01,1.018145829439163208e-01,1.669000000000000000e+03,1.674945556640625000e+03
-6.419350951910018921e-02,-2.500000000000000000e-01,3.161206841468811035e-01,5.389462038874626160e-02,8.795545101165771484e-01,8.368122577667236328e-02,2.139000000000000000e+03,2.757119873046875000e+03
-1.618416309356689453e-01,9.482004493474960327e-02,-2.498153746128082275e-01,9.590499848127365112e-02,9.087212681770324707e-01,6.728590279817581177e-02,3.118000000000000000e+03,3.147208251953125000e+03
1.764043420553207397e-01,-1.419351249933242798e-02,6.307643651962280273e-02,-1.286069452762603760e-01,1.272487640380859375e+00,6.077486276626586914e-02,5.145000000000000000e+03,5.226986816406250000e+03
-3.000000119209289551e-01,1.764043420553207397e-01,-2.017630934715270996e-01,8.003897964954376221e-02,9.298340678215026855e-01,7.389070838689804077e-02,2.828000000000000000e+03,2.889750244140625000e+03
-1.000000014901161194e-01,-1.631237119436264038e-01,-6.081163138151168823e-02,-1.767995804548263550e-01,1.111264109611511230e+00,5.655690655112266541e-02,3.695000000000000000e+03,3.700208984375000000e+03
-2.500000000000000000e-01,-4.499999880790710449e-01,1.409415155649185181e-01,-4.036929011344909668e-01,1.050784468650817871e+00,7.045280933380126953e-02,3.095000000000000000e+03,3.516827880859375000e+03
-1.000000014901161194e-01,-4.166139364242553711e-01,1.760568320751190186e-01,-2.375717461109161377e-01,9.252889156341552734e-01,5.824825912714004517e-02,3.379000000000000000e+03,3.793759033203125000e+03
-2.000000029802322388e-01,5.000000074505805969e-02,-1.659408360719680786e-01,-2.857586741447448730e-01,1.276812553405761719e+00,5.861610919237136841e-02,4.983000000000000000e+03,5.326013671875000000e+03
0.000000000000000000e+00,-2.000000029802322388e-01,-2.830136716365814209e-01,-1.430109888315200806e-01,1.046520829200744629e+00,5.957596376538276672e-02,4.877000000000000000e+03,5.241021972656250000e+03
2.145627290010452271e-01,3.221365213394165039e-01,2.022063583135604858e-01,4.689025580883026123e-01,6.631382107734680176e-01,6.017981097102165222e-02,2.538000000000000000e+03,2.662010009765625000e+03
1.366542428731918335e-01,2.145627290010452271e-01,1.332810074090957642e-01,2.920504510402679443e-01,9.803144931793212891e-01,5.812024325132369995e-02,4.045000000000000000e+03,4.070198730468750000e+03
1.764043420553207397e-01,0.000000000000000000e+00,4.997724294662475586e-02,-5.312285199761390686e-02,8.174181580543518066e-01,6.308595836162567139e-02,3.198000000000000000e+03,3.287158691406250000e+03
-4.499999880790710449e-01,1.297110766172409058e-01,-4.200704693794250488e-01,1.907534748315811157e-01,1.208693504333496094e+00,6.098626926541328430e-02,3.227000000000000000e+03,3.237175781250000000e+03
3.221365213394165039e-01,-2.500000000000000000e-01,2.962492108345031738e-01,-2.127347141504287720e-01,6.016530990600585938e-01,7.012725621461868286e-02,1.987000000000000000e+03,1.998288330078125000e+03
9.482004493474960327e-02,1.764043420553207397e-01,2.023218125104904175e-01,4.156810343265533447e-01,1.248946189880371094e+00,6.002884358167648315e-02,4.996000000000000000e+03,5.213484375000000000e+03
-2.151089608669281006e-01,2.872454822063446045e-01,-9.054780006408691406e-02,3.195317387580871582e-01,1.103537321090698242e+00,5.908551439642906189e-02,3.936000000000000000e+03,3.989293457031250000e+03
0.000000000000000000e+00,1.764043420553207397e-01,-2.478524446487426758e-01,1.536120176315307617e-01,1.122498750686645508e+00,6.219457089900970459e-02,3.893000000000000000e+03,4.082241455078125000e+03
-3.000000119209289551e-01,2.514390051364898682e-01,-1.869412660598754883e-01,-6.303139030933380127e-02,1.070238709449768066e+00,6.146809831261634827e-02,4.396000000000000000e+03,4.814861816406250000e+03
9.482004493474960327e-02,-5.179951898753643036e-03,9.103284217417240143e-03,-1.907096207141876221e-01,1.040407776832580566e+00,6.168646365404129028e-02,4.042000000000000000e+03,4.196166503906250000e+03
4.183419048786163330e-02,4.482004791498184204e-02,6.268175840377807617e-01,6.506665050983428955e-02,1.230620145797729492e+00,7.080999761819839478e-02,3.843000000000000000e+03,4.671744140625000000e+03
2.145627290010452271e-01,-1.500000059604644775e-01,1.979133486747741699e-01,-5.880537033081054688e-01,1.198115468025207520e+00,5.476168543100357056e-02,4.521000000000000000e+03,5.109304687500000000e+03
-5.000000074505805969e-02,1.764043420553207397e-01,2.847979962825775146e-01,-2.345650643110275269e-01,1.135750055313110352e+00,5.993839353322982788e-02,4.696000000000000000e+03,5.675214843750000000e+03
1.764043420553207397e-01,0.000000000000000000e+00,3.381706476211547852e-01,-5.803410410881042480e-01,1.265555739402770996e+00,6.112624332308769226e-02,4.756000000000000000e+03,5.785474609375000000e+03
-1.000000014901161194e-01,-1.000000014901161194e-01,1.773803122341632843e-02,-1.007513180375099182e-01,1.001726865768432617e+00,5.135483667254447937e-02,3.402000000000000000e+03,3.448887451171875000e+03
1.764043420553207397e-01,1.764043420553207397e-01,-1.198146194219589233e-01,5.666158199310302734e-01,1.247088551521301270e+00,5.842187628149986267e-02,5.152000000000000000e+03,5.921578613281250000e+03
-4.499999880790710449e-01,1.366542428731918335e-01,-4.352812767028808594e-01,3.468572497367858887e-01,8.296411037445068359e-01,7.216309010982513428e-02,3.323000000000000000e+03,3.534486572265625000e+03
-1.000000014901161194e-01,-4.000000059604644775e-01,-1.422221213579177856e-01,-6.066664457321166992e-01,8.899583816528320312e-01,1.117211878299713135e-01,2.609000000000000000e+03,2.753520263671875000e+03
-2.500000000000000000e-01,-2.641935050487518311e-01,-6.945056915283203125e-01,-4.773355722427368164e-01,1.093352437019348145e+00,5.751013383269309998e-02,4.103000000000000000e+03,4.902997558593750000e+03
3.221365213394165039e-01,1.366542428731918335e-01,2.495518177747726440e-01,4.924927651882171631e-01,8.361890316009521484e-01,6.646412611007690430e-02,2.783000000000000000e+03,3.286600097656250000e+03
-2.641935050487518311e-01,-1.000000014901161194e-01,-1.524228453636169434e-01,-5.262458696961402893e-02,1.235875606536865234e+00,5.599579960107803345e-02,4.781000000000000000e+03,4.827221191406250000e+03
-5.000000074505805969e-02,2.145627290010452271e-01,-1.336471140384674072e-01,1.680397987365722656e-01,1.131948471069335938e+00,6.341172754764556885e-02,4.243000000000000000e+03,4.273313964843750000e+03
2.145627290010452271e-01,3.562291860580444336e-01,1.720972061157226562e-01,5.797501802444458008e-01,9.547376632690429688e-01,7.865486294031143188e-02,3.592000000000000000e+03,3.792930175781250000e+03
-1.500000059604644775e-01,-5.000000074505805969e-02,-2.796994745731353760e-01,-3.933192491531372070e-01,1.035365104675292969e+00,6.246725469827651978e-02,3.642000000000000000e+03,4.087294433593750000e+03
2.514390051364898682e-01,1.366542428731918335e-01,-2.710275538265705109e-02,1.580094695091247559e-01,7.427902221679687500e-01,6.587499380111694336e-02,3.185000000000000000e+03,3.622442626953125000e+03
1.275732517242431641e-01,9.482004493474960327e-02,-6.347545236349105835e-02,-3.586395382881164551e-01,1.095334529876708984e+00,6.393683701753616333e-02,4.439000000000000000e+03,5.298078613281250000e+03
-2.000000029802322388e-01,2.872454822063446045e-01,-3.220235183835029602e-02,-1.659750938415527344e-01,1.043005704879760742e+00,7.713960856199264526e-02,3.321000000000000000e+03,4.003237060546875000e+03
2.112953811883926392e-01,-1.000000014901161194e-01,1.673646718263626099e-01,9.613978117704391479e-02,1.273463845252990723e+00,5.986158177256584167e-02,5.183000000000000000e+03,5.311296875000000000e+03
1.366542428731918335e-01,1.764043420553207397e-01,-1.406258642673492432e-01,-8.148890733718872070e-02,1.263898253440856934e+00,6.119177863001823425e-02,4.885000000000000000e+03,5.314867675781250000e+03
0.000000000000000000e+00,1.366542428731918335e-01,-1.714956015348434448e-01,6.009147763252258301e-01,1.257996797561645508e+00,5.898248404264450073e-02,4.862000000000000000e+03,5.588259765625000000e+03
2.145627290010452271e-01,-2.500000000000000000e-01,1.898807585239410400e-01,-2.637776136398315430e-01,6.034514307975769043e-01,5.511641129851341248e-02,1.859000000000000000e+03,1.863034912109375000e+03
-1.688199937343597412e-01,-4.499999880790710449e-01,-2.046155370771884918e-02,-7.402828931808471680e-01,1.082520604133605957e+00,7.114519923925399780e-02,4.588000000000000000e+03,4.995159667968750000e+03
5.000000074505805969e-02,-5.000000074505805969e-02,3.645662367343902588e-01,-4.274134524166584015e-03,1.148051738739013672e+00,5.864753946661949158e-02,5.158000000000000000e+03,5.546425781250000000e+03
0.000000000000000000e+00,5.000000074505805969e-02,-6.850960850715637207e-02,1.876001991331577301e-02,7.577229738235473633e-01,5.883903056383132935e-02,2.591000000000000000e+03,2.616574462890625000e+03
1.366542428731918335e-01,-2.641935050487518311e-01,3.113180696964263916e-01,-3.762201070785522461e-01,1.116251468658447266e+00,6.272937357425689697e-02,4.286000000000000000e+03,4.432465820312500000e+03
9.183419495820999146e-02,-6.926239281892776489e-02,6.054391339421272278e-02,-4.701057076454162598e-01,1.270858287811279297e+00,6.190270557999610901e-02,4.741000000000000000e+03,5.204066406250000000e+03
2.448896765708923340e-01,1.366542428731918335e-01,3.229292631149291992e-01,-1.558461338281631470e-01,9.024113416671752930e-01,6.893914937973022461e-02,3.822000000000000000e+03,4.241931152343750000e+03
0.000000000000000000e+00,-2.500000000000000000e-01,-1.360606849193572998e-01,-2.485201358795166016e-01,6.914137005805969238e-01,7.132650166749954224e-02,2.571000000000000000e+03,2.669616455078125000e+03
-2.500000000000000000e-01,-2.000000029802322388e-01,-7.402052730321884155e-02,-1.404605209827423096e-01,8.977166414260864258e-01,6.284918636083602905e-02,3.440000000000000000e+03,3.585762695312500000e+03
9.482004493474960327e-02,-5.000000074505805969e-02,1.966505646705627441e-01,1.352244764566421509e-01,7.570921778678894043e-01,6.143026426434516907e-02,2.762000000000000000e+03,2.973700683593750000e+03
-2.500000000000000000e-01,-2.500000000000000000e-01,-2.827256619930267334e-01,-5.738492012023925781e-01,9.412547349929809570e-01,6.337069720029830933e-02,3.865000000000000000e+03,4.315766113281250000e+03
1.366542428731918335e-01,-5.000000074505805969e-02,1.469930559396743774e-01,-1.361491680145263672e-01,1.103672266006469727e+00,5.544311925768852234e-02,4.723000000000000000e+03,4.752044921875000000e+03
-2.678191363811492920e-01,1.764043420553207397e-01,-2.620404064655303955e-01,4.536085128784179688e-01,1.041284084320068359e+00,7.588880509138107300e-02,3.307000000000000000e+03,3.537768798828125000e+03
-2.000000029802322388e-01,1.366542428731918335e-01,-2.599049806594848633e-01,1.725757271051406860e-01,5.924097895622253418e-01,5.577060207724571228e-02,2.003000000000000000e+03,2.030850219726562500e+03
0.000000000000000000e+00,-5.000000074505805969e-02,-3.062213361263275146e-01,-3.734609782695770264e-01,1.192482590675354004e+00,7.385758310556411743e-02,3.869000000000000000e+03,4.392278320312500000e+03
9.482004493474960327e-02,-2.000000029802322388e-01,5.057872273027896881e-03,-2.773786708712577820e-02,1.038329839706420898e+00,6.475413590669631958e-02,4.383000000000000000e+03,4.535451660156250000e+03
0.000000000000000000e+00,-2.000000029802322388e-01,1.340397894382476807e-01,-3.998828828334808350e-01,6.939834356307983398e-01,9.601103514432907104e-02,2.967000000000000000e+03,3.314404541015625000e+03
-5.000000074505805969e-02,0.000000000000000000e+00,-1.440311223268508911e-01,-2.360887266695499420e-02,5.879509449005126953e-01,9.124220162630081177e-02,2.038000000000000000e+03,2.093005371093750000e+03
-1.141935139894485474e-01,-5.000000074505805969e-02,1.683900356292724609e-01,-5.898731574416160583e-02,9.409772753715515137e-01,5.729539692401885986e-02,3.666000000000000000e+03,3.989966064453125000e+03
1.764043420553207397e-01,1.764043420553207397e-01,1.921650171279907227e-01,3.781102597713470459e-02,1.185597538948059082e+00,6.120032444596290588e-02,4.961000000000000000e+03,5.029374023437500000e+03
1.764043420553207397e-01,-2.000000029802322388e-01,-9.932529181241989136e-02,-1.563807874917984009e-01,1.197504520416259766e+00,6.784397363662719727e-02,4.609000000000000000e+03,4.855634277343750000e+03
9.482004493474960327e-02,-2.000000029802322388e-01,-1.251113414764404297e-01,-5.648814514279365540e-02,7.686089873313903809e-01,5.810345709323883057e-02,3.047000000000000000e+03,3.394014648437500000e+03
0.000000000000000000e+00,0.000000000000000000e+00,-8.486901968717575073e-02,-4.504181146621704102e-01,1.175735235214233398e+00,5.569927021861076355e-02,4.707000000000000000e+03,5.399502929687500000e+03
1.316963285207748413e-01,2.145627290010452271e-01,1.221169158816337585e-01,-1.596942692995071411e-01,1.251044034957885742e+00,6.099748238921165466e-02,5.063000000000000000e+03,5.506648925781250000e+03
2.514390051364898682e-01,0.000000000000000000e+00,3.000859320163726807e-01,-4.675855040550231934e-01,1.256949663162231445e+00,5.355840548872947693e-02,5.008000000000000000e+03,5.687937500000000000e+03
1.764043420553207397e-01,3.221365213394165039e-01,2.374891638755798340e-01,6.211892962455749512e-01,9.821377396583557129e-01,7.222331315279006958e-02,3.915000000000000000e+03,4.284949707031250000e+03
-1.000000014901161194e-01,2.145627290010452271e-01,-3.636294305324554443e-01,5.726584196090698242e-01,9.981871843338012695e-01,3.296945393085479736e-01,6.918000000000000000e+03,8.237011718750000000e+03
2.145627290010452271e-01,0.000000000000000000e+00,-1.571282595396041870e-01,-3.554177284240722656e-01,1.276310801506042480e+00,5.470481514930725098e-02,5.384000000000000000e+03,6.228792968750000000e+03
-5.000000074505805969e-02,-1.500000059604644775e-01,-4.563057422637939453e-01,-7.883384823799133301e-02,1.231232881546020508e+00,5.345172062516212463e-02,4.935000000000000000e+03,5.475050781250000000e+03
1.366542428731918335e-01,0.000000000000000000e+00,-1.201528310775756836e-01,-1.179958283901214600e-01,9.256553649902343750e-01,7.073228806257247925e-02,2.906000000000000000e+03,3.171594726562500000e+03
-1.102498918771743774e-01,-2.000000029802322388e-01,-1.137621477246284485e-01,-4.826839268207550049e-02,1.288989305496215820e+00,6.031852960586547852e-02,4.202000000000000000e+03,4.259913085937500000e+03
1.764043420553207397e-01,5.000000074505805969e-02,-1.097718104720115662e-01,2.151006609201431274e-01,1.176763176918029785e+00,6.817925721406936646e-02,4.418000000000000000e+03,4.759621093750000000e+03
-1.500000059604644775e-01,-1.500000059604644775e-01,2.252218872308731079e-01,-1.070193760097026825e-02,8.442401289939880371e-01,7.500129938125610352e-02,2.889000000000000000e+03,3.509689453125000000e+03
-2.000000029802322388e-01,-1.500000059604644775e-01,7.980104535818099976e-02,2.034538686275482178e-01,1.253037214279174805e+00,6.099609285593032837e-02,5.007000000000000000e+03,5.636160156250000000e+03
-1.000000014901161194e-01,-1.000000014901161194e-01,-3.976812213659286499e-02,5.264838784933090210e-02,1.197057962417602539e+00,6.478200852870941162e-02,4.529000000000000000e+03,4.613629394531250000e+03
-5.000000074505805969e-02,4.223684668540954590e-01,1.602608859539031982e-01,1.122748553752899170e-01,9.883560538291931152e-01,6.036527082324028015e-02,3.502000000000000000e+03,3.990416015625000000e+03
-2.166139483451843262e-01,-5.000000074505805969e-02,-1.337449997663497925e-01,-2.553022801876068115e-01,1.118548274040222168e+00,6.049378961324691772e-02,4.279000000000000000e+03,4.444989257812500000e+03
-1.500000059604644775e-01,-1.500000059604644775e-01,-2.130139470100402832e-01,9.396186470985412598e-02,9.674845337867736816e-01,5.392033606767654419e-02,3.075000000000000000e+03,3.279995605468750000e+03
5.000000074505805969e-02,2.071419507265090942e-01,-4.234148561954498291e-02,4.090510681271553040e-02,1.202324390411376953e+00,5.964572355151176453e-02,4.910000000000000000e+03,5.032364746093750000e+03
-1.500000059604644775e-01,5.000000074505805969e-02,-2.527329623699188232e-01,2.493955940008163452e-01,9.466910362243652344e-01,8.202297240495681763e-02,2.570000000000000000e+03,2.712359863281250000e+03
1.240688338875770569e-01,3.896152675151824951e-01,2.152680605649948120e-01,4.765023291110992432e-01,9.920325279235839844e-01,6.282838433980941772e-02,3.485000000000000000e+03,3.540993896484375000e+03
-1.678191274404525757e-01,6.083970069885253906e-01,-1.197907328605651855e-01,5.667631626129150391e-01,3.418774902820587158e-01,1.160954087972640991e-01,1.035000000000000000e+03,1.070578613281250000e+03
1.764043420553207397e-01,-3.499999940395355225e-01,-7.266610115766525269e-02,-6.376727819442749023e-01,1.175798654556274414e+00,1.284636855125427246e-01,3.115000000000000000e+03,3.433264648437500000e+03
-1.618416309356689453e-01,-8.165807463228702545e-03,-7.813739031553268433e-02,3.400151729583740234e-01,9.736140370368957520e-01,5.932468175888061523e-02,3.608000000000000000e+03,4.081146972656250000e+03
-6.312371790409088135e-02,2.145627290010452271e-01,4.283282160758972168e-02,2.839780449867248535e-01,1.052381992340087891e+00,7.719196379184722900e-02,3.807000000000000000e+03,3.861813476562500000e+03
1.764043420553207397e-01,1.764043420553207397e-01,-7.853063941001892090e-02,1.816464662551879883e-01,1.112839937210083008e+00,6.573587656021118164e-02,4.361000000000000000e+03,4.587474121093750000e+03
2.145627290010452271e-01,-1.000000014901161194e-01,-5.000381916761398315e-02,-2.464792281389236450e-01,1.153850793838500977e+00,7.044488936662673950e-02,4.315000000000000000e+03,4.606651855468750000e+03
-5.000000074505805969e-02,-3.151089549064636230e-01,2.769432961940765381e-01,-8.044659346342086792e-02,1.154650807380676270e+00,5.755626037716865540e-02,4.597000000000000000e+03,5.139525878906250000e+03
-2.000000029802322388e-01,9.482004493474960327e-02,-1.982504427433013916e-01,-2.069080322980880737e-01,1.164695858955383301e+00,5.390178412199020386e-02,4.625000000000000000e+03,4.930496582031250000e+03
-1.000000014901161194e-01,2.145627290010452271e-01,-1.258250772953033447e-01,5.165640711784362793e-01,1.084570646286010742e+00,5.218330025672912598e-02,4.602000000000000000e+03,4.954731933593750000e+03
1.764043420553207397e-01,-2.659073472023010254e-01,2.463303506374359131e-01,-3.237275183200836182e-01,5.843715667724609375e-01,6.771062314510345459e-02,1.882000000000000000e+03,1.927021606445312500e+03
3.975010663270950317e-02,-3.000000119209289551e-01,5.506798624992370605e-04,2.444772608578205109e-02,9.855473637580871582e-01,8.691629767417907715e-02,3.130000000000000000e+03,3.465715087890625000e+03
9.482004493474960327e-02,-1.000000014901161194e-01,2.459392249584197998e-01,1.583376824855804443e-01,1.186160326004028320e+00,6.373205780982971191e-02,5.167000000000000000e+03,5.491253906250000000e+03
3.218087181448936462e-02,-1.500000059604644775e-01,1.500399261713027954e-01,1.206207200884819031e-01,9.805680513381958008e-01,6.282015144824981689e-02,3.620000000000000000e+03,3.941255126953125000e+03
-1.000000014901161194e-01,4.223684668540954590e-01,-1.854785978794097900e-01,4.366747140884399414e-01,7.085123658180236816e-01,9.160345792770385742e-02,2.008000000000000000e+03,2.037921508789062500e+03
1.366542428731918335e-01,-2.000000029802322388e-01,-3.105464279651641846e-01,2.174271494150161743e-01,1.232564091682434082e+00,5.519460886716842651e-02,5.219000000000000000e+03,6.441232421875000000e+03
2.145627290010452271e-01,-6.024989485740661621e-02,-7.362148910760879517e-02,-6.935065984725952148e-01,1.258962988853454590e+00,6.297495216131210327e-02,4.910000000000000000e+03,6.323343261718750000e+03
-6.419350951910018921e-02,2.872454822063446045e-01,-3.730608224868774414e-01,2.477678060531616211e-01,8.569640517234802246e-01,7.800098508596420288e-02,3.370000000000000000e+03,3.801778320312500000e+03
0.000000000000000000e+00,0.000000000000000000e+00,1.309987306594848633e-01,2.655690312385559082e-01,1.100800395011901855e+00,5.721912905573844910e-02,4.834000000000000000e+03,5.177483398437500000e+03
-1.000000014901161194e-01,-4.000000059604644775e-01,-9.915956854820251465e-02,-4.346348047256469727e-01,7.861635088920593262e-01,6.853896379470825195e-02,3.111000000000000000e+03,3.117043457031250000e+03
1.764043420553207397e-01,-5.000000074505805969e-02,2.199478000402450562e-01,-5.929079651832580566e-01,1.270652055740356445e+00,5.992404744029045105e-02,4.667000000000000000e+03,5.492791992187500000e+03
9.482004493474960327e-02,-5.000000074505805969e-02,1.822349876165390015e-01,-1.654854975640773773e-02,1.066724300384521484e+00,6.134761497378349304e-02,4.192000000000000000e+03,4.224156738281250000e+03
0.000000000000000000e+00,2.145627290010452271e-01,6.429725140333175659e-02,7.753070592880249023e-01,1.223924756050109863e+00,5.981338024139404297e-02,4.800000000000000000e+03,5.775094238281250000e+03
-1.102498918771743774e-01,1.764043420553207397e-01,-4.352063238620758057e-01,2.357057780027389526e-01,1.134336590766906738e+00,5.346101522445678711e-02,4.499000000000000000e+03,4.873550781250000000e+03
-2.000000029802322388e-01,5.000000074505805969e-02,-1.184814348816871643e-01,2.639566063880920410e-01,1.253658890724182129e+00,5.994388461112976074e-02,4.605000000000000000e+03,4.757754394531250000e+03
9.482004493474960327e-02,8.687628805637359619e-02,-2.341028302907943726e-02,-4.211627542972564697e-01,1.255781054496765137e+00,5.713750422000885010e-02,4.843000000000000000e+03,5.647050781250000000e+03
1.366542428731918335e-01,-2.500000000000000000e-01,1.705111265182495117e-01,-1.693183034658432007e-01,9.448705315589904785e-01,6.748852878808975220e-02,3.506000000000000000e+03,3.536122558593750000e+03
-3.499999940395355225e-01,-5.000000074505805969e-02,-3.917097747325897217e-01,-1.975413560867309570e-01,9.118176102638244629e-01,8.409076184034347534e-02,2.944000000000000000e+03,3.026606933593750000e+03
5.000000074505805969e-02,-5.000000074505805969e-02,8.578175678849220276e-03,-1.849964559078216553e-01,1.098193764686584473e+00,5.906659364700317383e-02,4.315000000000000000e+03,4.386052246093750000e+03
2.122108340263366699e-01,-2.659073472023010254e-01,-1.032443866133689880e-01,-3.273381292819976807e-01,1.220002651214599609e+00,5.797056853771209717e-02,4.605000000000000000e+03,4.919114257812500000e+03
1.366542428731918335e-01,-1.312371436506509781e-02,2.216855287551879883e-01,-5.119919776916503906e-01,1.272869706153869629e+00,5.507212132215499878e-02,5.076000000000000000e+03,5.851667480468750000e+03
2.145627290010452271e-01,1.764043420553207397e-01,6.460328400135040283e-02,-2.035156488418579102e-01,1.205728173255920410e+00,6.766533851623535156e-02,4.395000000000000000e+03,4.885669433593750000e+03
8.815837651491165161e-02,-4.000000059604644775e-01,8.953070640563964844e-02,-6.088717579841613770e-01,7.692918181419372559e-01,5.131390690803527832e-02,3.108000000000000000e+03,3.332849365234375000e+03
5.173884034156799316e-01,8.580648899078369141e-02,5.705274939537048340e-01,1.822904497385025024e-01,7.071925401687622070e-01,9.332745522260665894e-02,1.890000000000000000e+03,1.935524658203125000e+03
9.482004493474960327e-02,-1.000000014901161194e-01,4.882506653666496277e-02,5.313153192400932312e-02,1.234416604042053223e+00,5.534765496850013733e-02,4.665000000000000000e+03,4.743070800781250000e+03
-2.000000029802322388e-01,-1.000000014901161194e-01,-3.339723348617553711e-01,-9.308812767267227173e-02,1.049906015396118164e+00,6.140707433223724365e-02,4.301000000000000000e+03,4.370674804687500000e+03
-2.500000000000000000e-01,-4.000000059604644775e-01,-5.226725339889526367e-01,-3.466878235340118408e-01,7.443304657936096191e-01,9.249653667211532593e-02,2.995000000000000000e+03,3.400070800781250000e+03
9.482004493474960327e-02,1.366542428731918335e-01,-3.530554845929145813e-02,2.191159687936306000e-02,9.364643692970275879e-01,5.607140064239501953e-02,3.584000000000000000e+03,3.705753417968750000e+03
0.000000000000000000e+00,2.145627290010452271e-01,-1.799604743719100952e-01,1.865488290786743164e-01,8.575818538665771484e-01,7.075182348489761353e-02,2.609000000000000000e+03,2.725647460937500000e+03
-2.500000000000000000e-01,5.000000074505805969e-02,-4.277557134628295898e-01,-4.440765976905822754e-01,1.257355928421020508e+00,5.826458707451820374e-02,5.078000000000000000e+03,5.930613769531250000e+03
-2.005595900118350983e-02,5.784529447555541992e-01,1.934694349765777588e-01,4.921809136867523193e-01,9.528359174728393555e-01,5.510857701301574707e-02,3.661000000000000000e+03,3.871854248046875000e+03
-1.500000059604644775e-01,0.000000000000000000e+00,-1.730145514011383057e-01,3.349521160125732422e-01,1.266891360282897949e+00,6.732140481472015381e-02,4.851000000000000000e+03,5.186450683593750000e+03
-1.500000059604644775e-01,-1.000000014901161194e-01,-4.713087901473045349e-02,3.916930556297302246e-01,1.274778008460998535e+00,6.727606058120727539e-02,4.505000000000000000e+03,5.180491210937500000e+03
-2.131237089633941650e-01,-6.024989485740661621e-02,-2.485036700963973999e-01,-4.226019978523254395e-01,8.054836988449096680e-01,7.455707341432571411e-02,2.270000000000000000e+03,2.714255371093750000e+03
8.815837651491165161e-02,2.145627290010452271e-01,1.251000314950942993e-01,6.733700633049011230e-01,1.256232500076293945e+00,5.894370749592781067e-02,5.001000000000000000e+03,5.651765625000000000e+03
-5.000000074505805969e-02,9.482004493474960327e-02,-5.491047501564025879e-01,1.430104374885559082e-01,1.178099513053894043e+00,6.472917646169662476e-02,4.555000000000000000e+03,5.349002929687500000e+03
3.562291860580444336e-01,-5.000000074505805969e-02,4.568928778171539307e-01,2.113644331693649292e-01,7.360546588897705078e-01,7.764354348182678223e-02,2.671000000000000000e+03,3.044947753906250000e+03
1.700402945280075073e-01,-5.000000074505805969e-02,2.796800136566162109e-01,-5.094757080078125000e-01,1.024685621261596680e+00,5.916171520948410034e-02,4.294000000000000000e+03,5.166302734375000000e+03
1.366542428731918335e-01,9.482004493474960327e-02,-1.445267200469970703e-01,4.640119075775146484e-01,1.017801642417907715e+00,9.184525161981582642e-02,3.903000000000000000e+03,4.681223144531250000e+03
-4.000000059604644775e-01,-2.000000029802322388e-01,-6.448642015457153320e-01,5.793498456478118896e-02,1.083533167839050293e+00,6.388593465089797974e-02,4.380000000000000000e+03,4.840404785156250000e+03
3.896152675151824951e-01,-1.500000059604644775e-01,4.958132803440093994e-01,-5.946987867355346680e-01,1.195429205894470215e+00,5.924370512366294861e-02,5.142000000000000000e+03,5.870203613281250000e+03
1.764043420553207397e-01,1.329784244298934937e-01,5.467098355293273926e-01,-8.317808806896209717e-02,1.087380170822143555e+00,5.836939811706542969e-02,4.403000000000000000e+03,5.065706054687500000e+03
9.482004493474960327e-02,-4.000000059604644775e-01,-2.318244054913520813e-02,-2.724981307983398438e-01,1.239642977714538574e+00,5.935329571366310120e-02,4.121000000000000000e+03,4.201600097656250000e+03
-1.500000059604644775e-01,1.366542428731918335e-01,2.514615356922149658e-01,-9.759891033172607422e-02,1.162191987037658691e+00,5.661172047257423401e-02,4.207000000000000000e+03,4.857212402343750000e+03
3.221365213394165039e-01,-1.618416309356689453e-01,4.881108105182647705e-01,-1.774577945470809937e-01,7.339706420898437500e-01,7.615761458873748779e-02,2.927000000000000000e+03,3.075969970703125000e+03
2.091575562953948975e-01,-1.000000014901161194e-01,-2.938729524612426758e-01,2.583388984203338623e-01,1.286248683929443359e+00,5.411108583211898804e-02,5.306000000000000000e+03,6.471840332031250000e+03
2.145627290010452271e-01,1.329784244298934937e-01,-3.983297944068908691e-01,-6.573310494422912598e-02,1.195292234420776367e+00,5.736493691802024841e-02,4.386000000000000000e+03,5.591081054687500000e+03
-6.184162572026252747e-02,4.183419048786163330e-02,-4.176818132400512695e-01,-8.490543067455291748e-02,1.032313823699951172e+00,5.952296033501625061e-02,3.962000000000000000e+03,4.477563476562500000e+03
-1.166139394044876099e-01,5.000000074505805969e-02,-3.745052218437194824e-01,5.743753910064697266e-02,1.063400864601135254e+00,6.024323403835296631e-02,3.590000000000000000e+03,3.798772216796875000e+03
-1.000000014901161194e-01,1.366542428731918335e-01,4.001278802752494812e-02,6.123821437358856201e-02,7.111018896102905273e-01,8.206092566251754761e-02,2.457000000000000000e+03,2.578289550781250000e+03
2.145627290010452271e-01,4.545493423938751221e-01,-3.012556955218315125e-02,4.725228250026702881e-01,9.473707079887390137e-01,6.723760068416595459e-02,3.954000000000000000e+03,4.215174804687500000e+03
-3.499999940395355225e-01,-1.131237149238586426e-01,-3.503402769565582275e-01,1.695135980844497681e-01,1.112500071525573730e+00,5.915594846010208130e-02,4.179000000000000000e+03,4.444965332031250000e+03
-3.000000119209289551e-01,1.764043420553207397e-01,-8.213973790407180786e-02,3.742398619651794434e-01,9.193169474601745605e-01,6.872957199811935425e-02,3.676000000000000000e+03,4.043996093750000000e+03
-1.618416309356689453e-01,-5.188199877738952637e-01,-2.452859431505203247e-01,-4.347990751266479492e-01,9.893204569816589355e-01,6.389088928699493408e-02,3.651000000000000000e+03,3.703113525390625000e+03
3.073761053383350372e-02,2.145627290010452271e-01,-2.659959495067596436e-01,1.328218281269073486e-01,1.271002411842346191e+00,5.210933834314346313e-02,5.403000000000000000e+03,5.715692382812500000e+03
-5.178191065788269043e-01,2.336198836565017700e-01,-6.378914117813110352e-01,1.633597910404205322e-01,9.224648475646972656e-01,6.122723594307899475e-02,2.881000000000000000e+03,2.946183593750000000e+03
3.975010663270950317e-02,1.366542428731918335e-01,-5.162493884563446045e-02,-7.347856462001800537e-02,7.534461617469787598e-01,8.120869100093841553e-02,2.829000000000000000e+03,3.085398437500000000e+03
-3.499999940395355225e-01,-1.500000059604644775e-01,-6.574518680572509766e-01,-4.406557083129882812e-01,1.087482571601867676e+00,7.412414997816085815e-02,3.716000000000000000e+03,4.260629394531250000e+03
-2.000000029802322388e-01,-5.000000074505805969e-02,1.561011373996734619e-01,-1.681352257728576660e-01,1.275315761566162109e+00,6.310690939426422119e-02,5.301000000000000000e+03,5.749953125000000000e+03
-2.500000000000000000e-01,-1.196730434894561768e-01,1.119020283222198486e-01,-1.445412356406450272e-02,1.227153301239013672e+00,6.825099140405654907e-02,4.987000000000000000e+03,5.446618164062500000e+03
2.145627290010452271e-01,0.000000000000000000e+00,4.199812114238739014e-01,1.531705409288406372e-01,1.246451020240783691e+00,5.661190301179885864e-02,4.967000000000000000e+03,5.175190917968750000e+03
-6.312371790409088135e-02,-2.500000000000000000e-01,3.208191692829132080e-01,-7.282121181488037109e-01,1.123691678047180176e+00,6.700379401445388794e-02,4.325000000000000000e+03,5.541227050781250000e+03
9.482004493474960327e-02,0.000000000000000000e+00,2.344355881214141846e-01,-7.980064302682876587e-02,1.015248298645019531e+00,9.075304120779037476e-02,3.366000000000000000e+03,3.449885742187500000e+03
-1.000000014901161194e-01,5.000000074505805969e-02,1.592674851417541504e-01,3.918983936309814453e-01,8.718031048774719238e-01,6.708697974681854248e-02,3.053000000000000000e+03,3.757309082031250000e+03
2.514390051364898682e-01,-3.000000119209289551e-01,4.886532127857208252e-01,-1.810916960239410400e-01,1.073590517044067383e+00,6.435444205999374390e-02,4.063000000000000000e+03,4.307342773437500000e+03
-5.000000074505805969e-02,-2.000000029802322388e-01,-4.003026187419891357e-01,-3.013243079185485840e-01,1.118991732597351074e+00,6.187928095459938049e-02,4.186000000000000000e+03,4.620698730468750000e+03
-1.000000014901161194e-01,-2.000000029802322388e-01,1.669739559292793274e-02,-6.294621825218200684e-01,1.238599061965942383e+00,5.806057527661323547e-02,4.647000000000000000e+03,5.230924316406250000e+03
1.764043420553207397e-01,2.872454822063446045e-01,9.840142726898193359e-02,6.907115131616592407e-02,1.046887397766113281e+00,6.692226976156234741e-02,3.940000000000000000e+03,4.130541992187500000e+03
1.764043420553207397e-01,-1.000000014901161194e-01,9.336043894290924072e-02,-2.845492064952850342e-01,5.524962544441223145e-01,6.328493356704711914e-02,1.634000000000000000e+03,1.846627685546875000e+03
5.000000074505805969e-02,-2.000000029802322388e-01,-4.141050279140472412e-01,-1.205911934375762939e-01,1.104461193084716797e+00,7.244608551263809204e-02,3.670000000000000000e+03,4.312132812500000000e+03
2.091575562953948975e-01,-5.000000074505805969e-02,3.960119485855102539e-01,-1.846259832382202148e-01,1.223303079605102539e+00,5.793106183409690857e-02,4.865000000000000000e+03,5.036210449218750000e+03
3.562291860580444336e-01,9.482004493474960327e-02,6.153861880302429199e-01,6.152591109275817871e-02,1.203612208366394043e+00,5.968484655022621155e-02,4.599000000000000000e+03,4.813473632812500000e+03
0.000000000000000000e+00,-2.000000029802322388e-01,1.309642046689987183e-01,-5.727294683456420898e-01,1.020204782485961914e+00,6.335392594337463379e-02,3.939000000000000000e+03,4.509756347656250000e+03
-2.000000029802322388e-01,-5.000000074505805969e-02,1.471728980541229248e-01,1.770318448543548584e-01,1.221559047698974609e+00,6.367296725511550903e-02,4.612000000000000000e+03,5.131017089843750000e+03
9.482004493474960327e-02,1.366542428731918335e-01,1.409247796982526779e-02,-3.689797818660736084e-01,1.213176131248474121e+00,5.812254548072814941e-02,4.756000000000000000e+03,5.572715332031250000e+03
-1.000000014901161194e-01,-5.000000074505805969e-02,1.436915993690490723e-01,2.058427594602108002e-02,1.132281780242919922e+00,6.516690552234649658e-02,4.151000000000000000e+03,4.356963378906250000e+03
-2.500000000000000000e-01,1.366542428731918335e-01,-5.286248326301574707e-01,-8.950805664062500000e-02,1.104045987129211426e+00,5.754164233803749084e-02,4.454000000000000000e+03,4.912789062500000000e+03
-5.000000074505805969e-02,-5.000000074505805969e-02,-2.737790942192077637e-01,-2.138319164514541626e-01,1.035359740257263184e+00,6.201655790209770203e-02,4.165000000000000000e+03,4.458286132812500000e+03
-3.000000119209289551e-01,2.494537532329559326e-01,-3.365235328674316406e-01,4.534799158573150635e-01,8.943535089492797852e-01,7.707144320011138916e-02,3.127000000000000000e+03,3.292673339843750000e+03
1.366542428731918335e-01,5.000000074505805969e-02,5.113988518714904785e-01,-4.300785958766937256e-01,1.207809925079345703e+00,5.936871096491813660e-02,4.758000000000000000e+03,5.906370117187500000e+03
3.562291860580444336e-01,-1.000000014901161194e-01,3.272306621074676514e-01,-4.864728450775146484e-02,9.191761016845703125e-01,5.709364265203475952e-02,3.386000000000000000e+03,3.399969238281250000e+03
-1.419351249933242798e-02,3.687628731131553650e-02,-1.582308560609817505e-01,-2.472655624151229858e-01,7.931795120239257812e-01,7.122312486171722412e-02,2.496000000000000000e+03,2.884695800781250000e+03
-3.499999940395355225e-01,1.764043420553207397e-01,-4.850017130374908447e-01,3.685580790042877197e-01,6.759061217308044434e-01,8.563341200351715088e-02,2.232000000000000000e+03,2.494377685546875000e+03
5.000000074505805969e-02,-5.000000074505805969e-02,2.474896423518657684e-02,5.713911652565002441e-01,1.253405928611755371e+00,5.685549601912498474e-02,4.564000000000000000e+03,5.632838378906250000e+03
4.862083792686462402e-01,1.667510271072387695e-01,4.860574901103973389e-01,2.512029707431793213e-01,8.860874176025390625e-01,6.392186135053634644e-02,2.537000000000000000e+03,2.560016845703125000e+03
-3.000000119209289551e-01,-2.500000000000000000e-01,-6.972417235374450684e-01,-4.083685874938964844e-01,1.167343854904174805e+00,6.057224422693252563e-02,4.528000000000000000e+03,5.117215332031250000e+03
-6.024989485740661621e-02,6.961627006530761719e-01,-1.007076576352119446e-01,4.634055495262145996e-01,9.530602693557739258e-01,6.272653490304946899e-02,3.571000000000000000e+03,3.786780029296875000e+03
5.000000074505805969e-02,-1.500000059604644775e-01,-2.667071819305419922e-01,-5.982417464256286621e-01,1.260154485702514648e+00,5.483566969633102417e-02,5.141000000000000000e+03,6.078269531250000000e+03
2.145627290010452271e-01,5.000000074505805969e-02,2.730247676372528076e-01,-4.216077551245689392e-02,8.434855341911315918e-01,5.715787783265113831e-02,2.645000000000000000e+03,2.689265380859375000e+03
8.975010365247726440e-02,1.366542428731918335e-01,1.477855443954467773e-02,5.087080001831054688e-01,1.152589440345764160e+00,6.210583448410034180e-02,4.746000000000000000e+03,5.248924316406250000e+03
-3.000000119209289551e-01,-3.000000119209289551e-01,-3.894020915031433105e-01,-2.545731663703918457e-01,1.230634689331054688e+00,5.516065284609794617e-02,5.071000000000000000e+03,5.104658203125000000e+03
-5.000000074505805969e-02,1.764043420553207397e-01,2.980577349662780762e-01,2.082653045654296875e-01,1.254573941230773926e+00,6.403372436761856079e-02,4.745000000000000000e+03,5.107093261718750000e+03
3.562291860580444336e-01,-2.641935050487518311e-01,1.806145161390304565e-01,-4.585777223110198975e-01,8.994784355163574219e-01,8.246596902608871460e-02,2.689000000000000000e+03,2.912864746093750000e+03
1.366542428731918335e-01,-5.000000074505805969e-02,8.111749775707721710e-03,9.634863585233688354e-02,1.043662548065185547e+00,6.361984461545944214e-02,3.368000000000000000e+03,3.484460937500000000e+03
1.366542428731918335e-01,-1.159073337912559509e-01,-2.102425843477249146e-01,1.171932592988014221e-01,9.018339514732360840e-01,7.189438492059707642e-02,3.806000000000000000e+03,4.587871093750000000e+03
-1.000000014901161194e-01,1.764043420553207397e-01,-5.310211777687072754e-01,4.198652878403663635e-02,1.039895534515380859e+00,5.970997363328933716e-02,3.657000000000000000e+03,4.318755371093750000e+03
8.062653243541717529e-02,3.896152675151824951e-01,-7.283889222890138626e-03,4.148406684398651123e-01,8.694803118705749512e-01,5.954694375395774841e-02,3.378000000000000000e+03,3.415244628906250000e+03
3.562291860580444336e-01,-3.000000119209289551e-01,5.631260275840759277e-01,-3.037132024765014648e-01,7.504898905754089355e-01,8.374552428722381592e-02,2.977000000000000000e+03,3.199205078125000000e+03
-2.159073352813720703e-01,9.482004493474960327e-02,-5.833865404129028320e-01,5.549733638763427734e-01,1.225424289703369141e+00,5.905770882964134216e-02,4.869000000000000000e+03,5.942833496093750000e+03
-1.000000014901161194e-01,1.764043420553207397e-01,-2.105636894702911377e-01,5.960688591003417969e-01,1.012023448944091797e+00,6.651170551776885986e-02,3.996000000000000000e+03,4.703063476562500000e+03
-3.000000119209289551e-01,2.145627290010452271e-01,-2.169340401887893677e-01,-3.855615854263305664e-01,1.209492683410644531e+00,6.204008683562278748e-02,4.222000000000000000e+03,5.229538085937500000e+03
-2.000000029802322388e-01,5.000000074505805969e-02,-1.603575348854064941e-01,-1.721108704805374146e-01,1.263064980506896973e+00,6.038933247327804565e-02,5.099000000000000000e+03,5.260153808593750000e+03
0.000000000000000000e+00,-4.000000059604644775e-01,3.758129477500915527e-01,-3.628900349140167236e-01,1.034208178520202637e+00,8.984820544719696045e-02,3.823000000000000000e+03,4.318552246093750000e+03
-1.618416309356689453e-01,-2.000000029802322388e-01,-9.870000928640365601e-02,-4.044324457645416260e-01,1.225603222846984863e+00,5.888295918703079224e-02,4.888000000000000000e+03,5.035961425781250000e+03
2.514390051364898682e-01,5.000000074505805969e-02,2.871285676956176758e-01,1.667245477437973022e-01,1.113091111183166504e+00,9.259259700775146484e-02,3.467000000000000000e+03,3.508677246093750000e+03
2.872454822063446045e-01,-1.500000059604644775e-01,1.136611774563789368e-01,-1.180059369653463364e-02,1.221328496932983398e+00,5.588726326823234558e-02,5.058000000000000000e+03,5.223779296875000000e+03
-1.500000059604644775e-01,-2.500000000000000000e-01,-2.170669101178646088e-02,3.219675645232200623e-02,1.104817748069763184e+00,6.543610244989395142e-02,4.053000000000000000e+03,4.366397460937500000e+03
-5.000000074505805969e-02,2.145627290010452271e-01,-1.152410432696342468e-01,-2.564634680747985840e-01,1.233353972434997559e+00,6.120460852980613708e-02,4.688000000000000000e+03,5.362126464843750000e+03
-7.106862962245941162e-02,-3.499999940395355225e-01,-1.135112196207046509e-01,-2.918893396854400635e-01,1.056853055953979492e+00,5.957073718309402466e-02,4.162000000000000000e+03,4.181402343750000000e+03
-5.000000074505805969e-02,3.221365213394165039e-01,-7.791635394096374512e-02,3.829982280731201172e-01,9.210953116416931152e-01,6.135367602109909058e-02,3.614000000000000000e+03,3.633172851562500000e+03
-5.816580727696418762e-02,-2.000000029802322388e-01,1.386144757270812988e-01,-6.691900491714477539e-01,1.271737575531005859e+00,6.066939607262611389e-02,4.808000000000000000e+03,5.551100097656250000e+03
-6.312371790409088135e-02,-2.000000029802322388e-01,3.213325142860412598e-02,-1.342343986034393311e-01,7.088804841041564941e-01,8.106058835983276367e-02,2.420000000000000000e+03,2.484042968750000000e+03
3.221365213394165039e-01,-5.000000074505805969e-02,-2.009779065847396851e-01,1.035315617918968201e-01,1.199171304702758789e+00,5.726328492164611816e-02,4.700000000000000000e+03,5.630173339843750000e+03
5.000000074505805969e-02,4.862083792686462402e-01,3.712117373943328857e-01,2.233859002590179443e-01,9.597722291946411133e-01,6.102995947003364563e-02,3.741000000000000000e+03,4.412915527343750000e+03
3.580648824572563171e-02,-3.000000119209289551e-01,-2.746205031871795654e-01,-2.586074471473693848e-01,1.222110033035278320e+00,6.107323616743087769e-02,4.572000000000000000e+03,4.867077148437500000e+03
-1.500000059604644775e-01,-2.188199907541275024e-01,1.157949939370155334e-01,-3.489476144313812256e-01,1.213234543800354004e+00,5.851924791932106018e-02,4.824000000000000000e+03,5.107248046875000000e+03
-2.000000029802322388e-01,1.764043420553207397e-01,-3.135971724987030029e-01,7.400668859481811523e-01,1.220184326171875000e+00,6.508046388626098633e-02,4.089000000000000000e+03,4.957711914062500000e+03
3.528741300106048584e-01,3.169633448123931885e-02,6.101468801498413086e-01,2.482103854417800903e-01,7.937590479850769043e-01,6.447174400091171265e-02,2.597000000000000000e+03,3.044638671875000000e+03
-3.499999940395355225e-01,4.223684668540954590e-01,-2.751073539257049561e-01,2.808526158332824707e-01,6.687121987342834473e-01,7.124944776296615601e-02,1.903000000000000000e+03,2.010494750976562500e+03
3.896152675151824951e-01,3.562291860580444336e-01,1.413056552410125732e-01,2.252221405506134033e-01,9.257403016090393066e-01,6.522677093744277954e-02,3.745000000000000000e+03,4.081576416015625000e+03
9.482004493474960327e-02,-1.000000014901161194e-01,4.646141529083251953e-01,-1.824745833873748779e-01,9.740761518478393555e-01,6.053835898637771606e-02,3.980000000000000000e+03,4.563322265625000000e+03
-6.024989485740661621e-02,-1.500000059604644775e-01,3.198299109935760498e-01,-5.432835817337036133e-01,1.041159629821777344e+00,6.296857446432113647e-02,3.764000000000000000e+03,4.747841308593750000e+03
-2.000000029802322388e-01,5.000000074505805969e-02,3.005221486091613770e-02,2.098391801118850708e-01,1.102462887763977051e+00,5.845015123486518860e-02,4.520000000000000000e+03,4.807667480468750000e+03
-1.500000059604644775e-01,5.000000074505805969e-02,-3.236202895641326904e-01,7.001166790723800659e-02,8.428070545196533203e-01,7.791147381067276001e-02,3.067000000000000000e+03,3.197663818359375000e+03
1.366542428731918335e-01,2.514390051364898682e-01,4.496791064739227295e-01,-2.687391340732574463e-01,1.090611219406127930e+00,6.001756340265274048e-02,3.657000000000000000e+03,4.726261718750000000e+03
-1.000000014901161194e-01,-5.816580727696418762e-02,1.352389249950647354e-02,-4.347925484180450439e-01,1.108161926269531250e+00,6.500343233346939087e-02,4.286000000000000000e+03,4.810034179687500000e+03
1.366542428731918335e-01,-1.500000059604644775e-01,-4.245063066482543945e-01,2.087424248456954956e-01,1.266036033630371094e+00,6.255174428224563599e-02,4.870000000000000000e+03,6.147803222656250000e+03
9.482004493474960327e-02,-1.000000014901161194e-01,2.412638962268829346e-01,-1.531684994697570801e-01,1.255635142326354980e+00,6.195012107491493225e-02,4.301000000000000000e+03,4.366738769531250000e+03
-3.151089549064636230e-01,-5.179951898753643036e-03,-2.318899482488632202e-01,-3.338866680860519409e-02,1.021386265754699707e+00,5.977209284901618958e-02,3.467000000000000000e+03,3.492674072265625000e+03
-5.000000000000000000e-01,3.562291860580444336e-01,-5.135334134101867676e-01,4.880377650260925293e-01,5.272397994995117188e-01,9.169006347656250000e-02,1.797000000000000000e+03,1.908714111328125000e+03
0.000000000000000000e+00,2.514390051364898682e-01,-3.150255084037780762e-01,1.849297434091567993e-01,1.250971078872680664e+00,5.653091520071029663e-02,4.960000000000000000e+03,5.283106933593750000e+03
-5.500000119209289551e-01,-1.500000059604644775e-01,-5.101147294044494629e-01,-1.440970301628112793e-01,4.539734125137329102e-01,8.795155584812164307e-02,1.512000000000000000e+03,1.523870239257812500e+03
3.562291860580444336e-01,9.482004493474960327e-02,3.010766804218292236e-01,1.161303222179412842e-01,4.345482587814331055e-01,8.311170339584350586e-02,1.245000000000000000e+03,1.267908325195312500e+03
1.764043420553207397e-01,-1.000000014901161194e-01,4.116397798061370850e-01,-4.712786674499511719e-01,1.158999085426330566e+00,6.391970813274383545e-02,4.705000000000000000e+03,5.361195800781250000e+03
-6.419350951910018921e-02,-2.000000029802322388e-01,-3.727845251560211182e-01,-3.428352251648902893e-02,9.146007299423217773e-01,7.053505629301071167e-02,3.434000000000000000e+03,3.922180664062500000e+03
-2.500000000000000000e-01,0.000000000000000000e+00,-5.064819753170013428e-02,-1.014261394739151001e-01,1.133533477783203125e+00,6.756455451250076294e-02,3.997000000000000000e+03,4.151180175781250000e+03
-2.000000029802322388e-01,-1.102498918771743774e-01,-6.395544856786727905e-02,1.840282529592514038e-01,1.216086983680725098e+00,5.848256871104240417e-02,5.473000000000000000e+03,5.854916503906250000e+03
2.145627290010452271e-01,-2.000000029802322388e-01,-1.984899342060089111e-01,8.782620728015899658e-02,1.118246316909790039e+00,6.190726533532142639e-02,4.273000000000000000e+03,5.103042480468750000e+03
1.662398129701614380e-01,8.165905624628067017e-02,-1.968620568513870239e-01,1.800222843885421753e-01,7.608770132064819336e-01,9.094020724296569824e-02,2.829000000000000000e+03,3.486556640625000000e+03
-1.000000014901161194e-01,9.482004493474960327e-02,-2.426058612763881683e-02,1.579379290342330933e-01,4.773277044296264648e-01,8.160749077796936035e-02,1.604000000000000000e+03,1.671598022460937500e+03
-6.419350951910018921e-02,-1.000000014901161194e-01,3.479687497019767761e-02,4.500074088573455811e-01,1.198013901710510254e+00,6.733740121126174927e-02,4.470000000000000000e+03,5.398616210937500000e+03
-1.926239021122455597e-02,-2.000000029802322388e-01,-1.570795774459838867e-01,-1.346463114023208618e-01,1.133069634437561035e+00,5.910097062587738037e-02,4.099000000000000000e+03,4.172683593750000000e+03
-5.000000074505805969e-02,1.366542428731918335e-01,-8.507513254880905151e-02,1.987273395061492920e-01,7.919877767562866211e-01,5.890187993645668030e-02,2.180000000000000000e+03,2.197711425781250000e+03
-5.000000000000000000e-01,-2.641935050487518311e-01,-2.593868374824523926e-01,-3.486852049827575684e-01,9.905329942703247070e-01,7.154566049575805664e-02,2.904000000000000000e+03,3.093174072265625000e+03
6.961627006530761719e-01,4.217961132526397705e-01,7.714154124259948730e-01,5.213694572448730469e-01,6.739932298660278320e-01,8.755533397197723389e-02,2.266000000000000000e+03,2.342979003906250000e+03
5.000000074505805969e-02,-2.000000029802322388e-01,-1.738589704036712646e-01,-1.685554683208465576e-01,1.282391667366027832e+00,6.348082423210144043e-02,4.883000000000000000e+03,5.033583007812500000e+03
-1.500000059604644775e-01,3.896152675151824951e-01,-1.696859300136566162e-01,1.694948226213455200e-01,6.865599751472473145e-01,9.098235517740249634e-02,1.275000000000000000e+03,1.404211303710937500e+03
0.000000000000000000e+00,-6.024989485740661621e-02,-1.539875268936157227e-01,1.832157000899314880e-02,1.063412785530090332e+00,5.863521248102188110e-02,4.275000000000000000e+03,4.387390136718750000e+03
1.764043420553207397e-01,-1.000000014901161194e-01,-3.686552941799163818e-01,-4.233244359493255615e-01,1.279425501823425293e+00,6.747363507747650146e-02,5.691000000000000000e+03,7.018766113281250000e+03
-1.500000059604644775e-01,2.514390051364898682e-01,-5.520080327987670898e-01,3.111580014228820801e-01,1.071505546569824219e+00,5.634592473506927490e-02,4.042000000000000000e+03,4.605728515625000000e+03
1.366542428731918335e-01,3.975010663270950317e-02,1.194082126021385193e-01,-5.869862064719200134e-02,1.032987475395202637e+00,5.753075703978538513e-02,4.335000000000000000e+03,4.375608398437500000e+03
-1.000000014901161194e-01,1.366542428731918335e-01,-4.569189250469207764e-02,-1.223029643297195435e-01,9.615061283111572266e-01,5.945244431495666504e-02,3.816000000000000000e+03,4.099565917968750000e+03
-1.000000014901161194e-01,2.514390051364898682e-01,1.233938187360763550e-01,2.326027452945709229e-01,1.182186007499694824e+00,6.003401800990104675e-02,4.766000000000000000e+03,4.935693359375000000e+03
-1.500000059604644775e-01,1.764043420553207397e-01,-9.607518464326858521e-02,6.944020986557006836e-01,1.108569264411926270e+00,6.858503818511962891e-02,3.741000000000000000e+03,4.529864257812500000e+03
0.000000000000000000e+00,9.482004493474960327e-02,-2.536118626594543457e-01,1.221564933657646179e-01,1.035504698753356934e+00,6.614406406879425049e-02,3.619000000000000000e+03,3.835605712890625000e+03
-3.151089549064636230e-01,-1.000000014901161194e-01,-2.987712621688842773e-01,2.600168287754058838e-01,1.088469386100769043e+00,5.659135431051254272e-02,4.166000000000000000e+03,4.611038085937500000e+03
-1.000000014901161194e-01,5.000000074505805969e-02,-3.325371444225311279e-02,3.413336351513862610e-02,1.242770671844482422e+00,5.988738685846328735e-02,4.661000000000000000e+03,4.675174804687500000e+03
-3.000000119209289551e-01,2.872454822063446045e-01,-9.742806851863861084e-02,9.357725828886032104e-02,8.248339891433715820e-01,7.355867326259613037e-02,2.233000000000000000e+03,2.484293457031250000e+03
-5.816580727696418762e-02,-4.499999880790710449e-01,6.839726120233535767e-02,-4.498342871665954590e-01,6.043122410774230957e-01,5.927046015858650208e-02,1.414000000000000000e+03,1.475223999023437500e+03
5.000000074505805969e-02,9.482004493474960327e-02,3.796820342540740967e-02,1.297899335622787476e-01,1.037309408187866211e+00,5.019113421440124512e-02,3.526000000000000000e+03,3.530453613281250000e+03
-5.816580727696418762e-02,2.514390051364898682e-01,2.349057048559188843e-02,1.666437834501266479e-01,1.258504509925842285e+00,6.160080060362815857e-02,4.808000000000000000e+03,4.849766113281250000e+03
5.000000074505805969e-02,9.482004493474960327e-02,1.336984485387802124e-01,2.189465463161468506e-01,5.139458179473876953e-01,9.519102424383163452e-02,1.925000000000000000e+03,2.085260253906250000e+03
4.482004791498184204e-02,0.000000000000000000e+00,-8.012215793132781982e-02,-8.916455507278442383e-02,8.750402927398681641e-01,6.823859363794326782e-02,3.510000000000000000e+03,3.616911132812500000e+03
-5.000000074505805969e-02,-2.641935050487518311e-01,1.080530509352684021e-01,-9.616779536008834839e-02,9.682118296623229980e-01,7.053195685148239136e-02,3.716000000000000000e+03,3.923866699218750000e+03
-5.000000000000000000e-01,3.221365213394165039e-01,-5.841454267501831055e-01,1.240761131048202515e-01,6.940036416053771973e-01,9.616277366876602173e-02,2.181000000000000000e+03,2.386240234375000000e+03
8.032695204019546509e-02,-1.618416309356689453e-01,2.130341678857803345e-01,2.772156000137329102e-01,1.248473644256591797e+00,6.300836056470870972e-02,4.765000000000000000e+03,5.389874023437500000e+03
-1.500000059604644775e-01,-3.000000119209289551e-01,-5.392560362815856934e-02,-7.396300137042999268e-02,1.093270540237426758e+00,6.911259889602661133e-02,4.318000000000000000e+03,4.533345703125000000e+03
-5.816580727696418762e-02,9.482004493474960327e-02,1.983289420604705811e-01,1.690727919340133667e-01,8.730754256248474121e-01,9.619010984897613525e-02,2.649000000000000000e+03,2.891106201171875000e+03
-1.102498918771743774e-01,-5.000000074505805969e-02,-5.140119791030883789e-01,-7.722005248069763184e-02,1.254007220268249512e+00,6.139197200536727905e-02,4.915000000000000000e+03,5.415132324218750000e+03
-3.000000119209289551e-01,-1.184162404388189316e-02,-6.811361759901046753e-02,-2.738751471042633057e-01,9.350622892379760742e-01,7.821919769048690796e-02,2.516000000000000000e+03,2.857598144531250000e+03
-1.500000059604644775e-01,-3.000000119209289551e-01,7.398951798677444458e-02,-2.536785304546356201e-01,9.895229935646057129e-01,7.210029661655426025e-02,3.552000000000000000e+03,3.739253906250000000e+03
-1.500000059604644775e-01,-4.000000059604644775e-01,-1.139279268682003021e-02,-4.586696922779083252e-01,7.649778127670288086e-01,7.034648209810256958e-02,2.284000000000000000e+03,2.371607910156250000e+03
-2.000000029802322388e-01,0.000000000000000000e+00,-1.327943801879882812e-01,-1.836586557328701019e-02,1.143769741058349609e+00,6.264389306306838989e-02,4.529000000000000000e+03,4.545684082031250000e+03
9.183419495820999146e-02,1.366542428731918335e-01,-2.256002426147460938e-01,9.884356707334518433e-02,1.161839604377746582e+00,5.887471139430999756e-02,4.608000000000000000e+03,4.950418945312500000e+03
7.971107959747314453e-02,6.379825472831726074e-01,1.702051311731338501e-01,4.205941557884216309e-01,8.021627068519592285e-01,7.803972810506820679e-02,2.348000000000000000e+03,2.546007812500000000e+03
-2.000000029802322388e-01,3.221365213394165039e-01,-9.980237483978271484e-02,7.666568160057067871e-01,1.096228003501892090e+00,5.926844105124473572e-02,4.587000000000000000e+03,5.351413574218750000e+03
1.366542428731918335e-01,3.975010663270950317e-02,-2.822694554924964905e-02,7.700092345476150513e-02,8.332291841506958008e-01,6.941736489534378052e-02,2.094000000000000000e+03,2.179398437500000000e+03
-2.131237089633941650e-01,1.764043420553207397e-01,-1.421149969100952148e-01,-2.159495204687118530e-01,1.160335779190063477e+00,5.849963799118995667e-02,4.620000000000000000e+03,5.150353027343750000e+03
3.221365213394165039e-01,2.514390051364898682e-01,7.165799140930175781e-01,1.688365638256072998e-01,9.150439500808715820e-01,7.297737151384353638e-02,3.063000000000000000e+03,3.634073730468750000e+03
2.145627290010452271e-01,-1.500000059604644775e-01,1.125809028744697571e-01,-6.586571782827377319e-02,1.226992368698120117e+00,6.269380450248718262e-02,4.571000000000000000e+03,4.623900390625000000e+03
-1.500000059604644775e-01,1.764043420553207397e-01,-2.067245990037918091e-01,3.554154038429260254e-01,5.380752682685852051e-01,9.685096889734268188e-02,1.513000000000000000e+03,1.692265747070312500e+03
-2.641935050487518311e-01,-3.499999940395355225e-01,-4.375599026679992676e-01,-1.354484856128692627e-01,8.831514120101928711e-01,8.130203932523727417e-02,3.297000000000000000e+03,3.611146240234375000e+03
2.514390051364898682e-01,2.145627290010452271e-01,1.835198402404785156e-01,3.047619760036468506e-01,6.838203072547912598e-01,8.269139379262924194e-02,2.314000000000000000e+03,2.376863281250000000e+03
0.000000000000000000e+00,1.735305190086364746e-01,8.683186024427413940e-02,2.253495305776596069e-01,1.234182596206665039e+00,6.028600409626960754e-02,3.964000000000000000e+03,3.990640380859375000e+03
-1.102498918771743774e-01,-5.000000074505805969e-02,-4.004551172256469727e-01,-5.469869375228881836e-01,1.103170514106750488e+00,6.828369200229644775e-02,3.966000000000000000e+03,4.986941894531250000e+03
5.000000074505805969e-02,-1.618416309356689453e-01,1.884136348962783813e-02,-4.024613276124000549e-02,1.076722264289855957e+00,5.827934667468070984e-02,3.911000000000000000e+03,3.963955078125000000e+03
2.872454822063446045e-01,1.316963285207748413e-01,1.151180118322372437e-01,-1.272245775908231735e-02,1.107784271240234375e+00,6.742043048143386841e-02,4.278000000000000000e+03,4.452467285156250000e+03
-2.500000000000000000e-01,-1.000000014901161194e-01,1.279893070459365845e-01,-6.247017905116081238e-02,1.257577300071716309e+00,5.815535783767700195e-02,4.559000000000000000e+03,4.967012695312500000e+03
1.289127171039581299e-01,8.489102870225906372e-02,1.093626469373703003e-01,1.050916314125061035e-01,5.418335199356079102e-01,6.313168257474899292e-02,1.557000000000000000e+03,1.561148803710937500e+03
-1.184162404388189316e-02,-2.000000029802322388e-01,-3.994882404804229736e-01,2.294331938028335571e-01,1.281909227371215820e+00,5.731786787509918213e-02,4.852000000000000000e+03,5.798037109375000000e+03
9.482004493474960327e-02,4.203528761863708496e-01,-1.239958629012107849e-01,4.037363827228546143e-01,9.817571043968200684e-01,6.087450310587882996e-02,3.827000000000000000e+03,4.015919433593750000e+03
-1.000000014901161194e-01,5.000000074505805969e-02,-2.111620754003524780e-01,2.101034671068191528e-01,8.934330940246582031e-01,8.297643065452575684e-02,2.954000000000000000e+03,3.093204345703125000e+03
-1.500000059604644775e-01,-1.000000014901161194e-01,-6.819801777601242065e-02,-2.144865393638610840e-01,1.116660118103027344e+00,6.501095741987228394e-02,4.005000000000000000e+03,4.068294433593750000e+03
3.218087181448936462e-02,1.366542428731918335e-01,-6.634970754384994507e-02,7.055997103452682495e-02,1.045450091361999512e+00,6.473728269338607788e-02,3.966000000000000000e+03,4.016871826171875000e+03
-5.000000074505805969e-02,-1.024989411234855652e-02,-3.528225049376487732e-02,-4.761051833629608154e-01,1.152582764625549316e+00,6.660430133342742920e-02,4.378000000000000000e+03,5.070146972656250000e+03
0.000000000000000000e+00,1.764043420553207397e-01,1.922688931226730347e-01,3.530772328376770020e-01,7.519658207893371582e-01,6.162411347031593323e-02,2.784000000000000000e+03,3.111266601562500000e+03
-4.000000059604644775e-01,-5.000000074505805969e-02,-2.810474932193756104e-01,-3.751358389854431152e-02,7.926241159439086914e-01,5.718891695141792297e-02,2.875000000000000000e+03,2.940047851562500000e+03
2.893136814236640930e-02,2.872454822063446045e-01,1.858126223087310791e-01,4.688369631767272949e-01,5.487099885940551758e-01,5.826605111360549927e-02,2.117000000000000000e+03,2.505849365234375000e+03
2.514390051364898682e-01,-1.688199937343597412e-01,4.377994835376739502e-01,-4.781158566474914551e-01,8.056485056877136230e-01,9.166722744703292847e-02,2.471000000000000000e+03,2.947431640625000000e+03
-2.500000000000000000e-01,-2.000000029802322388e-01,-2.520013749599456787e-01,-1.889540851116180420e-01,7.977293133735656738e-01,6.857178360223770142e-02,2.731000000000000000e+03,2.731535400390625000e+03
9.482004493474960327e-02,-1.141935139894485474e-01,3.149192929267883301e-01,-1.828759610652923584e-01,6.643938422203063965e-01,9.039529412984848022e-02,2.121000000000000000e+03,2.369346679687500000e+03
-5.000000074505805969e-02,2.132806330919265747e-01,-5.502101778984069824e-01,1.355766654014587402e-01,1.256386756896972656e+00,6.022851914167404175e-02,4.948000000000000000e+03,5.724381347656250000e+03
1.764043420553207397e-01,9.482004493474960327e-02,2.480302453041076660e-01,-3.892157971858978271e-01,1.273869991302490234e+00,6.006105989217758179e-02,5.180000000000000000e+03,5.919211914062500000e+03
2.145627290010452271e-01,-1.683409363031387329e-01,1.802754700183868408e-01,-3.490050733089447021e-01,1.104383826255798340e+00,5.652274191379547119e-02,4.447000000000000000e+03,4.569389160156250000e+03
-2.500000000000000000e-01,1.366542428731918335e-01,-3.503907918930053711e-01,-1.979385502636432648e-02,8.819868564605712891e-01,6.025328114628791809e-02,3.945000000000000000e+03,4.118582031250000000e+03
-7.859084010124206543e-02,4.545493423938751221e-01,-9.848685562610626221e-02,5.652599334716796875e-01,5.699604153633117676e-01,1.200728565454483032e-01,1.817000000000000000e+03,1.887088989257812500e+03
-5.000000074505805969e-02,4.183419048786163330e-02,-1.191211026161909103e-02,7.138483226299285889e-02,5.915645360946655273e-01,6.535990536212921143e-02,2.222000000000000000e+03,2.236748291015625000e+03
-3.499999940395355225e-01,2.555659413337707520e-02,-7.243857979774475098e-01,-1.400521695613861084e-01,9.848638176918029785e-01,6.256614625453948975e-02,3.715000000000000000e+03,4.334096679687500000e+03
5.000000074505805969e-02,-5.000000074505805969e-02,-1.202176213264465332e-01,4.645767062902450562e-02,1.206864714622497559e+00,7.397118210792541504e-02,4.456000000000000000e+03,4.572375976562500000e+03
8.815837651491165161e-02,-5.000000074505805969e-02,1.605904400348663330e-01,-7.300544530153274536e-02,1.255306720733642578e+00,6.283877789974212646e-02,4.300000000000000000e+03,4.315840820312500000e+03
-6.312371790409088135e-02,-2.500000000000000000e-01,1.213291063904762268e-01,-3.100812435150146484e-01,7.902134060859680176e-01,6.615623086690902710e-02,2.770000000000000000e+03,2.934212890625000000e+03
-7.005596160888671875e-02,0.000000000000000000e+00,-3.354719579219818115e-01,2.469002753496170044e-01,1.239641904830932617e+00,5.749156326055526733e-02,4.633000000000000000e+03,5.022032226562500000e+03
8.062653243541717529e-02,2.514390051364898682e-01,1.369509249925613403e-01,1.162250563502311707e-01,1.075662255287170410e+00,7.663217186927795410e-02,3.718000000000000000e+03,3.786412353515625000e+03
-1.000000014901161194e-01,-8.165807463228702545e-03,9.694315493106842041e-02,8.017220348119735718e-02,1.181248903274536133e+00,7.524726539850234985e-02,3.810000000000000000e+03,3.936383056640625000e+03
2.514390051364898682e-01,-6.000000238418579102e-01,3.835225850343704224e-02,-6.583787202835083008e-01,7.487869858741760254e-01,6.480642408132553101e-02,2.921000000000000000e+03,3.170508300781250000e+03
7.891271263360977173e-02,-4.000000059604644775e-01,5.384737998247146606e-02,-8.790062069892883301e-01,1.067044854164123535e+00,5.737321078777313232e-02,4.306000000000000000e+03,5.139338867187500000e+03
3.221365213394165039e-01,2.872454822063446045e-01,2.679187059402465820e-01,3.728576898574829102e-01,1.172423720359802246e+00,5.485679954290390015e-02,4.745000000000000000e+03,4.780555664062500000e+03
-3.000000119209289551e-01,2.872454822063446045e-01,-3.311545848846435547e-01,7.778766751289367676e-02,8.631277680397033691e-01,1.131193116307258606e-01,2.736000000000000000e+03,2.898197265625000000e+03
9.482004493474960327e-02,-3.499999940395355225e-01,5.073770880699157715e-03,-4.951065778732299805e-01,1.048269510269165039e+00,7.327771931886672974e-02,3.556000000000000000e+03,3.649487304687500000e+03
-5.000000074505805969e-02,-5.179951898753643036e-03,1.885798275470733643e-01,-1.244792342185974121e-01,1.071432828903198242e+00,6.285768002271652222e-02,4.228000000000000000e+03,4.485918457031250000e+03
1.764043420553207397e-01,-5.000000074505805969e-02,3.089761435985565186e-01,-4.448285996913909912e-01,1.086672067642211914e+00,6.408562511205673218e-02,3.788000000000000000e+03,4.326505859375000000e+03
3.221365213394165039e-01,3.409266844391822815e-02,1.611998230218887329e-01,-2.193023264408111572e-02,6.873041391372680664e-01,1.015266329050064087e-01,1.194000000000000000e+03,1.266492065429687500e+03
4.223684668540954590e-01,2.479487806558609009e-01,3.916622698307037354e-01,2.210284769535064697e-01,4.082898199558258057e-01,6.929027289152145386e-02,1.293000000000000000e+03,1.305894653320312500e+03
4.482004791498184204e-02,-3.000000119209289551e-01,1.829890459775924683e-01,1.544356942176818848e-01,1.058427095413208008e+00,5.637073889374732971e-02,4.421000000000000000e+03,5.273409667968750000e+03
2.112953811883926392e-01,-4.000000059604644775e-01,9.614703804254531860e-02,-3.235667943954467773e-02,7.410447001457214355e-01,6.258643418550491333e-02,2.818000000000000000e+03,3.540661865234375000e+03
-1.500000059604644775e-01,-1.000000014901161194e-01,-3.261528909206390381e-01,-5.156405642628669739e-02,5.718502402305603027e-01,6.693523377180099487e-02,2.075000000000000000e+03,2.281875000000000000e+03
9.482004493474960327e-02,-5.000000074505805969e-02,6.248617172241210938e-01,-1.257432848215103149e-01,1.120998859405517578e+00,6.461422890424728394e-02,4.508000000000000000e+03,5.491118652343750000e+03
8.409266918897628784e-02,0.000000000000000000e+00,5.662047266960144043e-01,-3.368868678808212280e-02,1.231102943420410156e+00,5.481464043259620667e-02,4.402000000000000000e+03,5.057055664062500000e+03
-1.000000014901161194e-01,2.872454822063446045e-01,1.210335940122604370e-01,2.582570612430572510e-01,1.127240657806396484e+00,6.455655395984649658e-02,4.376000000000000000e+03,4.545751953125000000e+03
-1.641935110092163086e-01,-2.683409452438354492e-01,-4.549024105072021484e-01,-2.087444812059402466e-02,1.140859246253967285e+00,6.857264041900634766e-02,3.975000000000000000e+03,4.408255371093750000e+03
-4.000000059604644775e-01,-1.000000014901161194e-01,-3.266249597072601318e-01,-6.533123087137937546e-03,1.106387138366699219e+00,6.144239008426666260e-02,3.884000000000000000e+03,3.928520019531250000e+03
2.145627290010452271e-01,-1.102498918771743774e-01,-1.434919834136962891e-01,-3.382070362567901611e-01,1.106168627738952637e+00,5.864384025335311890e-02,4.226000000000000000e+03,4.829071289062500000e+03
8.297842741012573242e-02,-1.641935110092163086e-01,1.649816781282424927e-01,-1.637279689311981201e-01,9.098296165466308594e-01,6.567095965147018433e-02,3.222000000000000000e+03,3.248177246093750000e+03
-1.500000059604644775e-01,9.482004493474960327e-02,-2.158527225255966187e-01,5.360134840011596680e-01,1.251054525375366211e+00,5.936276912689208984e-02,5.285000000000000000e+03,5.938807128906250000e+03
2.145627290010452271e-01,9.482004493474960327e-02,-8.582665771245956421e-02,-5.579871684312820435e-02,1.187558054924011230e+00,6.623341143131256104e-02,4.599000000000000000e+03,4.960903320312500000e+03
-2.696730494499206543e-01,-3.659073412418365479e-01,-2.680988013744354248e-01,-4.129445254802703857e-01,8.865007162094116211e-01,7.431449741125106812e-02,3.362000000000000000e+03,3.371490478515625000e+03
9.482004493474960327e-02,9.183419495820999146e-02,1.402347832918167114e-01,5.219273567199707031e-01,1.228635311126708984e+00,6.336100399494171143e-02,4.638000000000000000e+03,5.196243652343750000e+03
5.463197827339172363e-01,5.000000074505805969e-02,4.926939904689788818e-01,5.945400521159172058e-02,7.128751277923583984e-01,5.328442528843879700e-02,2.634000000000000000e+03,2.649369628906250000e+03
2.145627290010452271e-01,3.562291860580444336e-01,3.760575950145721436e-01,1.467146873474121094e-01,6.977180838584899902e-01,6.913654506206512451e-02,2.513000000000000000e+03,2.863482421875000000e+03
2.872454822063446045e-01,-1.500000059604644775e-01,5.058873891830444336e-01,-1.814358532428741455e-01,1.116971731185913086e+00,5.249423906207084656e-02,4.155000000000000000e+03,4.316178710937500000e+03
1.366542428731918335e-01,-2.641935050487518311e-01,1.947285383939743042e-01,-5.045327916741371155e-02,9.563252329826354980e-01,6.993863731622695923e-02,3.331000000000000000e+03,3.507481445312500000e+03
-2.641935050487518311e-01,3.815837576985359192e-02,-3.769380450248718262e-01,4.725582525134086609e-02,9.670814871788024902e-01,7.390597462654113770e-02,3.847000000000000000e+03,3.899553466796875000e+03
-2.500000000000000000e-01,-1.618416309356689453e-01,-1.327837705612182617e-01,6.866849213838577271e-02,8.771625757217407227e-01,5.750149115920066833e-02,3.564000000000000000e+03,3.867135498046875000e+03
2.514390051364898682e-01,4.545493423938751221e-01,1.401808112859725952e-01,2.053485512733459473e-01,1.139914751052856445e+00,6.258505582809448242e-02,4.141000000000000000e+03,4.374912597656250000e+03
-4.000000059604644775e-01,1.366542428731918335e-01,-3.440741300582885742e-01,1.814339905977249146e-01,5.626093149185180664e-01,5.397164076566696167e-02,1.513000000000000000e+03,1.537510009765625000e+03
-5.000000074505805969e-02,0.000000000000000000e+00,2.929111011326313019e-02,1.333102118223905563e-02,1.244650721549987793e+00,7.155364751815795898e-02,4.624000000000000000e+03,4.643378417968750000e+03
-1.500000059604644775e-01,-1.500000059604644775e-01,2.407544404268264771e-01,-3.553821742534637451e-01,1.180637478828430176e+00,6.240685284137725830e-02,4.948000000000000000e+03,5.619791503906250000e+03
-1.000000014901161194e-01,-4.000000059604644775e-01,-2.394762039184570312e-01,-1.241611018776893616e-01,7.145937085151672363e-01,7.119087874889373779e-02,2.134000000000000000e+03,2.517284667968750000e+03
5.000000074505805969e-02,2.514390051364898682e-01,1.839283108711242676e-01,1.749243587255477905e-01,1.186620354652404785e+00,5.954903736710548401e-02,4.557000000000000000e+03,4.633880859375000000e+03
-1.710686385631561279e-01,-5.816580727696418762e-02,1.516416817903518677e-01,1.399020701646804810e-01,1.241274356842041016e+00,6.385625898838043213e-02,4.140000000000000000e+03,4.516794433593750000e+03
-2.131237089633941650e-01,-2.500000000000000000e-01,5.275676026940345764e-02,-3.613779842853546143e-01,1.048038482666015625e+00,8.703935146331787109e-02,3.600000000000000000e+03,3.867514892578125000e+03
-5.000000074505805969e-02,-2.131237089633941650e-01,1.839248090982437134e-01,-6.152842640876770020e-01,1.017449140548706055e+00,9.580843150615692139e-02,3.635000000000000000e+03,4.362494628906250000e+03
-1.510896813124418259e-02,1.306265294551849365e-01,1.016140158753842115e-04,-4.216235876083374023e-02,1.130061388015747070e+00,6.095468625426292419e-02,4.417000000000000000e+03,4.520495117187500000e+03
-3.000000119209289551e-01,2.872454822063446045e-01,1.503867954015731812e-01,9.013862162828445435e-02,1.161298751831054688e+00,5.803899466991424561e-02,4.516000000000000000e+03,5.294412109375000000e+03
-3.499999940395355225e-01,-1.000000014901161194e-01,-1.755292415618896484e-01,9.698043763637542725e-02,9.708747267723083496e-01,8.444408327341079712e-02,3.142000000000000000e+03,3.369309082031250000e+03
0.000000000000000000e+00,5.000000074505805969e-02,2.779303491115570068e-01,1.984271854162216187e-01,1.099615454673767090e+00,6.472209095954895020e-02,4.177000000000000000e+03,4.512932128906250000e+03
2.514390051364898682e-01,5.000000074505805969e-02,3.572113811969757080e-01,1.776010394096374512e-01,8.094730973243713379e-01,9.372774511575698853e-02,2.117000000000000000e+03,2.204770019531250000e+03
-5.000000074505805969e-02,-5.000000074505805969e-02,-9.889268130064010620e-02,1.382669508457183838e-01,1.211164236068725586e+00,6.368870288133621216e-02,5.415000000000000000e+03,5.553627441406250000e+03
-1.000000014901161194e-01,2.514390051364898682e-01,5.422346293926239014e-02,1.369801014661788940e-01,1.199142456054687500e+00,6.824523210525512695e-02,4.759000000000000000e+03,4.880020507812500000e+03
-2.000000029802322388e-01,8.118000626564025879e-02,1.159461289644241333e-01,1.656391024589538574e-01,1.279304623603820801e+00,6.423024833202362061e-02,4.906000000000000000e+03,5.221162597656250000e+03
-8.165807463228702545e-03,2.514390051364898682e-01,1.794110536575317383e-01,4.184100329875946045e-01,8.286129832267761230e-01,7.800676673650741577e-02,3.023000000000000000e+03,3.294687744140625000e+03
1.329784244298934937e-01,3.213381767272949219e-01,-3.025182485580444336e-01,3.727746605873107910e-01,9.120666384696960449e-01,7.416567206382751465e-02,2.624000000000000000e+03,3.202709960937500000e+03
-1.500000059604644775e-01,-5.000000074505805969e-02,-3.272773921489715576e-01,4.202651679515838623e-01,1.244937419891357422e+00,6.337498873472213745e-02,4.318000000000000000e+03,4.998090332031250000e+03
9.183419495820999146e-02,1.366542428731918335e-01,8.947166800498962402e-02,1.678616702556610107e-01,4.403280913829803467e-01,9.682598710060119629e-02,1.030000000000000000e+03,1.035164306640625000e+03
-1.000000014901161194e-01,0.000000000000000000e+00,2.796922624111175537e-01,-4.551540613174438477e-01,1.250167250633239746e+00,6.181593239307403564e-02,5.420000000000000000e+03,6.584464355468750000e+03
-6.024989485740661621e-02,-3.499999940395355225e-01,-1.169110164046287537e-01,-1.559854298830032349e-01,8.063753843307495117e-01,6.978990137577056885e-02,2.064000000000000000e+03,2.191709228515625000e+03
5.000000074505805969e-02,-6.312371790409088135e-02,1.093038395047187805e-01,-3.784154355525970459e-01,1.101206183433532715e+00,5.918981879949569702e-02,3.750000000000000000e+03,4.062195068359375000e+03
-1.210686340928077698e-01,-3.499999940395355225e-01,-2.759612798690795898e-01,-6.806859374046325684e-01,9.927158951759338379e-01,5.266096815466880798e-02,3.986000000000000000e+03,4.508717285156250000e+03
-1.000000014901161194e-01,9.482004493474960327e-02,-1.716258376836776733e-01,-1.634480655193328857e-01,1.124469518661499023e+00,5.320990458130836487e-02,4.738000000000000000e+03,5.003035644531250000e+03
9.482004493474960327e-02,-2.131237089633941650e-01,-7.355181127786636353e-02,1.585006117820739746e-01,1.251067876815795898e+00,5.937669426202774048e-02,4.649000000000000000e+03,5.131779296875000000e+03
2.145627290010452271e-01,-2.000000029802322388e-01,2.749332487583160400e-01,1.179736256599426270e-01,1.164765954017639160e+00,6.786929070949554443e-02,3.849000000000000000e+03,4.141425781250000000e+03
-2.000000029802322388e-01,-5.000000074505805969e-02,-3.065267503261566162e-01,-4.032545257359743118e-03,1.158415555953979492e+00,6.040471047163009644e-02,4.001000000000000000e+03,4.040900878906250000e+03
4.862083792686462402e-01,-1.000000014901161194e-01,3.832413256168365479e-01,1.475341245532035828e-02,7.912843823432922363e-01,9.121896326541900635e-02,1.963000000000000000e+03,2.037027099609375000e+03
5.000000074505805969e-02,-1.000000014901161194e-01,2.750172615051269531e-01,3.876740932464599609e-01,1.167965173721313477e+00,6.533911079168319702e-02,4.017000000000000000e+03,4.829993652343750000e+03
-1.500000059604644775e-01,-1.183409467339515686e-01,2.510499767959117889e-02,1.107402667403221130e-01,1.175866723060607910e+00,5.572380870580673218e-02,4.906000000000000000e+03,5.196840820312500000e+03
1.316963285207748413e-01,2.514390051364898682e-01,9.898683428764343262e-02,-2.564772665500640869e-01,1.154451966285705566e+00,5.683502554893493652e-02,4.334000000000000000e+03,5.142042480468750000e+03
5.000000074505805969e-02,-1.618416309356689453e-01,-2.622372210025787354e-01,-1.788823008537292480e-01,1.249397993087768555e+00,6.043404340744018555e-02,5.336000000000000000e+03,5.664606933593750000e+03
0.000000000000000000e+00,-1.500000059604644775e-01,2.554510831832885742e-01,-1.476231515407562256e-01,1.278698682785034180e+00,5.906517803668975830e-02,5.113000000000000000e+03,5.314700195312500000e+03
-3.000000119209289551e-01,0.000000000000000000e+00,1.676258891820907593e-01,-3.501265496015548706e-02,1.092905521392822266e+00,7.237007468938827515e-02,4.197000000000000000e+03,4.939628906250000000e+03
-6.999999880790710449e-01,1.333444565534591675e-01,-7.854492664337158203e-01,-2.700192388147115707e-03,5.350217223167419434e-01,8.489051461219787598e-02,1.719000000000000000e+03,1.870908813476562500e+03
-2.000000029802322388e-01,-5.000000074505805969e-02,1.713913232088088989e-01,-1.899477541446685791e-01,1.149056673049926758e+00,5.839450284838676453e-02,4.616000000000000000e+03,5.152228515625000000e+03
1.715452671051025391e-01,-3.499999940395355225e-01,1.438084095716476440e-01,-3.099283277988433838e-01,7.429889440536499023e-01,6.339275836944580078e-02,2.541000000000000000e+03,2.551984130859375000e+03
-1.688199937343597412e-01,-1.500000059604644775e-01,-2.991856038570404053e-01,-2.913365960121154785e-01,9.948101043701171875e-01,7.525554299354553223e-02,3.745000000000000000e+03,3.883833740234375000e+03
-1.159073337912559509e-01,-3.499999940395355225e-01,-1.966564059257507324e-01,-1.541289687156677246e-01,9.245839118957519531e-01,2.106333523988723755e-01,1.819000000000000000e+03,1.913463867187500000e+03
0.000000000000000000e+00,1.366542428731918335e-01,6.436295807361602783e-02,-4.583134502172470093e-02,6.139517426490783691e-01,7.916478812694549561e-02,2.023000000000000000e+03,2.219779785156250000e+03
-5.000000074505805969e-02,1.764043420553207397e-01,-2.139406502246856689e-01,-6.383214890956878662e-02,1.100020051002502441e+00,5.737415328621864319e-02,4.749000000000000000e+03,5.075905761718750000e+03
1.366542428731918335e-01,1.366542428731918335e-01,3.660422861576080322e-01,2.062476873397827148e-01,1.239513874053955078e+00,6.067683920264244080e-02,4.458000000000000000e+03,4.623266113281250000e+03
-1.118416264653205872e-01,1.366542428731918335e-01,-2.641546726226806641e-01,1.627542078495025635e-01,1.091592311859130859e+00,6.227658316493034363e-02,4.963000000000000000e+03,5.062273437500000000e+03
1.764043420553207397e-01,-2.500000000000000000e-01,-3.851653039455413818e-01,-5.712436437606811523e-01,1.273917555809020996e+00,5.614313483238220215e-02,4.838000000000000000e+03,6.023458984375000000e+03
5.784529447555541992e-01,-1.678191274404525757e-01,8.958048224449157715e-01,-4.663917794823646545e-02,9.793576598167419434e-01,6.282868981361389160e-02,4.093000000000000000e+03,4.572247070312500000e+03
-2.000000029802322388e-01,2.145627290010452271e-01,-1.685274839401245117e-01,1.130438596010208130e-01,1.218154668807983398e+00,5.435389652848243713e-02,4.195000000000000000e+03,4.226805664062500000e+03
-2.000000029802322388e-01,-1.500000059604644775e-01,-2.265353500843048096e-01,-3.596326708793640137e-01,1.048195838928222656e+00,5.883815884590148926e-02,4.848000000000000000e+03,5.043543457031250000e+03
-5.816580727696418762e-02,2.145627290010452271e-01,-4.204667806625366211e-01,2.295871376991271973e-01,1.233269333839416504e+00,5.982833355665206909e-02,4.618000000000000000e+03,5.009108398437500000e+03
-1.672467887401580811e-01,3.858147561550140381e-01,-3.365878760814666748e-01,1.709871441125869751e-01,9.727090001106262207e-01,5.475135147571563721e-02,3.891000000000000000e+03,4.193194335937500000e+03
1.366542428731918335e-01,-2.131237089633941650e-01,2.132320106029510498e-01,-2.549477219581604004e-01,9.852390289306640625e-01,7.241468876600265503e-02,3.293000000000000000e+03,3.318852294921875000e+03
-1.500000059604644775e-01,-1.000000014901161194e-01,-6.650421023368835449e-02,-4.650314450263977051e-01,1.275058150291442871e+00,6.294555962085723877e-02,5.092000000000000000e+03,5.523252441406250000e+03
3.896152675151824951e-01,2.872454822063446045e-01,3.684209585189819336e-01,4.585890173912048340e-01,5.462826490402221680e-01,8.564992249011993408e-02,1.693000000000000000e+03,1.858359985351562500e+03
-1.312371436506509781e-02,0.000000000000000000e+00,9.889143705368041992e-02,-1.283490806818008423e-01,1.086874485015869141e+00,6.561116874217987061e-02,4.004000000000000000e+03,4.101773437500000000e+03
2.145627290010452271e-01,2.514390051364898682e-01,2.405901812016963959e-02,3.687424659729003906e-01,8.720882534980773926e-01,8.085145056247711182e-02,2.738000000000000000e+03,2.915534179687500000e+03
-1.000000014901161194e-01,-5.000000074505805969e-02,-4.661623835563659668e-01,-2.855577692389488220e-02,1.270971179008483887e+00,5.545398592948913574e-02,5.089000000000000000e+03,5.505430175781250000e+03
5.000000074505805969e-02,-1.000000014901161194e-01,9.113436192274093628e-02,-2.911594510078430176e-01,1.144381642341613770e+00,6.227711215615272522e-02,4.714000000000000000e+03,4.850559570312500000e+03
-3.000000119209289551e-01,1.764043420553207397e-01,-3.330576717853546143e-01,-4.225290566682815552e-02,1.057951569557189941e+00,6.792020797729492188e-02,4.158000000000000000e+03,4.338034667968750000e+03
5.000000074505805969e-02,0.000000000000000000e+00,4.045641794800758362e-02,6.221350282430648804e-02,4.482396245002746582e-01,9.383028000593185425e-02,1.881000000000000000e+03,1.917789306640625000e+03
-2.500000000000000000e-01,0.000000000000000000e+00,-2.453486919403076172e-01,-7.479508966207504272e-02,1.080346107482910156e+00,6.195196136832237244e-02,3.792000000000000000e+03,3.810205810546875000e+03
-1.000000014901161194e-01,-1.618416309356689453e-01,-1.187196969985961914e-01,-7.230422496795654297e-01,1.277171254158020020e+00,6.051184609532356262e-02,5.086000000000000000e+03,6.030714843750000000e+03
9.482004493474960327e-02,5.000000074505805969e-02,1.625335216522216797e-01,7.115345448255538940e-02,8.740063309669494629e-01,5.376758798956871033e-02,3.347000000000000000e+03,3.368938964843750000e+03
1.366542428731918335e-01,1.366542428731918335e-01,1.176972463726997375e-01,-2.687876224517822266e-01,8.845589756965637207e-01,6.651397794485092163e-02,3.482000000000000000e+03,4.184091796875000000e+03
9.482004493474960327e-02,1.764043420553207397e-01,-2.697628363966941833e-02,1.059900894761085510e-01,1.182326197624206543e+00,6.543467193841934204e-02,4.031000000000000000e+03,4.088038818359375000e+03
-5.000000074505805969e-02,-2.000000029802322388e-01,-3.986877575516700745e-02,-4.734579622745513916e-01,1.221964478492736816e+00,5.623064190149307251e-02,4.982000000000000000e+03,5.229195800781250000e+03
2.145627290010452271e-01,-5.196730494499206543e-01,1.929953545331954956e-01,-5.029387474060058594e-01,7.831715345382690430e-01,1.013273149728775024e-01,2.671000000000000000e+03,2.674279052734375000e+03
-1.631237119436264038e-01,-2.200559526681900024e-01,-5.212764739990234375e-01,-3.530156612396240234e-02,1.146354317665100098e+00,7.512667775154113770e-02,4.494000000000000000e+03,5.034911621093750000e+03
4.545493423938751221e-01,3.975010663270950317e-02,5.199444293975830078e-01,-2.457240372896194458e-01,8.357588648796081543e-01,6.850378215312957764e-02,3.202000000000000000e+03,3.584384033203125000e+03
5.000000074505805969e-02,0.000000000000000000e+00,-7.075100392103195190e-02,1.232593059539794922e-01,1.052915453910827637e+00,6.345503032207489014e-02,3.831000000000000000e+03,3.933052734375000000e+03
-4.678191244602203369e-01,1.684587076306343079e-02,-4.692948758602142334e-01,3.432392328977584839e-02,3.748368322849273682e-01,1.510683000087738037e-01,1.066000000000000000e+03,1.068313720703125000e+03
2.145627290010452271e-01,1.251469999551773071e-01,2.636307477951049805e-01,-2.384934574365615845e-02,5.726892948150634766e-01,7.778656482696533203e-02,2.569000000000000000e+03,2.758208984375000000e+03
-3.151089549064636230e-01,-2.659073472023010254e-01,-3.798049092292785645e-01,-4.046573042869567871e-01,4.867412745952606201e-01,1.076866835355758667e-01,1.536000000000000000e+03,1.684793945312500000e+03
-3.499999940395355225e-01,-3.151089549064636230e-01,-3.898206353187561035e-01,-5.050458312034606934e-01,5.573613047599792480e-01,9.465876966714859009e-02,1.701000000000000000e+03,1.901747558593750000e+03
-2.000000029802322388e-01,-5.000000074505805969e-02,1.184472739696502686e-01,4.048922955989837646e-01,1.265694975852966309e+00,5.870426818728446960e-02,5.377000000000000000e+03,6.372046386718750000e+03
3.975010663270950317e-02,-1.500000059604644775e-01,3.492631390690803528e-02,3.841988146305084229e-01,1.187717914581298828e+00,5.602283775806427002e-02,4.386000000000000000e+03,5.234821289062500000e+03
1.669811904430389404e-01,5.000000074505805969e-02,1.477861106395721436e-01,1.535831689834594727e-01,1.214830279350280762e+00,6.267021596431732178e-02,4.460000000000000000e+03,4.493419921875000000e+03
-5.000000074505805969e-02,-2.500000000000000000e-01,-4.570867121219635010e-02,-6.757516413927078247e-02,8.470206856727600098e-01,5.626153200864791870e-02,3.763000000000000000e+03,3.935748291015625000e+03
2.104970067739486694e-01,9.482004493474960327e-02,3.008561730384826660e-01,1.529150009155273438e-01,3.816229999065399170e-01,7.196411490440368652e-02,1.238000000000000000e+03,1.334149291992187500e+03
0.000000000000000000e+00,-1.500000059604644775e-01,-3.055285513401031494e-01,-4.878535866737365723e-01,1.260659933090209961e+00,6.084806844592094421e-02,5.435000000000000000e+03,6.123280761718750000e+03
-2.500000000000000000e-01,-2.000000029802322388e-01,6.815686076879501343e-02,-1.770649701356887817e-01,9.855110645294189453e-01,6.447522342205047607e-02,3.695000000000000000e+03,4.072524169921875000e+03
1.735305190086364746e-01,-1.184162404388189316e-02,5.740771889686584473e-01,-8.551753312349319458e-02,1.203812360763549805e+00,6.081049144268035889e-02,4.768000000000000000e+03,5.300312500000000000e+03
-3.000000119209289551e-01,-2.000000029802322388e-01,1.793489009141921997e-01,-2.877662479877471924e-01,1.187701702117919922e+00,6.159696355462074280e-02,4.471000000000000000e+03,5.196736816406250000e+03
2.872454822063446045e-01,9.482004493474960327e-02,2.184583097696304321e-01,3.822363018989562988e-01,8.443801999092102051e-01,5.478268861770629883e-02,2.944000000000000000e+03,3.294192382812500000e+03
9.482004493474960327e-02,2.438115030527114868e-01,2.158211171627044678e-01,9.777432680130004883e-02,9.556275010108947754e-01,6.734774261713027954e-02,3.209000000000000000e+03,3.334182617187500000e+03
-6.184162572026252747e-02,-3.499999940395355225e-01,-5.023095607757568359e-01,-3.241515457630157471e-01,1.093294978141784668e+00,6.177518889307975769e-02,4.225000000000000000e+03,4.887936523437500000e+03
2.514390051364898682e-01,-6.184162572026252747e-02,7.066778093576431274e-02,2.364270389080047607e-01,1.085229516029357910e+00,6.250355392694473267e-02,3.693000000000000000e+03,4.065732421875000000e+03
-3.151089549064636230e-01,1.366542428731918335e-01,-3.351407945156097412e-01,2.981316857039928436e-02,1.065812945365905762e+00,6.520295143127441406e-02,3.037000000000000000e+03,3.068545898437500000e+03
-4.499999880790710449e-01,-1.500000059604644775e-01,-6.079298257827758789e-01,-8.513869345188140869e-02,7.776019573211669922e-01,7.083721458911895752e-02,2.803000000000000000e+03,2.936468750000000000e+03
1.764043420553207397e-01,-1.024989411234855652e-02,7.643254399299621582e-01,-2.404294610023498535e-01,1.269494295120239258e+00,5.987166985869407654e-02,4.767000000000000000e+03,5.887586914062500000e+03
3.896152675151824951e-01,0.000000000000000000e+00,3.399249315261840820e-01,-1.076899692416191101e-01,1.129911065101623535e+00,6.201914697885513306e-02,4.081000000000000000e+03,4.125995605468750000e+03
2.514390051364898682e-01,2.514390051364898682e-01,3.546612560749053955e-01,7.714583724737167358e-02,5.358607769012451172e-01,9.545339643955230713e-02,1.991000000000000000e+03,2.266559570312500000e+03
2.132806330919265747e-01,2.514390051364898682e-01,3.123969733715057373e-01,7.153245806694030762e-02,1.230657100677490234e+00,6.146837770938873291e-02,5.277000000000000000e+03,5.423174316406250000e+03
-1.500000059604644775e-01,-1.500000059604644775e-01,-6.988535821437835693e-02,-4.763278365135192871e-01,9.353039264678955078e-01,6.269690394401550293e-02,3.764000000000000000e+03,4.235129394531250000e+03
4.482004791498184204e-02,-1.141935139894485474e-01,1.208787932991981506e-01,-6.960971951484680176e-01,1.169647097587585449e+00,6.893129646778106689e-02,4.740000000000000000e+03,5.875426269531250000e+03
-1.000000014901161194e-01,-2.651089727878570557e-01,-2.196380645036697388e-01,-6.455424427986145020e-01,1.082607626914978027e+00,6.104223430156707764e-02,3.869000000000000000e+03,4.378339843750000000e+03
5.000000074505805969e-02,-2.000000029802322388e-01,-7.306987047195434570e-02,1.374267786741256714e-01,9.698480367660522461e-01,6.568875908851623535e-02,3.346000000000000000e+03,3.791621582031250000e+03
0.000000000000000000e+00,4.482004791498184204e-02,1.727955415844917297e-02,-2.092421352863311768e-01,7.237745523452758789e-01,7.665973156690597534e-02,2.943000000000000000e+03,3.297228515625000000e+03
-2.500000000000000000e-01,-2.000000029802322388e-01,-3.242811262607574463e-01,-1.216520071029663086e-01,1.058706641197204590e+00,6.588666141033172607e-02,4.332000000000000000e+03,4.376997558593750000e+03
1.764043420553207397e-01,0.000000000000000000e+00,-4.303477406501770020e-01,7.170015480369329453e-03,1.242809176445007324e+00,5.547401309013366699e-02,4.685000000000000000e+03,5.749694824218750000e+03
2.145627290010452271e-01,3.562291860580444336e-01,6.320438385009765625e-01,5.784240961074829102e-01,1.012305378913879395e+00,5.477136746048927307e-02,4.026000000000000000e+03,4.865505859375000000e+03
2.122108340263366699e-01,0.000000000000000000e+00,9.491948783397674561e-02,4.188724756240844727e-01,1.274534225463867188e+00,6.580531597137451172e-02,4.730000000000000000e+03,5.266549804687500000e+03
-2.000000029802322388e-01,0.000000000000000000e+00,-1.205480098724365234e-01,1.068350858986377716e-02,1.279895544052124023e+00,6.021569296717643738e-02,3.930000000000000000e+03,3.945457275390625000e+03
-5.000000074505805969e-02,-1.102498918771743774e-01,-1.098221242427825928e-01,-6.267913579940795898e-01,1.100807905197143555e+00,6.471059471368789673e-02,4.084000000000000000e+03,4.954896972656250000e+03
1.366542428731918335e-01,-2.000000029802322388e-01,1.664087362587451935e-02,-5.067276954650878906e-01,7.285324335098266602e-01,7.447367906570434570e-02,2.803000000000000000e+03,3.351567382812500000e+03
-5.000000074505805969e-02,5.000000074505805969e-02,3.228501183912158012e-03,6.381921470165252686e-02,7.482591867446899414e-01,5.838201195001602173e-02,2.444000000000000000e+03,2.457146972656250000e+03
-6.000000238418579102e-01,2.647910453379154205e-02,-5.116930007934570312e-01,6.407910585403442383e-02,4.900336265563964844e-01,7.578728348016738892e-02,1.660000000000000000e+03,1.722956909179687500e+03
-1.631237119436264038e-01,2.145627290010452271e-01,8.626904338598251343e-02,4.385945796966552734e-01,1.120879888534545898e+00,6.154899671673774719e-02,4.316000000000000000e+03,4.694192382812500000e+03
-4.000000059604644775e-01,-2.000000029802322388e-01,-3.330806791782379150e-01,-1.686262339353561401e-01,1.137415766716003418e+00,5.550398677587509155e-02,4.472000000000000000e+03,4.490741210937500000e+03
-3.000000119209289551e-01,-6.926239281892776489e-02,-2.548582851886749268e-01,-5.939986929297447205e-02,1.135043501853942871e+00,6.617555022239685059e-02,4.285000000000000000e+03,4.292048828125000000e+03
2.473159283399581909e-01,-5.000000000000000000e-01,4.342967867851257324e-01,-3.886966407299041748e-01,9.427593946456909180e-01,5.830196663737297058e-02,4.095000000000000000e+03,4.310879394531250000e+03
2.872454822063446045e-01,0.000000000000000000e+00,3.102234601974487305e-01,4.595734179019927979e-02,1.067110419273376465e+00,5.978211760520935059e-02,3.694000000000000000e+03,3.702545410156250000e+03
3.221365213394165039e-01,9.482004493474960327e-02,2.742256820201873779e-01,-4.767082631587982178e-01,1.151306390762329102e+00,5.663491040468215942e-02,4.201000000000000000e+03,5.192260742187500000e+03
9.482004493474960327e-02,-1.500000059604644775e-01,5.183259248733520508e-01,-3.645962104201316833e-02,1.269283294677734375e+00,5.632824078202247620e-02,5.199000000000000000e+03,5.802954101562500000e+03
1.366542428731918335e-01,-3.000000119209289551e-01,5.763524770736694336e-02,-7.493010163307189941e-01,1.150560855865478516e+00,5.881981924176216125e-02,4.558000000000000000e+03,5.249255859375000000e+03
3.275320306420326233e-02,4.223684668540954590e-01,3.753935992717742920e-01,1.545064598321914673e-01,1.122585892677307129e+00,5.845008045434951782e-02,4.132000000000000000e+03,4.733006835937500000e+03
-2.500000000000000000e-01,5.000000074505805969e-02,-8.899591118097305298e-02,3.489132523536682129e-01,1.104448795318603516e+00,6.909531354904174805e-02,4.285000000000000000e+03,4.681572265625000000e+03
3.221365213394165039e-01,0.000000000000000000e+00,5.913517996668815613e-02,-1.021527592092752457e-02,1.055327892303466797e+00,6.393115967512130737e-02,3.469000000000000000e+03,3.681622802734375000e+03
-2.500000000000000000e-01,3.221365213394165039e-01,1.302320323884487152e-02,2.831120789051055908e-01,1.062128424644470215e+00,5.707695707678794861e-02,4.333000000000000000e+03,4.601102539062500000e+03
-5.000000074505805969e-02,3.489103168249130249e-02,-1.187803894281387329e-01,-1.831625699996948242e-01,7.790342569351196289e-01,6.598000228404998779e-02,2.730000000000000000e+03,2.960222167968750000e+03
5.000000074505805969e-02,-2.500000000000000000e-01,-3.477206453680992126e-02,1.762385070323944092e-01,1.153339505195617676e+00,6.218888983130455017e-02,3.603000000000000000e+03,4.097852539062500000e+03
0.000000000000000000e+00,-2.000000029802322388e-01,2.238163799047470093e-01,7.552510127425193787e-03,1.133937716484069824e+00,6.911523640155792236e-02,4.939000000000000000e+03,5.291529785156250000e+03
1.316963285207748413e-01,5.000000074505805969e-02,3.078968524932861328e-01,-3.125365376472473145e-01,1.227992057800292969e+00,5.819249898195266724e-02,5.230000000000000000e+03,5.779752441406250000e+03
5.173884034156799316e-01,8.687628805637359619e-02,6.694979667663574219e-01,-1.186139062047004700e-01,7.637009024620056152e-01,9.451504051685333252e-02,3.095000000000000000e+03,3.433694580078125000e+03
9.482004493474960327e-02,-1.000000014901161194e-01,-2.906123399734497070e-01,-4.214331209659576416e-01,1.242438197135925293e+00,5.890360474586486816e-02,4.795000000000000000e+03,5.550218750000000000e+03
1.764043420553207397e-01,1.366542428731918335e-01,-1.576634049415588379e-01,-1.095610260963439941e-01,8.943335413932800293e-01,8.270072937011718750e-02,2.573000000000000000e+03,3.103550537109375000e+03
1.764043420553207397e-01,4.535484611988067627e-01,1.439824998378753662e-01,2.522995769977569580e-01,7.108457684516906738e-01,9.302838891744613647e-02,2.237000000000000000e+03,2.417691406250000000e+03
0.000000000000000000e+00,-5.000000074505805969e-02,2.130398750305175781e-01,-7.808806747198104858e-02,1.240648508071899414e+00,5.881528183817863464e-02,4.838000000000000000e+03,4.981729980468750000e+03
2.145627290010452271e-01,-1.500000059604644775e-01,-3.340988457202911377e-01,-2.076693028211593628e-01,1.261230349540710449e+00,4.565080627799034119e-02,4.843000000000000000e+03,5.732559570312500000e+03
-2.500000000000000000e-01,5.000000074505805969e-02,-3.062098026275634766e-01,4.911971390247344971e-01,1.067761421203613281e+00,6.086549907922744751e-02,4.415000000000000000e+03,5.153517089843750000e+03
1.764043420553207397e-01,9.482004493474960327e-02,-6.928216665983200073e-02,-3.231205642223358154e-01,1.271463513374328613e+00,5.697428062558174133e-02,5.275000000000000000e+03,6.016347167968750000e+03
-5.000000074505805969e-02,-6.419350951910018921e-02,-2.579915821552276611e-01,7.230046391487121582e-02,1.002751827239990234e+00,7.329837232828140259e-02,2.835000000000000000e+03,3.007123046875000000e+03
-5.000000074505805969e-02,-1.000000014901161194e-01,2.980842590332031250e-01,-1.245068982243537903e-01,1.141923069953918457e+00,5.842005088925361633e-02,4.773000000000000000e+03,5.209229980468750000e+03
5.000000074505805969e-02,-2.500000000000000000e-01,7.868142798542976379e-03,-9.639697521924972534e-02,8.439796566963195801e-01,5.754240229725837708e-02,3.345000000000000000e+03,3.463407226562500000e+03
1.967435926198959351e-01,4.545493423938751221e-01,3.564343750476837158e-01,3.541047275066375732e-01,9.368921518325805664e-01,6.830354779958724976e-02,3.634000000000000000e+03,3.779767578125000000e+03
1.366542428731918335e-01,-5.000000074505805969e-02,1.751139461994171143e-01,1.316617578268051147e-01,8.540998697280883789e-01,7.422857731580734253e-02,2.988000000000000000e+03,3.127344970703125000e+03
9.482004493474960327e-02,-2.500000000000000000e-01,1.217825710773468018e-01,-2.457548230886459351e-01,8.543580174446105957e-01,6.137573719024658203e-02,2.346000000000000000e+03,2.348406494140625000e+03
-2.000000029802322388e-01,1.764043420553207397e-01,-2.064986228942871094e-01,-3.683122694492340088e-01,1.254984498023986816e+00,6.482581794261932373e-02,4.714000000000000000e+03,5.567025878906250000e+03
9.482004493474960327e-02,-1.118416264653205872e-01,6.820490956306457520e-02,-6.448171287775039673e-02,7.156028151512145996e-01,7.532128691673278809e-02,2.069000000000000000e+03,2.080912841796875000e+03
2.145627290010452271e-01,-2.131237089633941650e-01,4.236723184585571289e-01,-1.150774434208869934e-01,9.807331562042236328e-01,6.825415790081024170e-02,3.924000000000000000e+03,4.139235839843750000e+03
8.297842741012573242e-02,4.545493423938751221e-01,-1.604394167661666870e-01,6.147189736366271973e-01,9.535046219825744629e-01,6.384555250406265259e-02,4.366000000000000000e+03,4.765032226562500000e+03
-1.166139394044876099e-01,-4.499999880790710449e-01,-3.445114195346832275e-02,-4.574484527111053467e-01,1.022102117538452148e+00,6.553891301155090332e-02,3.810000000000000000e+03,3.834660888671875000e+03
-1.000000014901161194e-01,-2.000000029802322388e-01,8.214397728443145752e-02,1.310919672250747681e-01,1.271466135978698730e+00,5.887999013066291809e-02,5.259000000000000000e+03,5.713993652343750000e+03
9.482004493474960327e-02,-1.102498918771743774e-01,3.603574931621551514e-01,3.887291848659515381e-01,1.235607147216796875e+00,6.240369006991386414e-02,4.533000000000000000e+03,5.440216796875000000e+03
-1.500000059604644775e-01,0.000000000000000000e+00,-4.980617463588714600e-01,1.272792667150497437e-01,8.803179264068603516e-01,5.714785307645797729e-02,3.073000000000000000e+03,3.596765136718750000e+03
0.000000000000000000e+00,9.482004493474960327e-02,1.553839594125747681e-01,1.641351431608200073e-01,1.038372993469238281e+00,6.858296692371368408e-02,4.346000000000000000e+03,4.461771484375000000e+03
1.366542428731918335e-01,5.000000074505805969e-02,3.615738153457641602e-01,-4.296704232692718506e-01,1.223136663436889648e+00,6.028751283884048462e-02,4.897000000000000000e+03,5.779836425781250000e+03
8.687628805637359619e-02,4.223684668540954590e-01,1.287388950586318970e-01,6.031365990638732910e-01,9.931643009185791016e-01,1.007353812456130981e-01,2.927000000000000000e+03,3.028211669921875000e+03
9.482004493474960327e-02,0.000000000000000000e+00,3.038366734981536865e-01,5.536289215087890625e-01,1.206421375274658203e+00,6.093014404177665710e-02,4.958000000000000000e+03,6.093223632812500000e+03
-1.618416309356689453e-01,4.183419048786163330e-02,-6.545039266347885132e-02,1.498046666383743286e-01,1.147579431533813477e+00,7.052740454673767090e-02,4.183000000000000000e+03,4.249107421875000000e+03
8.687628805637359619e-02,-1.500000059604644775e-01,-2.227301746606826782e-01,-6.439629197120666504e-02,1.026766657829284668e+00,6.048841401934623718e-02,3.900000000000000000e+03,4.273143554687500000e+03
0.000000000000000000e+00,0.000000000000000000e+00,2.192787975072860718e-01,-2.485872507095336914e-01,1.176888942718505859e+00,6.052714958786964417e-02,4.394000000000000000e+03,4.736759277343750000e+03
5.000000074505805969e-02,-3.000000119209289551e-01,-1.243513226509094238e-01,-4.511424005031585693e-01,1.239669561386108398e+00,5.494353175163269043e-02,4.996000000000000000e+03,5.167740234375000000e+03
3.221365213394165039e-01,-1.781912706792354584e-02,5.178459882736206055e-01,1.103374958038330078e-01,1.169610857963562012e+00,6.112130358815193176e-02,5.198000000000000000e+03,5.404199707031250000e+03
2.145627290010452271e-01,2.514390051364898682e-01,3.585553169250488281e-01,2.457141727209091187e-01,4.894703924655914307e-01,7.630285620689392090e-02,1.830000000000000000e+03,1.985650390625000000e+03
-2.000000029802322388e-01,2.145627290010452271e-01,-2.042447477579116821e-01,1.187400594353675842e-01,8.668096065521240234e-01,7.680483907461166382e-02,3.162000000000000000e+03,3.200729736328125000e+03
-6.024989485740661621e-02,0.000000000000000000e+00,3.013948798179626465e-01,1.979433447122573853e-01,9.083135128021240234e-01,7.676386833190917969e-02,3.095000000000000000e+03,3.705248779296875000e+03
1.764043420553207397e-01,-3.499999940395355225e-01,-4.320864379405975342e-01,-4.798103868961334229e-01,1.216076016426086426e+00,6.482630223035812378e-02,4.244000000000000000e+03,5.299777343750000000e+03
-2.500000000000000000e-01,1.764043420553207397e-01,2.331223189830780029e-01,1.046251356601715088e-01,1.232073307037353516e+00,6.315076351165771484e-02,4.341000000000000000e+03,4.999346191406250000e+03
-5.816580727696418762e-02,9.482004493474960327e-02,-4.049434065818786621e-01,1.355313509702682495e-01,1.185750365257263184e+00,5.523396655917167664e-02,4.796000000000000000e+03,5.203923339843750000e+03
-6.024989485740661621e-02,4.545493423938751221e-01,9.772196412086486816e-02,5.406561493873596191e-01,7.938517928123474121e-01,8.721531927585601807e-02,2.610000000000000000e+03,2.742165283203125000e+03
-2.131237089633941650e-01,7.958556711673736572e-02,3.198525607585906982e-01,1.021731421351432800e-01,1.210147023200988770e+00,5.918556824326515198e-02,4.952000000000000000e+03,5.875264160156250000e+03
7.994404435157775879e-02,1.764043420553207397e-01,9.880020469427108765e-02,2.191531956195831299e-01,8.585748076438903809e-01,7.033739984035491943e-02,3.167000000000000000e+03,3.176456054687500000e+03
-5.000000074505805969e-02,-4.000000059604644775e-01,-2.385720014572143555e-01,-6.431663632392883301e-01,1.056598067283630371e+00,6.303786486387252808e-02,4.397000000000000000e+03,4.763059082031250000e+03
-1.500000059604644775e-01,5.000000074505805969e-02,-2.989671230316162109e-01,5.030568689107894897e-02,5.285643935203552246e-01,7.069031149148941040e-02,1.706000000000000000e+03,1.839078613281250000e+03
-1.102498918771743774e-01,-1.500000059604644775e-01,-3.829255998134613037e-01,-1.120551973581314087e-01,8.719736933708190918e-01,5.508063733577728271e-02,3.534000000000000000e+03,3.877756835937500000e+03
-1.500000059604644775e-01,-6.184162572026252747e-02,1.012728363275527954e-01,-1.101776808500289917e-01,1.274275422096252441e+00,6.560250371694564819e-02,5.166000000000000000e+03,5.372073242187500000e+03
-1.000000014901161194e-01,-5.000000074505805969e-02,-1.298834383487701416e-01,4.868871867656707764e-01,1.254115819931030273e+00,5.477070435881614685e-02,5.370000000000000000e+03,6.320182617187500000e+03
-4.499999880790710449e-01,-3.166139423847198486e-01,-3.822491168975830078e-01,-5.453203916549682617e-01,1.073187828063964844e+00,5.140580236911773682e-02,3.872000000000000000e+03,4.061190917968750000e+03
-2.000000029802322388e-01,4.545493423938751221e-01,-5.613101124763488770e-01,2.617951929569244385e-01,1.090870141983032227e+00,6.681449711322784424e-02,4.658000000000000000e+03,5.295298828125000000e+03
-1.500000059604644775e-01,3.221365213394165039e-01,-1.211200281977653503e-01,3.935582935810089111e-01,4.567474424839019775e-01,1.108297258615493774e-01,1.459000000000000000e+03,1.500202148437500000e+03
1.366542428731918335e-01,9.482004493474960327e-02,2.401315718889236450e-01,-1.451653838157653809e-01,6.449475884437561035e-01,7.697933912277221680e-02,2.011000000000000000e+03,2.330133544921875000e+03
-3.499999940395355225e-01,-1.102498918771743774e-01,-4.038120210170745850e-01,-5.634815245866775513e-02,1.191409111022949219e+00,5.870696529746055603e-02,4.168000000000000000e+03,4.184926269531250000e+03
-2.500000000000000000e-01,-2.131237089633941650e-01,1.897601485252380371e-01,-1.124900951981544495e-01,1.083004951477050781e+00,6.516713649034500122e-02,4.236000000000000000e+03,4.944575195312500000e+03
-1.500000059604644775e-01,-5.000000074505805969e-02,-1.508573144674301147e-01,-1.000380069017410278e-01,9.317222237586975098e-01,7.165973633527755737e-02,3.067000000000000000e+03,3.075822753906250000e+03
-3.000000119209289551e-01,3.165905550122261047e-02,-2.568156123161315918e-01,1.754490137100219727e-01,7.111953496932983398e-01,8.280931413173675537e-02,2.875000000000000000e+03,3.001501464843750000e+03
-2.651089727878570557e-01,-2.000000029802322388e-01,-2.354985773563385010e-01,-2.600825428962707520e-01,6.965835094451904297e-01,9.144798666238784790e-02,2.107000000000000000e+03,2.126529052734375000e+03
-1.500000059604644775e-01,-1.500000059604644775e-01,-4.823823571205139160e-01,1.180718392133712769e-01,1.093408465385437012e+00,5.875305831432342529e-02,4.233000000000000000e+03,4.858139160156250000e+03
3.221365213394165039e-01,5.000000074505805969e-02,2.646401524543762207e-01,-3.212683498859405518e-01,1.102085232734680176e+00,5.702473595738410950e-02,4.556000000000000000e+03,5.070760742187500000e+03
-1.000000014901161194e-01,1.366542428731918335e-01,-8.038443326950073242e-02,2.164691388607025146e-01,1.126667141914367676e+00,5.485001578927040100e-02,4.298000000000000000e+03,4.320801757812500000e+03
9.482004493474960327e-02,2.145627290010452271e-01,5.438907146453857422e-01,4.749315977096557617e-01,1.254248142242431641e+00,6.274937093257904053e-02,5.078000000000000000e+03,5.914755859375000000e+03
9.482004493474960327e-02,-1.000000014901161194e-01,3.374718129634857178e-01,-1.697135418653488159e-01,9.239297509193420410e-01,6.271822005510330200e-02,3.747000000000000000e+03,4.021741210937500000e+03
-4.499999880790710449e-01,9.482004493474960327e-02,-4.444949030876159668e-01,1.989227384328842163e-01,8.038738369941711426e-01,6.886757165193557739e-02,2.414000000000000000e+03,2.454399414062500000e+03
-3.210686445236206055e-01,4.183419048786163330e-02,-4.791609048843383789e-01,8.578450977802276611e-02,9.779996275901794434e-01,7.478988915681838989e-02,4.542000000000000000e+03,4.668628906250000000e+03
5.000000074505805969e-02,-2.000000029802322388e-01,3.268058225512504578e-02,-1.052340939640998840e-01,1.034337639808654785e+00,7.156131416559219360e-02,3.596000000000000000e+03,3.627237792968750000e+03
0.000000000000000000e+00,3.562291860580444336e-01,2.870198786258697510e-01,2.799122035503387451e-01,1.199066996574401855e+00,6.242214888334274292e-02,5.127000000000000000e+03,5.436802246093750000e+03
-4.166139364242553711e-01,3.562291860580444336e-01,-6.289473176002502441e-01,4.341210126876831055e-01,7.657832503318786621e-01,1.154109984636306763e-01,2.326000000000000000e+03,2.524684082031250000e+03
-5.000000000000000000e-01,-5.179951898753643036e-03,-5.309321284294128418e-01,-6.450519710779190063e-02,4.813161790370941162e-01,8.955007791519165039e-02,1.750000000000000000e+03,1.783714111328125000e+03
-5.000000074505805969e-02,-1.510896813124418259e-02,-5.890857800841331482e-02,-1.953955739736557007e-01,1.143977403640747070e+00,6.862641870975494385e-02,4.799000000000000000e+03,4.917791503906250000e+03
-1.500000059604644775e-01,3.275320306420326233e-02,-1.959183961153030396e-01,2.802921235561370850e-01,1.110934615135192871e+00,6.280215084552764893e-02,4.665000000000000000e+03,4.901226074218750000e+03
-3.159073293209075928e-01,2.872454822063446045e-01,-1.101755723357200623e-01,3.190112709999084473e-01,1.094087958335876465e+00,6.175374239683151245e-02,4.217000000000000000e+03,4.368020996093750000e+03
9.482004493474960327e-02,-5.000000074505805969e-02,1.460717171430587769e-01,-7.688953727483749390e-02,6.932619810104370117e-01,7.052694261074066162e-02,2.524000000000000000e+03,2.541600585937500000e+03
-3.499999940395355225e-01,1.764043420553207397e-01,-2.505457699298858643e-01,2.998835146427154541e-01,1.053022861480712891e+00,7.519733905792236328e-02,3.395000000000000000e+03,3.471272460937500000e+03
1.764043420553207397e-01,-1.666139364242553711e-01,4.587761461734771729e-01,-7.888493537902832031e-01,1.245184063911437988e+00,6.557795405387878418e-02,4.898000000000000000e+03,6.291505859375000000e+03
8.665423840284347534e-02,-2.500000000000000000e-01,-1.503352075815200806e-01,-4.554650783538818359e-01,8.110511898994445801e-01,6.531267613172531128e-02,2.900000000000000000e+03,3.320206542968750000e+03
2.514390051364898682e-01,-1.000000014901161194e-01,1.130527332425117493e-01,9.767352789640426636e-02,1.201375722885131836e+00,5.593507364392280579e-02,4.922000000000000000e+03,5.118339843750000000e+03
1.764043420553207397e-01,-1.000000014901161194e-01,3.465570509433746338e-01,2.288880795240402222e-01,1.240455508232116699e+00,5.567038431763648987e-02,4.888000000000000000e+03,5.314502441406250000e+03
1.735305190086364746e-01,5.000000074505805969e-02,-2.049801312386989594e-02,5.834777355194091797e-01,1.269541025161743164e+00,5.917171016335487366e-02,4.675000000000000000e+03,5.569683593750000000e+03
-1.131237149238586426e-01,2.145627290010452271e-01,-7.955439388751983643e-02,1.683069765567779541e-01,6.970120668411254883e-01,5.974120646715164185e-02,2.504000000000000000e+03,2.520828369140625000e+03
5.173884034156799316e-01,1.764043420553207397e-01,2.460120767354965210e-01,-1.853071898221969604e-02,9.684049487113952637e-01,5.835993215441703796e-02,3.762000000000000000e+03,4.197295410156250000e+03
5.000000074505805969e-02,-7.106862962245941162e-02,-1.423177272081375122e-01,1.046872325241565704e-02,7.933331131935119629e-01,1.017053127288818359e-01,2.396000000000000000e+03,2.559434814453125000e+03
2.132806330919265747e-01,-6.024989485740661621e-02,2.506504356861114502e-01,-4.503741487860679626e-02,1.089100718498229980e+00,5.617820098996162415e-02,3.991000000000000000e+03,3.996476806640625000e+03
-2.000000029802322388e-01,9.482004493474960327e-02,-4.275788664817810059e-01,1.392427235841751099e-01,1.122812271118164062e+00,5.362793803215026855e-02,4.179000000000000000e+03,4.355117187500000000e+03
-5.000000074505805969e-02,2.514390051364898682e-01,6.756176054477691650e-02,4.810743927955627441e-01,1.251123309135437012e+00,6.111615523695945740e-02,5.093000000000000000e+03,5.307636718750000000e+03
-4.000000059604644775e-01,-2.000000029802322388e-01,-3.818698823451995850e-01,1.964027993381023407e-03,8.429393172264099121e-01,6.533697992563247681e-02,2.756000000000000000e+03,2.913199707031250000e+03
0.000000000000000000e+00,1.764043420553207397e-01,-2.065167278051376343e-01,7.810128927230834961e-01,1.253579258918762207e+00,6.819358468055725098e-02,4.355000000000000000e+03,5.430214843750000000e+03
-1.500000059604644775e-01,2.514390051364898682e-01,8.091791719198226929e-02,-4.161138087511062622e-02,1.246643543243408203e+00,6.310193240642547607e-02,4.615000000000000000e+03,5.019392578125000000e+03
-5.000000074505805969e-02,-2.000000029802322388e-01,1.773705035448074341e-01,-3.335870504379272461e-01,1.261246442794799805e+00,5.940284952521324158e-02,5.265000000000000000e+03,5.492966308593750000e+03
-2.131237089633941650e-01,-5.000000074505805969e-02,-2.173437774181365967e-01,-3.239855170249938965e-02,9.123805165290832520e-01,8.183698356151580811e-02,2.811000000000000000e+03,2.812125244140625000e+03
-3.000000119209289551e-01,2.080634087324142456e-01,-2.625747025012969971e-01,2.234321981668472290e-01,6.041751503944396973e-01,1.070563122630119324e-01,2.479000000000000000e+03,2.490048339843750000e+03
3.562291860580444336e-01,-1.118416264653205872e-01,7.119404673576354980e-01,3.658264577388763428e-01,1.090480208396911621e+00,6.393823027610778809e-02,4.022000000000000000e+03,5.153020996093750000e+03
-1.000000014901161194e-01,-2.500000000000000000e-01,-1.023133024573326111e-01,-4.554682970046997070e-01,1.051095008850097656e+00,5.969902127981185913e-02,4.088000000000000000e+03,4.243041015625000000e+03
-5.816580727696418762e-02,-5.000000074505805969e-02,4.014064967632293701e-01,-9.722404181957244873e-02,9.679841995239257812e-01,6.852127611637115479e-02,3.675000000000000000e+03,4.473463867187500000e+03
-2.000000029802322388e-01,0.000000000000000000e+00,-3.119928240776062012e-01,-4.078243970870971680e-01,9.541195034980773926e-01,6.253828853368759155e-02,3.664000000000000000e+03,4.354816406250000000e+03
4.183419048786163330e-02,5.000000074505805969e-02,2.245702296495437622e-01,-5.515185743570327759e-02,7.114852070808410645e-01,5.348825827240943909e-02,2.390000000000000000e+03,2.595898437500000000e+03
3.221365213394165039e-01,-2.131237089633941650e-01,4.490162730216979980e-01,-3.779727593064308167e-02,9.919928908348083496e-01,6.377862393856048584e-02,4.059000000000000000e+03,4.250276367187500000e+03
9.482004493474960327e-02,2.514390051364898682e-01,1.752145141363143921e-01,1.329070031642913818e-01,4.461405277252197266e-01,1.409290283918380737e-01,9.710000000000000000e+02,1.068602905273437500e+03
2.145627290010452271e-01,-5.000000074505805969e-02,1.605228930711746216e-01,1.314831897616386414e-02,1.209150195121765137e+00,6.771629303693771362e-02,4.356000000000000000e+03,4.376608886718750000e+03
-2.000000029802322388e-01,-5.179951898753643036e-03,-2.157387882471084595e-01,-2.557948604226112366e-02,1.255617022514343262e+00,6.072349101305007935e-02,3.790000000000000000e+03,3.791593994140625000e+03
-2.500000000000000000e-01,1.366542428731918335e-01,-6.011472344398498535e-01,-8.041688054800033569e-02,1.100867867469787598e+00,7.819878309965133667e-02,3.766000000000000000e+03,4.279280761718750000e+03
-2.000000029802322388e-01,0.000000000000000000e+00,-2.385192513465881348e-01,-3.864023387432098389e-01,1.114593267440795898e+00,6.149152293801307678e-02,4.260000000000000000e+03,4.762753906250000000e+03
5.481259822845458984e-01,-2.683409452438354492e-01,3.891707360744476318e-01,-4.657701551914215088e-01,6.882170438766479492e-01,2.783210873603820801e-01,2.182000000000000000e+03,2.469252197265625000e+03
1.366542428731918335e-01,1.764043420553207397e-01,-1.684106737375259399e-01,5.514243841171264648e-01,1.264612913131713867e+00,6.375496089458465576e-02,4.918000000000000000e+03,5.614480957031250000e+03
-1.000000014901161194e-01,5.000000074505805969e-02,-3.351376056671142578e-01,6.470985710620880127e-02,1.034873008728027344e+00,5.987708270549774170e-02,4.073000000000000000e+03,4.281346191406250000e+03
-3.499999940395355225e-01,-3.151089549064636230e-01,-6.428652405738830566e-01,-2.115861922502517700e-01,1.009774327278137207e+00,6.963793933391571045e-02,3.287000000000000000e+03,3.591208496093750000e+03
-3.659073412418365479e-01,8.687628805637359619e-02,1.052414253354072571e-01,-3.994281589984893799e-01,1.244714617729187012e+00,6.493309885263442993e-02,4.414000000000000000e+03,5.645670898437500000e+03
8.580648899078369141e-02,2.514390051364898682e-01,5.598309040069580078e-01,2.401577085256576538e-01,1.091144919395446777e+00,6.221822276711463928e-02,4.164000000000000000e+03,4.920319824218750000e+03
9.183419495820999146e-02,4.482004791498184204e-02,3.569440916180610657e-03,-2.972332537174224854e-01,1.179564237594604492e+00,7.120348513126373291e-02,4.593000000000000000e+03,4.997172363281250000e+03
3.221365213394165039e-01,-5.000000074505805969e-02,3.372928202152252197e-01,-2.766769193112850189e-02,1.089058279991149902e+00,6.666252762079238892e-02,4.441000000000000000e+03,4.443778808593750000e+03
1.764043420553207397e-01,-5.000000074505805969e-02,2.070223242044448853e-01,4.976071044802665710e-02,1.276244521141052246e+00,5.777779966592788696e-02,3.807000000000000000e+03,3.832268554687500000e+03
2.872454822063446045e-01,-5.000000074505805969e-02,2.400729060173034668e-01,2.814401388168334961e-01,1.193170785903930664e+00,5.539903044700622559e-02,4.812000000000000000e+03,5.184086914062500000e+03
-2.000000029802322388e-01,-4.000000059604644775e-01,-2.779935300350189209e-01,-3.260011076927185059e-01,7.933701872825622559e-01,7.975112646818161011e-02,2.680000000000000000e+03,2.728932128906250000e+03
1.329784244298934937e-01,8.815837651491165161e-02,-1.977043449878692627e-01,-2.998709976673126221e-01,1.055306553840637207e+00,6.903915107250213623e-02,3.545000000000000000e+03,4.332708496093750000e+03
-1.500000059604644775e-01,1.270009279251098633e-01,2.752294242382049561e-01,3.617598414421081543e-01,1.264731407165527344e+00,6.333494931459426880e-02,5.098000000000000000e+03,5.825509765625000000e+03
1.306265294551849365e-01,-1.000000014901161194e-01,5.437228083610534668e-01,-1.476995795965194702e-01,1.257925152778625488e+00,5.988207831978797913e-02,4.582000000000000000e+03,5.069508300781250000e+03
8.975010365247726440e-02,0.000000000000000000e+00,-3.684241557493805885e-03,-2.304495275020599365e-01,1.187610387802124023e+00,4.875789582729339600e-02,4.703000000000000000e+03,4.906632324218750000e+03
-5.000000074505805969e-02,3.221365213394165039e-01,5.615668371319770813e-02,2.259345501661300659e-01,7.891333699226379395e-01,6.328670680522918701e-02,2.615000000000000000e+03,2.700708496093750000e+03
9.482004493474960327e-02,2.145627290010452271e-01,5.055055767297744751e-02,-5.741412192583084106e-02,1.233766794204711914e+00,5.685066804289817810e-02,4.997000000000000000e+03,5.243676269531250000e+03
-2.000000029802322388e-01,-3.000000119209289551e-01,-1.704559177160263062e-01,-2.176760137081146240e-01,1.026335358619689941e+00,6.127868965268135071e-02,3.451000000000000000e+03,3.475953857421875000e+03
-1.500000059604644775e-01,-4.000000059604644775e-01,-1.146721392869949341e-01,-5.858732461929321289e-01,1.031723976135253906e+00,5.790786445140838623e-02,3.865000000000000000e+03,3.993976318359375000e+03
0.000000000000000000e+00,2.145627290010452271e-01,2.560354769229888916e-01,3.234635666012763977e-02,1.076342344284057617e+00,6.342673301696777344e-02,4.398000000000000000e+03,4.765718750000000000e+03
-6.781912595033645630e-02,4.195592999458312988e-01,-1.827413588762283325e-01,2.663977742195129395e-01,6.058816313743591309e-01,7.034514099359512329e-02,1.615000000000000000e+03,1.772741577148437500e+03
2.145627290010452271e-01,5.000000074505805969e-02,1.714322268962860107e-01,-1.612047106027603149e-01,5.997934341430664062e-01,8.000154793262481689e-02,1.835000000000000000e+03,2.065579101562500000e+03
1.366542428731918335e-01,1.345701515674591064e-01,3.555699950084090233e-03,-3.020872473716735840e-01,1.251950383186340332e+00,6.265691667795181274e-02,4.421000000000000000e+03,4.991850097656250000e+03
-6.024989485740661621e-02,2.514390051364898682e-01,1.877927035093307495e-01,3.062485754489898682e-01,1.229549288749694824e+00,6.278988718986511230e-02,4.976000000000000000e+03,5.185705566406250000e+03
1.366542428731918335e-01,1.366542428731918335e-01,5.724975466728210449e-02,8.565921336412429810e-02,1.261613368988037109e+00,6.530091166496276855e-02,4.993000000000000000e+03,5.020984863281250000e+03
5.000000074505805969e-02,-1.500000059604644775e-01,1.114021837711334229e-01,-1.275670528411865234e-01,1.225124120712280273e+00,5.529693141579627991e-02,3.909000000000000000e+03,3.920034667968750000e+03
9.482004493474960327e-02,-3.499999940395355225e-01,1.216053441166877747e-01,-5.385766029357910156e-01,1.133471488952636719e+00,6.366404145956039429e-02,4.570000000000000000e+03,4.698231445312500000e+03
-2.188199907541275024e-01,4.545493423938751221e-01,-5.576528310775756836e-01,7.071468830108642578e-01,1.022221446037292480e+00,6.482047587633132935e-02,3.900000000000000000e+03,4.542644531250000000e+03
2.145627290010452271e-01,-6.590732932090759277e-02,1.327540129423141479e-01,-2.768862247467041016e-01,9.441170692443847656e-01,7.464449107646942139e-02,3.599000000000000000e+03,3.803288574218750000e+03
-4.499999880790710449e-01,5.000000074505805969e-02,-6.948799490928649902e-01,-2.217185497283935547e-01,9.782386422157287598e-01,5.979967489838600159e-02,3.687000000000000000e+03,4.187584960937500000e+03
1.764043420553207397e-01,9.482004493474960327e-02,5.732673406600952148e-01,-1.900593936443328857e-01,1.250435590744018555e+00,5.902730673551559448e-02,4.638000000000000000e+03,5.322950683593750000e+03
0.000000000000000000e+00,0.000000000000000000e+00,7.109987735748291016e-02,-5.999128520488739014e-02,8.309414386749267578e-01,6.452289968729019165e-02,2.813000000000000000e+03,2.848101074218750000e+03
0.000000000000000000e+00,1.366542428731918335e-01,-3.509150817990303040e-02,4.567228853702545166e-01,1.024037599563598633e+00,6.769496947526931763e-02,3.776000000000000000e+03,4.140278808593750000e+03
-1.118416264653205872e-01,-3.000000119209289551e-01,6.549890339374542236e-02,-2.792567312717437744e-01,8.936094045639038086e-01,6.644854694604873657e-02,3.330000000000000000e+03,3.461363525390625000e+03
-3.000000119209289551e-01,-3.499999940395355225e-01,-3.250285685062408447e-01,-3.419886231422424316e-01,7.639958858489990234e-01,6.556108593940734863e-02,2.650000000000000000e+03,2.653160644531250000e+03
2.514390051364898682e-01,5.000000074505805969e-02,1.471172273159027100e-01,-4.790221154689788818e-02,9.350878000259399414e-01,6.159842014312744141e-02,3.986000000000000000e+03,4.078749023437500000e+03
-5.000000000000000000e-01,-1.000000014901161194e-01,-5.834441184997558594e-01,4.986327514052391052e-02,1.016948223114013672e+00,6.125943362712860107e-02,3.754000000000000000e+03,3.860012939453125000e+03
-2.500000000000000000e-01,1.366542428731918335e-01,-2.734011709690093994e-01,1.399648785591125488e-01,1.085948467254638672e+00,6.206935271620750427e-02,3.735000000000000000e+03,3.736809326171875000e+03
-1.500000059604644775e-01,9.482004493474960327e-02,3.301575779914855957e-01,1.770597547292709351e-01,1.271467566490173340e+00,6.161967292428016663e-02,5.140000000000000000e+03,5.870707519531250000e+03
-5.000000074505805969e-02,3.489103168249130249e-02,-2.626185715198516846e-01,-6.361723691225051880e-02,6.289849281311035156e-01,7.850673049688339233e-02,1.995000000000000000e+03,2.263784912109375000e+03
-1.500000059604644775e-01,9.482004493474960327e-02,-2.348921298980712891e-01,2.782413661479949951e-01,8.966779708862304688e-01,6.690803915262222290e-02,3.680000000000000000e+03,3.864464843750000000e+03
-5.179951898753643036e-03,-2.000000029802322388e-01,-3.918690979480743408e-01,-2.613538801670074463e-01,1.273260712623596191e+00,6.175988912582397461e-02,4.927000000000000000e+03,5.382988769531250000e+03
-2.000000029802322388e-01,-2.000000029802322388e-01,-6.715235859155654907e-02,-3.016221821308135986e-01,8.049939274787902832e-01,6.594343483448028564e-02,3.202000000000000000e+03,3.339155029296875000e+03
-1.000000014901161194e-01,1.764043420553207397e-01,-2.560088038444519043e-01,1.468626856803894043e-01,5.952355265617370605e-01,8.958471566438674927e-02,1.951000000000000000e+03,2.087762939453125000e+03
2.872454822063446045e-01,0.000000000000000000e+00,5.255472064018249512e-01,3.879767656326293945e-01,1.185593962669372559e+00,7.255543023347854614e-02,4.563000000000000000e+03,5.214162597656250000e+03
-3.000000119209289551e-01,1.366542428731918335e-01,-1.587816327810287476e-01,8.115431293845176697e-03,7.148955464363098145e-01,6.305218487977981567e-02,2.623000000000000000e+03,2.806869384765625000e+03
-1.500000059604644775e-01,1.366542428731918335e-01,-2.924914099276065826e-02,2.186568230390548706e-01,9.648275971412658691e-01,6.493299454450607300e-02,3.696000000000000000e+03,3.780214355468750000e+03
-2.500000000000000000e-01,5.000000074505805969e-02,-1.563265025615692139e-01,-1.224815249443054199e-01,1.281090617179870605e+00,7.142336666584014893e-02,4.606000000000000000e+03,4.713175781250000000e+03
1.366542428731918335e-01,2.145627290010452271e-01,6.420820020139217377e-03,8.680122345685958862e-02,5.438209176063537598e-01,8.700794726610183716e-02,1.937000000000000000e+03,2.149822265625000000e+03
1.366542428731918335e-01,1.764043420553207397e-01,1.949581354856491089e-01,-4.464207962155342102e-02,1.245035648345947266e+00,5.803555250167846680e-02,5.012000000000000000e+03,5.179251953125000000e+03
1.764043420553207397e-01,5.000000074505805969e-02,2.506425082683563232e-01,1.369276195764541626e-01,1.065951824188232422e+00,6.741659343242645264e-02,3.614000000000000000e+03,3.655425048828125000e+03
-1.692623943090438843e-01,-3.151089549064636230e-01,-1.664671897888183594e-01,-3.431763648986816406e-01,4.806273281574249268e-01,1.064432933926582336e-01,1.311000000000000000e+03,1.315513671875000000e+03
-7.500000000000000000e-01,1.764043420553207397e-01,-6.675662398338317871e-01,1.098608747124671936e-01,8.695287108421325684e-01,9.452285617589950562e-02,2.618000000000000000e+03,2.656679687500000000e+03
5.000000074505805969e-02,-2.000000029802322388e-01,1.659156680107116699e-01,-1.086977794766426086e-01,1.235171556472778320e+00,6.012536957859992981e-02,4.677000000000000000e+03,4.743758300781250000e+03
0.000000000000000000e+00,-3.499999940395355225e-01,2.392717264592647552e-02,-4.076062142848968506e-01,4.937068521976470947e-01,8.207926899194717407e-02,1.693000000000000000e+03,1.719978271484375000e+03
-3.678191304206848145e-01,4.223684668540954590e-01,-4.277091845870018005e-02,3.071574568748474121e-01,1.059320449829101562e+00,5.780785158276557922e-02,3.708000000000000000e+03,4.091501220703125000e+03
3.896152675151824951e-01,9.482004493474960327e-02,2.876390218734741211e-01,-1.245881691575050354e-01,8.264183402061462402e-01,6.124788150191307068e-02,3.182000000000000000e+03,3.449192138671875000e+03
-2.000000029802322388e-01,-1.000000014901161194e-01,-1.587078273296356201e-01,-8.621902018785476685e-02,1.149926304817199707e+00,5.703650042414665222e-02,3.985000000000000000e+03,3.990769042968750000e+03
2.145627290010452271e-01,-2.000000029802322388e-01,1.400637030601501465e-01,-2.612011730670928955e-01,9.214859008789062500e-01,5.746934562921524048e-02,3.165000000000000000e+03,3.199554931640625000e+03
-1.672467887401580811e-01,2.145627290010452271e-01,-4.115738570690155029e-01,6.778519749641418457e-01,1.232579112052917480e+00,5.528287962079048157e-02,4.829000000000000000e+03,5.667620117187500000e+03
1.764043420553207397e-01,1.282061040401458740e-01,-1.047155484557151794e-01,1.945700049400329590e-01,1.274025559425354004e+00,5.916950851678848267e-02,5.254000000000000000e+03,5.521402832031250000e+03
3.221365213394165039e-01,-1.590733230113983154e-02,6.652883887290954590e-01,-4.997719079256057739e-02,1.018995165824890137e+00,5.531410872936248779e-02,4.249000000000000000e+03,4.723369628906250000e+03
2.514390051364898682e-01,-4.672468006610870361e-01,1.154726147651672363e-01,-2.144506573677062988e-01,9.177141785621643066e-01,7.109065353870391846e-02,2.632000000000000000e+03,2.883823974609375000e+03
2.145627290010452271e-01,-2.500000000000000000e-01,1.826131716370582581e-02,1.042104139924049377e-02,1.154891848564147949e+00,5.499185621738433838e-02,4.384000000000000000e+03,4.727479980468750000e+03
-2.000000029802322388e-01,2.872454822063446045e-01,-3.007724285125732422e-01,5.567941069602966309e-01,7.794288992881774902e-01,8.871217817068099976e-02,2.685000000000000000e+03,3.039839111328125000e+03
0.000000000000000000e+00,3.221365213394165039e-01,-7.177136093378067017e-02,8.625223487615585327e-02,9.960356950759887695e-01,7.752181589603424072e-02,3.196000000000000000e+03,3.389120361328125000e+03
2.145627290010452271e-01,-2.500000000000000000e-01,1.092041060328483582e-01,-3.610252439975738525e-01,1.094009757041931152e+00,5.273899435997009277e-02,4.837000000000000000e+03,4.930893066406250000e+03
9.482004493474960327e-02,-5.000000074505805969e-02,-2.299377471208572388e-01,-3.443542122840881348e-01,1.212770342826843262e+00,5.990023538470268250e-02,5.119000000000000000e+03,5.767263183593750000e+03
3.665424138307571411e-02,5.784529447555541992e-01,-1.060852780938148499e-01,5.114803910255432129e-01,5.378832817077636719e-01,9.278653562068939209e-02,1.539000000000000000e+03,1.668784545898437500e+03
1.764043420553207397e-01,9.482004493474960327e-02,2.926086485385894775e-01,-2.082405611872673035e-02,1.166701912879943848e+00,5.435507372021675110e-02,4.936000000000000000e+03,5.033268066406250000e+03
1.366542428731918335e-01,-1.500000059604644775e-01,1.428280621767044067e-01,-5.281661152839660645e-01,1.164297342300415039e+00,5.764212086796760559e-02,4.536000000000000000e+03,5.003235839843750000e+03
-4.000000059604644775e-01,9.482004493474960327e-02,-4.449054300785064697e-01,3.634085059165954590e-01,9.252880215644836426e-01,7.352335751056671143e-02,3.051000000000000000e+03,3.310502441406250000e+03
1.366542428731918335e-01,-1.102498918771743774e-01,5.680938959121704102e-01,-8.198642730712890625e-02,1.087788701057434082e+00,6.467927992343902588e-02,3.821000000000000000e+03,4.404890136718750000e+03
3.562291860580444336e-01,0.000000000000000000e+00,3.887484371662139893e-01,1.471024751663208008e-01,7.299258708953857422e-01,7.174021005630493164e-02,3.222000000000000000e+03,3.357786132812500000e+03
1.366542428731918335e-01,-1.102498918771743774e-01,1.430003046989440918e-01,4.827160388231277466e-02,1.275819778442382812e+00,6.179209426045417786e-02,4.673000000000000000e+03,4.745027343750000000e+03
3.221365213394165039e-01,-1.500000059604644775e-01,1.683284789323806763e-01,-2.025769352912902832e-01,8.009575009346008301e-01,6.285119801759719849e-02,3.052000000000000000e+03,3.176468261718750000e+03
3.896152675151824951e-01,-2.500000000000000000e-01,4.083579778671264648e-01,-2.399110943078994751e-01,5.018923282623291016e-01,8.084872364997863770e-02,1.210000000000000000e+03,1.212192504882812500e+03
-1.000000014901161194e-01,5.000000074505805969e-02,-2.256289571523666382e-01,-1.409807335585355759e-02,1.044298887252807617e+00,6.538132578134536743e-02,4.143000000000000000e+03,4.218058105468750000e+03
-1.184162404388189316e-02,-3.000000119209289551e-01,-2.989857196807861328e-01,3.333415091037750244e-02,9.993972778320312500e-01,6.818003207445144653e-02,3.475000000000000000e+03,4.120474609375000000e+03
-2.000000029802322388e-01,-1.631237119436264038e-01,1.742892116308212280e-01,-1.973551660776138306e-01,1.014204978942871094e+00,6.541541218757629395e-02,3.801000000000000000e+03,4.307218750000000000e+03
1.688351184129714966e-01,-5.683409571647644043e-01,1.327326893806457520e-01,-4.894001483917236328e-01,1.055781841278076172e+00,5.616132542490959167e-02,3.653000000000000000e+03,3.677550292968750000e+03
-1.500000059604644775e-01,1.764043420553207397e-01,-6.807853579521179199e-01,3.391100466251373291e-01,1.231356739997863770e+00,5.720553547143936157e-02,4.796000000000000000e+03,5.731118164062500000e+03
-5.000000074505805969e-02,9.482004493474960327e-02,3.340499997138977051e-01,-2.125575840473175049e-01,1.211606383323669434e+00,5.762931704521179199e-02,4.871000000000000000e+03,5.646917480468750000e+03
1.366542428731918335e-01,-1.618416309356689453e-01,-3.391085565090179443e-01,-3.159861266613006592e-01,1.227019906044006348e+00,4.924132674932479858e-02,5.009000000000000000e+03,5.812935058593750000e+03
-1.000000014901161194e-01,-5.179951898753643036e-03,1.936052888631820679e-01,2.881184220314025879e-01,8.084924817085266113e-01,6.909934431314468384e-02,2.643000000000000000e+03,3.302994628906250000e+03
-1.172467991709709167e-01,-6.000000238418579102e-01,-3.297100663185119629e-01,-5.897623300552368164e-01,5.531610846519470215e-01,6.415123492479324341e-02,1.740000000000000000e+03,1.989256103515625000e+03
-2.500000000000000000e-01,9.482004493474960327e-02,1.138138771057128906e-01,3.705190494656562805e-02,1.206995964050292969e+00,5.862620472908020020e-02,4.871000000000000000e+03,5.314325195312500000e+03
1.366542428731918335e-01,5.000000074505805969e-02,4.919657111167907715e-01,-2.432932108640670776e-01,1.216104745864868164e+00,5.915256217122077942e-02,4.947000000000000000e+03,5.634308105468750000e+03
3.221365213394165039e-01,-1.024989411234855652e-02,2.620708644390106201e-01,1.772344671189785004e-02,1.232635021209716797e+00,5.536167323589324951e-02,4.950000000000000000e+03,4.964239257812500000e+03
4.545493423938751221e-01,1.597903966903686523e-01,1.775290071964263916e-02,3.184936344623565674e-01,1.170421123504638672e+00,5.769467353820800781e-02,4.194000000000000000e+03,4.832466308593750000e+03
-2.500000000000000000e-01,0.000000000000000000e+00,-5.886529088020324707e-01,8.696459233760833740e-02,1.233412027359008789e+00,5.519732087850570679e-02,4.993000000000000000e+03,5.387627441406250000e+03
3.028741478919982910e-01,4.862083792686462402e-01,1.220648810267448425e-01,5.354695916175842285e-01,8.347696065902709961e-01,6.693375110626220703e-02,3.106000000000000000e+03,3.260901367187500000e+03
8.169633150100708008e-02,-2.500000000000000000e-01,-5.912225320935249329e-02,-2.900042235851287842e-01,4.880954921245574951e-01,6.304645538330078125e-02,1.341000000000000000e+03,1.459004638671875000e+03
9.482004493474960327e-02,2.145627290010452271e-01,-1.573342084884643555e-02,1.329271197319030762e-01,1.006781458854675293e+00,6.585354357957839966e-02,3.008000000000000000e+03,3.063777099609375000e+03
9.482004493474960327e-02,1.764043420553207397e-01,1.468656659126281738e-01,1.749286949634552002e-01,1.284835100173950195e+00,6.038455292582511902e-02,4.176000000000000000e+03,4.182869628906250000e+03
-1.000000014901161194e-01,-2.500000000000000000e-01,2.648775577545166016e-01,-2.196517139673233032e-01,1.230546593666076660e+00,5.913256481289863586e-02,4.343000000000000000e+03,4.720343750000000000e+03
1.366542428731918335e-01,5.000000074505805969e-02,6.611561179161071777e-01,-3.198674023151397705e-01,1.181470394134521484e+00,5.737161636352539062e-02,4.729000000000000000e+03,6.048567382812500000e+03
-2.000000029802322388e-01,-5.000000074505805969e-02,-2.451092749834060669e-01,2.074030339717864990e-01,1.274394512176513672e+00,5.680542439222335815e-02,4.987000000000000000e+03,5.194892089843750000e+03
3.221365213394165039e-01,-2.500000000000000000e-01,3.004259169101715088e-01,-2.904714047908782959e-01,5.189114809036254883e-01,9.138327836990356445e-02,1.272000000000000000e+03,1.281986083984375000e+03
-5.000000074505805969e-02,5.000000074505805969e-02,-4.467523097991943359e-01,-3.398438096046447754e-01,1.026020288467407227e+00,6.647426635026931763e-02,4.443000000000000000e+03,5.677973632812500000e+03
5.000000074505805969e-02,-4.000000059604644775e-01,2.759546339511871338e-01,-3.765753805637359619e-01,1.053757071495056152e+00,5.972301214933395386e-02,4.242000000000000000e+03,4.436737792968750000e+03
4.482004791498184204e-02,3.896152675151824951e-01,-9.650752879679203033e-03,5.454806685447692871e-01,1.072491288185119629e+00,6.162124499678611755e-02,3.636000000000000000e+03,3.721788330078125000e+03
-6.312371790409088135e-02,-3.499999940395355225e-01,2.288150787353515625e-01,-3.073211312294006348e-01,1.225477337837219238e+00,5.862361192703247070e-02,5.111000000000000000e+03,5.402526855468750000e+03
-2.000000029802322388e-01,3.896152675151824951e-01,-5.981474518775939941e-01,1.545697450637817383e-01,1.053697109222412109e+00,6.757647544145584106e-02,3.987000000000000000e+03,4.724818847656250000e+03
-3.499999940395355225e-01,3.221365213394165039e-01,-3.182530701160430908e-01,2.672625482082366943e-01,8.935865759849548340e-01,6.310432404279708862e-02,3.441000000000000000e+03,3.458252929687500000e+03
-1.000000014901161194e-01,5.000000074505805969e-02,1.268568076193332672e-02,2.149370759725570679e-01,1.062110066413879395e+00,5.549803376197814941e-02,4.382000000000000000e+03,4.535313476562500000e+03
2.514390051364898682e-01,1.764043420553207397e-01,4.250707328319549561e-01,2.392491102218627930e-01,8.998330831527709961e-01,5.050989240407943726e-02,3.944000000000000000e+03,4.108412597656250000e+03
-3.000000119209289551e-01,-5.000000074505805969e-02,-1.462827622890472412e-01,4.971520900726318359e-01,1.217415213584899902e+00,5.967900902032852173e-02,4.731000000000000000e+03,5.717513183593750000e+03
-3.000000119209289551e-01,-1.700559556484222412e-01,-3.265047371387481689e-01,-1.426479518413543701e-01,8.297079801559448242e-01,5.794046819210052490e-02,3.260000000000000000e+03,3.266923828125000000e+03
1.366542428731918335e-01,2.514390051364898682e-01,5.141317378729581833e-03,2.362014204263687134e-01,6.458401083946228027e-01,7.268347591161727905e-02,2.390000000000000000e+03,2.489631347656250000e+03
-1.024989411234855652e-02,4.516172409057617188e-01,-3.439905494451522827e-02,3.795211017131805420e-01,8.257425427436828613e-01,6.655851006507873535e-02,3.766000000000000000e+03,3.798000488281250000e+03
-5.000000000000000000e-01,-6.024989485740661621e-02,-6.226295232772827148e-01,6.948143243789672852e-02,6.155980229377746582e-01,8.250069618225097656e-02,2.584000000000000000e+03,2.797279785156250000e+03
-6.184162572026252747e-02,-2.500000000000000000e-01,-1.087970361113548279e-01,-6.830859929323196411e-03,1.261987328529357910e+00,6.113995984196662903e-02,4.404000000000000000e+03,4.571973632812500000e+03
-2.500000000000000000e-01,-2.641935050487518311e-01,-4.701826870441436768e-01,-7.666528224945068359e-02,1.036089539527893066e+00,7.331125438213348389e-02,3.364000000000000000e+03,3.621842529296875000e+03
2.494537532329559326e-01,-2.000000029802322388e-01,1.753504276275634766e-01,-3.638401925563812256e-01,1.076466560363769531e+00,5.834076553583145142e-02,4.768000000000000000e+03,4.900074707031250000e+03
2.872454822063446045e-01,-3.000000119209289551e-01,4.687619209289550781e-02,-2.187463939189910889e-01,7.846123576164245605e-01,8.474412560462951660e-02,2.729000000000000000e+03,3.007826416015625000e+03
-2.500000000000000000e-01,-2.500000000000000000e-01,5.059029441326856613e-03,-1.481900364160537720e-01,9.402416944503784180e-01,6.247732043266296387e-02,3.568000000000000000e+03,3.866322021484375000e+03
3.221365213394165039e-01,-2.500000000000000000e-01,5.681807398796081543e-01,-2.641412913799285889e-01,1.046642065048217773e+00,6.334782391786575317e-02,4.034000000000000000e+03,4.255269531250000000e+03
-4.000000059604644775e-01,-3.000000119209289551e-01,-3.220421075820922852e-01,-1.829318702220916748e-01,8.404943943023681641e-01,5.674904957413673401e-02,2.979000000000000000e+03,3.062052978515625000e+03
4.482004791498184204e-02,-2.659073472023010254e-01,1.902047991752624512e-01,-3.336593210697174072e-01,1.167217254638671875e+00,5.326183885335922241e-02,4.500000000000000000e+03,4.584734863281250000e+03
5.000000074505805969e-02,3.221365213394165039e-01,4.239332973957061768e-01,4.908882975578308105e-01,1.028046250343322754e+00,6.756144762039184570e-02,4.201000000000000000e+03,4.847834472656250000e+03
-1.000000014901161194e-01,1.366542428731918335e-01,-5.563387870788574219e-01,6.009402871131896973e-01,1.287628650665283203e+00,5.952011421322822571e-02,4.825000000000000000e+03,5.998369628906250000e+03
1.764043420553207397e-01,-2.000000029802322388e-01,1.535234004259109497e-01,-7.502762973308563232e-02,7.716668248176574707e-01,9.590689092874526978e-02,2.725000000000000000e+03,2.798547363281250000e+03
-2.000000029802322388e-01,-1.000000014901161194e-01,3.478948175907135010e-01,-4.354813694953918457e-01,1.278240442276000977e+00,6.094468757510185242e-02,4.596000000000000000e+03,5.701092285156250000e+03
1.764043420553207397e-01,-5.000000074505805969e-02,1.141273006796836853e-01,5.757597684860229492e-01,1.230760216712951660e+00,6.031556427478790283e-02,4.552000000000000000e+03,5.680116699218750000e+03
2.145627290010452271e-01,8.975010365247726440e-02,2.031067609786987305e-01,2.454876601696014404e-01,6.188310980796813965e-01,6.802187860012054443e-02,1.968000000000000000e+03,2.091501464843750000e+03
-1.500000059604644775e-01,-5.000000074505805969e-02,5.306419357657432556e-02,-4.381648898124694824e-01,1.273442268371582031e+00,6.144060194492340088e-02,4.829000000000000000e+03,5.385546875000000000e+03
5.000000074505805969e-02,-3.000000119209289551e-01,-9.059610962867736816e-02,-3.164362534880638123e-02,8.850355148315429688e-01,5.650433525443077087e-02,3.629000000000000000e+03,4.042297119140625000e+03
-2.131237089633941650e-01,-2.000000029802322388e-01,-2.769478559494018555e-01,2.833759784698486328e-01,9.912555813789367676e-01,6.894452124834060669e-02,3.633000000000000000e+03,4.471111816406250000e+03
-1.500000059604644775e-01,-2.000000029802322388e-01,-5.711580440402030945e-02,1.899932324886322021e-01,9.105066657066345215e-01,5.788698047399520874e-02,3.267000000000000000e+03,3.873838867187500000e+03
-2.000000029802322388e-01,5.000000074505805969e-02,3.833579644560813904e-02,3.187558427453041077e-02,1.132655978202819824e+00,6.100373342633247375e-02,4.228000000000000000e+03,4.414034179687500000e+03
-8.165807463228702545e-03,-1.000000014901161194e-01,-5.929602310061454773e-02,1.281019151210784912e-01,8.922315835952758789e-01,6.221940368413925171e-02,3.119000000000000000e+03,3.329813720703125000e+03
2.145627290010452271e-01,2.872454822063446045e-01,-1.971318870782852173e-01,3.435159847140312195e-02,1.139108777046203613e+00,6.310471892356872559e-02,4.348000000000000000e+03,5.100266601562500000e+03
1.764043420553207397e-01,-1.702157594263553619e-02,-2.022791504859924316e-01,-3.414946049451828003e-02,9.257434010505676270e-01,6.347241997718811035e-02,3.177000000000000000e+03,3.690756591796875000e+03
-2.500000000000000000e-01,-1.000000014901161194e-01,-5.067182183265686035e-01,-2.055063247680664062e-01,1.021411657333374023e+00,5.836807936429977417e-02,4.135000000000000000e+03,4.435491699218750000e+03
-2.000000029802322388e-01,5.000000074505805969e-02,-3.851191699504852295e-01,2.568313293159008026e-02,7.790192365646362305e-01,6.673273444175720215e-02,2.473000000000000000e+03,2.613374023437500000e+03
3.975010663270950317e-02,-2.500000000000000000e-01,-7.007914781570434570e-02,-7.669026851654052734e-01,1.228999495506286621e+00,6.314554065465927124e-02,4.954000000000000000e+03,5.833858398437500000e+03
2.145627290010452271e-01,-3.499999940395355225e-01,4.055362045764923096e-01,-2.677012979984283447e-01,1.182115554809570312e+00,5.745577812194824219e-02,4.748000000000000000e+03,4.893518066406250000e+03
2.145627290010452271e-01,2.097904086112976074e-01,1.587833017110824585e-01,1.523883640766143799e-01,4.376477301120758057e-01,1.140348389744758606e-01,1.179000000000000000e+03,1.218109130859375000e+03
-2.696730494499206543e-01,0.000000000000000000e+00,2.004758417606353760e-01,-1.414570510387420654e-01,1.249015092849731445e+00,5.259397998452186584e-02,5.332000000000000000e+03,6.128465820312500000e+03
-2.500000000000000000e-01,9.482004493474960327e-02,-2.632603943347930908e-01,-1.132841929793357849e-01,8.951911330223083496e-01,5.804419890046119690e-02,4.320000000000000000e+03,4.551169921875000000e+03
-1.151089668273925781e-01,-2.000000029802322388e-01,1.447290182113647461e-02,2.305589318275451660e-01,1.270312786102294922e+00,6.334487348794937134e-02,4.736000000000000000e+03,5.312789550781250000e+03
-3.499999940395355225e-01,5.000000074505805969e-02,-3.137540817260742188e-01,2.547912597656250000e-01,1.126567482948303223e+00,6.608237326145172119e-02,4.757000000000000000e+03,4.917645507812500000e+03
3.896152675151824951e-01,-1.166139394044876099e-01,6.086198687553405762e-01,-5.474614351987838745e-02,1.086169719696044922e+00,6.119493395090103149e-02,3.178000000000000000e+03,3.316343750000000000e+03
-4.000000059604644775e-01,7.971107959747314453e-02,-5.148727297782897949e-01,3.661373853683471680e-01,8.327230215072631836e-01,6.490276008844375610e-02,3.082000000000000000e+03,3.492461914062500000e+03
-1.131237149238586426e-01,2.872454822063446045e-01,1.370627880096435547e-01,6.200584173202514648e-01,1.159122467041015625e+00,5.504107475280761719e-02,4.239000000000000000e+03,4.769583984375000000e+03
-2.500000000000000000e-01,-5.000000074505805969e-02,1.474357992410659790e-01,-3.216807544231414795e-02,1.287272095680236816e+00,6.182925030589103699e-02,4.815000000000000000e+03,5.264354980468750000e+03
0.000000000000000000e+00,-2.131237089633941650e-01,-1.694803237915039062e-01,-2.915230393409729004e-01,1.230922460556030273e+00,5.643543228507041931e-02,5.259000000000000000e+03,5.379671875000000000e+03
1.764043420553207397e-01,-1.000000014901161194e-01,2.068041414022445679e-01,-1.582853794097900391e-01,6.102628707885742188e-01,1.306262314319610596e-01,1.291000000000000000e+03,1.305940795898437500e+03
1.366542428731918335e-01,-2.500000000000000000e-01,1.893065422773361206e-01,-5.649791359901428223e-01,1.083719134330749512e+00,7.422310858964920044e-02,4.616000000000000000e+03,5.008613281250000000e+03
3.896152675151824951e-01,-2.000000029802322388e-01,5.391985774040222168e-01,-2.481793612241744995e-01,6.018956899642944336e-01,7.927700877189636230e-02,1.994000000000000000e+03,2.127543212890625000e+03
0.000000000000000000e+00,4.545493423938751221e-01,-2.664319574832916260e-01,4.170750677585601807e-01,8.971968889236450195e-01,6.323800235986709595e-02,3.389000000000000000e+03,3.687223388671875000e+03
5.000000074505805969e-02,-5.000000074505805969e-02,-6.611889600753784180e-02,-2.692060172557830811e-01,1.126457095146179199e+00,6.640598177909851074e-02,4.166000000000000000e+03,4.365400390625000000e+03
-2.000000029802322388e-01,-1.500000059604644775e-01,-2.957589030265808105e-01,-2.073519974946975708e-01,1.261258959770202637e+00,5.768273398280143738e-02,5.022000000000000000e+03,5.061426269531250000e+03
3.221365213394165039e-01,0.000000000000000000e+00,6.119009256362915039e-01,1.972819566726684570e-01,1.049893379211425781e+00,6.672710925340652466e-02,3.560000000000000000e+03,3.946468505859375000e+03
2.514390051364898682e-01,-5.000000074505805969e-02,3.306581377983093262e-01,-5.860882401466369629e-01,1.231317162513732910e+00,6.421859562397003174e-02,4.122000000000000000e+03,4.887653808593750000e+03
-1.000000014901161194e-01,-2.500000000000000000e-01,-1.697284728288650513e-01,-8.604350686073303223e-02,1.075439929962158203e+00,6.662789732217788696e-02,3.539000000000000000e+03,3.635769531250000000e+03
-5.000000074505805969e-02,3.221365213394165039e-01,2.840990126132965088e-01,3.824208378791809082e-01,1.226828217506408691e+00,5.787101760506629944e-02,5.025000000000000000e+03,5.403410156250000000e+03
-2.000000029802322388e-01,9.482004493474960327e-02,-1.225804015994071960e-01,2.964379191398620605e-01,8.076941370964050293e-01,6.063752248883247375e-02,2.726000000000000000e+03,2.917956298828125000e+03
2.145627290010452271e-01,1.764043420553207397e-01,-7.019945979118347168e-02,-4.282586649060249329e-02,9.968734979629516602e-01,4.865490645170211792e-02,4.073000000000000000e+03,4.586794921875000000e+03
-2.000000029802322388e-01,1.694074422121047974e-01,-4.787230864167213440e-02,-9.263717383146286011e-02,1.264793038368225098e+00,5.553162097930908203e-02,5.236000000000000000e+03,5.531765625000000000e+03
-1.312371436506509781e-02,-1.000000014901161194e-01,4.673377424478530884e-02,-1.524534672498703003e-01,5.545753240585327148e-01,8.355249464511871338e-02,1.794000000000000000e+03,1.830691650390625000e+03
-5.000000074505805969e-02,3.221365213394165039e-01,-4.035288989543914795e-01,5.235807299613952637e-01,1.248968720436096191e+00,5.151030048727989197e-02,5.045000000000000000e+03,5.566780761718750000e+03
1.366542428731918335e-01,1.366542428731918335e-01,1.234721466898918152e-01,6.434331834316253662e-02,1.220173716545104980e+00,7.478499412536621094e-02,4.035000000000000000e+03,4.049618164062500000e+03
-2.183409482240676880e-01,4.545493423938751221e-01,-3.000139594078063965e-01,3.398191034793853760e-01,7.313234210014343262e-01,6.444655358791351318e-02,2.918000000000000000e+03,3.024942138671875000e+03
-2.000000029802322388e-01,-1.024989411234855652e-02,-3.759075403213500977e-01,3.968656808137893677e-02,1.276933193206787109e+00,6.162930652499198914e-02,5.234000000000000000e+03,5.341048339843750000e+03
3.975010663270950317e-02,2.503692209720611572e-01,1.969667710363864899e-02,1.821525394916534424e-01,7.484364509582519531e-01,5.894667282700538635e-02,2.725000000000000000e+03,2.749457763671875000e+03
1.764043420553207397e-01,2.145627290010452271e-01,3.489533960819244385e-01,1.223959922790527344e-01,1.208970069885253906e+00,5.913179367780685425e-02,4.686000000000000000e+03,4.807573730468750000e+03
-1.151089668273925781e-01,2.514390051364898682e-01,7.874276489019393921e-03,4.248165190219879150e-01,7.824062705039978027e-01,7.220965623855590820e-02,2.822000000000000000e+03,3.027075439453125000e+03
-1.000000014901161194e-01,-4.000000059604644775e-01,-1.744751930236816406e-01,-4.269104003906250000e-01,6.530831456184387207e-01,8.811429142951965332e-02,2.218000000000000000e+03,2.250490234375000000e+03
1.366542428731918335e-01,4.223684668540954590e-01,1.654245704412460327e-01,3.083484768867492676e-01,8.943240642547607422e-01,6.426151096820831299e-02,3.717000000000000000e+03,3.781232910156250000e+03
1.366542428731918335e-01,2.872454822063446045e-01,9.696146473288536072e-03,-2.045011520385742188e-01,1.083615303039550781e+00,6.549881398677825928e-02,3.980000000000000000e+03,4.816133789062500000e+03
2.872454822063446045e-01,-3.000000119209289551e-01,-4.021592438220977783e-02,-2.098310738801956177e-01,1.029399871826171875e+00,5.557085201144218445e-02,4.619000000000000000e+03,5.110444824218750000e+03
9.482004493474960327e-02,-2.000000029802322388e-01,1.099708303809165955e-01,1.992215514183044434e-01,1.078356862068176270e+00,6.643762439489364624e-02,4.196000000000000000e+03,4.754824707031250000e+03
-2.000000029802322388e-01,-1.000000014901161194e-01,-4.069756269454956055e-01,-3.029607534408569336e-01,1.179954409599304199e+00,5.728026106953620911e-02,4.756000000000000000e+03,5.039300781250000000e+03
9.183419495820999146e-02,-2.500000000000000000e-01,-3.911539316177368164e-01,1.400492936372756958e-01,1.133362174034118652e+00,5.438352748751640320e-02,3.863000000000000000e+03,4.957777832031250000e+03
8.815837651491165161e-02,-2.000000029802322388e-01,1.468274593353271484e-01,-7.696466986089944839e-03,1.188114285469055176e+00,6.093997508287429810e-02,4.821000000000000000e+03,4.958019042968750000e+03
3.687628731131553650e-02,-2.500000000000000000e-01,-1.108107939362525940e-01,-1.581622958183288574e-01,1.169961094856262207e+00,5.852458626031875610e-02,4.656000000000000000e+03,4.758395019531250000e+03
9.482004493474960327e-02,-5.000000074505805969e-02,5.833396911621093750e-01,-3.305988013744354248e-02,1.240390300750732422e+00,5.973199754953384399e-02,4.861000000000000000e+03,5.589871093750000000e+03
-1.062754511833190918e+00,-4.626846015453338623e-01,-1.140526294708251953e+00,-4.079861044883728027e-01,3.825791776180267334e-01,1.655135303735733032e-01,1.369000000000000000e+03,1.452512451171875000e+03
-2.000000029802322388e-01,-5.000000074505805969e-02,-1.136113256216049194e-01,-4.346499964594841003e-02,1.272160649299621582e+00,5.920817330479621887e-02,4.786000000000000000e+03,4.808311523437500000e+03
4.545493423938751221e-01,-2.299907803535461426e-02,8.534402251243591309e-01,1.643241643905639648e-01,8.615812063217163086e-01,6.276882439851760864e-02,3.267000000000000000e+03,4.076656494140625000e+03
-4.000000059604644775e-01,3.896152675151824951e-01,-4.046094119548797607e-01,3.729957938194274902e-01,8.184510469436645508e-01,6.635090708732604980e-02,3.448000000000000000e+03,3.449521728515625000e+03
-2.000000029802322388e-01,-5.000000074505805969e-02,-9.799581021070480347e-02,-2.411552518606185913e-01,8.732777833938598633e-01,6.004313752055168152e-02,3.274000000000000000e+03,3.472776367187500000e+03
9.482004493474960327e-02,2.145627290010452271e-01,-1.739113032817840576e-01,5.097165703773498535e-02,1.104678988456726074e+00,6.086926534771919250e-02,3.592000000000000000e+03,3.878383300781250000e+03
-3.499999940395355225e-01,-2.128952182829380035e-02,-5.569248199462890625e-01,4.501958787441253662e-01,1.161484718322753906e+00,6.060294434428215027e-02,4.438000000000000000e+03,5.274747558593750000e+03
1.700402945280075073e-01,5.784529447555541992e-01,9.676623344421386719e-02,5.000602602958679199e-01,6.652230620384216309e-01,7.005262374877929688e-02,2.004000000000000000e+03,2.055646972656250000e+03
-2.500000000000000000e-01,-3.499999940395355225e-01,-3.430265933275222778e-02,-1.951876580715179443e-01,6.982080936431884766e-01,8.735702186822891235e-02,2.353000000000000000e+03,2.682426757812500000e+03
-5.000000074505805969e-02,3.896152675151824951e-01,-2.417700290679931641e-01,2.034535855054855347e-01,1.115674018859863281e+00,6.858915835618972778e-02,4.296000000000000000e+03,4.538667968750000000e+03
1.366542428731918335e-01,-1.000000014901161194e-01,4.392715990543365479e-01,-2.991326749324798584e-01,1.265982866287231445e+00,5.951142683625221252e-02,4.885000000000000000e+03,5.277872558593750000e+03
0.000000000000000000e+00,-3.000000119209289551e-01,-4.517100006341934204e-02,-1.660469174385070801e-01,1.261019349098205566e+00,5.494919791817665100e-02,4.427000000000000000e+03,4.482240722656250000e+03
-1.500000059604644775e-01,-1.641935110092163086e-01,-2.829827368259429932e-01,-4.519725590944290161e-02,1.166290521621704102e+00,5.883004143834114075e-02,3.605000000000000000e+03,3.688883789062500000e+03
1.764043420553207397e-01,1.764043420553207397e-01,1.302443295717239380e-01,3.556928038597106934e-01,9.860053062438964844e-01,6.990949064493179321e-02,3.725000000000000000e+03,3.855326904296875000e+03
2.872454822063446045e-01,-2.500000000000000000e-01,2.784134149551391602e-01,-4.028910100460052490e-01,6.260986924171447754e-01,1.241786926984786987e-01,1.756000000000000000e+03,1.859602416992187500e+03
5.000000074505805969e-02,2.514390051364898682e-01,-3.172623813152313232e-01,-1.788347810506820679e-01,1.116981029510498047e+00,6.558796018362045288e-02,3.915000000000000000e+03,4.867070800781250000e+03
3.221365213394165039e-01,5.000000074505805969e-02,3.401851952075958252e-01,-1.747456789016723633e-01,1.191084265708923340e+00,5.815862119197845459e-02,5.028000000000000000e+03,5.207021972656250000e+03
-1.937708109617233276e-01,-8.713686466217041016e-01,-3.296384513378143311e-01,-9.919396638870239258e-01,4.919468462467193604e-01,1.906983107328414917e-01,1.305000000000000000e+03,1.477463623046875000e+03
-2.000000029802322388e-01,-1.000000014901161194e-01,-3.924620151519775391e-01,-1.380612850189208984e-01,1.239979982376098633e+00,5.833757296204566956e-02,4.454000000000000000e+03,4.565000488281250000e+03
-1.102498918771743774e-01,-1.618416309356689453e-01,-3.974714279174804688e-01,-3.245804607868194580e-01,1.270573616027832031e+00,5.996371433138847351e-02,4.957000000000000000e+03,5.285940429687500000e+03
-3.499999940395355225e-01,3.297842293977737427e-02,8.328112959861755371e-02,-3.734545409679412842e-02,1.209275484085083008e+00,5.361200124025344849e-02,4.676000000000000000e+03,5.275108398437500000e+03
-3.000000119209289551e-01,2.514390051364898682e-01,1.067110896110534668e-01,2.556911110877990723e-01,9.788315296173095703e-01,7.493802160024642944e-02,3.774000000000000000e+03,4.402928710937500000e+03
-4.499999880790710449e-01,-3.499999940395355225e-01,-2.649476528167724609e-01,-1.624129861593246460e-01,1.000515222549438477e+00,6.889075785875320435e-02,3.544000000000000000e+03,3.785741699218750000e+03
2.872454822063446045e-01,9.482004493474960327e-02,6.199374794960021973e-01,1.614257544279098511e-01,1.232283234596252441e+00,5.087365210056304932e-02,4.794000000000000000e+03,5.151827148437500000e+03
-3.659073412418365479e-01,-1.131237149238586426e-01,-3.740203082561492920e-01,-1.352747529745101929e-01,1.041486740112304688e+00,5.511825159192085266e-02,3.470000000000000000e+03,3.471758300781250000e+03
-1.618416309356689453e-01,2.872454822063446045e-01,1.903372853994369507e-01,7.158564925193786621e-01,1.137656569480895996e+00,6.083615869283676147e-02,4.635000000000000000e+03,5.684388671875000000e+03
-3.151089549064636230e-01,-1.000000014901161194e-01,-3.087556660175323486e-01,-9.575333446264266968e-02,1.233978748321533203e+00,6.191313266754150391e-02,4.767000000000000000e+03,4.767171386718750000e+03
-1.000000014901161194e-01,1.700402945280075073e-01,-1.616108715534210205e-01,1.850833296775817871e-01,1.197641491889953613e+00,6.222747638821601868e-02,4.370000000000000000e+03,4.382335937500000000e+03
-2.500000000000000000e-01,-2.000000029802322388e-01,-5.545426011085510254e-01,-1.614159643650054932e-01,1.107447862625122070e+00,6.562115997076034546e-02,3.943000000000000000e+03,4.239929687500000000e+03
1.764043420553207397e-01,-1.000000014901161194e-01,-1.373303867876529694e-02,-1.758384108543395996e-01,1.279858589172363281e+00,6.118867546319961548e-02,4.904000000000000000e+03,5.028708007812500000e+03
-3.000000119209289551e-01,1.764043420553207397e-01,-4.044439494609832764e-01,1.327997595071792603e-01,5.224900841712951660e-01,1.217473745346069336e-01,1.517000000000000000e+03,1.587375854492187500e+03
2.514390051364898682e-01,3.896152675151824951e-01,2.386310249567031860e-01,5.995939373970031738e-01,8.784458637237548828e-01,7.420323789119720459e-02,3.021000000000000000e+03,3.191647216796875000e+03
4.482004791498184204e-02,-4.000000059604644775e-01,3.200116157531738281e-01,-4.853776991367340088e-01,1.192084431648254395e+00,5.979833379387855530e-02,4.920000000000000000e+03,5.203365722656250000e+03
5.000000074505805969e-02,1.764043420553207397e-01,2.132906951010227203e-02,2.534882351756095886e-02,1.105056881904602051e+00,5.563732609152793884e-02,4.129000000000000000e+03,4.208545898437500000e+03
2.145627290010452271e-01,1.764043420553207397e-01,8.059828281402587891e-01,2.515917122364044189e-01,1.175096392631530762e+00,5.394707247614860535e-02,4.514000000000000000e+03,5.615895507812500000e+03
-4.000000059604644775e-01,3.874092102050781250e-01,-5.151852965354919434e-01,2.906865775585174561e-01,6.652250289916992188e-01,8.546056598424911499e-02,2.401000000000000000e+03,2.521966552734375000e+03
1.764043420553207397e-01,5.173884034156799316e-01,1.661825478076934814e-01,3.435652554035186768e-01,1.138174057006835938e+00,5.613905936479568481e-02,4.032000000000000000e+03,4.125819335937500000e+03
-5.000000074505805969e-02,-2.000000029802322388e-01,2.248635282739996910e-03,-5.773051381111145020e-01,1.161718249320983887e+00,5.312327295541763306e-02,4.667000000000000000e+03,5.157572753906250000e+03
1.366542428731918335e-01,-2.000000029802322388e-01,-6.142822094261646271e-03,4.376583993434906006e-01,1.273075342178344727e+00,6.068832054734230042e-02,4.849000000000000000e+03,6.059864257812500000e+03
0.000000000000000000e+00,-2.500000000000000000e-01,2.458150312304496765e-02,2.798601090908050537e-01,1.280872344970703125e+00,6.079946085810661316e-02,4.763000000000000000e+03,5.550804687500000000e+03
3.896152675151824951e-01,-3.151089549064636230e-01,5.474427938461303711e-01,-1.709813177585601807e-01,8.314942717552185059e-01,1.222802177071571350e-01,2.226000000000000000e+03,2.371007324218750000e+03
1.764043420553207397e-01,2.145627290010452271e-01,1.373890638351440430e-01,4.009440541267395020e-01,1.210793495178222656e+00,6.411699950695037842e-02,4.233000000000000000e+03,4.337071777343750000e+03
9.482004493474960327e-02,1.366542428731918335e-01,7.501007616519927979e-02,1.125918775796890259e-01,1.167531609535217285e+00,6.088028848171234131e-02,4.438000000000000000e+03,4.441120605468750000e+03
-1.000000014901161194e-01,-2.500000000000000000e-01,-1.803675480186939240e-02,-5.083346962928771973e-01,1.200370073318481445e+00,5.957767367362976074e-02,4.853000000000000000e+03,5.097502441406250000e+03
-5.700559616088867188e-01,-1.000000014901161194e-01,-5.878205299377441406e-01,3.202670216560363770e-01,9.759745597839355469e-01,5.896240845322608948e-02,4.183000000000000000e+03,4.928707519531250000e+03
1.366542428731918335e-01,2.104970067739486694e-01,-4.842016845941543579e-02,3.555327355861663818e-01,6.933369040489196777e-01,9.121195226907730103e-02,2.244000000000000000e+03,2.495527343750000000e+03
-1.000000014901161194e-01,3.221365213394165039e-01,-1.310930997133255005e-01,3.296187222003936768e-01,1.184098362922668457e+00,5.574925243854522705e-02,4.387000000000000000e+03,4.390202148437500000e+03
-5.000000074505805969e-02,2.872454822063446045e-01,6.266505271196365356e-02,1.266804635524749756e-01,1.270570516586303711e+00,1.112971305847167969e-01,7.834000000000000000e+03,8.020119140625000000e+03
0.000000000000000000e+00,1.366542428731918335e-01,2.134473472833633423e-01,-7.668572664260864258e-02,1.169959664344787598e+00,5.923506990075111389e-02,5.273000000000000000e+03,5.618092285156250000e+03
4.741981625556945801e-02,6.961627006530761719e-01,3.584976866841316223e-02,4.993875324726104736e-01,7.585141062736511230e-01,1.784341484308242798e-01,1.386000000000000000e+03,1.477973266601562500e+03
5.481259822845458984e-01,-7.106862962245941162e-02,3.956023454666137695e-01,-2.933100052177906036e-02,7.426640987396240234e-01,5.598468333482742310e-02,2.665000000000000000e+03,2.784785156250000000e+03
8.687628805637359619e-02,-1.000000014901161194e-01,8.687593042850494385e-02,-4.846645146608352661e-02,5.197720527648925781e-01,7.835441082715988159e-02,1.383000000000000000e+03,1.396510253906250000e+03
2.872454822063446045e-01,-1.000000014901161194e-01,2.176062166690826416e-01,-1.311807483434677124e-01,1.047703266143798828e+00,5.802173167467117310e-02,3.186000000000000000e+03,3.202902099609375000e+03
9.482004493474960327e-02,5.000000074505805969e-02,4.757986590266227722e-02,1.253738254308700562e-02,9.997861385345458984e-01,7.389152795076370239e-02,3.797000000000000000e+03,3.810755859375000000e+03
-1.000000014901161194e-01,4.223684668540954590e-01,-4.433064162731170654e-01,3.162829875946044922e-01,9.997675418853759766e-01,6.728475540876388550e-02,3.491000000000000000e+03,3.929665527343750000e+03
1.764043420553207397e-01,7.994404435157775879e-02,1.949257999658584595e-01,1.404579132795333862e-01,1.289584994316101074e+00,5.686096474528312683e-02,4.165000000000000000e+03,4.175042480468750000e+03
1.764043420553207397e-01,1.366542428731918335e-01,3.027519024908542633e-02,-2.724628448486328125e-01,1.278843998908996582e+00,6.151451542973518372e-02,5.809000000000000000e+03,6.462723144531250000e+03
9.482004493474960327e-02,2.514390051364898682e-01,-7.660982757806777954e-02,3.227662146091461182e-01,1.026063442230224609e+00,5.494917184114456177e-02,4.116000000000000000e+03,4.250094726562500000e+03
-2.500000000000000000e-01,-5.000000074505805969e-02,1.826772466301918030e-02,-2.084256410598754883e-01,1.131148457527160645e+00,6.185171008110046387e-02,4.336000000000000000e+03,4.659641601562500000e+03
1.764043420553207397e-01,3.562291860580444336e-01,2.812045514583587646e-01,1.325599998235702515e-01,1.158749699592590332e+00,6.615372747182846069e-02,4.799000000000000000e+03,5.014703125000000000e+03
-1.500000059604644775e-01,2.145627290010452271e-01,-2.806549705564975739e-02,3.730991184711456299e-01,1.037540197372436523e+00,6.240750104188919067e-02,3.040000000000000000e+03,3.152054687500000000e+03
-5.000000074505805969e-02,3.221365213394165039e-01,7.088080048561096191e-03,-8.510796725749969482e-02,1.178694605827331543e+00,5.257136747241020203e-02,4.746000000000000000e+03,5.308323242187500000e+03
-1.500000059604644775e-01,-2.500000000000000000e-01,-1.548354178667068481e-01,2.296640872955322266e-01,1.115772247314453125e+00,5.860400944948196411e-02,4.301000000000000000e+03,5.064881835937500000e+03
-2.500000000000000000e-01,0.000000000000000000e+00,4.385989010334014893e-01,3.039869479835033417e-02,1.273761868476867676e+00,5.369466543197631836e-02,4.558000000000000000e+03,5.820049316406250000e+03
-3.000000119209289551e-01,8.815837651491165161e-02,-3.258572220802307129e-01,9.765065461397171021e-02,7.820272445678710938e-01,6.901021301746368408e-02,2.902000000000000000e+03,2.905562500000000000e+03
1.366542428731918335e-01,1.366542428731918335e-01,3.754579126834869385e-01,6.402373909950256348e-01,1.253927826881408691e+00,5.529586598277091980e-02,5.113000000000000000e+03,6.080616699218750000e+03
-1.184162404388189316e-02,-3.000000119209289551e-01,2.276302874088287354e-01,1.005788892507553101e-01,1.139613986015319824e+00,6.691124290227890015e-02,3.972000000000000000e+03,4.614316894531250000e+03
5.000000074505805969e-02,0.000000000000000000e+00,1.582564786076545715e-02,6.518973410129547119e-02,9.522265791893005371e-01,6.895232945680618286e-02,3.117000000000000000e+03,3.135675048828125000e+03
-2.000000029802322388e-01,3.562291860580444336e-01,-3.863399326801300049e-01,7.531920671463012695e-01,1.085722208023071289e+00,6.034892052412033081e-02,3.703000000000000000e+03,4.286227050781250000e+03
9.482004493474960327e-02,-1.000000014901161194e-01,1.920938342809677124e-01,1.128892228007316589e-02,1.167809963226318359e+00,5.261984467506408691e-02,4.188000000000000000e+03,4.254736816406250000e+03
3.221365213394165039e-01,-3.499999940395355225e-01,8.105750381946563721e-02,-4.305804967880249023e-01,1.035431265830993652e+00,6.296164542436599731e-02,4.060000000000000000e+03,4.300687500000000000e+03
4.223684668540954590e-01,-5.000000074505805969e-02,4.497720897197723389e-01,-1.719714701175689697e-01,7.193374633789062500e-01,6.259552389383316040e-02,2.630000000000000000e+03,2.708624267578125000e+03
5.000000074505805969e-02,-5.179951898753643036e-03,2.222700044512748718e-02,-3.491637706756591797e-01,1.181650161743164062e+00,5.830990895628929138e-02,3.973000000000000000e+03,4.305184082031250000e+03
0.000000000000000000e+00,-5.000000074505805969e-02,3.486032783985137939e-02,-1.176601275801658630e-01,5.565854907035827637e-01,1.231296733021736145e-01,1.741000000000000000e+03,1.773532592773437500e+03
9.482004493474960327e-02,1.764043420553207397e-01,-1.636910997331142426e-02,6.613716483116149902e-02,1.212363123893737793e+00,6.363984942436218262e-02,4.213000000000000000e+03,4.282938476562500000e+03
2.145627290010452271e-01,5.000000074505805969e-02,1.664047688245773315e-01,5.123385414481163025e-02,1.269069910049438477e+00,5.428921058773994446e-02,4.039000000000000000e+03,4.044847167968750000e+03
-5.000000074505805969e-02,0.000000000000000000e+00,4.180283546447753906e-01,-1.442699581384658813e-01,1.067864060401916504e+00,6.546265631914138794e-02,3.801000000000000000e+03,4.567413574218750000e+03
-1.500000059604644775e-01,-2.683409452438354492e-01,-3.325312957167625427e-02,-2.162367403507232666e-01,1.135730028152465820e+00,5.825280398130416870e-02,3.963000000000000000e+03,4.012909667968750000e+03
-1.618416309356689453e-01,4.223684668540954590e-01,-3.149548172950744629e-01,8.406286239624023438e-01,9.681349396705627441e-01,7.206064462661743164e-02,3.385000000000000000e+03,4.070083984375000000e+03
4.862083792686462402e-01,9.482004493474960327e-02,4.068841934204101562e-01,7.203711569309234619e-02,4.403198957443237305e-01,9.040477871894836426e-02,1.120000000000000000e+03,1.158956420898437500e+03
-5.000000074505805969e-02,-4.499999880790710449e-01,1.264220029115676880e-01,-5.023988485336303711e-01,7.237388491630554199e-01,8.469787240028381348e-02,2.620000000000000000e+03,2.786745361328125000e+03
9.482004493474960327e-02,-2.000000029802322388e-01,1.901096664369106293e-02,-3.839696645736694336e-01,7.905534505844116211e-01,5.945162475109100342e-02,2.838000000000000000e+03,3.015262939453125000e+03
4.183419048786163330e-02,5.000000074505805969e-02,-2.315553128719329834e-01,2.212527394294738770e-01,1.212271094322204590e+00,5.977681651711463928e-02,4.182000000000000000e+03,4.473828125000000000e+03
2.145627290010452271e-01,3.562291860580444336e-01,2.727220952510833740e-01,5.887218117713928223e-01,8.994016051292419434e-01,8.942005038261413574e-02,3.273000000000000000e+03,3.501396240234375000e+03
5.000000074505805969e-02,-2.131237089633941650e-01,3.993710130453109741e-02,-2.567349076271057129e-01,4.041064679622650146e-01,7.989601790904998779e-02,1.161000000000000000e+03,1.175220458984375000e+03
-1.159073337912559509e-01,-3.499999940395355225e-01,-5.520084872841835022e-02,1.297677904367446899e-01,1.137764096260070801e+00,6.969024986028671265e-02,3.620000000000000000e+03,4.248661132812500000e+03
-5.500000119209289551e-01,-1.000000014901161194e-01,-6.800766587257385254e-01,-4.976412281394004822e-03,5.705913305282592773e-01,9.349724650382995605e-02,2.064000000000000000e+03,2.225711425781250000e+03
0.000000000000000000e+00,2.514390051364898682e-01,4.345868155360221863e-02,2.936578094959259033e-01,1.174936294555664062e+00,7.370940595865249634e-02,4.209000000000000000e+03,4.220215332031250000e+03
0.000000000000000000e+00,-2.131237089633941650e-01,-1.896158456802368164e-01,-9.080412238836288452e-02,1.028760433197021484e+00,5.367781594395637512e-02,3.825000000000000000e+03,4.007132568359375000e+03
0.000000000000000000e+00,0.000000000000000000e+00,1.007405146956443787e-01,-2.889242470264434814e-01,9.131929278373718262e-01,5.277885869145393372e-02,3.593000000000000000e+03,3.986192138671875000e+03
-5.000000074505805969e-02,-2.131237089633941650e-01,-1.415512990206480026e-02,-4.573177993297576904e-01,9.754686951637268066e-01,5.331540852785110474e-02,4.108000000000000000e+03,4.367009277343750000e+03
1.764043420553207397e-01,8.975010365247726440e-02,-1.001592129468917847e-01,-4.362820088863372803e-01,1.063124299049377441e+00,6.300657987594604492e-02,3.989000000000000000e+03,5.164521484375000000e+03
4.545493423938751221e-01,1.366542428731918335e-01,3.904998302459716797e-01,-3.497396111488342285e-01,1.043453097343444824e+00,6.561006605625152588e-02,3.986000000000000000e+03,4.826527343750000000e+03
-1.510896813124418259e-02,2.514390051364898682e-01,7.788339257240295410e-02,-3.335593268275260925e-02,9.783982634544372559e-01,6.367006152868270874e-02,3.469000000000000000e+03,3.787380371093750000e+03
9.482004493474960327e-02,2.145627290010452271e-01,3.447961807250976562e-02,2.936989068984985352e-01,7.817258238792419434e-01,7.501627504825592041e-02,2.492000000000000000e+03,2.532369384765625000e+03
-1.102498918771743774e-01,-1.500000059604644775e-01,-1.367896944284439087e-01,3.806153237819671631e-01,1.179655551910400391e+00,5.729181692004203796e-02,4.978000000000000000e+03,5.944991210937500000e+03
0.000000000000000000e+00,2.145627290010452271e-01,5.685239434242248535e-01,1.916593611240386963e-01,1.216274619102478027e+00,5.578239634633064270e-02,4.792000000000000000e+03,5.794970214843750000e+03
-1.500000059604644775e-01,-1.500000059604644775e-01,4.440096020698547363e-01,-2.442574948072433472e-01,1.270762205123901367e+00,5.198751389980316162e-02,4.750000000000000000e+03,5.766710449218750000e+03
-5.000000074505805969e-02,5.000000074505805969e-02,-6.449497491121292114e-02,1.523203700780868530e-01,7.806164026260375977e-01,8.313450217247009277e-02,2.030000000000000000e+03,2.065359863281250000e+03
-1.000000014901161194e-01,2.145627290010452271e-01,4.209815990179777145e-03,4.084057211875915527e-01,1.109175920486450195e+00,6.993230432271957397e-02,4.286000000000000000e+03,4.453196289062500000e+03
-2.131237089633941650e-01,-2.000000029802322388e-01,-3.225626349449157715e-01,-7.663322985172271729e-02,7.331293821334838867e-01,8.134560286998748779e-02,2.390000000000000000e+03,2.509193359375000000e+03
0.000000000000000000e+00,9.482004493474960327e-02,1.413925439119338989e-01,2.093413323163986206e-01,1.148417472839355469e+00,6.172339990735054016e-02,4.363000000000000000e+03,4.471732421875000000e+03
2.872454822063446045e-01,-2.500000000000000000e-01,3.678876459598541260e-01,2.147245407104492188e-01,9.819711446762084961e-01,6.188842654228210449e-02,3.934000000000000000e+03,4.798382812500000000e+03
-2.500000000000000000e-01,-5.816580727696418762e-02,-3.797994554042816162e-01,5.889405012130737305e-01,1.202507019042968750e+00,7.085864990949630737e-02,4.186000000000000000e+03,5.376937988281250000e+03
-1.500000059604644775e-01,5.000000074505805969e-02,3.293486684560775757e-02,1.343027502298355103e-01,1.107708454132080078e+00,5.386330932378768921e-02,4.010000000000000000e+03,4.141430664062500000e+03
-5.000000074505805969e-02,9.482004493474960327e-02,-3.425832688808441162e-01,-8.647225797176361084e-02,9.006170630455017090e-01,6.687382608652114868e-02,3.602000000000000000e+03,4.112110839843750000e+03
0.000000000000000000e+00,1.366542428731918335e-01,3.791802376508712769e-02,-1.299632340669631958e-02,5.885173678398132324e-01,6.090949475765228271e-02,2.459000000000000000e+03,2.625204345703125000e+03
1.366542428731918335e-01,1.366542428731918335e-01,1.290418505668640137e-01,-2.875735759735107422e-01,1.280988931655883789e+00,6.155477091670036316e-02,5.495000000000000000e+03,6.082009765625000000e+03
-5.000000074505805969e-02,3.221365213394165039e-01,-4.138788580894470215e-01,4.077777862548828125e-01,1.166149377822875977e+00,6.156758964061737061e-02,3.984000000000000000e+03,4.384463378906250000e+03
-4.000000059604644775e-01,-1.618416309356689453e-01,-3.779767155647277832e-01,-2.871358394622802734e-01,9.476357102394104004e-01,5.622371286153793335e-02,3.648000000000000000e+03,3.713576416015625000e+03
0.000000000000000000e+00,2.145627290010452271e-01,-1.543102860450744629e-01,2.233827263116836548e-01,1.268573880195617676e+00,5.805180221796035767e-02,4.787000000000000000e+03,4.857725585937500000e+03
-2.000000029802322388e-01,2.872454822063446045e-01,-3.580481708049774170e-01,-1.057803034782409668e-01,1.226723551750183105e+00,6.506530195474624634e-02,4.434000000000000000e+03,4.949086425781250000e+03
2.145627290010452271e-01,9.482004493474960327e-02,7.329972833395004272e-02,1.578657031059265137e-01,7.892883419990539551e-01,6.001526862382888794e-02,3.122000000000000000e+03,3.241076904296875000e+03
0.000000000000000000e+00,2.145627290010452271e-01,1.862253844738006592e-01,-4.621862992644309998e-02,9.486390352249145508e-01,7.220528274774551392e-02,3.354000000000000000e+03,3.726957763671875000e+03
-1.118416264653205872e-01,9.482004493474960327e-02,1.780926138162612915e-01,2.546086907386779785e-01,1.106119155883789062e+00,6.149478629231452942e-02,4.292000000000000000e+03,4.668089355468750000e+03
2.486553937196731567e-01,1.237514168024063110e-01,5.184165015816688538e-02,-2.730346024036407471e-01,1.265722751617431641e+00,5.410592257976531982e-02,4.969000000000000000e+03,5.560068847656250000e+03
-5.178191065788269043e-01,5.173884034156799316e-01,-1.821334362030029297e-01,5.783782005310058594e-01,9.430556297302246094e-01,6.274686008691787720e-02,3.349000000000000000e+03,3.774765625000000000e+03
-3.000000119209289551e-01,-2.000000029802322388e-01,-2.033382058143615723e-01,-1.659204065799713135e-01,4.765812158584594727e-01,9.455221891403198242e-02,1.551000000000000000e+03,1.621827880859375000e+03
-5.179951898753643036e-03,-1.000000014901161194e-01,-1.469495333731174469e-02,-7.578024640679359436e-03,1.083786129951477051e+00,6.181479990482330322e-02,3.716000000000000000e+03,3.743192871093750000e+03
0.000000000000000000e+00,1.764043420553207397e-01,-2.312366962432861328e-01,-2.153913676738739014e-01,1.240898370742797852e+00,5.421067774295806885e-02,5.152000000000000000e+03,5.825015625000000000e+03
-1.500000059604644775e-01,2.145627290010452271e-01,-3.741278052330017090e-01,-1.423133164644241333e-01,1.154802799224853516e+00,5.477283522486686707e-02,4.934000000000000000e+03,5.571089843750000000e+03
3.687628731131553650e-02,3.562291860580444336e-01,-8.755239099264144897e-02,5.042552351951599121e-01,8.714435696601867676e-01,7.115210592746734619e-02,3.346000000000000000e+03,3.508651367187500000e+03
2.145627290010452271e-01,-5.000000074505805969e-02,4.747973009943962097e-02,-2.499487698078155518e-01,1.265465021133422852e+00,5.738249048590660095e-02,5.212000000000000000e+03,5.430459960937500000e+03
2.145627290010452271e-01,2.145627290010452271e-01,2.030515521764755249e-01,1.469118446111679077e-01,6.403223276138305664e-01,6.201446801424026489e-02,1.981000000000000000e+03,2.003707031250000000e+03
-4.499999880790710449e-01,2.503692209720611572e-01,-8.907691389322280884e-02,1.872482597827911377e-01,9.471305608749389648e-01,7.651267945766448975e-02,3.422000000000000000e+03,3.917843750000000000e+03
-4.672468006610870361e-01,8.409266918897628784e-02,-3.756234943866729736e-01,-1.067445985972881317e-02,1.085214257240295410e+00,5.379094928503036499e-02,4.263000000000000000e+03,4.325446289062500000e+03
-2.500000000000000000e-01,-2.000000029802322388e-01,-2.694109380245208740e-01,-1.534588932991027832e-01,5.151206254959106445e-01,7.451210916042327881e-02,1.521000000000000000e+03,1.535551635742187500e+03
2.145627290010452271e-01,5.000000074505805969e-02,3.873153626918792725e-01,1.366766095161437988e-01,1.239022374153137207e+00,5.926553159952163696e-02,4.943000000000000000e+03,5.062881347656250000e+03
5.000000074505805969e-02,-1.618416309356689453e-01,1.984120905399322510e-01,-2.770209014415740967e-01,9.066625237464904785e-01,7.482128590345382690e-02,3.546000000000000000e+03,3.697070556640625000e+03
2.145627290010452271e-01,5.000000074505805969e-02,9.862472862005233765e-02,-9.904284030199050903e-02,8.767003417015075684e-01,5.530329421162605286e-02,3.284000000000000000e+03,3.434758789062500000e+03
1.215452700853347778e-01,-3.000000119209289551e-01,6.443934440612792969e-01,2.472265064716339111e-02,1.209834456443786621e+00,6.796328723430633545e-02,4.460000000000000000e+03,5.556979003906250000e+03
2.075843513011932373e-01,1.748126149177551270e-01,4.475543200969696045e-01,3.645496964454650879e-01,1.218238830566406250e+00,5.411972105503082275e-02,4.817000000000000000e+03,5.116458496093750000e+03
-1.641935110092163086e-01,-2.141935080289840698e-01,-2.133137136697769165e-01,-2.752855122089385986e-01,6.254173517227172852e-01,7.572045922279357910e-02,2.078000000000000000e+03,2.110568847656250000e+03
1.655856072902679443e-01,-1.500000059604644775e-01,-1.768622100353240967e-01,-3.585895597934722900e-01,1.143903017044067383e+00,6.026288866996765137e-02,4.355000000000000000e+03,4.875075683593750000e+03
-1.000000014901161194e-01,-1.618416309356689453e-01,4.234803095459938049e-02,8.085156977176666260e-02,1.256258726119995117e+00,5.844308063387870789e-02,5.141000000000000000e+03,5.396084960937500000e+03
2.893136814236640930e-02,-1.500000059604644775e-01,9.892271459102630615e-02,1.523503959178924561e-01,1.086677908897399902e+00,5.876579880714416504e-02,3.376000000000000000e+03,3.646335449218750000e+03
-2.000000029802322388e-01,-2.000000029802322388e-01,-1.762661188840866089e-01,-1.411985754966735840e-01,1.150172233581542969e+00,6.392538547515869141e-02,4.592000000000000000e+03,4.605964843750000000e+03
-5.000000074505805969e-02,-1.000000014901161194e-01,-6.805481761693954468e-02,-4.226096272468566895e-01,1.173923373222351074e+00,5.389101430773735046e-02,4.333000000000000000e+03,4.654983886718750000e+03
2.145627290010452271e-01,-5.000000074505805969e-02,4.054540693759918213e-01,1.757372617721557617e-01,1.250859379768371582e+00,5.847680568695068359e-02,5.281000000000000000e+03,5.572097167968750000e+03
-5.000000000000000000e-01,1.707469075918197632e-01,-3.359871208667755127e-01,2.772607207298278809e-01,7.085371613502502441e-01,9.793994575738906860e-02,2.023000000000000000e+03,2.174669433593750000e+03
2.872454822063446045e-01,-2.000000029802322388e-01,1.876686811447143555e-01,-7.723028659820556641e-01,1.127050518989562988e+00,5.927091464400291443e-02,4.520000000000000000e+03,5.657305175781250000e+03
0.000000000000000000e+00,-2.500000000000000000e-01,6.130588799715042114e-02,-1.342147141695022583e-01,1.252508878707885742e+00,5.783074349164962769e-02,4.384000000000000000e+03,4.431863769531250000e+03
-5.000000074505805969e-02,-2.000000029802322388e-01,-2.937105596065521240e-01,-4.124312847852706909e-02,1.087170124053955078e+00,6.075293198227882385e-02,4.415000000000000000e+03,4.725890625000000000e+03
-6.710686087608337402e-01,-1.049999952316284180e+00,-7.178578376770019531e-01,-9.591066837310791016e-01,3.521224558353424072e-01,1.072285026311874390e-01,1.310000000000000000e+03,1.418125610351562500e+03
-4.499999880790710449e-01,-1.141935139894485474e-01,-2.120736539363861084e-01,1.583154052495956421e-01,9.522665739059448242e-01,6.534858047962188721e-02,3.543000000000000000e+03,4.039030273437500000e+03
-1.500000059604644775e-01,1.764043420553207397e-01,-1.084476336836814880e-01,4.872861206531524658e-01,1.212590217590332031e+00,5.031160637736320496e-02,4.691000000000000000e+03,4.999427734375000000e+03
-5.000000074505805969e-02,2.104970067739486694e-01,1.364170163869857788e-01,-2.872549295425415039e-01,1.140338540077209473e+00,6.136451289057731628e-02,3.938000000000000000e+03,4.756096679687500000e+03
1.735305190086364746e-01,-2.000000029802322388e-01,4.299539923667907715e-01,-4.970313608646392822e-01,1.105589270591735840e+00,7.888499647378921509e-02,3.732000000000000000e+03,4.188298339843750000e+03
5.000000074505805969e-02,2.514390051364898682e-01,-3.606551140546798706e-02,4.718835055828094482e-01,1.158789873123168945e+00,5.577275902032852173e-02,4.092000000000000000e+03,4.260726074218750000e+03
9.482004493474960327e-02,5.000000074505805969e-02,1.105021163821220398e-01,-1.790652722120285034e-01,6.034911870956420898e-01,7.614138722419738770e-02,1.808000000000000000e+03,2.061125244140625000e+03
1.001450568437576294e-01,4.862083792686462402e-01,8.345536887645721436e-02,8.505637943744659424e-02,9.886510968208312988e-01,7.071521133184432983e-02,2.945000000000000000e+03,3.414118652343750000e+03
0.000000000000000000e+00,5.000000074505805969e-02,-5.207765474915504456e-02,1.361881196498870850e-01,1.043347597122192383e+00,6.161671876907348633e-02,3.814000000000000000e+03,3.849350830078125000e+03
-1.024989411234855652e-02,-2.500000000000000000e-01,-1.295812875032424927e-01,-3.548033162951469421e-02,1.220976352691650391e+00,5.935242027044296265e-02,5.009000000000000000e+03,5.209921875000000000e+03
1.764043420553207397e-01,9.482004493474960327e-02,-1.727392822504043579e-01,-6.498850882053375244e-02,9.013030529022216797e-01,9.779860079288482666e-02,2.601000000000000000e+03,3.054392089843750000e+03
2.145627290010452271e-01,1.366542428731918335e-01,-2.731131017208099365e-01,-3.161390498280525208e-02,1.243858098983764648e+00,6.033494323492050171e-02,4.658000000000000000e+03,5.431336914062500000e+03
1.764043420553207397e-01,2.872454822063446045e-01,-2.812447249889373779e-01,1.975851207971572876e-01,1.181367516517639160e+00,5.412523448467254639e-02,4.654000000000000000e+03,5.354484863281250000e+03
-2.204144299030303955e-01,5.000000074505805969e-02,-3.575285151600837708e-02,6.516424566507339478e-02,1.263950228691101074e+00,6.386362761259078979e-02,5.161000000000000000e+03,5.271284179687500000e+03
-1.618416309356689453e-01,2.872454822063446045e-01,-5.399509072303771973e-01,3.257490694522857666e-01,1.109911084175109863e+00,5.307785049080848694e-02,5.180000000000000000e+03,5.772283691406250000e+03
-1.000000014901161194e-01,-1.000000014901161194e-01,-1.715328693389892578e-01,-1.762403845787048340e-01,5.055050849914550781e-01,7.195233553647994995e-02,1.982000000000000000e+03,2.065983154296875000e+03
-2.000000029802322388e-01,-1.500000059604644775e-01,-3.594483435153961182e-01,1.188676506280899048e-01,1.246455788612365723e+00,6.132873892784118652e-02,5.047000000000000000e+03,5.359281250000000000e+03
1.764043420553207397e-01,1.366542428731918335e-01,7.328612208366394043e-01,1.169040426611900330e-01,1.258909940719604492e+00,6.072236597537994385e-02,5.023000000000000000e+03,5.966517089843750000e+03
9.482004493474960327e-02,2.145627290010452271e-01,2.102691531181335449e-01,1.453455239534378052e-01,1.266857743263244629e+00,5.901294201612472534e-02,5.072000000000000000e+03,5.129023925781250000e+03
-1.000000014901161194e-01,1.764043420553207397e-01,-3.076705932617187500e-01,2.100228369235992432e-01,7.120389342308044434e-01,7.418411225080490112e-02,2.908000000000000000e+03,3.156397705078125000e+03
-5.816580727696418762e-02,-5.179951898753643036e-03,2.044430561363697052e-02,-1.533878594636917114e-01,8.889775872230529785e-01,6.118170544505119324e-02,2.969000000000000000e+03,3.074097412109375000e+03
0.000000000000000000e+00,2.872454822063446045e-01,-1.421942263841629028e-01,-2.216737568378448486e-01,1.203541040420532227e+00,6.298124790191650391e-02,4.788000000000000000e+03,5.674048828125000000e+03
8.815837651491165161e-02,-2.500000000000000000e-01,-5.172148719429969788e-02,-1.022982895374298096e-01,6.466214060783386230e-01,8.613562583923339844e-02,1.772000000000000000e+03,1.943655639648437500e+03
5.000000074505805969e-02,5.000000074505805969e-02,2.650832533836364746e-01,3.260033205151557922e-02,1.208094835281372070e+00,5.470591410994529724e-02,4.845000000000000000e+03,4.998125976562500000e+03
-2.196730524301528931e-01,3.032695502042770386e-02,1.256089061498641968e-01,-2.261471450328826904e-01,1.276315689086914062e+00,6.118366494774818420e-02,4.667000000000000000e+03,5.183891601562500000e+03
-1.688199937343597412e-01,-1.500000059604644775e-01,-2.018738836050033569e-01,-2.611389160156250000e-01,7.022517323493957520e-01,6.125293299555778503e-02,2.573000000000000000e+03,2.642899414062500000e+03
-2.000000029802322388e-01,-3.499999940395355225e-01,-1.716509461402893066e-01,-3.433300852775573730e-01,6.604927778244018555e-01,6.447850912809371948e-02,2.308000000000000000e+03,2.312483398437500000e+03
9.183419495820999146e-02,-2.000000029802322388e-01,-1.233968734741210938e-01,-1.284401416778564453e-01,6.988288164138793945e-01,5.898569524288177490e-02,2.339000000000000000e+03,2.579931396484375000e+03
9.482004493474960327e-02,-2.500000000000000000e-01,6.670547276735305786e-02,-1.722526401281356812e-01,1.230777502059936523e+00,6.019590795040130615e-02,3.797000000000000000e+03,3.814179931640625000e+03
2.104970067739486694e-01,-1.500000059604644775e-01,1.299359742552042007e-02,-9.689937531948089600e-02,1.146751284599304199e+00,6.434071063995361328e-02,4.474000000000000000e+03,4.615400390625000000e+03
-3.151089549064636230e-01,4.545493423938751221e-01,-1.740782111883163452e-01,2.542466819286346436e-01,8.423186540603637695e-01,7.006163150072097778e-02,2.608000000000000000e+03,2.824189453125000000e+03
-5.000000074505805969e-02,-3.499999940395355225e-01,-2.365708723664283752e-02,-4.575729072093963623e-01,9.237486720085144043e-01,5.937797576189041138e-02,3.042000000000000000e+03,3.085420898437500000e+03
3.221365213394165039e-01,4.862083792686462402e-01,1.651323139667510986e-01,6.219138503074645996e-01,1.023097991943359375e+00,7.961389422416687012e-02,3.643000000000000000e+03,3.791570556640625000e+03
5.000000074505805969e-02,-3.659073412418365479e-01,5.420091748237609863e-02,-2.864222228527069092e-01,1.116056680679321289e+00,5.801917985081672668e-02,4.058000000000000000e+03,4.078638671875000000e+03
1.366542428731918335e-01,9.482004493474960327e-02,2.365999519824981689e-01,1.442865133285522461e-01,1.194711208343505859e+00,5.583295598626136780e-02,4.853000000000000000e+03,4.895156738281250000e+03
1.366542428731918335e-01,2.830980718135833740e-01,1.216892376542091370e-01,-3.615242242813110352e-02,8.260447978973388672e-01,6.647282838821411133e-02,3.498000000000000000e+03,4.004856201171875000e+03
2.872454822063446045e-01,1.748126149177551270e-01,7.033438086509704590e-01,8.376771807670593262e-01,1.228851795196533203e+00,6.386160850524902344e-02,4.233000000000000000e+03,5.829448730468750000e+03
2.514390051364898682e-01,-2.000000029802322388e-01,2.006455957889556885e-01,-3.016522526741027832e-01,8.450583219528198242e-01,7.476867735385894775e-02,2.381000000000000000e+03,2.423801025390625000e+03
3.221365213394165039e-01,0.000000000000000000e+00,3.464272916316986084e-01,2.662454247474670410e-01,9.228777289390563965e-01,6.977222114801406860e-02,3.636000000000000000e+03,3.934819091796875000e+03
3.221365213394165039e-01,1.366542428731918335e-01,4.354112148284912109e-01,-3.040907680988311768e-01,9.785956144332885742e-01,6.905107945203781128e-02,3.556000000000000000e+03,4.291986328125000000e+03
-4.000000059604644775e-01,-5.178191065788269043e-01,-3.147332668304443359e-01,-5.758060216903686523e-01,8.167338371276855469e-01,6.945547461509704590e-02,2.123000000000000000e+03,2.156830566406250000e+03
-1.000000014901161194e-01,-1.000000014901161194e-01,-9.117364883422851562e-02,-1.031858623027801514e-01,7.497723698616027832e-01,5.884938314557075500e-02,2.733000000000000000e+03,2.733427246093750000e+03
-1.500000059604644775e-01,2.514390051364898682e-01,-3.996199369430541992e-01,2.322683185338973999e-01,1.149991750717163086e+00,4.918359220027923584e-02,4.060000000000000000e+03,4.250329101562500000e+03
-1.102498918771743774e-01,5.000000074505805969e-02,3.672448545694351196e-02,2.223715484142303467e-01,1.157683014869689941e+00,6.229808554053306580e-02,4.579000000000000000e+03,4.752662597656250000e+03
-1.500000059604644775e-01,-5.000000074505805969e-02,-1.708767861127853394e-01,-3.016543574631214142e-03,6.057116389274597168e-01,6.214047968387603760e-02,1.827000000000000000e+03,1.840210815429687500e+03
-3.166139423847198486e-01,3.896152675151824951e-01,-3.151642382144927979e-01,-1.061184778809547424e-01,1.052428960800170898e+00,6.348249316215515137e-02,4.251000000000000000e+03,5.150761718750000000e+03
-4.000000059604644775e-01,2.872454822063446045e-01,-2.696459181606769562e-02,2.797031998634338379e-01,1.131952881813049316e+00,6.227571889758110046e-02,4.049000000000000000e+03,4.478064941406250000e+03
-2.000000029802322388e-01,1.366542428731918335e-01,-2.116262465715408325e-01,3.978016972541809082e-01,1.185019254684448242e+00,6.502521038055419922e-02,4.805000000000000000e+03,5.036177734375000000e+03
-1.500000059604644775e-01,9.482004493474960327e-02,-1.539177596569061279e-01,2.466012686491012573e-01,1.256484985351562500e+00,5.984049290418624878e-02,5.146000000000000000e+03,5.220735351562500000e+03
-2.000000029802322388e-01,1.366542428731918335e-01,-3.375355899333953857e-01,4.143715202808380127e-01,1.178928852081298828e+00,5.737821385264396667e-02,5.199000000000000000e+03,5.552014160156250000e+03
-3.499999940395355225e-01,1.366542428731918335e-01,-4.911417365074157715e-01,4.117870926856994629e-01,1.151543140411376953e+00,5.591183528304100037e-02,3.954000000000000000e+03,4.234954101562500000e+03
0.000000000000000000e+00,4.482004791498184204e-02,-1.526000052690505981e-01,-6.548693869262933731e-03,8.795182704925537109e-01,7.118265330791473389e-02,3.730000000000000000e+03,3.853729492187500000e+03
9.482004493474960327e-02,1.764043420553207397e-01,-7.962216436862945557e-02,3.799609541893005371e-01,9.471541047096252441e-01,6.620444357395172119e-02,4.070000000000000000e+03,4.390275390625000000e+03
9.482004493474960327e-02,-2.000000029802322388e-01,3.909278512001037598e-01,-6.511773914098739624e-02,1.107604742050170898e+00,5.774428322911262512e-02,4.620000000000000000e+03,5.011277343750000000e+03
-4.499999880790710449e-01,3.562291860580444336e-01,-1.144166886806488037e-01,5.590382218360900879e-01,1.026232481002807617e+00,6.458399444818496704e-02,3.846000000000000000e+03,4.390666015625000000e+03
9.482004493474960327e-02,-1.500000059604644775e-01,2.025005817413330078e-01,4.268571138381958008e-01,1.169260025024414062e+00,1.610976606607437134e-01,2.388000000000000000e+03,2.960024902343750000e+03
-2.000000029802322388e-01,5.000000074505805969e-02,-1.386075839400291443e-02,-1.548777371644973755e-01,1.074992060661315918e+00,6.632962822914123535e-02,3.332000000000000000e+03,3.549054931640625000e+03
-1.000000014901161194e-01,2.514390051364898682e-01,-4.022936224937438965e-01,3.730718791484832764e-01,1.137730836868286133e+00,6.525783240795135498e-02,4.939000000000000000e+03,5.336215332031250000e+03
4.545493423938751221e-01,5.000000074505805969e-02,3.363642394542694092e-01,6.562264263629913330e-02,1.105597019195556641e+00,5.997791141271591187e-02,3.585000000000000000e+03,3.626489257812500000e+03
-2.500000000000000000e-01,-1.500000059604644775e-01,-1.211345642805099487e-01,1.480304002761840820e-01,1.236140608787536621e+00,6.120865419507026672e-02,4.926000000000000000e+03,5.260477539062500000e+03
3.221365213394165039e-01,4.223684668540954590e-01,2.767466306686401367e-01,4.310559034347534180e-01,8.789420723915100098e-01,5.812706798315048218e-02,2.609000000000000000e+03,2.616225830078125000e+03
0.000000000000000000e+00,-3.000000119209289551e-01,3.623247146606445312e-01,-4.016011059284210205e-01,1.165453910827636719e+00,5.858304351568222046e-02,4.516000000000000000e+03,4.975531738281250000e+03
3.221365213394165039e-01,1.764043420553207397e-01,2.777427732944488525e-01,2.324833720922470093e-01,6.503373384475708008e-01,7.787098735570907593e-02,2.147000000000000000e+03,2.172809326171875000e+03
-5.000000074505805969e-02,1.764043420553207397e-01,-5.159335955977439880e-02,-1.026564612984657288e-01,1.256942868232727051e+00,6.136295944452285767e-02,5.218000000000000000e+03,5.471650390625000000e+03
4.862083792686462402e-01,-3.499999940395355225e-01,2.536215782165527344e-01,-9.422503411769866943e-02,1.075719952583312988e+00,6.222490966320037842e-02,3.779000000000000000e+03,4.160412597656250000e+03
5.173884034156799316e-01,9.482004493474960327e-02,1.124332398176193237e-01,4.868799820542335510e-02,9.893492460250854492e-01,6.633357703685760498e-02,3.391000000000000000e+03,3.945586425781250000e+03
-5.500000119209289551e-01,3.221365213394165039e-01,-4.706591665744781494e-01,2.213409096002578735e-01,4.462584555149078369e-01,6.581766903400421143e-02,1.551000000000000000e+03,1.676824462890625000e+03
0.000000000000000000e+00,2.872454822063446045e-01,1.214811578392982483e-01,2.518443763256072998e-01,1.150198459625244141e+00,7.501531392335891724e-02,3.420000000000000000e+03,3.461112060546875000e+03
-2.000000029802322388e-01,-5.000000074505805969e-02,5.867160484194755554e-02,4.603137448430061340e-02,1.132086277008056641e+00,5.785644799470901489e-02,4.045000000000000000e+03,4.281368652343750000e+03
-4.499999880790710449e-01,-1.500000059604644775e-01,-3.928689360618591309e-01,-2.863286435604095459e-01,6.939674019813537598e-01,1.194863468408584595e-01,2.050000000000000000e+03,2.142142578125000000e+03
-2.641935050487518311e-01,-4.499999880790710449e-01,-7.007770240306854248e-02,-4.759446382522583008e-01,1.033150672912597656e+00,6.048915162682533264e-02,3.235000000000000000e+03,3.350182128906250000e+03
9.183419495820999146e-02,-2.500000000000000000e-01,3.550845086574554443e-01,-6.144565939903259277e-01,1.078999757766723633e+00,7.170887291431427002e-02,4.057000000000000000e+03,4.735632812500000000e+03
-5.000000074505805969e-02,-5.500000119209289551e-01,-2.654477059841156006e-01,-4.646637141704559326e-01,5.622221231460571289e-01,8.445502817630767822e-02,1.783000000000000000e+03,2.074603515625000000e+03
-1.000000014901161194e-01,3.562291860580444336e-01,-3.780798912048339844e-01,9.206946194171905518e-02,1.195000171661376953e+00,5.683053284883499146e-02,4.961000000000000000e+03,5.459669433593750000e+03
3.524634838104248047e-01,3.580648824572563171e-02,1.169088184833526611e-01,1.941569596529006958e-01,1.174107670783996582e+00,5.771888792514801025e-02,5.049000000000000000e+03,5.339795898437500000e+03
-5.000000074505805969e-02,0.000000000000000000e+00,7.231945544481277466e-02,-4.241840243339538574e-01,1.103874802589416504e+00,5.430192500352859497e-02,4.082000000000000000e+03,4.712893066406250000e+03
2.145627290010452271e-01,-1.000000014901161194e-01,-4.096948206424713135e-01,1.979000866413116455e-02,1.266473054885864258e+00,5.004689469933509827e-02,4.852000000000000000e+03,6.014254882812500000e+03
-1.500000059604644775e-01,-2.500000000000000000e-01,-1.194600835442543030e-01,-1.973251253366470337e-01,5.671511888504028320e-01,7.719738781452178955e-02,2.353000000000000000e+03,2.379970947265625000e+03
1.764043420553207397e-01,-5.000000074505805969e-02,3.681616783142089844e-01,-4.866444170475006104e-01,1.275202155113220215e+00,5.835541337728500366e-02,5.314000000000000000e+03,6.035483398437500000e+03
-1.118416264653205872e-01,-2.000000029802322388e-01,2.785662710666656494e-01,-6.531081795692443848e-01,1.262132406234741211e+00,5.225493386387825012e-02,4.733000000000000000e+03,5.746071777343750000e+03
5.000000074505805969e-02,1.366542428731918335e-01,2.436918914318084717e-01,1.058175489306449890e-01,7.120043635368347168e-01,7.746523618698120117e-02,1.976000000000000000e+03,2.123489746093750000e+03
-1.500000059604644775e-01,8.687628805637359619e-02,-1.955741494894027710e-01,1.482550203800201416e-01,4.293589591979980469e-01,8.123450726270675659e-02,1.522000000000000000e+03,1.569809448242187500e+03
2.514390051364898682e-01,-1.184162404388189316e-02,2.515337765216827393e-01,-7.473480887711048126e-03,4.891151189804077148e-01,7.007387280464172363e-02,1.810000000000000000e+03,1.810146606445312500e+03
3.221365213394165039e-01,-1.000000014901161194e-01,2.753985524177551270e-01,-2.812136411666870117e-01,1.076520323753356934e+00,6.473304331302642822e-02,4.107000000000000000e+03,4.230548339843750000e+03
-1.000000014901161194e-01,-1.641935110092163086e-01,-1.321192234754562378e-01,-2.913542687892913818e-01,1.015429377555847168e+00,5.705326423048973083e-02,4.068000000000000000e+03,4.135531250000000000e+03
2.145627290010452271e-01,0.000000000000000000e+00,3.349487185478210449e-01,-1.941598057746887207e-01,9.389159083366394043e-01,6.784927099943161011e-02,3.709000000000000000e+03,3.925734375000000000e+03
-1.172467991709709167e-01,-4.499999880790710449e-01,-2.140328884124755859e-01,-7.624393105506896973e-01,9.818779826164245605e-01,6.617376953363418579e-02,3.920000000000000000e+03,4.343843750000000000e+03
-1.500000059604644775e-01,9.482004493474960327e-02,6.099971476942300797e-03,5.421327799558639526e-02,1.272068500518798828e+00,6.191616877913475037e-02,5.018000000000000000e+03,5.098625000000000000e+03
-3.659073412418365479e-01,1.366542428731918335e-01,-2.793460488319396973e-01,6.863604485988616943e-02,1.226731657981872559e+00,7.564624398946762085e-02,4.790000000000000000e+03,4.828476562500000000e+03
1.366542428731918335e-01,-6.419350951910018921e-02,2.979400753974914551e-01,-2.934602200984954834e-01,1.252596497535705566e+00,6.115771830081939697e-02,5.216000000000000000e+03,5.473487304687500000e+03
5.000000074505805969e-02,-2.000000029802322388e-01,1.652712970972061157e-01,-4.930398762226104736e-01,1.101888179779052734e+00,6.267722696065902710e-02,4.134000000000000000e+03,4.465032714843750000e+03
5.000000074505805969e-02,-1.000000014901161194e-01,-2.611817717552185059e-01,2.246525287628173828e-01,1.216668486595153809e+00,6.178882345557212830e-02,4.752000000000000000e+03,5.382435058593750000e+03
2.145627290010452271e-01,0.000000000000000000e+00,6.966390460729598999e-02,-3.245034217834472656e-01,9.681373834609985352e-01,5.916864424943923950e-02,3.977000000000000000e+03,4.496522949218750000e+03
2.145627290010452271e-01,-4.172467887401580811e-01,8.586201816797256470e-02,-3.686557337641716003e-02,7.869700789451599121e-01,5.817207321524620056e-02,2.592000000000000000e+03,3.231944335937500000e+03
2.145627290010452271e-01,-2.000000029802322388e-01,-4.313846677541732788e-02,-1.988859176635742188e-01,1.252573132514953613e+00,5.885202437639236450e-02,5.046000000000000000e+03,5.257501953125000000e+03
1.366542428731918335e-01,9.482004493474960327e-02,3.852915763854980469e-01,2.055990276858210564e-03,8.924795985221862793e-01,7.083640247583389282e-02,2.914000000000000000e+03,3.166111083984375000e+03
-3.659073412418365479e-01,5.000000074505805969e-02,-3.930136561393737793e-01,-1.866069138050079346e-01,7.890697717666625977e-01,6.145253404974937439e-02,3.302000000000000000e+03,3.596273193359375000e+03
2.145627290010452271e-01,-5.179951898753643036e-03,2.395100593566894531e-01,2.525390982627868652e-01,1.260289788246154785e+00,5.422826483845710754e-02,5.063000000000000000e+03,5.274060058593750000e+03
9.482004493474960327e-02,9.482004493474960327e-02,1.934570819139480591e-02,5.758990049362182617e-01,1.230723500251770020e+00,6.618081033229827881e-02,4.365000000000000000e+03,5.024481933593750000e+03
1.316963285207748413e-01,9.482004493474960327e-02,6.885133683681488037e-02,7.829754799604415894e-02,1.248665690422058105e+00,6.610488891601562500e-02,4.564000000000000000e+03,4.576399902343750000e+03
2.145627290010452271e-01,-5.000000074505805969e-02,-1.080109477043151855e-01,1.723392754793167114e-01,1.250457048416137695e+00,5.845728889107704163e-02,5.287000000000000000e+03,5.794945312500000000e+03
-5.179951898753643036e-03,1.366542428731918335e-01,-1.820056438446044922e-01,1.672305315732955933e-01,8.354410529136657715e-01,7.679557800292968750e-02,2.619000000000000000e+03,2.738599121093750000e+03
-5.000000074505805969e-02,-5.000000074505805969e-02,-6.005630642175674438e-02,1.609839051961898804e-01,1.192812323570251465e+00,6.518188863992691040e-02,5.356000000000000000e+03,5.522190917968750000e+03
-2.000000029802322388e-01,5.000000074505805969e-02,-1.626563966274261475e-01,-2.028377205133438110e-01,1.283652067184448242e+00,6.116938591003417969e-02,5.119000000000000000e+03,5.319812011718750000e+03
-1.102498918771743774e-01,5.000000074505805969e-02,-2.005409896373748779e-01,-9.253525175154209137e-03,1.219852924346923828e+00,6.361854821443557739e-02,4.403000000000000000e+03,4.437566894531250000e+03
-1.500000059604644775e-01,2.514390051364898682e-01,1.844980716705322266e-01,2.338410355150699615e-02,1.207131862640380859e+00,5.823554843664169312e-02,5.020000000000000000e+03,5.569353027343750000e+03
-1.500000059604644775e-01,1.724607348442077637e-01,-2.889469861984252930e-01,-2.750274725258350372e-02,1.064012885093688965e+00,6.694901734590530396e-02,3.582000000000000000e+03,3.767086669921875000e+03
-5.500000119209289551e-01,8.687628805637359619e-02,-5.163686275482177734e-01,1.429397016763687134e-01,5.739264488220214844e-01,1.161268427968025208e-01,2.009000000000000000e+03,2.035005371093750000e+03
-2.500000000000000000e-01,5.000000074505805969e-02,-2.503462433815002441e-01,-9.752912819385528564e-02,1.220738530158996582e+00,5.745857581496238708e-02,5.006000000000000000e+03,5.078702148437500000e+03
8.975010365247726440e-02,1.366542428731918335e-01,2.444299906492233276e-01,1.781319975852966309e-01,1.217429399490356445e+00,6.304325908422470093e-02,4.372000000000000000e+03,4.447552246093750000e+03
-2.000000029802322388e-01,-1.500000059604644775e-01,-1.223159581422805786e-01,3.487811982631683350e-02,9.138954281806945801e-01,6.806767731904983521e-02,3.076000000000000000e+03,3.222468017578125000e+03
1.235305294394493103e-01,2.514390051364898682e-01,1.438834071159362793e-01,6.956886053085327148e-01,1.199202060699462891e+00,6.042749807238578796e-02,4.944000000000000000e+03,5.602443847656250000e+03
-7.005596160888671875e-02,-1.000000014901161194e-01,-4.458029270172119141e-01,1.564284563064575195e-01,1.073211431503295898e+00,5.788459256291389465e-02,3.983000000000000000e+03,4.672116210937500000e+03
-3.707512021064758301e-01,-4.000000059604644775e-01,-3.611070811748504639e-01,-2.919010221958160400e-01,7.013747692108154297e-01,5.806670710444450378e-02,2.488000000000000000e+03,2.547109619140625000e+03
-2.141935080289840698e-01,-2.500000000000000000e-01,-1.415913701057434082e-01,-5.796274542808532715e-01,1.114650845527648926e+00,5.662109330296516418e-02,4.535000000000000000e+03,4.942576660156250000e+03
1.366542428731918335e-01,-2.000000029802322388e-01,1.445392519235610962e-01,-3.328027129173278809e-01,1.251514792442321777e+00,6.187810003757476807e-02,5.267000000000000000e+03,5.326216308593750000e+03
3.562291860580444336e-01,-3.178191184997558594e-01,-1.836684495210647583e-01,-6.368489563465118408e-02,9.964673519134521484e-01,2.327685654163360596e-01,1.369000000000000000e+03,1.829565795898437500e+03
-1.500000059604644775e-01,4.183419048786163330e-02,5.891629308462142944e-02,2.149747125804424286e-02,9.692189097404479980e-01,7.976318150758743286e-02,3.292000000000000000e+03,3.444720703125000000e+03
-1.000000014901161194e-01,-2.000000029802322388e-01,5.169394016265869141e-01,-2.286207675933837891e-01,1.262915372848510742e+00,6.116657331585884094e-02,5.208000000000000000e+03,6.395998535156250000e+03
1.764043420553207397e-01,9.482004493474960327e-02,1.589963138103485107e-01,1.189734190702438354e-01,1.231903195381164551e+00,6.093042343854904175e-02,4.720000000000000000e+03,4.722721679687500000e+03
2.145627290010452271e-01,-5.179951898753643036e-03,-4.325545951724052429e-02,-2.195151895284652710e-01,7.871400117874145508e-01,6.652681529521942139e-02,2.880000000000000000e+03,3.382025878906250000e+03
5.000000074505805969e-02,1.764043420553207397e-01,6.196020543575286865e-02,1.384358853101730347e-01,1.059906005859375000e+00,6.744844466447830200e-02,3.671000000000000000e+03,3.676175048828125000e+03
-5.000000074505805969e-02,1.329784244298934937e-01,-2.430630326271057129e-01,-1.706399023532867432e-01,8.806989192962646484e-01,5.132754892110824585e-02,3.694000000000000000e+03,4.289116699218750000e+03
-3.000000119209289551e-01,-1.419351249933242798e-02,-2.899229228496551514e-01,-6.023047864437103271e-02,4.706663787364959717e-01,6.143605336546897888e-02,1.739000000000000000e+03,1.756342529296875000e+03
1.764043420553207397e-01,3.562291860580444336e-01,3.773570805788040161e-02,4.130652844905853271e-01,8.559531569480895996e-01,5.950281023979187012e-02,3.758000000000000000e+03,3.872464843750000000e+03
-1.500000059604644775e-01,2.145627290010452271e-01,6.237910315394401550e-02,6.024555861949920654e-02,9.439017176628112793e-01,6.762348860502243042e-02,3.499000000000000000e+03,3.764834716796875000e+03
-3.000000119209289551e-01,2.145627290010452271e-01,-1.525544673204421997e-01,5.295103788375854492e-01,9.733136892318725586e-01,5.730534717440605164e-02,4.072000000000000000e+03,4.577718750000000000e+03
-6.024989485740661621e-02,-2.500000000000000000e-01,-1.549533903598785400e-01,-1.440510302782058716e-01,1.259389758110046387e+00,5.882914364337921143e-02,3.684000000000000000e+03,3.730824218750000000e+03
3.562291860580444336e-01,-2.000000029802322388e-01,1.013594120740890503e-01,-2.230945229530334473e-01,7.746931314468383789e-01,7.626480609178543091e-02,2.130000000000000000e+03,2.356624267578125000e+03
-4.499999880790710449e-01,1.748126149177551270e-01,-6.259325146675109863e-01,5.664192512631416321e-02,6.249563097953796387e-01,6.502034515142440796e-02,2.829000000000000000e+03,3.146099121093750000e+03
9.482004493474960327e-02,1.366542428731918335e-01,-3.119258880615234375e-01,2.160651683807373047e-01,1.177042365074157715e+00,6.855262815952301025e-02,4.350000000000000000e+03,4.873579101562500000e+03
1.329784244298934937e-01,-6.000000238418579102e-01,1.256667375564575195e-01,-2.822432518005371094e-01,1.008190631866455078e+00,6.487452983856201172e-02,2.971000000000000000e+03,3.259993164062500000e+03
9.482004493474960327e-02,-1.500000059604644775e-01,4.290838539600372314e-01,1.811104118824005127e-01,1.258172154426574707e+00,5.706921219825744629e-02,4.985000000000000000e+03,5.661814941406250000e+03
-1.000000014901161194e-01,-5.000000074505805969e-02,2.385928779840469360e-01,-1.002734079957008362e-01,1.022714972496032715e+00,7.266233861446380615e-02,4.084000000000000000e+03,4.529135742187500000e+03
2.145627290010452271e-01,-6.967304646968841553e-02,2.796163558959960938e-01,-1.820899546146392822e-01,8.377680182456970215e-01,6.455471366643905640e-02,3.361000000000000000e+03,3.441402587890625000e+03
-1.618416309356689453e-01,-5.000000074505805969e-02,3.029145598411560059e-01,2.711595594882965088e-01,1.012399911880493164e+00,6.259205937385559082e-02,3.346000000000000000e+03,4.328172363281250000e+03
9.482004493474960327e-02,-1.000000014901161194e-01,1.441779732704162598e-01,-2.133649587631225586e-01,1.094703078269958496e+00,5.460939183831214905e-02,4.396000000000000000e+03,4.451874023437500000e+03
-6.590732932090759277e-02,2.145627290010452271e-01,-1.508007943630218506e-01,-4.346773326396942139e-01,1.285742640495300293e+00,6.355844438076019287e-02,4.813000000000000000e+03,5.996802734375000000e+03
-1.000000014901161194e-01,-2.151089608669281006e-01,2.057309076189994812e-02,-2.519616186618804932e-01,9.184107780456542969e-01,6.092168018221855164e-02,3.457000000000000000e+03,3.522095214843750000e+03
-1.000000014901161194e-01,1.764043420553207397e-01,-1.519746780395507812e-01,2.287191301584243774e-01,1.046943187713623047e+00,6.203060224652290344e-02,4.110000000000000000e+03,4.130313476562500000e+03
9.482004493474960327e-02,-2.500000000000000000e-01,5.830018594861030579e-02,-2.959389388561248779e-01,9.629486799240112305e-01,5.702313408255577087e-02,3.605000000000000000e+03,3.618280273437500000e+03
-2.500000000000000000e-01,-2.500000000000000000e-01,-4.874990582466125488e-01,-4.044860228896141052e-02,9.650596976280212402e-01,6.265284866094589233e-02,3.588000000000000000e+03,3.965153320312500000e+03
1.244056150317192078e-01,2.872454822063446045e-01,2.887767553329467773e-02,-1.507780700922012329e-01,9.525447487831115723e-01,7.204524427652359009e-02,2.975000000000000000e+03,3.604685058593750000e+03
0.000000000000000000e+00,8.687628805637359619e-02,1.233689412474632263e-01,-3.098860681056976318e-01,1.198723077774047852e+00,5.219663679599761963e-02,4.720000000000000000e+03,5.272662109375000000e+03
2.145627290010452271e-01,-6.024989485740661621e-02,2.125078737735748291e-01,3.538415729999542236e-01,1.171929955482482910e+00,6.236802414059638977e-02,4.247000000000000000e+03,4.762210937500000000e+03
-2.500000000000000000e-01,0.000000000000000000e+00,-4.372827410697937012e-01,2.867317199707031250e-01,1.089733481407165527e+00,6.009536609053611755e-02,4.292000000000000000e+03,4.706058105468750000e+03
-1.000000014901161194e-01,1.764043420553207397e-01,-7.164607197046279907e-02,-6.549195200204849243e-02,1.205791473388671875e+00,6.175927817821502686e-02,4.845000000000000000e+03,5.040422363281250000e+03
2.872454822063446045e-01,9.482004493474960327e-02,6.152935028076171875e-01,-1.118836626410484314e-01,9.809408783912658691e-01,6.372050195932388306e-02,3.589000000000000000e+03,4.131240722656250000e+03
2.872454822063446045e-01,9.482004493474960327e-02,4.369759187102317810e-02,-6.506697088479995728e-02,1.040913820266723633e+00,6.463284045457839966e-02,3.268000000000000000e+03,3.519589111328125000e+03
9.482004493474960327e-02,5.000000074505805969e-02,5.155401229858398438e-01,2.457604110240936279e-01,1.219948887825012207e+00,6.159071251749992371e-02,4.945000000000000000e+03,5.637314453125000000e+03
-9.499999880790710449e-01,3.450666368007659912e-01,-8.922459483146667480e-01,3.643684983253479004e-01,3.380348384380340576e-01,1.276079267263412476e-01,1.460000000000000000e+03,1.506993286132812500e+03
2.145627290010452271e-01,-5.179951898753643036e-03,2.040123194456100464e-01,-1.755530387163162231e-02,1.256718873977661133e+00,6.398413330316543579e-02,4.095000000000000000e+03,4.095692382812500000e+03
1.764043420553207397e-01,2.145627290010452271e-01,4.774429202079772949e-01,2.775924205780029297e-01,9.170699715614318848e-01,5.783801153302192688e-02,3.326000000000000000e+03,3.689973632812500000e+03
3.221365213394165039e-01,3.562291860580444336e-01,1.258195042610168457e-01,-1.641848497092723846e-02,1.126161456108093262e+00,5.786452814936637878e-02,3.653000000000000000e+03,4.148968750000000000e+03
-1.500000059604644775e-01,1.275732517242431641e-01,-1.703037321567535400e-01,3.913125395774841309e-01,1.257973194122314453e+00,7.006967067718505859e-02,4.464000000000000000e+03,4.659370117187500000e+03
1.366542428731918335e-01,-4.499999880790710449e-01,1.507888585329055786e-01,-2.316041439771652222e-01,7.962223291397094727e-01,7.574593275785446167e-02,2.315000000000000000e+03,2.487026855468750000e+03
-2.131237089633941650e-01,-4.000000059604644775e-01,-1.791633665561676025e-01,-4.158214628696441650e-01,4.194152951240539551e-01,1.037692651152610779e-01,9.500000000000000000e+02,9.575443115234375000e+02
3.221365213394165039e-01,-6.499999761581420898e-01,3.837330341339111328e-01,-6.753842830657958984e-01,6.783185005187988281e-01,8.494497090578079224e-02,2.235000000000000000e+03,2.256607421875000000e+03
-7.845556735992431641e-02,-5.178191065788269043e-01,-3.128237724304199219e-01,-6.782622337341308594e-01,6.554398536682128906e-01,1.038531064987182617e-01,2.005000000000000000e+03,2.366463623046875000e+03
2.514390051364898682e-01,9.482004493474960327e-02,1.587028354406356812e-01,2.353055924177169800e-01,1.128203392028808594e+00,6.834682077169418335e-02,4.117000000000000000e+03,4.208189453125000000e+03
-1.500000059604644775e-01,-1.500000059604644775e-01,-2.723296284675598145e-01,-1.742664873600006104e-01,7.315713167190551758e-01,6.403863430023193359e-02,2.578000000000000000e+03,2.652209472656250000e+03
1.764043420553207397e-01,-4.000000059604644775e-01,2.393692582845687866e-01,-4.205068647861480713e-01,5.913625955581665039e-01,7.610805332660675049e-02,1.866000000000000000e+03,1.889284301757812500e+03
-1.500000059604644775e-01,0.000000000000000000e+00,-4.584388434886932373e-02,-4.813073948025703430e-02,4.543477594852447510e-01,6.039873883128166199e-02,1.338000000000000000e+03,1.421965942382812500e+03
4.482004791498184204e-02,-1.500000059604644775e-01,4.282590746879577637e-02,-2.614568769931793213e-01,1.266366481781005859e+00,5.435694009065628052e-02,5.461000000000000000e+03,5.503380371093750000e+03
-2.500000000000000000e-01,-2.000000029802322388e-01,-4.507266283035278320e-01,-5.081284046173095703e-01,9.409750103950500488e-01,6.356718391180038452e-02,2.984000000000000000e+03,3.424684082031250000e+03
-5.000000074505805969e-02,0.000000000000000000e+00,-1.166517883539199829e-01,-2.918682098388671875e-01,1.167954564094543457e+00,6.710488349199295044e-02,4.422000000000000000e+03,4.708726074218750000e+03
-1.881999336183071136e-02,-3.000000119209289551e-01,-3.037418127059936523e-01,-3.280673027038574219e-01,8.143417835235595703e-01,5.937579646706581116e-02,2.822000000000000000e+03,3.161664550781250000e+03
-1.000000014901161194e-01,-1.500000059604644775e-01,2.920555509626865387e-02,2.767346240580081940e-02,1.004720330238342285e+00,7.203416526317596436e-02,3.203000000000000000e+03,3.354725585937500000e+03
0.000000000000000000e+00,-1.000000014901161194e-01,1.188126876950263977e-01,-2.702605128288269043e-01,1.189018845558166504e+00,6.177890300750732422e-02,4.250000000000000000e+03,4.378648925781250000e+03
1.366542428731918335e-01,-1.000000014901161194e-01,-4.592425748705863953e-02,-1.964940577745437622e-01,9.569801092147827148e-01,7.099007070064544678e-02,3.179000000000000000e+03,3.325707275390625000e+03
5.000000074505805969e-02,5.000000074505805969e-02,-2.100861445069313049e-02,-1.172149926424026489e-01,9.260658621788024902e-01,6.098219379782676697e-02,3.571000000000000000e+03,3.707202148437500000e+03
-2.000000029802322388e-01,2.514390051364898682e-01,-1.816615611314773560e-01,2.235266864299774170e-01,1.229449391365051270e+00,6.222984567284584045e-02,3.981000000000000000e+03,3.983905761718750000e+03
2.145627290010452271e-01,-5.000000074505805969e-02,-9.662867337465286255e-02,-4.720998704433441162e-01,1.048044085502624512e+00,6.342992931604385376e-02,3.958000000000000000e+03,4.898983886718750000e+03
-5.179951898753643036e-03,-1.672467887401580811e-01,-2.093545347452163696e-01,1.608125567436218262e-01,1.141246914863586426e+00,5.362833663821220398e-02,4.575000000000000000e+03,5.085765136718750000e+03
-5.000000074505805969e-02,-5.000000074505805969e-02,3.262844383716583252e-01,-2.106861770153045654e-01,1.021161198616027832e+00,7.456017285585403442e-02,3.459000000000000000e+03,3.995629882812500000e+03
-2.131237089633941650e-01,1.764043420553207397e-01,-1.848485618829727173e-01,2.885762453079223633e-01,6.674494147300720215e-01,1.201609149575233459e-01,1.935000000000000000e+03,1.992847045898437500e+03
0.000000000000000000e+00,2.514390051364898682e-01,-1.952832378447055817e-02,5.538793802261352539e-01,7.285006046295166016e-01,6.855952739715576172e-02,2.278000000000000000e+03,2.657623779296875000e+03
-1.419351249933242798e-02,-3.000000119209289551e-01,-2.401028014719486237e-02,-2.540288269519805908e-01,5.048121809959411621e-01,7.545426487922668457e-02,1.669000000000000000e+03,1.683498291015625000e+03
3.896152675151824951e-01,2.514390051364898682e-01,1.559919118881225586e-02,2.232984900474548340e-01,1.055636644363403320e+00,6.433808058500289917e-02,3.891000000000000000e+03,4.368604980468750000e+03
3.221365213394165039e-01,1.207469105720520020e-01,2.856012582778930664e-01,8.291566045954823494e-04,1.007201671600341797e+00,7.746317237615585327e-02,3.736000000000000000e+03,3.793584716796875000e+03
9.482004493474960327e-02,2.145627290010452271e-01,2.686181105673313141e-02,5.229539275169372559e-01,1.009702682495117188e+00,7.189805805683135986e-02,3.664000000000000000e+03,4.014563476562500000e+03
-2.500000000000000000e-01,2.145627290010452271e-01,-4.727559089660644531e-01,3.369139134883880615e-01,8.461027741432189941e-01,5.441111326217651367e-02,3.054000000000000000e+03,3.323883300781250000e+03
-5.000000074505805969e-02,-5.000000074505805969e-02,3.196852505207061768e-01,-2.047572731971740723e-01,1.077656149864196777e+00,6.185934692621231079e-02,4.582000000000000000e+03,5.196956054687500000e+03
5.000000074505805969e-02,2.145627290010452271e-01,1.613352596759796143e-01,9.275882691144943237e-02,1.160113692283630371e+00,6.386307626962661743e-02,4.545000000000000000e+03,4.636590820312500000e+03
-1.000000014901161194e-01,-2.000000029802322388e-01,-4.091125726699829102e-01,1.159391701221466064e-01,1.223726868629455566e+00,5.925722047686576843e-02,4.683000000000000000e+03,5.276048828125000000e+03
-4.000000059604644775e-01,-1.500000059604644775e-01,-3.284795284271240234e-01,-2.729685008525848389e-01,7.803474068641662598e-01,7.294462621212005615e-02,3.210000000000000000e+03,3.315843994140625000e+03
-1.729990839958190918e-01,-6.999999880790710449e-01,-1.633366495370864868e-01,-5.050171017646789551e-01,5.278707742691040039e-01,2.101564258337020874e-01,7.750000000000000000e+02,8.778171997070312500e+02
-2.500000000000000000e-01,-1.000000014901161194e-01,-1.912548243999481201e-01,-3.827181458473205566e-01,1.074177980422973633e+00,5.712196230888366699e-02,4.205000000000000000e+03,4.503789062500000000e+03
-1.618416309356689453e-01,-1.000000014901161194e-01,-2.461344301700592041e-01,-3.455151617527008057e-01,1.259037733078002930e+00,5.785883218050003052e-02,4.990000000000000000e+03,5.200295898437500000e+03
-1.618416309356689453e-01,-2.000000029802322388e-01,-1.140714287757873535e-01,-4.880531877279281616e-02,8.275262713432312012e-01,6.372839212417602539e-02,3.008000000000000000e+03,3.117608154296875000e+03
2.145627290010452271e-01,-1.000000014901161194e-01,-1.501048356294631958e-01,2.751776874065399170e-01,1.240128517150878906e+00,5.623620003461837769e-02,5.091000000000000000e+03,5.961973632812500000e+03
1.665982753038406372e-01,-1.500000059604644775e-01,1.943200677633285522e-01,-8.657376468181610107e-02,1.267989397048950195e+00,5.904763191938400269e-02,4.634000000000000000e+03,4.647835937500000000e+03
-1.024989411234855652e-02,-2.000000029802322388e-01,2.005496621131896973e-02,-2.583263814449310303e-01,1.202707052230834961e+00,5.916992947459220886e-02,4.261000000000000000e+03,4.273722656250000000e+03
-1.000000014901161194e-01,-1.000000014901161194e-01,-6.864059716463088989e-02,-5.391293168067932129e-01,1.167469024658203125e+00,6.464777141809463501e-02,4.820000000000000000e+03,5.484546875000000000e+03
-6.184162572026252747e-02,3.562291860580444336e-01,-2.557446956634521484e-01,4.811907410621643066e-01,6.587225198745727539e-01,6.585536152124404907e-02,2.431000000000000000e+03,2.721310791015625000e+03
5.000000074505805969e-02,5.000000074505805969e-02,1.034597009420394897e-01,-2.892704904079437256e-01,1.218414425849914551e+00,8.171635121107101440e-02,4.091000000000000000e+03,4.410123535156250000e+03
-2.000000029802322388e-01,-2.000000029802322388e-01,-2.467963844537734985e-01,1.914680376648902893e-02,7.847210168838500977e-01,8.027517050504684448e-02,2.573000000000000000e+03,2.779034667968750000e+03
2.145627290010452271e-01,0.000000000000000000e+00,-4.888244345784187317e-02,1.920551620423793793e-02,1.281485795974731445e+00,5.917355790734291077e-02,5.067000000000000000e+03,5.280541015625000000e+03
-3.000000119209289551e-01,2.145627290010452271e-01,-2.217578887939453125e-01,-7.780654728412628174e-02,9.132140874862670898e-01,7.522572576999664307e-02,2.894000000000000000e+03,3.204402343750000000e+03
5.000000074505805969e-02,-1.000000014901161194e-01,-7.159551233053207397e-02,-3.678948581218719482e-01,7.993490099906921387e-01,6.307571381330490112e-02,3.228000000000000000e+03,3.652954345703125000e+03
-5.000000074505805969e-02,4.183419048786163330e-02,-8.014958351850509644e-02,8.671593666076660156e-02,1.195499062538146973e+00,6.735546141862869263e-02,4.159000000000000000e+03,4.167452148437500000e+03
-1.000000014901161194e-01,-1.000000014901161194e-01,-8.174144476652145386e-02,-4.182326793670654297e-01,7.681523561477661133e-01,9.001810848712921143e-02,2.451000000000000000e+03,2.857923095703125000e+03
-1.500000059604644775e-01,1.366542428731918335e-01,-7.399341464042663574e-02,2.152003347873687744e-01,7.706732749938964844e-01,5.759482830762863159e-02,2.735000000000000000e+03,2.789707275390625000e+03
-1.102498918771743774e-01,-2.000000029802322388e-01,3.762102685868740082e-03,-2.127388268709182739e-01,1.051454424858093262e+00,7.182323187589645386e-02,3.761000000000000000e+03,3.805786865234375000e+03
2.145627290010452271e-01,9.482004493474960327e-02,2.504349946975708008e-01,-1.356752514839172363e-01,1.269934415817260742e+00,5.785370245575904846e-02,5.138000000000000000e+03,5.309457031250000000e+03
3.975010663270950317e-02,2.514390051364898682e-01,-5.468609184026718140e-02,2.785061299800872803e-01,8.636554479598999023e-01,7.415955513715744019e-02,2.582000000000000000e+03,2.615422363281250000e+03
0.000000000000000000e+00,1.275732517242431641e-01,-3.379985690116882324e-01,9.948968142271041870e-02,9.707534313201904297e-01,6.901536136865615845e-02,3.561000000000000000e+03,3.984585449218750000e+03
6.961627006530761719e-01,-7.041443139314651489e-02,4.012679159641265869e-01,-4.546536505222320557e-02,7.128478288650512695e-01,2.633834183216094971e-01,1.025000000000000000e+03,1.195173950195312500e+03
2.112953811883926392e-01,-1.000000014901161194e-01,4.140520393848419189e-01,1.214926764369010925e-01,1.241726517677307129e+00,5.525932461023330688e-02,5.473000000000000000e+03,5.788215820312500000e+03
0.000000000000000000e+00,-5.000000074505805969e-02,8.997876197099685669e-02,1.023856028914451599e-01,1.172045707702636719e+00,7.353570312261581421e-02,4.250000000000000000e+03,4.346157714843750000e+03
-3.000000119209289551e-01,-3.000000119209289551e-01,-2.147670686244964600e-01,-7.087240219116210938e-01,9.311463832855224609e-01,6.599456071853637695e-02,4.216000000000000000e+03,5.028883789062500000e+03
1.764043420553207397e-01,-1.000000014901161194e-01,-1.229934468865394592e-01,6.933118402957916260e-02,1.171450138092041016e+00,6.234502792358398438e-02,4.251000000000000000e+03,4.609488769531250000e+03
-3.000000119209289551e-01,-8.707512021064758301e-01,-3.219883143901824951e-01,-8.135247826576232910e-01,2.792907953262329102e-01,1.049364134669303894e-01,1.139000000000000000e+03,1.193235107421875000e+03
0.000000000000000000e+00,1.764043420553207397e-01,-2.228747755289077759e-01,1.587276756763458252e-01,1.277152895927429199e+00,5.669718608260154724e-02,5.134000000000000000e+03,5.290376464843750000e+03
2.514390051364898682e-01,-5.000000074505805969e-02,1.782167106866836548e-01,-3.185418248176574707e-01,6.549339890480041504e-01,6.893675029277801514e-02,2.544000000000000000e+03,2.985799316406250000e+03
9.482004493474960327e-02,2.145627290010452271e-01,-8.070532232522964478e-02,-1.055263280868530273e-01,1.260011911392211914e+00,5.914966389536857605e-02,4.650000000000000000e+03,5.032153320312500000e+03
2.145627290010452271e-01,5.000000074505805969e-02,1.913299858570098877e-01,3.152362406253814697e-01,1.174099206924438477e+00,7.144355028867721558e-02,3.911000000000000000e+03,4.110050781250000000e+03
1.449640393257141113e-01,-4.499999880790710449e-01,2.194845676422119141e-01,-4.682818353176116943e-01,1.015953660011291504e+00,6.416510790586471558e-02,2.927000000000000000e+03,2.943628417968750000e+03
-2.500000000000000000e-01,3.221365213394165039e-01,-2.437844276428222656e-01,-5.979048553854227066e-03,1.108738660812377930e+00,6.060543283820152283e-02,5.074000000000000000e+03,5.509267089843750000e+03
8.942651562392711639e-03,-4.499999880790710449e-01,2.230109125375747681e-01,-7.648903727531433105e-01,1.025427699089050293e+00,7.865832000970840454e-02,2.885000000000000000e+03,3.270709960937500000e+03
-4.000000059604644775e-01,5.000000074505805969e-02,-7.847449183464050293e-01,7.104107737541198730e-02,9.996663331985473633e-01,9.384387731552124023e-02,3.534000000000000000e+03,4.042183105468750000e+03
-2.500000000000000000e-01,1.764043420553207397e-01,-1.577553004026412964e-01,1.850618869066238403e-01,1.224838376045227051e+00,6.084054708480834961e-02,4.755000000000000000e+03,4.782013671875000000e+03
2.467435896396636963e-01,1.366542428731918335e-01,2.130713313817977905e-01,7.239465415477752686e-02,9.616461396217346191e-01,6.140750646591186523e-02,2.978000000000000000e+03,2.994918212890625000e+03
-5.000000074505805969e-02,-1.200559586286544800e-01,-1.817537844181060791e-01,-1.814387738704681396e-01,8.359071612358093262e-01,8.056872338056564331e-02,3.288000000000000000e+03,3.386910888671875000e+03
2.145627290010452271e-01,-1.724679581820964813e-02,4.627872407436370850e-01,2.280105799436569214e-01,1.229747414588928223e+00,5.768940225243568420e-02,5.328000000000000000e+03,5.749104980468750000e+03
1.357142180204391479e-01,-5.000000000000000000e-01,2.412036061286926270e-01,-4.000565111637115479e-01,4.691895544528961182e-01,9.350781142711639404e-02,1.160000000000000000e+03,1.268707397460937500e+03
2.872454822063446045e-01,-1.184162404388189316e-02,2.680694758892059326e-01,6.577802449464797974e-02,8.480733633041381836e-01,7.622224092483520508e-02,3.261000000000000000e+03,3.289953125000000000e+03
-2.500000000000000000e-01,-1.500000059604644775e-01,1.563287675380706787e-01,-3.221218585968017578e-01,1.104994654655456543e+00,5.998718738555908203e-02,4.309000000000000000e+03,4.972463378906250000e+03
-1.500000059604644775e-01,-5.000000074505805969e-02,3.072624504566192627e-01,-4.547936320304870605e-01,1.166199564933776855e+00,5.513046309351921082e-02,3.925000000000000000e+03,4.943120605468750000e+03
-1.500000059604644775e-01,-5.000000074505805969e-02,-5.647395253181457520e-01,1.920465826988220215e-01,1.067601084709167480e+00,5.792208760976791382e-02,3.650000000000000000e+03,4.356383789062500000e+03
-6.000000238418579102e-01,-1.500000059604644775e-01,-2.460989803075790405e-01,-4.585905075073242188e-01,1.117206454277038574e+00,6.403336673974990845e-02,4.173000000000000000e+03,4.881589355468750000e+03
8.409266918897628784e-02,-2.131237089633941650e-01,2.960625886917114258e-01,-1.546509861946105957e-01,1.167615413665771484e+00,6.314586102962493896e-02,4.309000000000000000e+03,4.460643554687500000e+03
1.764043420553207397e-01,-3.000000119209289551e-01,1.608066409826278687e-01,-3.938538730144500732e-01,8.337790966033935547e-01,6.471420824527740479e-02,2.768000000000000000e+03,2.803830078125000000e+03
3.218087181448936462e-02,1.366542428731918335e-01,3.156742155551910400e-01,-9.214529767632484436e-03,1.041753530502319336e+00,5.428537353873252869e-02,4.313000000000000000e+03,4.708841796875000000e+03
-1.184162404388189316e-02,4.482004791498184204e-02,-6.181906908750534058e-02,-1.636740863323211670e-01,7.884978652000427246e-01,5.770705640316009521e-02,3.055000000000000000e+03,3.277007568359375000e+03
1.764043420553207397e-01,-5.000000074505805969e-02,-3.482304140925407410e-02,-2.071492671966552734e-01,1.258996844291687012e+00,5.848577991127967834e-02,4.908000000000000000e+03,5.120508789062500000e+03
-1.500000059604644775e-01,-1.000000014901161194e-01,-3.609048575162887573e-02,-1.517734974622726440e-01,4.947808384895324707e-01,1.153809279203414917e-01,1.457000000000000000e+03,1.548863891601562500e+03
2.514390051364898682e-01,2.514390051364898682e-01,4.288764595985412598e-01,7.338997907936573029e-03,9.900110960006713867e-01,7.420218735933303833e-02,3.236000000000000000e+03,3.530518554687500000e+03
-5.000000074505805969e-02,-3.000000119209289551e-01,2.285996526479721069e-01,-1.755911707878112793e-01,9.870026111602783203e-01,5.732735991477966309e-02,4.433000000000000000e+03,4.846705078125000000e+03
-5.000000074505805969e-02,0.000000000000000000e+00,-1.138966903090476990e-01,-1.250655949115753174e-01,7.834593653678894043e-01,6.795784831047058105e-02,2.828000000000000000e+03,2.917925781250000000e+03
-5.000000074505805969e-02,-3.000000119209289551e-01,6.561094429343938828e-03,-3.442962188273668289e-03,1.176989316940307617e+00,5.914644151926040649e-02,4.157000000000000000e+03,4.426543457031250000e+03
1.764043420553207397e-01,-1.000000014901161194e-01,2.487245053052902222e-01,1.294764429330825806e-01,1.117487192153930664e+00,5.918240919709205627e-02,4.309000000000000000e+03,4.506813476562500000e+03
-3.499999940395355225e-01,-2.500000000000000000e-01,-2.162463068962097168e-01,-5.511821508407592773e-01,1.031571388244628906e+00,6.412065029144287109e-02,4.005000000000000000e+03,4.404293457031250000e+03
9.482004493474960327e-02,5.000000074505805969e-02,-3.166450262069702148e-01,-1.705963313579559326e-01,1.225150108337402344e+00,5.713940039277076721e-02,4.559000000000000000e+03,5.199720703125000000e+03
-2.141935080289840698e-01,-5.000000000000000000e-01,1.447766423225402832e-01,-8.875005245208740234e-01,1.034407496452331543e+00,1.056487336754798889e-01,3.554000000000000000e+03,4.434783203125000000e+03
-1.500000059604644775e-01,9.482004493474960327e-02,-4.192429780960083008e-01,-3.691558912396430969e-02,1.273529052734375000e+00,5.820137262344360352e-02,5.017000000000000000e+03,5.290835937500000000e+03
-1.500000059604644775e-01,9.482004493474960327e-02,-1.742322593927383423e-01,-2.930111065506935120e-02,1.280797362327575684e+00,6.182061880826950073e-02,4.696000000000000000e+03,4.741874511718750000e+03
8.275320380926132202e-02,-1.102498918771743774e-01,1.764873415231704712e-02,-7.578009366989135742e-01,1.214313149452209473e+00,6.263922154903411865e-02,4.708000000000000000e+03,5.986683593750000000e+03
-2.159073352813720703e-01,3.533165454864501953e-01,-7.021215558052062988e-01,1.442324817180633545e-01,1.186183452606201172e+00,5.970757454633712769e-02,4.567000000000000000e+03,5.437761230468750000e+03
-2.500000000000000000e-01,-2.641935050487518311e-01,-2.224553823471069336e-01,-5.982493758201599121e-01,1.185935497283935547e+00,5.727990716695785522e-02,4.741000000000000000e+03,5.112450195312500000e+03
-5.000000074505805969e-02,1.764043420553207397e-01,9.972099214792251587e-02,8.150838613510131836e-01,1.220692753791809082e+00,6.959968060255050659e-02,4.753000000000000000e+03,6.048886230468750000e+03
-1.926239021122455597e-02,1.366542428731918335e-01,-1.717568933963775635e-01,1.864199042320251465e-01,9.451999664306640625e-01,5.767756327986717224e-02,3.727000000000000000e+03,3.833603759765625000e+03
-5.000000074505805969e-02,1.715452671051025391e-01,1.479826420545578003e-01,-1.120216622948646545e-01,8.767194747924804688e-01,6.374090164899826050e-02,3.190000000000000000e+03,3.670134521484375000e+03
5.000000074505805969e-02,-1.500000059604644775e-01,-6.113838776946067810e-02,-2.034608274698257446e-01,4.730858802795410156e-01,9.268162399530410767e-02,1.731000000000000000e+03,1.846929443359375000e+03
-5.000000074505805969e-02,1.764043420553207397e-01,1.536816954612731934e-01,3.510328531265258789e-01,1.267464518547058105e+00,6.359077990055084229e-02,5.390000000000000000e+03,5.628433105468750000e+03
-1.000000014901161194e-01,0.000000000000000000e+00,8.101604878902435303e-02,2.136315554380416870e-01,9.132873415946960449e-01,6.350021064281463623e-02,3.151000000000000000e+03,3.441406250000000000e+03
1.366542428731918335e-01,0.000000000000000000e+00,1.676842868328094482e-01,2.145414054393768311e-01,1.095513343811035156e+00,5.781136453151702881e-02,4.455000000000000000e+03,4.627816406250000000e+03
-1.500000059604644775e-01,2.503692209720611572e-01,-2.013245820999145508e-01,1.308604925870895386e-01,8.905719518661499023e-01,6.600474566221237183e-02,3.431000000000000000e+03,3.503787109375000000e+03
-1.500000059604644775e-01,0.000000000000000000e+00,-3.069911003112792969e-01,7.385364174842834473e-02,9.871040582656860352e-01,5.777153000235557556e-02,2.967000000000000000e+03,3.057933349609375000e+03
2.514390051364898682e-01,-1.000000014901161194e-01,3.682086467742919922e-01,-3.651891946792602539e-01,1.028417348861694336e+00,7.942343503236770630e-02,3.708000000000000000e+03,3.997247070312500000e+03
2.872454822063446045e-01,-5.000000000000000000e-01,4.220852553844451904e-01,-5.370433926582336426e-01,8.497174382209777832e-01,7.614204287528991699e-02,2.924000000000000000e+03,3.002918457031250000e+03
3.221365213394165039e-01,4.482004791498184204e-02,3.685731291770935059e-01,1.855431050062179565e-01,5.655003786087036133e-01,8.263945579528808594e-02,2.200000000000000000e+03,2.348698486328125000e+03
-1.000000014901161194e-01,5.000000074505805969e-02,2.539095096290111542e-02,1.074046827852725983e-02,8.604202270507812500e-01,6.793061643838882446e-02,3.009000000000000000e+03,3.078528564453125000e+03
5.000000074505805969e-02,3.221365213394165039e-01,2.117288410663604736e-01,5.466235876083374023e-01,1.017633795738220215e+00,7.211226224899291992e-02,3.863000000000000000e+03,4.143725097656250000e+03
2.145627290010452271e-01,2.514390051364898682e-01,-6.806527078151702881e-02,5.103284716606140137e-01,1.241298675537109375e+00,5.778234824538230896e-02,5.101000000000000000e+03,5.577045410156250000e+03
-1.178191304206848145e-01,4.531060755252838135e-01,2.705335021018981934e-01,2.452033013105392456e-01,1.129942178726196289e+00,6.600643694400787354e-02,4.009000000000000000e+03,4.598812011718750000e+03
7.971107959747314453e-02,4.223684668540954590e-01,-3.329119458794593811e-02,5.333362221717834473e-01,6.836134195327758789e-01,1.201905906200408936e-01,2.186000000000000000e+03,2.301817626953125000e+03
-1.000000014901161194e-01,1.764043420553207397e-01,-8.093969523906707764e-02,9.031840413808822632e-02,1.251868605613708496e+00,6.180750578641891479e-02,5.274000000000000000e+03,5.300066406250000000e+03
-1.500000059604644775e-01,2.514390051364898682e-01,-7.507481426000595093e-02,5.261809006333351135e-02,5.364983677864074707e-01,7.464691996574401855e-02,1.188000000000000000e+03,1.368169311523437500e+03
5.000000074505805969e-02,-2.000000029802322388e-01,-9.196703135967254639e-02,-1.727514266967773438e-01,9.893060326576232910e-01,6.779798120260238647e-02,3.939000000000000000e+03,4.022563964843750000e+03
9.482004493474960327e-02,1.366542428731918335e-01,2.159796059131622314e-01,4.230243861675262451e-01,1.079076886177062988e+00,6.429855525493621826e-02,4.465000000000000000e+03,4.828792968750000000e+03
9.482004493474960327e-02,0.000000000000000000e+00,1.820157617330551147e-01,-5.936849862337112427e-02,1.130946755409240723e+00,6.632026284933090210e-02,4.412000000000000000e+03,4.450326171875000000e+03
9.482004493474960327e-02,1.764043420553207397e-01,-7.659390568733215332e-02,2.898238599300384521e-01,1.161251187324523926e+00,6.183345988392829895e-02,4.876000000000000000e+03,5.027296875000000000e+03
3.221365213394165039e-01,2.145627290010452271e-01,-7.535337470471858978e-03,8.137451484799385071e-03,1.212331414222717285e+00,5.930852144956588745e-02,4.563000000000000000e+03,5.021663574218750000e+03
-1.159073337912559509e-01,5.000000074505805969e-02,-1.496201157569885254e-01,-3.036026656627655029e-01,9.925333261489868164e-01,6.259810179471969604e-02,3.931000000000000000e+03,4.421116699218750000e+03
0.000000000000000000e+00,2.145627290010452271e-01,5.145462974905967712e-02,3.355751037597656250e-01,7.411385178565979004e-01,5.764897540211677551e-02,2.986000000000000000e+03,3.079223632812500000e+03
3.221365213394165039e-01,1.764043420553207397e-01,2.778638005256652832e-01,-1.408259123563766479e-01,1.048803448677062988e+00,6.061973795294761658e-02,4.187000000000000000e+03,4.569672363281250000e+03
-4.499999880790710449e-01,2.514390051364898682e-01,-4.438425302505493164e-01,1.467576324939727783e-01,5.179191231727600098e-01,1.017549484968185425e-01,1.412000000000000000e+03,1.469268310546875000e+03
-1.419351249933242798e-02,-1.510896813124418259e-02,5.604698508977890015e-02,-3.933555632829666138e-02,8.447121977806091309e-01,8.980950713157653809e-02,2.309000000000000000e+03,2.326919189453125000e+03
1.366542428731918335e-01,-1.000000014901161194e-01,-1.241082400083541870e-01,-1.046179011464118958e-01,1.220848321914672852e+00,5.618581548333168030e-02,4.963000000000000000e+03,5.187259277343750000e+03
-1.000000014901161194e-01,4.183419048786163330e-02,-1.421971768140792847e-01,-3.699928894639015198e-02,1.192162752151489258e+00,5.947476997971534729e-02,4.988000000000000000e+03,5.015957031250000000e+03
5.000000074505805969e-02,1.366542428731918335e-01,-1.807750314474105835e-01,7.197597026824951172e-01,1.237397789955139160e+00,5.469721555709838867e-02,5.335000000000000000e+03,6.637306640625000000e+03
-6.000000238418579102e-01,8.665423840284347534e-02,-6.399371027946472168e-01,2.967554144561290741e-02,5.620608925819396973e-01,1.149151101708412170e-01,2.090000000000000000e+03,2.121944580078125000e+03
-1.000000014901161194e-01,-1.500000059604644775e-01,5.865596234798431396e-03,-4.234554991126060486e-02,9.814326167106628418e-01,5.327028781175613403e-02,3.174000000000000000e+03,3.248887939453125000e+03
-5.000000074505805969e-02,1.764043420553207397e-01,-2.864844202995300293e-01,1.280137598514556885e-01,1.285303592681884766e+00,5.811880901455879211e-02,5.080000000000000000e+03,5.257734375000000000e+03
-4.000000059604644775e-01,1.764043420553207397e-01,-5.090581774711608887e-01,5.608642101287841797e-02,7.519322037696838379e-01,6.281295418739318848e-02,2.745000000000000000e+03,2.871678710937500000e+03
2.145627290010452271e-01,-2.500000000000000000e-01,3.473067581653594971e-01,-2.866816818714141846e-01,7.819506525993347168e-01,5.548650026321411133e-02,1.991000000000000000e+03,2.052398925781250000e+03
0.000000000000000000e+00,9.482004493474960327e-02,-2.382795959711074829e-01,3.798988163471221924e-01,9.691619873046875000e-01,6.292159855365753174e-02,3.307000000000000000e+03,3.777126220703125000e+03
4.482004791498184204e-02,-4.499999880790710449e-01,4.100769758224487305e-01,-2.913773953914642334e-01,9.255923032760620117e-01,7.569691538810729980e-02,3.390000000000000000e+03,3.992083251953125000e+03
5.000000074505805969e-02,-1.500000059604644775e-01,3.342716693878173828e-01,2.219701260328292847e-01,1.230739951133728027e+00,7.434525340795516968e-02,4.546000000000000000e+03,5.182453125000000000e+03
-3.000000119209289551e-01,2.145627290010452271e-01,-3.938387334346771240e-02,-7.077511399984359741e-02,1.244482994079589844e+00,6.449761986732482910e-02,4.544000000000000000e+03,4.973387695312500000e+03
-5.000000074505805969e-02,-1.500000059604644775e-01,-1.932933330535888672e-01,1.948549747467041016e-01,1.221881389617919922e+00,6.584693491458892822e-02,4.533000000000000000e+03,4.947294921875000000e+03
-5.179951898753643036e-03,2.924878522753715515e-02,-1.286463290452957153e-01,-2.182405740022659302e-01,1.192201137542724609e+00,6.011841446161270142e-02,4.415000000000000000e+03,4.650082031250000000e+03
-5.000000074505805969e-02,1.366542428731918335e-01,-2.012472599744796753e-01,3.468813598155975342e-01,9.709277153015136719e-01,7.887903600931167603e-02,3.561000000000000000e+03,3.810622070312500000e+03
-1.000000014901161194e-01,1.764043420553207397e-01,6.142126396298408508e-02,2.876983955502510071e-02,1.263280868530273438e+00,6.144790351390838623e-02,5.352000000000000000e+03,5.511000000000000000e+03
-1.710686385631561279e-01,-1.500000059604644775e-01,-6.026316881179809570e-01,-2.635497972369194031e-02,1.001739263534545898e+00,6.102610379457473755e-02,3.892000000000000000e+03,4.642413574218750000e+03
-2.000000029802322388e-01,1.665982753038406372e-01,-9.911218285560607910e-02,2.052578032016754150e-01,8.962950706481933594e-01,6.230588629841804504e-02,3.432000000000000000e+03,3.481842773437500000e+03
9.183419495820999146e-02,8.580648899078369141e-02,1.405656039714813232e-01,2.836664021015167236e-01,1.135164856910705566e+00,6.712891161441802979e-02,4.552000000000000000e+03,4.697629882812500000e+03
-3.424827754497528076e-02,4.223684668540954590e-01,-3.814412951469421387e-01,5.312117338180541992e-01,1.055870890617370605e+00,7.544658333063125610e-02,4.120000000000000000e+03,4.596718750000000000e+03
-5.816580727696418762e-02,-5.000000074505805969e-02,5.764025449752807617e-02,-2.305336110293865204e-02,8.070884943008422852e-01,6.592494994401931763e-02,3.711000000000000000e+03,3.790874511718750000e+03
-1.102498918771743774e-01,9.482004493474960327e-02,1.809206008911132812e-01,5.539385080337524414e-01,1.253900527954101562e+00,6.125541776418685913e-02,5.671000000000000000e+03,6.693374023437500000e+03
9.482004493474960327e-02,-1.500000059604644775e-01,3.155997097492218018e-01,-1.106613278388977051e-01,1.284794926643371582e+00,6.200666353106498718e-02,5.273000000000000000e+03,5.432615722656250000e+03
-2.500000000000000000e-01,-5.000000074505805969e-02,-3.517517447471618652e-01,4.360825568437576294e-02,7.858892679214477539e-01,7.116162031888961792e-02,2.586000000000000000e+03,2.665256347656250000e+03
5.000000074505805969e-02,0.000000000000000000e+00,-3.707931339740753174e-01,-4.269739985466003418e-02,1.129117369651794434e+00,5.611653998494148254e-02,4.031000000000000000e+03,4.578290039062500000e+03
3.815837576985359192e-02,-2.141935080289840698e-01,2.797504663467407227e-01,2.876952588558197021e-01,1.137402892112731934e+00,7.061690837144851685e-02,4.317000000000000000e+03,5.301751953125000000e+03
2.145627290010452271e-01,-5.000000074505805969e-02,2.318737506866455078e-01,-6.397359818220138550e-02,1.280718207359313965e+00,6.266033649444580078e-02,4.091000000000000000e+03,4.092253417968750000e+03
-2.641935050487518311e-01,-5.000000000000000000e-01,-4.141934812068939209e-01,-5.006138086318969727e-01,9.192116856575012207e-01,6.289166212081909180e-02,3.931000000000000000e+03,4.035030029296875000e+03
1.366542428731918335e-01,5.000000074505805969e-02,2.518994733691215515e-02,1.012391149997711182e-01,8.163174986839294434e-01,5.811673030257225037e-02,2.449000000000000000e+03,2.504019531250000000e+03
5.000000074505805969e-02,-4.000000059604644775e-01,5.919104814529418945e-02,-2.091272622346878052e-01,1.100558996200561523e+00,6.196849793195724487e-02,3.734000000000000000e+03,3.845628417968750000e+03
-2.000000029802322388e-01,2.145627290010452271e-01,2.389758080244064331e-01,4.724348783493041992e-01,1.139521837234497070e+00,6.577984988689422607e-02,4.197000000000000000e+03,5.000206054687500000e+03
-2.500000000000000000e-01,2.872454822063446045e-01,-2.238268703222274780e-01,2.875145673751831055e-01,6.830857396125793457e-01,7.287128269672393799e-02,1.536000000000000000e+03,1.538282714843750000e+03
6.083970069885253906e-01,-1.000000014901161194e-01,4.956637918949127197e-01,-5.231197550892829895e-02,5.472736954689025879e-01,6.751804053783416748e-02,1.540000000000000000e+03,1.616021850585937500e+03
-5.000000074505805969e-02,-1.500000059604644775e-01,-8.988896012306213379e-02,7.381983846426010132e-02,8.744168877601623535e-01,5.450739711523056030e-02,3.522000000000000000e+03,3.756794921875000000e+03
-2.000000029802322388e-01,0.000000000000000000e+00,-7.211277633905410767e-02,-1.206647157669067383e-01,1.197531819343566895e+00,5.316887423396110535e-02,4.398000000000000000e+03,4.491979980468750000e+03
3.562291860580444336e-01,-2.000000029802322388e-01,2.303123772144317627e-01,-2.500549256801605225e-01,6.119415760040283203e-01,7.652696222066879272e-02,1.695000000000000000e+03,1.776971679687500000e+03
-6.834094226360321045e-02,1.366542428731918335e-01,-1.823019534349441528e-01,-5.542925372719764709e-02,8.682033419609069824e-01,7.323889434337615967e-02,3.305000000000000000e+03,3.520296142578125000e+03
1.764043420553207397e-01,9.482004493474960327e-02,2.701675891876220703e-01,-2.017381191253662109e-01,1.200884819030761719e+00,7.510752230882644653e-02,5.059000000000000000e+03,5.393164062500000000e+03
2.145627290010452271e-01,-5.000000074505805969e-02,1.423824019730091095e-02,-6.413424611091613770e-01,1.152442455291748047e+00,5.730476975440979004e-02,4.593000000000000000e+03,5.864740234375000000e+03
1.366542428731918335e-01,-5.816580727696418762e-02,5.253891944885253906e-01,1.043516099452972412e-01,1.214922189712524414e+00,6.247165799140930176e-02,4.745000000000000000e+03,5.300589355468750000e+03
-1.102498918771743774e-01,-6.024989485740661621e-02,-1.007187813520431519e-01,-3.058959245681762695e-01,1.275093317031860352e+00,6.384988874197006226e-02,5.321000000000000000e+03,5.517132324218750000e+03
-5.000000074505805969e-02,0.000000000000000000e+00,4.181001707911491394e-02,-3.820838034152984619e-02,1.135585784912109375e+00,6.071049347519874573e-02,4.082000000000000000e+03,4.113312500000000000e+03
-1.000000014901161194e-01,2.872454822063446045e-01,-2.225479185581207275e-01,-1.682972908020019531e-02,6.947037577629089355e-01,7.928672432899475098e-02,2.413000000000000000e+03,2.925644042968750000e+03
-1.000000014901161194e-01,3.562291860580444336e-01,-9.598969668149948120e-02,6.564109921455383301e-01,1.150792598724365234e+00,5.529686808586120605e-02,4.930000000000000000e+03,5.260174804687500000e+03
3.562291860580444336e-01,-4.499999880790710449e-01,1.040493771433830261e-01,-4.304903149604797363e-01,1.056005120277404785e+00,7.215850800275802612e-02,3.379000000000000000e+03,3.569869384765625000e+03
-1.500000059604644775e-01,-5.000000074505805969e-02,3.542410731315612793e-01,6.611520051956176758e-02,1.261642813682556152e+00,5.978596583008766174e-02,4.564000000000000000e+03,5.304833007812500000e+03
-1.024989411234855652e-02,-2.500000000000000000e-01,-2.710769884288311005e-02,-1.616422086954116821e-01,1.039530038833618164e+00,5.954861268401145935e-02,4.002000000000000000e+03,4.031988037109375000e+03
1.366542428731918335e-01,0.000000000000000000e+00,5.726350545883178711e-01,-6.265494823455810547e-01,1.246185302734375000e+00,7.689646631479263306e-02,3.921000000000000000e+03,5.296083496093750000e+03
0.000000000000000000e+00,-2.131237089633941650e-01,1.591461002826690674e-01,-3.773958384990692139e-01,1.228300213813781738e+00,5.650471150875091553e-02,4.923000000000000000e+03,5.092230468750000000e+03
1.764043420553207397e-01,-2.000000029802322388e-01,1.299446374177932739e-01,-4.605259895324707031e-01,1.075821399688720703e+00,5.063371732831001282e-02,4.461000000000000000e+03,4.726728515625000000e+03
4.482004791498184204e-02,-5.000000074505805969e-02,1.721532940864562988e-01,3.216573596000671387e-01,1.207326412200927734e+00,6.463406234979629517e-02,4.698000000000000000e+03,5.183892089843750000e+03
-8.165807463228702545e-03,-5.000000074505805969e-02,-1.049618422985076904e-02,-4.890784919261932373e-01,1.081492424011230469e+00,6.012588739395141602e-02,4.326000000000000000e+03,5.015102539062500000e+03
-1.500000059604644775e-01,-3.000000119209289551e-01,-1.072043851017951965e-01,-2.906576097011566162e-01,1.143541455268859863e+00,6.423104554414749146e-02,4.389000000000000000e+03,4.395522460937500000e+03
2.145627290010452271e-01,1.764043420553207397e-01,1.795996278524398804e-01,-4.556951671838760376e-02,6.001972556114196777e-01,7.011874020099639893e-02,2.197000000000000000e+03,2.495287353515625000e+03
-2.500000000000000000e-01,-2.000000029802322388e-01,2.075230926275253296e-01,-4.281977415084838867e-01,1.150288105010986328e+00,6.181290000677108765e-02,4.446000000000000000e+03,5.287389160156250000e+03
-1.500000059604644775e-01,3.896152675151824951e-01,-3.648214936256408691e-01,1.001578941941261292e-01,8.158198595046997070e-01,9.141942113637924194e-02,2.130000000000000000e+03,2.528607666015625000e+03
-1.000000014901161194e-01,2.479487806558609009e-01,-2.539471723139286041e-02,2.981789112091064453e-01,1.067186236381530762e+00,6.697407364845275879e-02,3.929000000000000000e+03,3.956733398437500000e+03
2.872454822063446045e-01,-5.000000000000000000e-01,2.682224512100219727e-01,-4.555038511753082275e-01,7.147502303123474121e-01,5.804532021284103394e-02,2.293000000000000000e+03,2.303531494140625000e+03
-1.500000059604644775e-01,4.482004791498184204e-02,-7.979764044284820557e-02,-1.158359423279762268e-01,1.260287880897521973e+00,5.849707499146461487e-02,4.179000000000000000e+03,4.259509277343750000e+03
9.482004493474960327e-02,-5.816580727696418762e-02,-1.034431979060173035e-01,-6.722337007522583008e-01,1.091083407402038574e+00,6.278569251298904419e-02,3.920000000000000000e+03,5.206779785156250000e+03
-3.151089549064636230e-01,-3.499999940395355225e-01,-5.890084505081176758e-01,-9.956422448158264160e-02,9.213652610778808594e-01,7.524915784597396851e-02,3.144000000000000000e+03,3.637319091796875000e+03
-2.500000000000000000e-01,4.482004791498184204e-02,1.565441191196441650e-01,-1.026074308902025223e-02,1.250169992446899414e+00,5.587114766240119934e-02,4.335000000000000000e+03,4.790674316406250000e+03
-2.131237089633941650e-01,-5.000000074505805969e-02,2.205987088382244110e-02,-1.111803203821182251e-01,1.064708113670349121e+00,1.043504476547241211e-01,2.808000000000000000e+03,2.952364013671875000e+03
1.764043420553207397e-01,1.366542428731918335e-01,2.638977766036987305e-01,-9.119401872158050537e-02,1.209277033805847168e+00,5.728651955723762512e-02,5.018000000000000000e+03,5.220400390625000000e+03
2.145627290010452271e-01,9.482004493474960327e-02,3.147681653499603271e-01,1.407197713851928711e-01,1.207840800285339355e+00,6.325317174196243286e-02,4.409000000000000000e+03,4.445637695312500000e+03
-3.000000119209289551e-01,3.815837576985359192e-02,-2.453118860721588135e-01,8.579758554697036743e-02,9.529200792312622070e-01,6.114280968904495239e-02,3.630000000000000000e+03,3.650900878906250000e+03
-2.000000029802322388e-01,0.000000000000000000e+00,-2.020328342914581299e-01,2.889407575130462646e-01,1.196224451065063477e+00,6.630732864141464233e-02,4.471000000000000000e+03,4.728505859375000000e+03
3.896152675151824951e-01,3.562291860580444336e-01,4.621918499469757080e-01,5.109564065933227539e-01,1.067808389663696289e+00,6.578186899423599243e-02,3.988000000000000000e+03,4.089414306640625000e+03
1.764043420553207397e-01,9.482004493474960327e-02,1.103045120835304260e-01,-1.371196806430816650e-01,9.058668017387390137e-01,6.904188543558120728e-02,2.986000000000000000e+03,3.194368896484375000e+03
-2.131237089633941650e-01,-5.000000074505805969e-02,1.240326091647148132e-01,2.359850555658340454e-01,1.197771549224853516e+00,5.733159929513931274e-02,4.683000000000000000e+03,5.301886718750000000e+03
9.482004493474960327e-02,-2.000000029802322388e-01,6.362611800432205200e-02,-4.107796773314476013e-02,1.287120103836059570e+00,5.889016389846801758e-02,4.545000000000000000e+03,4.616828613281250000e+03
-4.000000059604644775e-01,9.482004493474960327e-02,-2.334980070590972900e-01,3.803869187831878662e-01,9.640222191810607910e-01,7.611497491598129272e-02,3.256000000000000000e+03,3.628292480468750000e+03
2.145627290010452271e-01,-3.000000119209289551e-01,2.167517542839050293e-01,-3.699549436569213867e-01,8.119858503341674805e-01,5.714939534664154053e-02,3.062000000000000000e+03,3.084674804687500000e+03
9.482004493474960327e-02,-1.618416309356689453e-01,-9.068694710731506348e-02,-2.178649008274078369e-01,1.232930898666381836e+00,5.814261734485626221e-02,4.782000000000000000e+03,4.899569335937500000e+03
9.482004493474960327e-02,-4.672468006610870361e-01,1.111292541027069092e-01,-3.276671767234802246e-01,6.041552424430847168e-01,8.778680860996246338e-02,1.872000000000000000e+03,1.972173583984375000e+03
-1.000000014901161194e-01,9.482004493474960327e-02,3.260230422019958496e-01,4.131031334400177002e-01,1.255160331726074219e+00,6.048192456364631653e-02,5.168000000000000000e+03,6.062138183593750000e+03
1.194074451923370361e-01,3.562291860580444336e-01,5.519196391105651855e-03,3.311330080032348633e-01,9.644305706024169922e-01,5.533315986394882202e-02,3.090000000000000000e+03,3.134875976562500000e+03
9.482004493474960327e-02,-2.641935050487518311e-01,1.615310907363891602e-01,3.582747280597686768e-02,1.285040974617004395e+00,5.900038778781890869e-02,5.474000000000000000e+03,5.783209472656250000e+03
2.872454822063446045e-01,0.000000000000000000e+00,3.921176195144653320e-01,-1.290912926197052002e-01,1.113551616668701172e+00,6.365691870450973511e-02,4.141000000000000000e+03,4.232721191406250000e+03
2.145627290010452271e-01,1.329784244298934937e-01,3.825018405914306641e-01,1.940219998359680176e-01,1.130361914634704590e+00,5.902479588985443115e-02,4.557000000000000000e+03,4.670567382812500000e+03
5.000000074505805969e-02,-1.500000059604644775e-01,1.528461128473281860e-01,3.022535517811775208e-02,7.505783438682556152e-01,7.394569367170333862e-02,2.450000000000000000e+03,2.633682861328125000e+03
1.764043420553207397e-01,2.872454822063446045e-01,3.575299307703971863e-02,1.390987727791070938e-02,1.176995038986206055e+00,5.871450528502464294e-02,4.038000000000000000e+03,4.308435058593750000e+03
-1.510896813124418259e-02,3.221365213394165039e-01,-8.289778232574462891e-02,3.645307719707489014e-01,5.864658355712890625e-01,8.953061699867248535e-02,2.157000000000000000e+03,2.196997070312500000e+03
1.297110766172409058e-01,9.482004493474960327e-02,9.413703531026840210e-02,3.578583598136901855e-01,8.545309305191040039e-01,7.522260397672653198e-02,3.091000000000000000e+03,3.383085449218750000e+03
9.482004493474960327e-02,-6.184162572026252747e-02,6.110170483589172363e-02,1.454580724239349365e-01,9.493942856788635254e-01,5.573497712612152100e-02,2.714000000000000000e+03,2.845251464843750000e+03
9.482004493474960327e-02,0.000000000000000000e+00,1.522502005100250244e-01,1.618217676877975464e-02,1.167617678642272949e+00,5.980170518159866333e-02,4.482000000000000000e+03,4.493710937500000000e+03
3.221365213394165039e-01,4.482004791498184204e-02,3.192456960678100586e-01,-9.601827710866928101e-03,8.842991590499877930e-01,6.520660221576690674e-02,2.753000000000000000e+03,2.763481933593750000e+03
-1.618416309356689453e-01,-1.000000014901161194e-01,-1.020896621048450470e-02,-2.034399807453155518e-01,9.312152266502380371e-01,6.041279807686805725e-02,3.023000000000000000e+03,3.139609130859375000e+03
2.075843513011932373e-01,-5.000000074505805969e-02,-3.393185436725616455e-01,2.605863511562347412e-01,1.267107129096984863e+00,6.640730053186416626e-02,5.021000000000000000e+03,6.196862792968750000e+03
3.896152675151824951e-01,1.366542428731918335e-01,4.414134621620178223e-01,1.704706847667694092e-01,6.942069530487060547e-01,6.966003030538558960e-02,2.426000000000000000e+03,2.445265869140625000e+03
0.000000000000000000e+00,-5.179951898753643036e-03,-2.017955332994461060e-01,-2.638130784034729004e-01,1.041912436485290527e+00,5.812542513012886047e-02,3.736000000000000000e+03,4.097910644531250000e+03
0.000000000000000000e+00,2.514390051364898682e-01,2.353626042604446411e-01,2.295972108840942383e-01,7.965062260627746582e-01,6.421209871768951416e-02,3.113000000000000000e+03,3.381184814453125000e+03
-1.500000059604644775e-01,1.764043420553207397e-01,-2.013605982065200806e-01,3.909780830144882202e-02,1.163386940956115723e+00,6.386426836252212524e-02,4.141000000000000000e+03,4.206443847656250000e+03
2.479487806558609009e-01,1.366542428731918335e-01,7.559876143932342529e-02,1.540003418922424316e-01,1.291129589080810547e+00,6.060273572802543640e-02,4.523000000000000000e+03,4.604305664062500000e+03
-4.499999880790710449e-01,-5.000000074505805969e-02,-2.009519040584564209e-01,4.337368160486221313e-02,1.154671549797058105e+00,5.823997408151626587e-02,4.761000000000000000e+03,5.010738281250000000e+03
-1.500000059604644775e-01,0.000000000000000000e+00,-1.145852580666542053e-01,5.204563736915588379e-01,1.194999814033508301e+00,6.574239581823348999e-02,4.632000000000000000e+03,5.479631835937500000e+03
1.366542428731918335e-01,-5.000000074505805969e-02,-1.415367126464843750e-01,-1.300144344568252563e-01,1.192560315132141113e+00,5.944877117872238159e-02,4.891000000000000000e+03,5.175430175781250000e+03
-2.500000000000000000e-01,2.145627290010452271e-01,-2.134911417961120605e-01,1.057163849472999573e-01,9.862135052680969238e-01,9.244709461927413940e-02,2.704000000000000000e+03,2.740612304687500000e+03
2.514390051364898682e-01,1.694074422121047974e-01,2.498735040426254272e-01,8.814350701868534088e-03,6.384627819061279297e-01,6.131863966584205627e-02,2.757000000000000000e+03,2.929203613281250000e+03
-3.151089549064636230e-01,3.815837576985359192e-02,-2.937799096107482910e-01,-2.189498953521251678e-02,1.093123674392700195e+00,6.528371572494506836e-02,4.046000000000000000e+03,4.059691406250000000e+03
3.213381767272949219e-01,-1.500000059604644775e-01,6.900775432586669922e-01,-8.396613597869873047e-02,9.333627223968505859e-01,6.285864859819412231e-02,3.497000000000000000e+03,4.041578857421875000e+03
-4.672468006610870361e-01,-2.179389446973800659e-02,-4.467858076095581055e-01,-1.909392476081848145e-01,6.020140647888183594e-01,1.278606951236724854e-01,1.565000000000000000e+03,1.688152709960937500e+03
-4.000000059604644775e-01,-1.024989411234855652e-02,-4.442249536514282227e-01,1.266740113496780396e-01,8.634519577026367188e-01,7.498142123222351074e-02,3.343000000000000000e+03,3.435005126953125000e+03
5.000000074505805969e-02,1.764043420553207397e-01,3.495038300752639771e-02,2.536199986934661865e-02,1.099688649177551270e+00,7.324215024709701538e-02,4.197000000000000000e+03,4.276635742187500000e+03
1.366542428731918335e-01,-1.000000014901161194e-01,-4.138184189796447754e-01,-1.047679930925369263e-01,1.181066632270812988e+00,6.717382371425628662e-02,4.284000000000000000e+03,5.173976074218750000e+03
2.145627290010452271e-01,9.482004493474960327e-02,-1.100761294364929199e-01,-1.430743783712387085e-01,1.238978385925292969e+00,5.829133093357086182e-02,5.142000000000000000e+03,5.671657226562500000e+03
-2.500000000000000000e-01,-6.184162572026252747e-02,-2.562122941017150879e-01,2.137147933244705200e-01,1.219137072563171387e+00,5.743150785565376282e-02,4.956000000000000000e+03,5.205691894531250000e+03
0.000000000000000000e+00,2.872454822063446045e-01,-8.911532163619995117e-02,5.313889980316162109e-01,7.903501391410827637e-01,7.970928400754928589e-02,3.366000000000000000e+03,3.721250976562500000e+03
8.975010365247726440e-02,0.000000000000000000e+00,-6.427633762359619141e-02,7.555158436298370361e-02,9.287619590759277344e-01,7.002305239439010620e-02,3.635000000000000000e+03,3.757755126953125000e+03
0.000000000000000000e+00,2.872454822063446045e-01,-8.127103000879287720e-02,2.531044781208038330e-01,4.400346577167510986e-01,1.204751953482627869e-01,1.093000000000000000e+03,1.136358276367187500e+03
0.000000000000000000e+00,-1.000000014901161194e-01,4.933010414242744446e-02,-2.654719650745391846e-01,1.162231326103210449e+00,6.752211600542068481e-02,4.139000000000000000e+03,4.230025390625000000e+03
-2.000000029802322388e-01,-1.500000059604644775e-01,-5.363444611430168152e-02,-1.169455498456954956e-01,1.041046261787414551e+00,6.163941696286201477e-02,3.899000000000000000e+03,3.979333740234375000e+03
-2.000000029802322388e-01,2.145627290010452271e-01,1.930010691285133362e-02,-9.313153102993965149e-03,9.031538367271423340e-01,7.928346097469329834e-02,3.274000000000000000e+03,3.657350830078125000e+03
4.862083792686462402e-01,5.784529447555541992e-01,5.546815991401672363e-01,4.801898896694183350e-01,8.849593400955200195e-01,5.337363854050636292e-02,3.997000000000000000e+03,4.069978271484375000e+03
5.000000074505805969e-02,9.482004493474960327e-02,-2.939812280237674713e-02,1.358293294906616211e-01,6.493773460388183594e-01,8.157361298799514771e-02,1.747000000000000000e+03,1.779895996093750000e+03
-1.500000059604644775e-01,-1.618416309356689453e-01,-3.335698544979095459e-01,-1.523847281932830811e-01,1.268799781799316406e+00,5.701186880469322205e-02,5.313000000000000000e+03,5.424083496093750000e+03
5.000000074505805969e-02,-1.500000059604644775e-01,-1.250235587358474731e-01,-1.349327564239501953e-01,1.226330161094665527e+00,5.468774959444999695e-02,4.637000000000000000e+03,4.731837890625000000e+03
-1.590733230113983154e-02,3.221365213394165039e-01,-9.945724159479141235e-02,2.636778652667999268e-01,4.225414395332336426e-01,7.642268389463424683e-02,1.387000000000000000e+03,1.466497924804687500e+03
0.000000000000000000e+00,-3.000000119209289551e-01,-7.998070120811462402e-02,-3.113824725151062012e-01,6.240912675857543945e-01,8.821318298578262329e-02,2.025000000000000000e+03,2.058889404296875000e+03
9.482004493474960327e-02,3.580648824572563171e-02,9.492298215627670288e-02,5.848865583539009094e-02,5.962098836898803711e-01,6.708227097988128662e-02,1.838000000000000000e+03,1.840660888671875000e+03
-3.151089549064636230e-01,-1.000000014901161194e-01,-3.639964163303375244e-01,-6.376538872718811035e-01,1.195140242576599121e+00,5.712642893195152283e-02,4.635000000000000000e+03,5.542103027343750000e+03
1.366542428731918335e-01,2.441482841968536377e-01,5.407181382179260254e-01,2.897668480873107910e-01,1.097720384597778320e+00,6.153012439608573914e-02,3.714000000000000000e+03,4.208631835937500000e+03
0.000000000000000000e+00,2.145627290010452271e-01,8.673875778913497925e-02,2.214595079421997070e-01,1.220213055610656738e+00,5.431107804179191589e-02,4.171000000000000000e+03,4.192213378906250000e+03
2.514390051364898682e-01,9.482004493474960327e-02,-3.695037662982940674e-01,1.477180719375610352e-01,1.251555919647216797e+00,5.286981910467147827e-02,4.369000000000000000e+03,5.399901367187500000e+03
9.482004493474960327e-02,9.482004493474960327e-02,1.214966028928756714e-01,-1.779878884553909302e-02,4.418657124042510986e-01,7.382178306579589844e-02,1.570000000000000000e+03,1.676116577148437500e+03
-5.000000074505805969e-02,-1.500000059604644775e-01,-2.662455439567565918e-01,-2.265896052122116089e-01,7.359073758125305176e-01,7.002768665552139282e-02,2.581000000000000000e+03,2.825906738281250000e+03
2.514390051364898682e-01,4.223684668540954590e-01,1.334318816661834717e-01,3.242906928062438965e-02,8.905785679817199707e-01,6.611616164445877075e-02,3.352000000000000000e+03,4.022856201171875000e+03
1.366542428731918335e-01,-1.678191274404525757e-01,4.001067019999027252e-03,-4.315181374549865723e-01,1.148329615592956543e+00,6.164036691188812256e-02,4.685000000000000000e+03,4.990192871093750000e+03
5.173884034156799316e-01,2.096895314753055573e-02,4.381619691848754883e-01,1.267582476139068604e-01,5.554378032684326172e-01,5.897631123661994934e-02,1.876000000000000000e+03,1.980940185546875000e+03
-1.000000014901161194e-01,9.482004493474960327e-02,7.221011072397232056e-02,8.824248611927032471e-02,8.027775883674621582e-01,6.955426931381225586e-02,2.845000000000000000e+03,2.974919677734375000e+03
5.000000074505805969e-02,1.366542428731918335e-01,2.138266116380691528e-01,3.584918975830078125e-01,1.238460063934326172e+00,6.206959486007690430e-02,4.751000000000000000e+03,4.984333984375000000e+03
-1.151089668273925781e-01,2.145627290010452271e-01,-3.899721801280975342e-01,2.004792913794517517e-02,9.499905109405517578e-01,6.012345477938652039e-02,3.216000000000000000e+03,3.609208984375000000e+03
2.145627290010452271e-01,-2.000000029802322388e-01,1.754695773124694824e-01,-3.341468572616577148e-01,1.018737077713012695e+00,8.822189271450042725e-02,3.393000000000000000e+03,3.456402099609375000e+03
-2.188199907541275024e-01,5.000000074505805969e-02,1.582315266132354736e-01,5.780130028724670410e-01,1.276579976081848145e+00,6.238537281751632690e-02,4.792000000000000000e+03,5.966187500000000000e+03
-2.000000029802322388e-01,1.366542428731918335e-01,-1.997612714767456055e-01,-1.199999973177909851e-01,1.021170616149902344e+00,5.527473613619804382e-02,3.811000000000000000e+03,4.047918457031250000e+03
-1.500000059604644775e-01,-3.499999940395355225e-01,-3.789557814598083496e-01,-2.442096918821334839e-01,9.639117121696472168e-01,6.278973072767257690e-02,3.678000000000000000e+03,3.925459228515625000e+03
-1.500000059604644775e-01,9.482004493474960327e-02,-2.080347687005996704e-01,4.862361028790473938e-02,9.140089750289916992e-01,5.684851855039596558e-02,3.393000000000000000e+03,3.415240478515625000e+03
8.815837651491165161e-02,-2.641935050487518311e-01,-2.311539649963378906e-02,2.335534691810607910e-01,1.226598024368286133e+00,6.928902119398117065e-02,4.009000000000000000e+03,4.677091308593750000e+03
5.000000074505805969e-02,-1.500000059604644775e-01,2.547018527984619141e-01,-1.918051093816757202e-01,1.215933918952941895e+00,6.447623670101165771e-02,3.507000000000000000e+03,3.609886230468750000e+03
1.764043420553207397e-01,1.764043420553207397e-01,2.076597660779953003e-01,1.020829975605010986e-01,6.406433582305908203e-01,1.219395920634269714e-01,1.960000000000000000e+03,1.990975585937500000e+03
7.672522217035293579e-02,-4.000000059604644775e-01,3.716412484645843506e-01,-4.168111979961395264e-01,7.840452194213867188e-01,6.362832337617874146e-02,2.590000000000000000e+03,2.945722656250000000e+03
-5.000000074505805969e-02,9.482004493474960327e-02,-7.977086305618286133e-02,5.575926229357719421e-02,1.268399953842163086e+00,6.006811186671257019e-02,4.232000000000000000e+03,4.238289062500000000e+03
-1.926239021122455597e-02,-2.000000029802322388e-01,-4.406079351902008057e-01,2.293137460947036743e-01,1.277996063232421875e+00,5.708364769816398621e-02,5.239000000000000000e+03,6.347880859375000000e+03
5.000000074505805969e-02,2.145627290010452271e-01,-1.614592820405960083e-01,2.488306164741516113e-01,8.101809620857238770e-01,7.355054467916488647e-02,3.180000000000000000e+03,3.398901123046875000e+03
-5.500000119209289551e-01,2.145627290010452271e-01,-2.836670279502868652e-01,4.066715240478515625e-01,8.829085826873779297e-01,9.410019963979721069e-02,2.666000000000000000e+03,3.023807373046875000e+03
-2.000000029802322388e-01,-3.499999940395355225e-01,-1.505029052495956421e-01,-3.484906256198883057e-01,4.124426543712615967e-01,7.238771021366119385e-02,1.501000000000000000e+03,1.522611572265625000e+03
-1.000000014901161194e-01,-3.659073412418365479e-01,-1.612340956926345825e-01,-4.241386428475379944e-02,1.118076920509338379e+00,7.806351780891418457e-02,3.584000000000000000e+03,3.888836669921875000e+03
1.764043420553207397e-01,1.366542428731918335e-01,4.272339642047882080e-01,-2.043959051370620728e-01,8.682644963264465332e-01,7.157710194587707520e-02,3.052000000000000000e+03,3.742989013671875000e+03
-2.500000000000000000e-01,0.000000000000000000e+00,-2.316342443227767944e-01,7.207692414522171021e-02,6.643940806388854980e-01,8.593142032623291016e-02,1.448000000000000000e+03,1.466068359375000000e+03
-1.500000059604644775e-01,4.545493423938751221e-01,-5.711125731468200684e-01,1.872952580451965332e-01,1.053053498268127441e+00,5.774871259927749634e-02,4.113000000000000000e+03,4.993364257812500000e+03
-5.179951898753643036e-03,-3.000000119209289551e-01,1.166309118270874023e-01,-3.203504681587219238e-01,1.030405640602111816e+00,6.692569702863693237e-02,3.463000000000000000e+03,3.512430175781250000e+03
-1.500000059604644775e-01,-3.000000119209289551e-01,-1.225478425621986389e-01,-3.250723183155059814e-01,6.006870865821838379e-01,7.901526242494583130e-02,1.357000000000000000e+03,1.362166748046875000e+03
5.000000074505805969e-02,-2.500000000000000000e-01,1.052595302462577820e-02,-1.634379327297210693e-01,8.724622726440429688e-01,5.443449690937995911e-02,3.703000000000000000e+03,3.747096191406250000e+03
5.000000074505805969e-02,-1.102498918771743774e-01,1.884735771454870701e-03,-1.474733650684356689e-01,6.049297451972961426e-01,7.480341196060180664e-02,2.033000000000000000e+03,2.053483642578125000e+03
-4.672468006610870361e-01,-5.179951898753643036e-03,-5.305679440498352051e-01,5.366636067628860474e-02,9.148565530776977539e-01,6.940368562936782837e-02,3.740000000000000000e+03,3.773205810546875000e+03
-2.128952182829380035e-02,-3.000000119209289551e-01,-3.129483759403228760e-01,1.802113652229309082e-02,1.197557330131530762e+00,1.366749703884124756e-01,2.458000000000000000e+03,2.768068359375000000e+03
-2.500000000000000000e-01,-6.024989485740661621e-02,-3.516288399696350098e-01,2.377147078514099121e-01,1.184021592140197754e+00,5.418630316853523254e-02,4.960000000000000000e+03,5.304551269531250000e+03
-6.692624092102050781e-01,-2.500000000000000000e-01,-6.215358376502990723e-01,-9.708239138126373291e-02,9.296085238456726074e-01,7.009776681661605835e-02,3.102000000000000000e+03,3.193579101562500000e+03
-2.131237089633941650e-01,9.482004493474960327e-02,-6.017971634864807129e-01,1.205413341522216797e-01,1.268754720687866211e+00,6.020200252532958984e-02,5.206000000000000000e+03,5.685801757812500000e+03
5.000000074505805969e-02,4.223684668540954590e-01,1.538986861705780029e-01,3.543194830417633057e-01,6.225480437278747559e-01,6.955787539482116699e-02,1.850000000000000000e+03,1.922979736328125000e+03
-2.500000000000000000e-01,-5.000000074505805969e-02,-3.595589194446802139e-03,-2.522973716259002686e-01,1.223559498786926270e+00,6.221384927630424500e-02,4.873000000000000000e+03,5.197859863281250000e+03
-1.500000059604644775e-01,2.514390051364898682e-01,-2.863877117633819580e-01,-1.523359417915344238e-01,9.936539530754089355e-01,6.139494851231575012e-02,4.101000000000000000e+03,4.826642578125000000e+03
-1.700559556484222412e-01,5.000000074505805969e-02,-1.807092130184173584e-01,-3.141175210475921631e-02,1.203590035438537598e+00,5.518308281898498535e-02,3.934000000000000000e+03,3.952339599609375000e+03
0.000000000000000000e+00,-1.590733230113983154e-02,-7.827698439359664917e-02,2.082840055227279663e-01,1.209822654724121094e+00,7.233821600675582886e-02,3.784000000000000000e+03,3.928326171875000000e+03
3.213381767272949219e-01,-1.500000059604644775e-01,2.258298248052597046e-01,4.666461050510406494e-01,1.203090786933898926e+00,6.727588176727294922e-02,3.730000000000000000e+03,4.682905761718750000e+03
-4.499999880790710449e-01,2.514390051364898682e-01,-3.046507537364959717e-01,1.967478096485137939e-01,8.602219820022583008e-01,7.319904118776321411e-02,2.042000000000000000e+03,2.108125488281250000e+03
9.482004493474960327e-02,1.764043420553207397e-01,2.768150269985198975e-01,1.254799365997314453e-01,1.149761915206909180e+00,6.486537307500839233e-02,4.046000000000000000e+03,4.154489257812500000e+03
2.145627290010452271e-01,-2.500000000000000000e-01,1.767027974128723145e-01,-3.929361701011657715e-01,8.079060912132263184e-01,7.167262583971023560e-02,2.801000000000000000e+03,2.893913085937500000e+03
-2.500000000000000000e-01,-1.500000059604644775e-01,-2.158963829278945923e-01,1.871799677610397339e-02,8.617796897888183594e-01,6.389801949262619019e-02,2.518000000000000000e+03,2.617331298828125000e+03
-1.500000059604644775e-01,-5.000000074505805969e-02,-1.226788163185119629e-01,-4.973276555538177490e-01,9.487484097480773926e-01,7.000538706779479980e-02,3.752000000000000000e+03,4.552099609375000000e+03
-2.000000029802322388e-01,4.223684668540954590e-01,-1.934361159801483154e-01,3.308782577514648438e-01,7.992789149284362793e-01,6.065632030367851257e-02,2.843000000000000000e+03,2.880473388671875000e+03
-2.808074653148651123e-01,3.221365213394165039e-01,-2.489304840564727783e-01,1.384707633405923843e-02,6.412262320518493652e-01,8.765269070863723755e-02,1.817000000000000000e+03,2.222257080078125000e+03
5.000000074505805969e-02,5.000000074505805969e-02,-6.746891140937805176e-02,8.035894483327865601e-02,1.002615690231323242e+00,5.845565721392631531e-02,3.447000000000000000e+03,3.497493164062500000e+03
9.183419495820999146e-02,-2.500000000000000000e-01,3.978165984153747559e-01,-2.981108129024505615e-01,9.341603517532348633e-01,6.177445501089096069e-02,3.453000000000000000e+03,3.823359375000000000e+03
-3.659073412418365479e-01,3.580648824572563171e-02,-4.686178565025329590e-01,3.585000336170196533e-01,8.496347069740295410e-01,6.938961148262023926e-02,3.284000000000000000e+03,3.787733398437500000e+03
2.514390051364898682e-01,-1.419351249933242798e-02,2.481122761964797974e-01,-1.909478306770324707e-01,1.212685585021972656e+00,5.973308160901069641e-02,4.538000000000000000e+03,4.634271484375000000e+03
-1.500000059604644775e-01,-1.000000014901161194e-01,1.229973360896110535e-01,4.375897943973541260e-01,1.159430146217346191e+00,9.253506362438201904e-02,3.200000000000000000e+03,4.020623779296875000e+03
8.118000626564025879e-02,-1.500000059604644775e-01,-2.526250779628753662e-01,-2.079477608203887939e-01,1.112542033195495605e+00,5.640171468257904053e-02,4.371000000000000000e+03,4.767153320312500000e+03
-5.000000000000000000e-01,3.562291860580444336e-01,-3.341399729251861572e-01,1.797077804803848267e-01,7.638754844665527344e-01,2.720450162887573242e-01,1.183000000000000000e+03,1.299023315429687500e+03
1.764043420553207397e-01,2.514390051364898682e-01,1.125719994306564331e-01,5.092769861221313477e-01,7.851762771606445312e-01,6.430408358573913574e-02,3.016000000000000000e+03,3.352714355468750000e+03
2.145627290010452271e-01,2.872454822063446045e-01,3.669005632400512695e-01,-2.531697452068328857e-01,1.061806797981262207e+00,6.620339304208755493e-02,3.627000000000000000e+03,4.585971191406250000e+03
-1.000000014901161194e-01,4.223684668540954590e-01,1.407096087932586670e-01,4.105819463729858398e-01,8.601778149604797363e-01,5.632148310542106628e-02,3.576000000000000000e+03,3.851300781250000000e+03
-1.000000014901161194e-01,9.482004493474960327e-02,3.127922415733337402e-01,2.663856446743011475e-01,1.118353962898254395e+00,5.271350592374801636e-02,4.202000000000000000e+03,4.851439941406250000e+03
-2.500000000000000000e-01,3.815837576985359192e-02,-8.446063846349716187e-02,8.282175660133361816e-02,1.251090645790100098e+00,5.868956446647644043e-02,4.577000000000000000e+03,4.662526367187500000e+03
-1.784555613994598389e-01,3.896152675151824951e-01,5.270300433039665222e-02,1.974994242191314697e-01,1.002169966697692871e+00,7.404639571905136108e-02,2.688000000000000000e+03,2.924537109375000000e+03
-1.000000014901161194e-01,-4.688200056552886963e-01,-4.459046423435211182e-01,-5.119117498397827148e-01,8.648608326911926270e-01,7.608401030302047729e-02,3.244000000000000000e+03,3.753009765625000000e+03
9.482004493474960327e-02,-2.000000029802322388e-01,-3.823328614234924316e-01,-3.297746777534484863e-01,1.125238776206970215e+00,5.927532911300659180e-02,4.800000000000000000e+03,5.688269042968750000e+03
5.000000074505805969e-02,-2.000000029802322388e-01,3.542250394821166992e-02,1.602121889591217041e-01,1.217231512069702148e+00,5.815037712454795837e-02,5.010000000000000000e+03,5.439776855468750000e+03
-1.618416309356689453e-01,-1.500000059604644775e-01,-1.974230706691741943e-01,-1.469227205961942673e-02,8.387068510055541992e-01,6.343670189380645752e-02,3.068000000000000000e+03,3.152984375000000000e+03
2.872454822063446045e-01,3.221365213394165039e-01,5.939010977745056152e-01,2.472532242536544800e-01,9.556586742401123047e-01,5.685592815279960632e-02,3.971000000000000000e+03,4.393500000000000000e+03
-1.141935139894485474e-01,-2.500000000000000000e-01,-1.353183984756469727e-01,-2.802474200725555420e-01,3.735782504081726074e-01,1.118943616747856140e-01,1.098000000000000000e+03,1.108726196289062500e+03
-2.500000000000000000e-01,-1.184162404388189316e-02,1.120407953858375549e-01,-5.054627656936645508e-01,1.255821108818054199e+00,5.592044442892074585e-02,4.884000000000000000e+03,5.989763671875000000e+03
-5.000000074505805969e-02,1.275732517242431641e-01,-2.881405651569366455e-01,4.748251736164093018e-01,1.209874749183654785e+00,5.844636261463165283e-02,5.250000000000000000e+03,5.869591308593750000e+03
-1.159073337912559509e-01,-3.178191184997558594e-01,-3.521201908588409424e-01,1.127693429589271545e-01,1.173820853233337402e+00,5.240791290998458862e-02,4.706000000000000000e+03,5.499123535156250000e+03
5.000000074505805969e-02,2.479487806558609009e-01,5.695649981498718262e-02,3.097369074821472168e-01,1.107165932655334473e+00,5.570685118436813354e-02,4.457000000000000000e+03,4.471054687500000000e+03
-1.000000014901161194e-01,1.366542428731918335e-01,-5.826542377471923828e-01,9.133843332529067993e-02,1.167352676391601562e+00,5.416081845760345459e-02,4.727000000000000000e+03,5.511792480468750000e+03
2.514390051364898682e-01,2.872454822063446045e-01,2.121842503547668457e-01,2.623939514160156250e-01,4.745171666145324707e-01,8.021508157253265381e-02,1.230000000000000000e+03,1.241767578125000000e+03
1.962217837572097778e-01,4.545493423938751221e-01,2.488446980714797974e-01,3.587590754032135010e-01,4.434383809566497803e-01,8.519107103347778320e-02,1.436000000000000000e+03,1.521947998046875000e+03
-2.500000000000000000e-01,-1.184162404388189316e-02,-1.650007665157318115e-01,-1.564157903194427490e-01,1.089876890182495117e+00,6.573972105979919434e-02,4.587000000000000000e+03,4.695226562500000000e+03
1.707469075918197632e-01,-1.500000059604644775e-01,3.199019432067871094e-01,-5.477055311203002930e-01,1.096949934959411621e+00,6.314253807067871094e-02,4.388000000000000000e+03,5.023815917968750000e+03
-4.000000059604644775e-01,1.764043420553207397e-01,-1.868034750223159790e-01,4.891680181026458740e-01,1.090014457702636719e+00,6.866478174924850464e-02,4.597000000000000000e+03,5.137389648437500000e+03
0.000000000000000000e+00,1.748126149177551270e-01,-2.218197565525770187e-03,4.371643960475921631e-01,1.261165261268615723e+00,5.972057953476905823e-02,5.209000000000000000e+03,5.432123046875000000e+03
2.145627290010452271e-01,1.366542428731918335e-01,-3.507311046123504639e-01,-1.327810883522033691e-01,1.256803870201110840e+00,6.188959628343582153e-02,4.920000000000000000e+03,6.080914550781250000e+03
5.000000074505805969e-02,1.366542428731918335e-01,-1.199156567454338074e-01,3.138472139835357666e-02,1.055212736129760742e+00,5.192790925502777100e-02,4.062000000000000000e+03,4.206627441406250000e+03
-2.500000000000000000e-01,-2.500000000000000000e-01,-4.161861538887023926e-02,-1.790682226419448853e-01,1.064090728759765625e+00,5.996194854378700256e-02,3.487000000000000000e+03,3.634754394531250000e+03
2.145627290010452271e-01,0.000000000000000000e+00,2.170634083449840546e-02,4.343408159911632538e-03,6.454238295555114746e-01,5.445282906293869019e-02,2.019000000000000000e+03,2.195916259765625000e+03
-1.303705126047134399e-01,5.173884034156799316e-01,-5.994919687509536743e-02,8.073281049728393555e-01,9.127322435379028320e-01,6.073372811079025269e-02,3.204000000000000000e+03,3.538073730468750000e+03
1.366542428731918335e-01,1.329784244298934937e-01,1.709118187427520752e-01,-3.810679912567138672e-02,1.212440609931945801e+00,6.550949066877365112e-02,4.229000000000000000e+03,4.316132812500000000e+03
4.545493423938751221e-01,1.366542428731918335e-01,1.656522005796432495e-01,5.858481675386428833e-02,1.199219822883605957e+00,5.418473854660987854e-02,4.772000000000000000e+03,5.064486816406250000e+03
3.562291860580444336e-01,0.000000000000000000e+00,3.610822260379791260e-01,1.856740713119506836e-01,7.409389019012451172e-01,6.828206777572631836e-02,2.662000000000000000e+03,2.826710205078125000e+03
0.000000000000000000e+00,-2.000000029802322388e-01,3.081394433975219727e-01,-5.107620358467102051e-01,1.257055997848510742e+00,6.090023368597030640e-02,5.541000000000000000e+03,6.194934570312500000e+03
-2.500000000000000000e-01,-3.499999940395355225e-01,-1.893804669380187988e-01,-4.889644384384155273e-01,9.850947856903076172e-01,6.168850511312484741e-02,3.604000000000000000e+03,3.689033447265625000e+03
2.872454822063446045e-01,0.000000000000000000e+00,4.952813386917114258e-01,-4.066208302974700928e-01,1.231470584869384766e+00,5.722733587026596069e-02,5.278000000000000000e+03,5.980926269531250000e+03
9.482004493474960327e-02,5.000000074505805969e-02,3.673696815967559814e-01,3.605161234736442566e-02,1.207986593246459961e+00,4.964035749435424805e-02,4.655000000000000000e+03,4.889526855468750000e+03
1.764043420553207397e-01,-3.000000119209289551e-01,1.975376307964324951e-01,-4.357647895812988281e-01,7.794734835624694824e-01,5.903998389840126038e-02,2.963000000000000000e+03,3.054373779296875000e+03
-3.000000119209289551e-01,9.482004493474960327e-02,-3.549373149871826172e-02,-6.268175691366195679e-02,1.116368055343627930e+00,7.355255633592605591e-02,3.914000000000000000e+03,4.206143554687500000e+03
1.366542428731918335e-01,2.514390051364898682e-01,1.137373619712889194e-03,-3.834965229034423828e-01,1.236517071723937988e+00,6.065868586301803589e-02,4.103000000000000000e+03,5.175449707031250000e+03
2.872454822063446045e-01,1.366542428731918335e-01,5.441050976514816284e-02,8.833107352256774902e-02,1.066841483116149902e+00,5.737772956490516663e-02,4.514000000000000000e+03,4.735694335937500000e+03
5.000000074505805969e-02,3.221365213394165039e-01,-6.463129073381423950e-02,6.775576472282409668e-01,7.057640552520751953e-01,6.056233868002891541e-02,2.347000000000000000e+03,2.969922607421875000e+03
2.514390051364898682e-01,4.545493423938751221e-01,1.686685383319854736e-01,4.896776080131530762e-01,7.105342745780944824e-01,7.782582193613052368e-02,2.079000000000000000e+03,2.112129394531250000e+03
8.815837651491165161e-02,-2.000000029802322388e-01,1.851244270801544189e-01,-4.189880490303039551e-01,8.729404807090759277e-01,7.813916355371475220e-02,3.615000000000000000e+03,3.882437011718750000e+03
1.764043420553207397e-01,5.000000074505805969e-02,1.356275081634521484e-01,2.121076546609401703e-02,1.228468179702758789e+00,6.202281638979911804e-02,4.235000000000000000e+03,4.241966308593750000e+03
2.514390051364898682e-01,0.000000000000000000e+00,8.471129089593887329e-02,-1.205060556530952454e-01,8.732249140739440918e-01,5.903177335858345032e-02,2.569000000000000000e+03,2.709912597656250000e+03
-6.024989485740661621e-02,5.000000074505805969e-02,1.982586532831192017e-01,4.085374176502227783e-01,1.230269432067871094e+00,6.036777794361114502e-02,4.910000000000000000e+03,5.524571289062500000e+03
-2.641935050487518311e-01,-5.000000074505805969e-02,-4.373558759689331055e-01,2.236134707927703857e-01,1.255200266838073730e+00,6.501077115535736084e-02,5.077000000000000000e+03,5.409265136718750000e+03
1.764043420553207397e-01,-4.499999880790710449e-01,1.616797149181365967e-01,-4.189586639404296875e-01,9.999922513961791992e-01,6.269632279872894287e-02,3.389000000000000000e+03,3.393042236328125000e+03
3.896152675151824951e-01,9.482004493474960327e-02,5.134553313255310059e-01,-1.299379616975784302e-01,1.033821463584899902e+00,6.404209136962890625e-02,2.830000000000000000e+03,3.001819580078125000e+03
-4.178191125392913818e-01,3.896152675151824951e-01,-6.095412969589233398e-01,2.996101379394531250e-01,1.020313501358032227e+00,5.231421813368797302e-02,3.898000000000000000e+03,4.064066894531250000e+03
4.223684668540954590e-01,3.896152675151824951e-01,5.524582862854003906e-01,6.489692330360412598e-01,8.143615722656250000e-01,1.709319800138473511e-01,2.913000000000000000e+03,3.271960937500000000e+03
-3.499999940395355225e-01,1.215452700853347778e-01,-4.790169000625610352e-01,-7.772547006607055664e-02,7.580410838127136230e-01,8.572303503751754761e-02,2.684000000000000000e+03,2.941863525390625000e+03
5.000000074505805969e-02,1.764043420553207397e-01,-1.135689988732337952e-01,1.601905673742294312e-01,1.261229157447814941e+00,5.523921921849250793e-02,4.622000000000000000e+03,4.699977539062500000e+03
-1.024989411234855652e-02,1.764043420553207397e-01,1.443824321031570435e-01,7.946363687515258789e-01,1.132062077522277832e+00,7.005631923675537109e-02,3.643000000000000000e+03,4.729303222656250000e+03
-2.500000000000000000e-01,2.145627290010452271e-01,-3.663814365863800049e-01,1.474886238574981689e-01,1.002226114273071289e+00,6.768427789211273193e-02,3.828000000000000000e+03,3.896275390625000000e+03
-1.000000014901161194e-01,2.145627290010452271e-01,1.974742114543914795e-01,-2.252583764493465424e-02,1.037939429283142090e+00,7.297542691230773926e-02,3.522000000000000000e+03,3.980307617187500000e+03
2.872454822063446045e-01,1.366542428731918335e-01,-6.678772717714309692e-02,2.504671812057495117e-01,1.065294504165649414e+00,6.004229933023452759e-02,4.222000000000000000e+03,4.722237792968750000e+03
1.366542428731918335e-01,-2.500000000000000000e-01,9.710320830345153809e-02,-2.521431446075439453e-01,6.752589344978332520e-01,7.256174832582473755e-02,2.149000000000000000e+03,2.156398681640625000e+03
-5.179951898753643036e-03,3.221365213394165039e-01,-2.628759443759918213e-01,3.364465758204460144e-02,1.226837873458862305e+00,6.002947688102722168e-02,4.903000000000000000e+03,5.379921386718750000e+03
1.366542428731918335e-01,1.260000616312026978e-01,6.003122329711914062e-01,-4.226693511009216309e-01,1.280069470405578613e+00,5.819473043084144592e-02,4.966000000000000000e+03,6.440986816406250000e+03
-1.500000059604644775e-01,-5.000000074505805969e-02,4.112038016319274902e-02,-1.944382339715957642e-01,7.265051007270812988e-01,7.432085275650024414e-02,2.859000000000000000e+03,3.161962646484375000e+03
-5.000000074505805969e-02,-1.618416309356689453e-01,6.792818009853363037e-02,6.387554854154586792e-02,1.252428412437438965e+00,5.952923744916915894e-02,4.905000000000000000e+03,5.106141601562500000e+03
-3.000000119209289551e-01,2.514390051364898682e-01,-5.633348822593688965e-01,1.716503500938415527e-01,1.223343968391418457e+00,5.635461211204528809e-02,4.954000000000000000e+03,5.201064453125000000e+03
3.562291860580444336e-01,-1.118416264653205872e-01,3.975526690483093262e-01,-7.647149264812469482e-02,5.737887620925903320e-01,5.556164309382438660e-02,1.522000000000000000e+03,1.535660400390625000e+03
8.975010365247726440e-02,3.687628731131553650e-02,-6.626927107572555542e-02,-2.319108992815017700e-01,1.005540847778320312e+00,6.698945164680480957e-02,3.814000000000000000e+03,4.169937500000000000e+03
-4.000000059604644775e-01,-2.131237089633941650e-01,-3.670005202293395996e-01,-1.531118601560592651e-01,1.035629391670227051e+00,6.489957123994827271e-02,3.815000000000000000e+03,3.831746093750000000e+03
2.872454822063446045e-01,-1.500000059604644775e-01,2.131229043006896973e-01,-4.935807883739471436e-01,1.185213923454284668e+00,5.783377587795257568e-02,4.954000000000000000e+03,5.380786621093750000e+03
3.221365213394165039e-01,9.482004493474960327e-02,-1.103044897317886353e-01,4.092569649219512939e-01,1.259705305099487305e+00,6.759614497423171997e-02,4.694000000000000000e+03,5.506129394531250000e+03
-5.000000074505805969e-02,-3.000000119209289551e-01,-3.307526707649230957e-01,-2.226403951644897461e-01,1.188902616500854492e+00,5.653328448534011841e-02,5.270000000000000000e+03,5.582419433593750000e+03
2.872454822063446045e-01,-4.499999880790710449e-01,2.484158575534820557e-01,-5.314535498619079590e-01,4.759399890899658203e-01,1.165127232670783997e-01,1.612000000000000000e+03,1.669395263671875000e+03
-2.000000029802322388e-01,5.000000074505805969e-02,4.362424910068511963e-01,3.079718537628650665e-02,1.233247756958007812e+00,5.379657447338104248e-02,4.673000000000000000e+03,5.853275878906250000e+03
1.366542428731918335e-01,-3.499999940395355225e-01,8.524677902460098267e-02,-4.363684952259063721e-01,8.023832440376281738e-01,6.987938284873962402e-02,2.581000000000000000e+03,2.621452392578125000e+03
1.366542428731918335e-01,2.453003376722335815e-01,-1.073308661580085754e-01,2.241066396236419678e-01,9.089468717575073242e-01,7.223886996507644653e-02,3.231000000000000000e+03,3.461618164062500000e+03
-4.499999880790710449e-01,1.724607348442077637e-01,-2.224764525890350342e-01,3.435147106647491455e-01,1.030738949775695801e+00,7.821529358625411987e-02,3.167000000000000000e+03,3.404437988281250000e+03
2.514390051364898682e-01,1.764043420553207397e-01,-1.099542826414108276e-01,3.452349603176116943e-01,1.143774032592773438e+00,6.288193911314010620e-02,4.047000000000000000e+03,4.526502929687500000e+03
4.482004791498184204e-02,3.489103168249130249e-02,7.005614787340164185e-02,-5.626076459884643555e-01,1.197023630142211914e+00,6.209701672196388245e-02,4.721000000000000000e+03,5.843381347656250000e+03
-1.192623898386955261e-01,-1.000000014901161194e-01,-3.306951820850372314e-01,-4.285739362239837646e-01,1.281071782112121582e+00,5.810304731130599976e-02,5.587000000000000000e+03,6.095490234375000000e+03
6.672313809394836426e-01,3.062292039394378662e-01,5.916532874107360840e-01,5.008999723941087723e-03,8.388648033142089844e-01,5.776652693748474121e-02,2.770000000000000000e+03,3.138909667968750000e+03
-1.696730405092239380e-01,5.000000074505805969e-02,-2.381891459226608276e-01,9.692063927650451660e-02,9.454461932182312012e-01,6.298737227916717529e-02,2.752000000000000000e+03,2.773110351562500000e+03
4.223684668540954590e-01,-5.000000074505805969e-02,2.206132411956787109e-01,1.674442291259765625e-01,7.544391751289367676e-01,6.254912167787551880e-02,2.696000000000000000e+03,3.098714355468750000e+03
4.223684668540954590e-01,-5.000000074505805969e-02,4.481108188629150391e-01,3.055973649024963379e-01,1.118827342987060547e+00,7.357265055179595947e-02,3.916000000000000000e+03,4.304824218750000000e+03
2.503692209720611572e-01,4.545493423938751221e-01,3.817190229892730713e-01,4.227916002273559570e-01,6.787057518959045410e-01,9.280560165643692017e-02,2.399000000000000000e+03,2.493109863281250000e+03
3.221365213394165039e-01,-4.000000059604644775e-01,6.716474890708923340e-03,-7.076426148414611816e-01,9.120407700538635254e-01,6.639155000448226929e-02,3.128000000000000000e+03,3.823049804687500000e+03
-5.000000074505805969e-02,2.145627290010452271e-01,-1.400953084230422974e-01,2.995247542858123779e-01,5.816819071769714355e-01,7.716608047485351562e-02,2.229000000000000000e+03,2.329187988281250000e+03
-4.000000059604644775e-01,-2.000000029802322388e-01,-3.806268274784088135e-01,-4.844257235527038574e-02,6.895248293876647949e-01,7.712406665086746216e-02,1.937000000000000000e+03,2.031158813476562500e+03
4.223684668540954590e-01,1.460338383913040161e-01,4.777868986129760742e-01,1.649041473865509033e-01,4.432301521301269531e-01,9.372675418853759766e-02,1.477000000000000000e+03,1.502727416992187500e+03
-5.000000074505805969e-02,0.000000000000000000e+00,-1.168499439954757690e-01,-3.667214512825012207e-01,8.412774205207824707e-01,5.993368849158287048e-02,3.524000000000000000e+03,4.188420898437500000e+03
2.145627290010452271e-01,2.145627290010452271e-01,3.173044621944427490e-01,1.359977424144744873e-01,9.145675897598266602e-01,6.197237595915794373e-02,2.768000000000000000e+03,2.822955566406250000e+03
1.366542428731918335e-01,-1.500000059604644775e-01,7.727282494306564331e-02,1.026434474624693394e-03,9.425456523895263672e-01,5.824664607644081116e-02,3.816000000000000000e+03,3.928658447265625000e+03
-1.500000059604644775e-01,1.764043420553207397e-01,2.712937891483306885e-01,2.007886022329330444e-01,1.187977313995361328e+00,7.234369218349456787e-02,4.485000000000000000e+03,5.035516113281250000e+03
5.000000074505805969e-02,-2.500000000000000000e-01,8.776988834142684937e-02,-3.309442996978759766e-01,9.703447818756103516e-01,8.664207905530929565e-02,2.970000000000000000e+03,2.995236572265625000e+03
9.482004493474960327e-02,2.145627290010452271e-01,4.594367742538452148e-01,3.424204587936401367e-01,1.186906933784484863e+00,5.470882356166839600e-02,5.039000000000000000e+03,5.560160156250000000e+03
3.562291860580444336e-01,-2.000000029802322388e-01,3.559781908988952637e-01,-9.652072936296463013e-02,7.378592491149902344e-01,4.990626499056816101e-02,2.383000000000000000e+03,2.429607666015625000e+03
-5.000000000000000000e-01,9.482004493474960327e-02,-3.162209987640380859e-01,-2.439657449722290039e-01,1.027819991111755371e+00,7.491061091423034668e-02,3.490000000000000000e+03,3.965663818359375000e+03
5.000000074505805969e-02,0.000000000000000000e+00,2.986424267292022705e-01,-2.149270288646221161e-02,1.215453386306762695e+00,6.064977124333381653e-02,4.984000000000000000e+03,5.191767089843750000e+03
2.872454822063446045e-01,8.338605612516403198e-02,-1.266522891819477081e-02,-3.145661056041717529e-01,1.114089250564575195e+00,5.350434035062789917e-02,4.536000000000000000e+03,5.407326660156250000e+03
-6.000000238418579102e-01,-1.419351249933242798e-02,-1.077417373657226562e+00,3.047155775129795074e-02,9.386596679687500000e-01,6.349646300077438354e-02,3.803000000000000000e+03,4.745492675781250000e+03
-5.000000074505805969e-02,1.366542428731918335e-01,-4.735230803489685059e-01,4.490169882774353027e-01,1.184990644454956055e+00,5.773438140749931335e-02,4.929000000000000000e+03,5.861795410156250000e+03
2.361732423305511475e-01,-8.000000119209289551e-01,4.776218906044960022e-02,-7.260341644287109375e-01,7.717106342315673828e-01,2.188441455364227295e-01,1.605000000000000000e+03,1.713482299804687500e+03
5.173884034156799316e-01,-1.192623898386955261e-01,5.998574495315551758e-01,-4.123191162943840027e-02,1.018678188323974609e+00,5.634026601910591125e-02,3.390000000000000000e+03,3.431910888671875000e+03
-1.184162404388189316e-02,-6.000000238418579102e-01,-1.393050253391265869e-01,-6.223217248916625977e-01,8.113563060760498047e-01,5.903389677405357361e-02,3.062000000000000000e+03,3.139345214843750000e+03
-5.816580727696418762e-02,-2.131237089633941650e-01,2.615765631198883057e-01,-3.908692896366119385e-01,1.049379348754882812e+00,6.987002491950988770e-02,3.531000000000000000e+03,3.947719482421875000e+03
1.764043420553207397e-01,-1.000000014901161194e-01,4.960410892963409424e-01,-7.066209334880113602e-03,1.253597021102905273e+00,5.597568303346633911e-02,4.938000000000000000e+03,5.281022949218750000e+03
-4.000000059604644775e-01,-2.500000000000000000e-01,-1.996441632509231567e-01,2.849533855915069580e-01,9.788292050361633301e-01,6.746628135442733765e-02,3.576000000000000000e+03,4.717033691406250000e+03
-1.500000059604644775e-01,-2.000000029802322388e-01,-7.659360021352767944e-02,-2.590505778789520264e-01,5.958300828933715820e-01,7.128822058439254761e-02,2.173000000000000000e+03,2.227154541015625000e+03
4.223684668540954590e-01,5.000000074505805969e-02,5.238476991653442383e-01,-1.621495485305786133e-01,1.020858407020568848e+00,5.391891300678253174e-02,4.248000000000000000e+03,4.470828613281250000e+03
-1.500000059604644775e-01,-4.499999880790710449e-01,-1.945737004280090332e-01,-1.468149721622467041e-01,1.059638977050781250e+00,7.101967930793762207e-02,3.474000000000000000e+03,3.759505371093750000e+03
-1.000000014901161194e-01,-1.000000014901161194e-01,-1.038422882556915283e-01,-4.471063613891601562e-03,6.562440991401672363e-01,9.498055279254913330e-02,1.933000000000000000e+03,1.973710693359375000e+03
-1.500000059604644775e-01,3.975010663270950317e-02,-1.535262614488601685e-01,-3.692961335182189941e-01,9.975284337997436523e-01,6.309062987565994263e-02,3.937000000000000000e+03,4.576057617187500000e+03
4.223684668540954590e-01,0.000000000000000000e+00,4.344983398914337158e-01,-1.027876138687133789e-01,4.627546966075897217e-01,7.409548759460449219e-02,1.910000000000000000e+03,2.004286865234375000e+03
-3.000000119209289551e-01,9.482004493474960327e-02,1.778123378753662109e-01,-2.914112433791160583e-02,1.193659067153930664e+00,5.954602733254432678e-02,4.391000000000000000e+03,5.114551757812500000e+03
-1.500000059604644775e-01,-5.000000074505805969e-02,-6.316676735877990723e-01,-1.036741659045219421e-01,1.203729987144470215e+00,7.736796885728836060e-02,4.293000000000000000e+03,4.964067871093750000e+03
-1.000000014901161194e-01,5.000000074505805969e-02,-5.718553438782691956e-02,3.140894696116447449e-02,1.231599092483520508e+00,5.770774558186531067e-02,4.810000000000000000e+03,4.816963378906250000e+03
-2.000000029802322388e-01,1.764043420553207397e-01,6.564626097679138184e-02,3.558162972331047058e-02,1.273872137069702148e+00,5.441470071673393250e-02,5.225000000000000000e+03,5.511597167968750000e+03
-3.000000119209289551e-01,-5.000000074505805969e-02,-5.977386236190795898e-01,-1.343624144792556763e-01,1.191857337951660156e+00,6.641377508640289307e-02,4.683000000000000000e+03,4.993758300781250000e+03
1.764043420553207397e-01,2.514390051364898682e-01,3.266183286905288696e-02,2.329655736684799194e-01,1.206789255142211914e+00,5.711926519870758057e-02,5.128000000000000000e+03,5.201833496093750000e+03
-4.000000059604644775e-01,-6.510896980762481689e-02,-6.921069324016571045e-02,2.282078713178634644e-01,8.123260140419006348e-01,6.429074704647064209e-02,2.744000000000000000e+03,3.512650146484375000e+03
8.489102870225906372e-02,2.091575562953948975e-01,1.991333626210689545e-02,2.901684343814849854e-01,1.129819750785827637e+00,6.215246766805648804e-02,4.056000000000000000e+03,4.090083251953125000e+03
-1.000000014901161194e-01,1.366542428731918335e-01,-8.234638720750808716e-02,3.017317950725555420e-01,4.373086094856262207e-01,6.093242391943931580e-02,1.597000000000000000e+03,1.819729980468750000e+03
-5.000000074505805969e-02,-2.000000029802322388e-01,1.771854731487110257e-04,-2.155054807662963867e-01,1.283951520919799805e+00,6.065011397004127502e-02,4.206000000000000000e+03,4.213091308593750000e+03
1.366542428731918335e-01,-2.500000000000000000e-01,1.496028807014226913e-02,-1.068084388971328735e-01,6.498529911041259766e-01,7.633169740438461304e-02,1.716000000000000000e+03,1.857026855468750000e+03
5.000000074505805969e-02,9.482004493474960327e-02,1.286584287881851196e-01,2.575775980949401855e-01,1.148162603378295898e+00,6.588843464851379395e-02,3.816000000000000000e+03,3.909819580078125000e+03
-5.000000074505805969e-02,-3.499999940395355225e-01,2.251688838005065918e-01,-2.505205273628234863e-01,1.133196592330932617e+00,5.260041356086730957e-02,4.401000000000000000e+03,4.690360351562500000e+03
2.145627290010452271e-01,-5.179951898753643036e-03,1.254580169916152954e-01,-7.720867544412612915e-02,1.285346865653991699e+00,6.358826905488967896e-02,4.191000000000000000e+03,4.224282226562500000e+03
5.000000074505805969e-02,-3.159073293209075928e-01,-1.029612869024276733e-01,-4.454554319381713867e-01,9.940789341926574707e-01,6.059114634990692139e-02,3.999000000000000000e+03,4.160299316406250000e+03
-2.000000029802322388e-01,5.000000074505805969e-02,-5.192540884017944336e-01,-4.351243376731872559e-02,1.250677227973937988e+00,6.171509623527526855e-02,5.316000000000000000e+03,5.685280761718750000e+03
-1.500000059604644775e-01,5.173884034156799316e-01,-1.848662942647933960e-01,5.283103585243225098e-01,5.329182147979736328e-01,7.344264537096023560e-02,1.706000000000000000e+03,1.713953002929687500e+03
-6.967304646968841553e-02,5.000000074505805969e-02,1.075823605060577393e-01,3.959872424602508545e-01,1.144621372222900391e+00,6.471531093120574951e-02,4.289000000000000000e+03,4.771667968750000000e+03
5.000000074505805969e-02,9.482004493474960327e-02,3.888787925243377686e-01,2.444999068975448608e-01,1.080978989601135254e+00,5.370745062828063965e-02,4.450000000000000000e+03,4.958814941406250000e+03
-1.000000014901161194e-01,-3.000000119209289551e-01,3.455078005790710449e-01,1.374677270650863647e-01,1.234175086021423340e+00,5.609647184610366821e-02,5.293000000000000000e+03,6.580180175781250000e+03
0.000000000000000000e+00,-1.500000059604644775e-01,-5.719991773366928101e-02,-3.109803199768066406e-01,8.312586545944213867e-01,5.922473222017288208e-02,3.150000000000000000e+03,3.282031494140625000e+03
2.514390051364898682e-01,-2.159073352813720703e-01,-1.674523204565048218e-01,1.256019324064254761e-01,1.229282498359680176e+00,5.597089231014251709e-02,5.006000000000000000e+03,5.935854980468750000e+03
-5.000000074505805969e-02,0.000000000000000000e+00,-7.606405615806579590e-01,1.552382856607437134e-01,1.121972918510437012e+00,3.122101128101348877e-01,4.090000000000000000e+03,5.687972656250000000e+03
3.562291860580444336e-01,1.764043420553207397e-01,7.529996037483215332e-01,1.162464991211891174e-01,9.908391237258911133e-01,6.099589914083480835e-02,3.957000000000000000e+03,4.582588378906250000e+03
2.872454822063446045e-01,1.764043420553207397e-01,3.454443812370300293e-01,-6.171667575836181641e-02,1.111771464347839355e+00,4.929580911993980408e-02,4.461000000000000000e+03,4.675627441406250000e+03
4.862083792686462402e-01,-6.510896980762481689e-02,5.729782581329345703e-01,-1.972601264715194702e-01,7.867301106452941895e-01,6.326484680175781250e-02,3.443000000000000000e+03,3.580342041015625000e+03
1.764043420553207397e-01,-1.618416309356689453e-01,-1.043453216552734375e-01,3.342441618442535400e-01,1.127672910690307617e+00,5.503333732485771179e-02,4.025000000000000000e+03,5.003821289062500000e+03
-5.816580727696418762e-02,2.145627290010452271e-01,-3.636901974678039551e-01,-4.725797474384307861e-02,1.274011135101318359e+00,6.084168329834938049e-02,5.137000000000000000e+03,5.638745117187500000e+03
9.183419495820999146e-02,-5.500000119209289551e-01,4.178702458739280701e-02,-6.537192463874816895e-01,8.368975520133972168e-01,9.434731304645538330e-02,2.373000000000000000e+03,2.417683593750000000e+03
2.145627290010452271e-01,-1.184162404388189316e-02,-2.714536525309085846e-02,-2.967340946197509766e-01,1.215745568275451660e+00,5.790764838457107544e-02,4.701000000000000000e+03,5.136072753906250000e+03
1.764043420553207397e-01,2.514390051364898682e-01,1.739638745784759521e-01,1.592869460582733154e-01,5.829479694366455078e-01,8.606526255607604980e-02,1.916000000000000000e+03,1.963749633789062500e+03
-3.710686266422271729e-01,2.145627290010452271e-01,-1.427787840366363525e-01,-2.574049308896064758e-02,9.414897561073303223e-01,1.010761111974716187e-01,2.396000000000000000e+03,2.684389892578125000e+03
2.145627290010452271e-01,5.000000074505805969e-02,3.375743925571441650e-01,4.858609735965728760e-01,1.253471374511718750e+00,5.864805355668067932e-02,5.038000000000000000e+03,5.676005371093750000e+03
3.975010663270950317e-02,-2.000000029802322388e-01,-1.792275309562683105e-01,-3.123306902125477791e-03,1.106800436973571777e+00,6.120381131768226624e-02,4.585000000000000000e+03,4.903501464843750000e+03
-1.500000059604644775e-01,-1.500000059604644775e-01,9.070279449224472046e-02,-2.139907777309417725e-01,1.266917943954467773e+00,5.779650434851646423e-02,5.043000000000000000e+03,5.236435546875000000e+03
2.803703844547271729e-01,-2.641935050487518311e-01,5.278626680374145508e-01,-3.806643187999725342e-01,1.023234844207763672e+00,5.381425842642784119e-02,4.031000000000000000e+03,4.314850097656250000e+03
3.338605910539627075e-02,4.223684668540954590e-01,1.062856763601303101e-01,4.636474847793579102e-01,8.738754391670227051e-01,7.053904980421066284e-02,3.498000000000000000e+03,3.530077880859375000e+03
-1.500000059604644775e-01,5.000000074505805969e-02,-1.380160599946975708e-01,9.693270921707153320e-02,1.109635472297668457e+00,5.829885601997375488e-02,3.815000000000000000e+03,3.822242919921875000e+03
8.169633150100708008e-02,2.145627290010452271e-01,5.261888355016708374e-02,3.152450919151306152e-02,1.203176975250244141e+00,6.901902705430984497e-02,4.948000000000000000e+03,5.064744140625000000e+03
-5.000000074505805969e-02,-2.000000029802322388e-01,2.172959893941879272e-01,-2.076718211174011230e-01,1.130182147026062012e+00,6.574346125125885010e-02,4.299000000000000000e+03,4.535967773437500000e+03
1.366542428731918335e-01,1.366542428731918335e-01,3.746245289221405983e-03,-7.971277087926864624e-02,1.039204359054565430e+00,6.441047042608261108e-02,3.529000000000000000e+03,3.737208007812500000e+03
-1.000000014901161194e-01,1.764043420553207397e-01,-6.707946956157684326e-02,5.776823498308658600e-03,1.242892622947692871e+00,5.784340947866439819e-02,5.142000000000000000e+03,5.241813964843750000e+03
-1.500000059604644775e-01,1.366542428731918335e-01,-4.217654168605804443e-01,-1.513866037130355835e-01,1.216203808784484863e+00,5.081202462315559387e-02,4.946000000000000000e+03,5.457541503906250000e+03
-2.178191244602203369e-01,0.000000000000000000e+00,-5.897371768951416016e-01,-3.222804889082908630e-02,1.252609491348266602e+00,5.989581719040870667e-02,5.131000000000000000e+03,5.576809570312500000e+03
2.514390051364898682e-01,9.482004493474960327e-02,4.486685618758201599e-02,-2.795999944210052490e-01,1.276641845703125000e+00,5.133545026183128357e-02,5.364000000000000000e+03,5.950997558593750000e+03
1.366542428731918335e-01,-1.000000014901161194e-01,7.476362586021423340e-01,-3.487993478775024414e-01,1.246824145317077637e+00,6.123054400086402893e-02,4.340000000000000000e+03,5.491889648437500000e+03
-1.102498918771743774e-01,-3.499999940395355225e-01,-3.718573749065399170e-01,-4.091515839099884033e-01,1.076377630233764648e+00,5.468589439988136292e-02,4.881000000000000000e+03,5.180167480468750000e+03
8.975010365247726440e-02,-2.500000000000000000e-01,2.775570750236511230e-01,-2.262412011623382568e-01,9.299229383468627930e-01,7.787373661994934082e-02,3.571000000000000000e+03,3.717437744140625000e+03
-2.500000000000000000e-01,3.032695502042770386e-02,-1.873436272144317627e-01,-2.883584238588809967e-03,1.267193675041198730e+00,6.683869659900665283e-02,5.003000000000000000e+03,5.018776367187500000e+03
1.366542428731918335e-01,-1.618416309356689453e-01,3.803045749664306641e-01,-2.968835532665252686e-01,9.679127335548400879e-01,6.468895822763442993e-02,2.734000000000000000e+03,2.955795166015625000e+03
-3.000000119209289551e-01,1.764043420553207397e-01,-1.023165881633758545e-02,1.442175358533859253e-01,1.263352990150451660e+00,5.831032246351242065e-02,4.519000000000000000e+03,4.756043945312500000e+03
2.145627290010452271e-01,1.366542428731918335e-01,3.263334631919860840e-01,-4.311617836356163025e-02,5.430573225021362305e-01,9.022867679595947266e-02,1.578000000000000000e+03,1.810158447265625000e+03
3.562291860580444336e-01,9.482004493474960327e-02,-2.423348426818847656e-01,5.622603744268417358e-02,1.253577589988708496e+00,5.164666473865509033e-02,4.734000000000000000e+03,5.766405761718750000e+03
0.000000000000000000e+00,2.145627290010452271e-01,-5.735304355621337891e-01,9.170209616422653198e-02,1.275731921195983887e+00,5.445129424333572388e-02,4.622000000000000000e+03,5.557438476562500000e+03
0.000000000000000000e+00,2.872454822063446045e-01,1.945085525512695312e-01,-2.473306357860565186e-01,1.252098798751831055e+00,6.091025844216346741e-02,4.810000000000000000e+03,5.761943359375000000e+03
-3.499999940395355225e-01,3.221365213394165039e-01,-4.457761347293853760e-01,2.010636031627655029e-01,9.391315579414367676e-01,9.888496994972229004e-02,2.116000000000000000e+03,2.172738281250000000e+03
5.000000074505805969e-02,0.000000000000000000e+00,3.444627225399017334e-01,-6.220480054616928101e-02,1.042298316955566406e+00,5.927459523081779480e-02,4.026000000000000000e+03,4.355445312500000000e+03
9.482004493474960327e-02,-5.000000074505805969e-02,-4.602811038494110107e-01,-3.670231997966766357e-02,1.190635442733764648e+00,6.023547425866127014e-02,3.976000000000000000e+03,4.801990722656250000e+03
-2.500000000000000000e-01,1.345701515674591064e-01,-1.789121329784393311e-01,3.012445271015167236e-01,1.125240802764892578e+00,5.563783273100852966e-02,4.421000000000000000e+03,4.534937988281250000e+03
-2.141935080289840698e-01,-2.000000029802322388e-01,-4.095311760902404785e-01,-4.421124756336212158e-01,1.136910200119018555e+00,6.245774775743484497e-02,4.732000000000000000e+03,5.080515625000000000e+03
-2.500000000000000000e-01,2.514390051364898682e-01,-4.694071114063262939e-01,-7.926201820373535156e-02,1.202458500862121582e+00,6.059703975915908813e-02,4.683000000000000000e+03,5.181254394531250000e+03
-5.000000074505805969e-02,-1.000000014901161194e-01,2.539396584033966064e-01,2.422890961170196533e-01,8.640722036361694336e-01,7.713841646909713745e-02,2.585000000000000000e+03,3.271090820312500000e+03
1.366542428731918335e-01,2.145627290010452271e-01,1.968499459326267242e-02,-7.949153892695903778e-03,9.176807999610900879e-01,7.789246737957000732e-02,2.699000000000000000e+03,2.897783691406250000e+03
-5.000000074505805969e-02,5.000000074505805969e-02,-1.833290010690689087e-01,-2.048558592796325684e-01,9.244557619094848633e-01,6.307641416788101196e-02,3.560000000000000000e+03,3.896404052734375000e+03
5.000000074505805969e-02,-3.151089549064636230e-01,-3.100243769586086273e-02,-5.780346319079399109e-02,1.013269186019897461e+00,6.347630172967910767e-02,3.519000000000000000e+03,3.764562744140625000e+03
3.896152675151824951e-01,4.223684668540954590e-01,4.242650866508483887e-01,5.423821210861206055e-01,6.244679689407348633e-01,1.323227435350418091e-01,1.561000000000000000e+03,1.622923339843750000e+03
-2.000000029802322388e-01,1.764043420553207397e-01,3.775348365306854248e-01,4.620733559131622314e-01,1.269656181335449219e+00,5.234972760081291199e-02,5.124000000000000000e+03,6.379538085937500000e+03
-6.419350951910018921e-02,2.514390051364898682e-01,2.730484604835510254e-01,-1.413312405347824097e-01,1.248821616172790527e+00,6.262698024511337280e-02,5.230000000000000000e+03,6.095046875000000000e+03
1.994537562131881714e-01,-3.000000119209289551e-01,7.903236895799636841e-02,-3.050290346145629883e-01,9.052438735961914062e-01,7.271368801593780518e-02,2.879000000000000000e+03,2.929947265625000000e+03
3.221365213394165039e-01,-5.000000074505805969e-02,1.157510951161384583e-01,3.174058347940444946e-02,1.236528873443603516e+00,5.478367581963539124e-02,5.306000000000000000e+03,5.475751953125000000e+03
3.409266844391822815e-02,-5.000000074505805969e-02,1.880256682634353638e-01,1.497355401515960693e-01,7.127476334571838379e-01,5.105188488960266113e-02,2.968000000000000000e+03,3.329467773437500000e+03
5.000000074505805969e-02,-1.618416309356689453e-01,2.553511261940002441e-01,-4.913475364446640015e-02,1.168588876724243164e+00,1.887384206056594849e-01,3.529000000000000000e+03,3.669772705078125000e+03
-5.000000074505805969e-02,-2.700559496879577637e-01,3.541149795055389404e-01,-2.687067687511444092e-01,1.171104311943054199e+00,6.371364742517471313e-02,4.231000000000000000e+03,4.720562500000000000e+03
-1.500000059604644775e-01,5.000000074505805969e-02,-1.276820749044418335e-01,-2.908439636230468750e-01,8.976847529411315918e-01,7.311885058879852295e-02,2.604000000000000000e+03,2.968567382812500000e+03
-2.651089727878570557e-01,-3.000000119209289551e-01,-4.838237762451171875e-01,-3.450537025928497314e-01,1.028519868850708008e+00,6.119387596845626831e-02,4.366000000000000000e+03,4.569607910156250000e+03
-3.000000119209289551e-01,1.345701515674591064e-01,-5.234570503234863281e-01,2.300587594509124756e-01,7.324407696723937988e-01,6.163984537124633789e-02,2.462000000000000000e+03,2.726067382812500000e+03
-1.500000059604644775e-01,-2.500000000000000000e-01,-1.895536929368972778e-01,3.686493635177612305e-02,9.114036560058593750e-01,1.088242679834365845e-01,1.972000000000000000e+03,2.166201416015625000e+03
-2.000000029802322388e-01,-1.500000059604644775e-01,-3.618254363536834717e-01,-1.151503697037696838e-01,8.925950527191162109e-01,6.975933909416198730e-02,2.574000000000000000e+03,2.661961425781250000e+03
-2.633457481861114502e-01,-5.500000119209289551e-01,-3.416398465633392334e-01,-5.309982299804687500e-01,6.153635978698730469e-01,8.109577745199203491e-02,1.845000000000000000e+03,1.876377807617187500e+03
1.329784244298934937e-01,1.366542428731918335e-01,2.760899066925048828e-02,1.389494389295578003e-01,1.161021232604980469e+00,8.790679275989532471e-02,3.505000000000000000e+03,3.533800048828125000e+03
-1.500000059604644775e-01,1.764043420553207397e-01,-7.280554175376892090e-01,1.959953606128692627e-01,1.265030026435852051e+00,5.880271643400192261e-02,5.327000000000000000e+03,6.393125000000000000e+03
-3.178191184997558594e-01,-1.651089638471603394e-01,-5.625109672546386719e-01,-5.741111636161804199e-01,1.098769783973693848e+00,6.862637400627136230e-02,4.175000000000000000e+03,4.930490722656250000e+03
-5.000000074505805969e-02,-2.500000000000000000e-01,9.901961311697959900e-03,-9.798810631036758423e-02,1.278864145278930664e+00,6.327690184116363525e-02,4.811000000000000000e+03,4.888936523437500000e+03
1.764043420553207397e-01,2.514390051364898682e-01,-1.724870353937149048e-01,-9.975529462099075317e-02,1.217096805572509766e+00,6.046625599265098572e-02,4.811000000000000000e+03,5.580253417968750000e+03
-5.000000000000000000e-01,1.764043420553207397e-01,-4.818456172943115234e-01,2.421338260173797607e-01,9.849071502685546875e-01,6.304191052913665771e-02,3.617000000000000000e+03,3.634365478515625000e+03
1.366542428731918335e-01,1.366542428731918335e-01,-1.914651542901992798e-01,2.652565836906433105e-01,1.087569832801818848e+00,8.517532795667648315e-02,3.248000000000000000e+03,3.581206542968750000e+03
5.000000074505805969e-02,-3.151089549064636230e-01,5.246295779943466187e-02,2.996828220784664154e-02,1.156144976615905762e+00,5.809549242258071899e-02,4.745000000000000000e+03,5.159024902343750000e+03
1.366542428731918335e-01,5.000000074505805969e-02,1.047311648726463318e-01,-4.732179641723632812e-01,1.136063694953918457e+00,5.688659846782684326e-02,4.169000000000000000e+03,5.019075195312500000e+03
2.514390051364898682e-01,-1.500000059604644775e-01,9.378373622894287109e-02,1.860223114490509033e-01,1.020401835441589355e+00,6.520021706819534302e-02,3.864000000000000000e+03,4.360997070312500000e+03
-1.500000059604644775e-01,-2.688199877738952637e-01,-1.125738397240638733e-01,-2.083276957273483276e-01,8.045428395271301270e-01,6.063492223620414734e-02,3.023000000000000000e+03,3.046460205078125000e+03
1.764043420553207397e-01,1.366542428731918335e-01,5.501204133033752441e-01,2.440740168094635010e-02,1.061114549636840820e+00,6.054082885384559631e-02,4.304000000000000000e+03,4.868418945312500000e+03
-2.000000029802322388e-01,4.223684668540954590e-01,8.262091130018234253e-02,2.656206786632537842e-01,1.114831924438476562e+00,6.062285602092742920e-02,4.047000000000000000e+03,4.381033691406250000e+03
1.748126149177551270e-01,-2.500000000000000000e-01,1.077665202319622040e-02,2.139051258563995361e-01,1.141152262687683105e+00,7.549773156642913818e-02,3.566000000000000000e+03,4.204095214843750000e+03
-3.499999940395355225e-01,1.553357094526290894e-01,9.402692317962646484e-03,2.346575111150741577e-01,1.057849168777465820e+00,6.719284504652023315e-02,4.264000000000000000e+03,4.767226074218750000e+03
-5.000000074505805969e-02,-2.000000029802322388e-01,-6.269782781600952148e-02,-5.769298076629638672e-01,1.265737056732177734e+00,5.609359964728355408e-02,5.054000000000000000e+03,5.493119628906250000e+03
-1.500000059604644775e-01,-1.000000014901161194e-01,-3.288436532020568848e-01,2.155729681253433228e-01,1.245501399040222168e+00,6.046853959560394287e-02,4.726000000000000000e+03,5.119449218750000000e+03
2.145627290010452271e-01,5.000000074505805969e-02,-7.640796154737472534e-02,6.131248548626899719e-02,1.261508464813232422e+00,5.949725210666656494e-02,4.362000000000000000e+03,4.591955078125000000e+03
-2.227013111114501953e-01,-9.499999880790710449e-01,-1.939540952444076538e-01,-9.200312495231628418e-01,4.755314588546752930e-01,1.760984212160110474e-01,2.297000000000000000e+03,2.314415527343750000e+03
2.872454822063446045e-01,4.857293367385864258e-01,2.042424678802490234e-01,1.076453849673271179e-01,8.923751711845397949e-01,7.775569707155227661e-02,3.049000000000000000e+03,3.600734375000000000e+03
2.514390051364898682e-01,9.482004493474960327e-02,4.127396047115325928e-01,-8.569370955228805542e-02,1.134232163429260254e+00,6.061473488807678223e-02,4.597000000000000000e+03,4.803624023437500000e+03
-1.000000014901161194e-01,2.145627290010452271e-01,-4.025763273239135742e-02,4.462524782866239548e-03,1.038786292076110840e+00,5.799739062786102295e-02,4.031000000000000000e+03,4.207419921875000000e+03
-1.000000014901161194e-01,2.872454822063446045e-01,1.537667959928512573e-01,8.383572846651077271e-02,1.211228370666503906e+00,6.093649938702583313e-02,4.680000000000000000e+03,5.011043457031250000e+03
-5.000000074505805969e-02,-1.000000014901161194e-01,-1.040215641260147095e-01,-5.139520764350891113e-01,1.268240571022033691e+00,6.369340419769287109e-02,4.805000000000000000e+03,5.312124511718750000e+03
-1.672467887401580811e-01,-6.661394238471984863e-02,-7.490345835685729980e-02,4.713736176490783691e-01,1.168472766876220703e+00,5.222914367914199829e-02,4.467000000000000000e+03,5.398463378906250000e+03
1.764043420553207397e-01,9.482004493474960327e-02,-2.032580524682998657e-01,-4.447822924703359604e-03,1.277658939361572266e+00,6.216784939169883728e-02,5.529000000000000000e+03,6.038570312500000000e+03
-5.000000074505805969e-02,2.145627290010452271e-01,-7.032284885644912720e-02,5.233301967382431030e-02,1.070843219757080078e+00,5.788727849721908569e-02,3.968000000000000000e+03,4.059688232421875000e+03
-2.500000000000000000e-01,-1.500000059604644775e-01,-8.170357346534729004e-02,-5.813660100102424622e-02,1.226775169372558594e+00,5.608390271663665771e-02,5.155000000000000000e+03,5.280022949218750000e+03
-1.000000014901161194e-01,-2.500000000000000000e-01,3.867381513118743896e-01,-2.051758021116256714e-01,1.078861117362976074e+00,6.497695297002792358e-02,4.010000000000000000e+03,4.797718261718750000e+03
-1.184162404388189316e-02,-2.000000029802322388e-01,-1.664735563099384308e-02,-1.506307255476713181e-02,1.265051484107971191e+00,5.749908462166786194e-02,5.116000000000000000e+03,5.224533691406250000e+03
-1.000000014901161194e-01,8.409266918897628784e-02,2.902807891368865967e-01,-1.381577700376510620e-01,9.282990694046020508e-01,6.369621306657791138e-02,3.845000000000000000e+03,4.702575195312500000e+03
0.000000000000000000e+00,-2.000000029802322388e-01,4.307503998279571533e-02,-5.625583231449127197e-02,1.284629344940185547e+00,6.020355969667434692e-02,5.193000000000000000e+03,5.263313476562500000e+03
1.764043420553207397e-01,-5.816580727696418762e-02,6.574618816375732422e-02,-6.427786350250244141e-01,1.278797864913940430e+00,5.883577093482017517e-02,4.689000000000000000e+03,5.659483398437500000e+03
2.872454822063446045e-01,1.366542428731918335e-01,-6.526306271553039551e-02,5.586075782775878906e-01,1.235512256622314453e+00,5.724139139056205750e-02,5.162000000000000000e+03,6.142541015625000000e+03
-5.000000074505805969e-02,-1.000000014901161194e-01,-2.934203743934631348e-01,-1.678097844123840332e-01,1.135239005088806152e+00,6.249893829226493835e-02,3.863000000000000000e+03,4.051751220703125000e+03
-3.000000119209289551e-01,-1.500000059604644775e-01,-2.618119120597839355e-01,-3.630917668342590332e-01,1.141446352005004883e+00,6.103476136922836304e-02,4.783000000000000000e+03,4.953298828125000000e+03
-2.000000029802322388e-01,2.872454822063446045e-01,-3.858624994754791260e-01,9.062610566616058350e-03,1.201761960983276367e+00,5.575991421937942505e-02,5.335000000000000000e+03,5.740323730468750000e+03
2.872454822063446045e-01,0.000000000000000000e+00,3.617593348026275635e-01,2.560687810182571411e-02,9.919660687446594238e-01,5.364000797271728516e-02,4.046000000000000000e+03,4.071530761718750000e+03
5.000000074505805969e-02,-2.000000029802322388e-01,5.654127895832061768e-02,-8.465711772441864014e-02,1.202473163604736328e+00,5.952389538288116455e-02,4.101000000000000000e+03,4.138607421875000000e+03
1.764043420553207397e-01,-2.500000000000000000e-01,5.069199576973915100e-02,4.609581828117370605e-02,9.718232750892639160e-01,6.710826605558395386e-02,3.211000000000000000e+03,3.554018798828125000e+03
-2.000000029802322388e-01,-1.500000059604644775e-01,-2.010055184364318848e-01,-6.275098770856857300e-02,1.017753005027770996e+00,6.758593022823333740e-02,4.262000000000000000e+03,4.293188476562500000e+03
-1.618416309356689453e-01,-2.000000029802322388e-01,-7.877474278211593628e-02,-4.230757057666778564e-01,1.078642606735229492e+00,5.998278409242630005e-02,4.112000000000000000e+03,4.309836425781250000e+03
-3.151089549064636230e-01,-3.499999940395355225e-01,-9.425058960914611816e-02,-3.376221656799316406e-01,1.110829472541809082e+00,6.210464611649513245e-02,4.490000000000000000e+03,4.666137207031250000e+03
1.366542428731918335e-01,2.145627290010452271e-01,3.061836361885070801e-01,3.838729560375213623e-01,1.213396310806274414e+00,6.147725135087966919e-02,4.782000000000000000e+03,4.966460937500000000e+03
1.764043420553207397e-01,3.221365213394165039e-01,5.135511755943298340e-01,2.693471312522888184e-01,9.272384047508239746e-01,6.012960523366928101e-02,3.691000000000000000e+03,4.176906738281250000e+03
-3.000000119209289551e-01,-2.500000000000000000e-01,-1.026154756546020508e-01,-2.262601256370544434e-01,8.089234232902526855e-01,6.957926601171493530e-02,2.789000000000000000e+03,2.955132324218750000e+03
1.366542428731918335e-01,-5.000000074505805969e-02,1.868495345115661621e-01,-5.627220869064331055e-01,8.776069283485412598e-01,6.749731302261352539e-02,3.076000000000000000e+03,4.069458496093750000e+03
3.221365213394165039e-01,-5.000000074505805969e-02,1.313002407550811768e-01,6.910780817270278931e-02,8.712074160575866699e-01,5.944452434778213501e-02,3.722000000000000000e+03,3.966717041015625000e+03
-2.000000029802322388e-01,2.145627290010452271e-01,-3.408563733100891113e-01,2.090117484331130981e-01,5.594312548637390137e-01,6.852561235427856445e-02,1.682000000000000000e+03,1.787058593750000000e+03
1.764043420553207397e-01,-2.000000029802322388e-01,2.255710959434509277e-01,-1.081141829490661621e-01,4.920379817485809326e-01,7.418833673000335693e-02,1.503000000000000000e+03,1.569842163085937500e+03
-1.590733230113983154e-02,-6.692624092102050781e-01,-2.968882024288177490e-01,-5.771623849868774414e-01,8.903934359550476074e-01,6.701410561800003052e-02,2.709000000000000000e+03,3.000731201171875000e+03
-5.500000119209289551e-01,9.183419495820999146e-02,-5.026442408561706543e-01,8.023704588413238525e-02,5.659450292587280273e-01,9.437886625528335571e-02,1.613000000000000000e+03,1.624944702148437500e+03
-1.500000059604644775e-01,0.000000000000000000e+00,-2.385211139917373657e-01,-6.818250752985477448e-03,6.075864434242248535e-01,6.581859290599822998e-02,1.765000000000000000e+03,1.802443603515625000e+03
1.764043420553207397e-01,-5.816580727696418762e-02,-4.886615276336669922e-02,-4.246488511562347412e-01,9.862440228462219238e-01,8.662779629230499268e-02,2.865000000000000000e+03,3.389280273437500000e+03
-4.000000059604644775e-01,-1.000000014901161194e-01,-3.902853131294250488e-01,-1.930279880762100220e-01,1.151136755943298340e+00,5.922112241387367249e-02,4.086000000000000000e+03,4.112782714843750000e+03
2.872454822063446045e-01,1.306265294551849365e-01,1.918213665485382080e-01,-1.123989149928092957e-01,9.495211839675903320e-01,6.245639920234680176e-02,3.528000000000000000e+03,3.790164550781250000e+03
9.183419495820999146e-02,4.223684668540954590e-01,1.870608143508434296e-02,6.733360290527343750e-01,1.023760557174682617e+00,6.160402670502662659e-02,3.958000000000000000e+03,4.212262695312500000e+03
3.520805835723876953e-01,1.764043420553207397e-01,2.648242413997650146e-01,4.013586044311523438e-01,7.908336520195007324e-01,6.407447904348373413e-02,3.531000000000000000e+03,3.852367431640625000e+03
2.872454822063446045e-01,-1.000000014901161194e-01,2.374867349863052368e-01,7.766994182020425797e-03,1.132147550582885742e+00,6.078519299626350403e-02,4.814000000000000000e+03,4.866558105468750000e+03
1.366542428731918335e-01,-2.000000029802322388e-01,2.719190120697021484e-01,-2.943007349967956543e-01,1.024765610694885254e+00,5.561730265617370605e-02,4.375000000000000000e+03,4.487752441406250000e+03
1.366542428731918335e-01,2.104970067739486694e-01,1.230541095137596130e-01,4.995867982506752014e-02,9.017624855041503906e-01,6.059493869543075562e-02,3.673000000000000000e+03,3.789084960937500000e+03
-1.000000014901161194e-01,-3.499999940395355225e-01,-6.529084444046020508e-01,-4.591406881809234619e-01,1.217709422111511230e+00,5.862585455179214478e-02,4.760000000000000000e+03,5.734210449218750000e+03
-3.000000119209289551e-01,-2.000000029802322388e-01,-1.925200521945953369e-01,4.987515509128570557e-02,1.157644510269165039e+00,6.447135657072067261e-02,4.855000000000000000e+03,5.119993652343750000e+03
5.000000074505805969e-02,-2.500000000000000000e-01,-1.598043441772460938e-01,8.859428018331527710e-02,1.059867501258850098e+00,7.002153992652893066e-02,4.243000000000000000e+03,4.823519531250000000e+03
5.000000074505805969e-02,-3.499999940395355225e-01,-4.261705093085765839e-03,-7.497693300247192383e-01,1.169546365737915039e+00,6.582139432430267334e-02,4.217000000000000000e+03,4.704942382812500000e+03
-2.000000029802322388e-01,5.000000074505805969e-02,-2.156329452991485596e-01,-8.312033861875534058e-02,1.232505440711975098e+00,6.363772600889205933e-02,4.814000000000000000e+03,4.870785644531250000e+03
-2.500000000000000000e-01,-3.659073412418365479e-01,-2.859875559806823730e-01,-3.984092772006988525e-01,5.548508763313293457e-01,7.489123940467834473e-02,1.683000000000000000e+03,1.695760253906250000e+03
1.366542428731918335e-01,-2.500000000000000000e-01,1.406885590404272079e-02,-3.221866860985755920e-02,1.214721560478210449e+00,6.428986787796020508e-02,4.627000000000000000e+03,4.820939453125000000e+03
2.872454822063446045e-01,-1.500000059604644775e-01,3.360500633716583252e-01,3.484056517481803894e-02,7.600789666175842285e-01,6.553871184587478638e-02,2.701000000000000000e+03,2.869705810546875000e+03
1.366542428731918335e-01,0.000000000000000000e+00,4.385323524475097656e-01,-7.831967435777187347e-03,1.111559152603149414e+00,5.925884842872619629e-02,4.239000000000000000e+03,4.547049316406250000e+03
0.000000000000000000e+00,3.896152675151824951e-01,3.063692152500152588e-01,2.124059945344924927e-02,1.088342785835266113e+00,4.920538142323493958e-02,4.312000000000000000e+03,5.112945800781250000e+03
3.562291860580444336e-01,-2.000000029802322388e-01,4.234741032123565674e-01,-2.090125828981399536e-01,4.979638159275054932e-01,9.165628254413604736e-02,1.676000000000000000e+03,1.707078002929687500e+03
-1.618416309356689453e-01,-1.500000059604644775e-01,-4.531117081642150879e-01,-7.466650009155273438e-02,1.255650639533996582e+00,5.972667410969734192e-02,5.265000000000000000e+03,5.563854980468750000e+03
1.366542428731918335e-01,-2.000000029802322388e-01,1.968327760696411133e-01,-9.865214675664901733e-02,1.025804042816162109e+00,5.596818402409553528e-02,3.902000000000000000e+03,3.953432128906250000e+03
1.366542428731918335e-01,-1.500000059604644775e-01,3.015812933444976807e-01,-1.373872309923171997e-01,1.281215548515319824e+00,5.616533383727073669e-02,5.171000000000000000e+03,5.256841796875000000e+03
1.366542428731918335e-01,1.366542428731918335e-01,9.440430998802185059e-02,6.168904304504394531e-01,1.241626977920532227e+00,5.396506190299987793e-02,4.981000000000000000e+03,5.708259277343750000e+03
-3.499999940395355225e-01,8.975010365247726440e-02,-3.942600786685943604e-01,-2.500336170196533203e-01,8.867092728614807129e-01,6.707262247800827026e-02,2.765000000000000000e+03,3.164121337890625000e+03
-2.000000029802322388e-01,-5.683409571647644043e-01,-3.078911304473876953e-01,-6.648442745208740234e-01,7.411248683929443359e-01,1.405968219041824341e-01,2.443000000000000000e+03,2.535128417968750000e+03
-3.659073412418365479e-01,-1.510896813124418259e-02,-1.609637588262557983e-01,1.196425128728151321e-02,9.223562479019165039e-01,6.789073348045349121e-02,3.843000000000000000e+03,4.033681152343750000e+03
-3.499999940395355225e-01,2.872454822063446045e-01,4.859931021928787231e-02,4.823857843875885010e-01,1.096870541572570801e+00,5.574448779225349426e-02,4.361000000000000000e+03,5.050459472656250000e+03
9.482004493474960327e-02,-1.000000014901161194e-01,1.763479560613632202e-01,-7.655141353607177734e-01,1.226393580436706543e+00,7.423663884401321411e-02,3.735000000000000000e+03,4.789398437500000000e+03
-1.500000059604644775e-01,4.183419048786163330e-02,-4.472567141056060791e-01,3.084505200386047363e-01,1.191452503204345703e+00,5.735983327031135559e-02,5.096000000000000000e+03,5.653669921875000000e+03
-1.500000059604644775e-01,1.764043420553207397e-01,-1.088253483176231384e-01,4.544022679328918457e-01,7.217875719070434570e-01,9.224479645490646362e-02,2.418000000000000000e+03,2.772390380859375000e+03
-4.000000059604644775e-01,1.366542428731918335e-01,-8.318079262971878052e-02,-2.143401093780994415e-02,9.518911838531494141e-01,8.835199475288391113e-02,2.643000000000000000e+03,2.997720458984375000e+03
3.562291860580444336e-01,1.366542428731918335e-01,5.883911252021789551e-01,1.528134793043136597e-01,1.175969719886779785e+00,5.670217052102088928e-02,4.828000000000000000e+03,5.015285644531250000e+03
-3.159073293209075928e-01,-1.500000059604644775e-01,-5.604911446571350098e-01,-6.115210652351379395e-01,1.122281074523925781e+00,6.166591495275497437e-02,4.317000000000000000e+03,5.210490722656250000e+03
1.366542428731918335e-01,-1.000000014901161194e-01,-8.472415804862976074e-02,-2.024056762456893921e-01,1.273169517517089844e+00,5.743434652686119080e-02,5.016000000000000000e+03,5.198777343750000000e+03
-1.184162404388189316e-02,2.514390051364898682e-01,2.199743390083312988e-01,3.894473016262054443e-01,7.610754966735839844e-01,6.506682187318801880e-02,2.754000000000000000e+03,3.090721923828125000e+03
-1.000000014901161194e-01,-1.500000059604644775e-01,-2.476098760962486267e-02,-2.397005409002304077e-01,6.752905845642089844e-01,7.020179182291030884e-02,2.363000000000000000e+03,2.433642089843750000e+03
-4.499999880790710449e-01,-1.000000014901161194e-01,-4.878871738910675049e-01,3.075455082580447197e-03,1.087573051452636719e+00,6.919228285551071167e-02,3.959000000000000000e+03,3.999298095703125000e+03
-1.500000059604644775e-01,2.145627290010452271e-01,-6.591273546218872070e-01,2.189772576093673706e-01,1.232334375381469727e+00,5.689678713679313660e-02,4.602000000000000000e+03,5.360320312500000000e+03
3.221365213394165039e-01,-1.500000059604644775e-01,1.425447762012481689e-01,-1.503007858991622925e-01,1.139133691787719727e+00,6.302187591791152954e-02,4.907000000000000000e+03,5.028464843750000000e+03
-6.024989485740661621e-02,-1.183409467339515686e-01,-4.867052733898162842e-01,1.111960411071777344e-01,1.096822142601013184e+00,6.350093334913253784e-02,4.478000000000000000e+03,5.316011718750000000e+03
-2.659073472023010254e-01,-5.500000119209289551e-01,-2.178248018026351929e-01,-5.832614898681640625e-01,5.070587992668151855e-01,7.854548096656799316e-02,1.591000000000000000e+03,1.612160400390625000e+03
-5.000000074505805969e-02,-1.500000059604644775e-01,3.307370543479919434e-01,-1.273483186960220337e-01,1.209471583366394043e+00,5.760066583752632141e-02,4.557000000000000000e+03,5.000265625000000000e+03
-1.510896813124418259e-02,-4.499999880790710449e-01,1.450548619031906128e-01,-7.209371328353881836e-01,8.727939128875732422e-01,6.412828713655471802e-02,3.552000000000000000e+03,4.000072753906250000e+03
2.071419507265090942e-01,1.366542428731918335e-01,-1.828586496412754059e-02,-1.842368543148040771e-01,1.285618185997009277e+00,5.793338641524314880e-02,4.918000000000000000e+03,5.365602539062500000e+03
-3.151089549064636230e-01,2.514390051364898682e-01,-3.735242486000061035e-01,-2.064972221851348877e-01,1.106182217597961426e+00,7.167751342058181763e-02,3.706000000000000000e+03,4.328250488281250000e+03
-1.500000059604644775e-01,-8.165807463228702545e-03,-1.989835174754261971e-03,-2.820940017700195312e-01,1.155025482177734375e+00,5.453024432063102722e-02,4.759000000000000000e+03,5.098681640625000000e+03
1.683132946491241455e-01,5.000000074505805969e-02,3.985193669795989990e-01,1.595431268215179443e-01,1.243013858795166016e+00,6.292051076889038086e-02,4.989000000000000000e+03,5.196975585937500000e+03
3.338605910539627075e-02,3.896152675151824951e-01,-5.324633792042732239e-02,3.420241177082061768e-01,8.227236866950988770e-01,6.960953772068023682e-02,2.372000000000000000e+03,2.406152343750000000e+03
3.221365213394165039e-01,3.562291860580444336e-01,3.704113066196441650e-01,5.218706130981445312e-01,1.036966204643249512e+00,1.262250989675521851e-01,2.976000000000000000e+03,3.057904541015625000e+03
-3.000000119209289551e-01,1.707469075918197632e-01,-1.825744509696960449e-01,4.381078779697418213e-01,1.212555408477783203e+00,5.574851110577583313e-02,5.494000000000000000e+03,5.808896484375000000e+03
-4.200559556484222412e-01,1.366542428731918335e-01,-6.182280778884887695e-01,-1.459043286740779877e-02,8.824067115783691406e-01,5.758002027869224548e-02,4.064000000000000000e+03,4.382408203125000000e+03
4.482004791498184204e-02,-2.000000029802322388e-01,2.137296050786972046e-01,-4.868022799491882324e-01,1.006160259246826172e+00,7.398770004510879517e-02,3.231000000000000000e+03,3.576155517578125000e+03
2.872454822063446045e-01,2.145627290010452271e-01,1.886636167764663696e-01,1.523472070693969727e-01,8.467662334442138672e-01,5.914407223463058472e-02,3.054000000000000000e+03,3.111506835937500000e+03
2.872454822063446045e-01,-3.659073412418365479e-01,2.927443087100982666e-01,-6.889355182647705078e-01,8.737667202949523926e-01,5.887891352176666260e-02,3.163000000000000000e+03,3.582626708984375000e+03
9.482004493474960327e-02,1.366542428731918335e-01,2.124463953077793121e-02,5.279896259307861328e-01,1.266487121582031250e+00,6.021686270833015442e-02,5.175000000000000000e+03,5.674243164062500000e+03
-1.000000014901161194e-01,9.482004493474960327e-02,-4.567090868949890137e-01,2.076768316328525543e-02,8.776611089706420898e-01,6.907087564468383789e-02,2.955000000000000000e+03,3.445598876953125000e+03
1.764043420553207397e-01,-2.500000000000000000e-01,-4.974108636379241943e-01,-8.890841901302337646e-02,1.254278182983398438e+00,5.535721778869628906e-02,4.326000000000000000e+03,5.571239257812500000e+03
2.514390051364898682e-01,0.000000000000000000e+00,5.507549643516540527e-01,8.113973587751388550e-02,1.196307539939880371e+00,6.148561835289001465e-02,4.967000000000000000e+03,5.295086914062500000e+03
-2.500000000000000000e-01,-1.000000014901161194e-01,-1.292239129543304443e-01,-5.874200537800788879e-02,6.436082720756530762e-01,6.989387422800064087e-02,2.005000000000000000e+03,2.083214843750000000e+03
1.366542428731918335e-01,9.482004493474960327e-02,-4.042004942893981934e-01,3.610404133796691895e-01,1.256791591644287109e+00,5.825280398130416870e-02,4.943000000000000000e+03,6.029081542968750000e+03
-3.000000119209289551e-01,5.000000074505805969e-02,1.572568416595458984e-01,1.043482720851898193e-01,1.222246885299682617e+00,6.100422888994216919e-02,4.549000000000000000e+03,5.173780761718750000e+03
5.000000074505805969e-02,5.000000074505805969e-02,3.208357468247413635e-02,7.565148919820785522e-02,1.032946348190307617e+00,6.698905676603317261e-02,3.943000000000000000e+03,3.946674072265625000e+03
-2.500000000000000000e-01,-5.000000074505805969e-02,6.264611333608627319e-02,-1.980042308568954468e-01,1.286417126655578613e+00,6.087946146726608276e-02,4.910000000000000000e+03,5.258883789062500000e+03
3.975010663270950317e-02,-1.500000059604644775e-01,8.621229976415634155e-02,-1.095432117581367493e-01,5.113177299499511719e-01,5.913856253027915955e-02,1.663000000000000000e+03,1.687151733398437500e+03
-2.000000029802322388e-01,5.000000074505805969e-02,-1.351483911275863647e-01,1.052359938621520996e-01,1.284773111343383789e+00,6.408904492855072021e-02,4.364000000000000000e+03,4.383155761718750000e+03
2.145627290010452271e-01,1.366542428731918335e-01,-7.494143396615982056e-02,2.738698124885559082e-01,1.024168848991394043e+00,7.693676650524139404e-02,4.067000000000000000e+03,4.456121582031250000e+03
-2.000000029802322388e-01,-1.500000059604644775e-01,-2.561245560646057129e-01,1.807105839252471924e-01,9.877425432205200195e-01,7.518882304430007935e-02,2.914000000000000000e+03,3.241930664062500000e+03
-5.000000000000000000e-01,-5.179951898753643036e-03,-7.786602973937988281e-01,-3.784992396831512451e-01,1.053026795387268066e+00,8.831769973039627075e-02,3.688000000000000000e+03,4.380751953125000000e+03
-2.000000029802322388e-01,-1.000000014901161194e-01,-2.454133778810501099e-01,-3.437798619270324707e-01,6.543804407119750977e-01,8.744206279516220093e-02,1.390000000000000000e+03,1.583118774414062500e+03
0.000000000000000000e+00,-2.000000029802322388e-01,-4.065557569265365601e-02,-7.126620411872863770e-02,1.282298684120178223e+00,5.846730992197990417e-02,5.138000000000000000e+03,5.194649414062500000e+03
-6.510896980762481689e-02,-3.000000119209289551e-01,-2.992035076022148132e-02,-1.415382772684097290e-01,1.093267202377319336e+00,7.041034847497940063e-02,4.007000000000000000e+03,4.095122314453125000e+03
2.872454822063446045e-01,1.366542428731918335e-01,5.792507529258728027e-02,2.180481255054473877e-01,1.048111081123352051e+00,6.222772225737571716e-02,3.800000000000000000e+03,4.002335449218750000e+03
-1.102498918771743774e-01,-1.500000059604644775e-01,6.168207153677940369e-02,-2.175789028406143188e-01,5.738044381141662598e-01,7.796287536621093750e-02,2.206000000000000000e+03,2.429560791015625000e+03
2.145627290010452271e-01,1.366542428731918335e-01,-9.111434966325759888e-02,6.263210624456405640e-02,1.262308716773986816e+00,5.870144441723823547e-02,4.715000000000000000e+03,5.003993164062500000e+03
2.145627290010452271e-01,-2.500000000000000000e-01,-1.456237211823463440e-02,-3.718117773532867432e-01,1.180512189865112305e+00,5.835131183266639709e-02,4.555000000000000000e+03,4.773019531250000000e+03
-2.141935080289840698e-01,-4.000000059604644775e-01,-3.157069385051727295e-01,-7.397530078887939453e-01,9.471670389175415039e-01,7.427010685205459595e-02,3.475000000000000000e+03,3.946801757812500000e+03
-2.000000029802322388e-01,0.000000000000000000e+00,-2.643299475312232971e-02,1.302571296691894531e-01,7.442857623100280762e-01,6.276414543390274048e-02,2.848000000000000000e+03,3.085101806640625000e+03
3.580648824572563171e-02,-1.500000059604644775e-01,1.428877264261245728e-01,-4.689621925354003906e-01,9.686776399612426758e-01,6.387779116630554199e-02,4.032000000000000000e+03,4.505972167968750000e+03
-1.184162404388189316e-02,9.482004493474960327e-02,-1.804693490266799927e-01,2.318495810031890869e-01,1.108017802238464355e+00,6.551725417375564575e-02,4.367000000000000000e+03,4.533562500000000000e+03
-5.000000074505805969e-02,2.132806330919265747e-01,-5.562958773225545883e-03,1.739896237850189209e-01,8.586658835411071777e-01,7.159714400768280029e-02,3.171000000000000000e+03,3.186224365234375000e+03
2.514390051364898682e-01,1.683132946491241455e-01,2.049856930971145630e-01,3.118215203285217285e-01,8.403183221817016602e-01,7.102333754301071167e-02,3.622000000000000000e+03,3.737876708984375000e+03
-2.500000000000000000e-01,-1.000000014901161194e-01,-8.174452781677246094e-01,1.935335695743560791e-01,1.239946842193603516e+00,5.792943760752677917e-02,4.883000000000000000e+03,6.111642089843750000e+03
-2.000000029802322388e-01,-3.000000119209289551e-01,-2.087230980396270752e-01,-3.504180908203125000e-01,1.059617400169372559e+00,5.937529355287551880e-02,4.040000000000000000e+03,4.049345947265625000e+03
-1.118416264653205872e-01,1.764043420553207397e-01,5.364904925227165222e-02,1.281256135553121567e-02,1.275566101074218750e+00,6.103780120611190796e-02,5.517000000000000000e+03,5.698913085937500000e+03
-1.131237149238586426e-01,3.221365213394165039e-01,-2.167587429285049438e-01,6.174741387367248535e-01,1.242367029190063477e+00,5.917644500732421875e-02,5.215000000000000000e+03,5.540731445312500000e+03
-5.500000119209289551e-01,-1.151089668273925781e-01,-5.898773670196533203e-01,-1.997258216142654419e-01,8.986593484878540039e-01,1.593601405620574951e-01,2.095000000000000000e+03,2.117648193359375000e+03
1.345701515674591064e-01,1.764043420553207397e-01,-4.040349125862121582e-01,-1.109082847833633423e-01,1.279440641403198242e+00,6.664093583822250366e-02,5.494000000000000000e+03,6.687675781250000000e+03
-1.500000059604644775e-01,-6.184162572026252747e-02,-7.891696691513061523e-02,-1.738489121198654175e-01,1.272654414176940918e+00,5.951561778783798218e-02,5.142000000000000000e+03,5.197587890625000000e+03
2.145627290010452271e-01,9.482004493474960327e-02,2.037183195352554321e-01,7.151009440422058105e-01,1.184986114501953125e+00,5.754987150430679321e-02,4.389000000000000000e+03,5.527479492187500000e+03
1.366542428731918335e-01,1.764043420553207397e-01,1.795323044061660767e-01,1.975150108337402344e-01,5.005504488945007324e-01,6.423088908195495605e-02,1.438000000000000000e+03,1.451046264648437500e+03
0.000000000000000000e+00,1.345701515674591064e-01,-5.158716440200805664e-01,9.959928691387176514e-02,1.111366748809814453e+00,6.939133256673812866e-02,4.227000000000000000e+03,5.101863281250000000e+03
1.764043420553207397e-01,5.000000074505805969e-02,3.060891330242156982e-01,4.151158332824707031e-01,1.175959110260009766e+00,5.705977603793144226e-02,4.583000000000000000e+03,5.068651855468750000e+03
1.669811904430389404e-01,5.000000074505805969e-02,-1.512139439582824707e-01,1.706568598747253418e-01,1.216083526611328125e+00,5.596807226538658142e-02,5.134000000000000000e+03,5.529244628906250000e+03
-1.618416309356689453e-01,1.366542428731918335e-01,4.081507325172424316e-01,2.282611131668090820e-01,1.074031829833984375e+00,5.673068389296531677e-02,3.878000000000000000e+03,4.935320800781250000e+03
2.145627290010452271e-01,5.000000074505805969e-02,1.173827871680259705e-01,8.672988414764404297e-02,1.145300745964050293e+00,6.493495404720306396e-02,4.134000000000000000e+03,4.167968261718750000e+03
5.000000074505805969e-02,-1.118416264653205872e-01,-1.945919543504714966e-01,8.152424544095993042e-02,8.884503245353698730e-01,7.117939740419387817e-02,3.492000000000000000e+03,3.910659179687500000e+03
9.482004493474960327e-02,9.482004493474960327e-02,-8.751430362462997437e-02,-2.425056993961334229e-01,1.232441186904907227e+00,6.497684866189956665e-02,5.718000000000000000e+03,6.258325195312500000e+03
0.000000000000000000e+00,4.526953995227813721e-01,1.636080630123615265e-02,3.727100789546966553e-01,1.021677732467651367e+00,7.119493186473846436e-02,4.138000000000000000e+03,4.164446289062500000e+03
0.000000000000000000e+00,-1.500000059604644775e-01,2.723579704761505127e-01,-4.441387355327606201e-01,1.188251495361328125e+00,6.445252895355224609e-02,4.725000000000000000e+03,5.248315429687500000e+03
5.000000074505805969e-02,-2.500000000000000000e-01,-8.275652676820755005e-02,-6.863657385110855103e-02,1.100008845329284668e+00,5.878849700093269348e-02,4.775000000000000000e+03,4.971888183593750000e+03
1.366542428731918335e-01,1.366542428731918335e-01,7.381777763366699219e-01,1.225033774971961975e-01,1.267712950706481934e+00,5.913803353905677795e-02,4.498000000000000000e+03,5.464376464843750000e+03
-1.172467991709709167e-01,3.562291860580444336e-01,1.383942645043134689e-02,5.531816482543945312e-01,1.136822938919067383e+00,5.954873189330101013e-02,4.592000000000000000e+03,4.788694335937500000e+03
4.482004791498184204e-02,-3.499999940395355225e-01,7.431305199861526489e-02,-7.483160495758056641e-02,1.119264841079711914e+00,5.581397935748100281e-02,4.304000000000000000e+03,4.562836425781250000e+03
-1.618416309356689453e-01,5.000000074505805969e-02,3.879412114620208740e-01,-3.610421344637870789e-02,1.170530676841735840e+00,5.611522868275642395e-02,3.998000000000000000e+03,4.860169921875000000e+03
-5.816580727696418762e-02,1.366542428731918335e-01,-2.410386689007282257e-03,1.696812063455581665e-01,4.449402987957000732e-01,8.260367065668106079e-02,1.620000000000000000e+03,1.654118652343750000e+03
-1.000000014901161194e-01,2.441482841968536377e-01,-4.562010169029235840e-01,2.467947639524936676e-02,9.027498960494995117e-01,9.924915432929992676e-02,3.019000000000000000e+03,3.639196777343750000e+03
-1.590733230113983154e-02,9.482004493474960327e-02,-4.432356357574462891e-01,-2.107980251312255859e-01,1.065848588943481445e+00,6.885996460914611816e-02,4.199000000000000000e+03,5.171330566406250000e+03
-3.000000119209289551e-01,-2.000000029802322388e-01,-6.220434308052062988e-01,2.420016080141067505e-01,1.237558126449584961e+00,2.587397098541259766e-01,6.559000000000000000e+03,7.786449707031250000e+03
-6.661394238471984863e-02,-4.000000059604644775e-01,1.767614930868148804e-01,-3.579398095607757568e-01,8.643545508384704590e-01,8.578935265541076660e-02,2.331000000000000000e+03,2.517656494140625000e+03
6.672313809394836426e-01,7.514700293540954590e-02,7.217281460762023926e-01,-2.287724055349826813e-02,4.484935104846954346e-01,1.932692825794219971e-01,1.446000000000000000e+03,1.535048950195312500e+03
3.896152675151824951e-01,-1.000000014901161194e-01,3.647995293140411377e-01,-6.011664271354675293e-01,1.102792024612426758e+00,6.302813440561294556e-02,4.171000000000000000e+03,4.996479492187500000e+03
8.032695204019546509e-02,1.764043420553207397e-01,2.126266509294509888e-01,3.185260593891143799e-01,1.277924656867980957e+00,5.763952061533927917e-02,4.956000000000000000e+03,5.069719238281250000e+03
0.000000000000000000e+00,2.924878522753715515e-02,-3.778364062309265137e-01,-1.760248839855194092e-01,1.004149079322814941e+00,9.443286061286926270e-02,2.679000000000000000e+03,3.151260009765625000e+03
-2.500000000000000000e-01,-1.102498918771743774e-01,-3.471692800521850586e-01,-1.548792272806167603e-01,3.732782304286956787e-01,8.305571973323822021e-02,1.012000000000000000e+03,1.093389404296875000e+03
-3.000000119209289551e-01,3.580648824572563171e-02,-1.282720863819122314e-01,-7.903642207384109497e-02,1.164478659629821777e+00,5.203452706336975098e-02,5.120000000000000000e+03,5.279847656250000000e+03
5.784529447555541992e-01,2.145627290010452271e-01,2.289486080408096313e-01,1.174843236804008484e-01,7.612587213516235352e-01,7.736972719430923462e-02,2.154000000000000000e+03,2.620250732421875000e+03
9.482004493474960327e-02,-5.000000074505805969e-02,3.264107704162597656e-01,2.116904407739639282e-01,1.167806148529052734e+00,6.465825438499450684e-02,4.283000000000000000e+03,4.658300781250000000e+03
-2.000000029802322388e-01,-1.000000014901161194e-01,-1.559169292449951172e-01,4.824713245034217834e-02,1.161432385444641113e+00,6.668356806039810181e-02,3.919000000000000000e+03,3.988351318359375000e+03
-5.000000074505805969e-02,1.694074422121047974e-01,-7.488442957401275635e-02,3.501794636249542236e-01,1.028678297996520996e+00,7.343928515911102295e-02,3.989000000000000000e+03,4.113537597656250000e+03
-1.151089668273925781e-01,-5.000000074505805969e-02,-7.660559564828872681e-02,-1.926433742046356201e-01,1.220789551734924316e+00,5.870910361409187317e-02,4.749000000000000000e+03,4.818565429687500000e+03
2.080634087324142456e-01,5.000000074505805969e-02,2.619705498218536377e-01,-1.731432601809501648e-02,1.290433287620544434e+00,6.080198287963867188e-02,4.200000000000000000e+03,4.218718750000000000e+03
-1.710686385631561279e-01,-6.419350951910018921e-02,-1.038604304194450378e-01,-2.526060938835144043e-01,6.877194046974182129e-01,6.896034628152847290e-02,2.964000000000000000e+03,3.209700195312500000e+03
-2.000000029802322388e-01,-2.200559526681900024e-01,-2.989077866077423096e-01,-5.467349886894226074e-01,9.980150461196899414e-01,7.694298028945922852e-02,3.293000000000000000e+03,3.668031005859375000e+03
5.000000074505805969e-02,0.000000000000000000e+00,-2.404178380966186523e-01,1.820377111434936523e-01,1.197018384933471680e+00,5.774071440100669861e-02,4.690000000000000000e+03,5.067189941406250000e+03
0.000000000000000000e+00,-5.000000074505805969e-02,3.069920092821121216e-02,1.082152798771858215e-01,1.205224514007568359e+00,6.164417043328285217e-02,4.161000000000000000e+03,4.235214843750000000e+03
-6.661394238471984863e-02,-1.500000059604644775e-01,-6.795438379049301147e-02,-1.837051846086978912e-02,5.656359195709228516e-01,7.372577488422393799e-02,2.114000000000000000e+03,2.227123291015625000e+03
-2.000000029802322388e-01,0.000000000000000000e+00,-1.837615221738815308e-01,1.164890676736831665e-01,6.600278615951538086e-01,7.946301996707916260e-02,2.307000000000000000e+03,2.379912597656250000e+03
-3.683409392833709717e-01,-4.000000059604644775e-01,-2.629209458827972412e-01,-3.988180756568908691e-01,6.792638301849365234e-01,6.693983823060989380e-02,2.405000000000000000e+03,2.462532958984375000e+03
-3.000000119209289551e-01,1.764043420553207397e-01,9.807652980089187622e-02,1.124481558799743652e-01,1.106114029884338379e+00,7.539793103933334351e-02,4.271000000000000000e+03,4.822481445312500000e+03
9.482004493474960327e-02,-1.000000014901161194e-01,-1.695492863655090332e-01,-9.535668045282363892e-02,8.345971703529357910e-01,6.522838026285171509e-02,3.312000000000000000e+03,3.636826171875000000e+03
-3.151089549064636230e-01,-5.000000074505805969e-02,-6.577880680561065674e-02,3.650223612785339355e-01,1.160047769546508789e+00,5.515667051076889038e-02,5.287000000000000000e+03,6.174705566406250000e+03
-6.999999880790710449e-01,-2.500000000000000000e-01,-7.832762598991394043e-01,-2.287044078111648560e-01,7.582209706306457520e-01,6.618225574493408203e-02,2.247000000000000000e+03,2.275822265625000000e+03
-1.000000014901161194e-01,-2.131237089633941650e-01,-6.287114322185516357e-02,-7.941153645515441895e-02,1.162495136260986328e+00,5.996154993772506714e-02,4.503000000000000000e+03,4.566717773437500000e+03
2.448896765708923340e-01,2.145627290010452271e-01,1.976604312658309937e-01,6.238960847258567810e-02,9.889652729034423828e-01,8.491840213537216187e-02,2.710000000000000000e+03,2.779842041015625000e+03
1.366542428731918335e-01,0.000000000000000000e+00,3.824978470802307129e-01,3.475232422351837158e-01,1.215067982673645020e+00,5.777793005108833313e-02,5.186000000000000000e+03,5.805313964843750000e+03
-3.000000119209289551e-01,-2.500000000000000000e-01,-2.735545337200164795e-01,-2.876421511173248291e-01,8.878153562545776367e-01,8.054148405790328979e-02,3.327000000000000000e+03,3.335865234375000000e+03
2.872454822063446045e-01,-5.000000074505805969e-02,2.089303135871887207e-01,2.402517795562744141e-01,1.167314529418945312e+00,5.524544790387153625e-02,4.895000000000000000e+03,5.215354003906250000e+03
9.482004493474960327e-02,1.366542428731918335e-01,4.034068286418914795e-01,2.195598036050796509e-01,1.173882246017456055e+00,5.445117503404617310e-02,5.067000000000000000e+03,5.435220214843750000e+03
1.366542428731918335e-01,-1.500000059604644775e-01,-2.298004925251007080e-01,-3.574211895465850830e-01,8.680355548858642578e-01,7.776224613189697266e-02,3.087000000000000000e+03,3.778097656250000000e+03
0.000000000000000000e+00,3.562291860580444336e-01,4.370103776454925537e-02,5.023633837699890137e-01,1.067153453826904297e+00,5.617439746856689453e-02,4.310000000000000000e+03,4.397500976562500000e+03
8.409266918897628784e-02,5.000000074505805969e-02,5.013810098171234131e-02,-4.084061086177825928e-01,1.227563858032226562e+00,6.424784660339355469e-02,4.655000000000000000e+03,5.287010742187500000e+03
3.221365213394165039e-01,-2.141935080289840698e-01,1.687312722206115723e-01,-4.729235768318176270e-01,1.074909210205078125e+00,6.192000955343246460e-02,4.251000000000000000e+03,4.578266113281250000e+03
5.000000074505805969e-02,1.764043420553207397e-01,1.756887435913085938e-01,1.367822736501693726e-01,1.265128493309020996e+00,5.999527871608734131e-02,5.371000000000000000e+03,5.429063476562500000e+03
4.223684668540954590e-01,9.482004493474960327e-02,6.510103344917297363e-01,1.549396365880966187e-01,7.457590699195861816e-01,7.194249331951141357e-02,2.032000000000000000e+03,2.231289550781250000e+03
-1.688199937343597412e-01,-5.000000074505805969e-02,-3.642572462558746338e-01,-5.110158026218414307e-02,1.029954910278320312e+00,6.056736037135124207e-02,3.849000000000000000e+03,3.986043457031250000e+03
-2.500000000000000000e-01,-3.499999940395355225e-01,-1.978539079427719116e-01,-2.616246342658996582e-01,8.528506159782409668e-01,7.595270872116088867e-02,2.510000000000000000e+03,2.546139160156250000e+03
-1.500000059604644775e-01,9.482004493474960327e-02,-4.029722213745117188e-01,-9.686088562011718750e-02,8.233649134635925293e-01,7.183916121721267700e-02,2.842000000000000000e+03,3.250674804687500000e+03
1.366542428731918335e-01,-5.000000000000000000e-01,2.756135463714599609e-01,-4.177277386188507080e-01,9.952354431152343750e-01,6.218039616942405701e-02,4.001000000000000000e+03,4.105492675781250000e+03
2.145627290010452271e-01,0.000000000000000000e+00,1.508108526468276978e-01,-2.562802433967590332e-01,1.110168814659118652e+00,4.876823723316192627e-02,4.689000000000000000e+03,4.951294433593750000e+03
2.145627290010452271e-01,-5.000000074505805969e-02,1.495789438486099243e-01,-1.201489269733428955e-01,8.460957407951354980e-01,6.273917853832244873e-02,2.952000000000000000e+03,2.989520507812500000e+03
9.482004493474960327e-02,2.112953811883926392e-01,1.174006238579750061e-01,2.954522967338562012e-01,3.989531993865966797e-01,1.108710691332817078e-01,7.400000000000000000e+02,7.748717651367187500e+02
5.784529447555541992e-01,-5.000000074505805969e-02,8.068693876266479492e-01,-2.557033598423004150e-01,7.149855494499206543e-01,6.645490229129791260e-02,2.785000000000000000e+03,3.279631835937500000e+03
1.366542428731918335e-01,1.764043420553207397e-01,2.821515500545501709e-01,-1.148669943213462830e-01,1.277986526489257812e+00,6.244772300124168396e-02,5.345000000000000000e+03,5.686766113281250000e+03
-1.618416309356689453e-01,5.000000074505805969e-02,-6.280462741851806641e-01,-2.938447296619415283e-01,1.242217063903808594e+00,6.105726957321166992e-02,4.628000000000000000e+03,5.589439941406250000e+03
-5.000000074505805969e-02,-1.500000059604644775e-01,4.480581879615783691e-01,-5.282776355743408203e-01,1.218503117561340332e+00,5.475920811295509338e-02,4.917000000000000000e+03,6.144844726562500000e+03
5.000000074505805969e-02,0.000000000000000000e+00,2.027476727962493896e-01,-1.332027912139892578e-01,6.989470720291137695e-01,2.941567003726959229e-01,3.151000000000000000e+03,3.411079101562500000e+03
1.366542428731918335e-01,1.764043420553207397e-01,2.313912361860275269e-01,2.784020602703094482e-01,1.027945280075073242e+00,5.698940902948379517e-02,4.007000000000000000e+03,4.080160888671875000e+03
-2.131237089633941650e-01,4.183419048786163330e-02,-5.901687592267990112e-02,4.408623874187469482e-01,1.092276215553283691e+00,5.918657779693603516e-02,3.372000000000000000e+03,3.871880615234375000e+03
1.700402945280075073e-01,0.000000000000000000e+00,-1.641916185617446899e-01,3.597900867462158203e-01,1.088811039924621582e+00,6.186734512448310852e-02,4.276000000000000000e+03,5.109729003906250000e+03
-6.967304646968841553e-02,-2.000000029802322388e-01,5.002117156982421875e-01,2.185517698526382446e-01,1.199046969413757324e+00,5.932553112506866455e-02,4.667000000000000000e+03,6.186578125000000000e+03
6.961627006530761719e-01,-3.875537589192390442e-02,6.031603217124938965e-01,1.256615817546844482e-01,9.630016088485717773e-01,7.399297505617141724e-02,3.019000000000000000e+03,3.134148193359375000e+03
-6.312371790409088135e-02,9.482004493474960327e-02,-8.609544485807418823e-02,2.122912108898162842e-01,7.018125057220458984e-01,5.984986945986747742e-02,2.281000000000000000e+03,2.347078125000000000e+03
0.000000000000000000e+00,-5.000000074505805969e-02,-2.759077250957489014e-01,7.593357563018798828e-02,1.134579300880432129e+00,6.371891498565673828e-02,4.556000000000000000e+03,4.876819335937500000e+03
-2.500000000000000000e-01,3.815837576985359192e-02,-2.571738325059413910e-02,1.130859106779098511e-01,7.713287472724914551e-01,5.497426912188529968e-02,2.896000000000000000e+03,3.162904541015625000e+03
1.764043420553207397e-01,9.482004493474960327e-02,-1.866112351417541504e-01,3.779191151261329651e-02,1.208972930908203125e+00,5.972377210855484009e-02,5.152000000000000000e+03,5.616979492187500000e+03
-2.000000029802322388e-01,0.000000000000000000e+00,-5.387857928872108459e-02,1.586699858307838440e-02,1.266932010650634766e+00,5.884384363889694214e-02,4.067000000000000000e+03,4.121578125000000000e+03
3.896152675151824951e-01,-1.500000059604644775e-01,5.065870285034179688e-01,-5.080728977918624878e-02,9.558614492416381836e-01,6.077147275209426880e-02,4.127000000000000000e+03,4.232653808593750000e+03
0.000000000000000000e+00,0.000000000000000000e+00,-3.779769837856292725e-01,-6.764582544565200806e-02,9.449069499969482422e-01,5.645371228456497192e-02,3.530000000000000000e+03,4.092305419921875000e+03
2.145627290010452271e-01,-1.102498918771743774e-01,4.846370518207550049e-01,1.318503171205520630e-01,1.202575325965881348e+00,6.196677312254905701e-02,4.643000000000000000e+03,5.056782714843750000e+03
1.345701515674591064e-01,-1.500000059604644775e-01,1.230476945638656616e-01,1.835612580180168152e-02,8.798680901527404785e-01,7.386291772127151489e-02,3.176000000000000000e+03,3.291729736328125000e+03
0.000000000000000000e+00,-3.000000119209289551e-01,1.403135359287261963e-01,-5.470602586865425110e-02,1.142515182495117188e+00,5.806934833526611328e-02,4.459000000000000000e+03,4.728437988281250000e+03
1.764043420553207397e-01,-5.000000074505805969e-02,8.030064404010772705e-02,6.086567044258117676e-02,9.772410392761230469e-01,6.408889591693878174e-02,3.209000000000000000e+03,3.281093750000000000e+03
0.000000000000000000e+00,-5.500000119209289551e-01,1.505995541810989380e-01,-5.494224429130554199e-01,1.062914013862609863e+00,6.473522633314132690e-02,3.764000000000000000e+03,3.839290039062500000e+03
-5.816580727696418762e-02,-1.500000059604644775e-01,5.645014047622680664e-01,-2.751422226428985596e-01,1.263165235519409180e+00,5.457948148250579834e-02,4.634000000000000000e+03,5.748229492187500000e+03
3.896152675151824951e-01,5.000000074505805969e-02,3.763146698474884033e-01,-1.727957837283611298e-02,4.198118448257446289e-01,8.336053788661956787e-02,1.349000000000000000e+03,1.384699951171875000e+03
-3.000000119209289551e-01,1.366542428731918335e-01,-2.052579820156097412e-01,1.809161156415939331e-01,5.412998795509338379e-01,8.531358093023300171e-02,1.527000000000000000e+03,1.583608642578125000e+03
2.145627290010452271e-01,5.000000074505805969e-02,2.542067170143127441e-01,-2.457481473684310913e-01,1.013730764389038086e+00,5.987944081425666809e-02,3.688000000000000000e+03,4.001682373046875000e+03
-2.000000029802322388e-01,-3.000000119209289551e-01,-1.025732606649398804e-01,-3.215587437152862549e-01,1.103881835937500000e+00,6.672868877649307251e-02,4.094000000000000000e+03,4.127261718750000000e+03
4.183419048786163330e-02,0.000000000000000000e+00,1.311340332031250000e-01,-4.059718176722526550e-02,7.068601846694946289e-01,6.352327018976211548e-02,2.469000000000000000e+03,2.516206054687500000e+03
-3.000000119209289551e-01,-5.000000074505805969e-02,-2.765418887138366699e-01,6.425962597131729126e-02,9.118077754974365234e-01,7.274170219898223877e-02,3.139000000000000000e+03,3.190268310546875000e+03
1.366542428731918335e-01,3.896152675151824951e-01,1.448750644922256470e-01,3.673818409442901611e-01,7.588845491409301758e-01,7.278416305780410767e-02,2.416000000000000000e+03,2.418325683593750000e+03
0.000000000000000000e+00,0.000000000000000000e+00,5.168047547340393066e-01,-3.092899620532989502e-01,1.203301072120666504e+00,6.326010078191757202e-02,4.607000000000000000e+03,5.702278808593750000e+03
5.000000074505805969e-02,4.862083792686462402e-01,3.595677316188812256e-01,3.845897316932678223e-01,1.173247337341308594e+00,5.484365671873092651e-02,5.153000000000000000e+03,5.542770507812500000e+03
-5.000000074505805969e-02,2.071419507265090942e-01,2.668548226356506348e-01,-8.777569979429244995e-02,1.253174066543579102e+00,5.332444608211517334e-02,5.135000000000000000e+03,5.731519531250000000e+03
5.000000074505805969e-02,1.366542428731918335e-01,3.939012885093688965e-01,2.584465742111206055e-01,9.981147050857543945e-01,7.647919654846191406e-02,3.733000000000000000e+03,4.216886230468750000e+03
-1.151089668273925781e-01,-5.000000074505805969e-02,7.025641947984695435e-02,3.736771047115325928e-01,1.239286541938781738e+00,6.044073775410652161e-02,5.029000000000000000e+03,5.709166992187500000e+03
-1.500000059604644775e-01,5.000000074505805969e-02,-5.781020522117614746e-01,2.124509215354919434e-01,9.663721919059753418e-01,6.664735078811645508e-02,3.849000000000000000e+03,4.672856445312500000e+03
5.000000074505805969e-02,9.482004493474960327e-02,1.113343834877014160e-01,2.066086232662200928e-01,1.144567608833312988e+00,5.786328017711639404e-02,3.584000000000000000e+03,3.628309326171875000e+03
0.000000000000000000e+00,2.145627290010452271e-01,-5.550310611724853516e-01,3.251166045665740967e-01,1.134013891220092773e+00,5.665015056729316711e-02,4.270000000000000000e+03,5.281342285156250000e+03
5.000000074505805969e-02,3.562291860580444336e-01,-1.355591863393783569e-01,-2.572931349277496338e-01,1.106072783470153809e+00,6.858922541141510010e-02,4.205000000000000000e+03,5.530646972656250000e+03
9.482004493474960327e-02,5.000000074505805969e-02,1.011409386992454529e-01,-1.546033099293708801e-02,1.116509318351745605e+00,5.542723461985588074e-02,4.555000000000000000e+03,4.570682617187500000e+03
5.000000074505805969e-02,2.872454822063446045e-01,-7.479366660118103027e-02,2.722024321556091309e-01,1.089244723320007324e+00,6.588318943977355957e-02,4.030000000000000000e+03,4.083599121093750000e+03
-1.000000014901161194e-01,1.366542428731918335e-01,2.645471096038818359e-01,-6.038161367177963257e-02,1.228931665420532227e+00,7.021385431289672852e-02,4.638000000000000000e+03,5.151679687500000000e+03
1.366542428731918335e-01,-1.024989411234855652e-02,1.798088699579238892e-01,1.572852022945880890e-02,6.000038981437683105e-01,6.932470202445983887e-02,2.254000000000000000e+03,2.269910156250000000e+03
0.000000000000000000e+00,-1.618416309356689453e-01,3.325022161006927490e-01,-3.589794337749481201e-01,1.247443556785583496e+00,5.817415565252304077e-02,5.130000000000000000e+03,5.612752441406250000e+03
5.000000074505805969e-02,-2.000000029802322388e-01,-3.699911385774612427e-02,1.439892500638961792e-01,1.050157308578491211e+00,6.294637918472290039e-02,3.519000000000000000e+03,3.910305419921875000e+03
9.183419495820999146e-02,-6.000000238418579102e-01,6.838649511337280273e-02,-5.767698287963867188e-01,8.348435163497924805e-01,6.895018368959426880e-02,2.495000000000000000e+03,2.498903320312500000e+03
1.366542428731918335e-01,-4.499999880790710449e-01,1.910599023103713989e-01,-6.113391518592834473e-01,8.765068054199218750e-01,7.157342135906219482e-02,3.540000000000000000e+03,3.672740478515625000e+03
0.000000000000000000e+00,-1.102498918771743774e-01,1.308492720127105713e-01,-1.828207671642303467e-01,6.599290966987609863e-01,7.237558066844940186e-02,2.894000000000000000e+03,3.041290527343750000e+03
1.688351184129714966e-01,0.000000000000000000e+00,2.393270730972290039e-01,3.517879918217658997e-02,1.253571987152099609e+00,5.280626565217971802e-02,4.224000000000000000e+03,4.240613769531250000e+03
3.975010663270950317e-02,-3.499999940395355225e-01,-3.159366920590400696e-02,-2.899153530597686768e-01,8.872973918914794922e-01,5.788117647171020508e-02,2.956000000000000000e+03,2.988591796875000000e+03
2.067313045263290405e-01,-1.312371436506509781e-02,-1.515678614377975464e-01,-2.007198780775070190e-01,1.234581828117370605e+00,6.301223486661911011e-02,4.722000000000000000e+03,5.216349609375000000e+03
-1.510896813124418259e-02,2.872454822063446045e-01,-1.765209808945655823e-02,5.328648090362548828e-01,1.147534489631652832e+00,6.823266297578811646e-02,4.581000000000000000e+03,4.789095214843750000e+03
1.366542428731918335e-01,5.000000074505805969e-02,1.248155459761619568e-01,3.880066871643066406e-01,9.236503839492797852e-01,4.859886318445205688e-02,3.547000000000000000e+03,4.008560791015625000e+03
1.366542428731918335e-01,-6.590732932090759277e-02,-3.743380904197692871e-01,-2.813259661197662354e-01,1.265400528907775879e+00,6.313262134790420532e-02,5.030000000000000000e+03,5.957363769531250000e+03
1.366542428731918335e-01,-2.000000029802322388e-01,4.500475525856018066e-01,7.009291648864746094e-02,1.162492275238037109e+00,5.959782376885414124e-02,4.462000000000000000e+03,5.011839843750000000e+03
-5.000000074505805969e-02,1.366542428731918335e-01,-2.340760678052902222e-01,1.122937425971031189e-01,1.007593989372253418e+00,6.075986847281455994e-02,3.273000000000000000e+03,3.383530273437500000e+03
-1.000000014901161194e-01,2.486553937196731567e-01,3.123474419116973877e-01,-1.284127533435821533e-01,1.232404112815856934e+00,6.583087891340255737e-02,4.911000000000000000e+03,5.879313964843750000e+03
9.482004493474960327e-02,9.482004493474960327e-02,7.420443743467330933e-02,-2.720875442028045654e-01,1.073732256889343262e+00,5.436256155371665955e-02,4.233000000000000000e+03,4.715084960937500000e+03
5.481259822845458984e-01,-1.312371436506509781e-02,5.114768147468566895e-01,-7.920110225677490234e-02,5.317962765693664551e-01,7.795331627130508423e-02,1.699000000000000000e+03,1.733238159179687500e+03
5.000000074505805969e-02,0.000000000000000000e+00,4.376764893531799316e-01,-2.476342767477035522e-01,1.062149286270141602e+00,5.822782218456268311e-02,4.190000000000000000e+03,4.945377441406250000e+03
0.000000000000000000e+00,-5.000000074505805969e-02,-2.236901670694351196e-01,2.111365199089050293e-01,1.192460298538208008e+00,5.319261178374290466e-02,5.052000000000000000e+03,5.463619628906250000e+03
1.366542428731918335e-01,5.000000074505805969e-02,7.154874503612518311e-02,-1.066924482583999634e-01,1.076126575469970703e+00,5.916364490985870361e-02,3.686000000000000000e+03,3.777240966796875000e+03
-2.151089608669281006e-01,3.221365213394165039e-01,-1.915569007396697998e-01,3.050609230995178223e-01,6.288907527923583984e-01,6.307601928710937500e-02,2.391000000000000000e+03,2.396078125000000000e+03
4.223684668540954590e-01,-5.000000074505805969e-02,2.336598336696624756e-01,6.139094829559326172e-01,1.139471888542175293e+00,7.495968788862228394e-02,4.078000000000000000e+03,5.478600585937500000e+03
3.815837576985359192e-02,5.000000074505805969e-02,-1.511534303426742554e-01,4.531260728836059570e-01,1.072002410888671875e+00,7.966876029968261719e-02,4.103000000000000000e+03,4.784193847656250000e+03
-1.500000059604644775e-01,-2.500000000000000000e-01,6.596283614635467529e-02,2.988498508930206299e-01,1.150915622711181641e+00,5.188234895467758179e-02,4.285000000000000000e+03,5.350977050781250000e+03
-3.000000119209289551e-01,-2.000000029802322388e-01,-1.371602267026901245e-01,-2.100792080163955688e-01,1.196887493133544922e+00,5.754208564758300781e-02,5.064000000000000000e+03,5.157901367187500000e+03
-6.184162572026252747e-02,3.562291860580444336e-01,4.344886243343353271e-01,2.731677591800689697e-01,1.085710406303405762e+00,6.299503147602081299e-02,3.669000000000000000e+03,4.422727050781250000e+03
-5.000000074505805969e-02,-2.000000029802322388e-01,1.384282298386096954e-02,-4.217386618256568909e-02,1.242925524711608887e+00,5.812896043062210083e-02,3.957000000000000000e+03,4.030941162109375000e+03
-1.118416264653205872e-01,2.067313045263290405e-01,1.355414092540740967e-01,6.189020276069641113e-01,1.238250613212585449e+00,6.112197786569595337e-02,5.055000000000000000e+03,5.793063964843750000e+03
-1.000000014901161194e-01,1.700402945280075073e-01,-3.532155156135559082e-01,1.695798151195049286e-02,1.243636012077331543e+00,6.353724747896194458e-02,4.900000000000000000e+03,5.174097656250000000e+03
9.482004493474960327e-02,-1.000000014901161194e-01,1.262203007936477661e-01,-3.771323338150978088e-02,7.611256837844848633e-01,5.125492438673973083e-02,2.777000000000000000e+03,2.800335693359375000e+03
9.482004493474960327e-02,2.145627290010452271e-01,4.276026189327239990e-01,-1.453822702169418335e-01,1.065731287002563477e+00,5.352943018078804016e-02,4.072000000000000000e+03,4.896125000000000000e+03
-2.000000029802322388e-01,-1.000000014901161194e-01,2.951130270957946777e-01,1.376516371965408325e-01,1.173403739929199219e+00,6.139769777655601501e-02,4.591000000000000000e+03,5.551900390625000000e+03
1.366542428731918335e-01,1.366542428731918335e-01,-4.445849061012268066e-01,1.678590476512908936e-01,1.199310421943664551e+00,6.905324012041091919e-02,4.338000000000000000e+03,5.312809570312500000e+03
3.562291860580444336e-01,6.946118921041488647e-02,4.691323339939117432e-01,-2.475054711103439331e-01,9.155260920524597168e-01,5.792149156332015991e-02,3.306000000000000000e+03,3.739543212890625000e+03
-5.000000074505805969e-02,-1.000000014901161194e-01,-1.044584661722183228e-01,4.974987506866455078e-01,1.194428324699401855e+00,5.868122354149818420e-02,4.488000000000000000e+03,5.563061523437500000e+03
-1.102498918771743774e-01,1.366542428731918335e-01,4.999804124236106873e-02,5.905464291572570801e-01,1.233403325080871582e+00,5.885782465338706970e-02,4.801000000000000000e+03,5.507332519531250000e+03
3.073761053383350372e-02,-1.500000059604644775e-01,-1.196293532848358154e-01,-3.891959786415100098e-01,1.253417372703552246e+00,5.588212981820106506e-02,5.037000000000000000e+03,5.289486328125000000e+03
3.815837576985359192e-02,-2.131237089633941650e-01,-2.598047554492950439e-01,-3.684259355068206787e-01,1.274521708488464355e+00,5.324472859501838684e-02,5.117000000000000000e+03,5.467635742187500000e+03
1.235305294394493103e-01,1.764043420553207397e-01,2.340614348649978638e-01,1.509240269660949707e-01,8.671637177467346191e-01,5.764792859554290771e-02,3.077000000000000000e+03,3.129330322265625000e+03
9.183419495820999146e-02,9.482004493474960327e-02,2.940604388713836670e-01,-8.991108089685440063e-02,1.217083573341369629e+00,2.466148883104324341e-01,2.393000000000000000e+03,2.512952392578125000e+03
1.724607348442077637e-01,-2.000000029802322388e-01,4.039252698421478271e-01,-3.262650370597839355e-01,7.091877460479736328e-01,6.472471356391906738e-02,3.100000000000000000e+03,3.516054931640625000e+03
5.000000074505805969e-02,0.000000000000000000e+00,-2.908443845808506012e-02,2.254954725503921509e-01,1.143395423889160156e+00,6.123676151037216187e-02,4.454000000000000000e+03,4.646851074218750000e+03
-3.000000119209289551e-01,-5.000000074505805969e-02,-3.341000080108642578e-01,1.063916161656379700e-01,6.232058405876159668e-01,1.124795600771903992e-01,2.433000000000000000e+03,2.590757812500000000e+03
5.173884034156799316e-01,-1.000000014901161194e-01,6.405333280563354492e-01,-1.402990520000457764e-01,8.160936832427978516e-01,7.468000054359436035e-02,3.120000000000000000e+03,3.198281982421875000e+03
1.366542428731918335e-01,5.000000074505805969e-02,2.642447948455810547e-01,8.469738066196441650e-02,1.172599077224731445e+00,6.382474303245544434e-02,4.174000000000000000e+03,4.227052246093750000e+03
-1.500000059604644775e-01,5.000000074505805969e-02,2.162871137261390686e-02,9.214615076780319214e-02,8.900067210197448730e-01,5.553522706031799316e-02,3.312000000000000000e+03,3.441200683593750000e+03
3.562291860580444336e-01,-3.000000119209289551e-01,9.124544858932495117e-01,-3.270301520824432373e-01,1.150649785995483398e+00,7.973742485046386719e-02,4.040000000000000000e+03,4.941066894531250000e+03
-3.499999940395355225e-01,-1.500000059604644775e-01,2.468159347772598267e-01,1.987542808055877686e-01,1.231772661209106445e+00,5.450279265642166138e-02,4.417000000000000000e+03,5.728924804687500000e+03
1.764043420553207397e-01,2.145627290010452271e-01,5.125833153724670410e-01,3.147621154785156250e-01,8.073264360427856445e-01,6.992312520742416382e-02,2.937000000000000000e+03,3.470456298828125000e+03
-1.000000014901161194e-01,0.000000000000000000e+00,1.512548923492431641e-01,3.661186099052429199e-01,1.194759011268615723e+00,5.831787735223770142e-02,5.054000000000000000e+03,5.732303710937500000e+03
-5.000000074505805969e-02,-1.172467991709709167e-01,-6.350939273834228516e-01,-2.141566127538681030e-01,1.272373437881469727e+00,5.983459949493408203e-02,4.776000000000000000e+03,5.768186035156250000e+03
1.659030318260192871e-01,3.165905550122261047e-02,2.784935571253299713e-02,-3.866812586784362793e-01,1.074568033218383789e+00,6.386455148458480835e-02,4.164000000000000000e+03,4.839904296875000000e+03
-4.000000059604644775e-01,-5.000000074505805969e-02,-5.239231586456298828e-01,-4.997556656599044800e-02,4.959120750427246094e-01,6.882705539464950562e-02,1.419000000000000000e+03,1.506386230468750000e+03
3.409266844391822815e-02,-4.499999880790710449e-01,-3.479658439755439758e-02,-5.311257839202880859e-01,6.623114943504333496e-01,9.993078559637069702e-02,1.979000000000000000e+03,2.029663574218750000e+03
-7.500000000000000000e-01,-2.666139304637908936e-01,-6.709112524986267090e-01,-2.943482697010040283e-01,5.283436775207519531e-01,9.264945238828659058e-02,1.248000000000000000e+03,1.279312744140625000e+03
-3.499999940395355225e-01,-2.500000000000000000e-01,-3.064480125904083252e-01,-1.296132504940032959e-01,7.335863709449768066e-01,1.011883765459060669e-01,1.647000000000000000e+03,1.696855224609375000e+03
5.000000074505805969e-02,5.000000074505805969e-02,1.134392172098159790e-01,1.796384900808334351e-02,1.232689142227172852e+00,5.828756466507911682e-02,4.818000000000000000e+03,4.834022460937500000e+03
-1.000000014901161194e-01,1.764043420553207397e-01,4.657428264617919922e-01,9.474939852952957153e-02,1.193284630775451660e+00,5.002488568425178528e-02,4.144000000000000000e+03,5.051123535156250000e+03
-5.000000074505805969e-02,5.000000074505805969e-02,-7.823793590068817139e-02,-3.280088603496551514e-01,9.388015270233154297e-01,7.096239924430847168e-02,2.765000000000000000e+03,3.200490966796875000e+03
3.815837576985359192e-02,2.145627290010452271e-01,3.069347143173217773e-01,1.613108790479600430e-03,9.630676507949829102e-01,6.412584334611892700e-02,3.472000000000000000e+03,3.899844970703125000e+03
-6.184162572026252747e-02,1.673918515443801880e-01,-9.591966867446899414e-02,1.695944070816040039e-01,1.051495671272277832e+00,5.295535176992416382e-02,3.759000000000000000e+03,3.762977783203125000e+03
-5.000000074505805969e-02,-2.000000029802322388e-01,-5.728285387158393860e-02,-2.681848220527172089e-02,5.777406692504882812e-01,7.240893691778182983e-02,1.336000000000000000e+03,1.453564575195312500e+03
-1.618416309356689453e-01,3.221365213394165039e-01,-2.801925316452980042e-02,3.002822101116180420e-01,8.848594427108764648e-01,7.018029689788818359e-02,2.728000000000000000e+03,2.791477050781250000e+03
-1.102498918771743774e-01,-6.724679470062255859e-02,-8.780915290117263794e-02,-1.614322513341903687e-01,9.094169735908508301e-01,6.748138368129730225e-02,3.247000000000000000e+03,3.283861083984375000e+03
-2.500000000000000000e-01,2.514390051364898682e-01,6.010525859892368317e-03,3.748931288719177246e-01,1.077094197273254395e+00,5.849093943834304810e-02,4.357000000000000000e+03,4.655557617187500000e+03
1.764043420553207397e-01,0.000000000000000000e+00,1.480324286967515945e-02,7.254304736852645874e-02,1.233563303947448730e+00,5.879228189587593079e-02,4.485000000000000000e+03,4.576729492187500000e+03
-2.000000029802322388e-01,-2.500000000000000000e-01,-3.202912509441375732e-01,-3.947043418884277344e-01,1.022527694702148438e+00,6.335492432117462158e-02,4.001000000000000000e+03,4.135313476562500000e+03
0.000000000000000000e+00,1.366542428731918335e-01,4.470222294330596924e-01,3.746062517166137695e-01,1.076726436614990234e+00,8.260197192430496216e-02,3.274000000000000000e+03,3.966970947265625000e+03
1.345701515674591064e-01,4.183419048786163330e-02,-1.181490123271942139e-01,8.383438736200332642e-02,1.176433205604553223e+00,6.027333438396453857e-02,5.118000000000000000e+03,5.357927246093750000e+03
9.482004493474960327e-02,-1.500000059604644775e-01,3.261022269725799561e-01,-1.071428209543228149e-01,1.097268700599670410e+00,6.495545059442520142e-02,3.761000000000000000e+03,3.931846191406250000e+03
0.000000000000000000e+00,1.260000616312026978e-01,-4.276802763342857361e-02,-3.415879309177398682e-01,1.127206444740295410e+00,5.940523743629455566e-02,4.098000000000000000e+03,4.783491210937500000e+03
2.071419507265090942e-01,1.366542428731918335e-01,1.189002543687820435e-01,1.226568147540092468e-01,1.289745092391967773e+00,5.844897404313087463e-02,4.998000000000000000e+03,5.021995605468750000e+03
-5.000000074505805969e-02,-2.000000029802322388e-01,2.499003149569034576e-02,-4.672163426876068115e-01,1.146163344383239746e+00,5.536554008722305298e-02,4.829000000000000000e+03,5.108472656250000000e+03
-1.618416309356689453e-01,1.764043420553207397e-01,-3.156822025775909424e-01,3.987567424774169922e-01,1.233396530151367188e+00,5.552738159894943237e-02,5.443000000000000000e+03,5.702175781250000000e+03
-1.500000059604644775e-01,0.000000000000000000e+00,-1.579429060220718384e-01,1.370913386344909668e-01,1.205295562744140625e+00,9.485369175672531128e-02,3.427000000000000000e+03,3.471360595703125000e+03
-1.641935110092163086e-01,2.145627290010452271e-01,-1.251594573259353638e-01,4.098048210144042969e-01,6.832584142684936523e-01,8.180981129407882690e-02,3.000000000000000000e+03,3.249756103515625000e+03
-2.500000000000000000e-01,4.482004791498184204e-02,-7.322859601117670536e-04,-1.801402419805526733e-01,1.273997426033020020e+00,5.569882690906524658e-02,5.309000000000000000e+03,5.671135253906250000e+03
-1.500000059604644775e-01,5.000000074505805969e-02,-2.090695202350616455e-01,-2.591885812580585480e-02,4.582303166389465332e-01,7.422961294651031494e-02,1.431000000000000000e+03,1.493293823242187500e+03
5.000000074505805969e-02,4.482004791498184204e-02,-1.786423027515411377e-01,4.300642311573028564e-01,1.159483790397644043e+00,6.573408842086791992e-02,4.764000000000000000e+03,5.451672363281250000e+03
4.545493423938751221e-01,-1.325344592332839966e-01,4.654874205589294434e-01,1.379150301218032837e-01,8.925324082374572754e-01,6.339640915393829346e-02,3.733000000000000000e+03,4.068498046875000000e+03
-1.000000014901161194e-01,-1.500000059604644775e-01,-1.734475195407867432e-01,-3.774541616439819336e-01,1.281117558479309082e+00,6.245415657758712769e-02,5.045000000000000000e+03,5.219449218750000000e+03
-5.000000074505805969e-02,-2.000000029802322388e-01,1.751637607812881470e-01,-3.988741040229797363e-01,1.046622514724731445e+00,6.285122036933898926e-02,4.300000000000000000e+03,4.647328125000000000e+03
-4.499999880790710449e-01,1.764043420553207397e-01,-5.183940529823303223e-01,1.762634664773941040e-01,5.287175178527832031e-01,7.996496558189392090e-02,2.357000000000000000e+03,2.396127685546875000e+03
5.000000074505805969e-02,1.366542428731918335e-01,1.077118888497352600e-01,1.363694965839385986e-01,9.662632346153259277e-01,5.624088272452354431e-02,3.320000000000000000e+03,3.331826904296875000e+03
-1.500000059604644775e-01,9.482004493474960327e-02,-4.182945564389228821e-02,3.944199159741401672e-02,1.053516268730163574e+00,5.802518501877784729e-02,2.944000000000000000e+03,2.983155273437500000e+03
-2.000000029802322388e-01,-1.500000059604644775e-01,-3.262750804424285889e-01,-1.667894721031188965e-01,8.293530941009521484e-01,6.328512728214263916e-02,3.181000000000000000e+03,3.255534423828125000e+03
-1.500000059604644775e-01,0.000000000000000000e+00,2.624969184398651123e-01,1.363803595304489136e-01,1.089258909225463867e+00,5.868325382471084595e-02,4.053000000000000000e+03,4.674690429687500000e+03
-2.500000000000000000e-01,-1.000000014901161194e-01,-1.448745280504226685e-01,2.198692262172698975e-01,9.421857595443725586e-01,5.882070213556289673e-02,3.827000000000000000e+03,4.302291015625000000e+03
-1.633457541465759277e-01,-6.000000238418579102e-01,-1.378054469823837280e-01,-5.590347647666931152e-01,5.036475062370300293e-01,8.514287322759628296e-02,1.781000000000000000e+03,1.797332397460937500e+03
1.764043420553207397e-01,0.000000000000000000e+00,5.617313385009765625e-01,-3.129111230373382568e-01,1.252709031105041504e+00,6.212832778692245483e-02,4.916000000000000000e+03,5.661549316406250000e+03
-5.500000119209289551e-01,-2.500000000000000000e-01,-5.478927493095397949e-01,-4.165301024913787842e-01,9.851218461990356445e-01,6.864473223686218262e-02,3.090000000000000000e+03,3.177821777343750000e+03
5.000000074505805969e-02,2.145627290010452271e-01,3.818140923976898193e-01,-5.628064274787902832e-02,1.257229566574096680e+00,6.271556764841079712e-02,4.890000000000000000e+03,5.442497558593750000e+03
1.366542428731918335e-01,2.145627290010452271e-01,-3.094584643840789795e-01,5.077979341149330139e-02,1.126735329627990723e+00,9.130730479955673218e-02,3.127000000000000000e+03,3.661970458984375000e+03
-1.618416309356689453e-01,0.000000000000000000e+00,8.163650333881378174e-02,1.260595619678497314e-01,9.481902122497558594e-01,6.871398538351058960e-02,3.222000000000000000e+03,3.485654541015625000e+03
0.000000000000000000e+00,-1.500000059604644775e-01,-2.056855559349060059e-01,6.624682247638702393e-02,1.180827856063842773e+00,6.137232109904289246e-02,4.767000000000000000e+03,5.067559570312500000e+03
-5.000000074505805969e-02,-1.000000014901161194e-01,-1.201823353767395020e-01,7.149197161197662354e-02,1.224031686782836914e+00,6.159505993127822876e-02,4.848000000000000000e+03,4.958462890625000000e+03
4.482004791498184204e-02,-5.000000074505805969e-02,-3.137595057487487793e-01,1.882882863283157349e-01,1.124345183372497559e+00,6.302295625209808350e-02,4.405000000000000000e+03,5.031219238281250000e+03
0.000000000000000000e+00,-6.590732932090759277e-02,4.128583371639251709e-01,6.878505647182464600e-02,1.034646749496459961e+00,7.886578887701034546e-02,3.747000000000000000e+03,4.383252929687500000e+03
-1.000000014901161194e-01,-2.500000000000000000e-01,-3.898084163665771484e-01,1.570445448160171509e-01,1.265716433525085449e+00,6.073888763785362244e-02,4.638000000000000000e+03,5.336076660156250000e+03
-1.500000059604644775e-01,1.316963285207748413e-01,-1.418492794036865234e-01,-1.871666610240936279e-01,1.194265007972717285e+00,5.543984100222587585e-02,5.036000000000000000e+03,5.389018066406250000e+03
-2.000000029802322388e-01,1.764043420553207397e-01,6.428527086973190308e-02,6.705527193844318390e-03,9.516959786415100098e-01,7.135109603404998779e-02,2.908000000000000000e+03,3.217400878906250000e+03
-1.000000014901161194e-01,3.221365213394165039e-01,2.155846655368804932e-01,1.849493980407714844e-01,1.179421186447143555e+00,5.500890314579010010e-02,5.011000000000000000e+03,5.429971679687500000e+03
2.872454822063446045e-01,-1.000000014901161194e-01,2.636179924011230469e-01,1.749392598867416382e-01,1.138809442520141602e+00,6.717769801616668701e-02,4.406000000000000000e+03,4.660992187500000000e+03
9.482004493474960327e-02,-5.000000074505805969e-02,3.406672040000557899e-03,-5.022090673446655273e-01,1.169702410697937012e+00,5.948935821652412415e-02,4.429000000000000000e+03,5.095619628906250000e+03
5.000000074505805969e-02,-5.000000074505805969e-02,6.873350590467453003e-02,-2.316738069057464600e-01,1.115507364273071289e+00,6.126017123460769653e-02,3.404000000000000000e+03,3.494677978515625000e+03
-5.816580727696418762e-02,5.000000074505805969e-02,2.590414881706237793e-01,-4.044609889388084412e-02,1.213414430618286133e+00,5.626183748245239258e-02,4.440000000000000000e+03,4.762655761718750000e+03
-8.165807463228702545e-03,-5.000000074505805969e-02,-2.935404181480407715e-01,-2.483117133378982544e-01,1.178658366203308105e+00,5.822319164872169495e-02,3.752000000000000000e+03,4.071125976562500000e+03
1.366542428731918335e-01,5.000000074505805969e-02,-4.483184516429901123e-01,1.272395998239517212e-01,1.196102976799011230e+00,6.357819586992263794e-02,4.278000000000000000e+03,5.268624023437500000e+03
3.815837576985359192e-02,-1.500000059604644775e-01,-2.293913513422012329e-01,-1.672074794769287109e-01,1.168374657630920410e+00,6.271702796220779419e-02,4.713000000000000000e+03,4.957754394531250000e+03
-3.659073412418365479e-01,5.000000074505805969e-02,-5.459122657775878906e-01,3.118814900517463684e-02,1.173471570014953613e+00,7.885972410440444946e-02,3.611000000000000000e+03,3.696198486328125000e+03
-5.000000074505805969e-02,-1.000000014901161194e-01,1.016877144575119019e-01,-4.509093463420867920e-01,1.086151599884033203e+00,5.780849605798721313e-02,4.342000000000000000e+03,4.864616210937500000e+03
0.000000000000000000e+00,2.145627290010452271e-01,-4.552349448204040527e-03,1.949925124645233154e-01,7.881797552108764648e-01,5.481681600213050842e-02,2.622000000000000000e+03,2.623707031250000000e+03
-4.672468006610870361e-01,-1.151089668273925781e-01,-3.579796850681304932e-01,-4.422114193439483643e-01,9.929357171058654785e-01,5.703245848417282104e-02,4.117000000000000000e+03,4.600964355468750000e+03
-6.024989485740661621e-02,-1.000000014901161194e-01,4.272743687033653259e-02,-9.448145329952239990e-02,4.792710840702056885e-01,9.546823054552078247e-02,1.456000000000000000e+03,1.522840698242187500e+03
-3.000000119209289551e-01,0.000000000000000000e+00,-3.281256556510925293e-01,1.301244646310806274e-01,1.076763391494750977e+00,6.061431393027305603e-02,4.113000000000000000e+03,4.175865234375000000e+03
-6.967304646968841553e-02,-2.500000000000000000e-01,-5.621614307165145874e-02,-1.864337772130966187e-01,1.125795722007751465e+00,5.632618069648742676e-02,3.553000000000000000e+03,3.564815673828125000e+03
-5.179951898753643036e-03,-1.000000014901161194e-01,5.218992754817008972e-02,-3.734236657619476318e-01,1.012779474258422852e+00,6.676796823740005493e-02,3.989000000000000000e+03,4.286741210937500000e+03
-8.500000238418579102e-01,4.113818705081939697e-01,-8.332756161689758301e-01,4.161651730537414551e-01,3.444682657718658447e-01,1.344670802354812622e-01,1.138000000000000000e+03,1.140915161132812500e+03
1.764043420553207397e-01,-1.000000014901161194e-01,-1.382747292518615723e-01,7.178476452827453613e-02,1.281373977661132812e+00,5.662263929843902588e-02,5.071000000000000000e+03,5.461394531250000000e+03
-2.641935050487518311e-01,1.366542428731918335e-01,-3.274364471435546875e-01,3.712050383910536766e-04,1.080977678298950195e+00,5.644338205456733704e-02,4.268000000000000000e+03,4.350223632812500000e+03
9.482004493474960327e-02,-5.000000074505805969e-02,-7.275269925594329834e-02,-2.077562063932418823e-01,1.083220958709716797e+00,7.421256601810455322e-02,3.978000000000000000e+03,4.155854980468750000e+03
-5.500000119209289551e-01,-1.590733230113983154e-02,-8.435156345367431641e-01,-1.740035861730575562e-01,1.145132303237915039e+00,5.646001547574996948e-02,3.941000000000000000e+03,4.269096191406250000e+03
-1.500000059604644775e-01,-3.000000119209289551e-01,-1.521006673574447632e-01,-3.126609027385711670e-01,4.062344133853912354e-01,1.143364012241363525e-01,9.930000000000000000e+02,9.939870605468750000e+02
5.000000074505805969e-02,-1.000000014901161194e-01,4.249449670314788818e-01,-2.837097346782684326e-01,1.242228984832763672e+00,5.853047594428062439e-02,4.785000000000000000e+03,5.312846191406250000e+03
9.482004493474960327e-02,2.872454822063446045e-01,9.632571041584014893e-02,3.769681751728057861e-01,5.930362343788146973e-01,7.605657726526260376e-02,1.797000000000000000e+03,1.837945068359375000e+03
-4.000000059604644775e-01,8.975010365247726440e-02,-4.890254437923431396e-01,1.754926145076751709e-01,7.605977058410644531e-01,6.541291624307632446e-02,2.832000000000000000e+03,2.906453369140625000e+03
-2.000000029802322388e-01,2.514390051364898682e-01,-2.617527842521667480e-01,2.822931408882141113e-01,6.379323005676269531e-01,5.783871933817863464e-02,2.389000000000000000e+03,2.416913574218750000e+03
2.872454822063446045e-01,-5.816580727696418762e-02,2.493951916694641113e-01,-1.508594024926424026e-02,6.642251014709472656e-01,6.363112479448318481e-02,2.043000000000000000e+03,2.058128906250000000e+03
1.366542428731918335e-01,9.482004493474960327e-02,4.616494178771972656e-01,3.530520796775817871e-01,1.233439683914184570e+00,5.702304467558860779e-02,5.305000000000000000e+03,5.890208496093750000e+03
1.366542428731918335e-01,4.223684668540954590e-01,1.046818718314170837e-01,6.010271906852722168e-01,8.606650233268737793e-01,5.943156406283378601e-02,3.503000000000000000e+03,3.657133789062500000e+03
0.000000000000000000e+00,-1.102498918771743774e-01,-1.115699559450149536e-01,1.627176403999328613e-01,1.026837229728698730e+00,5.730019137263298035e-02,4.472000000000000000e+03,4.833221191406250000e+03
1.366542428731918335e-01,-1.500000059604644775e-01,2.749622166156768799e-01,-1.868580728769302368e-01,7.482358217239379883e-01,6.347049772739410400e-02,2.944000000000000000e+03,3.050659179687500000e+03
-1.500000059604644775e-01,-5.000000074505805969e-02,3.220245838165283203e-01,1.274467557668685913e-01,1.192356348037719727e+00,5.935262143611907959e-02,4.299000000000000000e+03,5.040008300781250000e+03
1.764043420553207397e-01,2.145627290010452271e-01,1.633946895599365234e-01,5.125808715820312500e-01,1.197718620300292969e+00,5.823817849159240723e-02,4.918000000000000000e+03,5.218010253906250000e+03
2.438115030527114868e-01,2.872454822063446045e-01,4.854792654514312744e-01,3.694536387920379639e-01,9.544330835342407227e-01,9.614346176385879517e-02,3.229000000000000000e+03,3.456375976562500000e+03
-5.000000074505805969e-02,-5.000000074505805969e-02,1.748161017894744873e-01,-2.415533810853958130e-01,8.322922587394714355e-01,8.040712028741836548e-02,2.877000000000000000e+03,3.228760742187500000e+03
-5.000000074505805969e-02,2.872454822063446045e-01,-1.812277361750602722e-02,2.393265217542648315e-01,4.153792858123779297e-01,6.416044384241104126e-02,1.369000000000000000e+03,1.395174560546875000e+03
-1.500000059604644775e-01,1.366542428731918335e-01,-1.794668883085250854e-01,4.652900993824005127e-01,1.114430665969848633e+00,6.944300979375839233e-02,4.092000000000000000e+03,4.443027343750000000e+03
0.000000000000000000e+00,2.132806330919265747e-01,-8.470775187015533447e-02,1.848679482936859131e-01,1.264759659767150879e+00,6.067107617855072021e-02,4.692000000000000000e+03,4.715525390625000000e+03
3.687628731131553650e-02,1.764043420553207397e-01,3.417173624038696289e-01,4.141085445880889893e-01,1.233127236366271973e+00,5.685764923691749573e-02,4.632000000000000000e+03,5.077016601562500000e+03
5.000000074505805969e-02,-5.000000074505805969e-02,1.321811079978942871e-01,3.088151477277278900e-02,9.679023027420043945e-01,7.641381025314331055e-02,3.489000000000000000e+03,3.538369384765625000e+03
0.000000000000000000e+00,1.688351184129714966e-01,3.733842372894287109e-01,-1.369075477123260498e-02,1.248318910598754883e+00,6.014099717140197754e-02,5.213000000000000000e+03,5.776647460937500000e+03
-1.500000059604644775e-01,1.764043420553207397e-01,-5.393497943878173828e-01,3.739264309406280518e-01,1.249509930610656738e+00,5.834813416004180908e-02,5.261000000000000000e+03,5.886802734375000000e+03
-9.856098890304565430e-02,-1.000000000000000000e+00,-7.338821142911911011e-02,-9.085983633995056152e-01,3.258948922157287598e-01,9.463397413492202759e-02,1.101000000000000000e+03,1.192267089843750000e+03
1.764043420553207397e-01,-5.000000074505805969e-02,1.345109641551971436e-01,-8.446799963712692261e-02,1.290129423141479492e+00,5.198771134018898010e-02,4.065000000000000000e+03,4.072192871093750000e+03
-1.102498918771743774e-01,5.000000074505805969e-02,-5.897546932101249695e-02,-2.409243881702423096e-01,1.155303597450256348e+00,6.002046912908554077e-02,4.522000000000000000e+03,4.812494140625000000e+03
-2.000000029802322388e-01,-5.000000074505805969e-02,-2.444695830345153809e-01,3.825818747282028198e-02,8.629767298698425293e-01,5.540649592876434326e-02,3.337000000000000000e+03,3.380589111328125000e+03
-3.499999940395355225e-01,-2.641935050487518311e-01,-2.265539169311523438e-01,-8.200284838676452637e-02,8.288722038269042969e-01,5.085318535566329956e-02,3.379000000000000000e+03,3.613725341796875000e+03
-5.000000074505805969e-02,-3.000000119209289551e-01,-2.270469814538955688e-01,2.697708010673522949e-01,1.187389850616455078e+00,6.156339123845100403e-02,4.061000000000000000e+03,5.033777343750000000e+03
-2.000000029802322388e-01,1.270009279251098633e-01,-3.077077865600585938e-01,1.498404592275619507e-01,9.550740718841552734e-01,5.752176046371459961e-02,3.213000000000000000e+03,3.255733154296875000e+03
-3.151089549064636230e-01,-3.499999940395355225e-01,-7.188301682472229004e-01,-2.109608380123972893e-03,8.746864199638366699e-01,6.250254809856414795e-02,3.430000000000000000e+03,4.622859863281250000e+03
1.366542428731918335e-01,1.366542428731918335e-01,6.457448005676269531e-02,2.851911485195159912e-01,7.601796984672546387e-01,6.896322220563888550e-02,2.761000000000000000e+03,2.889759033203125000e+03
-1.651089638471603394e-01,-5.500000119209289551e-01,-2.805255055427551270e-01,-6.625972986221313477e-01,6.788476705551147461e-01,8.943751454353332520e-02,2.817000000000000000e+03,2.973808837890625000e+03
5.000000074505805969e-02,1.764043420553207397e-01,-1.577415466308593750e-01,5.001566410064697266e-01,1.085071563720703125e+00,5.904775112867355347e-02,3.960000000000000000e+03,4.444175292968750000e+03
-1.166139394044876099e-01,2.053357064723968506e-01,1.850694268941879272e-01,1.651047915220260620e-01,1.281888842582702637e+00,5.920397117733955383e-02,5.216000000000000000e+03,5.506349609375000000e+03
-5.000000074505805969e-02,5.000000074505805969e-02,6.743554770946502686e-02,1.131269056349992752e-02,8.776769042015075684e-01,5.998395383358001709e-02,3.720000000000000000e+03,3.793305664062500000e+03
9.482004493474960327e-02,3.562291860580444336e-01,4.555690288543701172e-01,2.068886905908584595e-02,1.158716559410095215e+00,5.580879747867584229e-02,4.785000000000000000e+03,5.615978515625000000e+03
-2.000000029802322388e-01,-1.102498918771743774e-01,-1.589381545782089233e-01,-2.294509112834930420e-01,7.521353363990783691e-01,6.488814204931259155e-02,2.290000000000000000e+03,2.353843994140625000e+03
-2.000000029802322388e-01,1.366542428731918335e-01,8.127972483634948730e-03,4.383528232574462891e-02,9.501499533653259277e-01,6.270508468151092529e-02,3.575000000000000000e+03,3.777926269531250000e+03
1.366542428731918335e-01,-1.500000059604644775e-01,2.935068607330322266e-01,-2.060203403234481812e-01,1.272567272186279297e+00,6.407124549150466919e-02,4.922000000000000000e+03,5.005708496093750000e+03
3.896152675151824951e-01,3.896152675151824951e-01,4.275141358375549316e-01,3.464393615722656250e-01,8.568894267082214355e-01,6.465699523687362671e-02,3.035000000000000000e+03,3.048526367187500000e+03
-2.000000029802322388e-01,-3.499999940395355225e-01,-1.206399574875831604e-01,-1.666337810456752777e-02,8.518000841140747070e-01,6.480763852596282959e-02,3.448000000000000000e+03,3.986980224609375000e+03
-1.000000014901161194e-01,1.366542428731918335e-01,-3.173451498150825500e-02,4.369901120662689209e-02,7.334532737731933594e-01,7.417961955070495605e-02,2.425000000000000000e+03,2.484620605468750000e+03
-5.000000074505805969e-02,-3.000000119209289551e-01,-2.620222270488739014e-01,-1.660451889038085938e-01,9.861330986022949219e-01,6.539644300937652588e-02,4.141000000000000000e+03,4.404546875000000000e+03
3.896152675151824951e-01,1.329784244298934937e-01,1.946444809436798096e-01,-1.048921719193458557e-01,1.100640416145324707e+00,7.152327895164489746e-02,3.870000000000000000e+03,4.166625976562500000e+03
-2.000000029802322388e-01,3.815837576985359192e-02,-1.057775616645812988e-01,2.501571476459503174e-01,1.190394639968872070e+00,6.824049353599548340e-02,4.075000000000000000e+03,4.228673339843750000e+03
-1.618416309356689453e-01,5.000000074505805969e-02,-3.992509841918945312e-01,-2.837500870227813721e-01,1.244072556495666504e+00,5.665873363614082336e-02,5.409000000000000000e+03,5.979871093750000000e+03
-1.000000014901161194e-01,-2.000000029802322388e-01,2.099964208900928497e-02,-1.689026802778244019e-01,1.284834623336791992e+00,6.060751527547836304e-02,5.152000000000000000e+03,5.200774414062500000e+03
-5.000000074505805969e-02,5.000000074505805969e-02,6.197903677821159363e-02,1.594023779034614563e-02,7.008187174797058105e-01,6.309933215379714966e-02,2.947000000000000000e+03,3.028632568359375000e+03
-5.000000074505805969e-02,9.482004493474960327e-02,-2.463317215442657471e-01,8.584039658308029175e-02,9.737083911895751953e-01,6.938521564006805420e-02,4.495000000000000000e+03,4.676305175781250000e+03
0.000000000000000000e+00,5.000000074505805969e-02,-6.357761472463607788e-02,-8.275569975376129150e-02,9.758449792861938477e-01,5.873928219079971313e-02,3.049000000000000000e+03,3.117984619140625000e+03
-1.500000059604644775e-01,8.975010365247726440e-02,2.589362561702728271e-01,1.829228550195693970e-01,1.262587070465087891e+00,5.924261733889579773e-02,5.108000000000000000e+03,5.658078613281250000e+03
9.482004493474960327e-02,1.366542428731918335e-01,-2.725416719913482666e-01,-1.567168906331062317e-02,1.224984526634216309e+00,5.914422497153282166e-02,4.802000000000000000e+03,5.296635253906250000e+03
-5.000000074505805969e-02,-5.816580727696418762e-02,2.298102974891662598e-01,-3.698243200778961182e-01,1.015234470367431641e+00,7.105002552270889282e-02,4.014000000000000000e+03,4.672948730468750000e+03
5.000000074505805969e-02,-2.000000029802322388e-01,7.551094889640808105e-02,-6.216572523117065430e-01,1.135095238685607910e+00,7.607218623161315918e-02,4.111000000000000000e+03,4.662742675781250000e+03
-2.000000029802322388e-01,1.366542428731918335e-01,1.941452175378799438e-02,2.097807265818119049e-02,1.125817060470581055e+00,7.497151196002960205e-02,3.897000000000000000e+03,4.083525146484375000e+03
-5.000000074505805969e-02,2.453003376722335815e-01,-4.406217932701110840e-01,-1.496316045522689819e-01,1.251747369766235352e+00,5.872342362999916077e-02,4.649000000000000000e+03,5.528806640625000000e+03
2.145627290010452271e-01,-1.000000014901161194e-01,-4.104285538196563721e-01,1.541905701160430908e-01,1.264585614204406738e+00,5.505348742008209229e-02,4.750000000000000000e+03,6.030206542968750000e+03
2.145627290010452271e-01,0.000000000000000000e+00,1.014301031827926636e-01,-2.968800067901611328e-01,1.010434269905090332e+00,8.394639194011688232e-02,4.012000000000000000e+03,4.399045898437500000e+03
-3.499999940395355225e-01,-1.500000059604644775e-01,-3.382219970226287842e-01,-1.457484252750873566e-02,1.069775819778442383e+00,6.053841859102249146e-02,4.063000000000000000e+03,4.128280761718750000e+03
2.145627290010452271e-01,-2.000000029802322388e-01,1.463706344366073608e-01,3.036540448665618896e-01,1.270496010780334473e+00,6.534666568040847778e-02,4.034000000000000000e+03,4.657474609375000000e+03
0.000000000000000000e+00,1.366542428731918335e-01,4.259957745671272278e-02,1.151148527860641479e-01,6.213387846946716309e-01,6.928919255733489990e-02,1.946000000000000000e+03,1.957506591796875000e+03
4.224457219243049622e-02,-9.499999880790710449e-01,9.817948937416076660e-02,-9.493512511253356934e-01,3.370188772678375244e-01,1.198266819119453430e-01,1.324000000000000000e+03,1.360203125000000000e+03
9.183419495820999146e-02,-1.000000014901161194e-01,8.741903305053710938e-02,-2.797587811946868896e-01,1.024574875831604004e+00,7.199726998805999756e-02,3.690000000000000000e+03,3.803092041015625000e+03
2.145627290010452271e-01,-1.131237149238586426e-01,7.401106953620910645e-01,7.717495411634445190e-02,1.236989736557006836e+00,6.001611426472663879e-02,4.817000000000000000e+03,5.759721679687500000e+03
5.000000074505805969e-02,-1.000000014901161194e-01,2.381927073001861572e-01,1.488907337188720703e-01,8.855633139610290527e-01,6.241467222571372986e-02,2.867000000000000000e+03,3.213438476562500000e+03
-5.000000074505805969e-02,-5.000000074505805969e-02,1.706620305776596069e-01,-3.842017427086830139e-02,1.027781963348388672e+00,6.763178110122680664e-02,3.303000000000000000e+03,3.453834716796875000e+03
-1.000000014901161194e-01,-3.499999940395355225e-01,-3.686726093292236328e-01,-3.222999572753906250e-01,8.771623373031616211e-01,6.243944168090820312e-02,3.487000000000000000e+03,3.811067382812500000e+03
-2.500000000000000000e-01,-1.500000059604644775e-01,-2.540694773197174072e-01,-2.646503448486328125e-01,9.087876677513122559e-01,7.221323251724243164e-02,3.538000000000000000e+03,3.594378662109375000e+03
-3.000000119209289551e-01,2.145627290010452271e-01,-3.299096524715423584e-01,3.125765621662139893e-01,6.035655140876770020e-01,1.584087908267974854e-01,1.966000000000000000e+03,2.022233642578125000e+03
-1.618416309356689453e-01,5.000000074505805969e-02,3.911611437797546387e-02,2.733128666877746582e-01,1.274803996086120605e+00,5.651613324880599976e-02,5.134000000000000000e+03,5.415605957031250000e+03
5.000000074505805969e-02,-1.500000059604644775e-01,3.003815114498138428e-01,-2.799456119537353516e-01,1.081031680107116699e+00,5.995056405663490295e-02,4.082000000000000000e+03,4.355381835937500000e+03
2.514390051364898682e-01,1.764043420553207397e-01,7.210198044776916504e-01,6.697152554988861084e-02,1.095427274703979492e+00,7.892911881208419800e-02,3.993000000000000000e+03,4.734691894531250000e+03
-1.118416264653205872e-01,-6.024989485740661621e-02,-1.962325572967529297e-01,-1.921022981405258179e-01,7.772095799446105957e-01,6.955722719430923462e-02,2.818000000000000000e+03,2.931036132812500000e+03
-1.631237119436264038e-01,9.482004493474960327e-02,-6.694054007530212402e-01,-2.132876515388488770e-01,1.235614061355590820e+00,5.868802964687347412e-02,4.540000000000000000e+03,5.537533691406250000e+03
-7.005596160888671875e-02,-1.102498918771743774e-01,3.613183647394180298e-02,-4.918874204158782959e-01,1.270610690116882324e+00,5.881911888718605042e-02,5.104000000000000000e+03,5.588310058593750000e+03
-1.500000059604644775e-01,-3.000000119209289551e-01,-7.941760122776031494e-02,-3.669135570526123047e-01,1.177043437957763672e+00,5.779875069856643677e-02,4.612000000000000000e+03,4.643381347656250000e+03
5.000000074505805969e-02,1.316963285207748413e-01,1.773999817669391632e-02,4.166386127471923828e-01,5.920505523681640625e-01,6.825095415115356445e-02,2.059000000000000000e+03,2.519955566406250000e+03
1.366542428731918335e-01,1.764043420553207397e-01,4.869886636734008789e-01,-2.344725579023361206e-01,1.158311128616333008e+00,6.454530358314514160e-02,4.754000000000000000e+03,5.741615722656250000e+03
-1.000000014901161194e-01,-5.000000074505805969e-02,1.212445721030235291e-01,-2.549530863761901855e-01,7.194074392318725586e-01,8.944199234247207642e-02,2.430000000000000000e+03,2.841077880859375000e+03
2.872454822063446045e-01,-1.500000059604644775e-01,1.485142856836318970e-01,-1.891750395298004150e-01,8.756366372108459473e-01,5.258411914110183716e-02,3.037000000000000000e+03,3.118968261718750000e+03
3.221365213394165039e-01,8.489102870225906372e-02,5.101611018180847168e-01,3.442720770835876465e-01,1.031026959419250488e+00,6.395021826028823853e-02,4.242000000000000000e+03,4.642850097656250000e+03
-1.500000059604644775e-01,5.000000074505805969e-02,-4.425338655710220337e-02,1.563739776611328125e-01,1.228364467620849609e+00,5.972151085734367371e-02,4.841000000000000000e+03,4.913136230468750000e+03
0.000000000000000000e+00,-1.000000014901161194e-01,1.244658306241035461e-01,-3.251825571060180664e-01,1.223005533218383789e+00,6.733039021492004395e-02,4.782000000000000000e+03,4.991287597656250000e+03
-2.000000029802322388e-01,0.000000000000000000e+00,-1.835555136203765869e-01,3.851103410124778748e-02,1.245494723320007324e+00,5.642401799559593201e-02,4.951000000000000000e+03,4.956567382812500000e+03
1.366542428731918335e-01,1.282061040401458740e-01,1.210034117102622986e-01,2.435718029737472534e-01,4.548777639865875244e-01,1.281689256429672241e-01,1.091000000000000000e+03,1.161413208007812500e+03
1.366542428731918335e-01,-8.165807463228702545e-03,-1.528179645538330078e-01,-1.811523735523223877e-01,9.244021773338317871e-01,1.138771995902061462e-01,2.850000000000000000e+03,3.217998779296875000e+03
2.872454822063446045e-01,-7.041443139314651489e-02,2.261050641536712646e-01,3.471507132053375244e-02,1.208100795745849609e+00,5.439677461981773376e-02,3.837000000000000000e+03,3.875659667968750000e+03
-2.000000029802322388e-01,1.255576610565185547e-01,4.539128765463829041e-02,2.136036604642868042e-01,9.547145962715148926e-01,5.991583317518234253e-02,4.068000000000000000e+03,4.366277832031250000e+03
9.482004493474960327e-02,0.000000000000000000e+00,-1.018434241414070129e-01,-3.359938561916351318e-01,1.128389120101928711e+00,7.018154859542846680e-02,3.430000000000000000e+03,3.826880126953125000e+03
-1.500000059604644775e-01,1.700402945280075073e-01,7.507733255624771118e-02,3.788594305515289307e-01,1.025215387344360352e+00,6.468992680311203003e-02,4.100000000000000000e+03,4.460789550781250000e+03
2.514390051364898682e-01,1.764043420553207397e-01,2.625391781330108643e-01,2.263212809339165688e-03,1.174585700035095215e+00,5.251924693584442139e-02,4.186000000000000000e+03,4.278058593750000000e+03
-1.696730405092239380e-01,4.183419048786163330e-02,-2.435418069362640381e-01,1.022853925824165344e-01,1.285263538360595703e+00,6.185583025217056274e-02,5.401000000000000000e+03,5.430862792968750000e+03
1.270009279251098633e-01,-1.178191304206848145e-01,1.992222294211387634e-02,-3.944961726665496826e-01,1.139304876327514648e+00,6.140749529004096985e-02,4.797000000000000000e+03,5.116792968750000000e+03
0.000000000000000000e+00,9.482004493474960327e-02,5.052546858787536621e-01,2.654223740100860596e-01,1.241734147071838379e+00,5.696218460798263550e-02,4.825000000000000000e+03,5.681947265625000000e+03
3.221365213394165039e-01,1.366542428731918335e-01,1.209480017423629761e-01,4.784023761749267578e-01,1.169772386550903320e+00,5.707085877656936646e-02,4.742000000000000000e+03,5.273524902343750000e+03
1.366542428731918335e-01,3.221365213394165039e-01,2.357490658760070801e-01,1.245114207267761230e-01,9.938868284225463867e-01,6.668681651353836060e-02,3.670000000000000000e+03,3.849321044921875000e+03
9.482004493474960327e-02,0.000000000000000000e+00,5.422973632812500000e-01,2.325514256954193115e-01,1.244153499603271484e+00,5.885456502437591553e-02,5.032000000000000000e+03,5.830547851562500000e+03
9.482004493474960327e-02,5.000000074505805969e-02,2.313128858804702759e-01,7.598598487675189972e-03,1.162760496139526367e+00,6.309849768877029419e-02,4.150000000000000000e+03,4.212367675781250000e+03
2.958556823432445526e-02,-5.000000074505805969e-02,-4.582269787788391113e-01,-2.409002035856246948e-01,8.981831073760986328e-01,8.305056393146514893e-02,3.383000000000000000e+03,4.462451171875000000e+03
2.056531310081481934e-01,-1.631237119436264038e-01,7.834059000015258789e-02,-9.162270277738571167e-02,7.732262015342712402e-01,5.792829394340515137e-02,3.116000000000000000e+03,3.226301025390625000e+03
-5.000000074505805969e-02,3.562291860580444336e-01,2.475828379392623901e-01,3.721538186073303223e-01,1.161847829818725586e+00,5.846182256937026978e-02,4.815000000000000000e+03,5.127208496093750000e+03
1.764043420553207397e-01,-1.500000059604644775e-01,6.050475835800170898e-01,-4.355718791484832764e-01,1.176384091377258301e+00,7.371574640274047852e-02,4.761000000000000000e+03,5.638769042968750000e+03
1.282061040401458740e-01,1.366542428731918335e-01,2.609571814537048340e-01,1.959371417760848999e-01,1.273784399032592773e+00,5.626231431961059570e-02,4.688000000000000000e+03,4.748683593750000000e+03
-2.000000029802322388e-01,1.366542428731918335e-01,-8.801469951868057251e-02,-8.631706982851028442e-02,1.127025485038757324e+00,1.033156961202621460e-01,2.189000000000000000e+03,2.294862060546875000e+03
3.665424138307571411e-02,5.784529447555541992e-01,1.049474626779556274e-01,5.381204485893249512e-01,4.112345576286315918e-01,1.678210198879241943e-01,9.760000000000000000e+02,1.011975402832031250e+03
-5.000000074505805969e-02,2.145627290010452271e-01,3.523825407028198242e-01,1.720168292522430420e-01,1.273561477661132812e+00,5.442471429705619812e-02,4.698000000000000000e+03,5.160656250000000000e+03
-1.000000014901161194e-01,1.764043420553207397e-01,2.228588908910751343e-01,1.227462366223335266e-01,9.546291232109069824e-01,6.087551265954971313e-02,3.620000000000000000e+03,4.033912597656250000e+03
-3.499999940395355225e-01,2.514390051364898682e-01,-4.868586063385009766e-01,4.826016351580619812e-02,7.889330387115478516e-01,7.256136089563369751e-02,3.481000000000000000e+03,3.809938720703125000e+03
4.223684668540954590e-01,-1.590733230113983154e-02,2.525519765913486481e-02,1.987098753452301025e-01,1.076974868774414062e+00,7.167242467403411865e-02,3.631000000000000000e+03,4.245248535156250000e+03
2.872454822063446045e-01,2.514390051364898682e-01,1.807315796613693237e-01,1.190802454948425293e-01,6.825252175331115723e-01,5.516677722334861755e-02,2.567000000000000000e+03,2.723593505859375000e+03
-1.000000014901161194e-01,6.672313809394836426e-01,-3.815567865967750549e-02,5.912653803825378418e-01,9.621994495391845703e-01,5.734281614422798157e-02,3.025000000000000000e+03,3.056421386718750000e+03
-2.500000000000000000e-01,-5.000000074505805969e-02,-5.092492103576660156e-01,2.950935391709208488e-03,1.101740598678588867e+00,6.452453881502151489e-02,3.916000000000000000e+03,4.138282226562500000e+03
-4.692623913288116455e-01,-5.000000074505805969e-02,-2.817027866840362549e-01,2.435932606458663940e-01,9.547769427299499512e-01,7.245263457298278809e-02,3.161000000000000000e+03,3.569155761718750000e+03
-1.618416309356689453e-01,-6.510896980762481689e-02,-2.543402612209320068e-01,1.666121780872344971e-01,1.225841283798217773e+00,5.625525116920471191e-02,5.469000000000000000e+03,5.693270019531250000e+03
9.482004493474960327e-02,-1.024989411234855652e-02,1.787772178649902344e-01,-9.907011687755584717e-02,1.104139208793640137e+00,6.418705731630325317e-02,3.724000000000000000e+03,3.769613281250000000e+03
4.223684668540954590e-01,8.409266918897628784e-02,3.133413195610046387e-01,-3.609936237335205078e-01,1.104976058006286621e+00,5.610358715057373047e-02,4.468000000000000000e+03,5.209792480468750000e+03
-3.000000119209289551e-01,-5.000000074505805969e-02,-4.919060170650482178e-01,-3.440457880496978760e-01,1.041082024574279785e+00,5.984932184219360352e-02,4.109000000000000000e+03,4.564090820312500000e+03
-1.000000014901161194e-01,3.221365213394165039e-01,-1.247944086790084839e-01,2.984311282634735107e-01,8.648094534873962402e-01,5.379640683531761169e-02,3.666000000000000000e+03,3.671735351562500000e+03
-1.196730434894561768e-01,9.482004493474960327e-02,1.921695172786712646e-01,-2.193858623504638672e-01,1.225380659103393555e+00,5.377979576587677002e-02,5.022000000000000000e+03,5.657979003906250000e+03
0.000000000000000000e+00,2.457427233457565308e-01,2.808465361595153809e-01,5.489978790283203125e-01,1.076196551322937012e+00,6.644836813211441040e-02,3.371000000000000000e+03,3.852058349609375000e+03
9.482004493474960327e-02,-2.131237089633941650e-01,2.154494673013687134e-01,-2.770947515964508057e-01,1.250388264656066895e+00,5.545683577656745911e-02,4.940000000000000000e+03,4.998826660156250000e+03
1.563483923673629761e-01,-4.499999880790710449e-01,1.721832156181335449e-01,-5.715131163597106934e-01,5.410694479942321777e-01,8.919900655746459961e-02,1.588000000000000000e+03,1.668413208007812500e+03
-2.000000029802322388e-01,-2.000000029802322388e-01,4.421919286251068115e-01,-1.752102822065353394e-01,1.150334477424621582e+00,6.655867397785186768e-02,4.179000000000000000e+03,5.405687988281250000e+03
3.165905550122261047e-02,-2.000000029802322388e-01,6.143956780433654785e-01,-5.313397049903869629e-01,1.193514823913574219e+00,6.945462524890899658e-02,4.009000000000000000e+03,5.199741699218750000e+03
-3.000000119209289551e-01,-2.000000029802322388e-01,-9.832615405321121216e-02,-1.825315803289413452e-01,1.095736861228942871e+00,6.037456542253494263e-02,4.292000000000000000e+03,4.436942382812500000e+03
-5.000000074505805969e-02,-6.510896980762481689e-02,-1.200012713670730591e-01,-3.277347683906555176e-01,1.170941114425659180e+00,6.239916756749153137e-02,4.853000000000000000e+03,5.111403808593750000e+03
1.366542428731918335e-01,-1.500000059604644775e-01,1.897676140069961548e-01,-1.372761279344558716e-01,1.093871116638183594e+00,6.512771546840667725e-02,4.088000000000000000e+03,4.098265136718750000e+03
-3.000000119209289551e-01,1.316963285207748413e-01,-5.454355105757713318e-02,-9.616293758153915405e-02,1.062597393989562988e+00,5.884533748030662537e-02,4.129000000000000000e+03,4.530633300781250000e+03
5.000000074505805969e-02,1.764043420553207397e-01,-1.770851202309131622e-02,3.178486824035644531e-01,7.223718762397766113e-01,7.019975781440734863e-02,2.594000000000000000e+03,2.714970947265625000e+03
-1.102498918771743774e-01,-4.499999880790710449e-01,-9.076847881078720093e-02,-4.713655412197113037e-01,7.852594852447509766e-01,7.196575403213500977e-02,2.687000000000000000e+03,2.690687500000000000e+03
-4.000000059604644775e-01,-2.500000000000000000e-01,-4.559981822967529297e-01,-2.039311677217483521e-01,9.614531397819519043e-01,5.983369424939155579e-02,3.884000000000000000e+03,3.906065185546875000e+03
3.275320306420326233e-02,2.514390051364898682e-01,-9.705572575330734253e-02,5.984528660774230957e-01,1.190341234207153320e+00,6.052581220865249634e-02,4.987000000000000000e+03,5.460208007812500000e+03
1.764043420553207397e-01,5.000000074505805969e-02,2.828161232173442841e-02,2.011862844228744507e-01,8.802328109741210938e-01,1.192671135067939758e-01,2.032000000000000000e+03,2.147903564453125000e+03
9.183419495820999146e-02,-1.102498918771743774e-01,3.165102303028106689e-01,-1.050541847944259644e-01,1.267083764076232910e+00,5.960526317358016968e-02,5.443000000000000000e+03,5.612931640625000000e+03
2.817659676074981689e-01,1.764043420553207397e-01,1.292733401060104370e-01,1.969442963600158691e-01,1.000210165977478027e+00,6.595859676599502563e-02,3.613000000000000000e+03,3.698245605468750000e+03
5.000000074505805969e-02,5.000000074505805969e-02,1.823857426643371582e-01,-1.704814881086349487e-01,1.095650911331176758e+00,7.660935074090957642e-02,3.213000000000000000e+03,3.387507080078125000e+03
9.482004493474960327e-02,2.514390051364898682e-01,3.290440440177917480e-01,3.785861283540725708e-02,1.255253672599792480e+00,5.371948704123497009e-02,4.954000000000000000e+03,5.264887207031250000e+03
-4.000000059604644775e-01,2.872454822063446045e-01,-4.810293316841125488e-01,2.080475986003875732e-01,1.131920218467712402e+00,5.618318542838096619e-02,4.871000000000000000e+03,4.919577148437500000e+03
2.145627290010452271e-01,1.764043420553207397e-01,2.095195651054382324e-01,-1.249455884099006653e-01,1.091026544570922852e+00,6.459979712963104248e-02,3.613000000000000000e+03,3.883875732421875000e+03
3.896152675151824951e-01,-5.000000074505805969e-02,5.295183658599853516e-01,-1.098077371716499329e-01,5.352227091789245605e-01,1.131585091352462769e-01,2.031000000000000000e+03,2.192224121093750000e+03
-2.000000029802322388e-01,-5.000000074505805969e-02,-5.557070374488830566e-01,1.619240492582321167e-01,1.212393403053283691e+00,6.490277498960494995e-02,4.722000000000000000e+03,5.257642578125000000e+03
-2.000000029802322388e-01,-5.000000074505805969e-02,2.091488093137741089e-01,-2.932859659194946289e-01,1.261424899101257324e+00,7.307905703783035278e-02,4.584000000000000000e+03,5.216008789062500000e+03
9.482004493474960327e-02,2.514390051364898682e-01,8.993595093488693237e-02,3.629206120967864990e-01,8.471903204917907715e-01,6.906375288963317871e-02,3.636000000000000000e+03,3.698833251953125000e+03
0.000000000000000000e+00,2.514390051364898682e-01,1.439157500863075256e-02,2.580455839633941650e-01,1.234275102615356445e+00,5.772264674305915833e-02,4.649000000000000000e+03,4.649786132812500000e+03
2.145627290010452271e-01,2.514390051364898682e-01,1.144570335745811462e-01,4.001037478446960449e-01,6.085609793663024902e-01,6.839708983898162842e-02,2.191000000000000000e+03,2.377355224609375000e+03
2.514390051364898682e-01,-5.816580727696418762e-02,6.261684894561767578e-01,-1.477198004722595215e-01,1.256589293479919434e+00,5.620447546243667603e-02,5.155000000000000000e+03,5.630101562500000000e+03
-2.131237089633941650e-01,-5.000000074505805969e-02,-8.865898102521896362e-02,2.858518436551094055e-02,1.270456552505493164e+00,5.969721451401710510e-02,4.984000000000000000e+03,5.050884277343750000e+03
-2.500000000000000000e-01,4.223684668540954590e-01,-2.302491813898086548e-01,4.710303246974945068e-01,1.079363107681274414e+00,5.369582027196884155e-02,3.946000000000000000e+03,3.955320312500000000e+03
2.145627290010452271e-01,9.482004493474960327e-02,1.952025145292282104e-01,2.405302971601486206e-01,6.162015199661254883e-01,6.430863589048385620e-02,2.157000000000000000e+03,2.278249511718750000e+03
0.000000000000000000e+00,-2.000000029802322388e-01,-3.201159462332725525e-02,-1.365165561437606812e-01,5.698826909065246582e-01,7.174032181501388550e-02,1.941000000000000000e+03,1.971169067382812500e+03
-3.499999940395355225e-01,4.482004791498184204e-02,-3.508304953575134277e-01,2.109284512698650360e-02,8.689732551574707031e-01,6.091088429093360901e-02,2.952000000000000000e+03,2.954235351562500000e+03
-1.500000059604644775e-01,9.482004493474960327e-02,2.566926479339599609e-01,2.235394865274429321e-01,1.210459351539611816e+00,6.025886163115501404e-02,4.667000000000000000e+03,5.230944335937500000e+03
1.764043420553207397e-01,1.764043420553207397e-01,-8.141181617975234985e-02,-3.303927183151245117e-01,1.226645588874816895e+00,5.688211694359779358e-02,4.933000000000000000e+03,5.946392089843750000e+03
5.000000074505805969e-02,-3.000000119209289551e-01,8.764351904392242432e-02,-9.652920067310333252e-02,1.129754543304443359e+00,6.749419867992401123e-02,4.003000000000000000e+03,4.136581542968750000e+03
0.000000000000000000e+00,-1.000000014901161194e-01,1.045643314719200134e-01,-2.228319346904754639e-01,7.510454058647155762e-01,6.678078323602676392e-02,2.498000000000000000e+03,2.612073730468750000e+03
-2.000000029802322388e-01,-1.000000014901161194e-01,-1.094132661819458008e-01,-9.032563865184783936e-02,1.089852094650268555e+00,6.470964103937149048e-02,4.069000000000000000e+03,4.097374023437500000e+03
2.872454822063446045e-01,9.482004493474960327e-02,3.007602095603942871e-01,1.660429090261459351e-01,7.248033285140991211e-01,1.062521636486053467e-01,2.536000000000000000e+03,2.561290771484375000e+03
1.764043420553207397e-01,2.132806330919265747e-01,8.728378266096115112e-02,4.757238626480102539e-01,1.134381175041198730e+00,5.732453241944313049e-02,4.695000000000000000e+03,4.970673828125000000e+03
-1.500000059604644775e-01,9.482004493474960327e-02,9.647736698389053345e-02,5.452756881713867188e-01,1.264416456222534180e+00,6.188062950968742371e-02,5.342000000000000000e+03,6.192944824218750000e+03
-4.000000059604644775e-01,-6.590732932090759277e-02,-4.289658665657043457e-01,1.520266532897949219e-01,7.046212553977966309e-01,8.468836545944213867e-02,2.273000000000000000e+03,2.489577148437500000e+03
4.482004791498184204e-02,4.482004791498184204e-02,-7.746619731187820435e-02,2.084496915340423584e-01,1.092950582504272461e+00,6.507821381092071533e-02,3.832000000000000000e+03,3.964505371093750000e+03
-3.000000119209289551e-01,-1.000000014901161194e-01,-2.535974681377410889e-01,-2.683128118515014648e-01,1.227500319480895996e+00,5.864005908370018005e-02,4.809000000000000000e+03,4.905910644531250000e+03
2.514390051364898682e-01,5.000000074505805969e-02,2.104931771755218506e-01,2.084078639745712280e-01,7.427760362625122070e-01,8.488189429044723511e-02,2.493000000000000000e+03,2.612324462890625000e+03
2.514390051364898682e-01,-5.000000074505805969e-02,2.064813822507858276e-01,-3.326295614242553711e-01,1.254575967788696289e+00,6.314340233802795410e-02,4.559000000000000000e+03,4.793386230468750000e+03
-2.000000029802322388e-01,-3.151089549064636230e-01,-1.945824027061462402e-01,-4.390107095241546631e-01,1.087227225303649902e+00,7.542058825492858887e-02,4.371000000000000000e+03,4.427580078125000000e+03
-1.500000059604644775e-01,3.221365213394165039e-01,-1.287784725427627563e-01,4.304111897945404053e-01,5.046941041946411133e-01,8.953012526035308838e-02,2.012000000000000000e+03,2.107308105468750000e+03
-2.500000000000000000e-01,-3.499999940395355225e-01,-1.958896592259407043e-02,-5.125280618667602539e-01,1.013601183891296387e+00,6.891000270843505859e-02,3.682000000000000000e+03,3.961738037109375000e+03
-5.000000074505805969e-02,2.514390051364898682e-01,-1.701581105589866638e-02,4.310619533061981201e-01,7.462099194526672363e-01,6.740701198577880859e-02,2.907000000000000000e+03,3.078510498046875000e+03
-1.131237149238586426e-01,-4.499999880790710449e-01,1.092868223786354065e-01,-4.417494237422943115e-01,7.653906345367431641e-01,9.977979958057403564e-02,2.085000000000000000e+03,2.257835693359375000e+03
1.366542428731918335e-01,-5.000000074505805969e-02,-3.654486685991287231e-02,1.818163990974426270e-01,1.243402123451232910e+00,6.617523729801177979e-02,4.392000000000000000e+03,4.627022460937500000e+03
-3.000000119209289551e-01,-3.000000119209289551e-01,-1.952152550220489502e-01,-4.459811151027679443e-01,8.476825356483459473e-01,7.869148254394531250e-02,3.067000000000000000e+03,3.203397216796875000e+03
0.000000000000000000e+00,-1.419351249933242798e-02,-2.147322148084640503e-01,1.096247658133506775e-01,8.251880407333374023e-01,8.759994059801101685e-02,2.392000000000000000e+03,2.603382080078125000e+03
-5.000000000000000000e-01,-2.210686355829238892e-01,-4.833590388298034668e-01,-4.119694530963897705e-01,5.133689641952514648e-01,1.524704396724700928e-01,1.218000000000000000e+03,1.382733276367187500e+03
1.764043420553207397e-01,3.896152675151824951e-01,2.585403025150299072e-01,6.334407925605773926e-01,1.167857408523559570e+00,5.885084718465805054e-02,4.456000000000000000e+03,4.669280761718750000e+03
2.145627290010452271e-01,-2.000000029802322388e-01,2.879179716110229492e-01,-1.286280900239944458e-01,1.058923125267028809e+00,6.405372917652130127e-02,4.313000000000000000e+03,4.353402343750000000e+03
-1.618416309356689453e-01,2.145627290010452271e-01,1.058688014745712280e-01,-8.931932598352432251e-02,1.254894614219665527e+00,6.039972975850105286e-02,5.627000000000000000e+03,6.199583007812500000e+03
-1.312371436506509781e-02,-3.499999940395355225e-01,-2.934204638004302979e-01,-2.380403876304626465e-01,1.081089019775390625e+00,8.191882818937301636e-02,3.721000000000000000e+03,4.006205566406250000e+03
2.145627290010452271e-01,-2.641935050487518311e-01,2.629994153976440430e-01,-3.729631900787353516e-01,6.015123724937438965e-01,9.485812485218048096e-02,1.818000000000000000e+03,1.888523071289062500e+03
-1.500000059604644775e-01,1.724607348442077637e-01,3.407323658466339111e-01,9.876108914613723755e-02,1.289399027824401855e+00,5.420910194516181946e-02,4.960000000000000000e+03,5.670523437500000000e+03
-1.000000014901161194e-01,5.000000074505805969e-02,-1.382481902837753296e-01,4.311640933156013489e-02,1.240663528442382812e+00,5.769985541701316833e-02,3.745000000000000000e+03,3.748722412109375000e+03
1.688351184129714966e-01,5.000000074505805969e-02,2.185790538787841797e-01,-3.026055991649627686e-01,1.251312732696533203e+00,6.042486801743507385e-02,5.570000000000000000e+03,6.012155761718750000e+03
-5.000000074505805969e-02,9.482004493474960327e-02,3.071725368499755859e-01,-8.951855450868606567e-02,1.079844117164611816e+00,6.491967290639877319e-02,4.014000000000000000e+03,4.552724121093750000e+03
-1.159073337912559509e-01,-3.499999940395355225e-01,-3.379085063934326172e-01,-4.417039752006530762e-01,9.579515457153320312e-01,8.144073188304901123e-02,2.894000000000000000e+03,3.073064941406250000e+03
9.482004493474960327e-02,1.764043420553207397e-01,-4.285248368978500366e-02,-4.327198266983032227e-01,1.143415927886962891e+00,5.382376536726951599e-02,4.019000000000000000e+03,5.149177246093750000e+03
2.514390051364898682e-01,2.872454822063446045e-01,3.450481891632080078e-01,3.035456538200378418e-01,5.999128818511962891e-01,1.181936487555503845e-01,1.802000000000000000e+03,1.846908569335937500e+03
-2.500000000000000000e-01,-4.000000059604644775e-01,-3.808839321136474609e-01,-1.611444056034088135e-01,8.627861142158508301e-01,7.008387893438339233e-02,3.205000000000000000e+03,3.516754638671875000e+03
3.221365213394165039e-01,-6.419350951910018921e-02,1.674410253763198853e-01,6.188901886343955994e-02,8.668573498725891113e-01,1.166554465889930725e-01,3.656000000000000000e+03,3.847775390625000000e+03
5.000000074505805969e-02,-3.000000119209289551e-01,1.993273049592971802e-01,-4.546455144882202148e-01,1.220914006233215332e+00,5.460788682103157043e-02,4.987000000000000000e+03,5.140790527343750000e+03
9.482004493474960327e-02,-2.000000029802322388e-01,-4.225356504321098328e-02,-2.158960402011871338e-01,1.175971150398254395e+00,6.340434402227401733e-02,3.679000000000000000e+03,3.729705078125000000e+03
9.482004493474960327e-02,1.764043420553207397e-01,1.581096202135086060e-01,3.408107757568359375e-01,1.130441784858703613e+00,6.737269461154937744e-02,3.470000000000000000e+03,3.553582275390625000e+03
-4.000000059604644775e-01,-2.500000000000000000e-01,-5.502899885177612305e-01,-5.886731743812561035e-01,8.655273914337158203e-01,8.045597374439239502e-02,3.303000000000000000e+03,3.885260253906250000e+03
-7.005596160888671875e-02,1.764043420553207397e-01,-5.282667279243469238e-02,-4.416877776384353638e-02,1.183663010597229004e+00,6.287618726491928101e-02,5.014000000000000000e+03,5.187377441406250000e+03
1.764043420553207397e-01,2.872454822063446045e-01,-4.658890143036842346e-02,1.829180866479873657e-01,1.196402072906494141e+00,6.517814844846725464e-02,4.167000000000000000e+03,4.341658691406250000e+03
-2.500000000000000000e-01,-1.666139364242553711e-01,6.698219478130340576e-02,-1.681480109691619873e-01,9.532094597816467285e-01,5.849266052246093750e-02,3.372000000000000000e+03,3.735129638671875000e+03
1.366542428731918335e-01,-2.500000000000000000e-01,-2.630713162943720818e-03,-5.087655782699584961e-01,7.923824787139892578e-01,6.015317887067794800e-02,3.333000000000000000e+03,3.776890136718750000e+03
-6.312371790409088135e-02,-2.500000000000000000e-01,1.289364546537399292e-01,-1.970084756612777710e-01,6.631572842597961426e-01,6.898850947618484497e-02,2.096000000000000000e+03,2.281224365234375000e+03
1.366542428731918335e-01,9.482004493474960327e-02,-5.288246087729930878e-03,4.687269628047943115e-01,1.160564064979553223e+00,7.087200880050659180e-02,4.345000000000000000e+03,4.847753417968750000e+03
-5.000000074505805969e-02,-4.207512140274047852e-01,-3.513159230351448059e-02,-5.193662047386169434e-01,9.728694558143615723e-01,6.303002685308456421e-02,3.930000000000000000e+03,3.971234375000000000e+03
-2.500000000000000000e-01,-3.000000119209289551e-01,2.091932892799377441e-01,-3.256084918975830078e-01,1.142368435859680176e+00,6.145397946238517761e-02,4.627000000000000000e+03,5.350277832031250000e+03
-1.102498918771743774e-01,-5.000000074505805969e-02,-5.727855116128921509e-02,1.131002008914947510e-01,1.119978547096252441e+00,6.607309728860855103e-02,3.309000000000000000e+03,3.385996093750000000e+03
-2.641935050487518311e-01,9.482004493474960327e-02,1.390378624200820923e-01,-1.099449694156646729e-01,1.013488411903381348e+00,6.320594251155853271e-02,4.295000000000000000e+03,5.113900390625000000e+03
1.764043420553207397e-01,5.000000074505805969e-02,2.438284605741500854e-01,3.575777709484100342e-01,1.268530011177062988e+00,5.745444819331169128e-02,4.545000000000000000e+03,4.820943359375000000e+03
2.145627290010452271e-01,-1.500000059604644775e-01,-6.235260516405105591e-02,-2.012300938367843628e-01,1.251802921295166016e+00,5.369726195931434631e-02,5.242000000000000000e+03,5.504762207031250000e+03
9.482004493474960327e-02,2.872454822063446045e-01,9.801616519689559937e-02,-1.543406099081039429e-01,1.128454089164733887e+00,7.139217108488082886e-02,3.938000000000000000e+03,4.521787109375000000e+03
9.482004493474960327e-02,-2.000000029802322388e-01,4.537050127983093262e-01,-1.201243177056312561e-01,9.523903727531433105e-01,6.507929414510726929e-02,3.482000000000000000e+03,3.984618652343750000e+03
-3.499999940395355225e-01,2.514390051364898682e-01,-3.384225070476531982e-01,4.927089512348175049e-01,9.649085998535156250e-01,5.747001618146896362e-02,3.039000000000000000e+03,3.227036865234375000e+03
2.145627290010452271e-01,-1.312371436506509781e-02,5.546911433339118958e-02,-3.768396750092506409e-02,7.527019381523132324e-01,6.272969394922256470e-02,2.716000000000000000e+03,2.838725830078125000e+03
-1.618416309356689453e-01,-1.000000014901161194e-01,-3.518608808517456055e-01,1.797599494457244873e-01,1.103103160858154297e+00,5.859784409403800964e-02,4.759000000000000000e+03,5.197604492187500000e+03
-2.500000000000000000e-01,0.000000000000000000e+00,-2.197655737400054932e-01,-3.122804164886474609e-01,1.246903419494628906e+00,5.491403490304946899e-02,4.962000000000000000e+03,5.271929199218750000e+03
2.514390051364898682e-01,-1.000000014901161194e-01,8.111748099327087402e-01,-3.172459602355957031e-01,1.238145232200622559e+00,5.063490197062492371e-02,4.511000000000000000e+03,5.520893554687500000e+03
3.562291860580444336e-01,4.545493423938751221e-01,1.802641004323959351e-01,5.080845952033996582e-01,9.958409667015075684e-01,5.844393372535705566e-02,4.187000000000000000e+03,4.328396484375000000e+03
0.000000000000000000e+00,-2.000000029802322388e-01,3.511236310005187988e-01,-2.628156840801239014e-01,1.272151827812194824e+00,5.872308462858200073e-02,4.633000000000000000e+03,4.991246093750000000e+03
-1.141935139894485474e-01,2.514390051364898682e-01,-1.086384505033493042e-01,3.340465724468231201e-01,1.151060819625854492e+00,7.073964178562164307e-02,4.490000000000000000e+03,4.513161621093750000e+03
2.872454822063446045e-01,-1.000000014901161194e-01,1.798446178436279297e-01,2.755292057991027832e-01,1.218783974647521973e+00,5.414412543177604675e-02,4.789000000000000000e+03,5.270380371093750000e+03
2.441482841968536377e-01,5.000000074505805969e-02,-1.454059779644012451e-01,-2.718065083026885986e-01,1.278988599777221680e+00,6.154780089855194092e-02,5.365000000000000000e+03,6.175565917968750000e+03
-5.816580727696418762e-02,1.366542428731918335e-01,-9.993457049131393433e-02,5.800064802169799805e-01,1.263360977172851562e+00,5.292547494173049927e-02,4.929000000000000000e+03,5.524603515625000000e+03
1.366542428731918335e-01,5.000000074505805969e-02,2.620549499988555908e-01,5.076734423637390137e-01,1.065717339515686035e+00,6.091316044330596924e-02,4.171000000000000000e+03,4.963296875000000000e+03
2.145627290010452271e-01,2.872454822063446045e-01,-5.573282390832901001e-02,7.681658864021301270e-02,1.164456725120544434e+00,7.330521196126937866e-02,4.588000000000000000e+03,4.976567382812500000e+03
2.145627290010452271e-01,2.514390051364898682e-01,1.579110920429229736e-01,7.445348501205444336e-01,1.145578265190124512e+00,7.395464181900024414e-02,3.961000000000000000e+03,4.675093261718750000e+03
9.482004493474960327e-02,-2.500000000000000000e-01,1.169020030647516251e-02,-3.454832732677459717e-01,1.270692944526672363e+00,6.286748498678207397e-02,4.984000000000000000e+03,5.033194824218750000e+03
-5.000000000000000000e-01,5.000000074505805969e-02,-6.021552681922912598e-01,-1.190930828452110291e-01,1.001948475837707520e+00,6.214801967144012451e-02,4.007000000000000000e+03,4.161565917968750000e+03
-5.000000074505805969e-02,-2.500000000000000000e-01,1.929876655340194702e-01,-1.606365852057933807e-02,1.248967409133911133e+00,6.197218224406242371e-02,4.740000000000000000e+03,5.079851074218750000e+03
-2.000000029802322388e-01,1.764043420553207397e-01,1.946400552988052368e-01,1.852274537086486816e-01,1.122092127799987793e+00,5.187484622001647949e-02,4.889000000000000000e+03,5.477455078125000000e+03
1.316963285207748413e-01,-5.000000074505805969e-02,4.447634220123291016e-01,-3.872931003570556641e-01,1.211436510086059570e+00,5.661967396736145020e-02,5.069000000000000000e+03,5.778674804687500000e+03
5.000000074505805969e-02,-1.000000014901161194e-01,3.631798177957534790e-02,6.018747016787528992e-02,1.180345773696899414e+00,5.561642721295356750e-02,4.472000000000000000e+03,4.554286132812500000e+03
-1.500000059604644775e-01,-5.000000074505805969e-02,-3.816140592098236084e-01,-4.917618930339813232e-01,1.251141548156738281e+00,5.912895873188972473e-02,4.761000000000000000e+03,5.491290527343750000e+03
1.366542428731918335e-01,9.482004493474960327e-02,1.879678368568420410e-01,-1.025912445038557053e-02,5.141962766647338867e-01,6.331831961870193481e-02,1.405000000000000000e+03,1.476869995117187500e+03
-5.000000074505805969e-02,-6.184162572026252747e-02,1.891062706708908081e-01,-5.315744876861572266e-02,1.009838461875915527e+00,6.236836686730384827e-02,3.589000000000000000e+03,3.787805419921875000e+03
2.145627290010452271e-01,2.514390051364898682e-01,7.529227137565612793e-01,1.732964962720870972e-01,1.142611980438232422e+00,5.321926623582839966e-02,4.314000000000000000e+03,5.247800292968750000e+03
-1.666139364242553711e-01,-6.499999761581420898e-01,-3.694815337657928467e-01,-4.644263386726379395e-01,6.412820219993591309e-01,1.232729181647300720e-01,2.417000000000000000e+03,2.844670654296875000e+03
2.145627290010452271e-01,5.000000074505805969e-02,3.236024975776672363e-01,3.256576657295227051e-01,1.262266635894775391e+00,5.699080228805541992e-02,5.020000000000000000e+03,5.292650390625000000e+03
3.221365213394165039e-01,-1.000000014901161194e-01,1.583724617958068848e-01,3.333054780960083008e-01,1.245691418647766113e+00,5.307141318917274475e-02,4.715000000000000000e+03,5.347806152343750000e+03
3.896152675151824951e-01,2.486553937196731567e-01,3.819212317466735840e-01,4.491506218910217285e-01,9.415767192840576172e-01,5.319464206695556641e-02,3.879000000000000000e+03,4.053351562500000000e+03
0.000000000000000000e+00,-1.500000059604644775e-01,-4.729677364230155945e-02,-1.902830153703689575e-01,1.025348305702209473e+00,6.219178065657615662e-02,4.016000000000000000e+03,4.030794433593750000e+03
-1.102498918771743774e-01,2.145627290010452271e-01,-2.515210397541522980e-02,4.952696710824966431e-02,1.253153920173645020e+00,5.529164895415306091e-02,4.586000000000000000e+03,4.686136718750000000e+03
8.366124629974365234e-01,-7.854372859001159668e-01,8.210017681121826172e-01,-8.562135100364685059e-01,3.891527056694030762e-01,1.630208045244216919e-01,1.406000000000000000e+03,1.454331909179687500e+03
1.764043420553207397e-01,-5.000000074505805969e-02,1.111930385231971741e-01,-2.474057488143444061e-02,1.147892475128173828e+00,6.085061281919479370e-02,4.891000000000000000e+03,4.909017578125000000e+03
-1.500000059604644775e-01,-1.000000014901161194e-01,-8.453470468521118164e-01,-1.129557415843009949e-01,1.261432886123657227e+00,5.551021918654441833e-02,4.969000000000000000e+03,6.393759765625000000e+03
5.000000074505805969e-02,1.764043420553207397e-01,1.315232813358306885e-01,4.876527190208435059e-01,1.276301622390747070e+00,5.602767318487167358e-02,5.764000000000000000e+03,6.124022460937500000e+03
8.073761314153671265e-02,2.872454822063446045e-01,9.242406487464904785e-02,2.666144073009490967e-01,1.263593435287475586e+00,5.455974861979484558e-02,4.646000000000000000e+03,4.647678222656250000e+03
-2.683409452438354492e-01,-5.178191065788269043e-01,1.505299285054206848e-02,-4.273525476455688477e-01,9.192594289779663086e-01,5.787120014429092407e-02,3.367000000000000000e+03,3.711011962890625000e+03
4.482004791498184204e-02,-1.000000014901161194e-01,3.303005173802375793e-02,-1.111740618944168091e-02,1.194377303123474121e+00,5.430546402931213379e-02,4.175000000000000000e+03,4.198399902343750000e+03
1.707469075918197632e-01,-4.499999880790710449e-01,1.751066297292709351e-01,-6.133315563201904297e-01,6.264803409576416016e-01,7.455363124608993530e-02,2.633000000000000000e+03,2.809338623046875000e+03
-5.500000119209289551e-01,3.687628731131553650e-02,-4.368850290775299072e-01,-1.572083085775375366e-01,1.159602999687194824e+00,5.822252109646797180e-02,3.371000000000000000e+03,3.496685058593750000e+03
5.000000074505805969e-02,3.562291860580444336e-01,-1.743766516447067261e-01,9.965316951274871826e-02,1.182286500930786133e+00,6.052799150347709656e-02,4.255000000000000000e+03,4.601683105468750000e+03
-5.000000074505805969e-02,2.872454822063446045e-01,3.763454407453536987e-02,9.143746644258499146e-02,8.420834541320800781e-01,7.751202583312988281e-02,2.566000000000000000e+03,2.730073242187500000e+03
-5.000000000000000000e-01,-3.666139543056488037e-01,-4.741594791412353516e-01,-5.509916543960571289e-01,8.838071227073669434e-01,7.335685193538665771e-02,3.451000000000000000e+03,3.602845947265625000e+03
-6.510896980762481689e-02,-4.000000059604644775e-01,4.463139176368713379e-02,-3.899292945861816406e-01,1.006188035011291504e+00,6.276247650384902954e-02,3.248000000000000000e+03,3.286677978515625000e+03
1.260000616312026978e-01,-2.000000029802322388e-01,1.298401504755020142e-01,-3.721139729022979736e-01,1.278264284133911133e+00,5.561876669526100159e-02,4.886000000000000000e+03,4.974518554687500000e+03
-8.037050813436508179e-02,6.672313809394836426e-01,1.410807520151138306e-01,7.467829585075378418e-01,5.641179680824279785e-01,7.246696203947067261e-02,1.711000000000000000e+03,1.998282836914062500e+03
-1.419351249933242798e-02,9.482004493474960327e-02,3.259813487529754639e-01,-2.734457552433013916e-01,1.208669424057006836e+00,5.820786580443382263e-02,5.076000000000000000e+03,5.918734375000000000e+03
1.707469075918197632e-01,1.764043420553207397e-01,2.569144666194915771e-01,2.589841783046722412e-01,1.005051970481872559e+00,6.818368285894393921e-02,3.699000000000000000e+03,3.750885498046875000e+03
3.562291860580444336e-01,1.366542428731918335e-01,8.729876019060611725e-03,3.325128257274627686e-01,1.123748183250427246e+00,1.585949361324310303e-01,2.961000000000000000e+03,3.323031005859375000e+03
3.896152675151824951e-01,-6.184162572026252747e-02,6.173432469367980957e-01,8.874180912971496582e-02,8.534526228904724121e-01,6.600001454353332520e-02,3.548000000000000000e+03,3.903182128906250000e+03
-2.000000029802322388e-01,-1.000000014901161194e-01,-2.462921589612960815e-01,-6.575580220669507980e-03,6.472539901733398438e-01,6.099292263388633728e-02,2.267000000000000000e+03,2.325425048828125000e+03
-6.724679470062255859e-02,-1.172467991709709167e-01,-7.710788398981094360e-02,-2.339395433664321899e-01,1.285904169082641602e+00,6.050506234169006348e-02,5.019000000000000000e+03,5.060706542968750000e+03
3.562291860580444336e-01,2.514390051364898682e-01,3.031126856803894043e-01,2.650635838508605957e-01,6.231347918510437012e-01,5.438425019383430481e-02,2.299000000000000000e+03,2.316841552734375000e+03
-5.000000074505805969e-02,-1.500000059604644775e-01,-1.857781559228897095e-01,1.691260607913136482e-03,9.667747616767883301e-01,6.894979625940322876e-02,3.420000000000000000e+03,3.569678710937500000e+03
1.764043420553207397e-01,5.000000074505805969e-02,1.683624982833862305e-01,3.242817223072052002e-01,1.248760223388671875e+00,5.223025754094123840e-02,5.053000000000000000e+03,5.293605468750000000e+03
-1.000000014901161194e-01,1.366542428731918335e-01,-2.260362505912780762e-01,3.616825342178344727e-01,1.276985406875610352e+00,5.586071312427520752e-02,4.611000000000000000e+03,4.796983886718750000e+03
1.764043420553207397e-01,1.764043420553207397e-01,7.029940932989120483e-02,-2.508656978607177734e-01,1.120215177536010742e+00,7.849560678005218506e-02,3.939000000000000000e+03,4.527387207031250000e+03
-2.500000000000000000e-01,9.482004493474960327e-02,-3.555562496185302734e-01,1.101947948336601257e-01,1.161460399627685547e+00,6.930024921894073486e-02,4.214000000000000000e+03,4.249411132812500000e+03
1.366542428731918335e-01,-5.000000074505805969e-02,3.759074807167053223e-01,1.339886188507080078e-01,8.913337588310241699e-01,6.195016577839851379e-02,3.340000000000000000e+03,3.712886474609375000e+03
5.000000074505805969e-02,9.482004493474960327e-02,3.581934869289398193e-01,-2.755770459771156311e-02,1.227732300758361816e+00,6.692345440387725830e-02,4.334000000000000000e+03,4.644741699218750000e+03
3.975010663270950317e-02,-2.183409482240676880e-01,7.570181787014007568e-02,-1.553920060396194458e-01,1.263317942619323730e+00,5.646836012601852417e-02,3.815000000000000000e+03,3.827466064453125000e+03
1.764043420553207397e-01,9.482004493474960327e-02,1.995485574007034302e-01,1.866965554654598236e-02,1.266753077507019043e+00,5.956948548555374146e-02,4.700000000000000000e+03,4.718485839843750000e+03
9.482004493474960327e-02,1.366542428731918335e-01,-2.324302792549133301e-01,1.289675086736679077e-01,1.252524495124816895e+00,5.994133651256561279e-02,4.692000000000000000e+03,5.007682128906250000e+03
3.896152675151824951e-01,-5.000000074505805969e-02,3.861753940582275391e-01,-1.379176527261734009e-01,7.432257533073425293e-01,6.036664545536041260e-02,2.569000000000000000e+03,2.605035156250000000e+03
9.482004493474960327e-02,-8.165807463228702545e-03,1.266784816980361938e-01,-9.758738428354263306e-02,1.156888842582702637e+00,6.438618898391723633e-02,4.438000000000000000e+03,4.467826171875000000e+03
-3.151089549064636230e-01,1.764043420553207397e-01,-1.938987821340560913e-01,1.904204636812210083e-01,9.699815511703491211e-01,6.707876175642013550e-02,3.144000000000000000e+03,3.193687500000000000e+03
2.514390051364898682e-01,2.145627290010452271e-01,-9.899468719959259033e-02,5.143988132476806641e-01,9.196909666061401367e-01,7.234951853752136230e-02,3.398000000000000000e+03,4.208898437500000000e+03
0.000000000000000000e+00,1.764043420553207397e-01,1.775465458631515503e-01,3.447808623313903809e-01,1.242619872093200684e+00,5.664163455367088318e-02,5.221000000000000000e+03,5.421263183593750000e+03
-3.499999940395355225e-01,-2.641935050487518311e-01,-4.633546769618988037e-01,-2.846674025058746338e-01,9.842413067817687988e-01,6.312081217765808105e-02,3.238000000000000000e+03,3.282233886718750000e+03
-8.165807463228702545e-03,-1.500000059604644775e-01,-3.850480169057846069e-02,-1.132368743419647217e-01,1.237085103988647461e+00,5.585719645023345947e-02,3.993000000000000000e+03,3.998934082031250000e+03
-1.000000014901161194e-01,-2.000000029802322388e-01,-1.195389926433563232e-01,-7.206469029188156128e-02,9.628768563270568848e-01,1.118675842881202698e-01,2.131000000000000000e+03,2.169306884765625000e+03
2.514390051364898682e-01,1.366542428731918335e-01,2.876452803611755371e-01,5.987620949745178223e-01,1.239618659019470215e+00,5.687154456973075867e-02,5.128000000000000000e+03,5.824229980468750000e+03
-1.000000014901161194e-01,5.000000074505805969e-02,-8.491923660039901733e-02,1.748401671648025513e-01,8.768618106842041016e-01,6.901445239782333374e-02,3.188000000000000000e+03,3.253202392578125000e+03
1.366542428731918335e-01,2.145627290010452271e-01,3.487980961799621582e-01,2.070057243108749390e-01,4.838101863861083984e-01,1.208236962556838989e-01,1.219000000000000000e+03,1.444583374023437500e+03
-1.500000059604644775e-01,-4.499999880790710449e-01,-3.317138552665710449e-01,-6.295497417449951172e-01,6.840274333953857422e-01,8.137942105531692505e-02,2.509000000000000000e+03,2.848339843750000000e+03
2.592686004936695099e-02,3.896152675151824951e-01,3.410551548004150391e-01,6.081191897392272949e-01,9.130650162696838379e-01,8.115786314010620117e-02,2.916000000000000000e+03,3.411146484375000000e+03
1.764043420553207397e-01,9.482004493474960327e-02,3.609070479869842529e-01,6.321611404418945312e-01,1.178632259368896484e+00,5.454024672508239746e-02,4.645000000000000000e+03,5.673272949218750000e+03
-4.499999880790710449e-01,8.062653243541717529e-02,-4.744125604629516602e-01,5.411654710769653320e-02,1.109873652458190918e+00,6.217819079756736755e-02,4.412000000000000000e+03,4.416668945312500000e+03
-5.000000074505805969e-02,-1.500000059604644775e-01,-1.098879128694534302e-01,-4.702014029026031494e-01,1.215161085128784180e+00,8.827431499958038330e-02,3.504000000000000000e+03,3.751858398437500000e+03
-3.499999940395355225e-01,2.872454822063446045e-01,1.947217881679534912e-01,3.811011314392089844e-01,1.192078590393066406e+00,5.394946411252021790e-02,5.055000000000000000e+03,6.093455078125000000e+03
-2.131237089633941650e-01,1.764043420553207397e-01,-2.151292860507965088e-01,2.611706554889678955e-01,8.268192410469055176e-01,6.730906665325164795e-02,2.646000000000000000e+03,2.673762451171875000e+03
0.000000000000000000e+00,2.514390051364898682e-01,-4.406855255365371704e-02,1.291360408067703247e-01,1.046609997749328613e+00,6.136249750852584839e-02,4.230000000000000000e+03,4.295199218750000000e+03
-5.000000074505805969e-02,5.784529447555541992e-01,-3.347290307283401489e-02,5.669225454330444336e-01,6.155325174331665039e-01,7.499150931835174561e-02,1.826000000000000000e+03,1.827932250976562500e+03
1.366542428731918335e-01,1.764043420553207397e-01,-1.735012829303741455e-01,2.495242357254028320e-01,7.660200595855712891e-01,7.087580859661102295e-02,2.645000000000000000e+03,3.085783447265625000e+03
1.764043420553207397e-01,0.000000000000000000e+00,4.415645301342010498e-01,2.434500493109226227e-02,7.652791142463684082e-01,6.455396860837936401e-02,2.877000000000000000e+03,3.216536132812500000e+03
9.821552783250808716e-03,4.223684668540954590e-01,2.974015474319458008e-01,7.711470723152160645e-01,9.104492068290710449e-01,6.729534268379211426e-02,3.129000000000000000e+03,3.861777343750000000e+03
-1.590733230113983154e-02,-5.000000074505805969e-02,2.032292783260345459e-01,-2.700384855270385742e-01,8.257239460945129395e-01,7.927051931619644165e-02,3.256000000000000000e+03,3.701479980468750000e+03
8.218087255954742432e-02,2.872454822063446045e-01,2.099758572876453400e-02,6.040341854095458984e-01,1.066179633140563965e+00,5.914431810379028320e-02,4.133000000000000000e+03,4.502887207031250000e+03
3.896152675151824951e-01,-3.000000119209289551e-01,5.881749987602233887e-01,-5.622978210449218750e-01,7.429085969924926758e-01,7.067995518445968628e-02,2.720000000000000000e+03,3.230923095703125000e+03
-5.000000074505805969e-02,-1.500000059604644775e-01,-2.086548805236816406e-01,-5.667881965637207031e-01,1.142431139945983887e+00,5.892859771847724915e-02,4.549000000000000000e+03,5.218257812500000000e+03
-1.000000014901161194e-01,-1.666139364242553711e-01,-4.522681981325149536e-02,2.930538728833198547e-02,1.109588384628295898e+00,6.555675715208053589e-02,4.055000000000000000e+03,4.190316894531250000e+03
0.000000000000000000e+00,1.748126149177551270e-01,4.233421981334686279e-01,-1.636894494295120239e-01,1.145251154899597168e+00,6.238377094268798828e-02,4.059000000000000000e+03,4.927805664062500000e+03
0.000000000000000000e+00,4.223684668540954590e-01,4.897785186767578125e-02,5.720635652542114258e-01,6.761926412582397461e-01,5.902177840471267700e-02,2.524000000000000000e+03,2.659062988281250000e+03
3.221365213394165039e-01,-2.000000029802322388e-01,-1.671363860368728638e-01,-2.231608182191848755e-01,9.498276114463806152e-01,7.432617247104644775e-02,3.576000000000000000e+03,4.479202636718750000e+03
2.122108340263366699e-01,2.872454822063446045e-01,3.747577965259552002e-01,7.776511907577514648e-01,1.187463164329528809e+00,5.389264971017837524e-02,4.939000000000000000e+03,5.836085449218750000e+03
1.764043420553207397e-01,-1.000000014901161194e-01,1.845306833274662495e-03,-5.892027616500854492e-01,1.025194168090820312e+00,7.640719413757324219e-02,3.590000000000000000e+03,4.466341308593750000e+03
-1.000000014901161194e-01,2.145627290010452271e-01,2.639567852020263672e-01,9.419253328815102577e-04,7.985349297523498535e-01,1.001260131597518921e-01,1.980000000000000000e+03,2.503507812500000000e+03
1.724607348442077637e-01,-1.618416309356689453e-01,3.762925863265991211e-01,-7.488376647233963013e-02,8.962734937667846680e-01,7.367186993360519409e-02,2.802000000000000000e+03,2.970508056640625000e+03
-2.000000029802322388e-01,-2.000000029802322388e-01,-1.238552704453468323e-01,1.083619743585586548e-01,9.744346141815185547e-01,6.282115727663040161e-02,3.322000000000000000e+03,3.666975830078125000e+03
-3.499999940395355225e-01,-5.000000074505805969e-02,-2.973283827304840088e-01,-2.864517644047737122e-02,1.111590027809143066e+00,5.621393397450447083e-02,3.896000000000000000e+03,3.906179931640625000e+03
5.000000074505805969e-02,-2.500000000000000000e-01,1.601645201444625854e-01,-4.040986895561218262e-01,9.989222884178161621e-01,5.210155248641967773e-02,3.793000000000000000e+03,3.928049804687500000e+03
1.366542428731918335e-01,2.514390051364898682e-01,5.518248677253723145e-02,2.172591984272003174e-01,1.210906505584716797e+00,6.618021428585052490e-02,4.249000000000000000e+03,4.271541503906250000e+03
-1.000000014901161194e-01,2.097904086112976074e-01,-2.171986252069473267e-01,1.303776800632476807e-01,7.990669012069702148e-01,6.579765677452087402e-02,3.218000000000000000e+03,3.318466796875000000e+03
-1.102498918771743774e-01,1.366542428731918335e-01,4.682040214538574219e-02,4.675820097327232361e-02,1.158460378646850586e+00,2.420639097690582275e-01,2.097000000000000000e+03,2.147857910156250000e+03
1.366542428731918335e-01,2.514390051364898682e-01,5.958722438663244247e-03,1.221172809600830078e-01,1.229544401168823242e+00,5.886749178171157837e-02,4.635000000000000000e+03,4.738395019531250000e+03
-1.500000059604644775e-01,0.000000000000000000e+00,-4.036020487546920776e-02,-1.310079358518123627e-02,1.006662845611572266e+00,6.690680980682373047e-02,3.232000000000000000e+03,3.270852294921875000e+03
-1.000000014901161194e-01,2.872454822063446045e-01,-2.641337513923645020e-01,4.610109925270080566e-01,9.318322539329528809e-01,7.004664093255996704e-02,4.046000000000000000e+03,4.308346191406250000e+03
-2.641935050487518311e-01,-2.500000000000000000e-01,-2.165611833333969116e-01,-1.418505012989044189e-01,1.199777841567993164e+00,6.123310700058937073e-02,4.190000000000000000e+03,4.230507812500000000e+03
5.000000074505805969e-02,-5.000000000000000000e-01,-2.034763097763061523e-01,-5.745321512222290039e-01,9.907941222190856934e-01,6.328988820314407349e-02,3.856000000000000000e+03,4.125079101562500000e+03
9.482004493474960327e-02,-8.165807463228702545e-03,3.853175938129425049e-01,-4.679249227046966553e-02,7.253794670104980469e-01,8.962456881999969482e-02,1.976000000000000000e+03,2.287222656250000000e+03
3.975010663270950317e-02,-2.000000029802322388e-01,1.674867123365402222e-01,-2.184911072254180908e-01,1.039859771728515625e+00,5.988984927535057068e-02,4.053000000000000000e+03,4.114948242187500000e+03
9.482004493474960327e-02,-2.500000000000000000e-01,1.215791106224060059e-01,-1.366548687219619751e-01,1.234926819801330566e+00,5.879865586757659912e-02,4.647000000000000000e+03,4.688258789062500000e+03
-6.188200116157531738e-01,1.366542428731918335e-01,-7.030829191207885742e-01,5.274403095245361328e-02,7.234458923339843750e-01,6.323470920324325562e-02,2.399000000000000000e+03,2.463326660156250000e+03
-2.000000029802322388e-01,5.000000074505805969e-02,-1.874733567237854004e-01,-2.208569943904876709e-01,1.257310986518859863e+00,6.333538889884948730e-02,5.592000000000000000e+03,5.848712402343750000e+03
2.145627290010452271e-01,2.872454822063446045e-01,4.120317399501800537e-01,3.984093666076660156e-01,9.498080611228942871e-01,6.350836157798767090e-02,3.150000000000000000e+03,3.327068359375000000e+03
2.438115030527114868e-01,-1.000000014901161194e-01,-1.491242945194244385e-01,-3.932155370712280273e-01,1.236297607421875000e+00,5.678886175155639648e-02,5.149000000000000000e+03,5.932849121093750000e+03
2.145627290010452271e-01,1.764043420553207397e-01,2.143388390541076660e-01,2.852495014667510986e-01,1.222684860229492188e+00,6.506708264350891113e-02,3.886000000000000000e+03,3.916860351562500000e+03
-2.000000029802322388e-01,3.275320306420326233e-02,-6.789380311965942383e-01,5.025510787963867188e-01,1.268218874931335449e+00,5.611212179064750671e-02,5.020000000000000000e+03,6.347277343750000000e+03
1.366542428731918335e-01,4.482004791498184204e-02,9.437422454357147217e-02,3.694662153720855713e-01,1.240825533866882324e+00,5.408443510532379150e-02,5.216000000000000000e+03,5.573419433593750000e+03
-4.000000059604644775e-01,2.514390051364898682e-01,-4.467497766017913818e-01,1.916786134243011475e-01,8.243725895881652832e-01,5.960578843951225281e-02,2.917000000000000000e+03,2.941786376953125000e+03
1.366542428731918335e-01,2.514390051364898682e-01,-2.571825087070465088e-01,7.641363143920898438e-01,1.189231157302856445e+00,5.765864998102188110e-02,4.828000000000000000e+03,6.175192382812500000e+03
-1.000000014901161194e-01,3.221365213394165039e-01,-2.589299902319908142e-02,2.929487526416778564e-01,1.089712738990783691e+00,6.308575719594955444e-02,4.019000000000000000e+03,4.040321289062500000e+03
3.975010663270950317e-02,3.221365213394165039e-01,-1.603216864168643951e-03,-8.559890836477279663e-02,1.197347879409790039e+00,6.025208532810211182e-02,4.881000000000000000e+03,5.436883789062500000e+03
2.132806330919265747e-01,5.169460177421569824e-01,5.265664458274841309e-01,5.880236029624938965e-01,7.614769935607910156e-01,7.196985930204391479e-02,2.723000000000000000e+03,3.188853759765625000e+03
-2.500000000000000000e-01,0.000000000000000000e+00,-4.931144714355468750e-01,-1.710965484380722046e-01,1.199649691581726074e+00,5.997372418642044067e-02,4.711000000000000000e+03,4.995665527343750000e+03
-2.659073472023010254e-01,-4.499999880790710449e-01,-1.940686553716659546e-01,-1.673790663480758667e-01,1.018601298332214355e+00,5.612567439675331116e-02,3.783000000000000000e+03,4.087245117187500000e+03
5.000000074505805969e-02,-2.500000000000000000e-01,3.929577395319938660e-02,1.217978894710540771e-01,1.279553413391113281e+00,6.247787550091743469e-02,4.670000000000000000e+03,5.057118652343750000e+03
2.145627290010452271e-01,0.000000000000000000e+00,-2.798409163951873779e-01,2.604051027446985245e-03,1.243649363517761230e+00,5.343483388423919678e-02,4.563000000000000000e+03,5.260275390625000000e+03
-1.618416309356689453e-01,-5.000000074505805969e-02,-2.378346323966979980e-01,-2.896053791046142578e-01,1.107872128486633301e+00,6.937394291162490845e-02,4.151000000000000000e+03,4.362265625000000000e+03
1.764043420553207397e-01,-1.500000059604644775e-01,-3.893135488033294678e-02,4.613119363784790039e-02,1.281896471977233887e+00,6.295061111450195312e-02,5.050000000000000000e+03,5.307020507812500000e+03
0.000000000000000000e+00,2.872454822063446045e-01,-6.990848481655120850e-02,2.843599319458007812e-01,9.368388056755065918e-01,6.881261616945266724e-02,3.190000000000000000e+03,3.207879394531250000e+03
8.815837651491165161e-02,1.366542428731918335e-01,-1.899591088294982910e-01,4.023402333259582520e-01,1.280009984970092773e+00,5.874044820666313171e-02,5.345000000000000000e+03,5.817339843750000000e+03
-1.000000014901161194e-01,1.764043420553207397e-01,1.664702743291854858e-01,4.546282589435577393e-01,1.156935453414916992e+00,6.089782714843750000e-02,4.950000000000000000e+03,5.485210937500000000e+03
1.235305294394493103e-01,2.145627290010452271e-01,2.014140933752059937e-01,-3.882218599319458008e-01,1.210620522499084473e+00,8.259318023920059204e-02,3.434000000000000000e+03,4.256584960937500000e+03
-2.500000000000000000e-01,-6.419350951910018921e-02,-5.545743182301521301e-02,1.165327057242393494e-02,1.250628948211669922e+00,5.280516296625137329e-02,4.391000000000000000e+03,4.512631835937500000e+03
-3.499999940395355225e-01,-3.499999940395355225e-01,-6.443111896514892578e-01,-2.559998929500579834e-01,1.082630872726440430e+00,5.731985718011856079e-02,4.170000000000000000e+03,4.503915527343750000e+03
-3.000000119209289551e-01,-6.724679470062255859e-02,-6.027501225471496582e-01,-2.698576748371124268e-01,9.472904801368713379e-01,5.803068354725837708e-02,3.643000000000000000e+03,4.164862304687500000e+03
-2.500000000000000000e-01,5.000000074505805969e-02,-3.153142035007476807e-01,1.466856151819229126e-01,6.600341200828552246e-01,7.646622508764266968e-02,2.149000000000000000e+03,2.215681152343750000e+03
3.562291860580444336e-01,-4.000000059604644775e-01,2.463092952966690063e-01,-5.652593970298767090e-01,9.403017163276672363e-01,5.737015604972839355e-02,3.813000000000000000e+03,3.980774169921875000e+03
-2.000000029802322388e-01,3.562291860580444336e-01,1.858392804861068726e-01,2.097758501768112183e-01,1.037649154663085938e+00,7.594807446002960205e-02,3.560000000000000000e+03,4.104006347656250000e+03
0.000000000000000000e+00,3.896152675151824951e-01,4.624127224087715149e-02,4.038956165313720703e-01,1.158377408981323242e+00,6.146190688014030457e-02,4.591000000000000000e+03,4.598930664062500000e+03
-2.000000029802322388e-01,-6.781912595033645630e-02,1.919685304164886475e-02,-2.008103430271148682e-01,1.215551972389221191e+00,6.873523443937301636e-02,4.836000000000000000e+03,5.048786621093750000e+03
3.896152675151824951e-01,0.000000000000000000e+00,3.567833602428436279e-01,-1.562016606330871582e-01,6.640038490295410156e-01,8.747287094593048096e-02,2.063000000000000000e+03,2.180671630859375000e+03
-2.000000029802322388e-01,3.815837576985359192e-02,-3.438606485724449158e-02,8.856195956468582153e-02,7.792562246322631836e-01,7.436930388212203979e-02,2.429000000000000000e+03,2.547684082031250000e+03
-3.000000119209289551e-01,2.514390051364898682e-01,-3.582209944725036621e-01,1.914988160133361816e-01,5.566143989562988281e-01,6.071403622627258301e-02,2.246000000000000000e+03,2.296458984375000000e+03
-5.000000074505805969e-02,2.145627290010452271e-01,-6.464052200317382812e-02,-2.223154008388519287e-01,1.284533262252807617e+00,5.923394113779067993e-02,5.155000000000000000e+03,5.737438964843750000e+03
4.183419048786163330e-02,2.145627290010452271e-01,2.205384373664855957e-01,6.357880234718322754e-01,1.234406828880310059e+00,5.966548249125480652e-02,4.517000000000000000e+03,5.118575683593750000e+03
-1.510896813124418259e-02,1.764043420553207397e-01,9.857341647148132324e-02,4.058925807476043701e-01,1.277054786682128906e+00,5.460607632994651794e-02,5.151000000000000000e+03,5.356474609375000000e+03
4.545493423938751221e-01,5.000000074505805969e-02,4.384044110774993896e-01,1.345840990543365479e-01,8.820777535438537598e-01,6.208686158061027527e-02,2.788000000000000000e+03,2.814394287109375000e+03
3.221365213394165039e-01,0.000000000000000000e+00,6.634702682495117188e-01,1.479345262050628662e-01,8.934440016746520996e-01,8.344576507806777954e-02,3.291000000000000000e+03,3.841500488281250000e+03
-6.000000238418579102e-01,-1.659073382616043091e-01,-4.173958003520965576e-01,-5.192422866821289062e-01,9.403791427612304688e-01,5.121868848800659180e-02,3.319000000000000000e+03,3.891088134765625000e+03
1.345701515674591064e-01,-2.500000000000000000e-01,6.408962607383728027e-01,-2.613184154033660889e-01,1.249631404876708984e+00,6.492525339126586914e-02,4.692000000000000000e+03,5.436591796875000000e+03
3.221365213394165039e-01,9.482004493474960327e-02,5.418667793273925781e-01,5.504903942346572876e-02,9.217737317085266113e-01,6.299211084842681885e-02,3.748000000000000000e+03,3.964911132812500000e+03
-1.590733230113983154e-02,-3.499999940395355225e-01,5.963966250419616699e-02,-3.972046673297882080e-01,9.834416508674621582e-01,7.013286650180816650e-02,3.800000000000000000e+03,3.831223876953125000e+03
-1.500000059604644775e-01,1.366542428731918335e-01,-3.642758429050445557e-01,2.256015390157699585e-01,1.046583771705627441e+00,6.526381522417068481e-02,4.293000000000000000e+03,4.501685546875000000e+03
-3.499999940395355225e-01,-2.131237089633941650e-01,-5.187838673591613770e-01,-1.703462600708007812e-01,4.761133790016174316e-01,8.542504906654357910e-02,1.674000000000000000e+03,1.890990600585937500e+03
-2.641935050487518311e-01,9.482004493474960327e-02,-9.266131557524204254e-03,-1.849903762340545654e-01,1.072578072547912598e+00,7.706487178802490234e-02,3.811000000000000000e+03,4.273318847656250000e+03
1.764043420553207397e-01,2.872454822063446045e-01,5.936292409896850586e-01,2.650700509548187256e-01,9.950231313705444336e-01,6.975206732749938965e-02,3.336000000000000000e+03,3.902463867187500000e+03
-2.500000000000000000e-01,0.000000000000000000e+00,-3.409811556339263916e-01,3.160338103771209717e-01,1.155084848403930664e+00,5.494734272360801697e-02,4.581000000000000000e+03,4.944646972656250000e+03
-2.000000029802322388e-01,0.000000000000000000e+00,-1.756376475095748901e-01,3.654057905077934265e-02,1.270431399345397949e+00,5.436541140079498291e-02,4.892000000000000000e+03,4.897834960937500000e+03
3.553740307688713074e-02,-8.000000119209289551e-01,1.647114194929599762e-02,-9.160259366035461426e-01,5.102038383483886719e-01,2.111132889986038208e-01,1.581000000000000000e+03,1.663931274414062500e+03
8.665423840284347534e-02,3.221365213394165039e-01,-2.446354180574417114e-01,8.257284164428710938e-01,1.049814820289611816e+00,8.177330344915390015e-02,3.766000000000000000e+03,4.934399414062500000e+03
-2.500000000000000000e-01,1.764043420553207397e-01,2.172313928604125977e-01,4.681454002857208252e-01,1.137675762176513672e+00,6.235697865486145020e-02,4.167000000000000000e+03,5.096392578125000000e+03
4.183419048786163330e-02,2.872454822063446045e-01,-4.883950650691986084e-01,3.594749867916107178e-01,1.139593243598937988e+00,6.038353964686393738e-02,4.548000000000000000e+03,5.507036132812500000e+03
3.409266844391822815e-02,-3.151089549064636230e-01,-4.511359035968780518e-01,-3.035071194171905518e-01,1.223961472511291504e+00,6.241088733077049255e-02,4.166000000000000000e+03,4.797806152343750000e+03
2.872454822063446045e-01,-3.499999940395355225e-01,3.163462579250335693e-01,-1.717467606067657471e-01,8.199946284294128418e-01,6.980293989181518555e-02,2.553000000000000000e+03,2.675196289062500000e+03
-1.000000014901161194e-01,4.862083792686462402e-01,-1.071142703294754028e-01,5.795096755027770996e-01,1.119003653526306152e+00,5.667372420430183411e-02,4.046000000000000000e+03,4.074213867187500000e+03
-3.499999940395355225e-01,9.482004493474960327e-02,-6.038929224014282227e-01,2.518038153648376465e-01,8.871166706085205078e-01,5.669626593589782715e-02,3.536000000000000000e+03,3.926065429687500000e+03
-4.000000059604644775e-01,-1.500000059604644775e-01,-2.550950646400451660e-01,-3.465065062046051025e-01,1.044452905654907227e+00,8.820657432079315186e-02,3.131000000000000000e+03,3.300214355468750000e+03
0.000000000000000000e+00,-1.000000014901161194e-01,3.504445776343345642e-02,-1.526999175548553467e-01,8.952079415321350098e-01,6.534248590469360352e-02,3.061000000000000000e+03,3.076347656250000000e+03
1.366542428731918335e-01,0.000000000000000000e+00,1.053802073001861572e-01,1.115894764661788940e-01,6.104968786239624023e-01,5.559555068612098694e-02,2.469000000000000000e+03,2.557420898437500000e+03
-5.500000119209289551e-01,2.145627290010452271e-01,-4.777195155620574951e-01,2.913438677787780762e-01,4.364746212959289551e-01,1.291406452655792236e-01,7.530000000000000000e+02,7.963688354492187500e+02
2.872454822063446045e-01,5.000000074505805969e-02,3.861293196678161621e-01,4.385415837168693542e-02,1.025247693061828613e+00,8.641362935304641724e-02,3.502000000000000000e+03,3.534458984375000000e+03
-2.000000029802322388e-01,8.409266918897628784e-02,2.621461264789104462e-02,5.695935338735580444e-02,1.278643012046813965e+00,6.023682281374931335e-02,5.460000000000000000e+03,5.631510742187500000e+03
6.083970069885253906e-01,2.514390051364898682e-01,5.387223362922668457e-01,4.129460155963897705e-01,8.850499391555786133e-01,5.860415473580360413e-02,3.201000000000000000e+03,3.326571289062500000e+03
-5.000000074505805969e-02,-2.000000029802322388e-01,-4.890378415584564209e-01,-8.179215788841247559e-01,1.274436831474304199e+00,6.732631474733352661e-02,4.753000000000000000e+03,6.326006835937500000e+03
-3.151089549064636230e-01,-2.000000029802322388e-01,-3.638565540313720703e-01,-3.707139194011688232e-01,1.190595030784606934e+00,5.870637670159339905e-02,4.814000000000000000e+03,4.920627441406250000e+03
-4.000000059604644775e-01,-2.000000029802322388e-01,-3.516581654548645020e-01,-1.719605922698974609e-01,8.732606172561645508e-01,6.142615899443626404e-02,2.541000000000000000e+03,2.551318847656250000e+03
-2.000000029802322388e-01,-5.000000000000000000e-01,-1.777279227972030640e-01,-4.071599543094635010e-01,9.763113856315612793e-01,9.537628293037414551e-02,2.339000000000000000e+03,2.361377441406250000e+03
1.366542428731918335e-01,1.764043420553207397e-01,-2.654228210449218750e-01,5.003778636455535889e-02,1.080093502998352051e+00,6.164786592125892639e-02,4.380000000000000000e+03,5.024394042968750000e+03
-6.000000238418579102e-01,3.562291860580444336e-01,-5.243983864784240723e-01,1.896397918462753296e-01,9.767040610313415527e-01,6.085789203643798828e-02,3.189000000000000000e+03,3.299921386718750000e+03
4.862083792686462402e-01,-1.166139394044876099e-01,6.198386549949645996e-01,-4.159824177622795105e-02,9.647759199142456055e-01,7.848694920539855957e-02,3.210000000000000000e+03,3.290540039062500000e+03
-2.000000029802322388e-01,1.345701515674591064e-01,-1.639260053634643555e-01,1.275762766599655151e-01,5.193160772323608398e-01,1.578430980443954468e-01,1.694000000000000000e+03,1.702493530273437500e+03
-1.500000059604644775e-01,-5.000000074505805969e-02,-4.301239922642707825e-02,-2.159623801708221436e-01,1.065496802330017090e+00,6.028363481163978577e-02,3.991000000000000000e+03,4.126579589843750000e+03
-2.500000000000000000e-01,-1.178191304206848145e-01,3.287914767861366272e-02,3.791577368974685669e-02,1.176859378814697266e+00,7.137455046176910400e-02,4.654000000000000000e+03,4.998301757812500000e+03
2.514390051364898682e-01,-1.118416264653205872e-01,2.166382074356079102e-01,-4.558533728122711182e-01,9.757993221282958984e-01,6.918250024318695068e-02,3.824000000000000000e+03,4.291546875000000000e+03
-2.000000029802322388e-01,-5.000000074505805969e-02,1.749206185340881348e-01,-5.728431940078735352e-01,1.286556243896484375e+00,6.412108987569808960e-02,4.568000000000000000e+03,5.654006835937500000e+03
-5.000000074505805969e-02,-5.000000074505805969e-02,-8.151134103536605835e-02,6.117803230881690979e-02,8.546767830848693848e-01,6.338660418987274170e-02,3.285000000000000000e+03,3.344978271484375000e+03
0.000000000000000000e+00,-1.000000014901161194e-01,-1.223561391234397888e-01,3.938505351543426514e-01,1.168417930603027344e+00,5.520816147327423096e-02,4.511000000000000000e+03,5.333412597656250000e+03
2.145627290010452271e-01,1.764043420553207397e-01,1.543949395418167114e-01,-8.364253491163253784e-02,1.168383359909057617e+00,4.671198874711990356e-02,4.304000000000000000e+03,4.526393554687500000e+03
1.764043420553207397e-01,2.514390051364898682e-01,6.394819021224975586e-01,3.859567344188690186e-01,1.205968260765075684e+00,5.567952245473861694e-02,4.367000000000000000e+03,5.041941406250000000e+03
2.872454822063446045e-01,-3.499999940395355225e-01,3.665035068988800049e-01,-7.112309336662292480e-02,9.658119678497314453e-01,6.269163638353347778e-02,3.700000000000000000e+03,4.026970703125000000e+03
2.872454822063446045e-01,-1.500000059604644775e-01,2.780719697475433350e-01,-1.098907068371772766e-01,1.255021333694458008e+00,6.422955542802810669e-02,4.590000000000000000e+03,4.595007812500000000e+03
2.872454822063446045e-01,1.275732517242431641e-01,1.582615673542022705e-01,4.072749242186546326e-02,1.146397709846496582e+00,7.201045006513595581e-02,4.108000000000000000e+03,4.183004882812500000e+03
-3.499999940395355225e-01,3.221365213394165039e-01,-3.900119960308074951e-01,2.296727895736694336e-01,6.424529552459716797e-01,6.860285997390747070e-02,1.799000000000000000e+03,1.842929809570312500e+03
-1.500000059604644775e-01,-2.131237089633941650e-01,-1.209716051816940308e-01,2.202221751213073730e-01,1.180507540702819824e+00,6.137465685606002808e-02,4.354000000000000000e+03,4.924976074218750000e+03
-5.000000074505805969e-02,2.872454822063446045e-01,1.458961665630340576e-01,3.287359774112701416e-01,1.179390668869018555e+00,5.501588806509971619e-02,4.219000000000000000e+03,4.339676269531250000e+03
1.764043420553207397e-01,-3.000000119209289551e-01,-8.929899334907531738e-02,-2.843940556049346924e-01,8.545281291007995605e-01,7.348523288965225220e-02,2.551000000000000000e+03,2.793060058593750000e+03
-2.500000000000000000e-01,-1.000000014901161194e-01,-1.514259576797485352e-01,8.700414746999740601e-02,1.036055088043212891e+00,5.428217723965644836e-02,3.799000000000000000e+03,3.955644775390625000e+03
-1.500000059604644775e-01,1.366542428731918335e-01,-3.517555892467498779e-01,1.276054233312606812e-01,1.090366959571838379e+00,6.334173679351806641e-02,3.862000000000000000e+03,3.993197265625000000e+03
2.145627290010452271e-01,5.000000074505805969e-02,1.756340861320495605e-01,3.331673517823219299e-02,1.262444019317626953e+00,6.701061874628067017e-02,4.811000000000000000e+03,4.816409667968750000e+03
9.482004493474960327e-02,3.896152675151824951e-01,-2.032441645860671997e-01,2.526596784591674805e-01,1.070183277130126953e+00,6.165581569075584412e-02,4.536000000000000000e+03,4.952308105468750000e+03
5.000000074505805969e-02,-4.000000059604644775e-01,3.068375289440155029e-01,-2.274635881185531616e-01,1.122276902198791504e+00,6.238249689340591431e-02,4.471000000000000000e+03,4.804718261718750000e+03
-1.618416309356689453e-01,-2.000000029802322388e-01,-1.028266455978155136e-02,-5.566070675849914551e-01,1.203027248382568359e+00,6.220529600977897644e-02,4.157000000000000000e+03,4.578279296875000000e+03
1.366542428731918335e-01,-5.179951898753643036e-03,9.442666918039321899e-02,2.351908683776855469e-01,9.144671559333801270e-01,6.791298836469650269e-02,3.299000000000000000e+03,3.530256347656250000e+03
-5.000000074505805969e-02,3.896152675151824951e-01,1.323639005422592163e-01,2.960480749607086182e-01,1.174086093902587891e+00,6.233774870634078979e-02,4.551000000000000000e+03,4.688760253906250000e+03
-1.000000014901161194e-01,2.145627290010452271e-01,-6.142978742718696594e-02,3.091129660606384277e-01,5.562834143638610840e-01,1.108427047729492188e-01,1.539000000000000000e+03,1.590356933593750000e+03
-2.000000029802322388e-01,-1.500000059604644775e-01,-2.523277401924133301e-01,3.221354186534881592e-01,1.153366804122924805e+00,5.293467268347740173e-02,4.291000000000000000e+03,4.992778320312500000e+03
-6.184162572026252747e-02,2.514390051364898682e-01,-4.056169688701629639e-01,1.549190729856491089e-01,1.255382418632507324e+00,5.937569588422775269e-02,4.656000000000000000e+03,5.025600585937500000e+03
3.896152675151824951e-01,-6.184162572026252747e-02,3.861719071865081787e-01,-2.236691303551197052e-02,1.164292454719543457e+00,5.716471746563911438e-02,4.708000000000000000e+03,4.713453613281250000e+03
-2.641935050487518311e-01,2.872454822063446045e-01,-2.502506077289581299e-01,9.150788187980651855e-02,6.641314029693603516e-01,7.609784603118896484e-02,2.482000000000000000e+03,2.694009521484375000e+03
-5.816580727696418762e-02,1.282061040401458740e-01,-1.699401140213012695e-01,7.689286023378372192e-02,1.209713816642761230e+00,7.372111827135086060e-02,4.033000000000000000e+03,4.074470214843750000e+03
1.764043420553207397e-01,5.000000074505805969e-02,9.719271212816238403e-02,4.027104377746582031e-02,1.265586733818054199e+00,6.277695298194885254e-02,5.005000000000000000e+03,5.025003906250000000e+03
-5.000000074505805969e-02,-2.000000029802322388e-01,-4.321709647774696350e-02,-1.313970386981964111e-01,1.116511940956115723e+00,5.877654999494552612e-02,4.324000000000000000e+03,4.340463867187500000e+03
-2.000000029802322388e-01,1.366542428731918335e-01,-4.088750779628753662e-01,3.033254146575927734e-01,1.249114871025085449e+00,5.997221544384956360e-02,4.836000000000000000e+03,5.054520996093750000e+03
5.000000074505805969e-02,2.514390051364898682e-01,3.355423510074615479e-01,-2.596191130578517914e-02,1.178994655609130859e+00,5.753688886761665344e-02,5.046000000000000000e+03,5.607104492187500000e+03
-1.000000014901161194e-01,3.562291860580444336e-01,2.890704572200775146e-02,8.515062183141708374e-02,8.382371664047241211e-01,7.285061478614807129e-02,2.698000000000000000e+03,3.034386474609375000e+03
-6.510896980762481689e-02,1.764043420553207397e-01,-1.586904823780059814e-01,1.229392439126968384e-01,1.236793518066406250e+00,6.272568553686141968e-02,4.867000000000000000e+03,4.903900878906250000e+03
-1.500000059604644775e-01,-2.000000029802322388e-01,-1.129015311598777771e-01,5.798644572496414185e-02,1.242434382438659668e+00,5.911561846733093262e-02,4.258000000000000000e+03,4.443357910156250000e+03
1.764043420553207397e-01,0.000000000000000000e+00,3.839043080806732178e-01,5.482543110847473145e-01,1.170501112937927246e+00,5.961173027753829956e-02,4.598000000000000000e+03,5.695266601562500000e+03
3.896152675151824951e-01,8.687628805637359619e-02,2.125342041254043579e-01,4.593196511268615723e-02,5.098854303359985352e-01,5.764277279376983643e-02,1.683000000000000000e+03,1.891203735351562500e+03
-2.500000000000000000e-01,1.345701515674591064e-01,-1.724857985973358154e-01,5.011367201805114746e-01,8.278660178184509277e-01,7.412999123334884644e-02,3.005000000000000000e+03,3.595297851562500000e+03
9.482004493474960327e-02,-2.000000029802322388e-01,3.409349918365478516e-01,-9.174202084541320801e-01,1.246429562568664551e+00,6.265048682689666748e-02,4.405000000000000000e+03,5.930556640625000000e+03
-1.000000014901161194e-01,-1.500000059604644775e-01,-5.332869887351989746e-01,3.219480216503143311e-01,1.283041477203369141e+00,6.220050528645515442e-02,5.199000000000000000e+03,6.430374511718750000e+03
9.482004493474960327e-02,-1.000000014901161194e-01,1.659282296895980835e-02,-1.736680865287780762e-01,1.243212223052978516e+00,5.958877131342887878e-02,4.889000000000000000e+03,4.925634765625000000e+03
0.000000000000000000e+00,2.514390051364898682e-01,1.408194899559020996e-01,2.114363610744476318e-01,1.239865541458129883e+00,5.964237824082374573e-02,4.280000000000000000e+03,4.339510253906250000e+03
-3.151089549064636230e-01,9.482004493474960327e-02,-4.460936784744262695e-01,-5.485097318887710571e-02,7.980775237083435059e-01,7.405125349760055542e-02,2.908000000000000000e+03,3.086238037109375000e+03
9.482004493474960327e-02,-2.500000000000000000e-01,4.854784905910491943e-01,1.926905661821365356e-02,1.260939836502075195e+00,5.695454403758049011e-02,5.008000000000000000e+03,5.695821777343750000e+03
1.764043420553207397e-01,8.580648899078369141e-02,5.410795211791992188e-01,2.983644604682922363e-01,1.212361454963684082e+00,5.329460650682449341e-02,4.912000000000000000e+03,5.491701171875000000e+03
-1.000000014901161194e-01,-5.179951898753643036e-03,-2.578852698206901550e-02,5.682357773184776306e-02,4.752636253833770752e-01,9.088374674320220947e-02,1.711000000000000000e+03,1.781163818359375000e+03
-1.500000059604644775e-01,3.854779899120330811e-01,3.057249188423156738e-01,2.134284228086471558e-01,1.199050545692443848e+00,6.150328740477561951e-02,4.465000000000000000e+03,5.176244628906250000e+03
-2.500000000000000000e-01,-5.000000074505805969e-02,-1.704584062099456787e-01,-5.685964971780776978e-02,4.670755565166473389e-01,6.373082846403121948e-02,1.582000000000000000e+03,1.627828857421875000e+03
-5.000000074505805969e-02,1.366542428731918335e-01,-5.348476767539978027e-01,-3.053581416606903076e-01,1.248073220252990723e+00,5.768972635269165039e-02,5.170000000000000000e+03,6.521344238281250000e+03
-1.500000059604644775e-01,-2.131237089633941650e-01,-5.706319212913513184e-01,-2.745255231857299805e-01,1.147566199302673340e+00,5.299530178308486938e-02,4.768000000000000000e+03,5.403003906250000000e+03
1.366542428731918335e-01,1.366542428731918335e-01,4.426576793193817139e-01,5.456117391586303711e-01,1.266344428062438965e+00,5.998362228274345398e-02,5.087000000000000000e+03,5.885191406250000000e+03
3.221365213394165039e-01,2.145627290010452271e-01,4.701236486434936523e-01,2.829187214374542236e-01,6.854178905487060547e-01,5.685388669371604919e-02,2.637000000000000000e+03,2.784509277343750000e+03
1.366542428731918335e-01,-1.102498918771743774e-01,2.852418124675750732e-01,-7.127842307090759277e-02,1.093537211418151855e+00,6.133205816149711609e-02,4.107000000000000000e+03,4.187931640625000000e+03
2.145627290010452271e-01,1.764043420553207397e-01,3.250199258327484131e-01,9.962230920791625977e-02,1.072915911674499512e+00,6.096516177058219910e-02,3.342000000000000000e+03,3.394379638671875000e+03
-2.641935050487518311e-01,-2.500000000000000000e-01,-4.192860126495361328e-01,4.243471473455429077e-02,1.250254511833190918e+00,5.248924344778060913e-02,4.555000000000000000e+03,4.868551757812500000e+03
-1.500000059604644775e-01,-2.000000029802322388e-01,1.958394199609756470e-01,-4.103456437587738037e-01,1.084630727767944336e+00,5.247435346245765686e-02,4.456000000000000000e+03,5.058669433593750000e+03
-1.500000059604644775e-01,1.366542428731918335e-01,-4.154427945613861084e-01,5.815054178237915039e-01,1.251825094223022461e+00,5.923115834593772888e-02,4.881000000000000000e+03,5.685294433593750000e+03
1.641557216644287109e-01,6.083970069885253906e-01,-1.942026764154434204e-01,5.797215700149536133e-01,9.002206325531005859e-01,7.417877763509750366e-02,2.766000000000000000e+03,3.191885253906250000e+03
-5.000000000000000000e-01,1.764043420553207397e-01,-2.767817378044128418e-01,2.453154176473617554e-01,1.117876648902893066e+00,5.938822403550148010e-02,4.288000000000000000e+03,4.473663574218750000e+03
-1.000000014901161194e-01,5.000000074505805969e-02,-6.006324291229248047e-01,9.141398221254348755e-02,1.086458086967468262e+00,7.031930983066558838e-02,4.318000000000000000e+03,5.201748046875000000e+03
5.000000074505805969e-02,1.764043420553207397e-01,9.696332365274429321e-02,7.832961529493331909e-02,8.656873703002929688e-01,7.781323790550231934e-02,2.226000000000000000e+03,2.260888427734375000e+03
5.000000074505805969e-02,0.000000000000000000e+00,9.244558960199356079e-02,-4.717723466455936432e-03,1.127140879631042480e+00,5.531955510377883911e-02,3.771000000000000000e+03,3.776459228515625000e+03
1.764043420553207397e-01,2.145627290010452271e-01,3.928312361240386963e-01,3.081896305084228516e-01,1.102625608444213867e+00,7.580943405628204346e-02,3.849000000000000000e+03,4.022921875000000000e+03
-6.024989485740661621e-02,-5.000000074505805969e-02,-4.374687671661376953e-01,3.626136779785156250e-01,1.160092711448669434e+00,5.759798735380172729e-02,4.697000000000000000e+03,5.736784667968750000e+03
-3.659073412418365479e-01,-2.000000029802322388e-01,4.542121663689613342e-02,-7.581145316362380981e-02,8.713642954826354980e-01,6.591071188449859619e-02,3.009000000000000000e+03,3.705771240234375000e+03
-3.000000119209289551e-01,-2.641935050487518311e-01,-3.996030092239379883e-01,-6.325591206550598145e-01,1.132821917533874512e+00,5.925635993480682373e-02,4.211000000000000000e+03,4.677387695312500000e+03
-1.500000059604644775e-01,3.218087181448936462e-02,-2.212255634367465973e-02,2.227632701396942139e-01,1.224811673164367676e+00,5.958286672830581665e-02,3.633000000000000000e+03,3.759364746093750000e+03
-2.000000029802322388e-01,1.764043420553207397e-01,-1.013977378606796265e-01,3.358482718467712402e-01,8.380218148231506348e-01,7.551355659961700439e-02,3.242000000000000000e+03,3.402040771484375000e+03
1.665982753038406372e-01,0.000000000000000000e+00,7.528740912675857544e-02,5.180250406265258789e-01,1.065733551979064941e+00,6.826787441968917847e-02,4.383000000000000000e+03,5.397937988281250000e+03
-3.000000119209289551e-01,1.764043420553207397e-01,1.759585291147232056e-01,3.532321155071258545e-01,1.056346774101257324e+00,6.440894305706024170e-02,4.153000000000000000e+03,5.068923339843750000e+03
3.338605910539627075e-02,9.482004493474960327e-02,-1.441710740327835083e-01,-5.853917077183723450e-02,1.176389813423156738e+00,5.514835938811302185e-02,4.887000000000000000e+03,5.079785156250000000e+03
3.562291860580444336e-01,1.735305190086364746e-01,4.311894774436950684e-01,3.552660346031188965e-01,8.449591994285583496e-01,8.748158812522888184e-02,3.196000000000000000e+03,3.367022705078125000e+03
-2.672467827796936035e-01,-2.500000000000000000e-01,4.272843524813652039e-02,-3.574552834033966064e-01,8.774036765098571777e-01,6.339096277952194214e-02,2.862000000000000000e+03,3.250574462890625000e+03
-1.000000014901161194e-01,2.514390051364898682e-01,-1.908226870000362396e-02,1.150886639952659607e-01,1.001169085502624512e+00,5.673773586750030518e-02,2.721000000000000000e+03,2.788811523437500000e+03
3.562291860580444336e-01,9.482004493474960327e-02,2.093135714530944824e-01,8.591035008430480957e-02,1.007702946662902832e+00,5.326714739203453064e-02,3.813000000000000000e+03,3.893891113281250000e+03
2.145627290010452271e-01,1.366542428731918335e-01,1.355130225419998169e-01,6.873746961355209351e-02,1.225256919860839844e+00,5.674314871430397034e-02,4.490000000000000000e+03,4.522466796875000000e+03
1.724607348442077637e-01,-1.000000014901161194e-01,3.310573697090148926e-01,-1.113131493330001831e-01,1.262637853622436523e+00,5.918107554316520691e-02,4.896000000000000000e+03,4.973375976562500000e+03
-1.500000059604644775e-01,1.724607348442077637e-01,-1.737586557865142822e-01,5.200094580650329590e-01,1.273012757301330566e+00,6.902113556861877441e-02,5.390000000000000000e+03,5.786978027343750000e+03
-2.000000029802322388e-01,5.000000074505805969e-02,-1.971472203731536865e-01,3.395697176456451416e-01,1.088041782379150391e+00,5.403884872794151306e-02,4.283000000000000000e+03,4.581875976562500000e+03
-2.500000000000000000e-01,0.000000000000000000e+00,6.995394825935363770e-02,7.989802211523056030e-02,1.082576274871826172e+00,7.144884020090103149e-02,3.926000000000000000e+03,4.283317382812500000e+03
-3.499999940395355225e-01,-5.000000074505805969e-02,-2.510721385478973389e-01,-1.290257424116134644e-01,8.181412816047668457e-01,5.933400243520736694e-02,2.977000000000000000e+03,3.047727294921875000e+03
0.000000000000000000e+00,-3.659073412418365479e-01,2.228452265262603760e-01,-7.716276496648788452e-02,9.163296222686767578e-01,7.552295178174972534e-02,3.602000000000000000e+03,4.152424316406250000e+03
3.562291860580444336e-01,-2.159073352813720703e-01,-8.308304101228713989e-02,-4.096699357032775879e-01,1.119675040245056152e+00,6.516874581575393677e-02,3.790000000000000000e+03,4.460613281250000000e+03
4.482004791498184204e-02,-3.000000119209289551e-01,3.109572231769561768e-01,-1.462787091732025146e-01,9.659854769706726074e-01,6.340117007493972778e-02,2.896000000000000000e+03,3.182369873046875000e+03
-1.000000014901161194e-01,1.764043420553207397e-01,1.455988436937332153e-01,-2.742635309696197510e-01,1.227240800857543945e+00,6.303602457046508789e-02,4.130000000000000000e+03,4.826047851562500000e+03
-1.618416309356689453e-01,0.000000000000000000e+00,5.965590011328458786e-03,-1.220300197601318359e-01,5.880240201950073242e-01,9.177035093307495117e-02,2.075000000000000000e+03,2.325736083984375000e+03
-1.102498918771743774e-01,2.872454822063446045e-01,1.156094297766685486e-01,4.523339569568634033e-01,9.717193841934204102e-01,6.594884395599365234e-02,3.519000000000000000e+03,3.805716308593750000e+03
5.000000074505805969e-02,-1.000000014901161194e-01,2.555041611194610596e-01,2.458053827285766602e-01,1.054833173751831055e+00,5.855395272374153137e-02,4.549000000000000000e+03,5.190765625000000000e+03
-5.000000074505805969e-02,-2.500000000000000000e-01,-1.245405077934265137e-01,1.771719008684158325e-01,1.089032888412475586e+00,6.003829091787338257e-02,4.002000000000000000e+03,4.615867675781250000e+03
-3.659073412418365479e-01,-1.118416264653205872e-01,-6.333605051040649414e-01,-1.964851170778274536e-01,7.676175832748413086e-01,6.184926256537437439e-02,3.153000000000000000e+03,3.561704345703125000e+03
-1.500000059604644775e-01,-5.500000119209289551e-01,-4.973480105400085449e-01,-6.097461581230163574e-01,1.056627273559570312e+00,8.369595557451248169e-02,3.280000000000000000e+03,3.636072265625000000e+03
5.481259822845458984e-01,-1.618416309356689453e-01,2.158629596233367920e-01,-2.460878491401672363e-01,8.851171731948852539e-01,7.007397711277008057e-02,2.658000000000000000e+03,3.043141113281250000e+03
-1.102498918771743774e-01,9.482004493474960327e-02,-4.801075533032417297e-02,1.664900779724121094e-01,9.104497432708740234e-01,3.545921444892883301e-01,2.204000000000000000e+03,2.227826416015625000e+03
2.145627290010452271e-01,-5.816580727696418762e-02,1.591343879699707031e-01,-5.220887437462806702e-02,1.127642869949340820e+00,6.356675922870635986e-02,4.592000000000000000e+03,4.603299804687500000e+03
-4.000000059604644775e-01,-5.000000074505805969e-02,-3.976494967937469482e-01,-1.913755834102630615e-01,8.623779416084289551e-01,5.912087485194206238e-02,2.959000000000000000e+03,3.037823730468750000e+03
-2.500000000000000000e-01,-2.178191244602203369e-01,-3.446995019912719727e-01,-1.488934606313705444e-01,1.218517780303955078e+00,5.835876241326332092e-02,5.003000000000000000e+03,5.048879394531250000e+03
-5.000000074505805969e-02,9.482004493474960327e-02,-1.508878171443939209e-01,4.500555694103240967e-01,1.090594649314880371e+00,6.504752486944198608e-02,4.529000000000000000e+03,5.034629882812500000e+03
5.000000074505805969e-02,2.467435896396636963e-01,3.089469075202941895e-01,3.500800132751464844e-01,1.256986618041992188e+00,5.749338865280151367e-02,5.301000000000000000e+03,5.558685058593750000e+03
-2.000000029802322388e-01,-3.659073412418365479e-01,-6.458067893981933594e-02,-2.248613387346267700e-01,9.232129454612731934e-01,6.523774564266204834e-02,3.477000000000000000e+03,3.631631103515625000e+03
9.482004493474960327e-02,-2.000000029802322388e-01,3.426684141159057617e-01,6.070192903280258179e-02,1.106090784072875977e+00,5.813493952155113220e-02,4.833000000000000000e+03,5.332854492187500000e+03
2.145627290010452271e-01,-1.000000014901161194e-01,1.802793294191360474e-01,-2.071789503097534180e-01,1.174964904785156250e+00,5.382359400391578674e-02,4.284000000000000000e+03,4.323285644531250000e+03
-4.000000059604644775e-01,0.000000000000000000e+00,-3.405040204524993896e-01,4.233272746205329895e-02,8.707095384597778320e-01,7.891345024108886719e-02,2.714000000000000000e+03,2.733156982421875000e+03
-2.500000000000000000e-01,1.366542428731918335e-01,-2.319152206182479858e-01,1.662295609712600708e-01,5.503770709037780762e-01,6.972151994705200195e-02,1.625000000000000000e+03,1.631391357421875000e+03
-5.000000074505805969e-02,-2.131237089633941650e-01,7.777678547427058220e-04,1.235217228531837463e-01,1.273405194282531738e+00,6.031139567494392395e-02,5.072000000000000000e+03,5.429154296875000000e+03
9.482004493474960327e-02,2.085852175951004028e-01,2.457422912120819092e-01,-3.920560479164123535e-01,1.184916496276855469e+00,5.894000455737113953e-02,4.292000000000000000e+03,5.401080078125000000e+03
-1.500000059604644775e-01,-2.000000029802322388e-01,-1.108271330595016479e-01,-3.257035613059997559e-01,9.807804822921752930e-01,7.929570972919464111e-02,3.629000000000000000e+03,3.694235107421875000e+03
-1.781912706792354584e-02,9.482004493474960327e-02,-8.617445826530456543e-02,1.423194110393524170e-01,1.162486910820007324e+00,5.650172010064125061e-02,4.372000000000000000e+03,4.394235839843750000e+03
-2.500000000000000000e-01,-3.499999940395355225e-01,-1.619195640087127686e-01,-1.925366222858428955e-01,8.380209207534790039e-01,5.988684296607971191e-02,3.226000000000000000e+03,3.374096191406250000e+03
-2.000000029802322388e-01,2.145627290010452271e-01,-4.405151307582855225e-01,3.016684949398040771e-01,9.694669246673583984e-01,7.162067294120788574e-02,3.451000000000000000e+03,3.687475097656250000e+03
9.482004493474960327e-02,-1.500000059604644775e-01,4.323664605617523193e-01,-5.632923841476440430e-01,1.262036800384521484e+00,5.505417659878730774e-02,5.345000000000000000e+03,6.266304687500000000e+03
-8.165807463228702545e-03,-3.692623972892761230e-01,1.786570101976394653e-01,-4.155274629592895508e-01,1.057159543037414551e+00,6.438056379556655884e-02,4.094000000000000000e+03,4.228992187500000000e+03
0.000000000000000000e+00,2.514390051364898682e-01,-2.464482188224792480e-02,3.454936444759368896e-01,1.261654615402221680e+00,5.804482847452163696e-02,3.986000000000000000e+03,4.009569091796875000e+03
-1.641935110092163086e-01,4.545493423938751221e-01,4.420530050992965698e-02,2.622717618942260742e-01,9.219747185707092285e-01,6.706213206052780151e-02,2.977000000000000000e+03,3.252518310546875000e+03
3.896152675151824951e-01,5.000000074505805969e-02,1.661354750394821167e-01,2.426605522632598877e-01,7.398457527160644531e-01,8.460225164890289307e-02,2.438000000000000000e+03,2.811965332031250000e+03
-2.683409452438354492e-01,6.672313809394836426e-01,-1.699354946613311768e-01,7.875033020973205566e-01,7.735851407051086426e-01,8.789509534835815430e-02,3.030000000000000000e+03,3.150867431640625000e+03
-1.500000059604644775e-01,3.975010663270950317e-02,-3.195674717426300049e-01,1.888618171215057373e-01,9.469720125198364258e-01,7.234205305576324463e-02,3.017000000000000000e+03,3.186592041015625000e+03
-1.159073337912559509e-01,2.872454822063446045e-01,1.087955385446548462e-02,4.765930771827697754e-02,1.184116840362548828e+00,6.208947673439979553e-02,3.533000000000000000e+03,3.715554931640625000e+03
-1.500000059604644775e-01,3.975010663270950317e-02,-4.901731312274932861e-01,-5.230208039283752441e-01,1.242080688476562500e+00,6.399779021739959717e-02,4.615000000000000000e+03,5.839877929687500000e+03
-3.499999940395355225e-01,3.221365213394165039e-01,-2.810078561305999756e-01,2.551241219043731689e-01,1.175082206726074219e+00,6.354776769876480103e-02,4.276000000000000000e+03,4.304737304687500000e+03
3.221365213394165039e-01,5.000000074505805969e-02,3.103731870651245117e-01,1.325659304857254028e-01,9.664732813835144043e-01,6.171479821205139160e-02,3.683000000000000000e+03,3.710273437500000000e+03
9.482004493474960327e-02,-1.500000059604644775e-01,3.619415760040283203e-01,-1.293838918209075928e-01,1.254060387611389160e+00,6.121198832988739014e-02,4.736000000000000000e+03,4.950001953125000000e+03
1.366542428731918335e-01,5.000000074505805969e-02,-1.491862237453460693e-01,1.524704992771148682e-01,9.452784061431884766e-01,5.777080729603767395e-02,3.880000000000000000e+03,4.271606445312500000e+03
-2.500000000000000000e-01,9.482004493474960327e-02,-1.441050022840499878e-01,1.181626543402671814e-01,8.649294376373291016e-01,5.867915228009223938e-02,3.540000000000000000e+03,3.595482910156250000e+03
2.014390081167221069e-01,-7.500000000000000000e-01,8.827857673168182373e-02,-7.112013697624206543e-01,5.565179586410522461e-01,5.905655771493911743e-02,2.055000000000000000e+03,2.148843505859375000e+03
-2.000000029802322388e-01,-1.000000014901161194e-01,-5.753250047564506531e-02,-6.931318640708923340e-01,1.191364288330078125e+00,6.247240304946899414e-02,4.354000000000000000e+03,5.437142089843750000e+03
1.764043420553207397e-01,-2.500000000000000000e-01,-2.285261154174804688e-01,-2.495482265949249268e-01,1.242147088050842285e+00,5.987956002354621887e-02,4.389000000000000000e+03,4.844779296875000000e+03
-3.000000119209289551e-01,5.000000074505805969e-02,-3.091630935668945312e-01,9.656865894794464111e-02,1.052005887031555176e+00,5.219833180308341980e-02,4.547000000000000000e+03,4.556240722656250000e+03
-4.000000059604644775e-01,3.580648824572563171e-02,-3.306432962417602539e-01,-2.740200422704219818e-02,6.257926225662231445e-01,5.864013731479644775e-02,1.975000000000000000e+03,2.019057250976562500e+03
2.872454822063446045e-01,4.545493423938751221e-01,8.151723444461822510e-02,5.524740815162658691e-01,8.367455601692199707e-01,6.528491526842117310e-02,2.934000000000000000e+03,3.148170654296875000e+03
5.000000074505805969e-02,3.687628731131553650e-02,1.333479434251785278e-01,4.886302053928375244e-01,1.117695569992065430e+00,6.827879697084426880e-02,3.850000000000000000e+03,4.477291015625000000e+03
4.482004791498184204e-02,2.445067614316940308e-01,3.874061256647109985e-02,1.180160045623779297e-01,4.347663819789886475e-01,7.996451854705810547e-02,1.378000000000000000e+03,1.492721313476562500e+03
-8.000000119209289551e-01,1.872455030679702759e-01,-7.792469859123229980e-01,1.985577642917633057e-01,4.405698776245117188e-01,1.110587120056152344e-01,1.262000000000000000e+03,1.265630371093750000e+03
-5.816580727696418762e-02,1.366542428731918335e-01,-1.434669941663742065e-01,6.277514249086380005e-02,9.450172781944274902e-01,6.160672754049301147e-02,4.061000000000000000e+03,4.118463378906250000e+03
1.764043420553207397e-01,2.514390051364898682e-01,-8.175046741962432861e-02,3.814919590950012207e-01,1.057354927062988281e+00,5.745293200016021729e-02,4.744000000000000000e+03,5.091844238281250000e+03
-2.500000000000000000e-01,-1.590733230113983154e-02,-8.516904711723327637e-02,-1.719437390565872192e-01,1.226479053497314453e+00,7.190220803022384644e-02,4.821000000000000000e+03,4.984775878906250000e+03
9.482004493474960327e-02,-1.000000014901161194e-01,1.069672256708145142e-01,-2.182900905609130859e-02,1.265731453895568848e+00,6.352322548627853394e-02,4.778000000000000000e+03,4.796792480468750000e+03
-5.000000000000000000e-01,-5.000000074505805969e-02,-5.083746910095214844e-01,-1.279355585575103760e-01,1.131366729736328125e+00,5.580864101648330688e-02,4.185000000000000000e+03,4.205092773437500000e+03
9.482004493474960327e-02,9.482004493474960327e-02,2.138275057077407837e-01,6.906216591596603394e-02,1.095311999320983887e+00,5.668714642524719238e-02,4.213000000000000000e+03,4.265085449218750000e+03
-4.000000059604644775e-01,-5.000000074505805969e-02,-2.988922595977783203e-01,-2.091171443462371826e-01,1.022092342376708984e+00,7.539003342390060425e-02,3.473000000000000000e+03,3.590284423828125000e+03
0.000000000000000000e+00,2.514390051364898682e-01,-1.848747432231903076e-01,3.914971649646759033e-01,1.261977434158325195e+00,5.728279054164886475e-02,4.985000000000000000e+03,5.152346191406250000e+03
-1.000000014901161194e-01,5.000000074505805969e-02,-6.242746710777282715e-01,3.682098090648651123e-01,1.178117871284484863e+00,5.931938439607620239e-02,4.421000000000000000e+03,5.554743164062500000e+03
1.289127171039581299e-01,2.145627290010452271e-01,-2.320167720317840576e-01,2.757346332073211670e-01,1.265566229820251465e+00,5.667958781123161316e-02,4.869000000000000000e+03,5.269151367187500000e+03
0.000000000000000000e+00,-1.500000059604644775e-01,5.441448092460632324e-02,-1.129202321171760559e-01,1.229690909385681152e+00,5.299355462193489075e-02,4.600000000000000000e+03,4.613232421875000000e+03
8.815837651491165161e-02,-3.000000119209289551e-01,5.989282950758934021e-02,1.096912473440170288e-01,1.032395124435424805e+00,6.079540029168128967e-02,3.595000000000000000e+03,4.144354492187500000e+03
-1.000000014901161194e-01,2.145627290010452271e-01,-4.636934399604797363e-01,4.309227690100669861e-02,1.096750140190124512e+00,5.560763552784919739e-02,4.522000000000000000e+03,5.112717285156250000e+03
1.764043420553207397e-01,2.145627290010452271e-01,5.654925704002380371e-01,7.122248411178588867e-02,1.211876153945922852e+00,5.514126271009445190e-02,5.242000000000000000e+03,5.838997558593750000e+03
2.872454822063446045e-01,5.000000074505805969e-02,2.158693969249725342e-01,1.113427057862281799e-01,5.603536963462829590e-01,6.895688176155090332e-02,2.111000000000000000e+03,2.170233398437500000e+03
-4.000000059604644775e-01,4.183419048786163330e-02,-1.586071699857711792e-01,9.263043105602264404e-02,7.631652951240539551e-01,5.682788044214248657e-02,2.862000000000000000e+03,3.154415283203125000e+03
-1.000000014901161194e-01,-5.000000074505805969e-02,-3.689346015453338623e-01,-5.823729634284973145e-01,1.058642148971557617e+00,6.679753214120864868e-02,3.923000000000000000e+03,5.097417480468750000e+03
-1.118416264653205872e-01,-3.659073412418365479e-01,-9.608152508735656738e-02,-7.038587927818298340e-01,1.180483818054199219e+00,5.805699154734611511e-02,4.598000000000000000e+03,4.967791015625000000e+03
-1.000000014901161194e-01,-3.000000119209289551e-01,-1.935404241085052490e-01,-7.064363360404968262e-02,1.000779867172241211e+00,6.324118375778198242e-02,3.918000000000000000e+03,4.154747558593750000e+03
-2.005595900118350983e-02,-2.000000029802322388e-01,-2.704109847545623779e-01,-1.674902588129043579e-01,8.204336762428283691e-01,7.770571112632751465e-02,2.775000000000000000e+03,3.031823486328125000e+03
2.872454822063446045e-01,2.514390051364898682e-01,1.923044025897979736e-01,1.892336457967758179e-02,1.083316445350646973e+00,7.152041792869567871e-02,4.167000000000000000e+03,4.387773925781250000e+03
2.514390051364898682e-01,-2.500000000000000000e-01,1.698086261749267578e-01,-5.384345650672912598e-01,1.104320049285888672e+00,5.844161659479141235e-02,4.647000000000000000e+03,4.983188964843750000e+03
0.000000000000000000e+00,0.000000000000000000e+00,-3.241717815399169922e-02,-2.424223870038986206e-01,9.948678612709045410e-01,5.549000576138496399e-02,4.275000000000000000e+03,4.529648925781250000e+03
-2.641935050487518311e-01,-2.000000029802322388e-01,-6.092357635498046875e-01,-4.779464006423950195e-01,1.068826079368591309e+00,6.585150212049484253e-02,3.733000000000000000e+03,4.350441894531250000e+03
-1.000000014901161194e-01,9.482004493474960327e-02,-4.015992879867553711e-01,7.972926646471023560e-02,1.112085103988647461e+00,5.539254471659660339e-02,4.734000000000000000e+03,5.076482910156250000e+03
9.482004493474960327e-02,1.764043420553207397e-01,4.787025973200798035e-02,3.613558709621429443e-01,1.201283931732177734e+00,6.236352398991584778e-02,4.349000000000000000e+03,4.458118164062500000e+03
4.862083792686462402e-01,1.289127171039581299e-01,4.628494679927825928e-01,4.138281643390655518e-01,7.430315613746643066e-01,8.863231539726257324e-02,2.095000000000000000e+03,2.395110107421875000e+03
0.000000000000000000e+00,-1.000000014901161194e-01,-1.944752186536788940e-01,-1.431834399700164795e-01,8.117399215698242188e-01,6.643840670585632324e-02,3.394000000000000000e+03,3.595205322265625000e+03
3.896152675151824951e-01,3.338605910539627075e-02,3.912971019744873047e-01,-7.342790067195892334e-02,9.585166573524475098e-01,5.503850802779197693e-02,3.844000000000000000e+03,3.891523681640625000e+03
-1.781912706792354584e-02,-2.000000029802322388e-01,1.500610355287790298e-02,-2.249902933835983276e-01,3.941118419170379639e-01,9.224517643451690674e-02,1.263000000000000000e+03,1.276789184570312500e+03
-1.024989411234855652e-02,-2.500000000000000000e-01,1.972885280847549438e-01,-2.492189556360244751e-01,9.453415274620056152e-01,7.531582564115524292e-02,3.574000000000000000e+03,3.744180908203125000e+03
5.000000074505805969e-02,-3.000000119209289551e-01,-1.383309811353683472e-01,-2.679714262485504150e-01,1.264045238494873047e+00,5.979717150330543518e-02,4.661000000000000000e+03,4.767202148437500000e+03
2.872454822063446045e-01,0.000000000000000000e+00,5.912456512451171875e-01,-2.777227163314819336e-01,1.074982762336730957e+00,6.113651767373085022e-02,4.405000000000000000e+03,5.031219238281250000e+03
-2.131237089633941650e-01,5.000000074505805969e-02,-1.297932118177413940e-01,-3.584600687026977539e-01,1.253589630126953125e+00,6.099752336740493774e-02,4.968000000000000000e+03,5.503002441406250000e+03
8.815837651491165161e-02,2.145627290010452271e-01,-1.996673643589019775e-01,4.479104578495025635e-01,1.100206613540649414e+00,5.364335328340530396e-02,4.294000000000000000e+03,4.769580078125000000e+03
1.447237133979797363e-01,-8.500000238418579102e-01,2.342991083860397339e-01,-1.112924933433532715e+00,5.679886341094970703e-01,2.031002789735794067e-01,2.568000000000000000e+03,3.153787353515625000e+03
1.764043420553207397e-01,4.223684668540954590e-01,1.797176748514175415e-01,3.891602456569671631e-01,4.335505366325378418e-01,5.928797647356987000e-02,1.451000000000000000e+03,1.459579711914062500e+03
1.764043420553207397e-01,4.545493423938751221e-01,5.853762105107307434e-02,2.399787902832031250e-01,9.411994218826293945e-01,6.182098016142845154e-02,3.310000000000000000e+03,3.530661865234375000e+03
-6.312371790409088135e-02,-1.500000059604644775e-01,-2.863141596317291260e-01,-1.072150170803070068e-01,9.496259689331054688e-01,5.797892063856124878e-02,3.746000000000000000e+03,3.957600097656250000e+03
1.764043420553207397e-01,-2.500000000000000000e-01,-3.940385580062866211e-01,-3.013150691986083984e-01,1.234467983245849609e+00,5.721308663487434387e-02,4.602000000000000000e+03,5.550928710937500000e+03
-8.165807463228702545e-03,2.145627290010452271e-01,2.734734714031219482e-01,7.491349577903747559e-01,1.249057292938232422e+00,6.518728286027908325e-02,4.912000000000000000e+03,6.007554687500000000e+03
1.366542428731918335e-01,0.000000000000000000e+00,-1.046930029988288879e-01,3.821892440319061279e-01,1.200565099716186523e+00,6.034193560481071472e-02,4.992000000000000000e+03,5.677624511718750000e+03
1.764043420553207397e-01,1.366542428731918335e-01,2.065900862216949463e-01,1.313860863447189331e-01,1.284537911415100098e+00,6.560549139976501465e-02,4.805000000000000000e+03,4.807770507812500000e+03
1.748126149177551270e-01,2.145627290010452271e-01,8.533293753862380981e-02,2.398520708084106445e-01,1.254949688911437988e+00,5.379505455493927002e-02,4.777000000000000000e+03,4.803053222656250000e+03
-2.000000029802322388e-01,0.000000000000000000e+00,-2.050699889659881592e-01,2.990979552268981934e-01,1.027254819869995117e+00,6.626408547163009644e-02,3.844000000000000000e+03,4.164020996093750000e+03
9.482004493474960327e-02,-6.967304646968841553e-02,-1.909280866384506226e-01,3.602619767189025879e-01,1.088625073432922363e+00,6.283452361822128296e-02,4.475000000000000000e+03,5.436435058593750000e+03
-1.500000059604644775e-01,1.366542428731918335e-01,-7.020321488380432129e-01,-1.251881718635559082e-01,1.226585030555725098e+00,6.575608998537063599e-02,4.740000000000000000e+03,5.858441894531250000e+03
-3.499999940395355225e-01,3.896152675151824951e-01,-5.334665179252624512e-01,3.860759139060974121e-01,8.041824698448181152e-01,5.651508644223213196e-02,2.227000000000000000e+03,2.341493896484375000e+03
-3.000000119209289551e-01,-1.102498918771743774e-01,-4.392852187156677246e-01,-1.288090050220489502e-01,6.163170933723449707e-01,1.047343090176582336e-01,1.424000000000000000e+03,1.497210327148437500e+03
-1.000000014901161194e-01,2.514390051364898682e-01,-3.903283774852752686e-01,4.804001152515411377e-01,1.226825714111328125e+00,6.568118929862976074e-02,4.980000000000000000e+03,5.423815917968750000e+03
-2.131237089633941650e-01,0.000000000000000000e+00,-3.731114566326141357e-01,2.500762641429901123e-01,1.205002903938293457e+00,5.602079629898071289e-02,4.699000000000000000e+03,4.980246093750000000e+03
1.764043420553207397e-01,-1.618416309356689453e-01,-2.096109390258789062e-01,-5.133535340428352356e-02,1.270824432373046875e+00,6.518340855836868286e-02,5.247000000000000000e+03,5.759489257812500000e+03
1.345701515674591064e-01,1.764043420553207397e-01,2.432830184698104858e-01,-1.765109449625015259e-01,1.098322868347167969e+00,6.402374058961868286e-02,4.119000000000000000e+03,4.573377929687500000e+03
3.221365213394165039e-01,-1.641935110092163086e-01,9.426674246788024902e-02,-1.548809260129928589e-01,1.122567892074584961e+00,6.865969300270080566e-02,3.930000000000000000e+03,4.090275146484375000e+03
3.562291860580444336e-01,8.975010365247726440e-02,3.288820683956146240e-01,1.578470319509506226e-01,1.115163326263427734e+00,7.447937130928039551e-02,3.939000000000000000e+03,3.956027343750000000e+03
9.482004493474960327e-02,-1.151089668273925781e-01,3.227694630622863770e-01,1.856686472892761230e-01,1.165784955024719238e+00,7.783737778663635254e-02,3.936000000000000000e+03,4.338147460937500000e+03
3.896152675151824951e-01,-1.000000014901161194e-01,3.327836692333221436e-01,1.462886482477188110e-01,1.231772780418395996e+00,5.758769810199737549e-02,4.308000000000000000e+03,4.487586914062500000e+03
-3.000000119209289551e-01,-1.618416309356689453e-01,-3.746325671672821045e-01,6.949199736118316650e-02,5.766711235046386719e-01,2.933348715305328369e-01,1.300000000000000000e+03,1.522405395507812500e+03
1.764043420553207397e-01,2.872454822063446045e-01,3.551958501338958740e-01,3.901031315326690674e-01,1.096094369888305664e+00,5.988173186779022217e-02,3.996000000000000000e+03,4.136628417968750000e+03
-1.184162404388189316e-02,0.000000000000000000e+00,-3.075622320175170898e-01,-1.706124097108840942e-01,1.145936608314514160e+00,6.763465702533721924e-02,3.711000000000000000e+03,4.033432128906250000e+03
-4.000000059604644775e-01,-4.499999880790710449e-01,-7.297692298889160156e-01,-1.372126787900924683e-01,1.103503704071044922e+00,7.151505351066589355e-02,3.485000000000000000e+03,4.054959716796875000e+03
2.872454822063446045e-01,-5.000000074505805969e-02,2.794368863105773926e-01,-1.353809982538223267e-01,9.493681788444519043e-01,5.458400398492813110e-02,4.192000000000000000e+03,4.226058105468750000e+03
3.221365213394165039e-01,2.813830375671386719e-01,2.668296396732330322e-01,4.242705106735229492e-01,1.143561363220214844e+00,6.436489522457122803e-02,3.720000000000000000e+03,3.786349121093750000e+03
5.000000074505805969e-02,5.000000074505805969e-02,-4.064691066741943359e-01,1.881023049354553223e-01,1.099553585052490234e+00,8.392691612243652344e-02,3.643000000000000000e+03,4.302222167968750000e+03
2.145627290010452271e-01,2.145627290010452271e-01,-1.008402109146118164e-01,-1.976395025849342346e-02,8.451896309852600098e-01,9.053731709718704224e-02,2.498000000000000000e+03,3.015011718750000000e+03
0.000000000000000000e+00,2.514390051364898682e-01,7.646794617176055908e-02,2.092172950506210327e-01,1.269915223121643066e+00,5.635115131735801697e-02,4.225000000000000000e+03,4.244989257812500000e+03
5.000000074505805969e-02,1.366542428731918335e-01,1.448037326335906982e-01,1.997168362140655518e-01,8.311390876770019531e-01,5.773756280541419983e-02,3.154000000000000000e+03,3.212936035156250000e+03
-5.000000074505805969e-02,-1.500000059604644775e-01,2.589412033557891846e-01,2.799459993839263916e-01,1.251868486404418945e+00,5.854521691799163818e-02,4.666000000000000000e+03,5.470267089843750000e+03
-3.000000119209289551e-01,1.366542428731918335e-01,-5.268368721008300781e-01,4.027578234672546387e-01,7.526328563690185547e-01,6.593513488769531250e-02,2.673000000000000000e+03,3.224170410156250000e+03
1.707469075918197632e-01,4.223684668540954590e-01,6.477293558418750763e-03,4.960780441761016846e-01,6.127228736877441406e-01,1.058271527290344238e-01,2.355000000000000000e+03,2.554449951171875000e+03
-2.000000029802322388e-01,-2.500000000000000000e-01,-3.762407898902893066e-01,-2.007502317428588867e-01,1.099782347679138184e+00,5.761019513010978699e-02,4.502000000000000000e+03,4.625902832031250000e+03
2.145627290010452271e-01,-1.500000059604644775e-01,1.926191747188568115e-01,-5.883647799491882324e-01,1.069129705429077148e+00,5.439301207661628723e-02,4.292000000000000000e+03,4.988681640625000000e+03
4.223684668540954590e-01,-2.000000029802322388e-01,4.749067127704620361e-01,3.964189440011978149e-02,5.321063995361328125e-01,8.859666436910629272e-02,1.413000000000000000e+03,1.700043334960937500e+03
0.000000000000000000e+00,-2.500000000000000000e-01,2.461694926023483276e-02,-2.241715043783187866e-01,5.105912089347839355e-01,8.363188058137893677e-02,1.528000000000000000e+03,1.535443603515625000e+03
-5.000000074505805969e-02,-5.816580727696418762e-02,2.373176515102386475e-01,7.344310730695724487e-02,1.086614251136779785e+00,3.857540786266326904e-01,1.378400000000000000e+04,1.492662109375000000e+04
9.482004493474960327e-02,-2.500000000000000000e-01,5.991514772176742554e-02,-2.286949157714843750e-01,7.940579056739807129e-01,7.447192817926406860e-02,2.395000000000000000e+03,2.401381835937500000e+03
1.673918515443801880e-01,-3.499999940395355225e-01,-7.561341673135757446e-02,6.603001803159713745e-02,1.155507922172546387e+00,6.120718270540237427e-02,4.846000000000000000e+03,5.656612304687500000e+03
1.366542428731918335e-01,-1.500000059604644775e-01,-1.180149987339973450e-01,-2.386415600776672363e-01,1.064691305160522461e+00,6.826394051313400269e-02,3.861000000000000000e+03,4.104436035156250000e+03
2.145627290010452271e-01,0.000000000000000000e+00,3.810028135776519775e-01,-4.924855660647153854e-03,6.216309070587158203e-01,6.787285953760147095e-02,2.238000000000000000e+03,2.395593017578125000e+03
1.764043420553207397e-01,2.145627290010452271e-01,2.891518473625183105e-01,1.082725450396537781e-01,1.162247419357299805e+00,5.740122869610786438e-02,4.402000000000000000e+03,4.479898437500000000e+03
9.482004493474960327e-02,1.366542428731918335e-01,-9.624502807855606079e-02,2.820327132940292358e-02,1.200046777725219727e+00,6.433504819869995117e-02,4.799000000000000000e+03,4.958189453125000000e+03
1.366542428731918335e-01,0.000000000000000000e+00,-1.360979676246643066e-01,7.427661865949630737e-02,9.655948281288146973e-01,5.736695975065231323e-02,3.947000000000000000e+03,4.278429199218750000e+03
-2.000000029802322388e-01,9.482004493474960327e-02,-2.312792688608169556e-01,-1.024520322680473328e-01,9.912471771240234375e-01,6.745058298110961914e-02,3.621000000000000000e+03,3.766246093750000000e+03
1.764043420553207397e-01,2.145627290010452271e-01,2.142383605241775513e-01,4.863831996917724609e-01,7.543820738792419434e-01,8.818209171295166016e-02,2.547000000000000000e+03,2.874601318359375000e+03
-1.500000059604644775e-01,1.366542428731918335e-01,-3.637239038944244385e-01,3.143723607063293457e-01,1.207554221153259277e+00,5.162233114242553711e-02,5.083000000000000000e+03,5.348296386718750000e+03
2.091575562953948975e-01,-1.500000059604644775e-01,2.758847475051879883e-01,-2.419829964637756348e-01,1.032984852790832520e+00,6.232355907559394836e-02,3.875000000000000000e+03,3.921581787109375000e+03
2.122108340263366699e-01,-4.672468006610870361e-01,6.502782702445983887e-01,-2.709988951683044434e-01,1.060439348220825195e+00,5.607542768120765686e-02,4.241000000000000000e+03,5.074095703125000000e+03
-2.688199877738952637e-01,0.000000000000000000e+00,-5.039091110229492188e-01,3.299405276775360107e-01,1.088324785232543945e+00,6.886211782693862915e-02,4.779000000000000000e+03,5.420395996093750000e+03
-1.500000059604644775e-01,1.366542428731918335e-01,-8.347530663013458252e-02,-2.233900576829910278e-01,1.216037988662719727e+00,5.662455409765243530e-02,4.540000000000000000e+03,4.942899902343750000e+03
2.872454822063446045e-01,2.514390051364898682e-01,4.877320230007171631e-01,4.055829048156738281e-01,1.095958709716796875e+00,6.434296071529388428e-02,4.246000000000000000e+03,4.468723632812500000e+03
1.715452671051025391e-01,5.000000074505805969e-02,4.852628335356712341e-02,-1.510335505008697510e-01,1.161008715629577637e+00,6.037874147295951843e-02,4.816000000000000000e+03,5.012408691406250000e+03
-5.000000074505805969e-02,-3.000000119209289551e-01,-6.202451884746551514e-02,-2.621788680553436279e-01,1.071991086006164551e+00,5.515182390809059143e-02,4.185000000000000000e+03,4.190743164062500000e+03
9.482004493474960327e-02,-1.102498918771743774e-01,3.720924556255340576e-01,-9.413982182741165161e-02,1.157006859779357910e+00,5.939824506640434265e-02,4.674000000000000000e+03,4.939308593750000000e+03
-1.000000014901161194e-01,-1.000000014901161194e-01,9.129441529512405396e-02,-4.208638668060302734e-01,1.195239305496215820e+00,6.252423673868179321e-02,4.984000000000000000e+03,5.460858398437500000e+03
-5.816580727696418762e-02,-4.499999880790710449e-01,-1.365994960069656372e-01,-6.730574965476989746e-01,6.958705186843872070e-01,6.706003844738006592e-02,2.887000000000000000e+03,3.211892089843750000e+03
-1.500000059604644775e-01,-6.781912595033645630e-02,-3.920717239379882812e-01,-1.091007962822914124e-01,9.430716037750244141e-01,7.033208757638931274e-02,3.315000000000000000e+03,3.535995361328125000e+03
-1.000000014901161194e-01,0.000000000000000000e+00,-4.019248783588409424e-01,-1.250958186574280262e-03,1.239808917045593262e+00,6.052058562636375427e-02,4.716000000000000000e+03,4.991578125000000000e+03
1.366542428731918335e-01,2.145627290010452271e-01,1.380452811717987061e-01,4.268232882022857666e-01,1.150349140167236328e+00,6.274618953466415405e-02,4.318000000000000000e+03,4.463820312500000000e+03
-1.500000059604644775e-01,-1.102498918771743774e-01,-4.318525195121765137e-01,-1.180276200175285339e-01,1.002009153366088867e+00,7.337778806686401367e-02,3.942000000000000000e+03,4.248155273437500000e+03
1.366542428731918335e-01,-1.102498918771743774e-01,1.095207929611206055e-01,-5.183288594707846642e-04,1.086946606636047363e+00,7.375744730234146118e-02,3.294000000000000000e+03,3.329609863281250000e+03
-5.000000074505805969e-02,-2.000000029802322388e-01,-7.184515148401260376e-02,-1.535151153802871704e-01,9.285134673118591309e-01,7.658326625823974609e-02,2.826000000000000000e+03,2.834594238281250000e+03
3.221365213394165039e-01,-2.641935050487518311e-01,1.880730837583541870e-01,1.934702992439270020e-01,1.148601770401000977e+00,7.432369142770767212e-02,3.773000000000000000e+03,4.399406250000000000e+03
0.000000000000000000e+00,-1.184162404388189316e-02,-2.465203255414962769e-01,3.633721917867660522e-02,1.106349468231201172e+00,7.542725652456283569e-02,4.924000000000000000e+03,5.174607421875000000e+03
9.482004493474960327e-02,-2.000000029802322388e-01,-3.116292059421539307e-01,-3.391745686531066895e-01,1.255122542381286621e+00,6.047374382615089417e-02,4.252000000000000000e+03,4.736249023437500000e+03
-3.499999940395355225e-01,-3.000000119209289551e-01,4.220850393176078796e-02,-2.001186609268188477e-01,1.024222612380981445e+00,5.785669013857841492e-02,3.851000000000000000e+03,4.432824707031250000e+03
-1.500000059604644775e-01,5.173884034156799316e-01,-9.913908690214157104e-02,1.690397113561630249e-01,1.088538527488708496e+00,6.098065525293350220e-02,4.498000000000000000e+03,4.957567871093750000e+03
9.482004493474960327e-02,1.764043420553207397e-01,-8.602054789662361145e-03,4.904999136924743652e-01,1.280241608619689941e+00,6.312804669141769409e-02,4.898000000000000000e+03,5.220037597656250000e+03
5.000000074505805969e-02,3.562291860580444336e-01,6.396863609552383423e-02,2.744662165641784668e-01,1.235866904258728027e+00,1.466127336025238037e-01,1.174200000000000000e+04,1.179512792968750000e+04
2.514390051364898682e-01,-3.000000119209289551e-01,2.911160588264465332e-01,-2.691942267119884491e-02,1.045463800430297852e+00,5.150011554360389709e-02,3.214000000000000000e+03,3.434235107421875000e+03
-1.183409467339515686e-01,-5.683409571647644043e-01,7.047609984874725342e-02,-3.826156556606292725e-01,7.482100129127502441e-01,5.899741128087043762e-02,2.406000000000000000e+03,2.699022705078125000e+03
2.145627290010452271e-01,-2.500000000000000000e-01,-4.531739279627799988e-02,-3.851906657218933105e-01,6.936913132667541504e-01,6.656690686941146851e-02,2.468000000000000000e+03,2.891812744140625000e+03
1.329784244298934937e-01,-4.166139364242553711e-01,2.174559533596038818e-01,-3.180179595947265625e-01,8.032180666923522949e-01,7.096794247627258301e-02,2.360000000000000000e+03,2.421227783203125000e+03
-3.000000119209289551e-01,1.764043420553207397e-01,-3.174221143126487732e-02,-2.367568910121917725e-01,1.200688123703002930e+00,5.572077631950378418e-02,4.786000000000000000e+03,5.562868164062500000e+03
-5.000000074505805969e-02,-1.510896813124418259e-02,9.803139418363571167e-02,-9.017673879861831665e-02,1.227789759635925293e+00,6.184377521276473999e-02,4.841000000000000000e+03,4.929388183593750000e+03
-5.000000074505805969e-02,1.764043420553207397e-01,-3.211182355880737305e-02,3.296653330326080322e-01,6.402363181114196777e-01,6.430926918983459473e-02,2.007000000000000000e+03,2.122034179687500000e+03
-2.000000029802322388e-01,9.482004493474960327e-02,-5.130009651184082031e-01,1.789579987525939941e-01,1.219538092613220215e+00,5.647333338856697083e-02,4.671000000000000000e+03,4.995475585937500000e+03
1.345701515674591064e-01,-1.500000059604644775e-01,3.445351868867874146e-02,-5.840260908007621765e-02,1.231344342231750488e+00,6.593276560306549072e-02,4.900000000000000000e+03,4.959458984375000000e+03
-2.000000029802322388e-01,9.482004493474960327e-02,7.352840155363082886e-02,4.718559980392456055e-02,1.199019312858581543e+00,6.474469602108001709e-02,4.356000000000000000e+03,4.586787597656250000e+03
1.764043420553207397e-01,-1.118416264653205872e-01,2.394231706857681274e-01,-2.094311714172363281e-01,8.725789785385131836e-01,6.565681099891662598e-02,3.402000000000000000e+03,3.462202392578125000e+03
-1.500000059604644775e-01,-1.024989411234855652e-02,6.997016817331314087e-02,-6.212785840034484863e-02,6.940956115722656250e-01,7.326211780309677124e-02,2.563000000000000000e+03,2.828079101562500000e+03
4.183419048786163330e-02,-1.000000014901161194e-01,1.166661977767944336e-01,-1.231676414608955383e-01,1.093761444091796875e+00,6.053399667143821716e-02,3.811000000000000000e+03,3.830658935546875000e+03
-1.666139364242553711e-01,-4.499999880790710449e-01,-1.443406343460083008e-01,-3.314940929412841797e-01,8.655314445495605469e-01,7.516992092132568359e-02,2.490000000000000000e+03,2.537970214843750000e+03
0.000000000000000000e+00,2.872454822063446045e-01,6.451205164194107056e-02,3.487003743648529053e-01,9.546366930007934570e-01,5.880899354815483093e-02,3.838000000000000000e+03,3.871339843750000000e+03
2.872454822063446045e-01,-1.000000014901161194e-01,1.122280061244964600e-01,-1.273173391819000244e-01,8.701683282852172852e-01,6.917975842952728271e-02,2.271000000000000000e+03,2.364127929687500000e+03
0.000000000000000000e+00,1.366542428731918335e-01,-1.975866854190826416e-01,2.521277070045471191e-01,1.192035794258117676e+00,5.367467924952507019e-02,4.653000000000000000e+03,4.822549804687500000e+03
0.000000000000000000e+00,-2.000000029802322388e-01,9.534706175327301025e-02,-3.101243376731872559e-01,1.208210468292236328e+00,5.454129725694656372e-02,4.845000000000000000e+03,4.915363769531250000e+03
-1.312371436506509781e-02,-3.000000119209289551e-01,3.906114026904106140e-02,-3.022316694259643555e-01,5.292196869850158691e-01,6.061918660998344421e-02,1.676000000000000000e+03,1.692203002929687500e+03
2.059899121522903442e-01,2.813830375671386719e-01,-1.042639464139938354e-01,-1.648298949003219604e-01,9.707135558128356934e-01,5.804335325956344604e-02,3.499000000000000000e+03,4.530123046875000000e+03
4.183419048786163330e-02,-1.500000059604644775e-01,-4.519349038600921631e-01,-1.579511910676956177e-01,1.201473832130432129e+00,5.838956683874130249e-02,4.311000000000000000e+03,5.013402832031250000e+03
-1.661394163966178894e-02,3.896152675151824951e-01,6.593947112560272217e-02,2.346259951591491699e-01,1.053398251533508301e+00,6.170827150344848633e-02,4.287000000000000000e+03,4.404985351562500000e+03
4.223684668540954590e-01,1.366542428731918335e-01,3.589045703411102295e-01,2.175623923540115356e-01,9.691995382308959961e-01,5.861525610089302063e-02,3.239000000000000000e+03,3.275415771484375000e+03
-5.000000074505805969e-02,3.562291860580444336e-01,1.572208013385534286e-03,-3.305024933069944382e-03,1.172178506851196289e+00,5.788186565041542053e-02,4.472000000000000000e+03,4.892832031250000000e+03
0.000000000000000000e+00,-1.000000014901161194e-01,-1.857769340276718140e-01,-6.391597390174865723e-01,1.264932155609130859e+00,6.428974866867065430e-02,4.918000000000000000e+03,5.876905273437500000e+03
1.764043420553207397e-01,0.000000000000000000e+00,2.432790100574493408e-01,-2.693146169185638428e-01,8.597117662429809570e-01,7.483103126287460327e-02,2.600000000000000000e+03,2.864566406250000000e+03
5.000000074505805969e-02,-1.500000059604644775e-01,-1.782792061567306519e-02,-5.718766450881958008e-01,1.247848510742187500e+00,5.873033776879310608e-02,5.053000000000000000e+03,5.630762207031250000e+03
0.000000000000000000e+00,2.145627290010452271e-01,1.556355655193328857e-01,3.357805609703063965e-01,1.205316424369812012e+00,6.762433052062988281e-02,4.561000000000000000e+03,4.682499023437500000e+03
-7.075121253728866577e-02,3.687628731131553650e-02,2.371822297573089600e-02,-6.689467281103134155e-02,8.968577384948730469e-01,6.280373036861419678e-02,3.639000000000000000e+03,3.727860595703125000e+03
1.724607348442077637e-01,1.764043420553207397e-01,-2.455187961459159851e-02,3.295709490776062012e-01,9.601799845695495605e-01,6.105820834636688232e-02,3.363000000000000000e+03,3.586164550781250000e+03
9.482004493474960327e-02,-5.000000074505805969e-02,3.325287401676177979e-01,-3.594718500971794128e-02,1.187228202819824219e+00,5.954303219914436340e-02,4.952000000000000000e+03,5.149536621093750000e+03
9.482004493474960327e-02,-2.641935050487518311e-01,1.040527373552322388e-01,-5.584799647331237793e-01,1.065502285957336426e+00,5.842251703143119812e-02,4.085000000000000000e+03,4.391262695312500000e+03
3.562291860580444336e-01,3.815837576985359192e-02,6.015244722366333008e-01,-2.936586439609527588e-01,1.254076004028320312e+00,5.319529771804809570e-02,5.528000000000000000e+03,6.111430664062500000e+03
-2.000000029802322388e-01,-1.172467991709709167e-01,-2.833364903926849365e-01,-1.544931679964065552e-01,1.240933418273925781e+00,6.547468155622482300e-02,4.410000000000000000e+03,4.433722656250000000e+03
-8.707512021064758301e-01,-4.051799476146697998e-01,-8.674597144126892090e-01,-3.521600365638732910e-01,3.450826406478881836e-01,1.343251317739486694e-01,9.830000000000000000e+02,1.006193054199218750e+03
-2.000000029802322388e-01,3.896152675151824951e-01,-2.348954826593399048e-01,4.032440185546875000e-01,6.687634587287902832e-01,7.411881536245346069e-02,2.300000000000000000e+03,2.307252685546875000e+03
0.000000000000000000e+00,3.562291860580444336e-01,8.877513557672500610e-02,4.722729623317718506e-01,1.120659112930297852e+00,6.135094910860061646e-02,4.728000000000000000e+03,4.807765625000000000e+03
0.000000000000000000e+00,5.000000074505805969e-02,2.533400654792785645e-01,-8.949368447065353394e-02,1.189514636993408203e+00,1.043505370616912842e-01,3.755000000000000000e+03,3.973367675781250000e+03
2.145627290010452271e-01,-3.499999940395355225e-01,4.409585595130920410e-01,-4.719082117080688477e-01,1.079245328903198242e+00,6.398108601570129395e-02,4.450000000000000000e+03,4.698925292968750000e+03
-2.500000000000000000e-01,0.000000000000000000e+00,-5.143421292304992676e-01,2.629961669445037842e-01,1.114597082138061523e+00,6.611769646406173706e-02,3.818000000000000000e+03,4.234143066406250000e+03
-5.000000074505805969e-02,-2.683409452438354492e-01,-3.651016578078269958e-02,-2.807108759880065918e-01,5.114828348159790039e-01,6.335925310850143433e-02,1.688000000000000000e+03,1.690132080078125000e+03
5.000000074505805969e-02,0.000000000000000000e+00,2.988726496696472168e-01,1.959958113729953766e-02,1.259663224220275879e+00,5.582243949174880981e-02,4.705000000000000000e+03,4.888541503906250000e+03
2.872454822063446045e-01,-5.000000074505805969e-02,2.514542937278747559e-01,3.377197682857513428e-02,8.789765834808349609e-01,5.790424719452857971e-02,2.868000000000000000e+03,2.898698730468750000e+03
-1.000000014901161194e-01,-2.500000000000000000e-01,-4.857603013515472412e-01,-3.032532334327697754e-01,1.255008697509765625e+00,5.185979604721069336e-02,5.136000000000000000e+03,5.619316894531250000e+03
-1.500000059604644775e-01,1.764043420553207397e-01,-2.663615942001342773e-01,2.076171785593032837e-01,9.954559206962585449e-01,6.091278046369552612e-02,3.224000000000000000e+03,3.271226562500000000e+03
9.482004493474960327e-02,1.764043420553207397e-01,-5.809850618243217468e-02,1.187888234853744507e-01,1.170942544937133789e+00,5.427395179867744446e-02,4.627000000000000000e+03,4.716816894531250000e+03
-1.102498918771743774e-01,-3.000000119209289551e-01,-2.695277929306030273e-01,-3.633482847362756729e-04,1.231296062469482422e+00,6.609535217285156250e-02,4.477000000000000000e+03,4.811166015625000000e+03
-1.500000059604644775e-01,-1.500000059604644775e-01,-9.645222872495651245e-02,-3.333773612976074219e-01,6.612238883972167969e-01,7.483603805303573608e-02,2.132000000000000000e+03,2.306460449218750000e+03
3.562291860580444336e-01,-1.500000059604644775e-01,5.226062536239624023e-01,-4.163365364074707031e-01,1.049005270004272461e+00,6.586575508117675781e-02,4.160000000000000000e+03,4.524522949218750000e+03
2.145627290010452271e-01,0.000000000000000000e+00,4.275043606758117676e-01,-1.876631677150726318e-01,1.207956194877624512e+00,5.591121315956115723e-02,4.886000000000000000e+03,5.152685546875000000e+03
1.748126149177551270e-01,-1.500000059604644775e-01,4.136738479137420654e-01,-6.652820110321044922e-02,1.231863021850585938e+00,6.329358369112014771e-02,5.111000000000000000e+03,5.324061035156250000e+03
-5.000000074505805969e-02,2.514390051364898682e-01,-4.316612184047698975e-01,2.498653233051300049e-01,1.246984243392944336e+00,5.359688773751258850e-02,4.729000000000000000e+03,5.163021484375000000e+03
2.836198806762695312e-01,4.862083792686462402e-01,4.527238309383392334e-01,7.343829274177551270e-01,1.091653347015380859e+00,5.557643994688987732e-02,4.030000000000000000e+03,4.329467773437500000e+03
3.221365213394165039e-01,1.366542428731918335e-01,5.310618281364440918e-01,2.212125509977340698e-01,8.918266296386718750e-01,5.991041287779808044e-02,4.132000000000000000e+03,4.392522460937500000e+03
1.764043420553207397e-01,5.000000074505805969e-02,4.689709544181823730e-01,1.614312827587127686e-01,1.069050312042236328e+00,5.811565369367599487e-02,4.290000000000000000e+03,4.650230468750000000e+03
-1.024989411234855652e-02,4.203528761863708496e-01,1.072012782096862793e-01,6.238493323326110840e-01,9.673241376876831055e-01,9.737879037857055664e-02,3.819000000000000000e+03,4.041089355468750000e+03
2.145627290010452271e-01,2.872454822063446045e-01,2.926372587680816650e-01,1.600703895092010498e-01,8.245043158531188965e-01,5.826601013541221619e-02,2.596000000000000000e+03,2.680574707031250000e+03
-3.000000119209289551e-01,5.000000074505805969e-02,-9.342961758375167847e-02,6.386473029851913452e-02,1.181340575218200684e+00,5.576710030436515808e-02,3.725000000000000000e+03,3.838459716796875000e+03
6.146368011832237244e-02,-5.000000000000000000e-01,4.044179618358612061e-01,-8.864777684211730957e-01,1.007236957550048828e+00,8.042219281196594238e-02,3.909000000000000000e+03,4.885132812500000000e+03
-3.499999940395355225e-01,2.145627290010452271e-01,-5.522015690803527832e-02,3.841863274574279785e-01,1.128177881240844727e+00,6.291230767965316772e-02,4.819000000000000000e+03,5.248467773437500000e+03
-2.500000000000000000e-01,-5.000000074505805969e-02,-2.611862719058990479e-01,1.207260638475418091e-01,6.672779917716979980e-01,7.661313563585281372e-02,3.102000000000000000e+03,3.303136230468750000e+03
-6.724679470062255859e-02,-3.000000119209289551e-01,1.608360558748245239e-01,-3.065530061721801758e-01,1.159517407417297363e+00,5.669100210070610046e-02,3.879000000000000000e+03,4.027787597656250000e+03
2.145627290010452271e-01,9.482004493474960327e-02,4.485766589641571045e-01,5.220798403024673462e-02,1.185656070709228516e+00,6.152320653200149536e-02,4.491000000000000000e+03,4.670146972656250000e+03
0.000000000000000000e+00,-1.000000014901161194e-01,3.358467817306518555e-01,-1.328325867652893066e-01,1.119502425193786621e+00,5.680331215262413025e-02,4.021000000000000000e+03,4.379350097656250000e+03
-2.000000029802322388e-01,-1.000000014901161194e-01,-2.669465839862823486e-01,4.669253528118133545e-02,1.250491142272949219e+00,4.999179020524024963e-02,4.549000000000000000e+03,4.624516113281250000e+03
2.132806330919265747e-01,-1.000000014901161194e-01,7.707586139440536499e-02,-3.048563748598098755e-02,1.273121833801269531e+00,5.502084642648696899e-02,4.564000000000000000e+03,4.629712890625000000e+03
9.482004493474960327e-02,-5.000000074505805969e-02,1.350037157535552979e-01,-4.700762331485748291e-01,1.089189648628234863e+00,5.919761583209037781e-02,5.088000000000000000e+03,5.828058593750000000e+03
-5.179951898753643036e-03,-4.672468006610870361e-01,3.005317151546478271e-01,6.471742689609527588e-02,1.087166666984558105e+00,7.472908496856689453e-02,3.215000000000000000e+03,4.177465332031250000e+03
2.145627290010452271e-01,-4.499999880790710449e-01,1.050348393619060516e-02,-3.698164224624633789e-01,9.938510656356811523e-01,6.290242075920104980e-02,3.535000000000000000e+03,3.705075683593750000e+03
-3.183409571647644043e-01,-3.000000119209289551e-01,-3.920614123344421387e-01,-3.834464550018310547e-01,7.593694329261779785e-01,7.038512080907821655e-02,3.031000000000000000e+03,3.095768798828125000e+03
-1.618416309356689453e-01,-1.500000059604644775e-01,-2.505382336676120758e-02,-4.960635676980018616e-02,1.249310135841369629e+00,5.989409983158111572e-02,4.653000000000000000e+03,4.738616699218750000e+03
8.489102870225906372e-02,5.000000074505805969e-02,-1.407805681228637695e-01,-1.094810292124748230e-01,7.534964680671691895e-01,6.288196146488189697e-02,3.178000000000000000e+03,3.593148193359375000e+03
-5.000000000000000000e-01,-1.651089638471603394e-01,-5.179440975189208984e-01,-2.697861790657043457e-01,6.656683087348937988e-01,7.806588709354400635e-02,2.706000000000000000e+03,2.774352783203125000e+03
0.000000000000000000e+00,-6.590732932090759277e-02,-4.991116002202033997e-02,-1.348121613264083862e-01,1.196116328239440918e+00,5.867516621947288513e-02,4.749000000000000000e+03,4.773153320312500000e+03
-2.000000029802322388e-01,-5.000000074505805969e-02,-5.720293149352073669e-02,-7.498121261596679688e-02,1.278509259223937988e+00,6.039315462112426758e-02,4.250000000000000000e+03,4.304514648437500000e+03
3.896152675151824951e-01,1.764043420553207397e-01,2.728884220123291016e-01,1.237658858299255371e-01,9.846853017807006836e-01,6.065791100263595581e-02,3.240000000000000000e+03,3.294661865234375000e+03
-1.131237149238586426e-01,-2.000000029802322388e-01,-9.975397586822509766e-02,-3.019427955150604248e-01,1.239721059799194336e+00,5.898878350853919983e-02,4.681000000000000000e+03,4.713245117187500000e+03
-5.000000074505805969e-02,1.366542428731918335e-01,-1.529081165790557861e-01,1.832848340272903442e-01,3.982447981834411621e-01,1.033812686800956726e-01,1.186000000000000000e+03,1.279736938476562500e+03
-1.683409363031387329e-01,-5.000000074505805969e-02,-2.670344412326812744e-01,-1.822751909494400024e-01,8.498550653457641602e-01,6.907822936773300171e-02,3.891000000000000000e+03,4.036072753906250000e+03
-2.500000000000000000e-01,1.366542428731918335e-01,-3.864353001117706299e-01,4.883502423763275146e-02,9.353355169296264648e-01,5.937204882502555847e-02,3.627000000000000000e+03,3.735429687500000000e+03
9.482004493474960327e-02,5.000000074505805969e-02,1.450394690036773682e-01,1.922590136528015137e-01,7.750549316406250000e-01,5.853286013007164001e-02,2.690000000000000000e+03,2.790867919921875000e+03
-5.000000074505805969e-02,1.764043420553207397e-01,-1.041230112314224243e-01,-3.930719569325447083e-02,9.289196133613586426e-01,6.472238153219223022e-02,3.121000000000000000e+03,3.297295898437500000e+03
2.145627290010452271e-01,-2.500000000000000000e-01,-2.659967541694641113e-01,-2.504673898220062256e-01,1.174788951873779297e+00,6.914055347442626953e-02,3.978000000000000000e+03,4.618870117187500000e+03
-3.000000119209289551e-01,2.514390051364898682e-01,-5.371062755584716797e-01,5.678141117095947266e-01,8.046788573265075684e-01,9.170097857713699341e-02,3.190000000000000000e+03,3.923155517578125000e+03
-5.000000074505805969e-02,-1.000000014901161194e-01,2.235935032367706299e-01,2.173308432102203369e-01,1.168943643569946289e+00,5.751150101423263550e-02,4.398000000000000000e+03,4.946342285156250000e+03
-6.312371790409088135e-02,-3.196730315685272217e-01,3.945448994636535645e-01,-1.885080188512802124e-01,1.198321104049682617e+00,6.032721698284149170e-02,4.018000000000000000e+03,4.629673339843750000e+03
5.000000074505805969e-02,2.145627290010452271e-01,3.545840084552764893e-01,1.474751979112625122e-01,1.275187253952026367e+00,5.754185095429420471e-02,4.756000000000000000e+03,5.036600097656250000e+03
5.000000074505805969e-02,-1.000000014901161194e-01,1.740525662899017334e-01,-9.270768612623214722e-02,9.900305271148681641e-01,6.983730196952819824e-02,3.901000000000000000e+03,3.962140869140625000e+03
2.145627290010452271e-01,-5.000000074505805969e-02,2.228882163763046265e-01,4.561347886919975281e-02,8.830057382583618164e-01,6.732459366321563721e-02,3.027000000000000000e+03,3.062706054687500000e+03
-2.000000029802322388e-01,-2.500000000000000000e-01,-4.125431180000305176e-02,-2.564864456653594971e-01,9.073124527931213379e-01,6.074911728501319885e-02,3.143000000000000000e+03,3.238732666015625000e+03
1.345701515674591064e-01,1.764043420553207397e-01,-7.428656518459320068e-02,-2.374685369431972504e-02,8.106891512870788574e-01,7.999341934919357300e-02,2.787000000000000000e+03,3.131779541015625000e+03
-2.000000029802322388e-01,1.366542428731918335e-01,-5.082621574401855469e-01,-1.632850021123886108e-01,1.202570676803588867e+00,5.833218246698379517e-02,4.712000000000000000e+03,5.297202636718750000e+03
4.223684668540954590e-01,-1.000000014901161194e-01,4.960100650787353516e-01,-2.977273464202880859e-01,4.213183522224426270e-01,9.509121626615524292e-02,1.148000000000000000e+03,1.421958618164062500e+03
-5.816580727696418762e-02,1.764043420553207397e-01,3.176253288984298706e-02,3.182161152362823486e-01,1.282671928405761719e+00,6.201186403632164001e-02,5.227000000000000000e+03,5.315895507812500000e+03
9.482004493474960327e-02,-1.000000014901161194e-01,-7.665305584669113159e-02,-1.131926476955413818e-01,6.621724367141723633e-01,1.065540239214897156e-01,2.280000000000000000e+03,2.431298095703125000e+03
-1.666139364242553711e-01,-1.000000014901161194e-01,-7.767068594694137573e-02,-1.014838814735412598e-01,1.140110969543457031e+00,5.842498317360877991e-02,4.161000000000000000e+03,4.186258300781250000e+03
-3.707512021064758301e-01,6.379825472831726074e-01,-6.405104994773864746e-01,5.286626815795898438e-01,9.552187323570251465e-01,7.102143764495849609e-02,3.415000000000000000e+03,3.725809814453125000e+03
-1.000000014901161194e-01,-3.000000119209289551e-01,-1.345035433769226074e-01,-5.671932101249694824e-01,6.153623461723327637e-01,7.638490945100784302e-02,1.836000000000000000e+03,2.174496826171875000e+03
-5.000000074505805969e-02,-2.000000029802322388e-01,-4.790462926030158997e-02,-8.308707177639007568e-02,7.014304399490356445e-01,6.611061096191406250e-02,2.126000000000000000e+03,2.184511230468750000e+03
-5.000000074505805969e-02,-1.500000059604644775e-01,3.899877890944480896e-02,-2.664179801940917969e-01,5.665107369422912598e-01,6.584668159484863281e-02,2.365000000000000000e+03,2.520495849609375000e+03
-1.000000014901161194e-01,-1.000000014901161194e-01,-1.117540746927261353e-01,-7.031537294387817383e-01,1.280928015708923340e+00,6.287837773561477661e-02,4.671000000000000000e+03,5.659658691406250000e+03
-1.618416309356689453e-01,-1.000000014901161194e-01,-2.495202869176864624e-01,-2.032893151044845581e-02,8.288768529891967773e-01,6.447509676218032837e-02,2.655000000000000000e+03,2.708901611328125000e+03
-2.000000029802322388e-01,5.000000074505805969e-02,-3.575971424579620361e-01,-2.381131350994110107e-01,8.365069031715393066e-01,6.255777925252914429e-02,3.529000000000000000e+03,4.054145996093750000e+03
9.183419495820999146e-02,0.000000000000000000e+00,1.009974181652069092e-01,2.205099351704120636e-02,9.852246642112731934e-01,5.662925913929939270e-02,3.091000000000000000e+03,3.092782226562500000e+03
9.482004493474960327e-02,-1.000000014901161194e-01,3.222615122795104980e-01,-5.754626542329788208e-02,1.228608727455139160e+00,6.758885830640792847e-02,4.631000000000000000e+03,4.793975585937500000e+03
3.687628731131553650e-02,-3.499999940395355225e-01,7.375945150852203369e-02,-7.448526024818420410e-01,1.227917075157165527e+00,5.319299921393394470e-02,5.160000000000000000e+03,5.685062500000000000e+03
-2.696730494499206543e-01,-6.881999224424362183e-02,-2.728093564510345459e-01,-2.003850936889648438e-01,7.829756140708923340e-01,7.656387239694595337e-02,2.519000000000000000e+03,2.589681640625000000e+03
-2.000000029802322388e-01,-3.000000119209289551e-01,-4.349498450756072998e-02,1.525406241416931152e-01,1.252692222595214844e+00,5.427513271570205688e-02,5.083000000000000000e+03,5.802848144531250000e+03
2.514390051364898682e-01,-6.419350951910018921e-02,3.861350715160369873e-01,2.838069200515747070e-01,1.007353782653808594e+00,6.605049967765808105e-02,3.747000000000000000e+03,4.246026855468750000e+03
-1.000000014901161194e-01,2.145627290010452271e-01,2.066532671451568604e-01,3.014512956142425537e-01,9.356894493103027344e-01,8.408170193433761597e-02,3.591000000000000000e+03,3.996729980468750000e+03
-4.000000059604644775e-01,7.820610702037811279e-02,-4.810001552104949951e-01,-5.388012528419494629e-02,5.574662089347839355e-01,7.315244525671005249e-02,1.930000000000000000e+03,2.076630859375000000e+03
4.862083792686462402e-01,4.482004791498184204e-02,5.273366570472717285e-01,-2.051831968128681183e-02,3.939710557460784912e-01,1.044164523482322693e-01,1.264000000000000000e+03,1.312210449218750000e+03
1.764043420553207397e-01,9.482004493474960327e-02,2.426569312810897827e-01,1.183270588517189026e-01,1.187011599540710449e+00,5.645390227437019348e-02,3.668000000000000000e+03,3.680846679687500000e+03
-5.000000074505805969e-02,2.145627290010452271e-01,2.700676620006561279e-01,-1.503450870513916016e-01,1.040753960609436035e+00,6.279807537794113159e-02,3.507000000000000000e+03,4.235558593750000000e+03
3.562291860580444336e-01,2.555659413337707520e-02,3.833266198635101318e-01,-1.124143525958061218e-01,1.153916239738464355e+00,6.622178107500076294e-02,4.079000000000000000e+03,4.139265136718750000e+03
-2.500000000000000000e-01,1.366542428731918335e-01,-5.313982963562011719e-01,5.114806890487670898e-01,1.149942994117736816e+00,6.385114043951034546e-02,4.285000000000000000e+03,4.972734375000000000e+03
-4.166139364242553711e-01,1.264043450355529785e-01,-1.561347842216491699e-01,2.877715528011322021e-01,9.082299470901489258e-01,1.084088459610939026e-01,2.263000000000000000e+03,2.513637695312500000e+03
0.000000000000000000e+00,1.366542428731918335e-01,4.000945389270782471e-01,2.546780109405517578e-01,9.789033532142639160e-01,7.340862601995468140e-02,3.254000000000000000e+03,3.823346191406250000e+03
-3.000000119209289551e-01,-2.000000029802322388e-01,-7.761403918266296387e-01,-2.776164412498474121e-01,1.132600426673889160e+00,5.677055567502975464e-02,4.442000000000000000e+03,5.216305175781250000e+03
5.000000074505805969e-02,9.482004493474960327e-02,1.742095500230789185e-01,1.640760153532028198e-01,1.076179385185241699e+00,6.600470095872879028e-02,3.755000000000000000e+03,3.820407226562500000e+03
3.165905550122261047e-02,-5.000000074505805969e-02,-4.453042149543762207e-01,-4.137849509716033936e-01,1.153527975082397461e+00,8.746439963579177856e-02,2.875000000000000000e+03,3.612279052734375000e+03
0.000000000000000000e+00,-3.000000119209289551e-01,-2.456943988800048828e-01,-4.452442526817321777e-01,7.269721627235412598e-01,5.858150124549865723e-02,2.849000000000000000e+03,3.272956054687500000e+03
5.000000074505805969e-02,2.514390051364898682e-01,2.164337784051895142e-03,5.891412496566772461e-01,1.177905917167663574e+00,5.928480625152587891e-02,4.803000000000000000e+03,5.197727050781250000e+03
5.000000074505805969e-02,1.366542428731918335e-01,5.244383588433265686e-02,1.243014857172966003e-01,1.264388203620910645e+00,6.088576838374137878e-02,3.795000000000000000e+03,3.795379638671875000e+03
-1.000000014901161194e-01,-5.816580727696418762e-02,-6.731233000755310059e-01,-2.476412951946258545e-01,1.112083315849304199e+00,6.363347917795181274e-02,3.699000000000000000e+03,4.727171875000000000e+03
-3.000000119209289551e-01,9.482004493474960327e-02,-3.691660761833190918e-01,1.649635136127471924e-01,7.896898388862609863e-01,6.318343430757522583e-02,2.311000000000000000e+03,2.346919921875000000e+03
-1.102498918771743774e-01,9.482004493474960327e-02,-2.307207286357879639e-01,8.813379704952239990e-02,1.189886212348937988e+00,7.215284556150436401e-02,4.346000000000000000e+03,4.390688964843750000e+03
-5.000000074505805969e-02,1.764043420553207397e-01,1.412337124347686768e-01,-1.007586270570755005e-01,1.269132256507873535e+00,5.667124316096305847e-02,4.977000000000000000e+03,5.321164062500000000e+03
-2.075121551752090454e-02,0.000000000000000000e+00,-1.090074405074119568e-01,2.148922234773635864e-01,1.035336494445800781e+00,6.341160088777542114e-02,3.094000000000000000e+03,3.247517578125000000e+03
1.724607348442077637e-01,2.514390051364898682e-01,4.635314270853996277e-02,4.082751870155334473e-01,5.930278301239013672e-01,9.595730900764465332e-02,1.693000000000000000e+03,1.882766357421875000e+03
1.366542428731918335e-01,-1.500000059604644775e-01,6.197276711463928223e-02,1.795587390661239624e-01,1.279315471649169922e+00,5.939951539039611816e-02,4.982000000000000000e+03,5.323384765625000000e+03
-3.499999940395355225e-01,8.687628805637359619e-02,-3.626517355442047119e-01,4.267884492874145508e-01,8.286883234977722168e-01,8.967451751232147217e-02,2.792000000000000000e+03,3.245200195312500000e+03
-4.000000059604644775e-01,1.345701515674591064e-01,-4.759174883365631104e-01,3.225894272327423096e-01,1.033917069435119629e+00,6.814477592706680298e-02,3.494000000000000000e+03,3.627265380859375000e+03
-6.312371790409088135e-02,-2.000000029802322388e-01,-2.350855432450771332e-02,3.346844017505645752e-01,1.266606807708740234e+00,6.029168143868446350e-02,5.270000000000000000e+03,6.178377441406250000e+03
2.769936323165893555e-01,5.481259822845458984e-01,3.529618084430694580e-01,6.150492429733276367e-01,7.769947648048400879e-01,6.963980942964553833e-02,2.354000000000000000e+03,2.393714111328125000e+03
2.810245752334594727e-01,-2.000000029802322388e-01,-1.153224185109138489e-01,-4.335837662220001221e-01,8.782408833503723145e-01,7.198809087276458740e-02,3.526000000000000000e+03,4.444119628906250000e+03
-1.618416309356689453e-01,-1.024989411234855652e-02,-1.300114691257476807e-01,2.311983108520507812e-01,8.631793856620788574e-01,6.375155597925186157e-02,2.968000000000000000e+03,3.199522460937500000e+03
2.872454822063446045e-01,9.482004493474960327e-02,2.314767837524414062e-01,2.154524475336074829e-01,8.489228487014770508e-01,6.874155998229980469e-02,3.115000000000000000e+03,3.191065185546875000e+03
8.687628805637359619e-02,5.000000074505805969e-02,7.195530086755752563e-02,1.061080470681190491e-01,1.078211903572082520e+00,6.636598706245422363e-02,3.692000000000000000e+03,3.702620605468750000e+03
-1.500000059604644775e-01,9.482004493474960327e-02,2.475965581834316254e-02,-3.067171014845371246e-02,1.097794890403747559e+00,6.221959367394447327e-02,3.452000000000000000e+03,3.583663330078125000e+03
2.080028411000967026e-03,-6.000000238418579102e-01,3.344549611210823059e-02,-5.446734428405761719e-01,5.287434458732604980e-01,1.014296635985374451e-01,1.899000000000000000e+03,1.926341918945312500e+03
5.000000074505805969e-02,2.132806330919265747e-01,1.876043975353240967e-01,-2.991031855344772339e-02,1.147021412849426270e+00,6.585827469825744629e-02,4.606000000000000000e+03,4.875150390625000000e+03
-1.500000059604644775e-01,3.221365213394165039e-01,-2.611257433891296387e-01,2.181158363819122314e-01,6.219176054000854492e-01,7.646169513463973999e-02,1.741000000000000000e+03,1.843717529296875000e+03
-6.419350951910018921e-02,1.366542428731918335e-01,-1.007299171760678291e-03,-1.299233455210924149e-02,1.140645384788513184e+00,5.698376521468162537e-02,4.846000000000000000e+03,4.943656250000000000e+03
-2.131237089633941650e-01,-1.000000014901161194e-01,-2.532314062118530273e-01,-4.396898671984672546e-02,1.102648973464965820e+00,6.570534408092498779e-02,4.267000000000000000e+03,4.283513671875000000e+03
-5.000000074505805969e-02,5.000000074505805969e-02,-1.958089880645275116e-02,-8.022169768810272217e-02,1.001318216323852539e+00,6.790194660425186157e-02,3.756000000000000000e+03,3.822466796875000000e+03
-2.000000029802322388e-01,-2.131237089633941650e-01,1.096123978495597839e-01,-6.364269852638244629e-01,1.113868236541748047e+00,7.339638471603393555e-02,4.639000000000000000e+03,5.620885253906250000e+03
3.171895444393157959e-01,3.338605910539627075e-02,-1.453749239444732666e-01,-8.123475313186645508e-02,1.255683302879333496e+00,5.909127742052078247e-02,4.517000000000000000e+03,5.146975585937500000e+03
5.173884034156799316e-01,4.862083792686462402e-01,4.550647735595703125e-01,5.274600982666015625e-01,4.595224261283874512e-01,1.869193613529205322e-01,2.119000000000000000e+03,2.174708496093750000e+03
-5.000000074505805969e-02,0.000000000000000000e+00,1.731124073266983032e-01,-2.196734696626663208e-01,1.095707893371582031e+00,5.676274001598358154e-02,4.745000000000000000e+03,5.124958984375000000e+03
4.183419048786163330e-02,1.764043420553207397e-01,2.827532887458801270e-01,2.875993251800537109e-01,6.590878367424011230e-01,6.335120648145675659e-02,2.152000000000000000e+03,2.488393554687500000e+03
-5.000000074505805969e-02,2.872454822063446045e-01,-4.748990237712860107e-01,2.138447761535644531e-01,1.223187446594238281e+00,6.151276454329490662e-02,4.768000000000000000e+03,5.344148925781250000e+03
2.514390051364898682e-01,-5.000000074505805969e-02,2.627295851707458496e-01,-7.172514498233795166e-02,7.716228961944580078e-01,8.465548604726791382e-02,2.372000000000000000e+03,2.374357666015625000e+03
-2.000000029802322388e-01,2.872454822063446045e-01,-1.835930645465850830e-01,3.372654020786285400e-01,6.518201231956481934e-01,6.707730144262313843e-02,2.042000000000000000e+03,2.055217285156250000e+03
-6.184162572026252747e-02,2.514390051364898682e-01,-7.241158932447433472e-02,5.317761301994323730e-01,9.513656497001647949e-01,5.885956808924674988e-02,3.469000000000000000e+03,3.764055419921875000e+03
9.482004493474960327e-02,9.482004493474960327e-02,8.505938947200775146e-02,4.914113506674766541e-02,1.100429892539978027e+00,6.120628118515014648e-02,4.315000000000000000e+03,4.322818847656250000e+03
-5.000000074505805969e-02,-3.000000119209289551e-01,-6.660346686840057373e-02,1.366460770368576050e-01,1.119599938392639160e+00,5.336547270417213440e-02,3.845000000000000000e+03,4.410684082031250000e+03
2.514390051364898682e-01,2.514390051364898682e-01,4.483245909214019775e-01,2.663787603378295898e-01,6.446519494056701660e-01,1.275194287300109863e-01,1.561000000000000000e+03,1.704266601562500000e+03
-1.102498918771743774e-01,-1.500000059604644775e-01,-7.916657626628875732e-02,-4.416767954826354980e-01,1.166799068450927734e+00,6.021484732627868652e-02,4.465000000000000000e+03,4.742575683593750000e+03
-2.672467827796936035e-01,0.000000000000000000e+00,-3.132717609405517578e-01,-4.092873632907867432e-02,1.103094220161437988e+00,5.912358686327934265e-02,3.710000000000000000e+03,3.721489746093750000e+03
-1.000000014901161194e-01,5.784529447555541992e-01,-4.492997378110885620e-02,5.483036637306213379e-01,7.860078215599060059e-01,5.914193391799926758e-02,2.854000000000000000e+03,2.872240234375000000e+03
1.366542428731918335e-01,-1.618416309356689453e-01,3.313951790332794189e-01,9.937620908021926880e-02,1.025026440620422363e+00,8.118556439876556396e-02,3.340000000000000000e+03,3.670274658203125000e+03
-5.000000074505805969e-02,-2.500000000000000000e-01,-2.128906548023223877e-01,-4.628720581531524658e-01,1.126391649246215820e+00,7.221234589815139771e-02,4.114000000000000000e+03,4.344129882812500000e+03
1.366542428731918335e-01,0.000000000000000000e+00,4.770545363426208496e-01,-9.673573076725006104e-02,1.091162681579589844e+00,6.671469658613204956e-02,3.739000000000000000e+03,4.122577148437500000e+03
-3.499999940395355225e-01,-2.641935050487518311e-01,-3.954032361507415771e-01,-1.087452247738838196e-01,5.894728899002075195e-01,1.151504963636398315e-01,1.818000000000000000e+03,1.953094970703125000e+03
3.815837576985359192e-02,1.366542428731918335e-01,3.050143830478191376e-02,2.230635285377502441e-02,1.251615047454833984e+00,5.770156905055046082e-02,4.450000000000000000e+03,4.487394042968750000e+03
-3.000000119209289551e-01,4.545493423938751221e-01,-2.835032045841217041e-01,4.444177448749542236e-01,6.414626836776733398e-01,5.827156826853752136e-02,1.849000000000000000e+03,1.850666748046875000e+03
2.145627290010452271e-01,1.366542428731918335e-01,-1.094397529959678650e-01,2.578623592853546143e-01,1.081965565681457520e+00,6.346468627452850342e-02,4.571000000000000000e+03,5.026723144531250000e+03
-1.618416309356689453e-01,-1.500000059604644775e-01,-2.326627671718597412e-01,-2.425408363342285156e-01,1.188077211380004883e+00,5.656845122575759888e-02,5.000000000000000000e+03,5.047835937500000000e+03
5.185220241546630859e-01,-9.499999880790710449e-01,5.825187563896179199e-01,-9.413169622421264648e-01,3.928131759166717529e-01,1.548216342926025391e-01,1.127000000000000000e+03,1.157219360351562500e+03
-3.151089549064636230e-01,2.514390051364898682e-01,5.705772433429956436e-03,-6.605999916791915894e-02,1.040241956710815430e+00,6.446805596351623535e-02,3.536000000000000000e+03,4.175859863281250000e+03
1.764043420553207397e-01,0.000000000000000000e+00,1.269366741180419922e-01,1.405097842216491699e-01,1.049773812294006348e+00,8.629755675792694092e-02,3.267000000000000000e+03,3.332348632812500000e+03
1.764043420553207397e-01,1.297110766172409058e-01,-2.529571354389190674e-01,1.456602960824966431e-01,1.218129038810729980e+00,5.799405649304389954e-02,4.607000000000000000e+03,5.163694335937500000e+03
5.000000074505805969e-02,1.366542428731918335e-01,-6.620533764362335205e-02,3.233375549316406250e-01,9.494334459304809570e-01,6.675306707620620728e-02,3.152000000000000000e+03,3.318997802734375000e+03
0.000000000000000000e+00,-4.000000059604644775e-01,4.124355688691139221e-02,-2.917452752590179443e-01,1.097358584403991699e+00,6.128319352865219116e-02,3.278000000000000000e+03,3.314497070312500000e+03
-4.000000059604644775e-01,8.975010365247726440e-02,-6.273417472839355469e-01,3.650388494133949280e-02,7.830787897109985352e-01,1.325057595968246460e-01,2.409000000000000000e+03,2.619197265625000000e+03
-2.000000029802322388e-01,2.145627290010452271e-01,-3.856562674045562744e-01,1.458714753389358521e-01,7.999043464660644531e-01,8.083645254373550415e-02,2.330000000000000000e+03,2.470791748046875000e+03
-1.500000059604644775e-01,5.000000074505805969e-02,-2.626149356365203857e-01,1.410727053880691528e-01,9.807444214820861816e-01,7.678434252738952637e-02,3.348000000000000000e+03,3.420582031250000000e+03
-2.000000029802322388e-01,2.514390051364898682e-01,-4.097389876842498779e-01,-1.299520581960678101e-01,9.904159307479858398e-01,7.472202926874160767e-02,3.444000000000000000e+03,4.081333251953125000e+03
1.366542428731918335e-01,-5.000000074505805969e-02,3.529170528054237366e-02,-2.476724982261657715e-01,1.265129566192626953e+00,6.185466796159744263e-02,4.880000000000000000e+03,5.029563476562500000e+03
-5.000000074505805969e-02,-5.000000074505805969e-02,-3.952902182936668396e-02,3.440703749656677246e-01,1.170188784599304199e+00,5.408856645226478577e-02,4.707000000000000000e+03,5.228321777343750000e+03
1.764043420553207397e-01,0.000000000000000000e+00,1.291150897741317749e-01,-1.757979094982147217e-01,9.798977971076965332e-01,7.095415890216827393e-02,2.753000000000000000e+03,2.847078369140625000e+03
0.000000000000000000e+00,-2.000000029802322388e-01,1.511182337999343872e-01,-5.644421651959419250e-02,1.157258391380310059e+00,6.335850059986114502e-02,4.626000000000000000e+03,4.774897949218750000e+03
5.000000074505805969e-02,-1.000000014901161194e-01,2.149598449468612671e-01,-1.233735978603363037e-01,1.168883681297302246e+00,5.968182533979415894e-02,4.499000000000000000e+03,4.589663574218750000e+03
-2.000000029802322388e-01,2.514390051364898682e-01,-3.565137386322021484e-01,-8.975048363208770752e-02,7.960038185119628906e-01,8.115145564079284668e-02,2.569000000000000000e+03,3.114786376953125000e+03
-2.000000029802322388e-01,8.975010365247726440e-02,-2.228080332279205322e-01,-5.467459559440612793e-01,1.039364457130432129e+00,6.039793789386749268e-02,3.824000000000000000e+03,5.165065917968750000e+03
0.000000000000000000e+00,-3.499999940395355225e-01,4.605265706777572632e-02,-2.338458746671676636e-01,1.243470788002014160e+00,5.729231983423233032e-02,4.420000000000000000e+03,4.464533691406250000e+03
-1.000000014901161194e-01,5.000000074505805969e-02,-7.304786145687103271e-02,-2.130483388900756836e-01,8.211744427680969238e-01,6.597200036048889160e-02,2.911000000000000000e+03,3.206007080078125000e+03
-4.000000059604644775e-01,-3.000000119209289551e-01,-4.384531080722808838e-01,-2.494930773973464966e-01,8.776509165763854980e-01,6.712481379508972168e-02,2.956000000000000000e+03,2.971464355468750000e+03
0.000000000000000000e+00,-3.499999940395355225e-01,5.520233139395713806e-02,-4.483881294727325439e-01,7.234115600585937500e-01,7.240071892738342285e-02,3.057000000000000000e+03,3.131140625000000000e+03
2.872454822063446045e-01,0.000000000000000000e+00,2.408600300550460815e-01,2.164281457662582397e-01,1.024349093437194824e+00,8.670677989721298218e-02,3.857000000000000000e+03,4.034996093750000000e+03
-6.024989485740661621e-02,-1.102498918771743774e-01,-2.769322991371154785e-01,-4.474880695343017578e-01,1.088334918022155762e+00,7.476788014173507690e-02,3.965000000000000000e+03,4.486977539062500000e+03
-1.188199892640113831e-01,1.366542428731918335e-01,-7.181847095489501953e-01,1.548751145601272583e-01,1.181495428085327148e+00,6.463769823312759399e-02,4.028000000000000000e+03,5.014983886718750000e+03
0.000000000000000000e+00,4.545493423938751221e-01,3.176565766334533691e-01,7.688438892364501953e-01,1.099355340003967285e+00,6.167018786072731018e-02,4.153000000000000000e+03,4.814544921875000000e+03
-6.781912595033645630e-02,-1.102498918771743774e-01,-3.221791386604309082e-01,-2.488142102956771851e-01,5.687924027442932129e-01,8.403586596250534058e-02,1.846000000000000000e+03,2.300041015625000000e+03
-1.141935139894485474e-01,2.872454822063446045e-01,-1.920311152935028076e-01,8.717821910977363586e-04,1.174844026565551758e+00,6.907752901315689087e-02,4.071000000000000000e+03,4.326474609375000000e+03
1.764043420553207397e-01,-1.000000014901161194e-01,-1.142074726521968842e-02,-2.079848498106002808e-01,6.295723915100097656e-01,5.612222477793693542e-02,2.262000000000000000e+03,2.522697753906250000e+03
-5.179951898753643036e-03,2.145627290010452271e-01,-1.680666022002696991e-02,6.868249177932739258e-01,1.189585924148559570e+00,6.235785409808158875e-02,4.617000000000000000e+03,5.319860839843750000e+03
-5.000000074505805969e-02,5.000000074505805969e-02,4.140903949737548828e-01,1.741988807916641235e-01,9.108552932739257812e-01,6.600144505500793457e-02,3.560000000000000000e+03,4.497661132812500000e+03
-1.500000059604644775e-01,0.000000000000000000e+00,-2.873561084270477295e-01,-1.125387176871299744e-01,1.139677166938781738e+00,6.390114128589630127e-02,4.338000000000000000e+03,4.442489746093750000e+03
-5.000000000000000000e-01,1.289127171039581299e-01,-3.740274310111999512e-01,1.422491520643234253e-01,7.608433365821838379e-01,6.067771464586257935e-02,2.466000000000000000e+03,2.533868408203125000e+03
-5.000000074505805969e-02,9.482004493474960327e-02,-1.426985561847686768e-01,-3.308849036693572998e-01,9.098848104476928711e-01,6.433434784412384033e-02,3.493000000000000000e+03,4.257619628906250000e+03
4.482004791498184204e-02,-2.159073352813720703e-01,5.148515701293945312e-01,-1.181078180670738220e-01,1.228124380111694336e+00,6.664332002401351929e-02,4.679000000000000000e+03,5.370005371093750000e+03
-1.651089638471603394e-01,-1.000000014901161194e-01,8.404655754566192627e-02,-2.964448332786560059e-01,1.161710500717163086e+00,6.827709078788757324e-02,4.569000000000000000e+03,4.904012695312500000e+03
2.514390051364898682e-01,1.366542428731918335e-01,5.621858686208724976e-02,-5.060718581080436707e-02,9.676846861839294434e-01,7.182098180055618286e-02,3.303000000000000000e+03,3.556166992187500000e+03
-2.000000029802322388e-01,-2.000000029802322388e-01,-2.574420273303985596e-01,-4.402618706226348877e-01,8.546879291534423828e-01,6.554415822029113770e-02,3.147000000000000000e+03,3.404517333984375000e+03
-2.500000000000000000e-01,9.482004493474960327e-02,-2.016996294260025024e-01,1.556760519742965698e-01,1.049923181533813477e+00,7.257056236267089844e-02,3.433000000000000000e+03,3.451723144531250000e+03
2.145627290010452271e-01,-2.000000029802322388e-01,1.822170615196228027e-01,5.239386856555938721e-02,6.446858644485473633e-01,8.062563091516494751e-02,2.535000000000000000e+03,2.916548828125000000e+03
-2.500000000000000000e-01,-2.000000029802322388e-01,-2.184765040874481201e-01,-1.505428701639175415e-01,7.573695778846740723e-01,6.711137294769287109e-02,2.197000000000000000e+03,2.210162841796875000e+03
-2.641935050487518311e-01,-1.500000059604644775e-01,-2.257961928844451904e-01,1.961828619241714478e-01,8.659987449645996094e-01,5.529743805527687073e-02,3.176000000000000000e+03,3.672461914062500000e+03
7.666178941726684570e-01,5.463535785675048828e-01,7.534603476524353027e-01,6.772682070732116699e-01,5.964517593383789062e-01,2.670282721519470215e-01,1.616000000000000000e+03,1.693748901367187500e+03
1.764043420553207397e-01,1.366542428731918335e-01,9.129405021667480469e-02,6.186493486166000366e-02,1.233147263526916504e+00,6.285247206687927246e-02,4.950000000000000000e+03,4.991595703125000000e+03
-1.102498918771743774e-01,-1.618416309356689453e-01,-4.235422983765602112e-02,-6.533948332071304321e-02,1.279650926589965820e+00,6.144022196531295776e-02,5.029000000000000000e+03,5.071732421875000000e+03
-2.000000029802322388e-01,-5.000000074505805969e-02,-3.393552601337432861e-01,-5.042591318488121033e-02,8.987448811531066895e-01,6.698894500732421875e-02,3.396000000000000000e+03,3.477239746093750000e+03
-2.159073352813720703e-01,-1.000000014901161194e-01,-1.120285317301750183e-01,-2.358583919703960419e-02,9.679216146469116211e-01,8.261974900960922241e-02,2.862000000000000000e+03,2.912646484375000000e+03
-1.000000014901161194e-01,2.514390051364898682e-01,-2.182121127843856812e-01,5.547193884849548340e-01,1.169308781623840332e+00,6.394833326339721680e-02,4.632000000000000000e+03,4.983913574218750000e+03
-2.000000029802322388e-01,5.000000074505805969e-02,-1.143687069416046143e-01,-9.897492825984954834e-02,1.274603962898254395e+00,6.531719118356704712e-02,5.376000000000000000e+03,5.473395996093750000e+03
-1.000000014901161194e-01,0.000000000000000000e+00,-6.265439838171005249e-02,-1.193077638745307922e-01,1.019682049751281738e+00,5.847397819161415100e-02,3.982000000000000000e+03,4.041842773437500000e+03
9.482004493474960327e-02,-2.000000029802322388e-01,2.427884787321090698e-01,-3.908725082874298096e-01,1.026196599006652832e+00,8.760588616132736206e-02,3.263000000000000000e+03,3.441099609375000000e+03
-1.659073382616043091e-01,2.145627290010452271e-01,-2.151793688535690308e-01,3.442672789096832275e-01,9.415249228477478027e-01,8.840560913085937500e-02,3.278000000000000000e+03,3.348554687500000000e+03
8.975010365247726440e-02,-1.500000059604644775e-01,-4.665520787239074707e-02,-2.076448202133178711e-01,1.080798029899597168e+00,6.884700059890747070e-02,4.357000000000000000e+03,4.438415527343750000e+03
-1.500000059604644775e-01,-1.000000014901161194e-01,-5.846794843673706055e-01,-1.198854967951774597e-01,1.128422260284423828e+00,6.609474867582321167e-02,4.566000000000000000e+03,5.222583007812500000e+03
-4.000000059604644775e-01,-1.000000014901161194e-01,-3.159162998199462891e-01,3.549653664231300354e-02,1.041664004325866699e+00,6.021118164062500000e-02,4.222000000000000000e+03,4.320240722656250000e+03
1.748126149177551270e-01,-1.500000059604644775e-01,3.539437353610992432e-01,1.071096658706665039e-01,7.736096978187561035e-01,6.603881716728210449e-02,3.279000000000000000e+03,3.797398925781250000e+03
4.223684668540954590e-01,3.213381767272949219e-01,6.184512972831726074e-01,3.225573599338531494e-01,8.870374560356140137e-01,6.057149544358253479e-02,3.711000000000000000e+03,3.890467285156250000e+03
9.482004493474960327e-02,-1.000000014901161194e-01,-3.035166859626770020e-02,-6.286448240280151367e-01,1.171711564064025879e+00,7.047361880540847778e-02,4.204000000000000000e+03,5.067632812500000000e+03
-1.683409363031387329e-01,9.482004493474960327e-02,-5.480597019195556641e-01,3.301737606525421143e-01,1.274035334587097168e+00,5.294659361243247986e-02,4.968000000000000000e+03,5.561280273437500000e+03
5.000000074505805969e-02,1.764043420553207397e-01,-2.911395132541656494e-01,2.547654509544372559e-01,1.196705579757690430e+00,5.662287026643753052e-02,4.385000000000000000e+03,4.753208007812500000e+03
-5.000000074505805969e-02,-3.000000119209289551e-01,-8.129174262285232544e-02,-1.445383764803409576e-02,5.498216152191162109e-01,7.668253779411315918e-02,1.906000000000000000e+03,2.398522460937500000e+03
-1.000000014901161194e-01,-4.000000059604644775e-01,-1.613170951604843140e-01,-4.536338448524475098e-01,1.073795080184936523e+00,7.074608653783798218e-02,3.234000000000000000e+03,3.252620849609375000e+03
-5.000000074505805969e-02,-2.500000000000000000e-01,1.653520613908767700e-01,2.003712952136993408e-01,1.076535463333129883e+00,7.275434583425521851e-02,4.042000000000000000e+03,4.872353027343750000e+03
-1.000000014901161194e-01,-1.000000014901161194e-01,-1.959731727838516235e-01,-2.764158248901367188e-01,8.559503555297851562e-01,6.566084921360015869e-02,2.942000000000000000e+03,3.101788085937500000e+03
-2.000000029802322388e-01,4.223684668540954590e-01,-1.886000186204910278e-01,4.768196642398834229e-01,7.192302346229553223e-01,6.614974886178970337e-02,2.443000000000000000e+03,2.457636718750000000e+03
-1.500000059604644775e-01,5.000000074505805969e-02,-1.185814440250396729e-01,2.878379821777343750e-01,1.219588160514831543e+00,5.602867528796195984e-02,4.788000000000000000e+03,4.971654296875000000e+03
-2.000000029802322388e-01,3.562291860580444336e-01,-2.336746007204055786e-01,5.361849069595336914e-01,9.466503858566284180e-01,7.228711247444152832e-02,3.782000000000000000e+03,3.922205322265625000e+03
1.366542428731918335e-01,9.482004493474960327e-02,1.265623122453689575e-01,6.053383946418762207e-01,1.219181418418884277e+00,5.368866771459579468e-02,5.168000000000000000e+03,6.042259277343750000e+03
-1.500000059604644775e-01,-2.500000000000000000e-01,-2.035268768668174744e-02,-3.926467150449752808e-02,1.193005800247192383e+00,6.691374629735946655e-02,3.810000000000000000e+03,3.972317871093750000e+03
3.221365213394165039e-01,-5.000000074505805969e-02,3.325967788696289062e-01,-2.970029115676879883e-01,7.867707014083862305e-01,8.331216126680374146e-02,2.380000000000000000e+03,2.609603515625000000e+03
-5.000000074505805969e-02,1.366542428731918335e-01,-3.539248406887054443e-01,5.731564760208129883e-01,1.170295238494873047e+00,7.847803831100463867e-02,3.955000000000000000e+03,4.737730957031250000e+03
-5.000000074505805969e-02,4.482004791498184204e-02,-1.664124876260757446e-01,1.117223575711250305e-01,6.760041117668151855e-01,6.801487505435943604e-02,2.595000000000000000e+03,2.696230468750000000e+03
-2.500000000000000000e-01,0.000000000000000000e+00,-1.256816387176513672e-01,2.587692067027091980e-02,8.306113481521606445e-01,6.615954637527465820e-02,3.331000000000000000e+03,3.408508056640625000e+03
-1.618416309356689453e-01,5.000000074505805969e-02,3.977022171020507812e-01,-2.149937450885772705e-01,1.249412775039672852e+00,5.669265240430831909e-02,4.984000000000000000e+03,6.146815917968750000e+03
-1.118416264653205872e-01,-1.500000059604644775e-01,4.394794106483459473e-01,1.218173131346702576e-01,1.254896521568298340e+00,6.057105958461761475e-02,4.400000000000000000e+03,5.403685546875000000e+03
-1.500000059604644775e-01,5.000000074505805969e-02,-2.023802846670150757e-01,4.175150394439697266e-01,8.550314903259277344e-01,9.746386110782623291e-02,2.974000000000000000e+03,3.512162597656250000e+03
-2.141935080289840698e-01,1.764043420553207397e-01,4.713203758001327515e-02,2.192043513059616089e-02,1.090408325195312500e+00,7.977222651243209839e-02,3.170000000000000000e+03,3.410839111328125000e+03
3.165905550122261047e-02,-5.000000074505805969e-02,1.924059726297855377e-02,1.192325651645660400e-01,1.183777928352355957e+00,6.011113524436950684e-02,4.533000000000000000e+03,4.625710937500000000e+03
-2.641935050487518311e-01,-5.000000074505805969e-02,-5.828880071640014648e-01,9.724403917789459229e-02,8.828718066215515137e-01,6.664589047431945801e-02,3.328000000000000000e+03,3.836554199218750000e+03
-3.499999940395355225e-01,1.622108370065689087e-01,-1.328109204769134521e-01,3.566305339336395264e-01,9.029279351234436035e-01,8.890506625175476074e-02,3.136000000000000000e+03,3.455107910156250000e+03
9.482004493474960327e-02,-5.816580727696418762e-02,4.658230766654014587e-02,-3.963494300842285156e-02,4.234140515327453613e-01,6.203988939523696899e-02,1.337000000000000000e+03,1.356922851562500000e+03
-6.024989485740661621e-02,2.145627290010452271e-01,-8.101630210876464844e-02,1.154244169592857361e-01,8.482447862625122070e-01,5.881716310977935791e-02,2.798000000000000000e+03,2.837591796875000000e+03
1.764043420553207397e-01,2.514390051364898682e-01,2.756179869174957275e-01,2.253791391849517822e-01,6.590594053268432617e-01,5.353237688541412354e-02,2.273000000000000000e+03,2.327750000000000000e+03
-1.688199937343597412e-01,-6.510896980762481689e-02,-6.835453212261199951e-02,2.781382501125335693e-01,1.214498996734619141e+00,5.860786139965057373e-02,4.985000000000000000e+03,5.408998535156250000e+03
-1.618416309356689453e-01,1.764043420553207397e-01,-1.937750577926635742e-01,4.399709105491638184e-01,9.502878785133361816e-01,6.120988726615905762e-02,2.649000000000000000e+03,2.852039306640625000e+03
1.275732517242431641e-01,3.275320306420326233e-02,-1.476995460689067841e-02,-1.855793297290802002e-01,9.307255148887634277e-01,6.644939631223678589e-02,3.096000000000000000e+03,3.334347656250000000e+03
-1.500000059604644775e-01,-5.500000119209289551e-01,-1.426382362842559814e-01,-4.758567512035369873e-01,8.595195412635803223e-01,6.137581914663314819e-02,2.467000000000000000e+03,2.485485839843750000e+03
3.815837576985359192e-02,9.482004493474960327e-02,7.147063314914703369e-02,5.496395006775856018e-02,1.231074929237365723e+00,6.425578147172927856e-02,4.820000000000000000e+03,4.828528808593750000e+03
9.482004493474960327e-02,-1.000000014901161194e-01,5.166120529174804688e-01,-1.979037523269653320e-01,1.076062917709350586e+00,6.456422805786132812e-02,3.855000000000000000e+03,4.457601074218750000e+03
-5.000000074505805969e-02,-2.000000029802322388e-01,-1.605427414178848267e-01,-3.800530731678009033e-01,8.671215176582336426e-01,8.810300379991531372e-02,2.943000000000000000e+03,3.114973388671875000e+03
3.221365213394165039e-01,-1.312371436506509781e-02,4.580174982547760010e-01,7.954636588692665100e-03,8.010132312774658203e-01,7.625662535429000854e-02,1.860000000000000000e+03,1.914567504882812500e+03
2.145627290010452271e-01,-5.000000074505805969e-02,7.164030671119689941e-01,-3.226262331008911133e-01,9.968312382698059082e-01,6.813187897205352783e-02,3.884000000000000000e+03,5.084212890625000000e+03
-2.192623913288116455e-01,-2.000000029802322388e-01,-2.099930793046951294e-01,-4.658287763595581055e-01,1.172540426254272461e+00,6.062635034322738647e-02,4.749000000000000000e+03,4.990701171875000000e+03
1.764043420553207397e-01,-1.000000014901161194e-01,4.464149773120880127e-01,-5.464243292808532715e-01,1.230642557144165039e+00,5.790919810533523560e-02,4.782000000000000000e+03,5.609354492187500000e+03
-1.102498918771743774e-01,2.145627290010452271e-01,-4.297418296337127686e-01,2.163753211498260498e-01,1.174080729484558105e+00,6.660524010658264160e-02,4.313000000000000000e+03,4.626426757812500000e+03
-2.500000000000000000e-01,5.000000074505805969e-02,-3.066754937171936035e-01,5.394116044044494629e-01,1.046963095664978027e+00,6.390191614627838135e-02,3.489000000000000000e+03,4.227477539062500000e+03
-2.000000029802322388e-01,-3.000000119209289551e-01,-3.144777715206146240e-01,-3.060064017772674561e-01,6.626504659652709961e-01,7.382983714342117310e-02,2.592000000000000000e+03,2.669004394531250000e+03
-4.499999880790710449e-01,-7.196730375289916992e-01,-5.832080841064453125e-01,-8.262332677841186523e-01,5.727760791778564453e-01,1.680289506912231445e-01,1.161000000000000000e+03,1.261874145507812500e+03
-1.204144284129142761e-01,-2.000000029802322388e-01,1.828695535659790039e-01,5.341537669301033020e-02,1.281202077865600586e+00,5.818495899438858032e-02,5.730000000000000000e+03,6.262522460937500000e+03
5.000000074505805969e-02,-1.000000014901161194e-01,1.054116338491439819e-01,-5.227898806333541870e-02,1.258401870727539062e+00,6.274323165416717529e-02,4.571000000000000000e+03,4.586468261718750000e+03
6.083970069885253906e-01,-1.362869888544082642e-01,3.614723384380340576e-01,-2.299280613660812378e-01,1.022184848785400391e+00,5.949704349040985107e-02,3.936000000000000000e+03,4.194787109375000000e+03
-1.000000014901161194e-01,-2.500000000000000000e-01,-1.994335204362869263e-01,-2.847405672073364258e-01,4.737854897975921631e-01,8.861944824457168579e-02,1.313000000000000000e+03,1.377154907226562500e+03
-2.672467827796936035e-01,-4.000000059604644775e-01,-1.027395352721214294e-01,-5.572670698165893555e-01,6.736329197883605957e-01,8.643094450235366821e-02,1.962000000000000000e+03,2.180170410156250000e+03
-5.000000000000000000e-01,-5.000000074505805969e-02,-1.037165522575378418e+00,-2.431584894657135010e-01,1.008955001831054688e+00,9.856096655130386353e-02,3.825000000000000000e+03,4.979161621093750000e+03
-2.500000000000000000e-01,-1.000000014901161194e-01,-1.810450106859207153e-01,-1.599029153585433960e-01,8.088536262512207031e-01,6.908868998289108276e-02,2.902000000000000000e+03,2.938885009765625000e+03
-1.631237119436264038e-01,-3.499999940395355225e-01,-1.144016757607460022e-01,-1.273201107978820801e-01,8.700784444808959961e-01,6.003675237298011780e-02,3.120000000000000000e+03,3.330881347656250000e+03
-5.179951898753643036e-03,-3.499999940395355225e-01,7.329200208187103271e-02,-5.418449640274047852e-01,5.656381249427795410e-01,8.511257916688919067e-02,1.970000000000000000e+03,2.226350341796875000e+03
-5.000000074505805969e-02,2.145627290010452271e-01,6.465995311737060547e-02,6.161598563194274902e-01,1.069203019142150879e+00,6.479707360267639160e-02,3.837000000000000000e+03,4.403657226562500000e+03
-1.500000059604644775e-01,0.000000000000000000e+00,-5.571918934583663940e-02,4.448879063129425049e-01,1.022835135459899902e+00,6.334748119115829468e-02,3.838000000000000000e+03,4.567042480468750000e+03
-5.000000074505805969e-02,0.000000000000000000e+00,-2.093607187271118164e-01,-1.834831014275550842e-02,5.682523250579833984e-01,6.250824779272079468e-02,2.308000000000000000e+03,2.488828369140625000e+03
5.000000074505805969e-02,-5.000000074505805969e-02,3.912309110164642334e-01,-3.618242964148521423e-02,1.279764175415039062e+00,5.981104448437690735e-02,5.313000000000000000e+03,5.685435546875000000e+03
1.366542428731918335e-01,1.764043420553207397e-01,4.688450992107391357e-01,1.847623884677886963e-01,1.159831881523132324e+00,6.572760641574859619e-02,4.760000000000000000e+03,5.142819335937500000e+03
-5.816580727696418762e-02,-1.500000059604644775e-01,2.223497331142425537e-01,-2.336594611406326294e-01,1.219814181327819824e+00,5.627665296196937561e-02,5.123000000000000000e+03,5.413794921875000000e+03
-1.500000059604644775e-01,1.764043420553207397e-01,-3.696051836013793945e-01,-3.598932921886444092e-01,1.281915187835693359e+00,5.936750769615173340e-02,5.206000000000000000e+03,6.224852050781250000e+03
5.000000074505805969e-02,-2.106863260269165039e-02,7.934972643852233887e-02,-4.822438359260559082e-01,1.057864546775817871e+00,5.727647244930267334e-02,4.438000000000000000e+03,5.250130859375000000e+03
0.000000000000000000e+00,-2.500000000000000000e-01,-5.599062889814376831e-02,-4.343039989471435547e-01,1.212027430534362793e+00,6.154961884021759033e-02,5.326000000000000000e+03,5.459631347656250000e+03
2.514390051364898682e-01,-1.141935139894485474e-01,3.056322634220123291e-01,-6.067904760129749775e-04,5.199556350708007812e-01,5.777271091938018799e-02,2.051000000000000000e+03,2.169699218750000000e+03
-8.165807463228702545e-03,1.316963285207748413e-01,-4.653830230236053467e-01,-1.780235320329666138e-01,1.185783147811889648e+00,7.120291143655776978e-02,4.222000000000000000e+03,5.095828613281250000e+03
-2.500000000000000000e-01,1.260000616312026978e-01,-9.988894313573837280e-02,2.329269796609878540e-01,7.741450071334838867e-01,5.019856244325637817e-02,2.585000000000000000e+03,2.729600341796875000e+03
5.000000074505805969e-02,-2.000000029802322388e-01,2.096188068389892578e-01,1.721112281084060669e-01,1.153108119964599609e+00,5.787137895822525024e-02,4.635000000000000000e+03,5.190694335937500000e+03
3.562291860580444336e-01,-1.500000059604644775e-01,5.656526088714599609e-01,-6.982298493385314941e-01,1.180652618408203125e+00,5.897991359233856201e-02,4.526000000000000000e+03,5.589934570312500000e+03
-2.500000000000000000e-01,9.482004493474960327e-02,-2.626007199287414551e-01,-2.038470059633255005e-01,9.755429029464721680e-01,5.193027853965759277e-02,3.727000000000000000e+03,4.069059326171875000e+03
5.000000074505805969e-02,-1.500000059604644775e-01,-2.245189100503921509e-01,-1.169073283672332764e-01,1.239521503448486328e+00,6.087376922369003296e-02,4.172000000000000000e+03,4.376897949218750000e+03
2.145627290010452271e-01,-2.000000029802322388e-01,1.029186770319938660e-01,-7.219742983579635620e-02,8.819629549980163574e-01,6.778106838464736938e-02,3.057000000000000000e+03,3.169036376953125000e+03
2.145627290010452271e-01,1.366542428731918335e-01,1.982494294643402100e-01,6.769902259111404419e-02,1.207111358642578125e+00,6.445925682783126831e-02,4.035000000000000000e+03,4.048892089843750000e+03
7.994404435157775879e-02,-1.000000014901161194e-01,1.000026986002922058e-01,-2.604553401470184326e-01,1.195506572723388672e+00,5.946908146142959595e-02,4.489000000000000000e+03,4.570961425781250000e+03
9.482004493474960327e-02,-1.000000014901161194e-01,-5.479498952627182007e-02,1.874912828207015991e-01,1.274275779724121094e+00,6.438717991113662720e-02,4.906000000000000000e+03,5.218233886718750000e+03
3.896152675151824951e-01,-3.166139423847198486e-01,3.198219537734985352e-01,-3.019341528415679932e-01,6.122630834579467773e-01,6.590650230646133423e-02,2.244000000000000000e+03,2.274383789062500000e+03
-2.000000029802322388e-01,-5.000000074505805969e-02,2.491600578650832176e-03,1.333853462710976601e-03,7.400001287460327148e-01,6.624113023281097412e-02,2.356000000000000000e+03,2.540589111328125000e+03
2.514390051364898682e-01,-2.500000000000000000e-01,3.598354160785675049e-01,1.831852495670318604e-01,8.719105720520019531e-01,7.484380900859832764e-02,2.225000000000000000e+03,2.778511962890625000e+03
-3.499999940395355225e-01,-1.500000059604644775e-01,-3.329900503158569336e-01,2.956768497824668884e-02,8.596398830413818359e-01,6.774836778640747070e-02,3.039000000000000000e+03,3.171292724609375000e+03
-2.000000029802322388e-01,2.841922044754028320e-01,-2.064164727926254272e-01,1.090073585510253906e-01,9.754409790039062500e-01,6.865546852350234985e-02,3.561000000000000000e+03,3.674925048828125000e+03
-2.000000029802322388e-01,-1.000000014901161194e-01,-2.052056193351745605e-01,3.203197121620178223e-01,1.280775070190429688e+00,5.482944846153259277e-02,4.903000000000000000e+03,5.418379882812500000e+03
5.000000074505805969e-02,-3.499999940395355225e-01,-9.346021711826324463e-02,-3.484310507774353027e-01,5.912896990776062012e-01,6.665628403425216675e-02,1.476000000000000000e+03,1.561835083007812500e+03
-5.000000000000000000e-01,-1.666139364242553711e-01,2.779290953185409307e-04,-3.324561417102813721e-01,1.015073776245117188e+00,6.368212401866912842e-02,3.171000000000000000e+03,3.981097412109375000e+03
3.975010663270950317e-02,-3.000000119209289551e-01,7.571719586849212646e-02,-1.178847476840019226e-01,1.209235787391662598e+00,5.979227647185325623e-02,4.483000000000000000e+03,4.588041992187500000e+03
-5.000000074505805969e-02,2.145627290010452271e-01,5.866656824946403503e-02,2.293938770890235901e-02,1.016244530677795410e+00,7.395539432764053345e-02,3.291000000000000000e+03,3.443674316406250000e+03
-1.184162404388189316e-02,4.862083792686462402e-01,-1.362138893455266953e-03,5.857860445976257324e-01,7.072017192840576172e-01,7.363766431808471680e-02,2.338000000000000000e+03,2.384766113281250000e+03
0.000000000000000000e+00,-1.618416309356689453e-01,3.021048381924629211e-02,-1.301776319742202759e-01,1.181004166603088379e+00,6.889210641384124756e-02,4.504000000000000000e+03,4.510180664062500000e+03
-3.000000119209289551e-01,0.000000000000000000e+00,-7.042820453643798828e-01,-8.158130943775177002e-02,9.603828787803649902e-01,6.532102823257446289e-02,3.466000000000000000e+03,4.081581298828125000e+03
-2.500000000000000000e-01,9.482004493474960327e-02,-3.507137298583984375e-01,-9.135087579488754272e-02,1.127508640289306641e+00,8.147785812616348267e-02,3.732000000000000000e+03,3.862571777343750000e+03
-3.000000119209289551e-01,9.482004493474960327e-02,1.943235397338867188e-01,1.119624152779579163e-01,1.247103214263916016e+00,6.273177266120910645e-02,4.763000000000000000e+03,5.488086914062500000e+03
9.482004493474960327e-02,-1.500000059604644775e-01,1.081362292170524597e-01,1.044596210122108459e-01,1.120982527732849121e+00,5.396424233913421631e-02,4.750000000000000000e+03,4.992977050781250000e+03
3.562291860580444336e-01,-5.000000074505805969e-02,5.755860805511474609e-01,-2.999498881399631500e-02,8.163369297981262207e-01,5.925443768501281738e-02,3.529000000000000000e+03,3.782024169921875000e+03
-5.683409571647644043e-01,-1.141935139894485474e-01,-7.242743968963623047e-01,5.080170184373855591e-02,7.663781046867370605e-01,8.604502677917480469e-02,2.501000000000000000e+03,2.716460937500000000e+03
-6.184162572026252747e-02,5.000000074505805969e-02,2.023412287235260010e-01,-5.204778164625167847e-02,1.153181552886962891e+00,6.068933755159378052e-02,3.849000000000000000e+03,4.078273437500000000e+03
-2.500000000000000000e-01,-2.000000029802322388e-01,9.760845452547073364e-02,-3.021834604442119598e-02,1.207551360130310059e+00,6.390836834907531738e-02,4.544000000000000000e+03,4.998889648437500000e+03
9.482004493474960327e-02,3.221365213394165039e-01,1.207029521465301514e-01,3.263605535030364990e-01,9.896245598793029785e-01,5.797955021262168884e-02,3.379000000000000000e+03,3.381375732421875000e+03
-2.000000029802322388e-01,-2.000000029802322388e-01,-1.091617792844772339e-01,-4.516121149063110352e-01,8.284781575202941895e-01,6.862473487854003906e-02,3.228000000000000000e+03,3.556469482421875000e+03
-4.499999880790710449e-01,1.724607348442077637e-01,-5.835838317871093750e-01,4.696522951126098633e-01,8.791915178298950195e-01,9.731917828321456909e-02,3.013000000000000000e+03,3.414272460937500000e+03
-3.000000119209289551e-01,5.000000074505805969e-02,-2.281047701835632324e-01,1.663516908884048462e-01,1.222990870475769043e+00,5.579241737723350525e-02,4.696000000000000000e+03,4.754597656250000000e+03
-1.000000014901161194e-01,-2.000000029802322388e-01,-3.507129848003387451e-01,-3.323651552200317383e-01,1.151096582412719727e+00,7.244067639112472534e-02,3.973000000000000000e+03,4.210793457031250000e+03
3.221365213394165039e-01,-3.151089549064636230e-01,4.836886227130889893e-01,-3.892300724983215332e-01,4.943606853485107422e-01,7.975806295871734619e-02,1.715000000000000000e+03,1.930500244140625000e+03
-1.500000059604644775e-01,-1.500000059604644775e-01,-7.928609102964401245e-02,-1.427060924470424652e-02,1.260062456130981445e+00,6.477891653776168823e-02,4.611000000000000000e+03,4.678543945312500000e+03
-4.000000059604644775e-01,-1.000000014901161194e-01,-2.101480215787887573e-01,-1.166500896215438843e-01,1.220182895660400391e+00,6.112006679177284241e-02,3.929000000000000000e+03,4.024289062500000000e+03
9.482004493474960327e-02,3.221365213394165039e-01,1.299520283937454224e-01,1.594575643539428711e-01,9.799596667289733887e-01,6.033766269683837891e-02,3.635000000000000000e+03,3.738972167968750000e+03
1.366542428731918335e-01,-3.499999940395355225e-01,2.625518739223480225e-01,-1.426562517881393433e-01,1.036868333816528320e+00,5.524226650595664978e-02,3.673000000000000000e+03,3.871506835937500000e+03
9.482004493474960327e-02,1.366542428731918335e-01,1.580697000026702881e-01,-2.286985367536544800e-01,1.240974664688110352e+00,5.741199105978012085e-02,4.731000000000000000e+03,5.145557128906250000e+03
5.000000074505805969e-02,-2.500000000000000000e-01,4.761607944965362549e-01,-3.590200245380401611e-01,1.261028051376342773e+00,7.002545148134231567e-02,4.704000000000000000e+03,5.261346679687500000e+03
-2.500000000000000000e-01,5.000000074505805969e-02,-3.112046122550964355e-01,2.060985863208770752e-01,1.031544566154479980e+00,5.202536284923553467e-02,4.074000000000000000e+03,4.181105468750000000e+03
-5.000000074505805969e-02,1.366542428731918335e-01,2.188733406364917755e-02,3.352415859699249268e-01,9.760460853576660156e-01,7.155553996562957764e-02,3.203000000000000000e+03,3.351591796875000000e+03
1.366542428731918335e-01,-1.500000059604644775e-01,-1.141246408224105835e-01,-7.046235352754592896e-02,9.957704544067382812e-01,6.582654267549514771e-02,3.897000000000000000e+03,4.164036621093750000e+03
3.221365213394165039e-01,-5.000000074505805969e-02,3.290231227874755859e-01,-1.707445830106735229e-01,6.983849406242370605e-01,1.656669378280639648e-01,9.950000000000000000e+02,1.024559936523437500e+03
-3.151089549064636230e-01,3.338605910539627075e-02,-2.832156717777252197e-01,1.770987957715988159e-01,1.163500189781188965e+00,5.558082833886146545e-02,4.453000000000000000e+03,4.523959472656250000e+03
3.562291860580444336e-01,-4.499999880790710449e-01,4.290282428264617920e-01,-3.441374599933624268e-01,7.753767967224121094e-01,6.553152948617935181e-02,3.166000000000000000e+03,3.252570312500000000e+03
-2.000000029802322388e-01,2.872454822063446045e-01,-1.742500662803649902e-01,2.205409258604049683e-01,1.153508901596069336e+00,6.463474780321121216e-02,4.399000000000000000e+03,4.416024414062500000e+03
-2.000000029802322388e-01,2.145627290010452271e-01,-2.723115682601928711e-01,6.675374507904052734e-02,9.592996835708618164e-01,5.634981766343116760e-02,3.612000000000000000e+03,3.717299804687500000e+03
3.975010663270950317e-02,3.221365213394165039e-01,1.219420209527015686e-01,4.536813497543334961e-01,5.336291790008544922e-01,1.087746843695640564e-01,1.515000000000000000e+03,1.640585571289062500e+03
2.872454822063446045e-01,9.482004493474960327e-02,4.238947108387947083e-02,5.905958414077758789e-01,1.125705957412719727e+00,7.200463116168975830e-02,3.972000000000000000e+03,4.884881835937500000e+03
-1.000000014901161194e-01,1.764043420553207397e-01,-5.096365809440612793e-01,-2.329636067152023315e-01,1.230792284011840820e+00,5.361041799187660217e-02,4.759000000000000000e+03,5.766284667968750000e+03
2.514390051364898682e-01,3.815837576985359192e-02,3.723808526992797852e-01,-3.805823326110839844e-01,1.267376899719238281e+00,6.110922247171401978e-02,4.645000000000000000e+03,5.180340820312500000e+03
-2.000000029802322388e-01,4.482004791498184204e-02,-1.260638684034347534e-01,1.201246753334999084e-01,1.169521689414978027e+00,6.059324741363525391e-02,4.108000000000000000e+03,4.141375488281250000e+03
2.872454822063446045e-01,0.000000000000000000e+00,3.119377493858337402e-01,-1.502726525068283081e-01,6.286709308624267578e-01,7.311346381902694702e-02,2.307000000000000000e+03,2.440514892578125000e+03
5.000000074505805969e-02,1.764043420553207397e-01,3.752258419990539551e-01,2.675962746143341064e-01,1.136971950531005859e+00,6.843292713165283203e-02,4.245000000000000000e+03,4.612265625000000000e+03
-1.500000059604644775e-01,1.764043420553207397e-01,-1.702544689178466797e-01,1.998744755983352661e-01,1.099615812301635742e+00,6.147192046046257019e-02,3.689000000000000000e+03,3.691896240234375000e+03
-3.000000119209289551e-01,1.764043420553207397e-01,-3.161841630935668945e-01,2.698656916618347168e-01,7.233874201774597168e-01,8.205333352088928223e-02,2.383000000000000000e+03,2.423853271484375000e+03
2.872454822063446045e-01,2.145627290010452271e-01,4.679950475692749023e-01,2.761504054069519043e-01,6.010542511940002441e-01,8.050143718719482422e-02,1.964000000000000000e+03,2.157413574218750000e+03
9.482004493474960327e-02,-5.816580727696418762e-02,2.194334268569946289e-01,1.034646183252334595e-01,9.132143259048461914e-01,5.735399201512336731e-02,3.260000000000000000e+03,3.420929443359375000e+03
6.961627006530761719e-01,-6.926239281892776489e-02,5.751379728317260742e-01,-1.877456456422805786e-01,5.915865898132324219e-01,7.315939664840698242e-02,1.665000000000000000e+03,1.798906372070312500e+03
2.145627290010452271e-01,-2.000000029802322388e-01,6.858190894126892090e-01,-1.412206050008535385e-02,1.196741819381713867e+00,5.856597796082496643e-02,4.224000000000000000e+03,4.952080566406250000e+03
9.482004493474960327e-02,0.000000000000000000e+00,3.716346248984336853e-02,-7.483839243650436401e-02,1.267213106155395508e+00,6.104462221264839172e-02,4.488000000000000000e+03,4.512814453125000000e+03
-4.000000059604644775e-01,5.000000074505805969e-02,-1.490607764571905136e-02,2.573023736476898193e-01,1.070907950401306152e+00,6.700306385755538940e-02,4.105000000000000000e+03,4.766330566406250000e+03
3.896152675151824951e-01,-6.661394238471984863e-02,3.035375177860260010e-01,1.473338901996612549e-01,9.788555502891540527e-01,5.850517377257347107e-02,3.779000000000000000e+03,3.986282714843750000e+03
1.764043420553207397e-01,0.000000000000000000e+00,2.346816062927246094e-01,5.245323758572340012e-03,1.220287203788757324e+00,5.802976712584495544e-02,4.274000000000000000e+03,4.283887207031250000e+03
0.000000000000000000e+00,-3.000000119209289551e-01,-2.494372129440307617e-01,-3.271863758563995361e-01,9.067331552505493164e-01,5.804610252380371094e-02,3.657000000000000000e+03,3.932392089843750000e+03
1.707469075918197632e-01,1.366542428731918335e-01,8.400406688451766968e-02,6.941032409667968750e-01,1.200749397277832031e+00,6.454805284738540649e-02,4.253000000000000000e+03,5.149829589843750000e+03
2.872454822063446045e-01,1.764043420553207397e-01,3.583642542362213135e-01,1.752245724201202393e-01,6.847696304321289062e-01,8.909244090318679810e-02,2.283000000000000000e+03,2.307680419921875000e+03
-1.500000059604644775e-01,-1.500000059604644775e-01,1.471571028232574463e-01,2.687989175319671631e-01,1.197208642959594727e+00,6.171676144003868103e-02,4.393000000000000000e+03,5.170309570312500000e+03
-2.000000029802322388e-01,5.000000074505805969e-02,-6.488263010978698730e-01,2.075904160737991333e-01,1.197548508644104004e+00,5.967579782009124756e-02,5.080000000000000000e+03,5.853345214843750000e+03
-5.000000074505805969e-02,-5.000000000000000000e-01,-2.215273119509220123e-02,-4.295771718025207520e-01,9.059360027313232422e-01,5.926600843667984009e-02,3.167000000000000000e+03,3.189084472656250000e+03
9.482004493474960327e-02,2.145627290010452271e-01,-3.771716356277465820e-01,4.794641137123107910e-01,1.276401281356811523e+00,5.786152929067611694e-02,4.545000000000000000e+03,5.331350097656250000e+03
2.872454822063446045e-01,-5.000000000000000000e-01,1.084006130695343018e-01,-5.291492938995361328e-01,6.623195409774780273e-01,9.115515649318695068e-02,2.579000000000000000e+03,2.768945556640625000e+03
-2.500000000000000000e-01,2.514390051364898682e-01,-3.781004548072814941e-01,1.447723209857940674e-01,5.401817560195922852e-01,9.079506993293762207e-02,1.568000000000000000e+03,1.714332031250000000e+03
-2.000000029802322388e-01,-3.151089549064636230e-01,-2.388594448566436768e-01,8.184255659580230713e-02,1.148156285285949707e+00,5.527731031179428101e-02,4.021000000000000000e+03,4.493679199218750000e+03
0.000000000000000000e+00,-1.500000059604644775e-01,2.513739466667175293e-01,-7.845405489206314087e-02,9.477446675300598145e-01,5.964870750904083252e-02,4.078000000000000000e+03,4.382384277343750000e+03
-1.500000059604644775e-01,-1.618416309356689453e-01,-3.886350989341735840e-01,2.406936585903167725e-01,1.060981512069702148e+00,6.240589544177055359e-02,3.778000000000000000e+03,4.482380371093750000e+03
4.223684668540954590e-01,2.514390051364898682e-01,3.119152784347534180e-01,4.679729044437408447e-01,8.303433060646057129e-01,6.848789006471633911e-02,3.132000000000000000e+03,3.394993652343750000e+03
-1.000000014901161194e-01,-5.000000074505805969e-02,-8.622746914625167847e-02,2.853330597281455994e-02,1.095140457153320312e+00,5.404368042945861816e-02,4.282000000000000000e+03,4.304716796875000000e+03
-4.000000059604644775e-01,-3.499999940395355225e-01,-1.446191221475601196e-01,-2.989452145993709564e-02,9.087021350860595703e-01,7.236611843109130859e-02,2.526000000000000000e+03,3.016682861328125000e+03
9.183419495820999146e-02,2.145627290010452271e-01,1.691015958786010742e-01,-9.880644828081130981e-02,1.215442538261413574e+00,6.354305148124694824e-02,4.795000000000000000e+03,5.128089355468750000e+03
-1.188199892640113831e-01,1.764043420553207397e-01,-3.445913195610046387e-01,1.231505721807479858e-01,1.247087001800537109e+00,5.900100618600845337e-02,4.827000000000000000e+03,4.992930664062500000e+03
-1.500000059604644775e-01,3.562291860580444336e-01,-1.611559689044952393e-01,6.418455839157104492e-01,1.223763227462768555e+00,5.379028990864753723e-02,4.986000000000000000e+03,5.254136230468750000e+03
4.223684668540954590e-01,-2.641935050487518311e-01,2.220400124788284302e-01,-4.229281246662139893e-01,8.133255243301391602e-01,8.046029508113861084e-02,2.746000000000000000e+03,3.010912353515625000e+03
-1.000000014901161194e-01,-1.500000059604644775e-01,-2.582041323184967041e-01,-7.878007888793945312e-01,1.276249885559082031e+00,5.927015841007232666e-02,4.656000000000000000e+03,5.827525390625000000e+03
-3.659073412418365479e-01,-1.102498918771743774e-01,-2.729840278625488281e-01,-4.118883907794952393e-01,1.156419277191162109e+00,5.761947110295295715e-02,4.871000000000000000e+03,5.228156250000000000e+03
-1.000000014901161194e-01,1.366542428731918335e-01,-1.292307972908020020e-01,-8.997655659914016724e-02,1.215216398239135742e+00,6.034261360764503479e-02,4.775000000000000000e+03,4.942063476562500000e+03
1.764043420553207397e-01,1.764043420553207397e-01,2.405776381492614746e-01,2.980106770992279053e-01,1.198731541633605957e+00,6.203282251954078674e-02,4.608000000000000000e+03,4.668191406250000000e+03
5.000000074505805969e-02,-6.000000238418579102e-01,-2.532739751040935516e-02,-4.299990236759185791e-01,1.018117308616638184e+00,6.237640976905822754e-02,3.634000000000000000e+03,3.754544921875000000e+03
-4.499999880790710449e-01,-1.500000059604644775e-01,-6.599276661872863770e-01,-2.203550040721893311e-01,8.364892601966857910e-01,8.683295547962188721e-02,2.775000000000000000e+03,2.966022216796875000e+03
-2.500000000000000000e-01,0.000000000000000000e+00,-1.129091903567314148e-01,-4.304584264755249023e-01,1.083901762962341309e+00,5.879558995366096497e-02,4.260000000000000000e+03,4.972589355468750000e+03
4.223684668540954590e-01,3.687628731131553650e-02,2.204566448926925659e-01,-1.576136052608489990e-01,9.190422892570495605e-01,6.233532726764678955e-02,3.418000000000000000e+03,3.729083007812500000e+03
3.164942860603332520e-01,4.862083792686462402e-01,3.900521993637084961e-01,6.154897212982177734e-01,1.003232002258300781e+00,5.390280485153198242e-02,4.095000000000000000e+03,4.184415527343750000e+03
2.514390051364898682e-01,0.000000000000000000e+00,1.511347293853759766e-01,3.151359781622886658e-02,1.205501556396484375e+00,6.370768696069717407e-02,4.937000000000000000e+03,4.974431640625000000e+03
1.764043420553207397e-01,-1.000000014901161194e-01,5.579867959022521973e-01,-1.771951466798782349e-01,1.226364493370056152e+00,5.160557851195335388e-02,5.201000000000000000e+03,5.713191406250000000e+03
1.366542428731918335e-01,-2.000000029802322388e-01,-9.530499577522277832e-03,-5.525450706481933594e-01,1.146167159080505371e+00,6.191188097000122070e-02,4.643000000000000000e+03,5.145017089843750000e+03
-1.000000014901161194e-01,0.000000000000000000e+00,-4.682977497577667236e-01,-2.129637449979782104e-01,1.130000591278076172e+00,6.612376868724822998e-02,4.779000000000000000e+03,5.435370117187500000e+03
-6.024989485740661621e-02,-1.500000059604644775e-01,-5.389935374259948730e-01,9.791567176580429077e-02,1.057756662368774414e+00,7.450748980045318604e-02,3.643000000000000000e+03,4.542427734375000000e+03
-3.499999940395355225e-01,2.132806330919265747e-01,-6.738218665122985840e-02,3.621058166027069092e-01,8.216846585273742676e-01,7.717005908489227295e-02,2.416000000000000000e+03,2.768752197265625000e+03
-2.500000000000000000e-01,-1.000000014901161194e-01,-5.789001584053039551e-01,-4.451477229595184326e-01,1.204698801040649414e+00,6.002487242221832275e-02,4.783000000000000000e+03,5.505635253906250000e+03
4.482004791498184204e-02,-1.618416309356689453e-01,-3.571343123912811279e-01,1.077367141842842102e-01,1.046745896339416504e+00,6.442291289567947388e-02,3.975000000000000000e+03,4.788547851562500000e+03
-2.000000029802322388e-01,1.764043420553207397e-01,-2.084997892379760742e-01,2.299583107233047485e-01,1.247169017791748047e+00,5.906530469655990601e-02,3.898000000000000000e+03,3.905400634765625000e+03
-5.500000119209289551e-01,3.221365213394165039e-01,-6.491448283195495605e-01,4.240651428699493408e-01,9.762816429138183594e-01,6.229821965098381042e-02,4.040000000000000000e+03,4.125085937500000000e+03
-2.641935050487518311e-01,-2.000000029802322388e-01,-6.525425314903259277e-01,-2.105095535516738892e-01,9.264665842056274414e-01,5.271776765584945679e-02,3.820000000000000000e+03,4.466221191406250000e+03
9.482004493474960327e-02,9.482004493474960327e-02,2.550103366374969482e-01,4.429301619529724121e-01,1.259504675865173340e+00,6.094694882631301880e-02,4.689000000000000000e+03,5.113974121093750000e+03
-5.179951898753643036e-03,5.481259822845458984e-01,-7.780499011278152466e-02,5.933575630187988281e-01,9.006960988044738770e-01,1.054071411490440369e-01,3.120000000000000000e+03,3.148002929687500000e+03
1.764043420553207397e-01,-5.000000074505805969e-02,1.228583306074142456e-01,-3.067619726061820984e-02,1.241562366485595703e+00,5.862529203295707703e-02,4.560000000000000000e+03,4.569685058593750000e+03
1.764043420553207397e-01,3.562291860580444336e-01,7.366711646318435669e-02,3.678514063358306885e-01,7.005347609519958496e-01,6.288385391235351562e-02,2.867000000000000000e+03,2.929154296875000000e+03
2.514390051364898682e-01,1.764043420553207397e-01,1.356783211231231689e-01,1.609123498201370239e-01,7.739235758781433105e-01,6.839551031589508057e-02,2.658000000000000000e+03,2.718138183593750000e+03
2.085852175951004028e-01,-2.131237089633941650e-01,-5.611401796340942383e-02,-4.594749510288238525e-01,1.137867569923400879e+00,6.850767135620117188e-02,5.286000000000000000e+03,5.806562500000000000e+03
1.764043420553207397e-01,9.183419495820999146e-02,3.399934172630310059e-01,3.215344250202178955e-01,1.220642685890197754e+00,5.356565490365028381e-02,5.052000000000000000e+03,5.318330566406250000e+03
-1.000000014901161194e-01,-1.618416309356689453e-01,-4.468612670898437500e-01,-5.622621774673461914e-01,1.236070990562438965e+00,5.817015841603279114e-02,4.761000000000000000e+03,5.603424804687500000e+03
-1.500000059604644775e-01,5.000000074505805969e-02,-3.318867087364196777e-01,-1.237531676888465881e-01,9.681339263916015625e-01,5.791037529706954956e-02,4.173000000000000000e+03,4.449915039062500000e+03
2.872454822063446045e-01,-5.000000074505805969e-02,2.605835795402526855e-01,-6.837975978851318359e-02,7.360026836395263672e-01,7.359348982572555542e-02,2.816000000000000000e+03,2.821470214843750000e+03
-1.500000059604644775e-01,3.896152675151824951e-01,-1.009423881769180298e-01,3.879779577255249023e-01,8.919441103935241699e-01,6.865388154983520508e-02,2.732000000000000000e+03,2.740308349609375000e+03
5.000000074505805969e-02,-1.141935139894485474e-01,1.432626247406005859e-01,6.821052730083465576e-02,1.148448705673217773e+00,1.297906339168548584e-01,2.502000000000000000e+03,2.581075439453125000e+03
0.000000000000000000e+00,5.000000074505805969e-02,-2.101605571806430817e-02,-6.927873939275741577e-02,5.290545821189880371e-01,6.121087819337844849e-02,1.776000000000000000e+03,1.867768310546875000e+03
1.366542428731918335e-01,0.000000000000000000e+00,1.230461299419403076e-01,-6.010543704032897949e-01,1.236982822418212891e+00,5.838454142212867737e-02,4.628000000000000000e+03,5.667976562500000000e+03
1.237514168024063110e-01,-3.192623853683471680e-01,-2.715729735791683197e-02,-4.060938358306884766e-01,7.322198152542114258e-01,9.568200260400772095e-02,2.688000000000000000e+03,2.837627929687500000e+03
-2.000000029802322388e-01,1.366542428731918335e-01,1.517006903886795044e-01,2.691314816474914551e-01,1.201217532157897949e+00,5.924164131283760071e-02,4.952000000000000000e+03,5.425796386718750000e+03
-2.834017276763916016e-01,6.672313809394836426e-01,-2.518031001091003418e-01,5.876583456993103027e-01,4.132607877254486084e-01,9.849698096513748169e-02,1.399000000000000000e+03,1.458279663085937500e+03
1.366542428731918335e-01,-2.000000029802322388e-01,-1.496802419424057007e-01,-1.266190409660339355e-01,8.932485580444335938e-01,5.384619534015655518e-02,3.628000000000000000e+03,4.015565429687500000e+03
-1.500000059604644775e-01,1.715452671051025391e-01,2.912909686565399170e-01,-3.559901118278503418e-01,1.282108664512634277e+00,5.987052991986274719e-02,5.172000000000000000e+03,6.576705566406250000e+03
-1.419351249933242798e-02,-1.118416264653205872e-01,1.899789869785308838e-01,-3.963834643363952637e-01,1.164842009544372559e+00,7.364355027675628662e-02,4.326000000000000000e+03,4.708290527343750000e+03
8.489102870225906372e-02,-1.000000014901161194e-01,1.545781195163726807e-01,-6.336809396743774414e-01,1.116202354431152344e+00,7.995332032442092896e-02,3.127000000000000000e+03,3.819230468750000000e+03
2.872454822063446045e-01,2.145627290010452271e-01,-1.128889098763465881e-01,2.763405144214630127e-01,1.043551206588745117e+00,5.468605086207389832e-02,3.734000000000000000e+03,4.277117187500000000e+03
-2.500000000000000000e-01,2.145627290010452271e-01,-3.201271295547485352e-01,4.099124670028686523e-01,1.023480176925659180e+00,5.259821191430091858e-02,4.712000000000000000e+03,4.904166992187500000e+03
2.145627290010452271e-01,3.562291860580444336e-01,2.376158982515335083e-01,4.996567964553833008e-01,5.829776525497436523e-01,9.785859286785125732e-02,2.526000000000000000e+03,2.680824218750000000e+03
1.724607348442077637e-01,1.764043420553207397e-01,2.868801914155483246e-02,-2.938748337328433990e-02,7.400367856025695801e-01,7.204564660787582397e-02,2.614000000000000000e+03,2.907000000000000000e+03
-3.499999940395355225e-01,3.580648824572563171e-02,9.814550727605819702e-02,-5.304464697837829590e-02,1.050821781158447266e+00,6.369994580745697021e-02,4.046000000000000000e+03,4.780887207031250000e+03
-2.000000029802322388e-01,-5.179951898753643036e-03,4.443733394145965576e-01,-2.086928337812423706e-01,1.253867864608764648e+00,5.697038769721984863e-02,5.151000000000000000e+03,6.566270019531250000e+03
0.000000000000000000e+00,2.514390051364898682e-01,8.781291544437408447e-02,4.721795916557312012e-01,1.165673494338989258e+00,5.408946797251701355e-02,4.957000000000000000e+03,5.161392578125000000e+03
1.264043450355529785e-01,-4.000000059604644775e-01,-1.719137579202651978e-01,-3.656626939773559570e-01,6.774045825004577637e-01,7.403609156608581543e-02,2.361000000000000000e+03,2.806146728515625000e+03
-2.500000000000000000e-01,-1.500000059604644775e-01,-1.388148367404937744e-01,-7.129587233066558838e-02,6.466906666755676270e-01,8.209368586540222168e-02,1.991000000000000000e+03,2.078604980468750000e+03
1.366542428731918335e-01,-1.500000059604644775e-01,7.598152011632919312e-02,-6.507977843284606934e-01,1.278932929039001465e+00,6.454896926879882812e-02,5.128000000000000000e+03,5.899827636718750000e+03
-4.000000059604644775e-01,1.366542428731918335e-01,-3.426574468612670898e-01,3.438658416271209717e-01,1.216892361640930176e+00,6.190969422459602356e-02,5.200000000000000000e+03,5.361350585937500000e+03
-1.102498918771743774e-01,-1.000000014901161194e-01,-2.038351595401763916e-01,-7.756068557500839233e-02,1.176152110099792480e+00,5.343361943960189819e-02,4.672000000000000000e+03,4.703398437500000000e+03
2.872454822063446045e-01,5.000000074505805969e-02,3.026209771633148193e-01,3.605898916721343994e-01,1.167577981948852539e+00,5.899212509393692017e-02,5.038000000000000000e+03,5.389561523437500000e+03
-1.500000059604644775e-01,-5.000000074505805969e-02,-1.798193529248237610e-02,-3.894134424626827240e-03,1.252155303955078125e+00,6.266167759895324707e-02,4.650000000000000000e+03,4.708023437500000000e+03
-1.659073382616043091e-01,-3.499999940395355225e-01,-3.297322690486907959e-01,-3.406444489955902100e-01,9.705317616462707520e-01,6.891547888517379761e-02,3.590000000000000000e+03,3.692032226562500000e+03
7.640434801578521729e-02,-5.500000119209289551e-01,1.513376180082559586e-02,-5.353316068649291992e-01,3.987130820751190186e-01,1.128135547041893005e-01,1.257000000000000000e+03,1.288114990234375000e+03
1.764043420553207397e-01,1.669811904430389404e-01,1.003284007310867310e-01,4.036427736282348633e-01,6.103851199150085449e-01,7.961365580558776855e-02,2.129000000000000000e+03,2.469415771484375000e+03
2.514390051364898682e-01,-1.500000059604644775e-01,-1.074587553739547729e-01,-5.845165252685546875e-01,1.218187808990478516e+00,5.729412660002708435e-02,4.784000000000000000e+03,5.763122558593750000e+03
9.482004493474960327e-02,-3.000000119209289551e-01,4.426972568035125732e-01,1.786509528756141663e-02,1.251607894897460938e+00,5.847792327404022217e-02,4.918000000000000000e+03,5.593460937500000000e+03
5.000000074505805969e-02,9.482004493474960327e-02,2.678123489022254944e-02,2.335347533226013184e-01,1.104426264762878418e+00,5.698081478476524353e-02,4.264000000000000000e+03,4.333075195312500000e+03
5.784529447555541992e-01,2.514390051364898682e-01,4.294167160987854004e-01,1.921809092164039612e-02,7.024315595626831055e-01,6.168505549430847168e-02,2.548000000000000000e+03,2.928606689453125000e+03
-1.000000014901161194e-01,5.000000074505805969e-02,1.323917508125305176e-01,-1.787024885416030884e-01,1.234715700149536133e+00,6.206631660461425781e-02,4.843000000000000000e+03,5.174860351562500000e+03
-4.499999880790710449e-01,4.183419048786163330e-02,-5.042619109153747559e-01,4.116311669349670410e-01,9.915956258773803711e-01,6.456149369478225708e-02,3.337000000000000000e+03,3.797081542968750000e+03
-2.500000000000000000e-01,-1.688199937343597412e-01,-4.701486825942993164e-01,-4.746081233024597168e-01,1.203442811965942383e+00,5.805848166346549988e-02,4.626000000000000000e+03,5.068605468750000000e+03
-2.500000000000000000e-01,-6.312371790409088135e-02,-2.011151313781738281e-01,1.152354255318641663e-01,1.029490590095520020e+00,5.679740756750106812e-02,4.287000000000000000e+03,4.424151855468750000e+03
-5.000000074505805969e-02,-2.000000029802322388e-01,-3.277493119239807129e-01,-4.411403238773345947e-01,8.875883817672729492e-01,6.329452246427536011e-02,3.323000000000000000e+03,3.872627441406250000e+03
3.221365213394165039e-01,1.366542428731918335e-01,2.317765653133392334e-01,-1.934529468417167664e-02,1.119772911071777344e+00,7.167457044124603271e-02,4.381000000000000000e+03,4.493907226562500000e+03
5.000000074505805969e-02,2.145627290010452271e-01,3.120116889476776123e-01,3.520398586988449097e-02,1.275810122489929199e+00,5.834505334496498108e-02,4.893000000000000000e+03,5.191485351562500000e+03
-2.075121551752090454e-02,1.306265294551849365e-01,1.661393046379089355e-01,-1.422383077442646027e-02,9.719336032867431641e-01,6.547207385301589966e-02,3.894000000000000000e+03,4.121544921875000000e+03
1.764043420553207397e-01,9.482004493474960327e-02,2.638975083827972412e-01,2.954852879047393799e-01,1.201142668724060059e+00,5.723501741886138916e-02,3.465000000000000000e+03,3.579252197265625000e+03
8.815837651491165161e-02,2.514390051364898682e-01,-6.562987715005874634e-02,-1.353370845317840576e-01,1.273937702178955078e+00,5.933748930692672729e-02,4.921000000000000000e+03,5.434101074218750000e+03
6.083970069885253906e-01,-1.500000059604644775e-01,3.710643053054809570e-01,-1.555813848972320557e-01,9.524903297424316406e-01,1.118079647421836853e-01,2.662000000000000000e+03,2.825159912109375000e+03
-6.000000238418579102e-01,7.971107959747314453e-02,-6.702478528022766113e-01,7.804032415151596069e-02,7.479435205459594727e-01,5.829829350113868713e-02,2.843000000000000000e+03,2.867968261718750000e+03
9.482004493474960327e-02,1.345701515674591064e-01,1.167555749416351318e-01,-4.767806828022003174e-01,1.213085770606994629e+00,5.951859802007675171e-02,4.862000000000000000e+03,6.035471191406250000e+03
-2.141935080289840698e-01,-6.881999224424362183e-02,-4.443896412849426270e-01,-6.421850621700286865e-02,1.054646015167236328e+00,6.223616003990173340e-02,4.194000000000000000e+03,4.391638183593750000e+03
2.145627290010452271e-01,3.815837576985359192e-02,9.685619920492172241e-02,2.607346512377262115e-02,1.281292796134948730e+00,6.197494640946388245e-02,4.584000000000000000e+03,4.622951171875000000e+03
-3.499999940395355225e-01,-1.500000059604644775e-01,-4.975997805595397949e-01,-2.417980283498764038e-01,8.002748489379882812e-01,5.783737078309059143e-02,3.073000000000000000e+03,3.216309082031250000e+03
3.221365213394165039e-01,6.578899919986724854e-02,3.917379677295684814e-01,5.145641565322875977e-01,1.255032300949096680e+00,5.780702829360961914e-02,4.839000000000000000e+03,5.454192871093750000e+03
-5.000000074505805969e-02,1.366542428731918335e-01,-5.153374671936035156e-01,-5.915745347738265991e-02,1.114673018455505371e+00,6.375300139188766479e-02,4.054000000000000000e+03,4.850361816406250000e+03
-1.500000059604644775e-01,-2.000000029802322388e-01,-1.809928417205810547e-01,-1.984395086765289307e-01,6.974900960922241211e-01,5.998377129435539246e-02,2.019000000000000000e+03,2.023012084960937500e+03
-1.500000059604644775e-01,0.000000000000000000e+00,-2.182051539421081543e-01,-3.099240064620971680e-01,1.115889191627502441e+00,5.423863232135772705e-02,4.470000000000000000e+03,4.824835937500000000e+03
1.764043420553207397e-01,-5.000000074505805969e-02,7.622646689414978027e-01,-2.938369512557983398e-01,1.245442986488342285e+00,6.169679388403892517e-02,4.462000000000000000e+03,5.563632324218750000e+03
2.473159283399581909e-01,0.000000000000000000e+00,-5.556537210941314697e-02,-3.591258525848388672e-01,1.259161710739135742e+00,5.653403326869010925e-02,5.167000000000000000e+03,5.863146484375000000e+03
1.764043420553207397e-01,-2.500000000000000000e-01,-9.558555670082569122e-03,-1.065609380602836609e-01,9.917095899581909180e-01,6.180003657937049866e-02,3.818000000000000000e+03,4.029490478515625000e+03
-1.500000059604644775e-01,5.000000074505805969e-02,1.158382371068000793e-02,-4.467062652111053467e-02,1.190301060676574707e+00,5.582641437649726868e-02,5.189000000000000000e+03,5.316575683593750000e+03
-1.000000014901161194e-01,2.145627290010452271e-01,-1.264814883470535278e-01,-5.613037347793579102e-01,1.284823060035705566e+00,6.122511997818946838e-02,4.277000000000000000e+03,5.739864257812500000e+03
-1.500000059604644775e-01,-8.165807463228702545e-03,-4.573194086551666260e-01,3.523028194904327393e-01,1.206850409507751465e+00,6.114884093403816223e-02,4.731000000000000000e+03,5.435014160156250000e+03
-3.000000119209289551e-01,-1.000000014901161194e-01,1.575199961662292480e-01,-3.620439469814300537e-01,1.249185323715209961e+00,6.091603636741638184e-02,4.802000000000000000e+03,5.626614746093750000e+03
5.000000074505805969e-02,-5.000000074505805969e-02,3.261892795562744141e-01,4.206922352313995361e-01,1.117865204811096191e+00,5.960262194275856018e-02,4.110000000000000000e+03,5.044022460937500000e+03
-6.024989485740661621e-02,-2.000000029802322388e-01,-3.385097980499267578e-01,-6.974496692419052124e-02,1.170014142990112305e+00,7.499049603939056396e-02,4.380000000000000000e+03,4.677403808593750000e+03
2.514390051364898682e-01,-3.499999940395355225e-01,7.702597975730895996e-02,-5.254462957382202148e-01,8.317713737487792969e-01,8.998882770538330078e-02,3.013000000000000000e+03,3.273676269531250000e+03
2.514390051364898682e-01,3.815837576985359192e-02,2.184980362653732300e-01,-4.886645376682281494e-01,1.194496154785156250e+00,6.271123141050338745e-02,4.667000000000000000e+03,5.540381347656250000e+03
-1.618416309356689453e-01,-1.000000014901161194e-01,-5.525877326726913452e-02,-2.973082847893238068e-02,1.262195467948913574e+00,6.077777966856956482e-02,5.189000000000000000e+03,5.241817871093750000e+03
-1.631237119436264038e-01,8.815837651491165161e-02,-2.025326490402221680e-01,-4.459511637687683105e-01,1.277434945106506348e+00,5.742403119802474976e-02,4.642000000000000000e+03,5.427277343750000000e+03
-5.000000074505805969e-02,-2.500000000000000000e-01,1.159323528409004211e-01,1.257959939539432526e-02,1.254079818725585938e+00,5.931251123547554016e-02,5.380000000000000000e+03,5.705089843750000000e+03
1.764043420553207397e-01,-3.000000119209289551e-01,1.506638079881668091e-01,-1.922160536050796509e-01,1.019669771194458008e+00,7.504638284444808960e-02,3.991000000000000000e+03,4.038077392578125000e+03
-2.000000029802322388e-01,3.562291860580444336e-01,1.894319802522659302e-01,2.564017772674560547e-01,1.125531673431396484e+00,5.835092440247535706e-02,4.498000000000000000e+03,5.056625488281250000e+03
0.000000000000000000e+00,2.145627290010452271e-01,-2.479739300906658173e-02,2.834639549255371094e-01,1.042759537696838379e+00,7.010287791490554810e-02,3.646000000000000000e+03,3.664020263671875000e+03
-3.000000119209289551e-01,5.000000074505805969e-02,-4.260807335376739502e-01,4.168369174003601074e-01,1.199633479118347168e+00,6.322126835584640503e-02,4.784000000000000000e+03,5.272789062500000000e+03
2.514390051364898682e-01,-3.000000119209289551e-01,2.676344215869903564e-01,-3.442267179489135742e-01,7.656332850456237793e-01,5.886076763272285461e-02,2.948000000000000000e+03,2.959224609375000000e+03
1.366542428731918335e-01,-1.000000014901161194e-01,2.966369986534118652e-01,-8.488234877586364746e-02,1.093433856964111328e+00,7.239398360252380371e-02,3.477000000000000000e+03,3.551837890625000000e+03
9.482004493474960327e-02,1.673918515443801880e-01,6.850301474332809448e-02,-3.370162248611450195e-01,1.249742269515991211e+00,5.479012057185173035e-02,5.000000000000000000e+03,5.787506347656250000e+03
9.482004493474960327e-02,-4.000000059604644775e-01,1.755113154649734497e-01,-5.277906730771064758e-02,1.179693937301635742e+00,5.561007186770439148e-02,4.706000000000000000e+03,5.127168457031250000e+03
0.000000000000000000e+00,4.482004791498184204e-02,1.929491758346557617e-01,2.148814648389816284e-01,9.947109818458557129e-01,6.692893058061599731e-02,3.360000000000000000e+03,3.580916015625000000e+03
3.562291860580444336e-01,4.531060755252838135e-01,3.950521945953369141e-01,4.660326540470123291e-01,1.097316265106201172e+00,6.309126317501068115e-02,4.727000000000000000e+03,4.733486816406250000e+03
3.562291860580444336e-01,1.329784244298934937e-01,2.718695998191833496e-01,3.798440396785736084e-01,8.930117487907409668e-01,7.206302881240844727e-02,3.040000000000000000e+03,3.294175537109375000e+03
-5.000000074505805969e-02,2.855316698551177979e-01,1.536635160446166992e-01,2.446887791156768799e-01,1.052433490753173828e+00,7.543276250362396240e-02,3.683000000000000000e+03,3.825068115234375000e+03
-5.000000074505805969e-02,-2.000000029802322388e-01,-3.102640211582183838e-01,-1.199670508503913879e-01,1.273809552192687988e+00,5.934159085154533386e-02,4.963000000000000000e+03,5.187259277343750000e+03
1.764043420553207397e-01,1.764043420553207397e-01,2.507252097129821777e-01,7.838235050439834595e-02,1.285285592079162598e+00,5.480014905333518982e-02,3.817000000000000000e+03,3.852003173828125000e+03
-1.500000059604644775e-01,-1.967304572463035583e-02,-2.316739559173583984e-01,-1.869322657585144043e-01,7.280289530754089355e-01,8.240026235580444336e-02,3.016000000000000000e+03,3.209748535156250000e+03
5.000000074505805969e-02,-1.500000059604644775e-01,1.251355409622192383e-01,-3.679900169372558594e-01,1.151584506034851074e+00,6.154665350914001465e-02,4.928000000000000000e+03,5.123488769531250000e+03
-2.688199877738952637e-01,-5.000000074505805969e-02,-6.603793799877166748e-02,6.971099227666854858e-02,9.932388663291931152e-01,6.743047386407852173e-02,3.183000000000000000e+03,3.359315917968750000e+03
-3.000000119209289551e-01,5.000000074505805969e-02,-3.350958228111267090e-01,-1.591482013463973999e-01,9.405069351196289062e-01,5.596443638205528259e-02,3.659000000000000000e+03,3.842412109375000000e+03
0.000000000000000000e+00,-4.000000059604644775e-01,-2.904284000396728516e-01,-5.513841509819030762e-01,9.888099431991577148e-01,6.610310077667236328e-02,3.557000000000000000e+03,3.936980712890625000e+03
-1.151089668273925781e-01,1.366542428731918335e-01,-1.595357358455657959e-01,1.640273332595825195e-01,1.207171678543090820e+00,6.369441747665405273e-02,4.143000000000000000e+03,4.150685058593750000e+03
-2.000000029802322388e-01,-1.000000014901161194e-01,-1.105737164616584778e-01,3.420948684215545654e-01,1.208577275276184082e+00,5.789134651422500610e-02,4.075000000000000000e+03,4.626139648437500000e+03
-4.000000059604644775e-01,0.000000000000000000e+00,-8.110779523849487305e-02,-5.737721920013427734e-02,7.642729878425598145e-01,8.718676120042800903e-02,2.249000000000000000e+03,2.638109375000000000e+03
1.764043420553207397e-01,-2.000000029802322388e-01,6.483904123306274414e-01,-8.811562508344650269e-02,1.143483757972717285e+00,5.645975470542907715e-02,4.887000000000000000e+03,5.732520996093750000e+03
-1.500000059604644775e-01,-4.166139364242553711e-01,-1.878879517316818237e-01,-6.726355552673339844e-01,7.833828926086425781e-01,8.074398338794708252e-02,2.940000000000000000e+03,3.252805419921875000e+03
3.687628731131553650e-02,1.366542428731918335e-01,-2.384691387414932251e-01,1.449515521526336670e-01,1.190711498260498047e+00,5.822798237204551697e-02,4.752000000000000000e+03,5.002515136718750000e+03
-5.000000074505805969e-02,-5.000000074505805969e-02,4.129527807235717773e-01,1.267207320779561996e-02,1.187187790870666504e+00,5.924691259860992432e-02,4.491000000000000000e+03,5.164392089843750000e+03
-1.151089668273925781e-01,-1.500000059604644775e-01,-1.777288317680358887e-01,9.022662788629531860e-02,1.134801268577575684e+00,6.479322910308837891e-02,4.408000000000000000e+03,4.616806152343750000e+03
4.183419048786163330e-02,-1.881999336183071136e-02,9.705875068902969360e-02,-7.391828298568725586e-02,5.030558705329895020e-01,7.370096445083618164e-02,1.817000000000000000e+03,1.860466674804687500e+03
-1.500000059604644775e-01,-2.000000029802322388e-01,-3.518592100590467453e-03,-2.237669825553894043e-01,7.263555526733398438e-01,6.639748066663742065e-02,2.506000000000000000e+03,2.609330322265625000e+03
3.221365213394165039e-01,-5.000000074505805969e-02,3.013403415679931641e-01,3.371301889419555664e-01,9.642229676246643066e-01,4.882649704813957214e-02,3.588000000000000000e+03,4.148864746093750000e+03
6.961627006530761719e-01,-4.807468876242637634e-02,6.322668194770812988e-01,2.486668154597282410e-02,3.147510588169097900e-01,1.318793743848800659e-01,9.070000000000000000e+02,9.912928466796875000e+02
1.345701515674591064e-01,-1.500000059604644775e-01,-4.362509250640869141e-01,-1.915950179100036621e-01,1.262244820594787598e+00,5.422074720263481140e-02,5.014000000000000000e+03,6.002623046875000000e+03
5.000000074505805969e-02,-2.000000029802322388e-01,-8.916290849447250366e-02,-3.011160492897033691e-01,1.257951021194458008e+00,6.524841487407684326e-02,5.002000000000000000e+03,5.094751953125000000e+03
-1.500000059604644775e-01,-4.000000059604644775e-01,7.354626804590225220e-02,-4.997992217540740967e-01,9.254841208457946777e-01,9.967439621686935425e-02,2.703000000000000000e+03,2.889065917968750000e+03
2.514390051364898682e-01,-1.500000059604644775e-01,4.262292981147766113e-01,-4.270824790000915527e-02,6.455702185630798340e-01,1.527156233787536621e-01,1.927000000000000000e+03,2.116769775390625000e+03
-1.000000014901161194e-01,5.000000074505805969e-02,-2.933863699436187744e-01,3.194876015186309814e-01,1.056079983711242676e+00,7.678281515836715698e-02,4.119000000000000000e+03,4.516368652343750000e+03
5.000000074505805969e-02,-5.000000074505805969e-02,-3.149111568927764893e-02,-3.406119942665100098e-01,1.153454542160034180e+00,7.499910891056060791e-02,3.759000000000000000e+03,4.011908935546875000e+03
-1.000000014901161194e-01,-1.500000059604644775e-01,-2.405480891466140747e-01,-4.721948206424713135e-01,1.086810231208801270e+00,7.295889407396316528e-02,3.821000000000000000e+03,4.211397949218750000e+03
1.764043420553207397e-01,5.000000074505805969e-02,5.856832265853881836e-01,6.471875309944152832e-02,1.260932922363281250e+00,5.971495062112808228e-02,4.889000000000000000e+03,5.392596679687500000e+03
-2.500000000000000000e-01,-2.500000000000000000e-01,8.204128593206405640e-02,-2.427701950073242188e-01,8.848685026168823242e-01,5.866804346442222595e-02,3.267000000000000000e+03,3.712270507812500000e+03
-2.500000000000000000e-01,1.366542428731918335e-01,-3.514282703399658203e-01,1.445609480142593384e-01,7.138187289237976074e-01,7.014416158199310303e-02,2.749000000000000000e+03,2.804397705078125000e+03
-5.179951898753643036e-03,7.924878597259521484e-02,2.130079828202724457e-02,9.030055254697799683e-02,1.172412872314453125e+00,6.846218556165695190e-02,4.109000000000000000e+03,4.111469238281250000e+03
-1.500000059604644775e-01,-2.000000029802322388e-01,-3.738027065992355347e-02,7.294083386659622192e-02,1.261691331863403320e+00,6.211275234818458557e-02,5.381000000000000000e+03,5.671815429687500000e+03
4.545493423938751221e-01,2.145627290010452271e-01,3.527644872665405273e-01,4.142233729362487793e-01,9.079916477203369141e-01,6.799254566431045532e-02,3.189000000000000000e+03,3.380781738281250000e+03
-3.000000119209289551e-01,5.173884034156799316e-01,-3.412238657474517822e-01,5.117051601409912109e-01,6.181188225746154785e-01,7.235273718833923340e-02,2.240000000000000000e+03,2.250135009765625000e+03
-1.000000014901161194e-01,2.145627290010452271e-01,-1.495981961488723755e-02,-4.022412896156311035e-01,1.277132511138916016e+00,5.835522338747978210e-02,4.900000000000000000e+03,6.009386230468750000e+03
9.482004493474960327e-02,-1.500000059604644775e-01,2.390989363193511963e-01,-6.877769231796264648e-01,1.262341618537902832e+00,5.279916152358055115e-02,4.731000000000000000e+03,5.613060058593750000e+03
-3.499999940395355225e-01,-1.641935110092163086e-01,-1.432682573795318604e-02,2.987250313162803650e-02,1.098471045494079590e+00,6.586873531341552734e-02,3.911000000000000000e+03,4.385450195312500000e+03
9.482004493474960327e-02,1.366542428731918335e-01,2.918025851249694824e-01,1.302115321159362793e-01,1.158475995063781738e+00,6.448754668235778809e-02,4.680000000000000000e+03,4.814717285156250000e+03
4.706742763519287109e-01,-1.049999952316284180e+00,4.399901032447814941e-01,-1.014555215835571289e+00,2.842611074447631836e-01,1.112705320119857788e-01,1.392000000000000000e+03,1.429569946289062500e+03
-2.641935050487518311e-01,9.183419495820999146e-02,-1.524619106203317642e-02,-3.370824456214904785e-01,1.204874753952026367e+00,5.255291610956192017e-02,4.997000000000000000e+03,5.814242187500000000e+03
-3.151089549064636230e-01,2.514390051364898682e-01,-2.034576684236526489e-01,1.431587934494018555e-01,9.294742345809936523e-01,6.130407005548477173e-02,3.585000000000000000e+03,3.684947998046875000e+03
-1.159073337912559509e-01,-1.102498918771743774e-01,-5.145096182823181152e-01,-4.368455111980438232e-01,1.205074787139892578e+00,7.593382894992828369e-02,4.621000000000000000e+03,5.432559082031250000e+03
5.000000074505805969e-02,3.221365213394165039e-01,1.315282136201858521e-01,6.607688665390014648e-01,9.596475958824157715e-01,7.170880585908889771e-02,3.261000000000000000e+03,3.678812744140625000e+03
0.000000000000000000e+00,1.764043420553207397e-01,2.974222004413604736e-01,2.894412577152252197e-01,8.038465380668640137e-01,6.043012440204620361e-02,3.042000000000000000e+03,3.503342773437500000e+03
-1.500000059604644775e-01,1.764043420553207397e-01,-2.274273633956909180e-01,1.025621145963668823e-01,8.775542378425598145e-01,5.768879503011703491e-02,3.078000000000000000e+03,3.123475830078125000e+03
-1.500000059604644775e-01,-4.000000059604644775e-01,-2.660846412181854248e-01,-1.082466691732406616e-01,1.112202167510986328e+00,6.811973452568054199e-02,3.950000000000000000e+03,4.259476562500000000e+03
0.000000000000000000e+00,-2.192623913288116455e-01,1.264488045126199722e-02,2.457517385482788086e-01,1.159024596214294434e+00,5.466455966234207153e-02,4.417000000000000000e+03,5.104848144531250000e+03
-1.500000059604644775e-01,2.514390051364898682e-01,-1.925057619810104370e-01,3.752172291278839111e-01,6.749529838562011719e-01,9.468814730644226074e-02,2.357000000000000000e+03,2.444878906250000000e+03
-2.688199877738952637e-01,-1.500000059604644775e-01,-1.907168924808502197e-01,-3.401857018470764160e-01,1.156446576118469238e+00,6.631742417812347412e-02,4.088000000000000000e+03,4.216413574218750000e+03
1.764043420553207397e-01,5.000000074505805969e-02,2.598831988871097565e-02,3.993511199951171875e-02,5.612615942955017090e-01,6.881716102361679077e-02,1.873000000000000000e+03,2.006087402343750000e+03
-1.000000014901161194e-01,3.975010663270950317e-02,9.376766160130500793e-03,6.469058245420455933e-02,5.676568150520324707e-01,7.090417295694351196e-02,1.960000000000000000e+03,2.036031494140625000e+03
3.975010663270950317e-02,-1.500000059604644775e-01,-2.079078182578086853e-02,-8.794037997722625732e-02,5.556311607360839844e-01,6.555667519569396973e-02,1.684000000000000000e+03,1.724841674804687500e+03
4.862083792686462402e-01,-2.500000000000000000e-01,5.679913163185119629e-01,-8.483021706342697144e-02,7.896997928619384766e-01,7.317372411489486694e-02,2.456000000000000000e+03,2.588078125000000000e+03
-2.485609948635101318e-01,-8.000000119209289551e-01,-3.111039400100708008e-01,-7.507550120353698730e-01,4.228567481040954590e-01,9.542413800954818726e-02,1.200000000000000000e+03,1.242230834960937500e+03
-1.500000059604644775e-01,-2.207512110471725464e-01,1.339106112718582153e-01,-2.326007783412933350e-01,6.446800231933593750e-01,7.918602973222732544e-02,2.224000000000000000e+03,2.638648437500000000e+03
1.366542428731918335e-01,-1.102498918771743774e-01,4.396368861198425293e-01,7.617153227329254150e-02,1.256285190582275391e+00,5.780723318457603455e-02,4.749000000000000000e+03,5.122707519531250000e+03
3.175724446773529053e-01,4.482004791498184204e-02,-8.143865503370761871e-03,-1.356661766767501831e-01,1.062217593193054199e+00,6.033877655863761902e-02,4.115000000000000000e+03,4.606414550781250000e+03
-5.000000000000000000e-01,-5.000000074505805969e-02,-6.587542891502380371e-01,8.158812671899795532e-02,7.885094285011291504e-01,5.789448320865631104e-02,3.294000000000000000e+03,3.515623291015625000e+03
-4.000000059604644775e-01,5.000000074505805969e-02,-1.355020850896835327e-01,-1.970993578433990479e-01,1.029580593109130859e+00,7.058890908956527710e-02,3.648000000000000000e+03,4.087084472656250000e+03
2.514390051364898682e-01,-1.500000059604644775e-01,1.953555196523666382e-01,1.433532238006591797e-01,1.069244265556335449e+00,5.667817220091819763e-02,4.398000000000000000e+03,4.735096191406250000e+03
4.223684668540954590e-01,-6.000000238418579102e-01,2.142989188432693481e-01,-4.082168936729431152e-01,8.701981902122497559e-01,8.142475038766860962e-02,3.341000000000000000e+03,3.686544189453125000e+03
3.562291860580444336e-01,1.764043420553207397e-01,4.045491218566894531e-01,1.089325845241546631e-01,7.445293068885803223e-01,1.170112267136573792e-01,1.418000000000000000e+03,1.435530883789062500e+03
-4.000000059604644775e-01,-1.500000059604644775e-01,-7.565769553184509277e-01,-9.247617423534393311e-02,1.079762578010559082e+00,5.974315479397773743e-02,4.367000000000000000e+03,4.842981445312500000e+03
-6.590732932090759277e-02,2.872454822063446045e-01,-2.327007353305816650e-01,2.120912969112396240e-01,1.116730093955993652e+00,6.151043623685836792e-02,4.165000000000000000e+03,4.275950195312500000e+03
1.366542428731918335e-01,-3.000000119209289551e-01,4.235589802265167236e-01,-2.749332189559936523e-01,1.235539793968200684e+00,5.906731262803077698e-02,4.734000000000000000e+03,4.987323242187500000e+03
1.366542428731918335e-01,1.366542428731918335e-01,3.726486861705780029e-01,9.644638746976852417e-02,1.277317047119140625e+00,5.569082126021385193e-02,5.179000000000000000e+03,5.359138671875000000e+03
3.118000738322734833e-02,-6.000000238418579102e-01,-9.002689272165298462e-02,-6.222023963928222656e-01,7.396471500396728516e-01,6.949606537818908691e-02,2.404000000000000000e+03,2.470162109375000000e+03
-2.000000029802322388e-01,4.545493423938751221e-01,-2.063437253236770630e-01,8.272262811660766602e-01,9.529667496681213379e-01,6.272115558385848999e-02,3.645000000000000000e+03,4.183302246093750000e+03
-1.000000014901161194e-01,2.848250567913055420e-01,1.169741824269294739e-01,1.214928328990936279e-01,1.238452315330505371e+00,6.444745510816574097e-02,4.735000000000000000e+03,4.960463378906250000e+03
2.872454822063446045e-01,3.975010663270950317e-02,2.679494023323059082e-01,-4.801279306411743164e-01,1.192170619964599609e+00,5.904542654752731323e-02,4.415000000000000000e+03,5.222922363281250000e+03
-2.641935050487518311e-01,2.145627290010452271e-01,-1.936662942171096802e-01,2.303384989500045776e-01,1.210821628570556641e+00,6.289494037628173828e-02,4.574000000000000000e+03,4.590293945312500000e+03
5.000000074505805969e-02,-3.659073412418365479e-01,-2.541678845882415771e-01,-3.785733580589294434e-01,9.599720239639282227e-01,9.823606163263320923e-02,3.367000000000000000e+03,3.697220214843750000e+03
2.145627290010452271e-01,8.169633150100708008e-02,5.324540138244628906e-01,7.301057130098342896e-02,1.145759940147399902e+00,7.303283363580703735e-02,3.572000000000000000e+03,3.842184326171875000e+03
-2.683409452438354492e-01,8.815837651491165161e-02,-5.157784819602966309e-01,-6.057484075427055359e-03,1.005391001701354980e+00,7.294382899999618530e-02,4.075000000000000000e+03,4.352961914062500000e+03
1.366542428731918335e-01,-5.000000074505805969e-02,-2.452248036861419678e-01,-1.266817748546600342e-01,1.036547660827636719e+00,7.339678704738616943e-02,3.668000000000000000e+03,4.169849121093750000e+03
-3.672468066215515137e-01,-1.000000014901161194e-01,-4.902432858943939209e-01,7.979313284158706665e-02,8.618250489234924316e-01,7.431367039680480957e-02,3.131000000000000000e+03,3.328409667968750000e+03
-1.000000014901161194e-01,2.514390051364898682e-01,9.430167824029922485e-02,-2.431209385395050049e-01,1.201333880424499512e+00,5.861699581146240234e-02,4.752000000000000000e+03,5.644612792968750000e+03
-2.678191363811492920e-01,3.896152675151824951e-01,-6.079594418406486511e-02,4.459282755851745605e-01,8.252923488616943359e-01,7.015278190374374390e-02,2.599000000000000000e+03,2.772262939453125000e+03
5.000000074505805969e-02,1.366542428731918335e-01,1.039402112364768982e-01,4.315190315246582031e-01,1.179043292999267578e+00,5.394288897514343262e-02,4.784000000000000000e+03,5.088469238281250000e+03
-5.000000074505805969e-02,1.764043420553207397e-01,-1.424782872200012207e-01,2.462058812379837036e-01,4.164032638072967529e-01,7.080435007810592651e-02,1.318000000000000000e+03,1.418134399414062500e+03
1.764043420553207397e-01,1.366542428731918335e-01,3.265511989593505859e-01,1.294886916875839233e-01,9.847661852836608887e-01,5.786019563674926758e-02,3.061000000000000000e+03,3.131730224609375000e+03
5.000000074505805969e-02,1.748126149177551270e-01,1.459351181983947754e-01,3.628903329372406006e-01,9.795814752578735352e-01,7.493292540311813354e-02,3.183000000000000000e+03,3.329122070312500000e+03
2.872454822063446045e-01,-2.000000029802322388e-01,2.316863238811492920e-01,-7.829761505126953125e-02,1.252257227897644043e+00,5.617425590753555298e-02,3.975000000000000000e+03,4.020125732421875000e+03
0.000000000000000000e+00,-3.000000119209289551e-01,-6.326089799404144287e-02,-6.343458890914916992e-01,1.041222929954528809e+00,5.963305011391639709e-02,3.724000000000000000e+03,4.112292968750000000e+03
-5.179951898753643036e-03,9.482004493474960327e-02,8.033150434494018555e-02,2.031708322465419769e-02,7.131072282791137695e-01,7.948286831378936768e-02,2.090000000000000000e+03,2.142438720703125000e+03
-3.499999940395355225e-01,2.063483893871307373e-01,-4.010951220989227295e-01,3.520788550376892090e-01,7.911421656608581543e-01,6.898139417171478271e-02,2.930000000000000000e+03,3.040493896484375000e+03
2.132806330919265747e-01,0.000000000000000000e+00,7.602722048759460449e-01,-2.896023094654083252e-01,1.130328178405761719e+00,6.702638417482376099e-02,3.732000000000000000e+03,4.789652343750000000e+03
-5.000000074505805969e-02,6.083970069885253906e-01,-3.657947108149528503e-02,6.746773719787597656e-01,6.759611368179321289e-01,6.521761417388916016e-02,2.278000000000000000e+03,2.300717773437500000e+03
-1.000000014901161194e-01,5.000000074505805969e-02,2.165207564830780029e-01,6.185267865657806396e-02,9.567148089408874512e-01,6.280190497636795044e-02,3.575000000000000000e+03,3.956903564453125000e+03
2.514390051364898682e-01,2.145627290010452271e-01,3.897487223148345947e-01,6.781228184700012207e-01,1.036872744560241699e+00,6.369426101446151733e-02,4.039000000000000000e+03,4.878078613281250000e+03
1.345701515674591064e-01,-4.000000059604644775e-01,1.660489886999130249e-01,-4.963034093379974365e-01,1.030738592147827148e+00,6.252574920654296875e-02,4.216000000000000000e+03,4.256758789062500000e+03
2.872454822063446045e-01,-5.816580727696418762e-02,3.857577145099639893e-01,5.140423774719238281e-02,1.211517691612243652e+00,5.658963695168495178e-02,5.097000000000000000e+03,5.172305664062500000e+03
-3.499999940395355225e-01,3.221365213394165039e-01,-3.912926912307739258e-01,1.660269647836685181e-01,9.998265504837036133e-01,6.266854703426361084e-02,3.706000000000000000e+03,3.802148437500000000e+03
-2.000000029802322388e-01,-6.184162572026252747e-02,1.321662962436676025e-01,-3.314218223094940186e-01,1.189150691032409668e+00,5.903267860412597656e-02,4.376000000000000000e+03,4.925871093750000000e+03
-2.692624032497406006e-01,0.000000000000000000e+00,1.833205670118331909e-01,3.038392774760723114e-02,1.177966237068176270e+00,5.916681140661239624e-02,4.267000000000000000e+03,4.878250488281250000e+03
-3.159073293209075928e-01,-3.000000119209289551e-01,-5.197131037712097168e-01,-6.420645713806152344e-01,1.087631702423095703e+00,5.842338129878044128e-02,4.031000000000000000e+03,4.555542480468750000e+03
5.000000074505805969e-02,-4.166139364242553711e-01,5.272414162755012512e-02,-2.413001507520675659e-01,1.097444057464599609e+00,5.770570784807205200e-02,4.236000000000000000e+03,4.343720703125000000e+03
5.173884034156799316e-01,-3.688199818134307861e-01,4.830828309059143066e-01,-2.250203043222427368e-01,9.142845273017883301e-01,7.586985826492309570e-02,2.886000000000000000e+03,2.960874267578125000e+03
-3.499999940395355225e-01,2.145627290010452271e-01,-6.575976014137268066e-01,2.898826301097869873e-01,1.077847599983215332e+00,5.440941452980041504e-02,4.802000000000000000e+03,5.208691406250000000e+03
9.482004493474960327e-02,-4.000000059604644775e-01,-2.079821079969406128e-01,-6.863723695278167725e-02,1.093472838401794434e+00,6.193616986274719238e-02,4.468000000000000000e+03,5.193250000000000000e+03
3.221365213394165039e-01,3.221365213394165039e-01,5.759806632995605469e-01,4.853233397006988525e-01,9.754102230072021484e-01,6.146037578582763672e-02,3.668000000000000000e+03,4.011740234375000000e+03
-5.179951898753643036e-03,1.764043420553207397e-01,3.421965837478637695e-01,6.101676225662231445e-01,1.207688570022583008e+00,6.354326754808425903e-02,4.771000000000000000e+03,5.736594238281250000e+03
-2.500000000000000000e-01,0.000000000000000000e+00,1.292093694210052490e-01,-5.528082251548767090e-01,1.269635915756225586e+00,5.894533172249794006e-02,4.686000000000000000e+03,5.924968750000000000e+03
-1.000000014901161194e-01,3.562291860580444336e-01,2.608736976981163025e-03,3.298182487487792969e-01,1.101643919944763184e+00,6.004689261317253113e-02,3.863000000000000000e+03,3.898804931640625000e+03
2.085852175951004028e-01,9.482004493474960327e-02,1.819430738687515259e-01,4.175882041454315186e-01,1.143252968788146973e+00,7.062906771898269653e-02,3.792000000000000000e+03,4.090399169921875000e+03
-1.419351249933242798e-02,-5.000000074505805969e-02,7.391133159399032593e-02,-3.012050315737724304e-02,1.080101966857910156e+00,6.017833948135375977e-02,3.622000000000000000e+03,3.647257324218750000e+03
0.000000000000000000e+00,0.000000000000000000e+00,5.375872552394866943e-02,-5.004182457923889160e-02,6.029593348503112793e-01,6.609880924224853516e-02,2.013000000000000000e+03,2.042741088867187500e+03
-5.000000074505805969e-02,0.000000000000000000e+00,-2.105081826448440552e-01,7.029946893453598022e-02,1.145151495933532715e+00,6.449856609106063843e-02,4.311000000000000000e+03,4.411311523437500000e+03
-3.000000119209289551e-01,-1.000000014901161194e-01,1.210752055048942566e-01,1.321914047002792358e-01,1.198294401168823242e+00,7.030215114355087280e-02,3.848000000000000000e+03,4.447239257812500000e+03
-2.000000029802322388e-01,-5.816580727696418762e-02,-4.574314355850219727e-01,-1.576127707958221436e-01,1.271421909332275391e+00,6.265628337860107422e-02,5.204000000000000000e+03,5.446687988281250000e+03
4.183419048786163330e-02,1.764043420553207397e-01,1.262333095073699951e-01,6.221566796302795410e-01,1.227576017379760742e+00,6.238559633493423462e-02,4.524000000000000000e+03,5.124187011718750000e+03
-1.188199892640113831e-01,-1.000000014901161194e-01,2.576423343271017075e-03,-1.099693849682807922e-01,1.213941693305969238e+00,5.275522917509078979e-02,4.826000000000000000e+03,4.874624511718750000e+03
9.482004493474960327e-02,2.145627290010452271e-01,-1.812301576137542725e-02,7.020876407623291016e-01,1.215649724006652832e+00,6.353925168514251709e-02,4.328000000000000000e+03,5.035829589843750000e+03
2.014390081167221069e-01,4.223684668540954590e-01,6.958754062652587891e-01,3.032874763011932373e-01,1.005825996398925781e+00,7.878994196653366089e-02,3.629000000000000000e+03,4.511520019531250000e+03
-4.000000059604644775e-01,3.815837576985359192e-02,-4.738798439502716064e-01,-5.001948475837707520e-01,1.144274115562438965e+00,6.121273711323738098e-02,4.845000000000000000e+03,5.889826171875000000e+03
-4.000000059604644775e-01,-1.000000014901161194e-01,-3.753373920917510986e-01,-4.624571502208709717e-01,9.762567281723022461e-01,5.585336685180664062e-02,3.767000000000000000e+03,4.272573730468750000e+03
2.145627290010452271e-01,-1.500000059604644775e-01,1.930216886103153229e-02,-4.048285782337188721e-01,8.562327027320861816e-01,7.156650722026824951e-02,2.914000000000000000e+03,3.311158935546875000e+03
1.366542428731918335e-01,-1.500000059604644775e-01,1.767673641443252563e-01,-4.540275409817695618e-02,1.210477352142333984e+00,6.418001651763916016e-02,4.755000000000000000e+03,4.795853515625000000e+03
-4.499999880790710449e-01,-1.000000014901161194e-01,-4.212027490139007568e-01,-1.406785994768142700e-01,5.292406082153320312e-01,5.669606104493141174e-02,1.848000000000000000e+03,1.864407592773437500e+03
-1.000000014901161194e-01,2.145627290010452271e-01,-2.226678580045700073e-01,-2.560951709747314453e-01,1.100954890251159668e+00,5.949788168072700500e-02,4.108000000000000000e+03,4.876770019531250000e+03
-2.000000029802322388e-01,-1.618416309356689453e-01,-1.685180217027664185e-01,-2.322254627943038940e-01,1.006484508514404297e+00,7.664611935615539551e-02,3.310000000000000000e+03,3.329314208984375000e+03
2.145627290010452271e-01,-2.000000029802322388e-01,3.103828728199005127e-01,-1.602661758661270142e-01,7.366814017295837402e-01,6.842926889657974243e-02,3.370000000000000000e+03,3.436408691406250000e+03
-2.000000029802322388e-01,9.482004493474960327e-02,-3.471126258373260498e-01,3.201162908226251602e-03,8.516204953193664551e-01,5.071632936596870422e-02,3.163000000000000000e+03,3.292706787109375000e+03
-3.499999940395355225e-01,4.223684668540954590e-01,-3.777776062488555908e-01,3.881154656410217285e-01,5.161789655685424805e-01,1.058762893080711365e-01,1.635000000000000000e+03,1.646964599609375000e+03
-6.499999761581420898e-01,1.066189631819725037e-01,-7.648605108261108398e-01,2.802295088768005371e-01,5.811721086502075195e-01,9.139057248830795288e-02,2.172000000000000000e+03,2.442804687500000000e+03
2.872454822063446045e-01,-5.000000074505805969e-02,2.389538437128067017e-01,1.739336252212524414e-01,1.164910793304443359e+00,5.853895843029022217e-02,4.677000000000000000e+03,4.856396484375000000e+03
-5.000000074505805969e-02,-1.000000014901161194e-01,-4.347968101501464844e-01,-2.843753099441528320e-01,1.086848378181457520e+00,6.446057558059692383e-02,4.111000000000000000e+03,4.722752441406250000e+03
-1.500000059604644775e-01,-5.000000000000000000e-01,-2.803986072540283203e-01,-4.762436151504516602e-01,8.520800471305847168e-01,7.087068259716033936e-02,3.362000000000000000e+03,3.442980957031250000e+03
2.145627290010452271e-01,1.366542428731918335e-01,4.100335538387298584e-01,9.502455592155456543e-02,7.186359763145446777e-01,7.167772203683853149e-02,2.940000000000000000e+03,3.163364990234375000e+03
-1.500000059604644775e-01,-1.024989411234855652e-02,-1.941400021314620972e-01,-3.315318822860717773e-01,9.413719177246093750e-01,5.978721007704734802e-02,3.590000000000000000e+03,4.005393310546875000e+03
-2.151089608669281006e-01,2.514390051364898682e-01,-4.332766234874725342e-01,5.310350060462951660e-01,1.055183172225952148e+00,6.725637614727020264e-02,4.507000000000000000e+03,5.004179199218750000e+03
3.562291860580444336e-01,0.000000000000000000e+00,-3.500260040163993835e-02,-1.082974001765251160e-01,1.046524763107299805e+00,7.813643664121627808e-02,3.828000000000000000e+03,4.384789550781250000e+03
3.221365213394165039e-01,9.183419495820999146e-02,5.317947864532470703e-01,2.470187991857528687e-01,7.672635912895202637e-01,7.552816718816757202e-02,3.177000000000000000e+03,3.534527832031250000e+03
9.482004493474960327e-02,1.764043420553207397e-01,6.060661748051643372e-03,3.005560487508773804e-02,1.277381896972656250e+00,6.933434307575225830e-02,5.136000000000000000e+03,5.227604492187500000e+03
-4.000000059604644775e-01,9.482004493474960327e-02,-2.368985861539840698e-01,4.441023170948028564e-01,1.225070476531982422e+00,6.314856559038162231e-02,4.941000000000000000e+03,5.419640136718750000e+03
-3.151089549064636230e-01,-3.499999940395355225e-01,-2.464188337326049805e-01,-4.518339931964874268e-01,1.116366267204284668e+00,5.706338584423065186e-02,4.551000000000000000e+03,4.605708007812500000e+03
4.223684668540954590e-01,0.000000000000000000e+00,4.497894048690795898e-01,8.935079723596572876e-02,1.194644689559936523e+00,5.940803512930870056e-02,4.358000000000000000e+03,4.384800292968750000e+03
-1.500000059604644775e-01,-5.000000074505805969e-02,-4.112520813941955566e-01,-2.611698508262634277e-01,1.008052349090576172e+00,7.026202976703643799e-02,3.485000000000000000e+03,3.861810058593750000e+03
1.764043420553207397e-01,0.000000000000000000e+00,-6.294630933552980423e-03,2.347666397690773010e-02,1.167909979820251465e+00,5.750683695077896118e-02,4.931000000000000000e+03,5.053059082031250000e+03
-5.000000074505805969e-02,-4.499999880790710449e-01,1.926756948232650757e-01,-5.491181015968322754e-01,8.574452400207519531e-01,6.229475140571594238e-02,3.452000000000000000e+03,3.767496582031250000e+03
-4.000000059604644775e-01,2.145627290010452271e-01,-3.060571551322937012e-01,4.538738131523132324e-01,8.121997117996215820e-01,1.028039455413818359e-01,3.104000000000000000e+03,3.408426513671875000e+03
3.221365213394165039e-01,-3.499999940395355225e-01,4.557350575923919678e-01,-4.026046395301818848e-01,9.938880801200866699e-01,5.779898539185523987e-02,3.026000000000000000e+03,3.088805908203125000e+03
1.764043420553207397e-01,1.366542428731918335e-01,3.312802910804748535e-01,-9.725617617368698120e-02,1.074760079383850098e+00,6.221032142639160156e-02,4.236000000000000000e+03,4.519695800781250000e+03
1.264791041612625122e-01,1.764043420553207397e-01,5.078098922967910767e-02,1.908673793077468872e-01,8.041262626647949219e-01,6.329657137393951416e-02,2.615000000000000000e+03,2.638980468750000000e+03
5.000000074505805969e-02,-1.000000014901161194e-01,5.237914994359016418e-02,-6.396782398223876953e-02,3.715859353542327881e-01,9.210175275802612305e-02,9.460000000000000000e+02,9.549558715820312500e+02
1.764043420553207397e-01,-1.000000014901161194e-01,1.615207791328430176e-01,6.611043959856033325e-02,1.134298801422119141e+00,6.406444311141967773e-02,3.840000000000000000e+03,3.922650878906250000e+03
-1.500000059604644775e-01,6.672313809394836426e-01,-9.035148471593856812e-02,6.114618182182312012e-01,6.291877627372741699e-01,7.395007461309432983e-02,1.678000000000000000e+03,1.706082153320312500e+03
-1.000000014901161194e-01,1.764043420553207397e-01,-3.468886315822601318e-01,-1.592699997127056122e-02,1.173643827438354492e+00,6.276056170463562012e-02,4.418000000000000000e+03,4.726296875000000000e+03
6.672313809394836426e-01,2.609686255455017090e-01,5.860602855682373047e-01,4.402419924736022949e-01,9.194293022155761719e-01,2.063841223716735840e-01,1.620000000000000000e+03,1.693589721679687500e+03
-1.000000014901161194e-01,0.000000000000000000e+00,2.437706738710403442e-01,9.208486974239349365e-02,1.219092845916748047e+00,5.711166188120841980e-02,4.579000000000000000e+03,4.961852050781250000e+03
2.872454822063446045e-01,1.366542428731918335e-01,7.792158126831054688e-01,1.145275756716728210e-01,1.151150703430175781e+00,7.472801953554153442e-02,4.000000000000000000e+03,4.705128906250000000e+03
2.872454822063446045e-01,1.748126149177551270e-01,2.003741711378097534e-01,1.179808154702186584e-01,6.749451756477355957e-01,6.771301478147506714e-02,2.298000000000000000e+03,2.352219482421875000e+03
1.764043420553207397e-01,-1.000000014901161194e-01,2.606030702590942383e-01,-1.458330452442169189e-01,7.224395275115966797e-01,6.679611653089523315e-02,2.548000000000000000e+03,2.592735595703125000e+03
-1.500000059604644775e-01,-2.000000029802322388e-01,-9.777323342859745026e-03,-1.836842149496078491e-01,1.227143168449401855e+00,5.880307406187057495e-02,5.139000000000000000e+03,5.206736816406250000e+03
9.482004493474960327e-02,-2.500000000000000000e-01,-2.712423726916313171e-02,-1.910642087459564209e-01,1.249813437461853027e+00,6.032627075910568237e-02,4.815000000000000000e+03,4.871259277343750000e+03
3.221365213394165039e-01,3.194263577461242676e-01,6.990100145339965820e-01,2.089386880397796631e-01,8.868583440780639648e-01,3.367850780487060547e-01,6.055000000000000000e+03,7.192367675781250000e+03
-3.000000119209289551e-01,-1.500000059604644775e-01,-3.508903682231903076e-01,-9.492628276348114014e-02,4.627836346626281738e-01,9.920308738946914673e-02,1.073000000000000000e+03,1.101023193359375000e+03
-3.000000119209289551e-01,-1.618416309356689453e-01,-2.744835615158081055e-01,7.641942799091339111e-02,1.148229479789733887e+00,5.504991114139556885e-02,4.719000000000000000e+03,4.922228027343750000e+03
-2.000000029802322388e-01,9.482004493474960327e-02,4.899848997592926025e-02,1.379963010549545288e-01,9.746503233909606934e-01,6.975973397493362427e-02,3.300000000000000000e+03,3.517976074218750000e+03
9.482004493474960327e-02,-1.207512170076370239e-01,2.046354860067367554e-01,-1.534935534000396729e-01,8.326907157897949219e-01,7.662738859653472900e-02,2.651000000000000000e+03,2.700918212890625000e+03
1.366542428731918335e-01,5.000000074505805969e-02,6.562058925628662109e-01,1.295467913150787354e-01,1.247697830200195312e+00,5.370431020855903625e-02,5.010000000000000000e+03,5.867115722656250000e+03
-1.500000059604644775e-01,-1.000000014901161194e-01,-1.476416885852813721e-01,5.795652791857719421e-02,1.130576252937316895e+00,6.127810105681419373e-02,4.992000000000000000e+03,5.088901855468750000e+03
-1.000000014901161194e-01,-2.000000029802322388e-01,-2.959279716014862061e-01,-2.801146805286407471e-01,1.179466366767883301e+00,5.897387117147445679e-02,5.104000000000000000e+03,5.267289550781250000e+03
-2.692624032497406006e-01,-5.000000074505805969e-02,-1.796165555715560913e-01,-1.014927849173545837e-01,6.655889153480529785e-01,6.416174769401550293e-02,2.148000000000000000e+03,2.199384765625000000e+03
0.000000000000000000e+00,2.872454822063446045e-01,-1.920295506715774536e-01,2.136139124631881714e-01,8.884225487709045410e-01,8.161850273609161377e-02,2.995000000000000000e+03,3.153679687500000000e+03
-4.000000059604644775e-01,-4.000000059604644775e-01,-4.964612722396850586e-01,-3.404260426759719849e-02,9.228621721267700195e-01,1.515134423971176147e-01,2.391000000000000000e+03,2.779109375000000000e+03
5.000000074505805969e-02,-5.000000074505805969e-02,2.496799826622009277e-01,-3.179227709770202637e-01,1.101982355117797852e+00,6.714662164449691772e-02,3.885000000000000000e+03,4.234158691406250000e+03
-1.500000059604644775e-01,-1.618416309356689453e-01,-1.846421658992767334e-01,1.576566845178604126e-01,1.264679789543151855e+00,6.135250255465507507e-02,4.974000000000000000e+03,5.290561523437500000e+03
-1.000000014901161194e-01,-1.696730405092239380e-01,-9.560887515544891357e-02,-3.177710995078086853e-02,1.261389136314392090e+00,5.921229720115661621e-02,5.196000000000000000e+03,5.257875000000000000e+03
-3.000000119209289551e-01,-4.499999880790710449e-01,-1.432700306177139282e-01,-1.641068607568740845e-01,7.989460825920104980e-01,5.982731282711029053e-02,3.074000000000000000e+03,3.567371337890625000e+03
3.815837576985359192e-02,-2.500000000000000000e-01,-3.350013494491577148e-01,1.529057025909423828e-01,1.256114363670349121e+00,5.328115448355674744e-02,5.456000000000000000e+03,6.458155273437500000e+03
-5.000000074505805969e-02,3.562291860580444336e-01,-4.159701243042945862e-02,4.200794100761413574e-01,4.183507263660430908e-01,9.207575768232345581e-02,1.499000000000000000e+03,1.534367675781250000e+03
-2.000000029802322388e-01,-3.499999940395355225e-01,-3.432339429855346680e-01,-3.621819913387298584e-01,5.337093472480773926e-01,9.220205992460250854e-02,2.428000000000000000e+03,2.601302734375000000e+03
-4.000000059604644775e-01,0.000000000000000000e+00,-2.903541922569274902e-01,-1.801300942897796631e-01,9.811257719993591309e-01,9.132039546966552734e-02,3.214000000000000000e+03,3.360770507812500000e+03
5.000000074505805969e-02,2.145627290010452271e-01,9.223647415637969971e-02,1.769751459360122681e-01,1.023854970932006836e+00,5.892639234662055969e-02,2.922000000000000000e+03,2.930886230468750000e+03
1.345701515674591064e-01,-2.000000029802322388e-01,-2.526817023754119873e-01,-2.129755914211273193e-01,1.163502216339111328e+00,5.713831633329391479e-02,4.146000000000000000e+03,4.594279785156250000e+03
0.000000000000000000e+00,1.764043420553207397e-01,-2.123330980539321899e-01,2.946499884128570557e-01,7.229373455047607422e-01,7.128662616014480591e-02,2.663000000000000000e+03,2.956762451171875000e+03
8.338605612516403198e-02,3.896152675151824951e-01,-2.933061420917510986e-01,3.218262195587158203e-01,1.106220126152038574e+00,6.659307330846786499e-02,4.111000000000000000e+03,4.590456542968750000e+03
3.562291860580444336e-01,-3.000000119209289551e-01,3.133387491106987000e-02,-5.667494535446166992e-01,8.293915390968322754e-01,7.902761548757553101e-02,2.988000000000000000e+03,3.717389160156250000e+03
1.764043420553207397e-01,1.366542428731918335e-01,1.658892482519149780e-01,-3.987079858779907227e-02,1.281378030776977539e+00,6.359440088272094727e-02,4.771000000000000000e+03,4.861527343750000000e+03
-5.000000074505805969e-02,1.366542428731918335e-01,3.549869358539581299e-02,5.232429504394531250e-01,1.228863120079040527e+00,6.185167655348777771e-02,5.333000000000000000e+03,5.873458007812500000e+03
-1.000000014901161194e-01,-2.000000029802322388e-01,1.007295921444892883e-01,3.842302262783050537e-01,1.272977709770202637e+00,5.844913423061370850e-02,4.859000000000000000e+03,5.950885742187500000e+03
2.486553937196731567e-01,-1.102498918771743774e-01,1.017298921942710876e-01,-3.898763656616210938e-02,1.194960117340087891e+00,5.552508309483528137e-02,3.591000000000000000e+03,3.657587646484375000e+03
3.562291860580444336e-01,5.000000074505805969e-02,9.846004098653793335e-02,1.314024180173873901e-01,8.922404646873474121e-01,6.788227707147598267e-02,3.174000000000000000e+03,3.459258789062500000e+03
1.764043420553207397e-01,9.482004493474960327e-02,5.642537474632263184e-01,5.034053921699523926e-01,1.257418274879455566e+00,5.987415462732315063e-02,4.724000000000000000e+03,5.631439941406250000e+03
2.872454822063446045e-01,2.145627290010452271e-01,5.167924761772155762e-01,2.043270617723464966e-01,7.977350354194641113e-01,7.561663538217544556e-02,2.707000000000000000e+03,2.927557128906250000e+03
-3.151089549064636230e-01,-3.499999940395355225e-01,-1.869403719902038574e-01,-3.873153626918792725e-01,1.005009889602661133e+00,8.585819602012634277e-02,2.950000000000000000e+03,3.001793457031250000e+03
-3.499999940395355225e-01,1.764043420553207397e-01,-4.816867709159851074e-01,2.095967829227447510e-01,1.199845552444458008e+00,7.406279444694519043e-02,3.954000000000000000e+03,4.004718017578125000e+03
-1.500000059604644775e-01,-1.000000014901161194e-01,-7.945813238620758057e-02,-6.143222451210021973e-01,1.198228836059570312e+00,5.239004269242286682e-02,4.924000000000000000e+03,5.811704101562500000e+03
-4.499999880790710449e-01,5.000000074505805969e-02,-4.303842484951019287e-01,-4.429294727742671967e-03,6.674548387527465820e-01,6.764978170394897461e-02,2.207000000000000000e+03,2.223537597656250000e+03
-2.000000029802322388e-01,9.482004493474960327e-02,-4.319132268428802490e-01,1.035994067788124084e-01,8.950970172882080078e-01,6.283172965049743652e-02,3.277000000000000000e+03,3.493456787109375000e+03
1.329784244298934937e-01,-3.000000119209289551e-01,-9.424323588609695435e-02,-2.420559972524642944e-01,1.204735755920410156e+00,5.758764222264289856e-02,4.733000000000000000e+03,4.910475097656250000e+03
3.975010663270950317e-02,2.145627290010452271e-01,4.019280150532722473e-02,3.956728577613830566e-01,1.273128271102905273e+00,6.260410696268081665e-02,5.481000000000000000e+03,5.591452636718750000e+03
2.104970067739486694e-01,9.482004493474960327e-02,2.330451458692550659e-01,1.106089502573013306e-01,1.268270134925842285e+00,6.302128732204437256e-02,4.967000000000000000e+03,4.969297851562500000e+03
-1.881999336183071136e-02,-1.500000059604644775e-01,3.006022274494171143e-01,2.409368008375167847e-01,9.294030070304870605e-01,6.363430619239807129e-02,3.274000000000000000e+03,4.187568359375000000e+03
-5.000000074505805969e-02,-3.000000119209289551e-01,-5.298773050308227539e-01,-2.154615074396133423e-01,1.134312391281127930e+00,5.836524814367294312e-02,4.398000000000000000e+03,5.179109863281250000e+03
2.145627290010452271e-01,-5.000000074505805969e-02,9.703919291496276855e-02,-3.233405202627182007e-02,1.148442387580871582e+00,5.542097240686416626e-02,3.521000000000000000e+03,3.558688232421875000e+03
-2.192623913288116455e-01,2.457427233457565308e-01,-1.623421907424926758e-01,3.055531084537506104e-01,9.567271471023559570e-01,8.001741766929626465e-02,2.747000000000000000e+03,2.767342285156250000e+03
-1.000000014901161194e-01,-5.000000074505805969e-02,-1.007710993289947510e-01,-1.018158532679080963e-02,1.229939460754394531e+00,6.509368866682052612e-02,4.364000000000000000e+03,4.368618164062500000e+03
-5.000000074505805969e-02,2.145627290010452271e-01,1.452901363372802734e-01,1.895772516727447510e-01,1.203514456748962402e+00,7.026418298482894897e-02,4.678000000000000000e+03,4.802615722656250000e+03
2.514390051364898682e-01,5.000000074505805969e-02,4.092362523078918457e-01,-2.050630599260330200e-01,1.258739590644836426e+00,6.063059344887733459e-02,5.069000000000000000e+03,5.352551269531250000e+03
-1.102498918771743774e-01,-3.499999940395355225e-01,-3.793907761573791504e-01,-8.173739314079284668e-01,1.123103022575378418e+00,5.888144671916961670e-02,4.674000000000000000e+03,5.700976562500000000e+03
1.764043420553207397e-01,-1.000000014901161194e-01,-4.009498953819274902e-01,-3.470693826675415039e-01,1.282134652137756348e+00,6.167538091540336609e-02,4.737000000000000000e+03,5.817558593750000000e+03
-2.500000000000000000e-01,1.329784244298934937e-01,-3.045955896377563477e-01,9.736109524965286255e-02,5.751268863677978516e-01,7.715319097042083740e-02,1.763000000000000000e+03,1.785614013671875000e+03
-3.499999940395355225e-01,9.482004493474960327e-02,-2.793622910976409912e-01,8.253704011440277100e-02,1.003351807594299316e+00,7.055797427892684937e-02,3.192000000000000000e+03,3.208234375000000000e+03
2.145627290010452271e-01,-1.000000014901161194e-01,-1.049632951617240906e-01,2.501859702169895172e-02,1.131603598594665527e+00,5.847453698515892029e-02,4.704000000000000000e+03,5.126765136718750000e+03
1.764043420553207397e-01,8.409266918897628784e-02,3.757312595844268799e-01,-2.554824575781822205e-02,1.267573714256286621e+00,5.842044577002525330e-02,5.044000000000000000e+03,5.205370117187500000e+03
-2.500000000000000000e-01,-5.000000074505805969e-02,-6.767979860305786133e-01,-2.540312707424163818e-01,1.155591130256652832e+00,6.212344765663146973e-02,4.679000000000000000e+03,5.435646972656250000e+03
3.896152675151824951e-01,7.757325470447540283e-02,1.597641408443450928e-01,2.012168020009994507e-01,9.587152004241943359e-01,6.701526045799255371e-02,3.214000000000000000e+03,3.448609619140625000e+03
2.872454822063446045e-01,4.545493423938751221e-01,3.563285470008850098e-01,3.779495656490325928e-01,9.362928271293640137e-01,6.662411987781524658e-02,3.119000000000000000e+03,3.156847412109375000e+03
-3.000000119209289551e-01,-3.499999940395355225e-01,-2.720713019371032715e-01,-5.944811105728149414e-01,9.507046937942504883e-01,8.163733780384063721e-02,3.459000000000000000e+03,3.687478515625000000e+03
2.145627290010452271e-01,1.764043420553207397e-01,9.905883111059665680e-03,3.763360679149627686e-01,8.612564802169799805e-01,8.103122562170028687e-02,3.341000000000000000e+03,3.700791259765625000e+03
2.145627290010452271e-01,0.000000000000000000e+00,2.176421731710433960e-01,5.974633619189262390e-02,1.252609014511108398e+00,5.946181342005729675e-02,4.829000000000000000e+03,4.839938476562500000e+03
-3.000000119209289551e-01,-1.000000014901161194e-01,-3.878647089004516602e-01,7.778847962617874146e-02,9.201583862304687500e-01,5.685731396079063416e-02,2.880000000000000000e+03,3.012212158203125000e+03
-4.166139364242553711e-01,1.306265294551849365e-01,-3.098013401031494141e-01,-7.381474133580923080e-03,7.937153577804565430e-01,7.593932747840881348e-02,2.531000000000000000e+03,2.652143310546875000e+03
3.580648824572563171e-02,3.580648824572563171e-02,2.802694737911224365e-01,2.354767769575119019e-01,1.163837671279907227e+00,6.147548928856849670e-02,4.237000000000000000e+03,4.543527343750000000e+03
1.764043420553207397e-01,-5.000000074505805969e-02,-3.242776915431022644e-02,-5.337348952889442444e-02,7.995339035987854004e-01,7.555656880140304565e-02,2.887000000000000000e+03,3.081239990234375000e+03
-5.000000074505805969e-02,2.514390051364898682e-01,-4.930228888988494873e-01,2.205690741539001465e-01,1.261291861534118652e+00,5.485224351286888123e-02,4.358000000000000000e+03,4.882541992187500000e+03
-2.000000029802322388e-01,1.366542428731918335e-01,-3.572767376899719238e-01,1.955663263797760010e-01,9.057523012161254883e-01,7.865249365568161011e-02,3.768000000000000000e+03,3.896764160156250000e+03
2.514390051364898682e-01,0.000000000000000000e+00,-1.491502821445465088e-01,-1.332434266805648804e-01,1.122159361839294434e+00,5.996370688080787659e-02,4.468000000000000000e+03,5.081655761718750000e+03
1.366542428731918335e-01,2.145627290010452271e-01,3.837300240993499756e-01,5.544615983963012695e-01,1.151548147201538086e+00,6.375209242105484009e-02,3.932000000000000000e+03,4.439708984375000000e+03
9.482004493474960327e-02,-2.159073352813720703e-01,2.204321920871734619e-01,-1.596250683069229126e-01,1.230206251144409180e+00,5.846937745809555054e-02,5.066000000000000000e+03,5.129214355468750000e+03
-3.499999940395355225e-01,-3.000000119209289551e-01,-3.210236728191375732e-01,-1.917059570550918579e-01,9.347890615463256836e-01,5.944393202662467957e-02,3.277000000000000000e+03,3.323775146484375000e+03
3.562291860580444336e-01,9.482004493474960327e-02,-1.568295508623123169e-01,3.187467455863952637e-01,1.206885099411010742e+00,7.069183140993118286e-02,4.058000000000000000e+03,4.891640136718750000e+03
3.562291860580444336e-01,-1.000000014901161194e-01,2.583569586277008057e-01,-6.178511306643486023e-02,8.993272185325622559e-01,6.288748234510421753e-02,3.094000000000000000e+03,3.136266845703125000e+03
-2.000000029802322388e-01,5.000000074505805969e-02,-3.602389097213745117e-01,-4.935803115367889404e-01,1.138818860054016113e+00,6.181794032454490662e-02,4.615000000000000000e+03,5.703947265625000000e+03
-1.500000059604644775e-01,-1.000000014901161194e-01,4.071294367313385010e-01,8.269614045275375247e-05,1.272947311401367188e+00,5.688592791557312012e-02,5.388000000000000000e+03,6.411470703125000000e+03
6.961627006530761719e-01,-8.386655896902084351e-02,8.648141622543334961e-01,8.942597359418869019e-02,7.276454567909240723e-01,9.050656855106353760e-02,2.529000000000000000e+03,2.801347167968750000e+03
2.145627290010452271e-01,-2.196730524301528931e-01,7.771418094635009766e-01,1.286526918411254883e-01,1.163055777549743652e+00,6.839304417371749878e-02,3.993000000000000000e+03,5.207433593750000000e+03
-5.816580727696418762e-02,-1.618416309356689453e-01,-6.014531943947076797e-03,-1.236244589090347290e-01,5.412919521331787109e-01,1.577239483594894409e-01,1.359000000000000000e+03,1.378398071289062500e+03
9.482004493474960327e-02,3.815837576985359192e-02,4.269776344299316406e-01,1.437866240739822388e-01,1.174510836601257324e+00,6.625595688819885254e-02,4.831000000000000000e+03,5.247190429687500000e+03
9.482004493474960327e-02,5.000000074505805969e-02,1.378630995750427246e-01,1.000480502843856812e-01,1.113238692283630371e+00,6.367444247007369995e-02,3.953000000000000000e+03,3.966844970703125000e+03
-1.651089638471603394e-01,-3.000000119209289551e-01,2.774069644510746002e-02,1.111642867326736450e-01,1.101263761520385742e+00,7.955593615770339966e-02,3.608000000000000000e+03,4.200298339843750000e+03
-5.000000074505805969e-02,-2.131237089633941650e-01,1.115703880786895752e-01,-3.000520765781402588e-01,6.424659490585327148e-01,5.603369325399398804e-02,1.628000000000000000e+03,1.758363159179687500e+03
-1.500000059604644775e-01,0.000000000000000000e+00,3.705914616584777832e-01,-7.078409940004348755e-02,1.169737219810485840e+00,6.129162013530731201e-02,4.352000000000000000e+03,5.194241210937500000e+03
-1.312371436506509781e-02,3.221365213394165039e-01,-4.305466115474700928e-01,-2.452278286218643188e-01,1.195282578468322754e+00,5.753776431083679199e-02,4.725000000000000000e+03,6.263462890625000000e+03
-1.000000014901161194e-01,1.662398129701614380e-01,-3.524748682975769043e-01,3.520804047584533691e-01,1.222918748855590820e+00,1.171627342700958252e-01,3.789000000000000000e+03,4.034681884765625000e+03
-5.000000074505805969e-02,0.000000000000000000e+00,-1.255470365285873413e-01,-4.088278412818908691e-01,8.346291780471801758e-01,7.625078409910202026e-02,2.455000000000000000e+03,3.034277587890625000e+03
-6.184162572026252747e-02,2.080634087324142456e-01,-3.350496888160705566e-01,4.725677371025085449e-01,1.094930768013000488e+00,6.727124005556106567e-02,4.000000000000000000e+03,4.470210937500000000e+03
-3.000000119209289551e-01,9.482004493474960327e-02,-4.135508462786674500e-02,6.271669268608093262e-02,1.245326161384582520e+00,5.500971898436546326e-02,4.761000000000000000e+03,4.967143554687500000e+03
2.872454822063446045e-01,5.000000074505805969e-02,1.803667992353439331e-01,-3.660630583763122559e-01,1.206032872200012207e+00,7.311902940273284912e-02,4.189000000000000000e+03,4.705198730468750000e+03
9.482004493474960327e-02,2.514390051364898682e-01,5.425179600715637207e-01,1.564165204763412476e-01,1.120745897293090820e+00,6.515099853277206421e-02,4.033000000000000000e+03,4.682730957031250000e+03
-1.618416309356689453e-01,-1.000000014901161194e-01,-8.917697519063949585e-02,2.913260273635387421e-02,1.126983880996704102e+00,5.801931396126747131e-02,4.689000000000000000e+03,4.770030273437500000e+03
5.000000074505805969e-02,-4.000000059604644775e-01,-1.628611385822296143e-01,-3.577137589454650879e-01,1.236185073852539062e+00,5.354807153344154358e-02,4.528000000000000000e+03,4.666775390625000000e+03
0.000000000000000000e+00,-2.000000029802322388e-01,-3.360811248421669006e-02,1.474463790655136108e-01,1.141009807586669922e+00,6.077263504266738892e-02,4.412000000000000000e+03,4.816927734375000000e+03
-1.500000059604644775e-01,-2.000000029802322388e-01,-1.569773703813552856e-01,4.566508159041404724e-02,1.203303456306457520e+00,6.482300907373428345e-02,4.243000000000000000e+03,4.417952148437500000e+03
-3.000000119209289551e-01,5.000000074505805969e-02,-5.753756165504455566e-01,1.728953607380390167e-02,1.047113895416259766e+00,1.453053802251815796e-01,2.281000000000000000e+03,2.438016845703125000e+03
-6.590732932090759277e-02,-6.590732932090759277e-02,-9.875312447547912598e-02,-7.887069880962371826e-02,9.590354561805725098e-01,7.453784346580505371e-02,3.501000000000000000e+03,3.505804443359375000e+03
-5.000000074505805969e-02,2.145627290010452271e-01,-3.045222163200378418e-01,2.896200716495513916e-01,1.159161567687988281e+00,5.812941119074821472e-02,4.580000000000000000e+03,4.816654785156250000e+03
-2.000000029802322388e-01,2.145627290010452271e-01,-1.211243346333503723e-01,3.299767076969146729e-01,9.301367998123168945e-01,6.937412172555923462e-02,3.382000000000000000e+03,3.457980468750000000e+03
-1.500000059604644775e-01,4.223684668540954590e-01,-2.903168201446533203e-01,4.719393253326416016e-01,7.384517192840576172e-01,6.226331740617752075e-02,3.310000000000000000e+03,3.442771240234375000e+03
-1.500000059604644775e-01,-5.000000074505805969e-02,-2.081691175699234009e-01,1.918442994356155396e-01,1.196228265762329102e+00,6.521857529878616333e-02,4.668000000000000000e+03,4.867949707031250000e+03
-1.102498918771743774e-01,9.482004493474960327e-02,5.529816448688507080e-02,-5.275842174887657166e-02,7.244777679443359375e-01,6.125625222921371460e-02,2.534000000000000000e+03,2.766567138671875000e+03
-1.500000059604644775e-01,5.000000074505805969e-02,-1.936729848384857178e-01,2.241059951484203339e-02,1.240124344825744629e+00,5.360950157046318054e-02,4.152000000000000000e+03,4.159172363281250000e+03
-8.500000238418579102e-01,3.118000738322734833e-02,-7.931721210479736328e-01,3.067063987255096436e-01,8.238414525985717773e-01,7.422307878732681274e-02,2.897000000000000000e+03,3.225622558593750000e+03
9.482004493474960327e-02,1.764043420553207397e-01,2.227586656808853149e-01,1.536038219928741455e-01,1.248349308967590332e+00,5.909674614667892456e-02,5.153000000000000000e+03,5.208706542968750000e+03
5.000000074505805969e-02,1.366542428731918335e-01,5.523598194122314453e-01,2.112811505794525146e-01,1.091904878616333008e+00,6.395533680915832520e-02,3.758000000000000000e+03,4.535794433593750000e+03
3.409266844391822815e-02,-2.000000029802322388e-01,-6.747728586196899414e-02,1.988962739706039429e-01,9.062474370002746582e-01,7.293541729450225830e-02,3.083000000000000000e+03,3.693154296875000000e+03
-5.000000074505805969e-02,9.482004493474960327e-02,-3.291408121585845947e-01,-1.330576688051223755e-01,1.142999529838562012e+00,5.912129953503608704e-02,4.306000000000000000e+03,4.724850097656250000e+03
-5.000000074505805969e-02,-1.510896813124418259e-02,-1.642765104770660400e-01,-5.599804967641830444e-02,7.699820399284362793e-01,5.878561362624168396e-02,2.763000000000000000e+03,2.831393554687500000e+03
0.000000000000000000e+00,-2.000000029802322388e-01,2.532303929328918457e-01,-2.587055265903472900e-01,1.273024439811706543e+00,5.920044705271720886e-02,5.289000000000000000e+03,5.507082031250000000e+03
1.366542428731918335e-01,1.366542428731918335e-01,2.667571902275085449e-01,-1.103729680180549622e-01,1.247873425483703613e+00,5.328445881605148315e-02,4.711000000000000000e+03,4.943557617187500000e+03
9.482004493474960327e-02,-1.000000014901161194e-01,1.320794224739074707e-01,2.923986017704010010e-01,1.115092158317565918e+00,6.301841139793395996e-02,3.861000000000000000e+03,4.329384277343750000e+03
-3.000000119209289551e-01,1.366542428731918335e-01,-3.047630190849304199e-01,7.264303416013717651e-02,1.089642882347106934e+00,5.028691515326499939e-02,3.716000000000000000e+03,3.728793701171875000e+03
-4.000000059604644775e-01,-2.000000029802322388e-01,-3.781727254390716553e-01,-7.187439501285552979e-02,1.205339550971984863e+00,5.415737256407737732e-02,4.929000000000000000e+03,4.986043457031250000e+03
-2.000000029802322388e-01,-5.000000074505805969e-02,-3.756975829601287842e-01,-1.815211474895477295e-01,1.176311969757080078e+00,5.597176030278205872e-02,4.724000000000000000e+03,4.887349609375000000e+03
-1.672467887401580811e-01,-5.000000074505805969e-02,-2.266174852848052979e-01,-7.871872186660766602e-02,6.543930172920227051e-01,7.415392994880676270e-02,2.128000000000000000e+03,2.149660644531250000e+03
4.223684668540954590e-01,9.482004493474960327e-02,2.591889500617980957e-01,1.319065839052200317e-01,5.071333646774291992e-01,8.775857090950012207e-02,1.893000000000000000e+03,2.094408447265625000e+03
4.482004791498184204e-02,2.872454822063446045e-01,-9.108543395996093750e-02,1.359532177448272705e-01,1.232815384864807129e+00,6.765638291835784912e-02,4.856000000000000000e+03,4.987062988281250000e+03
3.275320306420326233e-02,2.514390051364898682e-01,1.455083489418029785e-01,2.434069216251373291e-01,6.555588245391845703e-01,5.261315777897834778e-02,2.766000000000000000e+03,2.847659667968750000e+03
-6.510896980762481689e-02,3.562291860580444336e-01,-3.551151752471923828e-01,2.755917608737945557e-01,9.306935667991638184e-01,6.019198521971702576e-02,3.526000000000000000e+03,3.886257324218750000e+03
-2.000000029802322388e-01,-2.500000000000000000e-01,-1.040553674101829529e-01,-1.269892007112503052e-01,6.757984757423400879e-01,1.112840026617050171e-01,1.831000000000000000e+03,1.927526367187500000e+03
-4.000000059604644775e-01,-2.131237089633941650e-01,-2.968633174896240234e-01,-2.281621284782886505e-02,6.981483697891235352e-01,6.580778211355209351e-02,2.256000000000000000e+03,2.468298095703125000e+03
-6.312371790409088135e-02,1.764043420553207397e-01,3.873575031757354736e-01,3.205344974994659424e-01,1.102709293365478516e+00,5.592613294720649719e-02,4.414000000000000000e+03,5.195025390625000000e+03
-2.814403176307678223e-01,3.896152675151824951e-01,-3.337825089693069458e-02,3.396590650081634521e-01,9.024677276611328125e-01,8.831556886434555054e-02,2.764000000000000000e+03,2.977725830078125000e+03
5.000000074505805969e-02,-5.000000074505805969e-02,7.413129508495330811e-02,1.458875834941864014e-01,9.002942442893981934e-01,6.042569875717163086e-02,3.655000000000000000e+03,3.829037841796875000e+03
-2.131237089633941650e-01,4.482004791498184204e-02,-7.531688809394836426e-01,-4.422596991062164307e-01,1.271474480628967285e+00,6.599240750074386597e-02,4.634000000000000000e+03,6.060283203125000000e+03
2.514390051364898682e-01,-1.024989411234855652e-02,1.329040620476007462e-03,-2.744337171316146851e-02,7.919611930847167969e-01,6.543190032243728638e-02,2.643000000000000000e+03,2.902213623046875000e+03
-2.041443064808845520e-02,-1.000000014901161194e-01,7.084015011787414551e-02,-1.345829218626022339e-01,9.477851390838623047e-01,7.750841230154037476e-02,3.098000000000000000e+03,3.130831787109375000e+03
2.145627290010452271e-01,-5.000000074505805969e-02,1.649545878171920776e-01,1.221598014235496521e-01,1.279443144798278809e+00,5.786457657814025879e-02,4.444000000000000000e+03,4.530917480468750000e+03
2.145627290010452271e-01,-5.816580727696418762e-02,-3.551487922668457031e-01,-4.579199850559234619e-01,1.267856836318969727e+00,6.216547638177871704e-02,4.550000000000000000e+03,5.844498046875000000e+03
5.000000074505805969e-02,-2.000000029802322388e-01,5.388361811637878418e-01,1.298053115606307983e-01,1.152488589286804199e+00,5.831044539809226990e-02,4.496000000000000000e+03,5.614467285156250000e+03
-1.510896813124418259e-02,1.764043420553207397e-01,-1.129364892840385437e-01,7.565578222274780273e-01,1.258230686187744141e+00,6.030803918838500977e-02,5.225000000000000000e+03,6.318597167968750000e+03
5.000000074505805969e-02,2.872454822063446045e-01,1.030970737338066101e-01,2.193198204040527344e-01,3.876108229160308838e-01,8.128637075424194336e-02,1.070000000000000000e+03,1.122281616210937500e+03
-1.500000059604644775e-01,0.000000000000000000e+00,-5.237386226654052734e-01,-3.971464633941650391e-01,1.136577844619750977e+00,6.861694157123565674e-02,3.881000000000000000e+03,4.733737304687500000e+03
5.000000074505805969e-02,2.145627290010452271e-01,3.385973162949085236e-03,1.748385578393936157e-01,1.155906558036804199e+00,5.607757717370986938e-02,3.714000000000000000e+03,3.724484130859375000e+03
1.764043420553207397e-01,-1.659073382616043091e-01,1.792677864432334900e-02,-1.887874603271484375e-01,7.488594651222229004e-01,7.139115035533905029e-02,2.896000000000000000e+03,3.026859375000000000e+03
9.482004493474960327e-02,1.366542428731918335e-01,2.486189305782318115e-01,2.607523649930953979e-02,9.217251539230346680e-01,6.224485114216804504e-02,3.401000000000000000e+03,3.543552246093750000e+03
-1.000000014901161194e-01,-1.000000014901161194e-01,3.364008367061614990e-01,-1.151742860674858093e-01,9.968675971031188965e-01,6.840831041336059570e-02,3.372000000000000000e+03,3.993683837890625000e+03
-1.000000014901161194e-01,-1.590733230113983154e-02,-5.860565304756164551e-01,1.547297984361648560e-01,1.134760737419128418e+00,5.908691510558128357e-02,4.454000000000000000e+03,5.332206054687500000e+03
9.482004493474960327e-02,-2.000000029802322388e-01,3.574485182762145996e-01,-4.283234775066375732e-01,1.237949132919311523e+00,5.763807892799377441e-02,5.203000000000000000e+03,5.607090820312500000e+03
-1.000000014901161194e-01,-5.179951898753643036e-03,2.984204888343811035e-01,-2.624778449535369873e-01,1.183472037315368652e+00,7.285553961992263794e-02,4.528000000000000000e+03,5.230475097656250000e+03
3.194263577461242676e-01,-6.499999761581420898e-01,3.093408644199371338e-01,-5.472035408020019531e-01,9.750102162361145020e-01,4.770298674702644348e-02,3.118000000000000000e+03,3.153055175781250000e+03
0.000000000000000000e+00,5.000000074505805969e-02,-3.799323737621307373e-01,7.761170715093612671e-02,1.213795900344848633e+00,6.970307230949401855e-02,3.995000000000000000e+03,4.380406250000000000e+03
2.514390051364898682e-01,9.482004493474960327e-02,3.479230701923370361e-01,3.376982808113098145e-01,8.879811167716979980e-01,6.912726908922195435e-02,3.642000000000000000e+03,3.951769775390625000e+03
-5.000000074505805969e-02,9.482004493474960327e-02,-5.328123569488525391e-01,-2.843655347824096680e-01,1.148314476013183594e+00,5.245756730437278748e-02,4.849000000000000000e+03,6.160921875000000000e+03
-5.816580727696418762e-02,3.562291860580444336e-01,-1.881530135869979858e-01,5.592591315507888794e-02,8.111155033111572266e-01,6.092791631817817688e-02,2.831000000000000000e+03,3.275206787109375000e+03
0.000000000000000000e+00,-2.000000029802322388e-01,4.469029009342193604e-01,1.161477714776992798e-01,1.270567655563354492e+00,6.300373375415802002e-02,5.045000000000000000e+03,5.944376953125000000e+03
-1.000000014901161194e-01,-1.618416309356689453e-01,-3.495693206787109375e-01,4.473920166492462158e-02,1.113699793815612793e+00,6.121018528938293457e-02,4.025000000000000000e+03,4.358651367187500000e+03
-1.000000014901161194e-01,-1.618416309356689453e-01,3.487244546413421631e-01,3.011826872825622559e-01,1.186286449432373047e+00,6.839688867330551147e-02,3.921000000000000000e+03,5.015105468750000000e+03
-2.641935050487518311e-01,-4.000000059604644775e-01,-3.531029522418975830e-01,-5.450510978698730469e-01,5.798857212066650391e-01,7.654923200607299805e-02,2.271000000000000000e+03,2.462514404296875000e+03
5.173884034156799316e-01,9.482004493474960327e-02,5.839086174964904785e-01,1.349597275257110596e-01,8.929012417793273926e-01,6.247410178184509277e-02,3.364000000000000000e+03,3.389505371093750000e+03
-5.000000074505805969e-02,0.000000000000000000e+00,-3.878537714481353760e-01,5.663385242223739624e-02,1.022568702697753906e+00,6.585172563791275024e-02,4.296000000000000000e+03,4.766123535156250000e+03
-5.000000074505805969e-02,-1.000000014901161194e-01,-7.725498080253601074e-02,-6.933853775262832642e-02,1.232776284217834473e+00,5.951001495122909546e-02,4.162000000000000000e+03,4.166541015625000000e+03
5.481259822845458984e-01,-6.881999224424362183e-02,3.972205817699432373e-01,-2.605968341231346130e-02,7.702009677886962891e-01,8.290570229291915894e-02,2.485000000000000000e+03,2.586903564453125000e+03
0.000000000000000000e+00,-1.000000014901161194e-01,6.604062765836715698e-02,-1.595309823751449585e-01,1.126940131187438965e+00,6.197907775640487671e-02,3.678000000000000000e+03,3.700912353515625000e+03
-1.618416309356689453e-01,1.700402945280075073e-01,2.463061362504959106e-03,1.643528044223785400e-01,1.062844872474670410e+00,6.199131533503532410e-02,3.491000000000000000e+03,3.573938720703125000e+03
-5.816580727696418762e-02,-5.000000074505805969e-02,-3.734028041362762451e-01,2.736025676131248474e-02,9.465265274047851562e-01,6.640615314245223999e-02,4.034000000000000000e+03,4.495249511718750000e+03
2.514390051364898682e-01,3.221365213394165039e-01,5.238984227180480957e-01,4.356821477413177490e-01,6.692139506340026855e-01,1.116191968321800232e-01,2.404000000000000000e+03,2.852208007812500000e+03
5.000000074505805969e-02,9.482004493474960327e-02,2.353591173887252808e-01,-4.414795711636543274e-02,9.796223044395446777e-01,5.922602489590644836e-02,4.337000000000000000e+03,4.576062500000000000e+03
2.467435896396636963e-01,1.764043420553207397e-01,2.841998040676116943e-01,-7.618278264999389648e-02,1.094207048416137695e+00,6.310055404901504517e-02,4.324000000000000000e+03,4.556535156250000000e+03
1.366542428731918335e-01,-2.000000029802322388e-01,3.401114642620086670e-01,-5.946673750877380371e-01,1.103982329368591309e+00,5.579987168312072754e-02,4.670000000000000000e+03,5.399999023437500000e+03
2.145627290010452271e-01,1.764043420553207397e-01,1.420977860689163208e-01,-3.055875599384307861e-01,1.176252841949462891e+00,5.477026104927062988e-02,4.803000000000000000e+03,5.597420898437500000e+03
-1.184162404388189316e-02,2.514390051364898682e-01,2.383882105350494385e-01,-2.097872346639633179e-01,1.240621566772460938e+00,5.989520251750946045e-02,5.205000000000000000e+03,6.102173339843750000e+03
-1.666139364242553711e-01,1.764043420553207397e-01,-1.114415526390075684e-01,4.622849449515342712e-02,5.713391304016113281e-01,6.247101351618766785e-02,2.103000000000000000e+03,2.230075195312500000e+03
-2.000000029802322388e-01,-4.000000059604644775e-01,4.380299150943756104e-02,-6.443566679954528809e-01,9.186682105064392090e-01,6.183266267180442810e-02,3.442000000000000000e+03,3.912928222656250000e+03
-2.500000000000000000e-01,2.145627290010452271e-01,-2.259550541639328003e-01,-1.829833388328552246e-01,9.461975693702697754e-01,6.248316168785095215e-02,3.990000000000000000e+03,4.670059570312500000e+03
0.000000000000000000e+00,1.366542428731918335e-01,-2.749426960945129395e-01,5.624297540634870529e-03,8.766158819198608398e-01,6.458573788404464722e-02,3.558000000000000000e+03,3.976252441406250000e+03
4.183419048786163330e-02,-4.000000059604644775e-01,-1.354177575558423996e-02,-4.447599053382873535e-01,4.945550262928009033e-01,8.710407465696334839e-02,1.453000000000000000e+03,1.482937133789062500e+03
-5.500000119209289551e-01,-7.242675125598907471e-02,-5.561984777450561523e-01,-2.002603001892566681e-02,4.247664213180541992e-01,7.430729269981384277e-02,1.101000000000000000e+03,1.117970214843750000e+03
-2.131237089633941650e-01,3.975010663270950317e-02,-5.443449616432189941e-01,2.925865650177001953e-01,1.162416815757751465e+00,6.387935578823089600e-02,4.426000000000000000e+03,4.977833496093750000e+03
-5.000000074505805969e-02,8.975010365247726440e-02,-1.247148737311363220e-01,1.794821582734584808e-02,1.219130873680114746e+00,5.924014374613761902e-02,4.430000000000000000e+03,4.462032714843750000e+03
2.145627290010452271e-01,-1.000000014901161194e-01,8.834257721900939941e-01,-2.301245778799057007e-01,1.233829736709594727e+00,5.510618537664413452e-02,4.620000000000000000e+03,5.949867187500000000e+03
1.764043420553207397e-01,4.482004791498184204e-02,2.111996561288833618e-01,-5.254656672477722168e-01,1.237305521965026855e+00,6.394187361001968384e-02,5.078000000000000000e+03,6.113423828125000000e+03
-5.000000074505805969e-02,-1.000000014901161194e-01,-8.525398373603820801e-02,4.243749752640724182e-02,1.265986084938049316e+00,1.634518504142761230e-01,3.709000000000000000e+03,3.758773925781250000e+03
-6.312371790409088135e-02,-1.000000014901161194e-01,-1.846067756414413452e-01,-3.778331577777862549e-01,9.269458651542663574e-01,7.074370235204696655e-02,3.663000000000000000e+03,4.044932373046875000e+03
-5.000000074505805969e-02,-1.500000059604644775e-01,-3.535482883453369141e-01,1.415220350027084351e-01,8.570625185966491699e-01,7.198530435562133789e-02,3.127000000000000000e+03,3.845676269531250000e+03
1.366542428731918335e-01,4.482004791498184204e-02,2.666314840316772461e-01,3.982940316200256348e-01,1.263881444931030273e+00,6.185659766197204590e-02,4.852000000000000000e+03,5.273568359375000000e+03
-5.000000074505805969e-02,-5.000000074505805969e-02,-2.127266079187393188e-01,8.388072252273559570e-02,8.346349596977233887e-01,5.741722136735916138e-02,2.741000000000000000e+03,2.913010986328125000e+03
0.000000000000000000e+00,-3.000000119209289551e-01,3.723851218819618225e-02,-2.476655840873718262e-01,1.219476103782653809e+00,6.327817589044570923e-02,4.829000000000000000e+03,4.842374511718750000e+03
-1.618416309356689453e-01,1.764043420553207397e-01,-2.973569631576538086e-01,1.096052974462509155e-01,5.610217452049255371e-01,7.398159056901931763e-02,1.542000000000000000e+03,1.652062866210937500e+03
-2.692624032497406006e-01,-4.499999880790710449e-01,-3.967379629611968994e-01,-4.537771344184875488e-01,7.879640460014343262e-01,1.087977290153503418e-01,2.583000000000000000e+03,2.650013427734375000e+03
-5.000000074505805969e-02,9.482004493474960327e-02,2.565314471721649170e-01,6.751669645309448242e-01,1.220864057540893555e+00,5.611661449074745178e-02,4.617000000000000000e+03,5.875806152343750000e+03
-1.500000059604644775e-01,0.000000000000000000e+00,-5.070225000381469727e-01,4.722829163074493408e-02,1.276087045669555664e+00,6.598075479269027710e-02,4.876000000000000000e+03,5.258027343750000000e+03
-7.005596160888671875e-02,9.482004493474960327e-02,9.328705817461013794e-02,4.232347607612609863e-01,1.000826954841613770e+00,6.581049412488937378e-02,3.519000000000000000e+03,3.976917236328125000e+03
-1.000000014901161194e-01,2.145627290010452271e-01,-8.996738493442535400e-02,6.280069351196289062e-01,1.042387008666992188e+00,5.965010821819305420e-02,3.932000000000000000e+03,4.530581054687500000e+03
5.173884034156799316e-01,-2.000000029802322388e-01,3.673690557479858398e-01,-2.017849385738372803e-01,9.109224081039428711e-01,6.571102142333984375e-02,3.933000000000000000e+03,4.039151367187500000e+03
1.748126149177551270e-01,2.872454822063446045e-01,1.446633487939834595e-01,1.684362068772315979e-02,6.986684799194335938e-01,6.812176853418350220e-02,2.766000000000000000e+03,3.171394287109375000e+03
4.482004791498184204e-02,2.514390051364898682e-01,-2.642431557178497314e-01,6.551980227231979370e-02,1.046397924423217773e+00,7.626067847013473511e-02,3.607000000000000000e+03,4.024360351562500000e+03
-1.696730405092239380e-01,1.764043420553207397e-01,-3.033924475312232971e-02,-2.779287099838256836e-01,1.232626438140869141e+00,6.470057368278503418e-02,5.075000000000000000e+03,5.804776367187500000e+03
-2.500000000000000000e-01,-2.641935050487518311e-01,-3.199922144412994385e-01,-3.199436962604522705e-01,5.926362872123718262e-01,7.949352264404296875e-02,2.140000000000000000e+03,2.188418212890625000e+03
-2.200559526681900024e-01,-6.184162572026252747e-02,-2.615666948258876801e-02,-3.071779012680053711e-01,9.700172543525695801e-01,7.149195671081542969e-02,2.910000000000000000e+03,3.204905761718750000e+03
6.672313809394836426e-01,-2.141935080289840698e-01,5.412252545356750488e-01,-2.483492195606231689e-01,8.171947002410888672e-01,7.708978652954101562e-02,2.488000000000000000e+03,2.551269531250000000e+03
-1.500000059604644775e-01,9.482004493474960327e-02,2.953455746173858643e-01,5.195375084877014160e-01,1.269645333290100098e+00,6.064036488533020020e-02,5.033000000000000000e+03,6.159755371093750000e+03
-1.696730405092239380e-01,1.366542428731918335e-01,2.659557759761810303e-01,3.326334953308105469e-01,1.259105086326599121e+00,5.576660484075546265e-02,5.040000000000000000e+03,5.742917480468750000e+03
3.221365213394165039e-01,1.366542428731918335e-01,4.323275387287139893e-01,-2.712737023830413818e-01,8.471056222915649414e-01,5.955694615840911865e-02,3.542000000000000000e+03,4.380916992187500000e+03
-6.834094226360321045e-02,4.862083792686462402e-01,4.284575954079627991e-02,3.264952600002288818e-01,7.609049081802368164e-01,6.743267923593521118e-02,2.303000000000000000e+03,2.451635742187500000e+03
3.896152675151824951e-01,-1.151089668273925781e-01,1.601683646440505981e-01,1.488413065671920776e-01,1.001112341880798340e+00,7.946885377168655396e-02,3.421000000000000000e+03,3.827932128906250000e+03
6.961627006530761719e-01,3.029216527938842773e-01,7.948152422904968262e-01,1.861456185579299927e-01,6.144523620605468750e-01,1.428849101066589355e-01,1.517000000000000000e+03,1.609540893554687500e+03
-4.499999880790710449e-01,-6.312371790409088135e-02,-3.803043365478515625e-01,1.157854720950126648e-01,1.048775434494018555e+00,8.146177232265472412e-02,3.087000000000000000e+03,3.189400146484375000e+03
9.482004493474960327e-02,5.000000074505805969e-02,4.821033477783203125e-01,-5.901969224214553833e-02,9.742453694343566895e-01,5.513001605868339539e-02,3.647000000000000000e+03,4.245700683593750000e+03
9.482004493474960327e-02,-1.500000059604644775e-01,7.106281071901321411e-02,-3.901061713695526123e-01,1.272758483886718750e+00,6.186765432357788086e-02,5.294000000000000000e+03,5.482492675781250000e+03
1.366542428731918335e-01,1.366542428731918335e-01,2.001574933528900146e-01,1.209321245551109314e-01,1.150922417640686035e+00,5.779117718338966370e-02,3.273000000000000000e+03,3.283507080078125000e+03
0.000000000000000000e+00,-1.500000059604644775e-01,2.726912498474121094e-01,3.229237496852874756e-01,1.178024172782897949e+00,5.939580872654914856e-02,4.355000000000000000e+03,5.249652832031250000e+03
2.830980718135833740e-01,-2.000000029802322388e-01,2.855855822563171387e-01,-1.862817406654357910e-01,1.208462953567504883e+00,5.552369356155395508e-02,4.841000000000000000e+03,4.841640136718750000e+03
-1.102498918771743774e-01,1.764043420553207397e-01,-6.771867722272872925e-02,-3.243738710880279541e-01,1.284129381179809570e+00,6.209739670157432556e-02,5.076000000000000000e+03,5.828489257812500000e+03
9.482004493474960327e-02,-1.500000059604644775e-01,4.332218170166015625e-01,-1.678956300020217896e-01,9.834187626838684082e-01,6.282632052898406982e-02,3.583000000000000000e+03,3.997583496093750000e+03
3.815837576985359192e-02,-2.500000000000000000e-01,2.311413437128067017e-01,-3.149799704551696777e-01,5.826675891876220703e-01,7.649762928485870361e-02,1.776000000000000000e+03,1.987257446289062500e+03
1.683132946491241455e-01,-1.500000059604644775e-01,1.742532290518283844e-02,-5.230813622474670410e-01,1.126599788665771484e+00,5.037035793066024780e-02,4.725000000000000000e+03,5.311817382812500000e+03
-1.000000014901161194e-01,-1.500000059604644775e-01,-6.371564269065856934e-01,-3.671734631061553955e-01,1.134364843368530273e+00,7.390759140253067017e-02,3.939000000000000000e+03,4.915197265625000000e+03
-1.000000014901161194e-01,5.000000074505805969e-02,-3.651105612516403198e-02,2.578901648521423340e-01,1.237360477447509766e+00,5.791526287794113159e-02,4.525000000000000000e+03,4.663683593750000000e+03
-5.000000074505805969e-02,-2.651089727878570557e-01,-6.074593588709831238e-02,-4.045979380607604980e-01,8.348268866539001465e-01,7.058435678482055664e-02,2.941000000000000000e+03,3.022993652343750000e+03
0.000000000000000000e+00,-5.000000074505805969e-02,-1.228052973747253418e-01,-2.229153364896774292e-01,1.063519001007080078e+00,7.141165435314178467e-02,3.925000000000000000e+03,4.079835449218750000e+03
-5.000000074505805969e-02,1.366542428731918335e-01,1.040236577391624451e-01,2.002259790897369385e-01,8.521227240562438965e-01,8.655931800603866577e-02,3.084000000000000000e+03,3.200963378906250000e+03
-1.102498918771743774e-01,-5.000000074505805969e-02,-2.984307110309600830e-01,-3.568841814994812012e-01,1.080350279808044434e+00,7.703795284032821655e-02,3.238000000000000000e+03,3.588103759765625000e+03
1.764043420553207397e-01,1.764043420553207397e-01,4.267147481441497803e-01,3.097331523895263672e-01,1.082883477210998535e+00,6.461901962757110596e-02,4.015000000000000000e+03,4.286374511718750000e+03
1.366542428731918335e-01,-3.000000119209289551e-01,2.287750542163848877e-01,-1.628997474908828735e-01,6.884027123451232910e-01,8.587929606437683105e-02,1.542000000000000000e+03,1.629527954101562500e+03
9.482004493474960327e-02,-2.500000000000000000e-01,3.975684344768524170e-01,-2.190888226032257080e-01,1.188536524772644043e+00,4.799987375736236572e-02,4.699000000000000000e+03,5.002273437500000000e+03
-2.178191244602203369e-01,3.555225729942321777e-01,-3.664174377918243408e-01,2.991541922092437744e-01,7.694374918937683105e-01,6.369350850582122803e-02,2.676000000000000000e+03,2.788775878906250000e+03
-3.659073412418365479e-01,5.000000074505805969e-02,-4.905914664268493652e-01,2.328366935253143311e-01,7.979488968849182129e-01,6.923288106918334961e-02,2.798000000000000000e+03,3.009639404296875000e+03
1.764043420553207397e-01,9.482004493474960327e-02,1.384532661177217960e-03,5.003612637519836426e-01,1.231535553932189941e+00,5.201554670929908752e-02,4.905000000000000000e+03,5.518945312500000000e+03
-4.000000059604644775e-01,3.562291860580444336e-01,-5.079380869865417480e-01,3.612178266048431396e-01,4.663127362728118896e-01,7.024642080068588257e-02,1.266000000000000000e+03,1.333074584960937500e+03
-1.500000059604644775e-01,0.000000000000000000e+00,-2.287767976522445679e-01,-2.492452263832092285e-01,1.044949173927307129e+00,5.300876870751380920e-02,4.267000000000000000e+03,4.529774414062500000e+03
2.514390051364898682e-01,-5.000000074505805969e-02,6.207105517387390137e-01,-1.034270673990249634e-01,1.096316814422607422e+00,6.065280735492706299e-02,4.645000000000000000e+03,5.169816406250000000e+03
-1.166139394044876099e-01,-3.499999940395355225e-01,-3.708179295063018799e-01,1.275156587362289429e-01,1.129779696464538574e+00,6.809572875499725342e-02,4.247000000000000000e+03,5.176670410156250000e+03
1.764043420553207397e-01,-3.000000119209289551e-01,1.172451525926589966e-01,-4.448638558387756348e-01,6.893189549446105957e-01,8.620496839284896851e-02,2.311000000000000000e+03,2.428618652343750000e+03
1.764043420553207397e-01,5.000000074505805969e-02,5.877816677093505859e-01,-2.023540884256362915e-01,1.122445106506347656e+00,6.491082906723022461e-02,4.662000000000000000e+03,5.489997558593750000e+03
1.764043420553207397e-01,4.183419048786163330e-02,-2.209694832563400269e-01,-1.494703143835067749e-01,1.130425572395324707e+00,6.119487062096595764e-02,4.713000000000000000e+03,5.406385742187500000e+03
-5.000000000000000000e-01,9.482004493474960327e-02,-7.148973345756530762e-01,-1.032339110970497131e-01,9.766300916671752930e-01,6.014933064579963684e-02,4.238000000000000000e+03,4.609357910156250000e+03
5.000000074505805969e-02,9.482004493474960327e-02,-3.398849070072174072e-01,-1.359733045101165771e-01,9.142650365829467773e-01,8.151836693286895752e-02,2.862000000000000000e+03,3.529732666015625000e+03
-1.000000014901161194e-01,-1.500000059604644775e-01,-1.195621192455291748e-01,-7.955465465784072876e-02,4.724099338054656982e-01,9.035609662532806396e-02,1.063000000000000000e+03,1.088254638671875000e+03
1.366542428731918335e-01,-4.499999880790710449e-01,4.572023823857307434e-02,-8.544755578041076660e-01,1.099580287933349609e+00,6.167868152260780334e-02,4.595000000000000000e+03,5.228525390625000000e+03
5.000000074505805969e-02,4.223684668540954590e-01,1.185831576585769653e-01,1.278386265039443970e-01,1.107345342636108398e+00,6.017371639609336853e-02,4.208000000000000000e+03,4.516542968750000000e+03
-1.500000059604644775e-01,5.000000074505805969e-02,-4.680126160383224487e-02,2.763806097209453583e-02,1.274554371833801270e+00,5.498335883021354675e-02,4.936000000000000000e+03,4.970001953125000000e+03
-1.141935139894485474e-01,9.482004493474960327e-02,-5.664817690849304199e-01,-5.837936769239604473e-04,1.177138447761535645e+00,7.125558704137802124e-02,3.768000000000000000e+03,4.328710937500000000e+03
9.482004493474960327e-02,2.145627290010452271e-01,1.981075108051300049e-02,4.829307794570922852e-01,1.149544239044189453e+00,5.752614513039588928e-02,4.248000000000000000e+03,4.493848144531250000e+03
0.000000000000000000e+00,-4.000000059604644775e-01,4.515748023986816406e-01,-2.438454627990722656e-01,1.090512633323669434e+00,5.963382124900817871e-02,3.994000000000000000e+03,4.730359863281250000e+03
-2.500000000000000000e-01,5.000000074505805969e-02,-1.072500571608543396e-01,2.898779213428497314e-01,1.021032094955444336e+00,5.955906212329864502e-02,4.538000000000000000e+03,4.870739746093750000e+03
0.000000000000000000e+00,5.000000074505805969e-02,-4.627678543329238892e-02,1.778430938720703125e-01,1.060008525848388672e+00,5.150137096643447876e-02,3.873000000000000000e+03,3.936256591796875000e+03
3.562291860580444336e-01,4.183419048786163330e-02,3.597748279571533203e-01,-5.038266628980636597e-02,1.123917937278747559e+00,6.385672837495803833e-02,3.591000000000000000e+03,3.615133544921875000e+03
-5.000000074505805969e-02,-1.204144284129142761e-01,-2.279999256134033203e-01,2.029564082622528076e-01,1.115573763847351074e+00,5.521833524107933044e-02,4.183000000000000000e+03,4.629854003906250000e+03
0.000000000000000000e+00,-1.178191304206848145e-01,4.387038648128509521e-01,-4.049989879131317139e-01,1.192299246788024902e+00,7.191617786884307861e-02,4.332000000000000000e+03,5.136660644531250000e+03
1.366542428731918335e-01,8.409266918897628784e-02,-3.299533128738403320e-01,-1.278451178222894669e-02,9.700396656990051270e-01,6.348196417093276978e-02,3.391000000000000000e+03,4.170351074218750000e+03
1.764043420553207397e-01,9.482004493474960327e-02,-2.704075574874877930e-01,1.638600826263427734e-01,1.268300294876098633e+00,5.289991945028305054e-02,4.583000000000000000e+03,5.149962402343750000e+03
-5.500000119209289551e-01,4.545493423938751221e-01,-8.951632380485534668e-01,4.246721267700195312e-01,8.599027991294860840e-01,1.350153535604476929e-01,3.103000000000000000e+03,3.589885742187500000e+03
0.000000000000000000e+00,5.000000074505805969e-02,-8.790756762027740479e-02,3.181252256035804749e-02,1.018251180648803711e+00,5.127720162272453308e-02,3.855000000000000000e+03,3.884916992187500000e+03
3.221365213394165039e-01,-8.165807463228702545e-03,3.354237377643585205e-01,-1.606698781251907349e-01,6.903474330902099609e-01,7.473030686378479004e-02,2.440000000000000000e+03,2.558610107421875000e+03
0.000000000000000000e+00,-4.000000059604644775e-01,3.451739251613616943e-01,-3.799256384372711182e-01,9.617165923118591309e-01,6.606188416481018066e-02,3.443000000000000000e+03,3.875634033203125000e+03
-5.000000074505805969e-02,-6.188200116157531738e-01,-1.414576172828674316e-01,-4.726860225200653076e-01,9.652488231658935547e-01,6.433566659688949585e-02,3.565000000000000000e+03,3.677671630859375000e+03
9.482004493474960327e-02,-5.000000074505805969e-02,-3.634760677814483643e-01,6.851223856210708618e-02,1.239879608154296875e+00,5.444901436567306519e-02,5.210000000000000000e+03,5.945018554687500000e+03
2.872454822063446045e-01,-5.000000074505805969e-02,2.197752147912979126e-01,-7.212762255221605301e-03,1.191566944122314453e+00,6.039754673838615417e-02,4.058000000000000000e+03,4.076360839843750000e+03
-2.000000029802322388e-01,9.482004493474960327e-02,-3.732992112636566162e-01,-1.914801746606826782e-01,7.951166629791259766e-01,7.069299370050430298e-02,2.510000000000000000e+03,2.937806884765625000e+03
9.482004493474960327e-02,-1.500000059604644775e-01,4.798482358455657959e-01,-1.117302924394607544e-01,1.212502837181091309e+00,6.139882281422615051e-02,5.083000000000000000e+03,5.587696777343750000e+03
-3.000000119209289551e-01,-1.724679581820964813e-02,-3.765972554683685303e-01,-3.559843599796295166e-01,9.426853656768798828e-01,6.476516276597976685e-02,3.481000000000000000e+03,3.939260986328125000e+03
8.815837651491165161e-02,-3.000000119209289551e-01,-1.135497912764549255e-01,2.489098310470581055e-01,1.159083962440490723e+00,5.542194470763206482e-02,4.491000000000000000e+03,5.579028320312500000e+03
1.366542428731918335e-01,-2.000000029802322388e-01,-1.555143669247627258e-02,1.046517342329025269e-01,1.202902317047119141e+00,5.558642372488975525e-02,4.975000000000000000e+03,5.366491699218750000e+03
1.366542428731918335e-01,8.165905624628067017e-02,-1.002935022115707397e-01,2.051223069429397583e-03,8.173083066940307617e-01,8.490235358476638794e-02,2.127000000000000000e+03,2.321397949218750000e+03
1.366542428731918335e-01,-2.500000000000000000e-01,2.680429257452487946e-02,-6.894850730895996094e-01,1.027313232421875000e+00,6.299830973148345947e-02,4.074000000000000000e+03,4.833567382812500000e+03
-1.000000014901161194e-01,2.514390051364898682e-01,2.087842971086502075e-01,3.559663891792297363e-01,9.298554062843322754e-01,6.095729395747184753e-02,4.011000000000000000e+03,4.489995117187500000e+03
1.764043420553207397e-01,-1.131237149238586426e-01,4.239482581615447998e-01,-5.038447976112365723e-01,9.786260128021240234e-01,8.119830489158630371e-02,3.317000000000000000e+03,4.024337402343750000e+03
-1.590733230113983154e-02,0.000000000000000000e+00,4.152136668562889099e-02,-1.461052056401968002e-02,5.987845063209533691e-01,6.839486211538314819e-02,1.561000000000000000e+03,1.576249145507812500e+03
-1.618416309356689453e-01,-2.000000029802322388e-01,-5.910165309906005859e-01,-4.283975437283515930e-02,1.061483502388000488e+00,6.542345881462097168e-02,4.002000000000000000e+03,4.715440429687500000e+03
-2.500000000000000000e-01,1.366542428731918335e-01,-1.582681387662887573e-01,-1.150196418166160583e-03,9.887152314186096191e-01,6.128211319446563721e-02,4.387000000000000000e+03,4.509307617187500000e+03
2.514390051364898682e-01,-2.641935050487518311e-01,1.977639198303222656e-01,-2.306526154279708862e-01,5.110405087471008301e-01,7.228835672140121460e-02,1.440000000000000000e+03,1.462009643554687500e+03
2.848250567913055420e-01,4.862083792686462402e-01,2.464889436960220337e-01,5.814338326454162598e-01,1.086309313774108887e+00,6.211869791150093079e-02,3.668000000000000000e+03,3.700566650390625000e+03
9.482004493474960327e-02,0.000000000000000000e+00,1.298059076070785522e-01,6.898743659257888794e-02,1.030172348022460938e+00,6.221023574471473694e-02,4.106000000000000000e+03,4.129013183593750000e+03
6.379825472831726074e-01,5.565313249826431274e-02,7.265512347221374512e-01,1.662153936922550201e-02,5.037758946418762207e-01,1.004093736410140991e-01,1.704000000000000000e+03,1.766450073242187500e+03
9.482004493474960327e-02,-3.000000119209289551e-01,1.646716333925724030e-02,-2.532817423343658447e-01,1.027646780014038086e+00,5.591743811964988708e-02,3.965000000000000000e+03,3.996127929687500000e+03
-1.500000059604644775e-01,1.764043420553207397e-01,-7.753404229879379272e-02,2.996553182601928711e-01,1.015180826187133789e+00,6.504140049219131470e-02,4.008000000000000000e+03,4.086980957031250000e+03
-3.000000119209289551e-01,-2.500000000000000000e-01,-5.262942910194396973e-01,1.671421974897384644e-01,1.153277635574340820e+00,5.295038968324661255e-02,4.545000000000000000e+03,5.288318847656250000e+03
-1.000000014901161194e-01,-1.618416309356689453e-01,6.463238596916198730e-02,-1.688138395547866821e-01,1.267030358314514160e+00,5.799051374197006226e-02,5.107000000000000000e+03,5.193159667968750000e+03
-5.000000074505805969e-02,-5.000000074505805969e-02,-2.436904758214950562e-01,-4.828457534313201904e-02,1.060137033462524414e+00,7.601507008075714111e-02,3.627000000000000000e+03,3.747312744140625000e+03
-1.510896813124418259e-02,-1.500000059604644775e-01,-4.753150045871734619e-02,-1.234956905245780945e-01,1.254102826118469238e+00,5.805705487728118896e-02,3.973000000000000000e+03,3.977467529296875000e+03
5.000000074505805969e-02,2.514390051364898682e-01,1.958888322114944458e-01,-1.643314212560653687e-01,1.043105125427246094e+00,6.030019745230674744e-02,3.637000000000000000e+03,4.261557128906250000e+03
-4.000000059604644775e-01,5.000000074505805969e-02,-3.539318740367889404e-01,-7.585782557725906372e-03,8.134487271308898926e-01,6.834287196397781372e-02,2.363000000000000000e+03,2.382416259765625000e+03
0.000000000000000000e+00,9.482004493474960327e-02,-1.796446144580841064e-01,6.852353923022747040e-03,1.136428833007812500e+00,7.003924995660781860e-02,4.108000000000000000e+03,4.234683593750000000e+03
1.366542428731918335e-01,-1.000000014901161194e-01,5.060768723487854004e-01,-4.722543805837631226e-02,9.645119309425354004e-01,6.619302183389663696e-02,3.573000000000000000e+03,4.090723632812500000e+03
-2.500000000000000000e-01,2.145627290010452271e-01,-1.760333478450775146e-01,1.938376724720001221e-01,8.366659283638000488e-01,6.205036491155624390e-02,2.527000000000000000e+03,2.548234863281250000e+03
-1.184162404388189316e-02,2.145627290010452271e-01,-4.063650220632553101e-02,9.906449168920516968e-02,1.217252135276794434e+00,5.597278848290443420e-02,5.352000000000000000e+03,5.403203125000000000e+03
2.872454822063446045e-01,-2.000000029802322388e-01,3.138718903064727783e-01,-2.378708720207214355e-01,1.055608987808227539e+00,5.728407949209213257e-02,4.082000000000000000e+03,4.089929687500000000e+03
1.366542428731918335e-01,-5.000000074505805969e-02,9.884659200906753540e-02,-7.808158546686172485e-02,4.774886667728424072e-01,1.174739599227905273e-01,1.757000000000000000e+03,1.773986206054687500e+03
-1.000000014901161194e-01,3.562291860580444336e-01,2.069687694311141968e-01,1.492050439119338989e-01,1.120398879051208496e+00,4.956344887614250183e-02,4.456000000000000000e+03,4.930102539062500000e+03
-1.641935110092163086e-01,0.000000000000000000e+00,-2.006343901157379150e-01,4.918948560953140259e-02,5.002305507659912109e-01,7.654888182878494263e-02,1.480000000000000000e+03,1.502053710937500000e+03
1.366542428731918335e-01,3.221365213394165039e-01,2.506885230541229248e-01,7.920660823583602905e-02,9.745901823043823242e-01,6.208228319883346558e-02,3.683000000000000000e+03,3.957901367187500000e+03
3.221365213394165039e-01,-5.000000074505805969e-02,2.670218646526336670e-01,-2.083159983158111572e-01,9.782916903495788574e-01,6.419093161821365356e-02,3.158000000000000000e+03,3.250064453125000000e+03
0.000000000000000000e+00,3.562291860580444336e-01,2.366115003824234009e-01,1.393610537052154541e-01,1.162733674049377441e+00,6.341897696256637573e-02,4.491000000000000000e+03,4.827701660156250000e+03
0.000000000000000000e+00,-5.000000000000000000e-01,3.583417236804962158e-01,-5.553854107856750488e-01,8.518629074096679688e-01,7.470966130495071411e-02,2.693000000000000000e+03,3.162429199218750000e+03
-1.000000014901161194e-01,1.366542428731918335e-01,-3.010427355766296387e-01,4.482612311840057373e-01,1.258549928665161133e+00,5.616357550024986267e-02,5.058000000000000000e+03,5.488207519531250000e+03
1.735305190086364746e-01,-1.500000059604644775e-01,2.142621427774429321e-01,-3.520384058356285095e-02,1.260104179382324219e+00,6.280471384525299072e-02,5.080000000000000000e+03,5.127587402343750000e+03
-1.200559586286544800e-01,8.032695204019546509e-02,-3.140888214111328125e-01,-2.930606305599212646e-01,8.800846934318542480e-01,7.492463290691375732e-02,3.704000000000000000e+03,4.511779785156250000e+03
0.000000000000000000e+00,9.482004493474960327e-02,-1.480696350336074829e-01,3.868945837020874023e-01,9.784451127052307129e-01,7.037187367677688599e-02,3.992000000000000000e+03,4.427107910156250000e+03
-4.499999880790710449e-01,9.482004493474960327e-02,-5.037462115287780762e-01,-1.144516468048095703e-01,6.628825068473815918e-01,7.115921378135681152e-02,1.653000000000000000e+03,1.824657226562500000e+03
-1.118416264653205872e-01,-2.000000029802322388e-01,-6.023368239402770996e-02,2.558765709400177002e-01,1.152666449546813965e+00,5.822201445698738098e-02,4.566000000000000000e+03,5.263733886718750000e+03
2.872454822063446045e-01,-1.500000059604644775e-01,2.706582844257354736e-01,1.541765183210372925e-01,1.049745678901672363e+00,6.430187076330184937e-02,3.678000000000000000e+03,3.981577148437500000e+03
1.764043420553207397e-01,-2.700559496879577637e-01,4.529647827148437500e-01,-1.238724887371063232e-01,8.791387081146240234e-01,5.166392400860786438e-02,3.579000000000000000e+03,4.020030273437500000e+03
5.000000074505805969e-02,-2.500000000000000000e-01,3.687933832406997681e-02,-3.477583229541778564e-01,7.931408286094665527e-01,7.220307737588882446e-02,2.534000000000000000e+03,2.573057861328125000e+03
1.297110766172409058e-01,0.000000000000000000e+00,2.375867515802383423e-01,9.287999570369720459e-02,7.990015149116516113e-01,6.826125085353851318e-02,3.000000000000000000e+03,3.094236816406250000e+03
1.345701515674591064e-01,9.482004493474960327e-02,1.552271097898483276e-01,2.420426160097122192e-01,1.238240361213684082e+00,6.044832244515419006e-02,4.762000000000000000e+03,4.830563476562500000e+03
9.482004493474960327e-02,9.482004493474960327e-02,2.186368256807327271e-01,1.695493310689926147e-01,7.097292542457580566e-01,6.757569313049316406e-02,2.607000000000000000e+03,2.713906494140625000e+03
0.000000000000000000e+00,2.514390051364898682e-01,-5.651540681719779968e-02,-2.962420284748077393e-01,1.286064743995666504e+00,5.206773802638053894e-02,5.458000000000000000e+03,6.420148437500000000e+03
0.000000000000000000e+00,-2.000000029802322388e-01,3.957055211067199707e-01,-3.820404410362243652e-01,1.266889095306396484e+00,5.808791890740394592e-02,4.897000000000000000e+03,5.461384277343750000e+03
5.000000074505805969e-02,-3.151089549064636230e-01,8.987215906381607056e-02,-2.895785868167877197e-01,6.622614264488220215e-01,6.815738976001739502e-02,2.219000000000000000e+03,2.230285644531250000e+03
9.482004493474960327e-02,2.145627290010452271e-01,1.849646121263504028e-01,-2.049965560436248779e-01,1.252215266227722168e+00,6.101901456713676453e-02,4.450000000000000000e+03,4.958814941406250000e+03
5.000000074505805969e-02,2.145627290010452271e-01,2.080641686916351318e-01,1.715168654918670654e-01,8.407893180847167969e-01,7.871688902378082275e-02,2.720000000000000000e+03,2.822574462890625000e+03
-2.000000029802322388e-01,-5.000000074505805969e-02,-2.871252000331878662e-01,-6.482400894165039062e-01,1.248335957527160645e+00,6.740815937519073486e-02,4.374000000000000000e+03,5.353223144531250000e+03
-2.500000000000000000e-01,-1.500000059604644775e-01,-1.943247616291046143e-01,-4.066256880760192871e-01,1.005574345588684082e+00,5.647385120391845703e-02,3.650000000000000000e+03,3.894449707031250000e+03
4.183419048786163330e-02,0.000000000000000000e+00,4.523098468780517578e-02,1.547366529703140259e-01,9.129120111465454102e-01,6.229566410183906555e-02,2.765000000000000000e+03,2.844087646484375000e+03
1.366542428731918335e-01,-1.500000059604644775e-01,3.834186196327209473e-01,-5.336799472570419312e-02,1.236279249191284180e+00,5.961129441857337952e-02,4.578000000000000000e+03,4.785958984375000000e+03
0.000000000000000000e+00,-1.500000059604644775e-01,2.152707874774932861e-01,-6.108377873897552490e-02,1.226760983467102051e+00,6.169165670871734619e-02,5.105000000000000000e+03,5.287822265625000000e+03
-5.000000074505805969e-02,-5.000000074505805969e-02,-9.774882346391677856e-02,-9.069007635116577148e-02,1.077270150184631348e+00,6.289885938167572021e-02,4.271000000000000000e+03,4.285453125000000000e+03
0.000000000000000000e+00,-3.151089549064636230e-01,2.081180363893508911e-01,-1.472236216068267822e-01,8.231655359268188477e-01,7.559484243392944336e-02,2.597000000000000000e+03,2.864506835937500000e+03
-1.500000059604644775e-01,4.183419048786163330e-02,-4.868073388934135437e-02,5.790061503648757935e-02,1.142426252365112305e+00,6.606803834438323975e-02,4.085000000000000000e+03,4.117813476562500000e+03
2.514390051364898682e-01,-2.131237089633941650e-01,3.797961771488189697e-01,-5.475998669862747192e-02,1.096869230270385742e+00,7.943581044673919678e-02,4.570000000000000000e+03,4.726170898437500000e+03
-3.499999940395355225e-01,0.000000000000000000e+00,-4.098876118659973145e-01,-6.961088627576828003e-02,1.131413578987121582e+00,6.292594224214553833e-02,4.789000000000000000e+03,4.820391113281250000e+03
-5.816580727696418762e-02,-5.000000074505805969e-02,-6.545241922140121460e-02,-3.624695912003517151e-02,1.223281741142272949e+00,5.413974076509475708e-02,3.843000000000000000e+03,3.843600585937500000e+03
2.872454822063446045e-01,-5.000000074505805969e-02,3.577766120433807373e-01,-1.341116875410079956e-01,5.874366164207458496e-01,1.204060167074203491e-01,1.690000000000000000e+03,1.748437988281250000e+03
-3.000000119209289551e-01,-6.419350951910018921e-02,-4.209521412849426270e-01,-1.283702999353408813e-02,8.027304410934448242e-01,5.649641156196594238e-02,2.858000000000000000e+03,2.934133300781250000e+03
-1.500000059604644775e-01,9.482004493474960327e-02,-5.454247444868087769e-02,5.389640927314758301e-01,1.242931485176086426e+00,5.921388417482376099e-02,4.884000000000000000e+03,5.517083496093750000e+03
-5.000000074505805969e-02,5.000000074505805969e-02,4.003614187240600586e-02,3.894624114036560059e-01,1.200942516326904297e+00,8.825157582759857178e-02,3.720000000000000000e+03,4.032367919921875000e+03
-2.000000029802322388e-01,5.000000074505805969e-02,-8.855288475751876831e-02,-2.304984182119369507e-01,1.254934191703796387e+00,5.959004536271095276e-02,5.114000000000000000e+03,5.405698242187500000e+03
1.764043420553207397e-01,-6.590732932090759277e-02,4.525307118892669678e-01,-2.450863271951675415e-01,8.565093278884887695e-01,6.251731514930725098e-02,2.653000000000000000e+03,3.031596191406250000e+03
5.000000074505805969e-02,9.482004493474960327e-02,1.939597129821777344e-01,7.825816422700881958e-02,9.038046002388000488e-01,8.069705963134765625e-02,3.557000000000000000e+03,3.648061523437500000e+03
9.482004493474960327e-02,2.514390051364898682e-01,-1.074056103825569153e-01,1.868003010749816895e-01,1.135550737380981445e+00,5.581862851977348328e-02,4.631000000000000000e+03,4.791133789062500000e+03
2.145627290010452271e-01,5.000000074505805969e-02,-1.386368274688720703e-01,6.039088964462280273e-01,1.287973880767822266e+00,7.134745270013809204e-02,4.349000000000000000e+03,5.422733886718750000e+03
5.000000074505805969e-02,2.514390051364898682e-01,1.658967584371566772e-01,7.052920013666152954e-02,1.215774178504943848e+00,6.415422260761260986e-02,5.046000000000000000e+03,5.202571777343750000e+03
-1.000000014901161194e-01,0.000000000000000000e+00,-3.138428926467895508e-02,2.917112708091735840e-01,1.139271497726440430e+00,5.300515145063400269e-02,4.244000000000000000e+03,4.533489746093750000e+03
-1.500000059604644775e-01,0.000000000000000000e+00,5.600445345044136047e-02,-3.596174418926239014e-01,1.228575944900512695e+00,6.141904368996620178e-02,4.852000000000000000e+03,5.389381347656250000e+03
-1.159073337912559509e-01,-5.000000074505805969e-02,-3.517894772812724113e-03,-1.922791264951229095e-02,1.054535508155822754e+00,6.396836787462234497e-02,3.954000000000000000e+03,4.001979736328125000e+03
-2.000000029802322388e-01,4.482004791498184204e-02,-5.479490756988525391e-01,-4.063230156898498535e-01,1.271898984909057617e+00,5.996981635689735413e-02,5.478000000000000000e+03,6.530276855468750000e+03
-1.141935139894485474e-01,2.872454822063446045e-01,-1.506484448909759521e-01,2.453505396842956543e-01,7.391583919525146484e-01,6.996984779834747314e-02,1.801000000000000000e+03,1.811094238281250000e+03
1.764043420553207397e-01,-4.000000059604644775e-01,3.540355563163757324e-01,-7.803641557693481445e-01,9.903482794761657715e-01,8.208776265382766724e-02,3.756000000000000000e+03,4.405841796875000000e+03
-5.000000074505805969e-02,-1.204144284129142761e-01,-6.772207617759704590e-01,-6.723704934120178223e-02,1.219551086425781250e+00,6.116607412695884705e-02,3.895000000000000000e+03,4.878773925781250000e+03
-1.000000014901161194e-01,5.000000074505805969e-02,1.796435192227363586e-02,3.062583804130554199e-01,1.211850523948669434e+00,5.468726530671119690e-02,4.642000000000000000e+03,4.890400390625000000e+03
-6.024989485740661621e-02,-5.000000074505805969e-02,-1.281673908233642578e-01,-3.444279730319976807e-02,9.028019309043884277e-01,7.893726974725723267e-02,3.197000000000000000e+03,3.215903808593750000e+03
-1.500000059604644775e-01,5.000000074505805969e-02,-1.195478960871696472e-01,1.165096089243888855e-01,7.762485146522521973e-01,7.574925571680068970e-02,2.598000000000000000e+03,2.621066650390625000e+03
9.482004493474960327e-02,-1.000000014901161194e-01,1.046574935317039490e-01,-1.917248368263244629e-01,1.095661997795104980e+00,6.184637546539306641e-02,3.548000000000000000e+03,3.573043945312500000e+03
-1.692623943090438843e-01,2.872454822063446045e-01,2.315725982189178467e-01,3.968347012996673584e-01,1.104082465171813965e+00,5.540879070758819580e-02,4.295000000000000000e+03,4.884895019531250000e+03
-1.131237149238586426e-01,3.896152675151824951e-01,-2.461552619934082031e-01,3.756926655769348145e-01,9.585195779800415039e-01,5.547347292304039001e-02,3.978000000000000000e+03,4.055218750000000000e+03
0.000000000000000000e+00,-3.000000119209289551e-01,-2.378101497888565063e-01,-3.391413092613220215e-01,1.253880143165588379e+00,6.104716658592224121e-02,4.725000000000000000e+03,4.898166992187500000e+03
-1.500000059604644775e-01,1.764043420553207397e-01,-4.573747515678405762e-01,1.027480959892272949e-01,1.247686386108398438e+00,5.792344734072685242e-02,5.071000000000000000e+03,5.392228515625000000e+03
-1.500000059604644775e-01,0.000000000000000000e+00,-2.187126874923706055e-02,-9.179053455591201782e-02,1.084039330482482910e+00,5.789334326982498169e-02,3.808000000000000000e+03,3.888199951171875000e+03
3.409266844391822815e-02,-3.499999940395355225e-01,1.309835761785507202e-01,-2.629328072071075439e-01,8.942556381225585938e-01,6.729321181774139404e-02,3.368000000000000000e+03,3.438933105468750000e+03
9.482004493474960327e-02,-3.499999940395355225e-01,1.843949854373931885e-01,-4.099768996238708496e-01,1.070729851722717285e+00,6.116930767893791199e-02,4.825000000000000000e+03,4.873614257812500000e+03
-2.500000000000000000e-01,1.764043420553207397e-01,-1.891951262950897217e-02,1.645201146602630615e-01,1.096786975860595703e+00,6.776864081621170044e-02,4.369000000000000000e+03,4.561238281250000000e+03
0.000000000000000000e+00,4.223684668540954590e-01,2.918587811291217804e-02,4.717625081539154053e-01,8.405405282974243164e-01,8.475323021411895752e-02,3.061000000000000000e+03,3.075269775390625000e+03
1.345701515674591064e-01,9.482004493474960327e-02,-1.408716887235641479e-01,1.533078551292419434e-01,1.231209278106689453e+00,5.897143110632896423e-02,4.856000000000000000e+03,5.106916015625000000e+03
2.145627290010452271e-01,5.000000074505805969e-02,5.863247513771057129e-01,7.056839764118194580e-02,9.851729273796081543e-01,5.535964667797088623e-02,3.531000000000000000e+03,4.019699707031250000e+03
8.366124629974365234e-01,6.527376770973205566e-01,7.839136719703674316e-01,6.490971446037292480e-01,2.744497358798980713e-01,1.074775606393814087e-01,1.078000000000000000e+03,1.117507690429687500e+03
-2.000000029802322388e-01,1.688351184129714966e-01,-3.606823459267616272e-02,1.600629985332489014e-01,6.062238216400146484e-01,7.357568293809890747e-02,1.877000000000000000e+03,2.012184204101562500e+03
1.366542428731918335e-01,1.764043420553207397e-01,4.234314337372779846e-02,1.007146090269088745e-01,1.267911791801452637e+00,6.056706979870796204e-02,4.798000000000000000e+03,4.841529785156250000e+03
-1.618416309356689453e-01,-2.000000029802322388e-01,-2.241220623254776001e-01,-3.883249163627624512e-01,9.471980333328247070e-01,6.391100585460662842e-02,3.891000000000000000e+03,4.059474121093750000e+03
-5.000000074505805969e-02,-2.500000000000000000e-01,5.679539591073989868e-02,2.928372025489807129e-01,1.212133407592773438e+00,5.806322023272514343e-02,4.720000000000000000e+03,5.661125488281250000e+03
0.000000000000000000e+00,-1.500000059604644775e-01,2.082953602075576782e-01,3.098075091838836670e-01,1.186548948287963867e+00,6.249685958027839661e-02,4.467000000000000000e+03,5.245663085937500000e+03
2.104970067739486694e-01,-1.000000014901161194e-01,4.988086819648742676e-01,-2.164686322212219238e-01,1.277156352996826172e+00,6.296035647392272949e-02,5.431000000000000000e+03,5.748358886718750000e+03
1.345701515674591064e-01,-1.000000014901161194e-01,8.183050155639648438e-02,-7.779923826456069946e-02,1.008857607841491699e+00,6.092529371380805969e-02,4.016000000000000000e+03,4.028892089843750000e+03
0.000000000000000000e+00,9.482004493474960327e-02,4.344026744365692139e-02,-2.403485588729381561e-02,1.163958668708801270e+00,5.712642148137092590e-02,4.427000000000000000e+03,4.479220214843750000e+03
-2.500000000000000000e-01,0.000000000000000000e+00,-4.578867852687835693e-01,2.550502419471740723e-01,1.115387678146362305e+00,6.666366755962371826e-02,4.157000000000000000e+03,4.512085937500000000e+03
-5.000000074505805969e-02,1.345701515674591064e-01,9.179995954036712646e-02,1.158063560724258423e-01,1.111385226249694824e+00,7.914097607135772705e-02,4.027000000000000000e+03,4.093310058593750000e+03
-1.500000059604644775e-01,5.000000074505805969e-02,1.112376153469085693e-01,3.997819423675537109e-01,1.263802647590637207e+00,6.025176122784614563e-02,4.837000000000000000e+03,5.398901855468750000e+03
0.000000000000000000e+00,3.221365213394165039e-01,-2.938175201416015625e-01,9.740796685218811035e-02,7.929736375808715820e-01,6.024765968322753906e-02,2.859000000000000000e+03,3.452940429687500000e+03
-1.500000059604644775e-01,-1.500000059604644775e-01,7.677143067121505737e-02,-2.841571867465972900e-01,1.259958148002624512e+00,6.414294987916946411e-02,5.179000000000000000e+03,5.403242675781250000e+03
3.489103168249130249e-02,-1.500000059604644775e-01,-5.947020053863525391e-01,1.349285244941711426e-01,1.269397497177124023e+00,5.699182301759719849e-02,4.902000000000000000e+03,6.275149902343750000e+03
1.366542428731918335e-01,1.764043420553207397e-01,1.895374804735183716e-01,-1.231070086359977722e-01,1.212204337120056152e+00,6.609029322862625122e-02,4.970000000000000000e+03,5.277516601562500000e+03
-3.000000119209289551e-01,8.165905624628067017e-02,-9.541857987642288208e-02,-2.176667451858520508e-01,1.176052093505859375e+00,6.346622854471206665e-02,4.897000000000000000e+03,5.352106933593750000e+03
1.366542428731918335e-01,-5.000000074505805969e-02,1.816819161176681519e-01,2.462234050035476685e-01,1.223441004753112793e+00,6.198040768504142761e-02,4.562000000000000000e+03,4.831153808593750000e+03
1.764043420553207397e-01,0.000000000000000000e+00,1.244402527809143066e-01,-5.137695670127868652e-01,1.202800869941711426e+00,6.316133588552474976e-02,4.724000000000000000e+03,5.559877929687500000e+03
1.764043420553207397e-01,-6.419350951910018921e-02,4.224762022495269775e-01,-6.501107662916183472e-02,8.960465192794799805e-01,6.270781904458999634e-02,3.324000000000000000e+03,3.569908691406250000e+03
9.482004493474960327e-02,1.764043420553207397e-01,-2.741732299327850342e-01,1.237945109605789185e-01,1.232220172882080078e+00,5.352909862995147705e-02,5.136000000000000000e+03,5.595651855468750000e+03
4.482004791498184204e-02,1.764043420553207397e-01,9.875445812940597534e-02,-1.443630754947662354e-01,8.953434228897094727e-01,6.275270134210586548e-02,3.200000000000000000e+03,3.609997070312500000e+03
-4.000000059604644775e-01,-6.000000238418579102e-01,-4.023304581642150879e-01,-5.931249856948852539e-01,5.151943564414978027e-01,1.426052749156951904e-01,1.336000000000000000e+03,1.336261962890625000e+03
9.482004493474960327e-02,-1.618416309356689453e-01,7.862378656864166260e-02,-1.949044913053512573e-01,1.237819194793701172e+00,5.702796950936317444e-02,3.968000000000000000e+03,3.971458496093750000e+03
-3.000000119209289551e-01,8.687628805637359619e-02,-3.223986923694610596e-01,5.230926722288131714e-02,8.251086473464965820e-01,6.865788251161575317e-02,2.814000000000000000e+03,2.821065917968750000e+03
-1.000000014901161194e-01,-2.000000029802322388e-01,1.087344437837600708e-01,-2.427683472633361816e-01,1.182230949401855469e+00,5.654514208436012268e-02,4.632000000000000000e+03,4.781090820312500000e+03
-1.688199937343597412e-01,5.000000074505805969e-02,1.632603257894515991e-01,1.114574670791625977e-01,1.083610653877258301e+00,5.589443445205688477e-02,3.979000000000000000e+03,4.356560546875000000e+03
0.000000000000000000e+00,-1.000000014901161194e-01,-3.425450995564460754e-02,4.184505715966224670e-02,1.198698878288269043e+00,5.882120504975318909e-02,4.265000000000000000e+03,4.328013183593750000e+03
9.482004493474960327e-02,1.366542428731918335e-01,3.813263773918151855e-02,1.830498576164245605e-01,8.669386506080627441e-01,6.895079463720321655e-02,2.407000000000000000e+03,2.424196777343750000e+03
0.000000000000000000e+00,1.764043420553207397e-01,-1.178111284971237183e-01,1.200679987668991089e-01,1.206740021705627441e+00,5.895093083381652832e-02,3.742000000000000000e+03,3.785722167968750000e+03
2.872454822063446045e-01,-3.659073412418365479e-01,5.032023191452026367e-01,-1.539476811885833740e-01,7.529802322387695312e-01,8.737104386091232300e-02,2.596000000000000000e+03,3.000268554687500000e+03
2.514390051364898682e-01,4.183419048786163330e-02,1.896377354860305786e-01,9.710228443145751953e-02,1.246643662452697754e+00,6.124992296099662781e-02,4.149000000000000000e+03,4.167211914062500000e+03
-1.000000014901161194e-01,9.482004493474960327e-02,-3.970988467335700989e-02,-1.653962880373001099e-01,1.172850608825683594e+00,5.706119537353515625e-02,5.201000000000000000e+03,5.467046875000000000e+03
-6.184162572026252747e-02,4.545493423938751221e-01,-2.768071293830871582e-01,5.564419031143188477e-01,1.092135667800903320e+00,1.002749502658843994e-01,3.818000000000000000e+03,3.996984375000000000e+03
2.514390051364898682e-01,-5.000000074505805969e-02,9.685795009136199951e-02,6.454171985387802124e-02,8.636139035224914551e-01,7.112520188093185425e-02,2.417000000000000000e+03,2.535705322265625000e+03
-1.500000059604644775e-01,-1.000000014901161194e-01,4.354087263345718384e-02,-3.953590989112854004e-01,1.142944693565368652e+00,7.513458281755447388e-02,3.931000000000000000e+03,4.297856445312500000e+03
0.000000000000000000e+00,-3.000000119209289551e-01,-3.549472689628601074e-01,-5.433259010314941406e-01,1.080629229545593262e+00,6.098737567663192749e-02,4.431000000000000000e+03,5.110671875000000000e+03
-2.500000000000000000e-01,5.000000074505805969e-02,-3.107272386550903320e-01,1.680673509836196899e-01,4.667178392410278320e-01,7.142026722431182861e-02,1.769000000000000000e+03,1.909426025390625000e+03
2.112953811883926392e-01,3.975010663270950317e-02,4.872896373271942139e-01,2.601011395454406738e-01,1.113642811775207520e+00,6.829358637332916260e-02,4.674000000000000000e+03,5.134292968750000000e+03
0.000000000000000000e+00,-1.000000014901161194e-01,-2.840263247489929199e-01,-2.606626786291599274e-02,1.145985126495361328e+00,5.678425729274749756e-02,4.314000000000000000e+03,4.592425781250000000e+03
-2.000000029802322388e-01,-2.000000029802322388e-01,-4.244090020656585693e-01,4.401745274662971497e-02,1.086022377014160156e+00,7.145802676677703857e-02,3.451000000000000000e+03,3.765086425781250000e+03
1.366542428731918335e-01,5.000000074505805969e-02,2.263738662004470825e-01,1.395777463912963867e-01,1.253321409225463867e+00,5.919018760323524475e-02,4.169000000000000000e+03,4.211435546875000000e+03
-2.444340661168098450e-02,-4.499999880790710449e-01,1.772421225905418396e-02,-3.673121333122253418e-01,5.040848851203918457e-01,1.024782732129096985e-01,1.759000000000000000e+03,1.818049560546875000e+03
-1.590733230113983154e-02,-5.179951898753643036e-03,1.960164010524749756e-01,-2.671281993389129639e-01,9.963009953498840332e-01,6.695090234279632568e-02,4.047000000000000000e+03,4.498817871093750000e+03
9.482004493474960327e-02,9.482004493474960327e-02,5.027920752763748169e-02,3.010397255420684814e-01,1.086056709289550781e+00,6.772949546575546265e-02,4.387000000000000000e+03,4.551500976562500000e+03
-3.000000119209289551e-01,5.000000074505805969e-02,-5.832116603851318359e-01,-2.052368372678756714e-01,1.003851771354675293e+00,7.443382591009140015e-02,3.673000000000000000e+03,4.185264648437500000e+03
-3.000000119209289551e-01,0.000000000000000000e+00,-3.444301784038543701e-01,-1.563432812690734863e-01,4.645273387432098389e-01,8.068122714757919312e-02,1.271000000000000000e+03,1.422187011718750000e+03
-2.200559526681900024e-01,5.000000074505805969e-02,3.498462438583374023e-01,1.751238852739334106e-02,1.254067420959472656e+00,5.713973939418792725e-02,5.170000000000000000e+03,6.197013671875000000e+03
-1.118416264653205872e-01,2.145627290010452271e-01,-5.421340465545654297e-03,2.112948335707187653e-03,1.239948272705078125e+00,5.995106697082519531e-02,4.398000000000000000e+03,4.558257812500000000e+03
2.145627290010452271e-01,-5.000000074505805969e-02,1.398512423038482666e-01,2.676015719771385193e-02,1.256989240646362305e+00,6.001943722367286682e-02,4.047000000000000000e+03,4.076263427734375000e+03
-2.188199907541275024e-01,1.764043420553207397e-01,-8.581959642469882965e-03,-1.915922909975051880e-01,8.968142867088317871e-01,6.891730427742004395e-02,3.324000000000000000e+03,4.032830078125000000e+03
1.764043420553207397e-01,-1.419351249933242798e-02,5.236374139785766602e-01,2.781333215534687042e-02,1.187839388847351074e+00,5.201212316751480103e-02,4.307000000000000000e+03,4.673331542968750000e+03
0.000000000000000000e+00,-1.102498918771743774e-01,-4.471301101148128510e-03,-6.113841012120246887e-02,5.374302268028259277e-01,1.999913156032562256e-01,1.375000000000000000e+03,1.386554321289062500e+03
-1.000000014901161194e-01,-1.000000014901161194e-01,-9.614291787147521973e-02,-2.441847464069724083e-03,5.365172624588012695e-01,7.438740879297256470e-02,1.744000000000000000e+03,1.801160766601562500e+03
-1.000000014901161194e-01,-2.000000029802322388e-01,-1.351596564054489136e-01,-2.057308256626129150e-01,4.669436216354370117e-01,8.284888416528701782e-02,1.422000000000000000e+03,1.430297485351562500e+03
-5.000000074505805969e-02,-3.499999940395355225e-01,6.819669902324676514e-02,-7.252955436706542969e-01,1.049137949943542480e+00,6.249636411666870117e-02,4.055000000000000000e+03,4.607669433593750000e+03
-1.500000059604644775e-01,1.366542428731918335e-01,1.510022878646850586e-01,9.720635414123535156e-02,1.137858510017395020e+00,6.508526206016540527e-02,4.572000000000000000e+03,4.892492187500000000e+03
5.000000074505805969e-02,5.000000074505805969e-02,2.806555628776550293e-01,-2.049390077590942383e-01,1.018810629844665527e+00,7.099631428718566895e-02,3.715000000000000000e+03,4.126453125000000000e+03
1.366542428731918335e-01,-1.000000014901161194e-01,4.666585009545087814e-03,-1.057777330279350281e-01,1.174895048141479492e+00,6.241884082555770874e-02,4.237000000000000000e+03,4.290360351562500000e+03
5.000000074505805969e-02,9.482004493474960327e-02,-1.164488308131694794e-02,-1.780422478914260864e-01,8.826593756675720215e-01,5.746388062834739685e-02,3.722000000000000000e+03,4.087037109375000000e+03
-5.000000074505805969e-02,-1.000000014901161194e-01,-4.329004138708114624e-02,-5.775243788957595825e-02,1.220949411392211914e+00,6.206315383315086365e-02,4.886000000000000000e+03,4.891998046875000000e+03
-2.000000029802322388e-01,-5.000000074505805969e-02,-2.317497730255126953e-01,-1.481053084135055542e-01,1.092864990234375000e+00,6.660576909780502319e-02,3.601000000000000000e+03,3.632971679687500000e+03
-1.500000059604644775e-01,-3.000000119209289551e-01,-4.695287346839904785e-01,-3.752098605036735535e-02,9.071195721626281738e-01,5.807536095380783081e-02,3.401000000000000000e+03,4.076604248046875000e+03
5.000000074505805969e-02,2.145627290010452271e-01,6.335640698671340942e-02,2.885259091854095459e-01,7.688092589378356934e-01,7.836411893367767334e-02,2.845000000000000000e+03,2.872218505859375000e+03
0.000000000000000000e+00,3.975010663270950317e-02,-3.999935090541839600e-02,-1.785964369773864746e-01,8.838484287261962891e-01,9.072574228048324585e-02,2.423000000000000000e+03,2.573630615234375000e+03
4.223684668540954590e-01,7.820610702037811279e-02,3.016264438629150391e-01,-1.684286892414093018e-01,7.754995226860046387e-01,1.123093292117118835e-01,1.676000000000000000e+03,1.880117187500000000e+03
4.195592999458312988e-01,8.580648899078369141e-02,2.790830135345458984e-01,-8.486181497573852539e-02,9.827954173088073730e-01,5.607865750789642334e-02,3.555000000000000000e+03,3.732293701171875000e+03
5.000000074505805969e-02,1.366542428731918335e-01,1.252002865076065063e-01,2.074820399284362793e-01,1.209161400794982910e+00,6.205562502145767212e-02,4.280000000000000000e+03,4.311320312500000000e+03
5.000000074505805969e-02,-5.000000074505805969e-02,5.547440648078918457e-01,-6.230660676956176758e-01,1.248262286186218262e+00,6.896456331014633179e-02,4.461000000000000000e+03,6.018916992187500000e+03
9.482004493474960327e-02,-1.500000059604644775e-01,-3.281117677688598633e-01,-3.520739078521728516e-01,1.274558067321777344e+00,5.425475910305976868e-02,5.272000000000000000e+03,5.963360839843750000e+03
1.366542428731918335e-01,-1.500000059604644775e-01,8.051738142967224121e-02,-1.134251132607460022e-01,8.488780260086059570e-01,4.783653095364570618e-02,2.896000000000000000e+03,2.914040771484375000e+03
9.482004493474960327e-02,3.687628731131553650e-02,-1.684929132461547852e-01,7.643042504787445068e-02,8.514385819435119629e-01,6.353762000799179077e-02,3.398000000000000000e+03,3.723113281250000000e+03
-1.500000059604644775e-01,-2.041443064808845520e-02,-6.392188072204589844e-01,3.363328054547309875e-02,1.259569883346557617e+00,6.430841982364654541e-02,4.534000000000000000e+03,5.203591796875000000e+03
1.764043420553207397e-01,-5.000000074505805969e-02,-1.336018890142440796e-01,-4.922149777412414551e-01,1.105756044387817383e+00,5.596819892525672913e-02,4.319000000000000000e+03,5.300519042968750000e+03
9.482004493474960327e-02,-2.000000029802322388e-01,1.729786978103220463e-03,-1.964271813631057739e-01,6.292167305946350098e-01,5.237760022282600403e-02,2.048000000000000000e+03,2.092718750000000000e+03
-4.000000059604644775e-01,1.366542428731918335e-01,-3.023662269115447998e-01,-2.549126446247100830e-01,1.071696281433105469e+00,6.356312334537506104e-02,3.751000000000000000e+03,4.266179687500000000e+03
1.366542428731918335e-01,1.345701515674591064e-01,5.469322204589843750e-01,1.079392340034246445e-02,1.200016379356384277e+00,6.121672317385673523e-02,4.786000000000000000e+03,5.378075683593750000e+03
-1.000000014901161194e-01,0.000000000000000000e+00,1.958364546298980713e-01,2.785343304276466370e-02,7.339423894882202148e-01,6.355733424425125122e-02,2.330000000000000000e+03,2.698365234375000000e+03
-1.500000059604644775e-01,1.366542428731918335e-01,-6.791591644287109375e-01,-2.683026790618896484e-01,1.278566718101501465e+00,5.600737407803535461e-02,4.917000000000000000e+03,6.182751464843750000e+03
1.764043420553207397e-01,1.366542428731918335e-01,-2.787202596664428711e-01,-1.446646004915237427e-01,1.093276619911193848e+00,6.998755037784576416e-02,4.326000000000000000e+03,5.312805175781250000e+03
2.145627290010452271e-01,-2.131237089633941650e-01,2.416877448558807373e-01,-3.258094489574432373e-01,1.239509940147399902e+00,5.425047501921653748e-02,4.571000000000000000e+03,4.610707519531250000e+03
9.482004493474960327e-02,9.482004493474960327e-02,2.962291538715362549e-01,-1.367235183715820312e-01,1.095093250274658203e+00,5.143637210130691528e-02,4.656000000000000000e+03,5.014445312500000000e+03
-2.131237089633941650e-01,5.481259822845458984e-01,-2.209068536758422852e-01,5.139734148979187012e-01,8.685724735260009766e-01,5.247206240892410278e-02,2.733000000000000000e+03,2.737495849609375000e+03
3.975010663270950317e-02,-2.000000029802322388e-01,7.584704458713531494e-02,-2.043185383081436157e-01,1.283395409584045410e+00,5.889349803328514099e-02,4.780000000000000000e+03,4.783888183593750000e+03
5.000000074505805969e-02,2.872454822063446045e-01,1.216278299689292908e-01,2.980724275112152100e-01,1.016405940055847168e+00,6.246583536267280579e-02,4.164000000000000000e+03,4.185177734375000000e+03
-5.000000074505805969e-02,-1.500000059604644775e-01,8.014506846666336060e-02,2.816345393657684326e-01,9.986171126365661621e-01,5.948799848556518555e-02,3.639000000000000000e+03,4.348527832031250000e+03
-5.000000074505805969e-02,-2.500000000000000000e-01,-5.097276344895362854e-02,-4.292641580104827881e-01,6.573854684829711914e-01,6.627770513296127319e-02,2.550000000000000000e+03,2.736140136718750000e+03
4.223684668540954590e-01,2.464113757014274597e-02,6.700307726860046387e-01,-2.836635112762451172e-01,1.036068558692932129e+00,6.839121133089065552e-02,4.232000000000000000e+03,4.829043457031250000e+03
-1.000000014901161194e-01,-3.499999940395355225e-01,4.416398704051971436e-02,-3.284319937229156494e-01,7.262012958526611328e-01,6.167115271091461182e-02,2.701000000000000000e+03,2.808743652343750000e+03
-6.024989485740661621e-02,-3.499999940395355225e-01,-2.862907946109771729e-01,-4.261260628700256348e-01,8.579722642898559570e-01,9.371060878038406372e-02,2.926000000000000000e+03,3.148301269531250000e+03
-1.000000014901161194e-01,-1.500000059604644775e-01,1.303847432136535645e-01,1.566177606582641602e-01,1.187393069267272949e+00,6.037113815546035767e-02,4.036000000000000000e+03,4.446688476562500000e+03
-1.500000059604644775e-01,0.000000000000000000e+00,-2.829788327217102051e-01,2.673431336879730225e-01,7.291969656944274902e-01,1.336588412523269653e-01,2.563000000000000000e+03,2.977465820312500000e+03
-1.500000059604644775e-01,-1.000000014901161194e-01,-1.757944673299789429e-01,-1.274493485689163208e-01,4.499010741710662842e-01,6.962745636701583862e-02,1.448000000000000000e+03,1.458097290039062500e+03
5.000000074505805969e-02,-1.618416309356689453e-01,1.946947276592254639e-01,1.774297952651977539e-01,1.146224498748779297e+00,5.842392146587371826e-02,4.150000000000000000e+03,4.568857421875000000e+03
1.735305190086364746e-01,4.212743043899536133e-01,-2.127316966652870178e-02,5.188995599746704102e-01,1.052425265312194824e+00,6.709602475166320801e-02,4.378000000000000000e+03,4.563508789062500000e+03
9.482004493474960327e-02,0.000000000000000000e+00,-3.436312675476074219e-01,2.912589609622955322e-01,1.147853851318359375e+00,6.650576740503311157e-02,4.171000000000000000e+03,5.008887207031250000e+03
2.872454822063446045e-01,-4.499999880790710449e-01,5.615863204002380371e-01,-4.740343689918518066e-01,7.950295209884643555e-01,1.210433617234230042e-01,3.217000000000000000e+03,3.592191162109375000e+03
-1.500000059604644775e-01,1.366542428731918335e-01,3.772285953164100647e-02,-3.359487354755401611e-01,1.122347354888916016e+00,6.528747826814651489e-02,4.137000000000000000e+03,4.949666015625000000e+03
0.000000000000000000e+00,2.145627290010452271e-01,-7.965234667062759399e-02,2.661791443824768066e-01,5.643242597579956055e-01,7.158012688159942627e-02,1.839000000000000000e+03,1.890601196289062500e+03
5.000000074505805969e-02,-2.000000029802322388e-01,-6.505059718620032072e-05,-2.416615784168243408e-01,9.780774712562561035e-01,5.826680734753608704e-02,3.538000000000000000e+03,3.553768066406250000e+03
8.815837651491165161e-02,-3.000000119209289551e-01,1.256227493286132812e-01,-2.423894107341766357e-01,6.813297271728515625e-01,9.092966467142105103e-02,1.808000000000000000e+03,1.826403320312500000e+03
5.000000074505805969e-02,5.000000074505805969e-02,-2.555218711495399475e-02,3.207786381244659424e-01,9.503082036972045898e-01,6.844693422317504883e-02,3.485000000000000000e+03,3.783956542968750000e+03
-3.000000119209289551e-01,-2.500000000000000000e-01,-5.986076593399047852e-01,1.051672399044036865e-01,9.138068556785583496e-01,6.619966775178909302e-02,2.919000000000000000e+03,3.634244873046875000e+03
-3.000000119209289551e-01,1.748126149177551270e-01,-3.379003703594207764e-01,2.403959929943084717e-01,4.579809606075286865e-01,1.070471629500389099e-01,1.366000000000000000e+03,1.403109497070312500e+03
-1.419351249933242798e-02,1.366542428731918335e-01,-2.871861755847930908e-01,-8.073994517326354980e-02,8.682417869567871094e-01,5.412121489644050598e-02,3.875000000000000000e+03,4.478443847656250000e+03
5.000000074505805969e-02,0.000000000000000000e+00,5.715930089354515076e-02,-2.859173119068145752e-01,1.194759607315063477e+00,6.273696571588516235e-02,4.294000000000000000e+03,4.536555175781250000e+03
3.580648824572563171e-02,5.000000074505805969e-02,2.206240147352218628e-01,-9.604747593402862549e-02,9.457768201828002930e-01,6.997725367546081543e-02,3.788000000000000000e+03,4.019077636718750000e+03
-1.000000014901161194e-01,1.264791041612625122e-01,-3.120261989533901215e-02,2.344555854797363281e-01,9.041389822959899902e-01,6.239191070199012756e-02,3.282000000000000000e+03,3.347648681640625000e+03
-1.500000059604644775e-01,5.000000074505805969e-02,-7.590181380510330200e-02,2.055179923772811890e-01,1.280904531478881836e+00,6.139260157942771912e-02,4.529000000000000000e+03,4.610413574218750000e+03
-1.000000014901161194e-01,2.145627290010452271e-01,-8.610916137695312500e-02,-2.972248494625091553e-01,1.262112855911254883e+00,5.958297103643417358e-02,5.162000000000000000e+03,5.981178222656250000e+03
-1.500000059604644775e-01,-4.000000059604644775e-01,-1.026221290230751038e-01,-7.237656712532043457e-01,1.023143529891967773e+00,6.925974041223526001e-02,4.077000000000000000e+03,4.485139160156250000e+03
5.000000074505805969e-02,-5.000000074505805969e-02,2.061032354831695557e-01,-1.142504066228866577e-01,1.117179989814758301e+00,5.797282233834266663e-02,4.285000000000000000e+03,4.381949707031250000e+03
0.000000000000000000e+00,-1.000000014901161194e-01,1.072643995285034180e-01,-1.302675604820251465e-01,9.002915024757385254e-01,6.464395672082901001e-02,3.065000000000000000e+03,3.111846923828125000e+03
-1.000000014901161194e-01,-1.500000059604644775e-01,-1.883461028337478638e-01,-4.184931516647338867e-01,7.674421072006225586e-01,6.599230319261550903e-02,2.656000000000000000e+03,3.005652587890625000e+03
-1.500000059604644775e-01,3.562291860580444336e-01,-1.366351693868637085e-01,-9.205661714076995850e-02,1.256282806396484375e+00,5.791150406002998352e-02,4.430000000000000000e+03,4.978035156250000000e+03
1.764043420553207397e-01,1.366542428731918335e-01,-4.673270136117935181e-02,9.062421321868896484e-02,1.269206047058105469e+00,5.932806804776191711e-02,5.224000000000000000e+03,5.391128417968750000e+03
-4.000000059604644775e-01,1.748126149177551270e-01,-3.614729344844818115e-01,3.544959425926208496e-02,7.183047533035278320e-01,5.757093802094459534e-02,2.682000000000000000e+03,2.789580810546875000e+03
-1.500000059604644775e-01,-1.000000014901161194e-01,-2.292091250419616699e-01,-1.172315608710050583e-02,1.010065555572509766e+00,6.753928214311599731e-02,3.504000000000000000e+03,3.552293212890625000e+03
-2.500000000000000000e-01,-1.000000014901161194e-01,-2.727811634540557861e-01,-3.321299329400062561e-02,9.360340833663940430e-01,5.038395524024963379e-02,2.780000000000000000e+03,2.795793457031250000e+03
-1.500000059604644775e-01,3.896152675151824951e-01,-4.196914657950401306e-02,2.283646613359451294e-01,9.480660557746887207e-01,7.376034557819366455e-02,3.689000000000000000e+03,3.841944335937500000e+03
-5.000000074505805969e-02,0.000000000000000000e+00,-2.481552213430404663e-01,-4.185277223587036133e-01,1.185475945472717285e+00,5.788966268301010132e-02,4.590000000000000000e+03,5.267861816406250000e+03
2.652359427884221077e-03,6.083970069885253906e-01,-6.044977903366088867e-02,6.591807007789611816e-01,3.812322020530700684e-01,1.186009794473648071e-01,1.071000000000000000e+03,1.118884033203125000e+03
2.872454822063446045e-01,-4.000000059604644775e-01,6.209168434143066406e-01,-6.861669421195983887e-01,1.051647663116455078e+00,7.379880547523498535e-02,3.883000000000000000e+03,4.537419433593750000e+03
-2.500000000000000000e-01,1.707469075918197632e-01,-2.148259244859218597e-02,9.167473763227462769e-02,1.063506960868835449e+00,6.092924997210502625e-02,3.844000000000000000e+03,4.040632324218750000e+03
-1.500000059604644775e-01,-5.000000074505805969e-02,1.096483543515205383e-01,-1.271881014108657837e-01,1.134360313415527344e+00,5.331724137067794800e-02,4.064000000000000000e+03,4.292446289062500000e+03
-5.000000074505805969e-02,1.748126149177551270e-01,-3.920102715492248535e-01,5.404475927352905273e-01,1.247096657752990723e+00,5.604349076747894287e-02,5.347000000000000000e+03,6.179674804687500000e+03
1.366542428731918335e-01,-2.500000000000000000e-01,4.065345823764801025e-01,-3.571042418479919434e-01,1.194283485412597656e+00,6.557191908359527588e-02,4.730000000000000000e+03,5.005067382812500000e+03
2.145627290010452271e-01,2.514390051364898682e-01,3.432483971118927002e-01,2.188438773155212402e-01,8.207374215126037598e-01,7.052454352378845215e-02,3.136000000000000000e+03,3.217360351562500000e+03
5.000000074505805969e-02,4.223684668540954590e-01,5.823620408773422241e-02,4.272768497467041016e-01,5.657984018325805664e-01,8.995459973812103271e-02,1.652000000000000000e+03,1.652477661132812500e+03
1.366542428731918335e-01,-1.000000014901161194e-01,5.806300044059753418e-01,-4.986444711685180664e-01,1.254283785820007324e+00,6.076161190867424011e-02,5.011000000000000000e+03,6.091624023437500000e+03
1.366542428731918335e-01,-2.000000029802322388e-01,-2.372545450925827026e-01,-2.239386141300201416e-01,1.224183917045593262e+00,6.934534013271331787e-02,4.419000000000000000e+03,4.824570312500000000e+03
-1.000000014901161194e-01,-5.000000074505805969e-02,-4.233686029911041260e-01,-6.914287805557250977e-03,1.154017210006713867e+00,5.767422169446945190e-02,4.381000000000000000e+03,4.724245117187500000e+03
4.482004791498184204e-02,1.764043420553207397e-01,3.478743433952331543e-01,7.020398378372192383e-01,1.267985820770263672e+00,5.433226376771926880e-02,4.934000000000000000e+03,6.010022460937500000e+03
-1.500000059604644775e-01,-5.000000074505805969e-02,-1.605250313878059387e-02,-5.304721593856811523e-01,1.184628486633300781e+00,6.514322757720947266e-02,4.127000000000000000e+03,4.830410156250000000e+03
-3.000000119209289551e-01,-2.659073472023010254e-01,-2.296635061502456665e-01,-1.210902929306030273e-01,1.187412023544311523e+00,5.917065218091011047e-02,3.734000000000000000e+03,3.802176269531250000e+03
3.815837576985359192e-02,9.482004493474960327e-02,-3.492347896099090576e-02,-7.834360003471374512e-02,1.101303100585937500e+00,6.801152229309082031e-02,4.254000000000000000e+03,4.377233886718750000e+03
5.000000074505805969e-02,-5.000000074505805969e-02,2.759459801018238068e-02,-2.118571698665618896e-01,8.394005894660949707e-01,5.595182999968528748e-02,3.722000000000000000e+03,3.861565185546875000e+03
-1.000000014901161194e-01,0.000000000000000000e+00,-2.574808597564697266e-01,-2.406869530677795410e-01,1.135165095329284668e+00,6.858901679515838623e-02,4.263000000000000000e+03,4.533044921875000000e+03
1.764043420553207397e-01,9.482004493474960327e-02,-1.764674931764602661e-01,1.134247705340385437e-01,9.936051368713378906e-01,6.446362286806106567e-02,3.172000000000000000e+03,3.561350585937500000e+03
3.221365213394165039e-01,1.764043420553207397e-01,3.454143702983856201e-01,-1.138457432389259338e-01,8.780013918876647949e-01,6.336537003517150879e-02,2.692000000000000000e+03,2.980736572265625000e+03
9.482004493474960327e-02,-1.500000059604644775e-01,6.376985907554626465e-01,-1.037589088082313538e-01,1.280941843986511230e+00,5.665263161063194275e-02,4.791000000000000000e+03,5.626141113281250000e+03
2.872454822063446045e-01,5.000000074505805969e-02,3.168540000915527344e-01,-1.206446364521980286e-01,7.048998475074768066e-01,7.154796272516250610e-02,2.105000000000000000e+03,2.230388671875000000e+03
-5.000000074505805969e-02,-3.000000119209289551e-01,3.233743011951446533e-01,-2.464949190616607666e-01,7.862238287925720215e-01,6.910578906536102295e-02,2.525000000000000000e+03,3.079795654296875000e+03
