0.000000000000000000e+00,-2.500000000000000000e-01,-1.953857690095901489e-01,-6.118980050086975098e-01,1.183040857315063477e+00,5.797609686851501465e-02,4.684000000000000000e+03,5.234616699218750000e+03
9.482004493474960327e-02,-5.500000119209289551e-01,-2.192061692476272583e-01,-8.021661639213562012e-01,9.862717390060424805e-01,7.085867971181869507e-02,3.713000000000000000e+03,4.311177734375000000e+03
-3.499999940395355225e-01,9.482004493474960327e-02,-2.774662971496582031e-01,2.324073202908039093e-02,1.256167769432067871e+00,6.160724908113479614e-02,4.989000000000000000e+03,5.021701660156250000e+03
2.145627290010452271e-01,1.764043420553207397e-01,4.038119912147521973e-01,1.159582063555717468e-01,9.401569962501525879e-01,7.150854170322418213e-02,3.378000000000000000e+03,3.527429687500000000e+03
-1.672467887401580811e-01,4.223684668540954590e-01,-5.833854079246520996e-01,5.093769431114196777e-01,1.174068689346313477e+00,5.778272822499275208e-02,4.472000000000000000e+03,5.040535156250000000e+03
-2.651089727878570557e-01,-3.000000119209289551e-01,-2.379135787487030029e-01,-1.595029830932617188e-01,4.976268410682678223e-01,6.825366616249084473e-02,1.875000000000000000e+03,2.027108886718750000e+03
-3.499999940395355225e-01,-1.024989411234855652e-02,-7.901721000671386719e-01,4.152514040470123291e-01,1.242210030555725098e+00,5.986451357603073120e-02,4.780000000000000000e+03,5.886868164062500000e+03
5.481259822845458984e-01,-2.500000000000000000e-01,4.098290503025054932e-01,-1.848981976509094238e-01,9.372964501380920410e-01,6.218018382787704468e-02,3.643000000000000000e+03,3.739408447265625000e+03
-3.000000119209289551e-01,-6.184162572026252747e-02,-2.926787920296192169e-02,-2.270973473787307739e-01,1.263644099235534668e+00,6.166411563754081726e-02,5.477000000000000000e+03,5.817488769531250000e+03
6.672313809394836426e-01,-3.355803787708282471e-01,5.601712465286254883e-01,-3.281118869781494141e-01,6.988459825515747070e-01,7.570945471525192261e-02,2.139000000000000000e+03,2.189119140625000000e+03
4.223684668540954590e-01,-2.151089608669281006e-01,5.265091061592102051e-01,-2.479285150766372681e-01,8.041580319404602051e-01,9.042070806026458740e-02,3.009000000000000000e+03,3.064366455078125000e+03
-1.131237149238586426e-01,-2.500000000000000000e-01,-1.250596940517425537e-01,-2.637966275215148926e-01,7.050690650939941406e-01,7.103707641363143921e-02,2.756000000000000000e+03,2.757865234375000000e+03
-4.000000059604644775e-01,-1.500000059604644775e-01,-1.683005392551422119e-01,4.911745786666870117e-01,1.285512208938598633e+00,5.920818820595741272e-02,4.704000000000000000e+03,5.957293457031250000e+03
-1.000000014901161194e-01,-3.659073412418365479e-01,1.938050836324691772e-01,-6.617006063461303711e-01,1.242040991783142090e+00,6.420689821243286133e-02,4.666000000000000000e+03,5.178663085937500000e+03
1.764043420553207397e-01,-2.500000000000000000e-01,4.441748559474945068e-01,-2.973771095275878906e-01,8.135977387428283691e-01,6.017199903726577759e-02,3.099000000000000000e+03,3.436775634765625000e+03
-1.000000014901161194e-01,3.562291860580444336e-01,-2.484043240547180176e-01,-1.331149637699127197e-01,9.760948419570922852e-01,6.335885077714920044e-02,3.463000000000000000e+03,4.364715332031250000e+03
2.848250567913055420e-01,-1.000000014901161194e-01,4.351963698863983154e-01,-1.296516954898834229e-01,6.548984646797180176e-01,6.105713918805122375e-02,2.239000000000000000e+03,2.360006347656250000e+03
-2.500000000000000000e-01,1.694074422121047974e-01,-1.837262138724327087e-02,1.241930723190307617e-01,1.194362878799438477e+00,5.813353136181831360e-02,4.368000000000000000e+03,4.536491210937500000e+03
-5.000000000000000000e-01,-2.000000029802322388e-01,-6.756951212882995605e-01,-1.933871656656265259e-01,6.776940226554870605e-01,6.604981422424316406e-02,2.329000000000000000e+03,2.483549560546875000e+03
1.707469075918197632e-01,1.764043420553207397e-01,1.777772009372711182e-01,2.336804121732711792e-01,1.090954542160034180e+00,7.543789595365524292e-02,4.131000000000000000e+03,4.142441406250000000e+03
-1.312371436506509781e-02,-4.499999880790710449e-01,6.128082051873207092e-02,-2.462594509124755859e-01,1.136069774627685547e+00,5.645824223756790161e-02,4.621000000000000000e+03,4.788415527343750000e+03
3.562291860580444336e-01,2.872454822063446045e-01,2.183568775653839111e-01,3.301640152931213379e-01,1.036695122718811035e+00,6.650268286466598511e-02,3.853000000000000000e+03,3.927228759765625000e+03
1.764043420553207397e-01,-6.000000238418579102e-01,2.198176831007003784e-01,-6.210047602653503418e-01,6.546862125396728516e-01,6.575371325016021729e-02,2.439000000000000000e+03,2.452302001953125000e+03
-1.000000014901161194e-01,-5.816580727696418762e-02,6.641749292612075806e-02,-2.493142485618591309e-01,7.120105028152465820e-01,5.478724092245101929e-02,2.786000000000000000e+03,3.129311035156250000e+03
2.514390051364898682e-01,-3.000000119209289551e-01,5.207621678709983826e-02,-6.730058193206787109e-01,1.112953305244445801e+00,6.742399185895919800e-02,3.957000000000000000e+03,4.510991210937500000e+03
-1.000000014901161194e-01,6.379825472831726074e-01,-1.607609540224075317e-01,6.143234968185424805e-01,7.171275019645690918e-01,5.832573026418685913e-02,2.710000000000000000e+03,2.732267578125000000e+03
4.862083792686462402e-01,3.221365213394165039e-01,6.080612540245056152e-01,3.563347458839416504e-01,5.285308361053466797e-01,6.451777368783950806e-02,2.047000000000000000e+03,2.162628906250000000e+03
-4.499999880790710449e-01,2.514390051364898682e-01,-4.339913427829742432e-01,1.034822165966033936e-01,1.028272151947021484e+00,5.617568641901016235e-02,4.383000000000000000e+03,4.474639160156250000e+03
-4.188199937343597412e-01,-2.000000029802322388e-01,-3.010646700859069824e-01,-2.711111009120941162e-01,6.516918540000915527e-01,6.748448312282562256e-02,2.342000000000000000e+03,2.445049316406250000e+03
8.687628805637359619e-02,3.896152675151824951e-01,-8.664976060390472412e-02,-1.996350437402725220e-01,1.204950213432312012e+00,6.068715453147888184e-02,4.846000000000000000e+03,6.042438964843750000e+03
-1.500000059604644775e-01,-3.499999940395355225e-01,-3.721885681152343750e-01,-2.819966077804565430e-01,1.268095493316650391e+00,5.520876497030258179e-02,4.820000000000000000e+03,4.980845214843750000e+03
-1.500000059604644775e-01,-2.000000029802322388e-01,-1.127706840634346008e-01,-7.554644346237182617e-01,1.224944829940795898e+00,5.909653380513191223e-02,4.585000000000000000e+03,5.492414062500000000e+03
5.000000074505805969e-02,-4.499999880790710449e-01,3.111197054386138916e-01,5.358624272048473358e-03,1.282664895057678223e+00,6.062890216708183289e-02,4.601000000000000000e+03,5.345033203125000000e+03
-2.500000000000000000e-01,-2.000000029802322388e-01,-4.714201390743255615e-01,-1.824985891580581665e-01,1.145824551582336426e+00,5.359446629881858826e-02,4.292000000000000000e+03,4.452023925781250000e+03
4.545493423938751221e-01,3.562291860580444336e-01,6.728029847145080566e-01,-2.249010838568210602e-02,9.776298999786376953e-01,7.237719744443893433e-02,3.190000000000000000e+03,3.800490234375000000e+03
-2.500000000000000000e-01,-2.131237089633941650e-01,-4.072811082005500793e-02,-6.163578107953071594e-02,1.102889060974121094e+00,7.332141697406768799e-02,4.468000000000000000e+03,4.709472167968750000e+03
2.872454822063446045e-01,3.221365213394165039e-01,8.499224670231342316e-03,-1.196421757340431213e-01,1.233598709106445312e+00,5.647350847721099854e-02,5.043000000000000000e+03,5.912250000000000000e+03
-6.000000238418579102e-01,-5.000000074505805969e-02,-9.706699252128601074e-01,-4.321610555052757263e-02,9.201533198356628418e-01,6.773428618907928467e-02,3.870000000000000000e+03,4.477234375000000000e+03
-6.000000238418579102e-01,0.000000000000000000e+00,-5.864346027374267578e-01,1.401641964912414551e-01,9.594910144805908203e-01,6.327205151319503784e-02,3.191000000000000000e+03,3.259187744140625000e+03
3.221365213394165039e-01,-2.141935080289840698e-01,6.680986881256103516e-01,-4.241401553153991699e-01,9.648867845535278320e-01,9.067615866661071777e-02,3.167000000000000000e+03,3.702754638671875000e+03
-4.499999880790710449e-01,8.975010365247726440e-02,-4.505379498004913330e-01,2.809973955154418945e-01,1.218322038650512695e+00,5.552287027239799500e-02,4.411000000000000000e+03,4.518711914062500000e+03
4.545493423938751221e-01,1.366542428731918335e-01,3.984871208667755127e-01,7.768051326274871826e-02,6.013640761375427246e-01,6.265543401241302490e-02,2.029000000000000000e+03,2.066045898437500000e+03
-3.659073412418365479e-01,-2.500000000000000000e-01,-6.312848329544067383e-01,5.293546989560127258e-02,1.213600158691406250e+00,5.523583665490150452e-02,4.733000000000000000e+03,5.240648437500000000e+03
1.366542428731918335e-01,-5.000000074505805969e-02,1.259204745292663574e-02,1.694478988647460938e-01,1.225280284881591797e+00,6.713899224996566772e-02,3.804000000000000000e+03,3.963443847656250000e+03
-3.666139543056488037e-01,-6.590732932090759277e-02,-2.737033367156982422e-01,4.340094327926635742e-02,5.747283697128295898e-01,1.040745154023170471e-01,1.504000000000000000e+03,1.596183593750000000e+03
2.145627290010452271e-01,-2.692624032497406006e-01,1.399063318967819214e-01,-3.333425223827362061e-01,1.151103138923645020e+00,6.317488849163055420e-02,4.446000000000000000e+03,4.478534667968750000e+03
4.223684668540954590e-01,2.592686004936695099e-02,5.570472478866577148e-01,2.140295803546905518e-01,8.475915789604187012e-01,7.045459002256393433e-02,2.959000000000000000e+03,3.175962890625000000e+03
3.874092102050781250e-01,-2.000000029802322388e-01,4.388059079647064209e-01,-7.325677871704101562e-01,1.171147823333740234e+00,5.868268013000488281e-02,4.590000000000000000e+03,5.508624511718750000e+03
4.223684668540954590e-01,4.482004791498184204e-02,5.947700142860412598e-01,-6.382883340120315552e-02,1.157310843467712402e+00,5.246457457542419434e-02,4.760000000000000000e+03,4.906790039062500000e+03
3.562291860580444336e-01,-2.000000029802322388e-01,8.994779735803604126e-02,-3.874695003032684326e-01,1.094761967658996582e+00,6.590432673692703247e-02,4.077000000000000000e+03,4.429730468750000000e+03
2.872454822063446045e-01,2.514390051364898682e-01,2.727555334568023682e-01,1.538671404123306274e-01,6.737573146820068359e-01,7.506973296403884888e-02,2.130000000000000000e+03,2.175515380859375000e+03
-2.500000000000000000e-01,-2.000000029802322388e-01,-3.667185604572296143e-01,-2.893601357936859131e-01,1.194273233413696289e+00,5.666549876332283020e-02,4.956000000000000000e+03,5.031113769531250000e+03
-1.000000014901161194e-01,2.514390051364898682e-01,-1.780271381139755249e-01,9.535277634859085083e-02,1.117102384567260742e+00,6.609394401311874390e-02,3.981000000000000000e+03,4.077550292968750000e+03
2.503692209720611572e-01,3.221365213394165039e-01,-5.202281102538108826e-02,3.009818196296691895e-01,1.267991542816162109e+00,5.855052545666694641e-02,4.671000000000000000e+03,4.934850585937500000e+03
1.366542428731918335e-01,5.481259822845458984e-01,-8.052106201648712158e-02,5.094339847564697266e-01,8.065704107284545898e-01,6.225908175110816956e-02,3.157000000000000000e+03,3.389515625000000000e+03
2.494537532329559326e-01,6.379825472831726074e-01,1.179184243083000183e-01,4.667733311653137207e-01,8.111768960952758789e-01,6.094426289200782776e-02,2.992000000000000000e+03,3.200787597656250000e+03
1.764043420553207397e-01,3.562291860580444336e-01,2.949489951133728027e-01,3.153494298458099365e-01,9.116438031196594238e-01,5.854566395282745361e-02,3.008000000000000000e+03,3.064640625000000000e+03
2.514390051364898682e-01,-1.210686340928077698e-01,1.427766680717468262e-01,-2.219275534152984619e-01,6.716911792755126953e-01,7.174390554428100586e-02,2.222000000000000000e+03,2.328904785156250000e+03
-6.661394238471984863e-02,-4.166139364242553711e-01,4.842798411846160889e-02,-1.300706416368484497e-01,1.219764351844787598e+00,6.210653856396675110e-02,4.849000000000000000e+03,5.154729492187500000e+03
2.872454822063446045e-01,1.764043420553207397e-01,3.568080067634582520e-01,3.617071211338043213e-01,1.004508256912231445e+00,7.639383524656295776e-02,3.387000000000000000e+03,3.516915771484375000e+03
-1.500000059604644775e-01,-1.500000059604644775e-01,-1.350060701370239258e-01,1.921651326119899750e-02,1.241952538490295410e+00,5.631710216403007507e-02,3.807000000000000000e+03,3.878138183593750000e+03
2.145627290010452271e-01,4.545493423938751221e-01,1.532676815986633301e-01,3.018802106380462646e-01,7.554364204406738281e-01,7.395465672016143799e-02,2.285000000000000000e+03,2.392118652343750000e+03
2.122108340263366699e-01,3.562291860580444336e-01,1.340580135583877563e-01,3.133313357830047607e-01,4.995390474796295166e-01,6.605688482522964478e-02,1.711000000000000000e+03,1.765076049804687500e+03
-4.499999880790710449e-01,-1.590733230113983154e-02,-8.586618304252624512e-01,-1.982458382844924927e-01,1.151814579963684082e+00,5.379820987582206726e-02,4.469000000000000000e+03,5.121503906250000000e+03
2.872454822063446045e-01,2.872454822063446045e-01,5.457194447517395020e-01,5.205601453781127930e-01,1.184681653976440430e+00,5.500305444002151489e-02,4.166000000000000000e+03,4.518827148437500000e+03
-4.000000059604644775e-01,3.896152675151824951e-01,-2.602396905422210693e-01,4.402712583541870117e-01,1.067739009857177734e+00,7.431349903345108032e-02,4.106000000000000000e+03,4.185103027343750000e+03
5.173884034156799316e-01,2.684254944324493408e-01,5.585210919380187988e-01,-9.867820888757705688e-02,8.298320174217224121e-01,5.577425286173820496e-02,2.669000000000000000e+03,3.175986572265625000e+03
-4.499999880790710449e-01,-1.500000059604644775e-01,-2.226497381925582886e-01,-1.799286305904388428e-01,7.934786081314086914e-01,6.777511537075042725e-02,2.861000000000000000e+03,3.095114013671875000e+03
2.145627290010452271e-01,2.872454822063446045e-01,-1.013323664665222168e-01,7.901458144187927246e-01,1.266180872917175293e+00,6.398473680019378662e-02,4.929000000000000000e+03,5.964503417968750000e+03
-3.499999940395355225e-01,-2.000000029802322388e-01,-8.223677277565002441e-01,-3.652879595756530762e-01,1.237685680389404297e+00,5.106333270668983459e-02,4.479000000000000000e+03,5.184448242187500000e+03
2.075843513011932373e-01,3.221365213394165039e-01,-3.104332387447357178e-01,9.964936971664428711e-02,1.222516536712646484e+00,5.652237683534622192e-02,5.246000000000000000e+03,6.311696289062500000e+03
5.000000074505805969e-02,3.221365213394165039e-01,8.038638532161712646e-02,3.611781895160675049e-01,1.215164422988891602e+00,5.481151491403579712e-02,2.769000000000000000e+03,2.773554931640625000e+03
-1.141935139894485474e-01,-6.499999761581420898e-01,-8.906827867031097412e-02,-7.384840846061706543e-01,6.449890732765197754e-01,6.671836972236633301e-02,1.863000000000000000e+03,1.900822387695312500e+03
1.683132946491241455e-01,2.514390051364898682e-01,2.107100747525691986e-02,2.594913542270660400e-01,1.142938852310180664e+00,6.372781097888946533e-02,4.518000000000000000e+03,4.593001464843750000e+03
-3.499999940395355225e-01,-2.141935080289840698e-01,-7.712032198905944824e-01,-1.115241274237632751e-01,1.212940692901611328e+00,6.023213639855384827e-02,4.418000000000000000e+03,4.966689941406250000e+03
3.221365213394165039e-01,-2.000000029802322388e-01,2.923274934291839600e-01,1.151927560567855835e-02,1.264173507690429688e+00,5.539765581488609314e-02,4.501000000000000000e+03,4.628924316406250000e+03
-1.000000014901161194e-01,4.862083792686462402e-01,-2.382457070052623749e-02,5.854229927062988281e-01,7.610999345779418945e-01,6.378730386495590210e-02,2.480000000000000000e+03,2.546498535156250000e+03
-1.000000014901161194e-01,3.221365213394165039e-01,1.762120425701141357e-01,2.479089796543121338e-01,1.225399017333984375e+00,5.554015561938285828e-02,5.029000000000000000e+03,5.299448242187500000e+03
2.145627290010452271e-01,5.481259822845458984e-01,5.305619835853576660e-01,6.161659955978393555e-01,1.046663045883178711e+00,5.612024292349815369e-02,4.325000000000000000e+03,4.728625976562500000e+03
-2.000000029802322388e-01,4.223684668540954590e-01,-1.967523396015167236e-01,9.271113276481628418e-01,1.129519462585449219e+00,5.688070505857467651e-02,4.054000000000000000e+03,4.829839355468750000e+03
-1.207512170076370239e-01,-5.000000000000000000e-01,-9.903521277010440826e-03,-6.508888006210327148e-01,8.316720724105834961e-01,6.895029544830322266e-02,2.811000000000000000e+03,2.951905029296875000e+03
3.221365213394165039e-01,3.221365213394165039e-01,3.605508506298065186e-01,2.447805404663085938e-01,1.099563598632812500e+00,5.659393221139907837e-02,4.222000000000000000e+03,4.247963867187500000e+03
4.223684668540954590e-01,-2.172468006610870361e-01,7.228252291679382324e-01,-6.189541816711425781e-01,9.878057837486267090e-01,7.006540149450302124e-02,3.403000000000000000e+03,4.236839843750000000e+03
3.221365213394165039e-01,3.815837576985359192e-02,3.518144488334655762e-01,9.195555746555328369e-02,1.127902626991271973e+00,6.791275739669799805e-02,4.275000000000000000e+03,4.287764160156250000e+03
3.221365213394165039e-01,9.482004493474960327e-02,-4.092073440551757812e-02,4.476293325424194336e-01,1.275101661682128906e+00,5.874643102288246155e-02,5.042000000000000000e+03,5.809560058593750000e+03
3.562291860580444336e-01,-1.000000014901161194e-01,3.779251277446746826e-01,4.767833948135375977e-01,1.264383554458618164e+00,5.561956763267517090e-02,4.601000000000000000e+03,5.518397949218750000e+03
3.896152675151824951e-01,-1.000000014901161194e-01,3.152006864547729492e-01,4.951788485050201416e-01,1.125012755393981934e+00,6.206888332962989807e-02,4.228000000000000000e+03,5.363149414062500000e+03
9.482004493474960327e-02,-3.659073412418365479e-01,2.440410852432250977e-02,-2.392266392707824707e-01,1.213560819625854492e+00,6.078538671135902405e-02,3.620000000000000000e+03,3.671671142578125000e+03
-1.500000059604644775e-01,-3.499999940395355225e-01,-1.366822570562362671e-01,-3.490342497825622559e-01,1.125211715698242188e+00,5.964254587888717651e-02,3.768000000000000000e+03,3.768542724609375000e+03
-2.000000029802322388e-01,-5.000000074505805969e-02,-3.678774461150169373e-02,2.135931551456451416e-01,7.604872584342956543e-01,6.534411013126373291e-02,2.886000000000000000e+03,3.349197509765625000e+03
-3.000000119209289551e-01,-2.000000029802322388e-01,-9.479338526725769043e-01,-1.865165978670120239e-01,1.233063340187072754e+00,5.869812145829200745e-02,4.597000000000000000e+03,5.798572265625000000e+03
5.481259822845458984e-01,-1.118416264653205872e-01,4.329490959644317627e-01,-1.978743225336074829e-01,7.253511548042297363e-01,6.806275248527526855e-02,2.525000000000000000e+03,2.623499755859375000e+03
4.545493423938751221e-01,-1.651089638471603394e-01,5.019319057464599609e-01,-2.171651571989059448e-01,7.223803997039794922e-01,8.584292232990264893e-02,1.977000000000000000e+03,1.995716430664062500e+03
-2.500000000000000000e-01,2.514390051364898682e-01,-3.678272068500518799e-01,1.212640255689620972e-01,1.275002121925354004e+00,5.235715582966804504e-02,4.832000000000000000e+03,4.922986328125000000e+03
-1.500000059604644775e-01,2.872454822063446045e-01,-3.011094927787780762e-01,3.427758216857910156e-01,7.501108646392822266e-01,5.887383222579956055e-02,2.481000000000000000e+03,2.594297363281250000e+03
8.975010365247726440e-02,-3.499999940395355225e-01,1.341635137796401978e-01,-1.050074696540832520e+00,1.258533000946044922e+00,5.303595215082168579e-02,4.048000000000000000e+03,5.231585449218750000e+03
-2.992293983697891235e-02,4.223684668540954590e-01,-3.666981756687164307e-01,2.355408966541290283e-01,1.153737902641296387e+00,6.684691458940505981e-02,3.984000000000000000e+03,4.416497558593750000e+03
1.366542428731918335e-01,-1.500000059604644775e-01,1.596378684043884277e-01,5.695033352822065353e-03,4.824521541595458984e-01,1.103300452232360840e-01,1.189000000000000000e+03,1.312472656250000000e+03
-4.000000059604644775e-01,-5.000000074505805969e-02,-7.239079475402832031e-02,-4.272132515907287598e-01,1.284857034683227539e+00,5.769087001681327820e-02,4.651000000000000000e+03,5.330077148437500000e+03
0.000000000000000000e+00,-5.000000000000000000e-01,-2.337486855685710907e-02,-3.486662805080413818e-01,1.171608805656433105e+00,5.499504506587982178e-02,4.359000000000000000e+03,4.433133300781250000e+03
-1.000000014901161194e-01,-5.000000000000000000e-01,-2.019225656986236572e-01,-4.450933635234832764e-01,1.127621293067932129e+00,5.934003740549087524e-02,3.588000000000000000e+03,3.625645996093750000e+03
3.338605910539627075e-02,4.223684668540954590e-01,9.134613722562789917e-02,2.140322029590606689e-01,6.609534025192260742e-01,1.097815185785293579e-01,2.123000000000000000e+03,2.344360351562500000e+03
2.836198806762695312e-01,3.889823853969573975e-01,3.633193075656890869e-01,2.604604065418243408e-01,1.222275853157043457e+00,5.071689933538436890e-02,4.117000000000000000e+03,4.179926269531250000e+03
-2.500000000000000000e-01,-2.500000000000000000e-01,-2.705067694187164307e-01,-4.842393398284912109e-01,1.190892815589904785e+00,6.650379300117492676e-02,4.551000000000000000e+03,4.726550292968750000e+03
-1.700559556484222412e-01,0.000000000000000000e+00,-6.464922428131103516e-02,4.523458704352378845e-02,5.596806406974792480e-01,7.879278808832168579e-02,2.504000000000000000e+03,2.608383789062500000e+03
-3.159073293209075928e-01,2.872454822063446045e-01,-2.790031731128692627e-01,-9.623722732067108154e-02,1.221357703208923340e+00,6.723385304212570190e-02,4.176000000000000000e+03,4.582205078125000000e+03
3.221365213394165039e-01,-3.499999940395355225e-01,8.024653792381286621e-02,3.276260942220687866e-02,9.745852947235107422e-01,5.657278746366500854e-02,3.501000000000000000e+03,4.222903320312500000e+03
2.872454822063446045e-01,0.000000000000000000e+00,3.298792243003845215e-02,-5.075871944427490234e-02,1.035663247108459473e+00,6.056740134954452515e-02,3.791000000000000000e+03,4.025566650390625000e+03
-5.000000074505805969e-02,3.896152675151824951e-01,2.480829209089279175e-01,3.279888629913330078e-01,9.022682309150695801e-01,6.537346541881561279e-02,2.886000000000000000e+03,3.205637695312500000e+03
-3.499999940395355225e-01,-1.000000014901161194e-01,-5.720508098602294922e-01,-5.357396602630615234e-01,1.179968118667602539e+00,6.399743258953094482e-02,4.427000000000000000e+03,5.159229980468750000e+03
3.562291860580444336e-01,-2.131237089633941650e-01,-2.117697596549987793e-01,-1.740109622478485107e-01,1.090743660926818848e+00,6.037832796573638916e-02,3.873000000000000000e+03,4.873808105468750000e+03
-1.724679581820964813e-02,4.223684668540954590e-01,2.903141640126705170e-02,3.460493683815002441e-01,1.245467305183410645e+00,5.499875545501708984e-02,3.409000000000000000e+03,3.426585205078125000e+03
5.784529447555541992e-01,7.757325470447540283e-02,4.289985001087188721e-01,-8.811479806900024414e-02,1.032685995101928711e+00,5.999642983078956604e-02,4.176000000000000000e+03,4.368717773437500000e+03
-1.618416309356689453e-01,-3.000000119209289551e-01,3.530886769294738770e-01,-2.868889570236206055e-01,1.263740420341491699e+00,5.794732272624969482e-02,4.757000000000000000e+03,5.520489746093750000e+03
-3.499999940395355225e-01,-3.000000119209289551e-01,-3.452931940555572510e-01,-9.602595865726470947e-02,9.689616560935974121e-01,6.731795519590377808e-02,3.462000000000000000e+03,3.613517089843750000e+03
-3.678191304206848145e-01,-5.179951898753643036e-03,2.424290776252746582e-02,-5.510130152106285095e-02,1.225226879119873047e+00,6.427010148763656616e-02,4.547000000000000000e+03,5.009686035156250000e+03
1.803144514560699463e-01,4.545493423938751221e-01,-1.509623825550079346e-01,6.271707415580749512e-01,9.520515203475952148e-01,6.286929547786712646e-02,3.750000000000000000e+03,4.308032714843750000e+03
1.764043420553207397e-01,3.896152675151824951e-01,4.486936330795288086e-01,2.021210491657257080e-01,1.225917935371398926e+00,5.448537319898605347e-02,5.558000000000000000e+03,5.954711914062500000e+03
-6.312371790409088135e-02,2.145627290010452271e-01,-9.325464814901351929e-02,2.099768817424774170e-01,9.158337712287902832e-01,6.165019422769546509e-02,3.557000000000000000e+03,3.560880859375000000e+03
1.764043420553207397e-01,3.896152675151824951e-01,3.970519006252288818e-01,2.176331579685211182e-01,8.890583515167236328e-01,6.535596400499343872e-02,3.137000000000000000e+03,3.440884521484375000e+03
2.514390051364898682e-01,-3.000000119209289551e-01,5.660380721092224121e-01,-2.978072762489318848e-01,1.267738461494445801e+00,5.892596766352653503e-02,5.070000000000000000e+03,5.377817871093750000e+03
7.757325470447540283e-02,3.896152675151824951e-01,-8.641146123409271240e-02,1.363169103860855103e-01,9.193021059036254883e-01,6.428679078817367554e-02,2.893000000000000000e+03,3.197098388671875000e+03
-3.000000119209289551e-01,1.764043420553207397e-01,-4.508374929428100586e-01,8.639223128557205200e-02,8.063055872917175293e-01,1.045507863163948059e-01,2.352000000000000000e+03,2.462259521484375000e+03
-1.484417915344238281e-01,4.862083792686462402e-01,-1.315902769565582275e-01,4.089758694171905518e-01,3.878735005855560303e-01,1.167144700884819031e-01,1.211000000000000000e+03,1.260933349609375000e+03
2.514390051364898682e-01,-4.000000059604644775e-01,-1.738023944199085236e-02,-9.510639905929565430e-01,1.179672122001647949e+00,5.847803503274917603e-02,4.458000000000000000e+03,5.601231445312500000e+03
-4.000000059604644775e-01,-1.024989411234855652e-02,-6.157605648040771484e-01,1.522129122167825699e-02,1.092009544372558594e+00,6.088704243302345276e-02,4.075000000000000000e+03,4.234857421875000000e+03
0.000000000000000000e+00,5.173884034156799316e-01,2.462065070867538452e-01,2.149905860424041748e-01,1.209103941917419434e+00,5.637189373373985291e-02,4.149000000000000000e+03,4.571187011718750000e+03
3.562291860580444336e-01,8.169633150100708008e-02,1.509787887334823608e-01,1.273049265146255493e-01,1.232329607009887695e+00,6.011093780398368835e-02,4.435000000000000000e+03,4.563477050781250000e+03
4.223684668540954590e-01,-7.774895429611206055e-02,6.736963391304016113e-01,-3.740885257720947266e-01,1.006824731826782227e+00,5.947707593441009521e-02,4.284000000000000000e+03,4.902385253906250000e+03
-5.683409571647644043e-01,-5.500000119209289551e-01,-1.020491838455200195e+00,-3.210167288780212402e-01,8.795823454856872559e-01,5.921551957726478577e-02,3.056000000000000000e+03,4.007916015625000000e+03
-4.499999880790710449e-01,1.941482871770858765e-01,-2.306969165802001953e-01,3.434346020221710205e-01,8.558419346809387207e-01,5.727695673704147339e-02,3.069000000000000000e+03,3.357804443359375000e+03
2.514390051364898682e-01,1.366542428731918335e-01,2.456237077713012695e-01,1.008655950427055359e-01,7.914772033691406250e-01,6.571585685014724731e-02,2.607000000000000000e+03,2.612416748046875000e+03
-5.500000119209289551e-01,2.145627290010452271e-01,-4.428229331970214844e-01,1.280139237642288208e-01,6.055143475532531738e-01,9.635395556688308716e-02,2.065000000000000000e+03,2.170631103515625000e+03
-3.499999940395355225e-01,1.366542428731918335e-01,-3.232254981994628906e-01,1.429295241832733154e-01,7.889768481254577637e-01,6.474757194519042969e-02,2.818000000000000000e+03,2.821459472656250000e+03
-5.210686326026916504e-01,3.184255063533782959e-01,-4.634459614753723145e-01,1.073810458183288574e-01,1.002934336662292480e+00,7.284417003393173218e-02,3.160000000000000000e+03,3.308911865234375000e+03
4.545493423938751221e-01,-3.000000119209289551e-01,2.899625897407531738e-01,-3.630624413490295410e-01,6.301656961441040039e-01,5.742163211107254028e-02,2.528000000000000000e+03,2.721765136718750000e+03
-2.500000000000000000e-01,3.562291860580444336e-01,-3.320721089839935303e-01,2.126262634992599487e-01,1.004999399185180664e+00,6.386116147041320801e-02,3.312000000000000000e+03,3.401390625000000000e+03
-1.000000014901161194e-01,-2.641935050487518311e-01,-1.528816223144531250e-01,-1.405344605445861816e-01,8.764866590499877930e-01,7.937536388635635376e-02,2.174000000000000000e+03,2.224939208984375000e+03
3.896152675151824951e-01,-1.688199937343597412e-01,2.815620303153991699e-01,3.948355019092559814e-01,1.226122140884399414e+00,6.072646751999855042e-02,4.780000000000000000e+03,5.780458496093750000e+03
-4.166139364242553711e-01,1.764043420553207397e-01,-5.983203649520874023e-01,5.141404271125793457e-01,1.128981590270996094e+00,5.700787529349327087e-02,4.823000000000000000e+03,5.365762207031250000e+03
5.481259822845458984e-01,1.366542428731918335e-01,3.611143827438354492e-01,8.909754455089569092e-02,1.056270837783813477e+00,6.666643172502517700e-02,3.938000000000000000e+03,4.068629150390625000e+03
0.000000000000000000e+00,3.896152675151824951e-01,-1.987498067319393158e-02,3.694027960300445557e-01,1.229181528091430664e+00,5.349412560462951660e-02,4.170000000000000000e+03,4.172208007812500000e+03
-3.499999940395355225e-01,-2.500000000000000000e-01,-1.389743834733963013e-01,1.903510242700576782e-01,1.258764505386352539e+00,5.585454031825065613e-02,4.330000000000000000e+03,4.959806152343750000e+03
3.562291860580444336e-01,0.000000000000000000e+00,3.576070666313171387e-01,2.809174358844757080e-01,1.223587036132812500e+00,5.857273191213607788e-02,5.199000000000000000e+03,5.468993164062500000e+03
3.221365213394165039e-01,-6.499999761581420898e-01,8.977548032999038696e-02,-5.470587611198425293e-01,9.090428948402404785e-01,5.717192962765693665e-02,3.493000000000000000e+03,3.760729980468750000e+03
-3.000000119209289551e-01,-2.151089608669281006e-01,-2.111521959304809570e-01,-3.468629717826843262e-01,6.011166572570800781e-01,7.657103240489959717e-02,1.806000000000000000e+03,1.930319213867187500e+03
-5.000000000000000000e-01,3.409266844391822815e-02,-3.993585407733917236e-01,1.488355100154876709e-01,1.140802621841430664e+00,6.165176257491111755e-02,4.164000000000000000e+03,4.238268066406250000e+03
1.764043420553207397e-01,-5.000000074505805969e-02,2.086940258741378784e-01,1.497910916805267334e-01,9.167677760124206543e-01,5.641935020685195923e-02,3.385000000000000000e+03,3.547858886718750000e+03
-4.172467887401580811e-01,-5.000000000000000000e-01,-6.467934846878051758e-01,-5.044986605644226074e-01,8.819497227668762207e-01,8.173628896474838257e-02,3.453000000000000000e+03,3.683195068359375000e+03
6.672313809394836426e-01,-1.204144284129142761e-01,7.018831372261047363e-01,-2.547117471694946289e-01,8.705804347991943359e-01,1.373902261257171631e-01,2.749000000000000000e+03,2.818438964843750000e+03
2.872454822063446045e-01,1.366542428731918335e-01,4.098044931888580322e-01,1.450509727001190186e-01,9.728973507881164551e-01,5.766285583376884460e-02,3.326000000000000000e+03,3.379000488281250000e+03
-5.000000000000000000e-01,8.815837651491165161e-02,-6.459935903549194336e-01,2.437177747488021851e-01,7.254177331924438477e-01,8.370648324489593506e-02,2.010000000000000000e+03,2.180231201171875000e+03
3.221365213394165039e-01,-1.000000014901161194e-01,2.102625668048858643e-01,4.233837723731994629e-01,1.004648566246032715e+00,6.527454406023025513e-02,3.588000000000000000e+03,4.551319824218750000e+03
-1.500000059604644775e-01,1.366542428731918335e-01,-1.474370509386062622e-01,1.034036725759506226e-01,3.982168436050415039e-01,8.301538974046707153e-02,1.517000000000000000e+03,1.527578491210937500e+03
-2.500000000000000000e-01,-4.499999880790710449e-01,-1.721348017454147339e-01,-1.260601133108139038e-01,1.124590277671813965e+00,6.338216364383697510e-02,4.125000000000000000e+03,4.480368652343750000e+03
-8.165807463228702545e-03,5.481259822845458984e-01,-5.781653150916099548e-02,1.000750780105590820e+00,1.089254736900329590e+00,5.886369198560714722e-02,3.923000000000000000e+03,4.584161132812500000e+03
-4.499999880790710449e-01,-4.000000059604644775e-01,-3.125741183757781982e-01,-2.182419449090957642e-01,9.651014208793640137e-01,6.132623553276062012e-02,3.503000000000000000e+03,3.696091064453125000e+03
1.366542428731918335e-01,3.221365213394165039e-01,-3.925387561321258545e-01,2.530666589736938477e-01,1.174978852272033691e+00,6.454580277204513550e-02,4.489000000000000000e+03,5.377414550781250000e+03
-4.710686206817626953e-01,3.896152675151824951e-01,-6.988779902458190918e-01,7.635236978530883789e-01,1.067795991897583008e+00,6.116595864295959473e-02,3.589000000000000000e+03,4.171569824218750000e+03
4.862083792686462402e-01,-6.590732932090759277e-02,2.343365252017974854e-01,2.984671890735626221e-01,1.128299593925476074e+00,5.980670452117919922e-02,5.035000000000000000e+03,5.784251953125000000e+03
2.872454822063446045e-01,-1.500000059604644775e-01,7.990415692329406738e-01,2.347876727581024170e-01,1.260829925537109375e+00,6.309042870998382568e-02,4.642000000000000000e+03,5.779433105468750000e+03
1.764043420553207397e-01,3.874092102050781250e-01,-2.216777801513671875e-01,4.537166059017181396e-01,9.437179565429687500e-01,5.989047512412071228e-02,4.246000000000000000e+03,4.991699707031250000e+03
-3.000000119209289551e-01,-3.499999940395355225e-01,4.194070585072040558e-03,-4.836187660694122314e-01,1.032642841339111328e+00,7.757084816694259644e-02,3.155000000000000000e+03,3.473432373046875000e+03
-4.000000059604644775e-01,2.145627290010452271e-01,-4.504599869251251221e-01,8.250147849321365356e-02,5.232004523277282715e-01,7.341095060110092163e-02,2.413000000000000000e+03,2.586008544921875000e+03
-3.499999940395355225e-01,2.514390051364898682e-01,-4.054047167301177979e-01,8.091057538986206055e-01,1.156233429908752441e+00,6.894637644290924072e-02,4.369000000000000000e+03,5.347103515625000000e+03
-1.024989411234855652e-02,2.514390051364898682e-01,2.347705662250518799e-01,-1.453143060207366943e-01,1.144302129745483398e+00,6.127838790416717529e-02,4.789000000000000000e+03,5.554735839843750000e+03
1.764043420553207397e-01,-1.000000014901161194e-01,2.871132791042327881e-01,-8.332223445177078247e-02,9.441880583763122559e-01,4.928455874323844910e-02,2.783000000000000000e+03,2.822036865234375000e+03
3.562291860580444336e-01,-2.000000029802322388e-01,4.915410578250885010e-01,-2.841415107250213623e-01,5.065215229988098145e-01,9.576959162950515747e-02,1.437000000000000000e+03,1.576203735351562500e+03
-4.499999880790710449e-01,-3.166139423847198486e-01,-4.579522311687469482e-01,-4.402665793895721436e-01,9.322776794433593750e-01,6.382286548614501953e-02,3.365000000000000000e+03,3.424079589843750000e+03
-3.499999940395355225e-01,4.482004791498184204e-02,-3.768315613269805908e-01,2.749175429344177246e-01,1.254669666290283203e+00,5.772319808602333069e-02,4.950000000000000000e+03,5.117163085937500000e+03
3.221365213394165039e-01,5.481259822845458984e-01,2.524366676807403564e-01,6.029751300811767578e-01,8.949127197265625000e-01,6.188773736357688904e-02,2.913000000000000000e+03,2.941456542968750000e+03
9.482004493474960327e-02,-4.000000059604644775e-01,-1.032211035490036011e-01,-1.283952742815017700e-01,1.250477194786071777e+00,5.710611864924430847e-02,4.610000000000000000e+03,4.937566894531250000e+03
4.223684668540954590e-01,5.000000074505805969e-02,1.051961779594421387e-01,-1.048292033374309540e-02,1.260971903800964355e+00,5.330375954508781433e-02,3.994000000000000000e+03,4.251772949218750000e+03
3.869667947292327881e-01,1.366542428731918335e-01,1.978325098752975464e-01,1.544324010610580444e-01,7.672462463378906250e-01,6.613232940435409546e-02,2.424000000000000000e+03,2.570471679687500000e+03
2.514390051364898682e-01,-1.618416309356689453e-01,5.489662885665893555e-01,-2.043648958206176758e-01,1.239805459976196289e+00,5.800589546561241150e-02,4.863000000000000000e+03,5.144440429687500000e+03
9.482004493474960327e-02,-1.500000059604644775e-01,3.685552394017577171e-03,-5.596660822629928589e-02,1.015444397926330566e+00,5.743594467639923096e-02,3.270000000000000000e+03,3.324283935546875000e+03
-5.000000000000000000e-01,-4.499999880790710449e-01,-8.768231272697448730e-01,-4.424039125442504883e-01,9.852921962738037109e-01,5.478048324584960938e-02,3.725000000000000000e+03,4.252529785156250000e+03
-1.102498918771743774e-01,-3.499999940395355225e-01,-3.197539746761322021e-01,-1.772877871990203857e-01,8.623030781745910645e-01,7.706556469202041626e-02,2.753000000000000000e+03,3.019686035156250000e+03
7.891271263360977173e-02,-4.000000059604644775e-01,-2.912770211696624756e-01,-7.332965135574340820e-01,1.183400511741638184e+00,5.683850869536399841e-02,4.864000000000000000e+03,5.693024902343750000e+03
-2.500000000000000000e-01,2.872454822063446045e-01,1.950197666883468628e-01,4.831160008907318115e-01,1.078441381454467773e+00,5.854793265461921692e-02,4.224000000000000000e+03,5.047590332031250000e+03
-3.659073412418365479e-01,-2.500000000000000000e-01,3.103184141218662262e-02,-4.741852730512619019e-02,9.817444086074829102e-01,7.101527601480484009e-02,3.748000000000000000e+03,4.487002441406250000e+03
2.145627290010452271e-01,3.221365213394165039e-01,3.247776031494140625e-01,8.692776560783386230e-01,1.252157092094421387e+00,5.531006678938865662e-02,4.191000000000000000e+03,4.990071777343750000e+03
4.545493423938751221e-01,-5.000000074505805969e-02,3.829894661903381348e-01,-5.782252550125122070e-01,1.014900326728820801e+00,6.351949274539947510e-02,3.515000000000000000e+03,4.433757324218750000e+03
-8.516972512006759644e-02,-7.700559496879577637e-01,-3.950958847999572754e-01,-6.590266823768615723e-01,8.743266463279724121e-01,6.632843613624572754e-02,3.585000000000000000e+03,4.077380371093750000e+03
4.223684668540954590e-01,1.700402945280075073e-01,2.492981851100921631e-01,-2.624439001083374023e-01,1.017469406127929688e+00,6.254807859659194946e-02,3.474000000000000000e+03,4.171871093750000000e+03
4.862083792686462402e-01,5.000000074505805969e-02,3.213687837123870850e-01,6.034541875123977661e-02,1.169608831405639648e+00,6.095128506422042847e-02,4.629000000000000000e+03,4.720903808593750000e+03
-1.000000014901161194e-01,3.562291860580444336e-01,-2.641305327415466309e-01,6.486142873764038086e-01,1.264093279838562012e+00,5.380552634596824646e-02,4.653000000000000000e+03,4.974758789062500000e+03
4.862083792686462402e-01,-8.165807463228702545e-03,6.005322933197021484e-01,-1.798073761165142059e-02,1.063378691673278809e+00,6.097818166017532349e-02,4.256000000000000000e+03,4.305254882812500000e+03
1.764043420553207397e-01,-3.659073412418365479e-01,1.087000295519828796e-01,-1.170636638998985291e-01,1.239832401275634766e+00,5.827657133340835571e-02,5.380000000000000000e+03,5.610447753906250000e+03
-4.166139364242553711e-01,4.183419048786163330e-02,-2.623216807842254639e-01,-1.172286942601203918e-01,8.069016933441162109e-01,6.622444093227386475e-02,1.849000000000000000e+03,1.985788574218750000e+03
-6.312371790409088135e-02,-4.000000059604644775e-01,1.058434918522834778e-01,-8.731211423873901367e-01,9.919624924659729004e-01,7.664379477500915527e-02,3.784000000000000000e+03,4.704213378906250000e+03
1.316963285207748413e-01,-4.000000059604644775e-01,-6.776321679353713989e-02,-2.449680715799331665e-01,1.242859840393066406e+00,5.795287340879440308e-02,5.240000000000000000e+03,5.454879394531250000e+03
3.562291860580444336e-01,-2.500000000000000000e-01,3.831769227981567383e-01,-3.475677371025085449e-01,5.281255841255187988e-01,6.995576620101928711e-02,1.678000000000000000e+03,1.739144409179687500e+03
-4.166139364242553711e-01,-2.500000000000000000e-01,-5.214568972587585449e-01,1.932398974895477295e-01,1.213193893432617188e+00,5.891646817326545715e-02,4.566000000000000000e+03,5.190711914062500000e+03
0.000000000000000000e+00,-4.166139364242553711e-01,4.427243489772081375e-03,-4.510840177536010742e-01,6.593961715698242188e-01,5.711060389876365662e-02,2.631000000000000000e+03,2.638286865234375000e+03
-3.166139423847198486e-01,4.545493423938751221e-01,-5.460973456501960754e-02,7.418078184127807617e-01,8.510564565658569336e-01,7.679027318954467773e-02,2.773000000000000000e+03,3.327977294921875000e+03
4.223684668540954590e-01,2.062837332487106323e-01,9.178364276885986328e-01,3.414946496486663818e-01,1.154547929763793945e+00,6.285184621810913086e-02,3.895000000000000000e+03,4.634869628906250000e+03
-2.000000029802322388e-01,1.764043420553207397e-01,-3.311477601528167725e-02,1.979897916316986084e-01,5.309677124023437500e-01,9.526150673627853394e-02,2.099000000000000000e+03,2.304860595703125000e+03
5.173884034156799316e-01,3.221365213394165039e-01,3.864480853080749512e-01,-3.387432917952537537e-02,1.024233460426330566e+00,5.832794681191444397e-02,3.856000000000000000e+03,4.369543457031250000e+03
-4.499999880790710449e-01,5.000000074505805969e-02,-6.741487979888916016e-01,-1.535874903202056885e-01,1.127218842506408691e+00,5.555274337530136108e-02,4.847000000000000000e+03,5.191407226562500000e+03
1.255576610565185547e-01,4.223684668540954590e-01,5.144961476325988770e-01,4.654470086097717285e-01,1.198321938514709473e+00,5.624994635581970215e-02,4.605000000000000000e+03,5.085152832031250000e+03
-1.500000059604644775e-01,-4.166139364242553711e-01,-2.679378986358642578e-01,-2.785494923591613770e-01,1.046745181083679199e+00,6.206267327070236206e-02,4.623000000000000000e+03,4.761205078125000000e+03
-3.499999940395355225e-01,2.145627290010452271e-01,-3.181345164775848389e-01,5.995657294988632202e-02,6.253600716590881348e-01,7.020527124404907227e-02,1.916000000000000000e+03,2.036238159179687500e+03
-1.000000014901161194e-01,-2.500000000000000000e-01,-1.247465088963508606e-01,-2.182678878307342529e-01,4.759861528873443604e-01,9.456289559602737427e-02,1.935000000000000000e+03,1.948824584960937500e+03
6.379825472831726074e-01,5.000000074505805969e-02,2.936585545539855957e-01,6.457371637225151062e-05,9.823825955390930176e-01,6.887236237525939941e-02,3.817000000000000000e+03,4.281866210937500000e+03
4.223684668540954590e-01,-2.641935050487518311e-01,5.809956789016723633e-01,-3.780573904514312744e-01,1.080084204673767090e+00,6.924117356538772583e-02,4.300000000000000000e+03,4.439245605468750000e+03
3.221365213394165039e-01,-3.000000119209289551e-01,5.222582221031188965e-01,-2.166760712862014771e-01,1.174401879310607910e+00,5.474346131086349487e-02,3.849000000000000000e+03,3.978981933593750000e+03
-2.500000000000000000e-01,-3.499999940395355225e-01,-4.138191938400268555e-01,-5.130334571003913879e-02,7.645940184593200684e-01,6.412595510482788086e-02,2.908000000000000000e+03,3.462449951171875000e+03
-4.166139364242553711e-01,-2.500000000000000000e-01,-6.781152486801147461e-01,-2.560622692108154297e-01,1.046869516372680664e+00,5.363478511571884155e-02,4.448000000000000000e+03,4.721920898437500000e+03
-6.000000238418579102e-01,-1.166139394044876099e-01,-6.463021039962768555e-01,-2.610274255275726318e-01,6.831411123275756836e-01,7.564472407102584839e-02,2.420000000000000000e+03,2.537637939453125000e+03
0.000000000000000000e+00,5.000000074505805969e-02,-4.593800008296966553e-02,2.676695585250854492e-01,9.657420516014099121e-01,5.820026248693466187e-02,4.256000000000000000e+03,4.479248046875000000e+03
-4.499999880790710449e-01,3.896152675151824951e-01,-6.844906806945800781e-01,4.106558561325073242e-01,9.393979907035827637e-01,5.852381885051727295e-02,4.006000000000000000e+03,4.253869628906250000e+03
1.366542428731918335e-01,4.545493423938751221e-01,3.143041133880615234e-01,6.286746263504028320e-01,1.028791189193725586e+00,5.698188766837120056e-02,4.151000000000000000e+03,4.390075683593750000e+03
-3.499999940395355225e-01,-5.500000119209289551e-01,-1.949124187231063843e-01,-4.671161472797393799e-01,1.021360754966735840e+00,6.345138698816299438e-02,3.178000000000000000e+03,3.271234130859375000e+03
5.784529447555541992e-01,-2.500000000000000000e-01,5.939958095550537109e-01,1.518342196941375732e-01,9.123047590255737305e-01,6.687042117118835449e-02,3.475000000000000000e+03,4.122888183593750000e+03
-5.683409571647644043e-01,3.562291860580444336e-01,-7.719275355339050293e-01,1.899656802415847778e-01,6.252968907356262207e-01,1.185051873326301575e-01,1.898000000000000000e+03,2.220286621093750000e+03
-2.500000000000000000e-01,-2.641935050487518311e-01,8.156386017799377441e-02,-5.305117368698120117e-01,1.029227614402770996e+00,6.790921837091445923e-02,3.941000000000000000e+03,4.590400390625000000e+03
-1.000000014901161194e-01,-5.000000000000000000e-01,-6.605328619480133057e-02,-5.018180012702941895e-01,1.089429140090942383e+00,5.566919222474098206e-02,3.655000000000000000e+03,3.658518554687500000e+03
-1.000000014901161194e-01,-3.000000119209289551e-01,3.094142675399780273e-02,-1.307962238788604736e-01,7.854768037796020508e-01,8.757530152797698975e-02,2.836000000000000000e+03,3.043017089843750000e+03
-1.500000059604644775e-01,-5.500000119209289551e-01,-6.451554130762815475e-03,-6.770300269126892090e-01,8.160995841026306152e-01,6.821780651807785034e-02,2.891000000000000000e+03,3.048795410156250000e+03
-5.000000074505805969e-02,-2.159073352813720703e-01,-2.112399227917194366e-02,1.932246051728725433e-02,1.096131920814514160e+00,5.775505304336547852e-02,4.984000000000000000e+03,5.214005859375000000e+03
-1.500000059604644775e-01,3.562291860580444336e-01,-5.724697113037109375e-01,-1.421999838203191757e-02,1.198812246322631836e+00,5.904520303010940552e-02,4.316000000000000000e+03,5.222721679687500000e+03
-5.000000074505805969e-02,-4.207512140274047852e-01,2.036517262458801270e-01,-5.063281059265136719e-01,1.133709311485290527e+00,5.570505559444427490e-02,4.737000000000000000e+03,4.998111328125000000e+03
2.464113757014274597e-02,-3.499999940395355225e-01,5.076866745948791504e-01,-3.592077493667602539e-01,1.227179050445556641e+00,5.599645152688026428e-02,4.519000000000000000e+03,5.196590332031250000e+03
3.562291860580444336e-01,-3.499999940395355225e-01,3.572770953178405762e-01,-6.908446550369262695e-01,1.128872752189636230e+00,6.262598186731338501e-02,4.468000000000000000e+03,4.866187011718750000e+03
-3.683409392833709717e-01,-5.000000074505805969e-02,-2.230462133884429932e-01,-1.757112517952919006e-02,1.271444082260131836e+00,5.943479761481285095e-02,4.340000000000000000e+03,4.399288085937500000e+03
2.872454822063446045e-01,4.862083792686462402e-01,6.878951191902160645e-01,1.839695870876312256e-01,1.093634724617004395e+00,6.019544228911399841e-02,3.881000000000000000e+03,4.663543945312500000e+03
-3.499999940395355225e-01,2.145627290010452271e-01,-2.004411965608596802e-01,9.330951422452926636e-02,1.162065148353576660e+00,6.395951658487319946e-02,4.427000000000000000e+03,4.548050781250000000e+03
-6.000000238418579102e-01,-2.178191244602203369e-01,-5.369623303413391113e-01,-1.614921987056732178e-01,6.772690415382385254e-01,6.630890816450119019e-02,2.166000000000000000e+03,2.199666259765625000e+03
7.250331342220306396e-02,3.896152675151824951e-01,1.744787544012069702e-01,-1.775121688842773438e-01,1.255994915962219238e+00,5.349358916282653809e-02,4.680000000000000000e+03,5.623650390625000000e+03
0.000000000000000000e+00,4.862083792686462402e-01,1.327570080757141113e-01,4.471741914749145508e-01,1.116597175598144531e+00,5.413693189620971680e-02,4.083000000000000000e+03,4.145406738281250000e+03
-2.000000029802322388e-01,0.000000000000000000e+00,-1.680055558681488037e-01,-1.840344667434692383e-01,1.172574639320373535e+00,7.534397393465042114e-02,4.377000000000000000e+03,4.487562011718750000e+03
4.223684668540954590e-01,2.872454822063446045e-01,4.279243350028991699e-01,2.068821191787719727e-01,7.765226960182189941e-01,8.071461319923400879e-02,2.762000000000000000e+03,2.791563964843750000e+03
5.784529447555541992e-01,3.562291860580444336e-01,4.596380889415740967e-01,4.330981075763702393e-01,9.360016584396362305e-01,5.811706185340881348e-02,3.080000000000000000e+03,3.150178466796875000e+03
9.482004493474960327e-02,1.764043420553207397e-01,4.898269772529602051e-01,4.863894283771514893e-01,1.036972999572753906e+00,7.398484647274017334e-02,3.199000000000000000e+03,3.915171386718750000e+03
2.514390051364898682e-01,-3.000000119209289551e-01,-3.559713810682296753e-02,-2.238947004079818726e-01,1.223645448684692383e+00,6.417660415172576904e-02,4.873000000000000000e+03,5.156383300781250000e+03
-2.200559526681900024e-01,-1.500000059604644775e-01,-2.449259310960769653e-01,-2.012315094470977783e-01,7.071940898895263672e-01,6.995040178298950195e-02,1.963000000000000000e+03,1.975705810546875000e+03
-3.499999940395355225e-01,-5.816580727696418762e-02,-6.158926486968994141e-01,3.737861216068267822e-01,1.130360841751098633e+00,6.158455461263656616e-02,4.117000000000000000e+03,4.910795410156250000e+03
3.562291860580444336e-01,-1.000000014901161194e-01,5.576091408729553223e-01,-2.928498089313507080e-01,1.266582608222961426e+00,4.651769623160362244e-02,4.760000000000000000e+03,4.987831542968750000e+03
-4.000000059604644775e-01,-1.000000014901161194e-01,6.273622065782546997e-02,-2.318252176046371460e-01,1.251260042190551758e+00,5.611715838313102722e-02,4.573000000000000000e+03,5.228085449218750000e+03
4.223684668540954590e-01,2.872454822063446045e-01,2.429163753986358643e-01,5.833562612533569336e-01,1.163527965545654297e+00,5.214339867234230042e-02,3.938000000000000000e+03,4.280155273437500000e+03
-2.000000029802322388e-01,5.173884034156799316e-01,-3.692240417003631592e-01,5.361041426658630371e-01,5.052943229675292969e-01,9.328140318393707275e-02,1.677000000000000000e+03,1.862735473632812500e+03
-2.178191244602203369e-01,4.223684668540954590e-01,-2.041512429714202881e-01,2.622613608837127686e-01,1.189275741577148438e+00,5.356964841485023499e-02,3.925000000000000000e+03,3.996108398437500000e+03
-3.499999940395355225e-01,-3.000000119209289551e-01,-3.100986182689666748e-01,-3.979610204696655273e-01,1.136533141136169434e+00,5.630579963326454163e-02,4.535000000000000000e+03,4.574394531250000000e+03
-1.500000059604644775e-01,-3.499999940395355225e-01,-2.914639413356781006e-01,-4.286669790744781494e-01,8.453828692436218262e-01,5.809077620506286621e-02,3.419000000000000000e+03,3.543584472656250000e+03
3.896152675151824951e-01,9.482004493474960327e-02,3.781449794769287109e-01,2.698253095149993896e-01,8.706045746803283691e-01,6.138538569211959839e-02,2.511000000000000000e+03,2.611721679687500000e+03
-5.000000000000000000e-01,-2.908841893076896667e-02,-9.050094336271286011e-02,6.455669552087783813e-02,1.165475010871887207e+00,7.407623529434204102e-02,4.103000000000000000e+03,4.620579589843750000e+03
5.173884034156799316e-01,-3.194370865821838379e-02,5.389958024024963379e-01,-3.052151799201965332e-01,9.885345697402954102e-01,5.426456034183502197e-02,3.737000000000000000e+03,4.019664794921875000e+03
1.329784244298934937e-01,3.221365213394165039e-01,1.414228379726409912e-01,2.318820357322692871e-01,1.158003330230712891e+00,5.763201043009757996e-02,4.778000000000000000e+03,4.807382812500000000e+03
-5.500000119209289551e-01,3.896152675151824951e-01,-5.762807130813598633e-01,5.966647267341613770e-01,8.380144238471984863e-01,6.280925869941711426e-02,2.971000000000000000e+03,3.152238525390625000e+03
3.562291860580444336e-01,2.145627290010452271e-01,1.994857490062713623e-01,-3.741067945957183838e-01,1.241978168487548828e+00,6.001603603363037109e-02,4.572000000000000000e+03,5.618842285156250000e+03
-6.724679470062255859e-02,3.884100615978240967e-01,-3.624262809753417969e-01,3.268525898456573486e-01,1.211737394332885742e+00,6.383271515369415283e-02,4.867000000000000000e+03,5.163899414062500000e+03
-5.000000000000000000e-01,1.366542428731918335e-01,-8.946630954742431641e-01,4.081520736217498779e-01,1.090579986572265625e+00,6.893439590930938721e-02,3.690000000000000000e+03,4.372856933593750000e+03
-3.499999940395355225e-01,3.221365213394165039e-01,-3.187251389026641846e-01,1.084986552596092224e-01,8.259695172309875488e-01,6.408635526895523071e-02,2.890000000000000000e+03,3.084441894531250000e+03
-3.000000119209289551e-01,-2.000000029802322388e-01,-3.337591886520385742e-01,-1.910314261913299561e-01,1.121223926544189453e+00,6.456034630537033081e-02,3.977000000000000000e+03,3.980828369140625000e+03
-2.500000000000000000e-01,-5.000000000000000000e-01,6.224014982581138611e-02,-2.220028042793273926e-01,8.903053998947143555e-01,5.340264365077018738e-02,3.222000000000000000e+03,3.901422851562500000e+03
1.366542428731918335e-01,2.514390051364898682e-01,7.869935780763626099e-02,1.440933048725128174e-01,1.133950114250183105e+00,6.140113249421119690e-02,3.998000000000000000e+03,4.044269042968750000e+03
7.247940897941589355e-01,-7.106862962245941162e-02,8.720242977142333984e-01,2.182261347770690918e-01,8.217761516571044922e-01,6.483589112758636475e-02,3.032000000000000000e+03,3.488353515625000000e+03
-1.000000014901161194e-01,-4.000000059604644775e-01,-2.052515186369419098e-02,-6.127463579177856445e-01,1.243476033210754395e+00,5.719142407178878784e-02,4.980000000000000000e+03,5.145193847656250000e+03
1.764043420553207397e-01,3.562291860580444336e-01,1.108720451593399048e-01,3.252211511135101318e-01,1.272328734397888184e+00,5.574372410774230957e-02,4.876000000000000000e+03,4.891933105468750000e+03
2.145627290010452271e-01,2.872454822063446045e-01,3.730947673320770264e-01,-1.854267716407775879e-01,1.085948348045349121e+00,9.379030764102935791e-02,3.428000000000000000e+03,4.119203613281250000e+03
-5.683409571647644043e-01,-4.000000059604644775e-01,-7.663401961326599121e-01,-2.362273782491683960e-01,8.325077891349792480e-01,5.140834674239158630e-02,2.939000000000000000e+03,3.213279052734375000e+03
3.221365213394165039e-01,-5.000000000000000000e-01,3.363098502159118652e-01,-4.642597138881683350e-01,8.996259570121765137e-01,8.468414843082427979e-02,3.289000000000000000e+03,3.294959716796875000e+03
4.183419048786163330e-02,-4.000000059604644775e-01,-1.624566018581390381e-01,-1.443225294351577759e-01,1.154753208160400391e+00,6.735179573297500610e-02,4.524000000000000000e+03,4.880001464843750000e+03
3.562291860580444336e-01,-1.500000059604644775e-01,2.483145147562026978e-01,1.257614791393280029e-02,1.273811817169189453e+00,5.867034941911697388e-02,4.702000000000000000e+03,4.811409667968750000e+03
-3.000000119209289551e-01,-3.151089549064636230e-01,6.113594025373458862e-02,-2.615488171577453613e-01,1.113443493843078613e+00,5.811927467584609985e-02,4.259000000000000000e+03,4.706685546875000000e+03
3.896152675151824951e-01,-1.000000014901161194e-01,1.904523521661758423e-01,-2.108966708183288574e-01,8.516940474510192871e-01,6.769278645515441895e-02,2.887000000000000000e+03,3.090293457031250000e+03
-3.499999940395355225e-01,5.000000074505805969e-02,-4.022614061832427979e-01,-6.060810759663581848e-02,4.129403829574584961e-01,8.496949076652526855e-02,1.474000000000000000e+03,1.600984985351562500e+03
1.366542428731918335e-01,-6.499999761581420898e-01,1.581316441297531128e-01,-6.268233060836791992e-01,8.528491854667663574e-01,6.441367417573928833e-02,2.980000000000000000e+03,2.984089599609375000e+03
-2.500000000000000000e-01,2.514390051364898682e-01,-3.679057061672210693e-01,1.517647355794906616e-01,5.019527077674865723e-01,5.948696658015251160e-02,1.869000000000000000e+03,2.041973999023437500e+03
-3.000000119209289551e-01,-5.000000000000000000e-01,-2.851905226707458496e-01,-7.092293500900268555e-01,5.305958390235900879e-01,7.893094420433044434e-02,1.640000000000000000e+03,1.887777832031250000e+03
-4.499999880790710449e-01,9.482004493474960327e-02,-4.062103629112243652e-01,1.060248469002544880e-03,8.856200575828552246e-01,5.707098171114921570e-02,3.166000000000000000e+03,3.209250488281250000e+03
4.947061464190483093e-02,-6.999999880790710449e-01,1.831862330436706543e-01,-8.643513917922973633e-01,6.675758361816406250e-01,2.939870059490203857e-01,1.831000000000000000e+03,2.011315795898437500e+03
-1.159073337912559509e-01,-3.000000119209289551e-01,-9.354392439126968384e-02,-2.784589529037475586e-01,4.381045997142791748e-01,6.517316401004791260e-02,1.528000000000000000e+03,1.535661254882812500e+03
-1.707512140274047852e-01,2.872454822063446045e-01,-2.302409410476684570e-01,2.663064599037170410e-01,1.126154303550720215e+00,6.352841854095458984e-02,4.622000000000000000e+03,4.636574707031250000e+03
6.672313809394836426e-01,-2.000000029802322388e-01,6.314965486526489258e-01,-3.343144059181213379e-01,6.521911621093750000e-01,8.309840410947799683e-02,2.114000000000000000e+03,2.209019042968750000e+03
-4.499999880790710449e-01,-4.499999880790710449e-01,-5.172243714332580566e-01,-5.676351189613342285e-01,8.209954500198364258e-01,6.755568832159042358e-02,2.768000000000000000e+03,2.842708007812500000e+03
1.316963285207748413e-01,-4.000000059604644775e-01,1.700631827116012573e-01,-4.226886108517646790e-02,1.254595160484313965e+00,5.810444429516792297e-02,4.968000000000000000e+03,5.369285156250000000e+03
3.221365213394165039e-01,-4.000000059604644775e-01,4.008753597736358643e-01,-3.047450482845306396e-01,5.389261841773986816e-01,6.817808747291564941e-02,1.797000000000000000e+03,1.890321289062500000e+03
-3.000000119209289551e-01,-1.500000059604644775e-01,-2.284174263477325439e-01,-3.662655353546142578e-01,6.951831579208374023e-01,7.191232591867446899e-02,2.312000000000000000e+03,2.554045166015625000e+03
-2.641935050487518311e-01,6.083970069885253906e-01,-3.808674514293670654e-01,5.113232731819152832e-01,9.615072011947631836e-01,5.978411808609962463e-02,3.694000000000000000e+03,3.785438964843750000e+03
3.562291860580444336e-01,-3.000000119209289551e-01,8.765174150466918945e-01,-8.609730005264282227e-02,1.245220422744750977e+00,6.773402541875839233e-02,3.619000000000000000e+03,4.327264648437500000e+03
-7.500000000000000000e-01,1.764043420553207397e-01,-5.437281131744384766e-01,-7.530199736356735229e-02,8.494663238525390625e-01,6.806301325559616089e-02,2.887000000000000000e+03,3.297418701171875000e+03
1.366542428731918335e-01,-5.178191065788269043e-01,4.814893379807472229e-02,-5.064669847488403320e-01,1.005677461624145508e+00,6.064980849623680115e-02,3.699000000000000000e+03,3.728039794921875000e+03
-5.517995357513427734e-02,5.481259822845458984e-01,-3.079451918601989746e-01,6.271451115608215332e-01,7.069309353828430176e-01,7.800748944282531738e-02,2.006000000000000000e+03,2.279404541015625000e+03
3.221365213394165039e-01,-2.000000029802322388e-01,5.454997420310974121e-01,-2.633121013641357422e-01,8.659299015998840332e-01,6.925524771213531494e-02,3.429000000000000000e+03,3.671553222656250000e+03
4.519540369510650635e-01,-1.000000014901161194e-01,7.691220380365848541e-03,-7.456327788531780243e-03,1.211976170539855957e+00,6.659012287855148315e-02,4.342000000000000000e+03,4.931514648437500000e+03
-8.999999761581420898e-01,2.288250178098678589e-01,-8.365975022315979004e-01,2.406636476516723633e-01,3.309377133846282959e-01,1.430514901876449585e-01,9.980000000000000000e+02,1.035635864257812500e+03
1.316963285207748413e-01,3.562291860580444336e-01,4.993475973606109619e-01,3.410432338714599609e-01,1.266025543212890625e+00,6.027154251933097839e-02,5.337000000000000000e+03,5.779409179687500000e+03
-2.500000000000000000e-01,2.145627290010452271e-01,-4.154677093029022217e-01,4.858365654945373535e-01,1.202120065689086914e+00,5.826326087117195129e-02,4.831000000000000000e+03,5.163550781250000000e+03
-5.178191065788269043e-01,-6.419350951910018921e-02,-9.454274773597717285e-01,-1.103459224104881287e-01,1.155792713165283203e+00,5.475168675184249878e-02,3.578000000000000000e+03,4.058208007812500000e+03
-4.000000059604644775e-01,-1.500000059604644775e-01,-5.471705198287963867e-01,6.217386946082115173e-02,1.235105156898498535e+00,5.644668638706207275e-02,5.271000000000000000e+03,5.499226074218750000e+03
-1.500000059604644775e-01,-6.999999880790710449e-01,-6.670885533094406128e-02,-8.551992774009704590e-01,8.133693337440490723e-01,5.803927779197692871e-02,3.283000000000000000e+03,3.435303222656250000e+03
-2.500000000000000000e-01,5.173884034156799316e-01,-4.560160040855407715e-01,4.638146460056304932e-01,8.085907697677612305e-01,6.498628109693527222e-02,3.205000000000000000e+03,3.423617919921875000e+03
3.213381767272949219e-01,3.221365213394165039e-01,1.941524446010589600e-01,1.999611556529998779e-01,9.455966949462890625e-01,6.497751176357269287e-02,2.950000000000000000e+03,3.052007080078125000e+03
2.872454822063446045e-01,2.448896765708923340e-01,4.548064172267913818e-01,-1.230823099613189697e-01,1.067884325981140137e+00,6.008696928620338440e-02,4.354000000000000000e+03,4.958920410156250000e+03
-1.631237119436264038e-01,-3.499999940395355225e-01,-8.972896933555603027e-01,-1.974319368600845337e-01,1.270660638809204102e+00,5.933621153235435486e-02,4.210000000000000000e+03,5.586361328125000000e+03
9.183419495820999146e-02,-2.000000029802322388e-01,-2.077075242996215820e-01,6.750686466693878174e-02,1.027598261833190918e+00,8.736801892518997192e-02,3.174000000000000000e+03,3.642743652343750000e+03
1.764043420553207397e-01,-3.000000119209289551e-01,2.014589756727218628e-01,1.864970326423645020e-01,1.258705615997314453e+00,6.339776515960693359e-02,4.539000000000000000e+03,5.196695800781250000e+03
3.896152675151824951e-01,9.482004493474960327e-02,1.244964152574539185e-01,-2.737210094928741455e-01,1.261064648628234863e+00,5.442688241600990295e-02,5.157000000000000000e+03,5.807538085937500000e+03
-3.000000119209289551e-01,1.366542428731918335e-01,-1.584377735853195190e-01,2.065613679587841034e-02,9.750769734382629395e-01,5.919893085956573486e-02,3.492000000000000000e+03,3.614174804687500000e+03
4.348762929439544678e-01,-6.999999880790710449e-01,5.050825476646423340e-01,-7.414060831069946289e-01,5.731193423271179199e-01,2.084013819694519043e-01,1.794000000000000000e+03,1.830152587890625000e+03
-1.651089638471603394e-01,3.161768615245819092e-01,-9.645983576774597168e-02,1.908643692731857300e-01,5.247056484222412109e-01,7.420758157968521118e-02,1.664000000000000000e+03,1.785465576171875000e+03
-6.499999761581420898e-01,-1.641935110092163086e-01,-8.784149885177612305e-01,-2.071484178304672241e-01,6.318814158439636230e-01,8.552229404449462891e-02,2.259000000000000000e+03,2.555241455078125000e+03
-5.633457303047180176e-01,-5.500000119209289551e-01,-5.741534829139709473e-01,-5.485168099403381348e-01,4.140561521053314209e-01,5.809651315212249756e-02,1.489000000000000000e+03,1.490046997070312500e+03
5.000000074505805969e-02,3.896152675151824951e-01,-2.576160989701747894e-02,4.245164245367050171e-02,1.282208085060119629e+00,5.635868012905120850e-02,4.721000000000000000e+03,5.076517089843750000e+03
4.545493423938751221e-01,2.085852175951004028e-01,5.846897363662719727e-01,3.854331672191619873e-01,7.814423441886901855e-01,9.622583538293838501e-02,2.746000000000000000e+03,2.959268066406250000e+03
3.878882527351379395e-01,-6.000000238418579102e-01,6.149684190750122070e-01,-6.728665232658386230e-01,7.210596203804016113e-01,1.216427385807037354e-01,2.065000000000000000e+03,2.285596191406250000e+03
-5.000000000000000000e-01,4.545493423938751221e-01,-3.855054080486297607e-01,1.701171100139617920e-01,9.455009698867797852e-01,7.003641128540039062e-02,3.528000000000000000e+03,3.889931152343750000e+03
-4.000000059604644775e-01,3.896152675151824951e-01,-3.328876495361328125e-01,1.169219911098480225e-01,1.143310666084289551e+00,6.156191229820251465e-02,4.247000000000000000e+03,4.499980957031250000e+03
-5.500000119209289551e-01,8.665423840284347534e-02,-2.204363942146301270e-01,1.825554668903350830e-01,8.069243431091308594e-01,8.381973952054977417e-02,2.579000000000000000e+03,3.028557128906250000e+03
-6.999999880790710449e-01,4.167150706052780151e-02,-8.107795715332031250e-01,9.009448438882827759e-02,4.202028512954711914e-01,1.311510950326919556e-01,1.310000000000000000e+03,1.416273437500000000e+03
3.199987113475799561e-01,-2.500000000000000000e-01,1.876213252544403076e-01,-2.035688310861587524e-01,8.259148597717285156e-01,6.478124856948852539e-02,2.530000000000000000e+03,2.602365722656250000e+03
5.000000074505805969e-02,3.896152675151824951e-01,1.063307598233222961e-01,-5.900924280285835266e-02,1.269366979598999023e+00,5.435098335146903992e-02,4.951000000000000000e+03,5.561098144531250000e+03
-1.500000059604644775e-01,3.562291860580444336e-01,4.772088825702667236e-01,1.991981416940689087e-01,1.266374588012695312e+00,6.031153351068496704e-02,4.792000000000000000e+03,5.979595214843750000e+03
3.221365213394165039e-01,-1.651089638471603394e-01,2.458724528551101685e-01,5.526082590222358704e-02,1.261539936065673828e+00,6.064064800739288330e-02,4.978000000000000000e+03,5.147109375000000000e+03
-1.803705096244812012e-01,-6.188200116157531738e-01,-5.329391360282897949e-01,-8.594110012054443359e-01,9.898836016654968262e-01,6.494734436273574829e-02,3.943000000000000000e+03,4.648555175781250000e+03
-1.000000014901161194e-01,-5.816580727696418762e-02,-5.487577319145202637e-01,-2.366587519645690918e-02,1.006222724914550781e+00,6.294822692871093750e-02,3.700000000000000000e+03,4.410738281250000000e+03
2.872454822063446045e-01,-3.000000119209289551e-01,3.883661031723022461e-01,7.875072211027145386e-02,1.238822340965270996e+00,5.754773318767547607e-02,4.228000000000000000e+03,4.640960449218750000e+03
2.145627290010452271e-01,4.862083792686462402e-01,-4.322627931833267212e-02,7.874275445938110352e-01,1.085271120071411133e+00,6.844215840101242065e-02,3.929000000000000000e+03,4.438292480468750000e+03
-5.000000000000000000e-01,-3.000000119209289551e-01,-4.345834553241729736e-01,-4.722700417041778564e-01,9.843217730522155762e-01,6.975705176591873169e-02,3.607000000000000000e+03,3.732460449218750000e+03
-2.000000029802322388e-01,9.482004493474960327e-02,-6.646174192428588867e-01,1.834446936845779419e-02,9.044097065925598145e-01,6.243254616856575012e-02,3.639000000000000000e+03,4.572203125000000000e+03
-5.000000074505805969e-02,3.896152675151824951e-01,-1.432544589042663574e-01,-1.130257472395896912e-01,1.273652911186218262e+00,5.330900102853775024e-02,4.861000000000000000e+03,5.617991210937500000e+03
6.379825472831726074e-01,-1.133457571268081665e-01,6.123936772346496582e-01,-2.492067031562328339e-02,4.352447092533111572e-01,9.806962311267852783e-02,1.488000000000000000e+03,1.553823364257812500e+03
-1.590733230113983154e-02,-4.499999880790710449e-01,-1.974725425243377686e-01,-2.700318396091461182e-01,1.103524684906005859e+00,5.922683328390121460e-02,3.687000000000000000e+03,3.882343017578125000e+03
-3.000000119209289551e-01,5.000000074505805969e-02,-4.147182703018188477e-01,-3.946076631546020508e-01,1.205242276191711426e+00,6.133869290351867676e-02,4.233000000000000000e+03,4.827904785156250000e+03
-3.499999940395355225e-01,1.748126149177551270e-01,-2.266891896724700928e-01,1.066499575972557068e-01,1.157796025276184082e+00,5.760894343256950378e-02,4.153000000000000000e+03,4.214358398437500000e+03
-3.000000119209289551e-01,-5.000000074505805969e-02,-4.583171382546424866e-02,-9.168218076229095459e-02,1.178265810012817383e+00,6.509178131818771362e-02,4.782000000000000000e+03,5.007347167968750000e+03
2.145627290010452271e-01,1.764043420553207397e-01,1.191230490803718567e-01,7.340282946825027466e-02,7.169495820999145508e-01,7.683633267879486084e-02,2.130000000000000000e+03,2.210781982421875000e+03
-3.000000119209289551e-01,9.482004493474960327e-02,-2.717311382293701172e-01,2.642819583415985107e-01,1.268373489379882812e+00,6.824729591608047485e-02,5.133000000000000000e+03,5.226719726562500000e+03
2.132806330919265747e-01,3.221365213394165039e-01,2.329759597778320312e-01,5.010750889778137207e-01,1.215396761894226074e+00,5.853133648633956909e-02,4.614000000000000000e+03,4.714748046875000000e+03
-1.172467991709709167e-01,-6.000000238418579102e-01,-1.956193894147872925e-01,-3.541176021099090576e-01,6.924599409103393555e-01,6.701434403657913208e-02,2.260000000000000000e+03,2.564488281250000000e+03
1.764043420553207397e-01,-3.499999940395355225e-01,-1.180243939161300659e-01,-2.512500882148742676e-01,1.207379579544067383e+00,6.685843318700790405e-02,4.615000000000000000e+03,4.915632812500000000e+03
5.784529447555541992e-01,1.366542428731918335e-01,7.997221350669860840e-01,1.780119836330413818e-01,9.824731945991516113e-01,7.644549012184143066e-02,4.219000000000000000e+03,4.438100097656250000e+03
1.345701515674591064e-01,-3.151089549064636230e-01,-7.460774481296539307e-02,-4.449775516986846924e-01,1.149637579917907715e+00,6.158263981342315674e-02,4.531000000000000000e+03,4.736824218750000000e+03
-1.000000014901161194e-01,5.000000074505805969e-02,3.027241230010986328e-01,1.932463049888610840e-01,1.089640736579895020e+00,6.234812736511230469e-02,4.479000000000000000e+03,5.145514160156250000e+03
-4.000000059604644775e-01,4.482004791498184204e-02,-8.835787773132324219e-01,-2.835817039012908936e-01,1.148787617683410645e+00,6.194787472486495972e-02,4.026000000000000000e+03,5.016232421875000000e+03
1.251469999551773071e-01,2.514390051364898682e-01,-1.055951267480850220e-01,3.331801295280456543e-01,1.230266332626342773e+00,5.873437598347663879e-02,4.985000000000000000e+03,5.180555664062500000e+03
1.366542428731918335e-01,4.545493423938751221e-01,1.185227558016777039e-01,6.799519658088684082e-01,9.494591951370239258e-01,5.863455310463905334e-02,3.582000000000000000e+03,3.782370849609375000e+03
-5.179951898753643036e-03,5.481259822845458984e-01,-1.418137550354003906e-01,3.882546126842498779e-01,8.079379796981811523e-01,7.845704257488250732e-02,2.914000000000000000e+03,3.108262451171875000e+03
-1.500000059604644775e-01,-4.499999880790710449e-01,-6.024813652038574219e-01,-7.522698044776916504e-01,1.100327849388122559e+00,7.062999159097671509e-02,4.507000000000000000e+03,5.554581542968750000e+03
-3.499999940395355225e-01,9.482004493474960327e-02,-2.438289672136306763e-01,-4.897596538066864014e-01,1.278417110443115234e+00,5.564444139599800110e-02,4.721000000000000000e+03,5.694466308593750000e+03
2.104970067739486694e-01,4.862083792686462402e-01,1.495605260133743286e-01,8.029692769050598145e-01,1.105150461196899414e+00,5.740176141262054443e-02,4.544000000000000000e+03,4.923925781250000000e+03
-6.000000238418579102e-01,2.014390081167221069e-01,-7.074725031852722168e-01,3.609496951103210449e-01,9.213426113128662109e-01,7.188054174184799194e-02,2.314000000000000000e+03,2.413654541015625000e+03
9.482004493474960327e-02,-4.499999880790710449e-01,5.641079694032669067e-02,-1.954822540283203125e-01,1.166948556900024414e+00,6.047230958938598633e-02,4.396000000000000000e+03,4.607500000000000000e+03
-2.000000029802322388e-01,4.545493423938751221e-01,-5.792064219713211060e-02,7.127375602722167969e-01,1.063039302825927734e+00,5.272454768419265747e-02,4.623000000000000000e+03,4.972681152343750000e+03
3.489103168249130249e-02,3.562291860580444336e-01,-9.679786115884780884e-02,3.918593227863311768e-01,5.216881632804870605e-01,6.784344464540481567e-02,1.245000000000000000e+03,1.328764770507812500e+03
-6.419350951910018921e-02,3.896152675151824951e-01,-5.440756678581237793e-01,1.216232106089591980e-01,1.232599139213562012e+00,5.868380516767501831e-02,5.402000000000000000e+03,6.431965332031250000e+03
1.366542428731918335e-01,3.409266844391822815e-02,1.191375702619552612e-01,-5.632164888083934784e-03,4.865446388721466064e-01,1.062687113881111145e-01,1.357000000000000000e+03,1.367776489257812500e+03
-1.618416309356689453e-01,2.872454822063446045e-01,-2.753724455833435059e-01,2.859559655189514160e-01,9.129927754402160645e-01,7.041095942258834839e-02,3.163000000000000000e+03,3.211752929687500000e+03
3.896152675151824951e-01,-5.000000074505805969e-02,2.408018857240676880e-01,-1.024536639451980591e-01,1.274775743484497070e+00,5.690087378025054932e-02,5.009000000000000000e+03,5.085560058593750000e+03
-4.499999880790710449e-01,2.872454822063446045e-01,-2.892348468303680420e-01,1.779445707798004150e-01,9.307414889335632324e-01,7.383008301258087158e-02,2.818000000000000000e+03,2.939359619140625000e+03
-1.000000014901161194e-01,-3.499999940395355225e-01,-1.004151254892349243e-01,-3.821811079978942871e-01,1.119786381721496582e+00,5.474380403757095337e-02,3.555000000000000000e+03,3.557891845703125000e+03
-1.672467887401580811e-01,-6.188200116157531738e-01,1.423385590314865112e-01,-4.868700504302978516e-01,9.376584887504577637e-01,6.141270697116851807e-02,3.401000000000000000e+03,3.826693847656250000e+03
-4.000000059604644775e-01,8.687628805637359619e-02,-3.051363229751586914e-01,-2.515297532081604004e-01,1.268103241920471191e+00,5.967851728200912476e-02,4.950000000000000000e+03,5.322762207031250000e+03
2.145627290010452271e-01,-2.500000000000000000e-01,-1.580902785062789917e-01,-1.196793913841247559e-01,1.054432392120361328e+00,6.710346043109893799e-02,4.849000000000000000e+03,5.507350097656250000e+03
3.562291860580444336e-01,4.223684668540954590e-01,3.329740166664123535e-01,5.665197372436523438e-01,6.662003397941589355e-01,6.342128664255142212e-02,2.673000000000000000e+03,2.799619628906250000e+03
2.145627290010452271e-01,3.896152675151824951e-01,1.377091109752655029e-01,4.491617381572723389e-01,9.829702973365783691e-01,6.420483440160751343e-02,3.824000000000000000e+03,3.861355957031250000e+03
3.513853251934051514e-01,1.366542428731918335e-01,1.240055859088897705e-01,8.996609598398208618e-02,8.154476881027221680e-01,6.899909675121307373e-02,3.069000000000000000e+03,3.312622070312500000e+03
4.545493423938751221e-01,-3.659073412418365479e-01,4.437226057052612305e-01,-3.604370653629302979e-01,6.012793779373168945e-01,7.028217613697052002e-02,1.918000000000000000e+03,1.918767700195312500e+03
2.872454822063446045e-01,2.872454822063446045e-01,3.620059192180633545e-01,4.650630354881286621e-01,1.240875601768493652e+00,5.760607123374938965e-02,5.010000000000000000e+03,5.130676757812500000e+03
-3.151089549064636230e-01,4.223684668540954590e-01,-1.800730824470520020e-01,4.216586649417877197e-01,1.104979515075683594e+00,6.712194532155990601e-02,3.947000000000000000e+03,4.005814697265625000e+03
5.000000074505805969e-02,3.221365213394165039e-01,-3.250020369887351990e-02,3.715730011463165283e-01,1.129402756690979004e+00,6.686995923519134521e-02,3.737000000000000000e+03,3.764021728515625000e+03
3.221365213394165039e-01,-5.000000074505805969e-02,1.709548383951187134e-01,-1.489162594079971313e-01,1.037441968917846680e+00,7.269024848937988281e-02,3.848000000000000000e+03,3.963757080078125000e+03
2.514390051364898682e-01,9.183419495820999146e-02,6.906211972236633301e-01,1.402202099561691284e-01,1.225539684295654297e+00,7.202107459306716919e-02,4.114000000000000000e+03,4.632967285156250000e+03
-6.661394238471984863e-02,3.562291860580444336e-01,3.224405944347381592e-01,-3.556583821773529053e-02,1.127415895462036133e+00,5.415676534175872803e-02,4.664000000000000000e+03,5.727906250000000000e+03
-3.000000119209289551e-01,-1.000000014901161194e-01,-2.021018266677856445e-01,-6.943222880363464355e-02,1.001904249191284180e+00,5.371432751417160034e-02,3.181000000000000000e+03,3.214375732421875000e+03
5.173884034156799316e-01,-4.499999880790710449e-01,4.393370449542999268e-01,-3.540499508380889893e-01,4.284596145153045654e-01,2.014810144901275635e-01,1.005000000000000000e+03,1.087238647460937500e+03
3.221365213394165039e-01,3.221365213394165039e-01,-5.548650026321411133e-02,6.373329162597656250e-01,1.256576299667358398e+00,5.421657487750053406e-02,4.423000000000000000e+03,5.078685546875000000e+03
-5.500000119209289551e-01,3.221365213394165039e-01,-4.984146356582641602e-01,5.498498082160949707e-01,8.266683220863342285e-01,7.705806940793991089e-02,3.119000000000000000e+03,3.363369140625000000e+03
-3.499999940395355225e-01,-4.000000059604644775e-01,-7.462973594665527344e-01,-6.042625904083251953e-01,1.090010166168212891e+00,5.549073219299316406e-02,3.976000000000000000e+03,4.616547851562500000e+03
-4.499999880790710449e-01,-1.184162404388189316e-02,-2.098835259675979614e-01,2.468672208487987518e-02,1.244413256645202637e+00,5.838364735245704651e-02,4.381000000000000000e+03,4.546212890625000000e+03
5.000000074505805969e-02,3.562291860580444336e-01,-7.396505028009414673e-02,1.803182959556579590e-01,1.131740093231201172e+00,5.622711032629013062e-02,3.687000000000000000e+03,3.819040283203125000e+03
3.562291860580444336e-01,4.837981164455413818e-01,3.813452422618865967e-01,7.581115365028381348e-01,9.630814194679260254e-01,9.193855524063110352e-02,2.983000000000000000e+03,3.222905517578125000e+03
-2.500000000000000000e-01,-2.000000029802322388e-01,-3.761247992515563965e-01,-5.533375144004821777e-01,1.022150158882141113e+00,6.544413417577743530e-02,3.919000000000000000e+03,4.430946289062500000e+03
-5.000000074505805969e-02,-5.000000074505805969e-02,-4.173981249332427979e-01,1.190946772694587708e-01,1.051311254501342773e+00,7.068018615245819092e-02,3.663000000000000000e+03,4.187727050781250000e+03
3.221365213394165039e-01,3.221365213394165039e-01,1.358833760023117065e-01,3.809463083744049072e-01,7.473967075347900391e-01,6.545087695121765137e-02,2.754000000000000000e+03,2.939291503906250000e+03
-5.000000074505805969e-02,4.545493423938751221e-01,7.493753731250762939e-02,1.565432101488113403e-01,1.047796010971069336e+00,8.094834536314010620e-02,3.394000000000000000e+03,3.709424316406250000e+03
3.562291860580444336e-01,-1.500000059604644775e-01,2.514877319335937500e-01,8.728115260601043701e-02,1.257591843605041504e+00,6.144738197326660156e-02,4.742000000000000000e+03,4.941844238281250000e+03
3.221365213394165039e-01,3.562291860580444336e-01,8.932904005050659180e-01,1.846596226096153259e-02,1.209920167922973633e+00,5.735969915986061096e-02,4.282000000000000000e+03,5.495522460937500000e+03
2.872454822063446045e-01,2.872454822063446045e-01,9.927860461175441742e-03,1.877034641802310944e-02,1.257700681686401367e+00,5.639273300766944885e-02,4.831000000000000000e+03,5.276240234375000000e+03
2.514390051364898682e-01,-4.499999880790710449e-01,1.956262439489364624e-01,-4.885788857936859131e-01,6.051563024520874023e-01,7.163499295711517334e-02,2.264000000000000000e+03,2.292250488281250000e+03
-1.285908371210098267e-01,-6.499999761581420898e-01,1.320560276508331299e-01,-6.454318761825561523e-01,1.074102878570556641e+00,6.482058763504028320e-02,3.833000000000000000e+03,4.055903564453125000e+03
5.000000074505805969e-02,-2.500000000000000000e-01,3.485964834690093994e-01,-1.242435276508331299e-01,1.151230335235595703e+00,5.648305639624595642e-02,4.699000000000000000e+03,5.063947753906250000e+03
2.122108340263366699e-01,0.000000000000000000e+00,8.301623910665512085e-02,8.771467953920364380e-02,7.700534462928771973e-01,5.976235866546630859e-02,2.484000000000000000e+03,2.585303710937500000e+03
1.237514168024063110e-01,-4.713686704635620117e-01,3.154298961162567139e-01,-5.582373738288879395e-01,1.111533403396606445e+00,6.021097674965858459e-02,4.323000000000000000e+03,4.476920410156250000e+03
1.366542428731918335e-01,-2.500000000000000000e-01,1.676091998815536499e-01,-6.544986963272094727e-01,1.277862310409545898e+00,5.698440223932266235e-02,4.793000000000000000e+03,5.265011718750000000e+03
2.803703844547271729e-01,3.221365213394165039e-01,3.237895369529724121e-01,6.564836949110031128e-02,9.064212441444396973e-01,7.050889730453491211e-02,3.909000000000000000e+03,4.224745605468750000e+03
1.366542428731918335e-01,-3.683409392833709717e-01,1.344269141554832458e-02,-3.334862589836120605e-01,6.834265589714050293e-01,7.800429314374923706e-02,2.286000000000000000e+03,2.365512695312500000e+03
-3.000000119209289551e-01,-5.683409571647644043e-01,-3.842158317565917969e-01,-1.745340377092361450e-01,9.520945549011230469e-01,6.754521280527114868e-02,2.960000000000000000e+03,3.470208251953125000e+03
-4.166139364242553711e-01,-2.000000029802322388e-01,-2.542286813259124756e-01,-1.298561841249465942e-01,8.907632827758789062e-01,6.242509931325912476e-02,3.009000000000000000e+03,3.126380615234375000e+03
2.872454822063446045e-01,-6.724679470062255859e-02,3.382411003112792969e-01,1.090132147073745728e-01,7.584967017173767090e-01,5.897275730967521667e-02,2.601000000000000000e+03,2.750803710937500000e+03
3.896152675151824951e-01,-3.659073412418365479e-01,2.246262878179550171e-01,-1.798146218061447144e-02,8.480750322341918945e-01,5.660202354192733765e-02,2.555000000000000000e+03,3.058775634765625000e+03
3.221365213394165039e-01,0.000000000000000000e+00,3.687213361263275146e-01,-1.278267800807952881e-01,1.100478768348693848e+00,6.241356208920478821e-02,4.674000000000000000e+03,4.745439941406250000e+03
-4.499999880790710449e-01,2.503692209720611572e-01,-5.031294226646423340e-01,5.485513210296630859e-01,1.051099300384521484e+00,8.138959854841232300e-02,3.103000000000000000e+03,3.355822021484375000e+03
-4.000000059604644775e-01,1.316963285207748413e-01,-5.199315547943115234e-01,2.044646292924880981e-01,5.906814336776733398e-01,6.971231848001480103e-02,2.095000000000000000e+03,2.211618652343750000e+03
-1.000000014901161194e-01,-2.000000029802322388e-01,-1.844078600406646729e-01,2.906454727053642273e-02,1.039799094200134277e+00,6.572727859020233154e-02,4.041000000000000000e+03,4.260478027343750000e+03
-6.312371790409088135e-02,-4.000000059604644775e-01,1.871949434280395508e-02,-5.556670427322387695e-01,6.924398541450500488e-01,7.625148445367813110e-02,3.115000000000000000e+03,3.313248779296875000e+03
1.366542428731918335e-01,-5.816580727696418762e-02,8.817593008279800415e-02,-1.235957220196723938e-01,6.060418486595153809e-01,7.164303958415985107e-02,1.995000000000000000e+03,2.030862182617187500e+03
-3.000000119209289551e-01,-5.000000074505805969e-02,1.990205794572830200e-02,-5.328220501542091370e-02,9.427980184555053711e-01,5.131478607654571533e-02,3.259000000000000000e+03,3.624297363281250000e+03
3.562291860580444336e-01,8.169633150100708008e-02,3.934018015861511230e-01,-1.444081068038940430e-01,1.175851345062255859e+00,5.723484605550765991e-02,5.386000000000000000e+03,5.589112792968750000e+03
2.494537532329559326e-01,-3.207512199878692627e-01,-5.436842888593673706e-02,-2.296636253595352173e-01,7.728607654571533203e-01,6.758915632963180542e-02,2.938000000000000000e+03,3.414898925781250000e+03
-1.692623943090438843e-01,-1.000000014901161194e-01,-2.729736566543579102e-01,-5.678077936172485352e-01,1.179409027099609375e+00,5.271394923329353333e-02,4.630000000000000000e+03,5.367527832031250000e+03
2.145627290010452271e-01,3.562291860580444336e-01,1.457530707120895386e-01,-1.302729845046997070e-01,1.249863743782043457e+00,6.370896100997924805e-02,4.437000000000000000e+03,5.099775878906250000e+03
4.223684668540954590e-01,-1.661394163966178894e-02,4.775538444519042969e-01,-4.690300524234771729e-01,1.253211498260498047e+00,5.822960287332534790e-02,4.273000000000000000e+03,4.822603515625000000e+03
2.514390051364898682e-01,2.514390051364898682e-01,-2.151183933019638062e-01,2.867860198020935059e-01,1.219317078590393066e+00,5.957532674074172974e-02,4.132000000000000000e+03,4.721656738281250000e+03
3.221365213394165039e-01,4.545493423938751221e-01,4.309860765933990479e-01,7.717272639274597168e-01,9.815530180931091309e-01,6.129778176546096802e-02,3.691000000000000000e+03,4.111357910156250000e+03
5.000000074505805969e-02,8.815837651491165161e-02,-1.094122156500816345e-01,4.203536808490753174e-01,1.070787906646728516e+00,3.118225932121276855e-01,7.173000000000000000e+03,7.999695312500000000e+03
3.896152675151824951e-01,-6.024989485740661621e-02,2.836647257208824158e-02,-5.005341768264770508e-01,1.271391749382019043e+00,5.547989159822463989e-02,4.920000000000000000e+03,5.865089843750000000e+03
-1.500000059604644775e-01,-3.151089549064636230e-01,-5.517946481704711914e-01,-2.235045135021209717e-01,1.238881587982177734e+00,5.494691058993339539e-02,4.471000000000000000e+03,4.952480468750000000e+03
8.169633150100708008e-02,-2.000000029802322388e-01,-9.461391717195510864e-02,-2.897481620311737061e-01,9.275251030921936035e-01,8.370449393987655640e-02,2.669000000000000000e+03,2.788965087890625000e+03
-2.000000029802322388e-01,-3.499999940395355225e-01,-1.431508958339691162e-01,-1.162578016519546509e-01,1.275428295135498047e+00,5.652572587132453918e-02,3.881000000000000000e+03,4.017581298828125000e+03
2.097904086112976074e-01,-1.500000059604644775e-01,3.011943539604544640e-03,-4.300923645496368408e-02,1.183276534080505371e+00,6.294718384742736816e-02,4.406000000000000000e+03,4.575001953125000000e+03
-2.000000029802322388e-01,-3.151089549064636230e-01,6.504724919795989990e-02,1.050887852907180786e-01,1.255411863327026367e+00,5.557815730571746826e-02,5.000000000000000000e+03,5.755420410156250000e+03
-2.500000000000000000e-01,-2.131237089633941650e-01,-1.905103176832199097e-01,-1.789917424321174622e-02,1.195488333702087402e+00,6.271842122077941895e-02,4.196000000000000000e+03,4.317553710937500000e+03
9.482004493474960327e-02,5.481259822845458984e-01,2.549014091491699219e-01,1.921895891427993774e-01,9.949563741683959961e-01,5.993868410587310791e-02,3.762000000000000000e+03,4.321818359375000000e+03
-4.000000059604644775e-01,4.183419048786163330e-02,-3.459630310535430908e-01,-2.180859744548797607e-01,1.124104738235473633e+00,6.070900708436965942e-02,4.420000000000000000e+03,4.663637695312500000e+03
-3.000000119209289551e-01,-5.000000074505805969e-02,-3.876537382602691650e-01,1.891473233699798584e-01,9.672254323959350586e-01,6.030106171965599060e-02,2.825000000000000000e+03,3.017697509765625000e+03
3.548897206783294678e-01,5.173884034156799316e-01,3.271227777004241943e-01,5.284939408302307129e-01,7.384388446807861328e-01,6.154180318117141724e-02,2.310000000000000000e+03,2.313799804687500000e+03
1.764043420553207397e-01,3.562291860580444336e-01,9.836240857839584351e-02,6.260091066360473633e-02,1.214353322982788086e+00,6.224165856838226318e-02,4.236000000000000000e+03,4.496865722656250000e+03
-1.000000014901161194e-01,-4.000000059604644775e-01,-3.206841945648193359e-01,-2.586024999618530273e-01,1.055061817169189453e+00,1.057211756706237793e-01,2.726000000000000000e+03,2.891505371093750000e+03
0.000000000000000000e+00,0.000000000000000000e+00,-1.397289931774139404e-01,4.444388300180435181e-02,9.518577456474304199e-01,8.728475123643875122e-02,2.974000000000000000e+03,3.044168945312500000e+03
2.145627290010452271e-01,5.481259822845458984e-01,2.735983729362487793e-01,6.903388500213623047e-01,9.991487860679626465e-01,6.385170668363571167e-02,3.604000000000000000e+03,3.689033447265625000e+03
5.000000074505805969e-02,0.000000000000000000e+00,2.600966393947601318e-01,4.852989017963409424e-01,9.657500982284545898e-01,7.153125852346420288e-02,3.212000000000000000e+03,4.122283691406250000e+03
-1.312371436506509781e-02,4.223684668540954590e-01,1.526988446712493896e-01,5.087277889251708984e-01,1.054346799850463867e+00,8.344557881355285645e-02,3.637000000000000000e+03,3.750548095703125000e+03
3.896152675151824951e-01,1.764043420553207397e-01,9.559320658445358276e-02,1.631253063678741455e-01,1.113305568695068359e+00,6.890989094972610474e-02,4.261000000000000000e+03,4.554313476562500000e+03
9.482004493474960327e-02,2.503692209720611572e-01,9.557425975799560547e-02,1.433554142713546753e-01,4.116199612617492676e-01,9.879085421562194824e-02,1.186000000000000000e+03,1.265064941406250000e+03
3.889823853969573975e-01,-2.500000000000000000e-01,1.154110729694366455e-01,-3.497497439384460449e-01,1.159569263458251953e+00,6.598843634128570557e-02,4.443000000000000000e+03,4.719208007812500000e+03
-2.000000029802322388e-01,-4.499999880790710449e-01,1.504240185022354126e-01,-2.072631865739822388e-01,1.155812978744506836e+00,6.171891093254089355e-02,4.695000000000000000e+03,5.315472656250000000e+03
-3.000000119209289551e-01,2.514390051364898682e-01,-3.338702619075775146e-01,-6.126404181122779846e-02,1.166325330734252930e+00,5.967070907354354858e-02,4.312000000000000000e+03,4.619776367187500000e+03
-1.277489513158798218e-01,3.896152675151824951e-01,-6.597775220870971680e-02,7.606257796287536621e-01,1.074235916137695312e+00,5.371312797069549561e-02,4.345000000000000000e+03,4.863881347656250000e+03
3.896152675151824951e-01,-3.000000119209289551e-01,4.567733108997344971e-01,-3.999674618244171143e-01,5.967209935188293457e-01,6.308801472187042236e-02,1.912000000000000000e+03,1.989120239257812500e+03
1.345701515674591064e-01,-2.000000029802322388e-01,1.223875433206558228e-01,-7.300811409950256348e-01,1.081341385841369629e+00,7.369949668645858765e-02,3.966000000000000000e+03,4.874087402343750000e+03
9.482004493474960327e-02,-3.000000119209289551e-01,2.316462248563766479e-01,-9.435363858938217163e-02,1.191833496093750000e+00,6.223516911268234253e-02,4.886000000000000000e+03,5.094158691406250000e+03
1.748126149177551270e-01,-3.000000119209289551e-01,2.287030518054962158e-01,-7.876154184341430664e-01,1.154784321784973145e+00,8.097533881664276123e-02,3.748000000000000000e+03,4.398890136718750000e+03
-1.500000059604644775e-01,-2.500000000000000000e-01,2.717814221978187561e-02,6.589977443218231201e-02,9.946461319923400879e-01,6.221472844481468201e-02,3.501000000000000000e+03,3.951307128906250000e+03
3.409266844391822815e-02,5.481259822845458984e-01,1.155177038162946701e-02,5.380294322967529297e-01,7.043397426605224609e-01,1.005247831344604492e-01,2.104000000000000000e+03,2.106583007812500000e+03
0.000000000000000000e+00,1.366542428731918335e-01,1.065219268202781677e-01,2.399503588676452637e-01,6.438858509063720703e-01,6.564578413963317871e-02,2.264000000000000000e+03,2.382758056640625000e+03
3.562291860580444336e-01,-2.000000029802322388e-01,1.172505021095275879e-01,-7.301731109619140625e-01,1.260384082794189453e+00,6.203509122133255005e-02,4.973000000000000000e+03,5.987014160156250000e+03
-2.000000029802322388e-01,-5.000000074505805969e-02,-3.955840319395065308e-02,2.686423361301422119e-01,1.113159894943237305e+00,5.640215799212455750e-02,4.721000000000000000e+03,5.195545410156250000e+03
-1.803705096244812012e-01,-6.000000238418579102e-01,-1.455654203891754150e-01,-6.401057839393615723e-01,7.850961685180664062e-01,6.777824461460113525e-02,3.269000000000000000e+03,3.284014160156250000e+03
2.145627290010452271e-01,0.000000000000000000e+00,-7.623323053121566772e-02,-1.371591985225677490e-01,1.105514764785766602e+00,7.374435663223266602e-02,3.313000000000000000e+03,3.587630371093750000e+03
3.562291860580444336e-01,-1.500000059604644775e-01,3.042569458484649658e-01,-5.718054771423339844e-01,1.263621807098388672e+00,5.054835602641105652e-02,4.555000000000000000e+03,5.057474121093750000e+03
-6.184162572026252747e-02,-1.500000059604644775e-01,7.911966741085052490e-02,-9.773068875074386597e-02,1.061438083648681641e+00,6.142870336771011353e-02,4.031000000000000000e+03,4.111630859375000000e+03
-1.000000014901161194e-01,-4.166139364242553711e-01,-6.686574220657348633e-02,-2.509020268917083740e-01,7.094541788101196289e-01,1.175527647137641907e-01,1.469000000000000000e+03,1.551173339843750000e+03
0.000000000000000000e+00,3.896152675151824951e-01,8.090189099311828613e-02,9.592583179473876953e-01,1.231889605522155762e+00,5.203452333807945251e-02,5.019000000000000000e+03,6.065566894531250000e+03
-3.000000119209289551e-01,2.514390051364898682e-01,-5.627881884574890137e-01,3.061379194259643555e-01,1.135215401649475098e+00,4.529711976647377014e-02,4.966000000000000000e+03,5.239733886718750000e+03
-3.499999940395355225e-01,9.482004493474960327e-02,-2.984395623207092285e-01,2.852930724620819092e-01,1.253469586372375488e+00,5.743943154811859131e-02,4.531000000000000000e+03,4.642398437500000000e+03
2.145627290010452271e-01,2.145627290010452271e-01,1.498667150735855103e-01,-2.579694092273712158e-01,1.254616260528564453e+00,5.961595848202705383e-02,5.392000000000000000e+03,6.146895507812500000e+03
-3.499999940395355225e-01,1.366542428731918335e-01,-7.744857072830200195e-01,4.630027115345001221e-01,1.118549823760986328e+00,5.757968127727508545e-02,4.265000000000000000e+03,5.198610839843750000e+03
2.872454822063446045e-01,-3.499999940395355225e-01,3.767821788787841797e-01,-2.724258601665496826e-01,9.481121301651000977e-01,7.177717238664627075e-02,3.302000000000000000e+03,3.353323242187500000e+03
-5.178191065788269043e-01,-1.024989411234855652e-02,-5.865628123283386230e-01,-1.636011749505996704e-01,9.275296926498413086e-01,7.525340467691421509e-02,3.263000000000000000e+03,3.369304687500000000e+03
2.514390051364898682e-01,-1.000000014901161194e-01,2.229938954114913940e-01,-3.158906996250152588e-01,1.095565080642700195e+00,6.010609865188598633e-02,4.201000000000000000e+03,4.365800292968750000e+03
2.076231986284255981e-01,-4.499999880790710449e-01,-1.328590810298919678e-01,-3.273784518241882324e-01,1.212722897529602051e+00,5.618985742330551147e-02,3.963000000000000000e+03,4.308791503906250000e+03
3.221365213394165039e-01,-6.024989485740661621e-02,3.207266032695770264e-01,-5.077821016311645508e-01,1.270723104476928711e+00,5.571272969245910645e-02,4.518000000000000000e+03,5.063939941406250000e+03
8.580648899078369141e-02,3.562291860580444336e-01,5.870651006698608398e-01,1.207530573010444641e-01,1.220504999160766602e+00,7.074652612209320068e-02,4.720000000000000000e+03,5.650654296875000000e+03
4.223684668540954590e-01,2.486553937196731567e-01,1.428055763244628906e-01,-1.835553646087646484e-01,1.198873519897460938e+00,5.827744677662849426e-02,4.624000000000000000e+03,5.442183593750000000e+03
1.973159313201904297e-01,-6.000000238418579102e-01,2.033031433820724487e-01,-7.500586509704589844e-01,7.623689770698547363e-01,5.804619938135147095e-02,2.900000000000000000e+03,3.011235839843750000e+03
9.482004493474960327e-02,-3.000000119209289551e-01,1.156202182173728943e-01,-1.169664636254310608e-01,1.241281986236572266e+00,5.972516909241676331e-02,4.543000000000000000e+03,4.642197753906250000e+03
-3.000000119209289551e-01,-2.641935050487518311e-01,-3.931687474250793457e-01,-2.957981824874877930e-01,1.039556622505187988e+00,5.232361704111099243e-02,4.401000000000000000e+03,4.440500488281250000e+03
2.514390051364898682e-01,-8.165807463228702545e-03,2.148030996322631836e-01,-7.885231822729110718e-02,9.231690764427185059e-01,5.572098493576049805e-02,3.354000000000000000e+03,3.378837158203125000e+03
-4.499999880790710449e-01,9.482004493474960327e-02,-4.983912706375122070e-01,-4.489922523498535156e-01,1.246452450752258301e+00,5.980989709496498108e-02,5.046000000000000000e+03,5.976313476562500000e+03
4.545493423938751221e-01,-2.908841893076896667e-02,4.886824190616607666e-01,3.605599701404571533e-01,9.995632767677307129e-01,6.405846774578094482e-02,3.727000000000000000e+03,4.279507324218750000e+03
2.514390051364898682e-01,3.194263577461242676e-01,3.335140347480773926e-01,6.523334383964538574e-01,1.258748769760131836e+00,5.603816732764244080e-02,4.886000000000000000e+03,5.242659179687500000e+03
1.366542428731918335e-01,4.862083792686462402e-01,1.027178689837455750e-01,1.004705071449279785e+00,1.144530892372131348e+00,5.023398622870445251e-02,3.859000000000000000e+03,4.619888671875000000e+03
2.145627290010452271e-01,2.145627290010452271e-01,1.370059251785278320e-01,-3.165935873985290527e-01,1.083819270133972168e+00,6.538251042366027832e-02,4.082000000000000000e+03,5.034370605468750000e+03
3.562291860580444336e-01,-5.179951898753643036e-03,5.167653560638427734e-01,-4.065543711185455322e-01,1.019488930702209473e+00,6.013797596096992493e-02,4.113000000000000000e+03,4.824607910156250000e+03
1.366542428731918335e-01,-1.000000014901161194e-01,-1.014156118035316467e-01,3.276990056037902832e-01,1.029254078865051270e+00,9.710475057363510132e-02,3.871000000000000000e+03,4.705782714843750000e+03
-5.683409571647644043e-01,-2.500000000000000000e-01,-6.877176165580749512e-01,1.396536380052566528e-01,1.071714758872985840e+00,6.286519765853881836e-02,4.043000000000000000e+03,4.609031738281250000e+03
5.000000074505805969e-02,-1.500000059604644775e-01,2.524232864379882812e-01,1.322931945323944092e-01,8.217251896858215332e-01,7.146705687046051025e-02,2.973000000000000000e+03,3.483532958984375000e+03
2.872454822063446045e-01,-5.000000074505805969e-02,5.751869678497314453e-01,-2.240633964538574219e-01,1.080954194068908691e+00,5.352882295846939087e-02,4.497000000000000000e+03,4.923712890625000000e+03
5.000000074505805969e-02,3.896152675151824951e-01,3.692766129970550537e-01,4.591118916869163513e-02,9.491655826568603516e-01,7.819690555334091187e-02,2.848000000000000000e+03,3.509972900390625000e+03
4.183419048786163330e-02,2.514390051364898682e-01,3.588286936283111572e-01,-8.043878711760044098e-03,1.155835866928100586e+00,5.674324184656143188e-02,4.386000000000000000e+03,4.922260742187500000e+03
5.481259822845458984e-01,-2.330135107040405273e-01,6.195324659347534180e-01,-2.248895764350891113e-01,7.165402173995971680e-01,7.949969172477722168e-02,2.630000000000000000e+03,2.656498535156250000e+03
3.221365213394165039e-01,3.896152675151824951e-01,1.477236300706863403e-01,-9.369129687547683716e-02,9.962747693061828613e-01,6.422533839941024780e-02,3.761000000000000000e+03,4.710928710937500000e+03
2.514390051364898682e-01,-6.000000238418579102e-01,2.202630937099456787e-01,-4.428103864192962646e-01,5.779383182525634766e-01,5.408622696995735168e-02,1.974000000000000000e+03,2.123312255859375000e+03
-1.000000014901161194e-01,-4.000000059604644775e-01,5.463973060250282288e-02,-3.566482663154602051e-01,6.043852567672729492e-01,1.035596579313278198e-01,2.297000000000000000e+03,2.456563232421875000e+03
-2.500000000000000000e-01,0.000000000000000000e+00,-6.425352096557617188e-01,2.290518768131732941e-02,1.046796679496765137e+00,5.699550732970237732e-02,4.184000000000000000e+03,4.756447265625000000e+03
3.562291860580444336e-01,5.784529447555541992e-01,1.055566966533660889e-01,6.390385031700134277e-01,9.439839720726013184e-01,5.840596556663513184e-02,3.862000000000000000e+03,4.145173339843750000e+03
-5.178191065788269043e-01,-1.297376602888107300e-01,-4.142439067363739014e-01,2.048114389181137085e-01,1.120745658874511719e+00,5.679272115230560303e-02,3.843000000000000000e+03,4.209170410156250000e+03
-4.000000059604644775e-01,3.562291860580444336e-01,-1.509499102830886841e-01,5.655194520950317383e-01,9.028822183609008789e-01,6.639204919338226318e-02,3.682000000000000000e+03,4.146471679687500000e+03
-1.184162404388189316e-02,-3.499999940395355225e-01,5.893437862396240234e-01,-5.550138950347900391e-01,1.261624097824096680e+00,5.893649905920028687e-02,4.875000000000000000e+03,6.047177246093750000e+03
3.687628731131553650e-02,4.217961132526397705e-01,-3.830966353416442871e-01,3.526279628276824951e-01,1.268261075019836426e+00,5.754075571894645691e-02,4.867000000000000000e+03,5.401747558593750000e+03
-6.000000238418579102e-01,3.896152675151824951e-01,-7.025141716003417969e-01,3.891121745109558105e-01,9.318395256996154785e-01,5.466103181242942810e-02,3.044000000000000000e+03,3.080592285156250000e+03
9.482004493474960327e-02,3.221365213394165039e-01,-1.923596672713756561e-02,8.133594691753387451e-02,7.657476067543029785e-01,7.450591027736663818e-02,2.817000000000000000e+03,3.149455078125000000e+03
-4.499999880790710449e-01,-5.000000074505805969e-02,-7.569179534912109375e-01,-2.521258890628814697e-01,1.078847765922546387e+00,7.813522219657897949e-02,3.681000000000000000e+03,4.096898437500000000e+03
-4.000000059604644775e-01,-1.151089668273925781e-01,1.362165510654449463e-01,-2.486043721437454224e-01,1.273142337799072266e+00,6.157599017024040222e-02,4.798000000000000000e+03,5.666226074218750000e+03
-4.192623794078826904e-01,-1.000000014901161194e-01,-1.759900897741317749e-02,1.568684168159961700e-02,1.220533013343811035e+00,6.280587613582611084e-02,4.348000000000000000e+03,4.845152343750000000e+03
3.896152675151824951e-01,-5.000000074505805969e-02,6.126742362976074219e-01,1.014596745371818542e-01,1.237864613533020020e+00,5.866666510701179504e-02,4.728000000000000000e+03,4.949644042968750000e+03
-1.166139394044876099e-01,-4.672468006610870361e-01,1.763103753328323364e-01,-9.248727560043334961e-01,1.110880851745605469e+00,6.253092736005783081e-02,4.213000000000000000e+03,5.174028808593750000e+03
2.145627290010452271e-01,1.366542428731918335e-01,2.626412212848663330e-01,4.677213355898857117e-02,1.008281230926513672e+00,6.923539936542510986e-02,3.388000000000000000e+03,3.422485839843750000e+03
2.514390051364898682e-01,-5.000000000000000000e-01,5.092584490776062012e-01,-3.809943497180938721e-01,1.076692461967468262e+00,6.030322238802909851e-02,4.193000000000000000e+03,4.480319824218750000e+03
-1.500000059604644775e-01,-3.659073412418365479e-01,-4.160519838333129883e-01,-5.190843939781188965e-01,1.111456990242004395e+00,6.208935007452964783e-02,4.408000000000000000e+03,4.738479003906250000e+03
2.872454822063446045e-01,3.896152675151824951e-01,-2.472815364599227905e-01,5.277848243713378906e-01,1.012120366096496582e+00,6.464681774377822876e-02,3.159000000000000000e+03,4.047337890625000000e+03
-2.141935080289840698e-01,-3.499999940395355225e-01,-1.206927467137575150e-02,-8.065447211265563965e-01,1.232462286949157715e+00,5.762247368693351746e-02,4.137000000000000000e+03,4.791045898437500000e+03
3.896152675151824951e-01,2.872454822063446045e-01,3.252901434898376465e-01,2.133102715015411377e-01,1.057098269462585449e+00,6.786350905895233154e-02,3.907000000000000000e+03,3.940567871093750000e+03
3.687628731131553650e-02,-3.499999940395355225e-01,-3.295215070247650146e-01,-2.518229186534881592e-01,1.105064749717712402e+00,8.106144517660140991e-02,3.169000000000000000e+03,3.532785400390625000e+03
3.896152675151824951e-01,-5.000000074505805969e-02,4.558458030223846436e-01,-1.108795031905174255e-01,1.228819370269775391e+00,6.098536774516105652e-02,4.893000000000000000e+03,4.919320800781250000e+03
5.481259822845458984e-01,8.118000626564025879e-02,6.196556091308593750e-01,9.561993181705474854e-02,1.201218008995056152e+00,5.635830760002136230e-02,3.761000000000000000e+03,3.774854980468750000e+03
-5.000000074505805969e-02,-4.000000059604644775e-01,3.577810153365135193e-02,-7.962518930435180664e-01,1.018757224082946777e+00,5.529958382248878479e-02,3.886000000000000000e+03,4.479822753906250000e+03
-4.000000059604644775e-01,-1.000000014901161194e-01,-7.724386453628540039e-02,1.461640894412994385e-01,1.233383059501647949e+00,5.873555690050125122e-02,4.951000000000000000e+03,5.473533691406250000e+03
-2.192623913288116455e-01,-2.000000029802322388e-01,6.072090193629264832e-02,-1.526117622852325439e-01,1.138005018234252930e+00,6.636346876621246338e-02,4.173000000000000000e+03,4.428772460937500000e+03
-4.000000059604644775e-01,2.514390051364898682e-01,-7.120324969291687012e-01,-3.381136804819107056e-02,1.113690257072448730e+00,5.621304735541343689e-02,4.304000000000000000e+03,4.904269042968750000e+03
-1.000000014901161194e-01,-2.500000000000000000e-01,-2.590388357639312744e-01,-3.893148899078369141e-01,1.028566837310791016e+00,6.129287555813789368e-02,3.741000000000000000e+03,3.897803222656250000e+03
-4.166139364242553711e-01,3.896152675151824951e-01,-4.293852150440216064e-01,5.344258546829223633e-01,9.013849496841430664e-01,6.715527176856994629e-02,2.674000000000000000e+03,2.742914306640625000e+03
3.520805835723876953e-01,-2.041443064808845520e-02,6.391862630844116211e-01,-4.621336460113525391e-01,1.197391629219055176e+00,6.347384303808212280e-02,4.613000000000000000e+03,5.469855957031250000e+03
4.545493423938751221e-01,-3.000000119209289551e-01,3.702412247657775879e-01,-1.945194005966186523e-01,9.316688179969787598e-01,6.764653325080871582e-02,3.144000000000000000e+03,3.209734375000000000e+03
-2.641935050487518311e-01,3.896152675151824951e-01,-3.498582541942596436e-01,4.978405833244323730e-01,6.575665473937988281e-01,9.179637581110000610e-02,2.058000000000000000e+03,2.147588134765625000e+03
6.672313809394836426e-01,1.209301128983497620e-01,6.046174168586730957e-01,2.214561700820922852e-01,8.918069601058959961e-01,8.048767596483230591e-02,2.501000000000000000e+03,2.544910400390625000e+03
-1.000000014901161194e-01,-3.000000119209289551e-01,-3.215534985065460205e-01,-6.960610747337341309e-01,1.247392416000366211e+00,5.477704107761383057e-02,4.835000000000000000e+03,5.456889160156250000e+03
3.896152675151824951e-01,1.366542428731918335e-01,4.648305773735046387e-01,1.082303002476692200e-01,8.417101502418518066e-01,5.487242713570594788e-02,2.337000000000000000e+03,2.358202392578125000e+03
2.872454822063446045e-01,1.764043420553207397e-01,2.493396997451782227e-01,5.390727519989013672e-01,1.160481214523315430e+00,5.848456546664237976e-02,4.678000000000000000e+03,5.129296386718750000e+03
-1.000000014901161194e-01,3.562291860580444336e-01,2.322999536991119385e-01,2.742794752120971680e-01,1.245458483695983887e+00,5.604456365108489990e-02,5.087000000000000000e+03,5.465013183593750000e+03
3.896152675151824951e-01,-4.499999880790710449e-01,2.850348651409149170e-01,-5.955623388290405273e-01,9.047870635986328125e-01,9.291008114814758301e-02,2.216000000000000000e+03,2.301962158203125000e+03
2.872454822063446045e-01,-2.000000029802322388e-01,7.197586447000503540e-02,2.999463304877281189e-02,1.045392990112304688e+00,6.509491801261901855e-02,3.251000000000000000e+03,3.539508300781250000e+03
-3.000000119209289551e-01,2.872454822063446045e-01,-7.839338183403015137e-01,4.638322070240974426e-02,1.045812249183654785e+00,5.818758159875869751e-02,3.858000000000000000e+03,4.836137695312500000e+03
1.967435926198959351e-01,5.481259822845458984e-01,1.162906363606452942e-01,5.515980720520019531e-01,8.737243413925170898e-01,6.880593299865722656e-02,3.093000000000000000e+03,3.119281738281250000e+03
5.784529447555541992e-01,-3.183409571647644043e-01,7.726210355758666992e-01,-2.713349759578704834e-01,7.436476945877075195e-01,7.878439873456954956e-02,2.937000000000000000e+03,3.145690673828125000e+03
-4.000000059604644775e-01,8.580648899078369141e-02,-6.723043918609619141e-01,4.409623742103576660e-01,1.216613173484802246e+00,5.422932282090187073e-02,4.579000000000000000e+03,5.179481933593750000e+03
2.514390051364898682e-01,-2.666139304637908936e-01,-2.028236091136932373e-01,-2.056806720793247223e-02,1.214299917221069336e+00,6.157378107309341431e-02,4.751000000000000000e+03,5.579168457031250000e+03
0.000000000000000000e+00,3.896152675151824951e-01,-1.032163202762603760e-01,7.669783830642700195e-01,1.013627409934997559e+00,6.242905184626579285e-02,3.871000000000000000e+03,4.429770019531250000e+03
-4.000000059604644775e-01,5.000000074505805969e-02,-2.900951504707336426e-01,-1.219211891293525696e-01,1.270193934440612793e+00,5.724411457777023315e-02,5.104000000000000000e+03,5.234665527343750000e+03
-1.500000059604644775e-01,-5.000000000000000000e-01,1.795624345541000366e-01,-4.091557264328002930e-01,1.024715065956115723e+00,8.403149247169494629e-02,3.796000000000000000e+03,4.208088378906250000e+03
-3.000000119209289551e-01,-3.499999940395355225e-01,-1.769162714481353760e-01,-5.032250285148620605e-01,1.217089533805847168e+00,4.721924662590026855e-02,4.516000000000000000e+03,4.633163085937500000e+03
2.145627290010452271e-01,1.764043420553207397e-01,1.992594897747039795e-01,2.481220513582229614e-01,1.086976408958435059e+00,6.089775264263153076e-02,3.349000000000000000e+03,3.364152832031250000e+03
-3.000000119209289551e-01,-4.000000059604644775e-01,-1.987044662237167358e-01,-1.389029175043106079e-01,1.121223449707031250e+00,6.422667205333709717e-02,4.197000000000000000e+03,4.455463867187500000e+03
-1.500000059604644775e-01,3.896152675151824951e-01,-2.244920581579208374e-01,-8.112452179193496704e-02,1.226669073104858398e+00,6.033492460846900940e-02,4.795000000000000000e+03,5.495102050781250000e+03
-2.166139483451843262e-01,-5.000000000000000000e-01,-2.294119894504547119e-01,-3.406750559806823730e-01,1.056216478347778320e+00,6.189868971705436707e-02,3.837000000000000000e+03,3.924427001953125000e+03
-5.000000074505805969e-02,5.173884034156799316e-01,-1.415091753005981445e-01,6.172373890876770020e-01,9.213577508926391602e-01,5.637827888131141663e-02,4.036000000000000000e+03,4.122869628906250000e+03
-5.816580727696418762e-02,-3.666139543056488037e-01,1.260366886854171753e-01,-7.165206074714660645e-01,1.266058683395385742e+00,5.748835951089859009e-02,4.803000000000000000e+03,5.260641601562500000e+03
-1.172467991709709167e-01,-4.672468006610870361e-01,1.224345713853836060e-01,-8.304343372583389282e-02,9.319027662277221680e-01,5.514043942093849182e-02,3.077000000000000000e+03,3.768445312500000000e+03
-3.000000119209289551e-01,-6.419350951910018921e-02,4.979659244418144226e-02,9.913651645183563232e-02,1.154249668121337891e+00,6.041428074240684509e-02,4.814000000000000000e+03,5.338702148437500000e+03
1.345701515674591064e-01,-4.696730375289916992e-01,-2.690344154834747314e-01,-2.715287804603576660e-01,1.209301114082336426e+00,6.233705580234527588e-02,4.233000000000000000e+03,4.801116210937500000e+03
-3.151089549064636230e-01,-2.500000000000000000e-01,-1.021188721060752869e-01,-3.822391629219055176e-01,1.215580821037292480e+00,5.807340890169143677e-02,4.438000000000000000e+03,4.625032714843750000e+03
-1.651089638471603394e-01,-2.000000029802322388e-01,-7.012922316789627075e-02,-7.244817614555358887e-01,1.235501646995544434e+00,6.536650657653808594e-02,4.765000000000000000e+03,5.617642578125000000e+03
-3.188199996948242188e-01,6.083970069885253906e-01,-2.553621232509613037e-01,4.755739867687225342e-01,6.843438744544982910e-01,6.669893860816955566e-02,2.049000000000000000e+03,2.142569580078125000e+03
6.083970069885253906e-01,3.896152675151824951e-01,2.580249607563018799e-01,2.882231473922729492e-01,9.344071745872497559e-01,6.113868579268455505e-02,3.598000000000000000e+03,4.127344726562500000e+03
-5.000000074505805969e-02,2.145627290010452271e-01,-1.966438442468643188e-01,6.907694339752197266e-01,1.122856378555297852e+00,5.387186259031295776e-02,3.926000000000000000e+03,4.668981445312500000e+03
-1.312371436506509781e-02,-3.499999940395355225e-01,3.842204213142395020e-01,-7.819130420684814453e-01,1.028071761131286621e+00,6.330779194831848145e-02,3.722000000000000000e+03,4.863034667968750000e+03
-4.000000059604644775e-01,1.207469105720520020e-01,-1.142136901617050171e-01,2.642917335033416748e-01,1.104152202606201172e+00,6.384745985269546509e-02,4.567000000000000000e+03,4.942332031250000000e+03
-5.000000074505805969e-02,-1.500000059604644775e-01,-2.182724326848983765e-01,-7.163440436124801636e-02,8.304690122604370117e-01,7.971939444541931152e-02,3.069000000000000000e+03,3.220500732421875000e+03
2.014390081167221069e-01,4.545493423938751221e-01,5.160977244377136230e-01,-7.356981933116912842e-02,1.073193073272705078e+00,6.219703704118728638e-02,3.625000000000000000e+03,4.745178222656250000e+03
9.482004493474960327e-02,0.000000000000000000e+00,2.141874432563781738e-01,-3.437788188457489014e-01,1.091112613677978516e+00,5.815218761563301086e-02,4.059000000000000000e+03,4.499639160156250000e+03
2.872454822063446045e-01,-2.500000000000000000e-01,-2.565168142318725586e-01,1.433124989271163940e-01,1.263510704040527344e+00,5.678692832589149475e-02,4.966000000000000000e+03,6.289098144531250000e+03
1.366542428731918335e-01,-3.000000119209289551e-01,3.153085708618164062e-01,-3.397439718246459961e-01,1.244151830673217773e+00,6.666139513254165649e-02,4.504000000000000000e+03,4.600942871093750000e+03
-5.000000000000000000e-01,-1.834094338119029999e-02,-4.469777643680572510e-01,-6.782755255699157715e-02,1.021443963050842285e+00,6.583231687545776367e-02,3.648000000000000000e+03,3.666290771484375000e+03
-6.499999761581420898e-01,4.217961132526397705e-01,-6.959093213081359863e-01,6.444159746170043945e-01,5.157627463340759277e-01,9.474381804466247559e-02,1.713000000000000000e+03,2.032376220703125000e+03
-5.000000074505805969e-02,4.223684668540954590e-01,-4.384805858135223389e-01,2.966531515121459961e-01,1.237843513488769531e+00,6.617187708616256714e-02,4.935000000000000000e+03,5.457952636718750000e+03
-6.999999880790710449e-01,-3.188199996948242188e-01,-6.827699542045593262e-01,-2.844765484333038330e-01,4.769128262996673584e-01,8.252838999032974243e-02,1.386000000000000000e+03,1.394971069335937500e+03
-1.651089638471603394e-01,-3.499999940395355225e-01,-4.280385971069335938e-01,-2.683085501194000244e-01,9.068602323532104492e-01,6.544464826583862305e-02,3.294000000000000000e+03,3.591291015625000000e+03
-4.000000059604644775e-01,-1.000000014901161194e-01,-2.981877326965332031e-01,-1.588304638862609863e-01,1.130382537841796875e+00,7.040487974882125854e-02,4.013000000000000000e+03,4.056382812500000000e+03
-3.000000119209289551e-01,-2.641935050487518311e-01,-1.258815824985504150e-01,6.364302337169647217e-02,1.213811397552490234e+00,5.649933591485023499e-02,5.382000000000000000e+03,5.873889648437500000e+03
4.223684668540954590e-01,-2.000000029802322388e-01,-5.108746886253356934e-02,1.054038330912590027e-01,1.123166918754577637e+00,6.438986957073211670e-02,3.949000000000000000e+03,4.894948730468750000e+03
-2.000000029802322388e-01,-2.141935080289840698e-01,-8.673893660306930542e-02,2.186392992734909058e-01,1.189595699310302734e+00,5.689465627074241638e-02,4.997000000000000000e+03,5.683311035156250000e+03
-1.510896813124418259e-02,-4.000000059604644775e-01,-1.855678409337997437e-01,-3.471966385841369629e-01,1.131554126739501953e+00,5.987138673663139343e-02,4.201000000000000000e+03,4.304988769531250000e+03
9.482004493474960327e-02,2.872454822063446045e-01,5.767630413174629211e-02,3.975087106227874756e-01,7.985591888427734375e-01,6.567094475030899048e-02,2.024000000000000000e+03,2.066627197265625000e+03
6.961627006530761719e-01,4.931625127792358398e-01,9.458200335502624512e-01,6.592002511024475098e-01,6.698618531227111816e-01,1.575680524110794067e-01,8.210000000000000000e+02,9.787070922851562500e+02
8.580648899078369141e-02,-3.659073412418365479e-01,-1.186215803027153015e-01,-2.979376614093780518e-01,1.273544311523437500e+00,5.582398548722267151e-02,4.708000000000000000e+03,4.841807128906250000e+03
-3.000000119209289551e-01,2.872454822063446045e-01,-1.874287277460098267e-01,-6.573774665594100952e-02,9.492464661598205566e-01,8.431193232536315918e-02,2.541000000000000000e+03,2.914836914062500000e+03
2.872454822063446045e-01,-1.000000014901161194e-01,7.332614660263061523e-01,-1.929753422737121582e-01,1.259610772132873535e+00,6.259745359420776367e-02,5.428000000000000000e+03,6.118073242187500000e+03
2.122108340263366699e-01,-1.000000014901161194e-01,7.096480578184127808e-02,-1.676471717655658722e-02,1.075439333915710449e+00,6.200146302580833435e-02,4.930000000000000000e+03,5.043916992187500000e+03
3.221365213394165039e-01,-2.000000029802322388e-01,-2.074098736047744751e-01,-4.846089482307434082e-01,1.274412751197814941e+00,6.592921912670135498e-02,5.742000000000000000e+03,6.961893554687500000e+03
2.872454822063446045e-01,-5.000000074505805969e-02,2.822716236114501953e-01,-4.070408940315246582e-01,1.199038386344909668e+00,5.072858184576034546e-02,4.291000000000000000e+03,4.663825683593750000e+03
3.221365213394165039e-01,9.482004493474960327e-02,2.551839351654052734e-01,4.040353000164031982e-02,1.037820816040039062e+00,5.756911262869834900e-02,4.077000000000000000e+03,4.105084472656250000e+03
-1.631237119436264038e-01,3.221365213394165039e-01,-1.179099828004837036e-01,6.681454926729202271e-02,9.711253046989440918e-01,5.712057277560234070e-02,4.055000000000000000e+03,4.339250976562500000e+03
-2.500000000000000000e-01,3.896152675151824951e-01,1.358661055564880371e-01,2.871915400028228760e-01,1.180877804756164551e+00,5.433317273855209351e-02,4.413000000000000000e+03,4.903716308593750000e+03
9.482004493474960327e-02,2.872454822063446045e-01,-1.675905734300613403e-01,1.967947483062744141e-01,1.033952355384826660e+00,7.706376910209655762e-02,3.800000000000000000e+03,4.068796142578125000e+03
-4.499999880790710449e-01,-2.500000000000000000e-01,-4.948406517505645752e-01,4.508275166153907776e-02,1.091277956962585449e+00,6.082989275455474854e-02,4.287000000000000000e+03,4.602741210937500000e+03
-3.000000119209289551e-01,8.687628805637359619e-02,-1.835754513740539551e-01,9.378309547901153564e-02,1.235799670219421387e+00,6.349050998687744141e-02,4.846000000000000000e+03,4.889025390625000000e+03
0.000000000000000000e+00,-5.000000074505805969e-02,-2.894434332847595215e-01,-9.182243794202804565e-02,8.857700228691101074e-01,5.405865982174873352e-02,4.055000000000000000e+03,4.486437500000000000e+03
5.000000074505805969e-02,2.872454822063446045e-01,-2.095206454396247864e-02,2.430190294981002808e-01,1.037376761436462402e+00,6.016219779849052429e-02,3.363000000000000000e+03,3.384767578125000000e+03
-5.000000074505805969e-02,4.223684668540954590e-01,-3.504919353872537613e-03,1.558338105678558350e-01,1.242874503135681152e+00,5.330574512481689453e-02,4.409000000000000000e+03,4.615689941406250000e+03
2.145627290010452271e-01,-5.000000074505805969e-02,1.692151129245758057e-01,8.222007006406784058e-02,5.266844034194946289e-01,8.341788500547409058e-02,2.045000000000000000e+03,2.186413574218750000e+03
1.764043420553207397e-01,9.482004493474960327e-02,1.297705024480819702e-01,2.451333403587341309e-02,8.729692101478576660e-01,6.148949638009071350e-02,3.367000000000000000e+03,3.398540771484375000e+03
-2.151089608669281006e-01,-3.499999940395355225e-01,-8.221670985221862793e-02,-2.510939240455627441e-01,9.675161838531494141e-01,6.250219792127609253e-02,3.405000000000000000e+03,3.504265380859375000e+03
-6.000000238418579102e-01,1.264043450355529785e-01,-6.641333699226379395e-01,-9.956783801317214966e-02,6.752880811691284180e-01,1.031579300761222839e-01,2.143000000000000000e+03,2.394915283203125000e+03
1.366542428731918335e-01,-3.178191184997558594e-01,3.239363431930541992e-01,2.042264044284820557e-01,1.242693662643432617e+00,5.925338715314865112e-02,4.799000000000000000e+03,5.713995117187500000e+03
-1.500000059604644775e-01,2.145627290010452271e-01,-2.280548661947250366e-01,6.202151626348495483e-02,4.536877274513244629e-01,7.977054268121719360e-02,1.408000000000000000e+03,1.602870971679687500e+03
-2.641935050487518311e-01,-1.710686385631561279e-01,-5.800566077232360840e-01,-2.640795111656188965e-01,1.248746156692504883e+00,5.879883468151092529e-02,4.656000000000000000e+03,4.975046386718750000e+03
-5.000000000000000000e-01,1.306265294551849365e-01,-2.359580099582672119e-01,-1.811053752899169922e-01,9.704467654228210449e-01,8.258100599050521851e-02,2.449000000000000000e+03,2.866409912109375000e+03
-3.151089549064636230e-01,-3.000000119209289551e-01,-1.324996799230575562e-01,-2.444099783897399902e-01,9.828244447708129883e-01,6.022557243704795837e-02,3.413000000000000000e+03,3.540250976562500000e+03
-2.500000000000000000e-01,-5.500000119209289551e-01,-1.684280484914779663e-01,-5.352104902267456055e-01,7.708957791328430176e-01,6.526292115449905396e-02,2.227000000000000000e+03,2.252773193359375000e+03
-4.000000059604644775e-01,5.000000074505805969e-02,-3.258194625377655029e-01,1.463789120316505432e-02,1.143926501274108887e+00,6.540925800800323486e-02,4.730000000000000000e+03,4.754399902343750000e+03
2.872454822063446045e-01,8.169633150100708008e-02,-1.029321700334548950e-01,1.144580096006393433e-01,1.165865063667297363e+00,6.645549833774566650e-02,4.274000000000000000e+03,4.743593261718750000e+03
2.514390051364898682e-01,6.961627006530761719e-01,4.102794826030731201e-01,4.502912461757659912e-01,8.102728724479675293e-01,9.292362630367279053e-02,2.187000000000000000e+03,2.463958740234375000e+03
4.223684668540954590e-01,2.145627290010452271e-01,-1.134135425090789795e-01,5.196231603622436523e-01,1.194761872291564941e+00,5.664981156587600708e-02,4.670000000000000000e+03,5.849518066406250000e+03
-4.000000059604644775e-01,4.223684668540954590e-01,-3.259634077548980713e-01,8.488469719886779785e-01,1.071731209754943848e+00,6.526039540767669678e-02,4.274000000000000000e+03,4.947160644531250000e+03
0.000000000000000000e+00,0.000000000000000000e+00,-7.776863873004913330e-02,3.882472217082977295e-02,8.463264107704162598e-01,6.588536500930786133e-02,2.475000000000000000e+03,2.500968261718750000e+03
1.329784244298934937e-01,-5.000000074505805969e-02,-6.653018761426210403e-03,4.652616679668426514e-01,1.039627552032470703e+00,7.357464730739593506e-02,3.670000000000000000e+03,4.586451171875000000e+03
-2.188199907541275024e-01,3.874092102050781250e-01,-1.016113460063934326e-01,2.738681435585021973e-02,1.163461923599243164e+00,5.620668083429336548e-02,5.085000000000000000e+03,5.610917968750000000e+03
3.221365213394165039e-01,-2.704144418239593506e-01,1.537598818540573120e-01,-1.455636024475097656e-01,1.216946721076965332e+00,6.301929801702499390e-02,4.545000000000000000e+03,4.679180175781250000e+03
-2.500000000000000000e-01,-5.500000119209289551e-01,-4.719765484333038330e-01,-2.800891995429992676e-01,8.903074264526367188e-01,7.995085418224334717e-02,3.303000000000000000e+03,3.794515136718750000e+03
4.545493423938751221e-01,2.872454822063446045e-01,4.544379711151123047e-01,2.716572284698486328e-01,6.863347291946411133e-01,8.078553527593612671e-02,2.483000000000000000e+03,2.484258300781250000e+03
-1.000000014901161194e-01,-1.500000059604644775e-01,-2.094565182924270630e-01,-4.647135138511657715e-01,8.402331471443176270e-01,8.066078275442123413e-02,2.955000000000000000e+03,3.404849365234375000e+03
1.235305294394493103e-01,3.562291860580444336e-01,9.548881649971008301e-02,4.593198895454406738e-01,1.221642971038818359e+00,6.107619777321815491e-02,4.072000000000000000e+03,4.103235839843750000e+03
0.000000000000000000e+00,-4.000000059604644775e-01,5.508716404438018799e-02,-2.992895543575286865e-01,1.081923365592956543e+00,5.665136501193046570e-02,4.044000000000000000e+03,4.089466064453125000e+03
4.545493423938751221e-01,2.104970067739486694e-01,2.902632951736450195e-01,1.306354720145463943e-02,1.102227091789245605e+00,5.545741692185401917e-02,4.261000000000000000e+03,4.489012695312500000e+03
-6.510896980762481689e-02,-4.000000059604644775e-01,-4.793046712875366211e-01,8.718057721853256226e-02,1.275767207145690918e+00,5.098465085029602051e-02,4.337000000000000000e+03,5.371981445312500000e+03
-4.499999880790710449e-01,2.872454822063446045e-01,-3.683726191520690918e-01,6.729577183723449707e-01,8.429421186447143555e-01,8.147910982370376587e-02,2.643000000000000000e+03,3.196182373046875000e+03
2.145627290010452271e-01,5.784529447555541992e-01,2.404086850583553314e-02,5.733067989349365234e-01,9.895439147949218750e-01,6.117090582847595215e-02,3.900000000000000000e+03,4.043754150390625000e+03
-2.131237089633941650e-01,-3.000000119209289551e-01,-1.502939909696578979e-01,-3.877750039100646973e-01,1.120480537414550781e+00,6.453084945678710938e-02,4.221000000000000000e+03,4.260123046875000000e+03
9.482004493474960327e-02,-2.500000000000000000e-01,-2.212303578853607178e-01,-5.532280206680297852e-01,9.539961218833923340e-01,6.351277232170104980e-02,3.798000000000000000e+03,4.563808593750000000e+03
1.764043420553207397e-01,2.872454822063446045e-01,9.882959723472595215e-02,2.347284555435180664e-01,1.037542104721069336e+00,6.273178756237030029e-02,3.749000000000000000e+03,3.779458740234375000e+03
3.562291860580444336e-01,-3.151089549064636230e-01,6.217615604400634766e-01,-6.099556684494018555e-01,8.111572861671447754e-01,8.890888094902038574e-02,2.597000000000000000e+03,3.189402343750000000e+03
-4.499999880790710449e-01,-1.641935110092163086e-01,-3.562584221363067627e-01,-2.449636161327362061e-01,8.065481185913085938e-01,7.278311252593994141e-02,2.661000000000000000e+03,2.723350341796875000e+03
3.221365213394165039e-01,-2.000000029802322388e-01,5.140708088874816895e-01,-1.617421805858612061e-01,6.585209369659423828e-01,6.986805051565170288e-02,2.206000000000000000e+03,2.396856933593750000e+03
3.562291860580444336e-01,9.183419495820999146e-02,3.498001992702484131e-01,-4.378799498081207275e-01,1.275797486305236816e+00,5.625569447875022888e-02,4.925000000000000000e+03,5.742665039062500000e+03
-2.000000029802322388e-01,-6.967304646968841553e-02,-2.071415036916732788e-01,2.936716973781585693e-01,1.242773890495300293e+00,6.133461743593215942e-02,4.287000000000000000e+03,4.646978515625000000e+03
4.223684668540954590e-01,-1.500000059604644775e-01,2.912371158599853516e-01,-2.745905220508575439e-01,1.110900044441223145e+00,5.851867794990539551e-02,4.147000000000000000e+03,4.256024902343750000e+03
-3.499999940395355225e-01,2.514390051364898682e-01,-4.695025682449340820e-01,1.398846358060836792e-01,8.903979063034057617e-01,6.311829388141632080e-02,3.729000000000000000e+03,3.853437988281250000e+03
9.482004493474960327e-02,4.545493423938751221e-01,1.086286827921867371e-01,5.785523653030395508e-01,5.935882925987243652e-01,9.555367380380630493e-02,2.005000000000000000e+03,2.092750244140625000e+03
1.366542428731918335e-01,5.000000074505805969e-02,1.589870154857635498e-01,1.716830432415008545e-01,5.964961647987365723e-01,7.164794951677322388e-02,2.228000000000000000e+03,2.322919677734375000e+03
2.453003376722335815e-01,-1.000000014901161194e-01,2.960753440856933594e-02,2.992879133671522141e-03,1.210109114646911621e+00,7.087856531143188477e-02,4.043000000000000000e+03,4.198954589843750000e+03
2.145627290010452271e-01,-2.000000029802322388e-01,2.567464113235473633e-01,-2.558066546916961670e-01,1.250977158546447754e+00,6.100221350789070129e-02,4.660000000000000000e+03,4.674431640625000000e+03
-2.641935050487518311e-01,-3.151089549064636230e-01,-9.413334727287292480e-02,-2.423240244388580322e-01,8.028047084808349609e-01,7.721219956874847412e-02,3.104000000000000000e+03,3.266820068359375000e+03
-2.500000000000000000e-01,-1.024989411234855652e-02,-5.079355835914611816e-01,1.346931457519531250e-01,1.237316727638244629e+00,6.174866110086441040e-02,4.538000000000000000e+03,4.794337890625000000e+03
-1.000000014901161194e-01,3.896152675151824951e-01,-6.266177445650100708e-02,2.041661739349365234e-01,1.060443282127380371e+00,7.940261811017990112e-02,3.727000000000000000e+03,3.844791503906250000e+03
8.687628805637359619e-02,5.000000074505805969e-02,3.356702327728271484e-01,-2.085962891578674316e-02,1.168945193290710449e+00,6.873396039009094238e-02,4.199000000000000000e+03,4.402067382812500000e+03
-4.000000059604644775e-01,3.580648824572563171e-02,8.088613301515579224e-02,-3.911182284355163574e-01,1.199675083160400391e+00,5.582745000720024109e-02,4.428000000000000000e+03,5.630636230468750000e+03
3.975010663270950317e-02,-5.500000119209289551e-01,-7.464929670095443726e-02,-5.844497084617614746e-01,1.030498862266540527e+00,5.526931583881378174e-02,3.596000000000000000e+03,3.644257568359375000e+03
0.000000000000000000e+00,-2.159073352813720703e-01,2.183915227651596069e-01,-3.178418874740600586e-01,1.059872865676879883e+00,6.240355595946311951e-02,4.397000000000000000e+03,4.621919921875000000e+03
-4.000000059604644775e-01,-2.500000000000000000e-01,-5.179203748703002930e-01,-2.544788718223571777e-01,4.550907909870147705e-01,8.434118330478668213e-02,1.543000000000000000e+03,1.644920288085937500e+03
2.872454822063446045e-01,-2.500000000000000000e-01,3.438163995742797852e-01,-6.203166842460632324e-01,1.074703812599182129e+00,6.603761017322540283e-02,3.971000000000000000e+03,4.439646972656250000e+03
5.000000074505805969e-02,-5.000000074505805969e-02,-4.844941943883895874e-02,-2.059739977121353149e-01,6.526411175727844238e-01,1.309342682361602783e-01,1.396000000000000000e+03,1.505374511718750000e+03
3.896152675151824951e-01,5.000000074505805969e-02,3.195473849773406982e-01,-3.107366850599646568e-03,4.209956228733062744e-01,8.371832221746444702e-02,1.492000000000000000e+03,1.556254272460937500e+03
0.000000000000000000e+00,-5.000000000000000000e-01,1.294560730457305908e-01,-2.389904297888278961e-02,1.054447889328002930e+00,5.489554628729820251e-02,3.634000000000000000e+03,4.394599609375000000e+03
-2.000000029802322388e-01,-3.151089549064636230e-01,-3.403910398483276367e-01,-2.208351492881774902e-01,5.616353154182434082e-01,6.255033612251281738e-02,1.917000000000000000e+03,2.087123046875000000e+03
3.815837576985359192e-02,-2.000000029802322388e-01,5.065453648567199707e-01,-1.861776560544967651e-01,1.239860534667968750e+00,5.492478236556053162e-02,4.762000000000000000e+03,5.421073242187500000e+03
-2.500000000000000000e-01,4.223684668540954590e-01,-4.562532529234886169e-03,4.044594168663024902e-01,1.127449631690979004e+00,6.116470694541931152e-02,4.151000000000000000e+03,4.346611816406250000e+03
-4.499999880790710449e-01,1.748126149177551270e-01,-1.020091891288757324e+00,1.353855431079864502e-01,1.012630462646484375e+00,6.688335537910461426e-02,4.546000000000000000e+03,5.906923339843750000e+03
-5.000000074505805969e-02,-1.000000014901161194e-01,-3.326131999492645264e-01,3.639239817857742310e-02,1.147811770439147949e+00,7.309901714324951172e-02,4.405000000000000000e+03,4.727987792968750000e+03
0.000000000000000000e+00,5.000000074505805969e-02,6.140315905213356018e-02,5.090230107307434082e-01,1.036685705184936523e+00,6.446821242570877075e-02,3.873000000000000000e+03,4.614200195312500000e+03
-5.683409571647644043e-01,-5.816580727696418762e-02,-4.983166754245758057e-01,9.407518804073333740e-02,1.091760635375976562e+00,6.416118890047073364e-02,3.588000000000000000e+03,3.672070800781250000e+03
3.896152675151824951e-01,-1.651089638471603394e-01,8.752118796110153198e-02,-4.136435985565185547e-01,1.108954310417175293e+00,5.846531316637992859e-02,4.217000000000000000e+03,4.726567871093750000e+03
1.764043420553207397e-01,-3.499999940395355225e-01,2.922964692115783691e-01,-3.015428781509399414e-01,9.111782312393188477e-01,5.958441644906997681e-02,2.798000000000000000e+03,2.851090576171875000e+03
-3.000000119209289551e-01,2.514390051364898682e-01,-2.273992747068405151e-01,6.267166733741760254e-01,1.251494884490966797e+00,5.440859496593475342e-02,4.694000000000000000e+03,5.123009765625000000e+03
4.223684668540954590e-01,9.482004493474960327e-02,3.822551295161247253e-02,-5.288299918174743652e-02,1.184599518775939941e+00,6.851577758789062500e-02,4.232000000000000000e+03,4.729482910156250000e+03
-1.000000014901161194e-01,-3.499999940395355225e-01,-7.509005814790725708e-02,-3.693147301673889160e-01,8.768741488456726074e-01,6.732121855020523071e-02,3.326000000000000000e+03,3.330320312500000000e+03
2.145627290010452271e-01,2.145627290010452271e-01,1.967884600162506104e-01,6.442548036575317383e-01,1.225179314613342285e+00,5.617165192961692810e-02,4.558000000000000000e+03,5.104462890625000000e+03
6.961627006530761719e-01,1.214197576045989990e-01,6.113057136535644531e-01,1.516796350479125977e-01,7.259817123413085938e-01,7.001217454671859741e-02,2.316000000000000000e+03,2.351398925781250000e+03
4.862083792686462402e-01,-1.000000014901161194e-01,6.920695900917053223e-01,-1.744413375854492188e-01,1.121830224990844727e+00,6.254719197750091553e-02,4.410000000000000000e+03,4.576306640625000000e+03
-5.000000074505805969e-02,-4.000000059604644775e-01,1.635962575674057007e-01,-9.335828572511672974e-02,9.692635536193847656e-01,7.513902336359024048e-02,2.965000000000000000e+03,3.391361816406250000e+03
-4.499999880790710449e-01,-6.419350951910018921e-02,-4.926221072673797607e-01,-1.216118335723876953e-01,9.797898530960083008e-01,6.701903045177459717e-02,3.898000000000000000e+03,3.918679443359375000e+03
-3.499999940395355225e-01,-3.207512199878692627e-01,-2.958663702011108398e-01,-8.969490975141525269e-02,8.658248186111450195e-01,6.175487488508224487e-02,3.610000000000000000e+03,3.875879638671875000e+03
-2.500000000000000000e-01,9.482004493474960327e-02,-1.585997194051742554e-01,4.170329123735427856e-02,1.249890565872192383e+00,6.341338902711868286e-02,4.973000000000000000e+03,5.008529296875000000e+03
-3.499999940395355225e-01,-2.192623913288116455e-01,-1.370195951312780380e-02,-2.865169048309326172e-01,1.183486938476562500e+00,6.057680025696754456e-02,4.842000000000000000e+03,5.239932617187500000e+03
9.482004493474960327e-02,4.223684668540954590e-01,2.806152105331420898e-01,2.729791402816772461e-01,1.191595077514648438e+00,6.049643456935882568e-02,4.865000000000000000e+03,5.057989746093750000e+03
-3.000000119209289551e-01,-2.000000029802322388e-01,4.310155287384986877e-02,1.723880320787429810e-02,1.239140510559082031e+00,6.719376146793365479e-02,4.388000000000000000e+03,4.847383300781250000e+03
-1.651089638471603394e-01,-4.499999880790710449e-01,8.399241417646408081e-02,-6.306081414222717285e-01,1.044080615043640137e+00,7.837031036615371704e-02,3.241000000000000000e+03,3.516662841796875000e+03
-2.500000000000000000e-01,1.366542428731918335e-01,-1.782479286193847656e-01,3.728720173239707947e-02,1.135567545890808105e+00,6.717874109745025635e-02,3.956000000000000000e+03,4.001782958984375000e+03
2.872454822063446045e-01,2.872454822063446045e-01,6.068081855773925781e-01,-2.684583365917205811e-01,1.221384882926940918e+00,6.748080253601074219e-02,4.681000000000000000e+03,5.904528320312500000e+03
-5.178191065788269043e-01,-2.000000029802322388e-01,-2.082736641168594360e-01,-5.101463198661804199e-02,9.680446982383728027e-01,7.487130165100097656e-02,3.204000000000000000e+03,3.595741699218750000e+03
2.145627290010452271e-01,-5.000000074505805969e-02,4.136928319931030273e-01,8.034887909889221191e-02,1.089958906173706055e+00,6.373968720436096191e-02,4.405000000000000000e+03,4.612581542968750000e+03
3.896152675151824951e-01,2.097904086112976074e-01,4.790973365306854248e-01,3.340711295604705811e-01,8.017370700836181641e-01,8.993594348430633545e-02,2.249000000000000000e+03,2.330479736328125000e+03
-1.500000059604644775e-01,-2.000000029802322388e-01,-1.410660594701766968e-01,-6.749521195888519287e-02,1.219077825546264648e+00,6.559134274721145630e-02,4.993000000000000000e+03,5.051896972656250000e+03
-2.320126444101333618e-01,3.896152675151824951e-01,-7.736650109291076660e-02,1.738059520721435547e-01,1.197589278221130371e+00,5.977521464228630066e-02,4.448000000000000000e+03,4.664220214843750000e+03
-3.688199818134307861e-01,9.482004493474960327e-02,2.300362847745418549e-02,2.604402899742126465e-01,1.261898398399353027e+00,6.350621581077575684e-02,4.760000000000000000e+03,5.287191894531250000e+03
-2.000000029802322388e-01,1.366542428731918335e-01,-4.707107692956924438e-02,3.502023816108703613e-01,8.238939642906188965e-01,6.991150975227355957e-02,3.268000000000000000e+03,3.592483398437500000e+03
3.221365213394165039e-01,2.132806330919265747e-01,-3.269692882895469666e-02,3.219187557697296143e-01,9.252005219459533691e-01,7.922132313251495361e-02,3.225000000000000000e+03,3.725327148437500000e+03
-3.000000119209289551e-01,-2.000000029802322388e-01,-4.451221525669097900e-01,2.704239487648010254e-01,1.243288159370422363e+00,5.325224623084068298e-02,4.912000000000000000e+03,5.656942871093750000e+03
-1.000000014901161194e-01,1.366542428731918335e-01,-1.221605092287063599e-01,3.996438533067703247e-02,4.492705762386322021e-01,9.588625282049179077e-02,1.025000000000000000e+03,1.074314697265625000e+03
-3.000000119209289551e-01,-1.000000014901161194e-01,1.146072596311569214e-01,-5.045489072799682617e-01,1.251008629798889160e+00,6.076491996645927429e-02,4.862000000000000000e+03,5.860806640625000000e+03
1.764043420553207397e-01,2.514390051364898682e-01,5.319467782974243164e-01,-1.273765265941619873e-01,1.162458539009094238e+00,5.865010991692543030e-02,4.455000000000000000e+03,5.307581054687500000e+03
-8.201263844966888428e-02,-5.683409571647644043e-01,-1.106601953506469727e-01,-3.905959129333496094e-01,8.036606311798095703e-01,6.745776534080505371e-02,2.544000000000000000e+03,2.670227783203125000e+03
-8.165807463228702545e-03,-2.641935050487518311e-01,3.545507416129112244e-02,-6.386377811431884766e-01,1.087828278541564941e+00,6.133037060499191284e-02,3.995000000000000000e+03,4.462772460937500000e+03
-3.000000119209289551e-01,-3.499999940395355225e-01,-4.579360187053680420e-01,-7.586513757705688477e-01,9.917622208595275879e-01,5.504146590828895569e-02,4.080000000000000000e+03,4.843530273437500000e+03
0.000000000000000000e+00,-1.000000014901161194e-01,-1.162469759583473206e-01,-4.329259395599365234e-01,1.112685441970825195e+00,5.223629623651504517e-02,5.137000000000000000e+03,5.640813964843750000e+03
1.715452671051025391e-01,-4.000000059604644775e-01,-6.959214806556701660e-02,-7.687549293041229248e-02,1.246091246604919434e+00,5.500097572803497314e-02,4.667000000000000000e+03,5.143834960937500000e+03
2.514390051364898682e-01,-4.000000059604644775e-01,2.952213585376739502e-01,-9.843167662620544434e-02,1.173134446144104004e+00,6.840969622135162354e-02,4.171000000000000000e+03,4.447782714843750000e+03
-3.499999940395355225e-01,-2.000000029802322388e-01,-3.100164532661437988e-01,-1.872307807207107544e-01,1.156211972236633301e+00,6.079765781760215759e-02,4.035000000000000000e+03,4.040388183593750000e+03
6.672313809394836426e-01,-1.967304572463035583e-02,4.740280210971832275e-01,3.552260249853134155e-02,7.937048673629760742e-01,8.716204017400741577e-02,1.873000000000000000e+03,1.991092651367187500e+03
-3.151089549064636230e-01,-5.000000074505805969e-02,-1.040299013257026672e-01,1.609459519386291504e-01,1.164584040641784668e+00,5.900052934885025024e-02,4.673000000000000000e+03,4.974595703125000000e+03
9.482004493474960327e-02,4.545493423938751221e-01,6.741537153720855713e-02,-4.927999339997768402e-03,1.154165148735046387e+00,6.360543519258499146e-02,4.378000000000000000e+03,5.049542480468750000e+03
9.482004493474960327e-02,-3.499999940395355225e-01,-2.060379534959793091e-01,-3.003743886947631836e-01,1.245221495628356934e+00,5.783439800143241882e-02,5.102000000000000000e+03,5.403013671875000000e+03
3.548897206783294678e-01,9.482004493474960327e-02,2.799302041530609131e-01,2.105328738689422607e-01,3.999358713626861572e-01,1.090359911322593689e-01,1.214000000000000000e+03,1.354470092773437500e+03
5.000000074505805969e-02,-3.000000119209289551e-01,3.250946402549743652e-01,-3.198423087596893311e-01,1.268605828285217285e+00,6.323178112506866455e-02,4.938000000000000000e+03,5.168283203125000000e+03
-9.499999880790710449e-01,1.354217976331710815e-01,-9.896955490112304688e-01,8.231008425354957581e-03,4.991077184677124023e-01,6.689564138650894165e-02,1.810000000000000000e+03,1.936879028320312500e+03
-4.000000059604644775e-01,4.482004791498184204e-02,7.820837944746017456e-02,-6.854574382305145264e-02,1.165833950042724609e+00,6.139519065618515015e-02,4.522000000000000000e+03,5.295628417968750000e+03
3.221365213394165039e-01,-4.499999880790710449e-01,3.000462055206298828e-01,-4.696078300476074219e-01,7.332429885864257812e-01,6.244037300348281860e-02,2.246000000000000000e+03,2.249603759765625000e+03
-4.000000059604644775e-01,3.562291860580444336e-01,-7.508805990219116211e-01,5.248528122901916504e-01,7.394861578941345215e-01,9.095718711614608765e-02,2.387000000000000000e+03,3.013307128906250000e+03
-3.499999940395355225e-01,-5.000000074505805969e-02,-4.356846809387207031e-01,-2.286399900913238525e-01,9.818300008773803711e-01,6.148451939225196838e-02,3.782000000000000000e+03,3.934546386718750000e+03
0.000000000000000000e+00,-2.151089608669281006e-01,-1.474742963910102844e-02,-2.433435767889022827e-01,9.463548064231872559e-01,1.899006217718124390e-01,1.843000000000000000e+03,1.845072387695312500e+03
-2.000000029802322388e-01,-6.000000238418579102e-01,-1.983290165662765503e-01,-7.292810082435607910e-01,7.402894496917724609e-01,7.574669271707534790e-02,2.329000000000000000e+03,2.399499755859375000e+03
7.971107959747314453e-02,3.221365213394165039e-01,1.471138000488281250e-01,1.777291595935821533e-01,6.166875958442687988e-01,8.362904936075210571e-02,1.954000000000000000e+03,2.082473144531250000e+03
-2.051799446344375610e-01,-6.000000238418579102e-01,-4.748705327510833740e-01,-4.328022599220275879e-01,6.686808466911315918e-01,8.234998583793640137e-02,2.347000000000000000e+03,2.851243164062500000e+03
2.514390051364898682e-01,2.872454822063446045e-01,4.472475945949554443e-01,2.759240269660949707e-01,1.236378908157348633e+00,5.051450058817863464e-02,4.757000000000000000e+03,4.876354980468750000e+03
0.000000000000000000e+00,3.171895444393157959e-01,-1.660106629133224487e-01,3.290354907512664795e-01,1.107556223869323730e+00,5.234180018305778503e-02,4.604000000000000000e+03,4.707434082031250000e+03
6.083970069885253906e-01,-3.683409392833709717e-01,8.345533013343811035e-01,-1.203940287232398987e-01,9.702102541923522949e-01,6.012449413537979126e-02,3.478000000000000000e+03,3.883631103515625000e+03
-4.000000059604644775e-01,2.145627290010452271e-01,-3.389742970466613770e-01,9.736452996730804443e-02,1.214929819107055664e+00,5.934821069240570068e-02,4.730000000000000000e+03,4.785794433593750000e+03
-4.000000059604644775e-01,-1.183409467339515686e-01,-4.166103303432464600e-01,-3.151343464851379395e-01,1.052092432975769043e+00,5.798140913248062134e-02,4.945000000000000000e+03,5.118011230468750000e+03
-1.618416309356689453e-01,3.562291860580444336e-01,-4.816906750202178955e-01,3.116583526134490967e-01,1.215644717216491699e+00,6.152280792593955994e-02,4.402000000000000000e+03,4.707789062500000000e+03
-3.499999940395355225e-01,2.503692209720611572e-01,-4.246005117893218994e-01,2.132075838744640350e-02,9.545894265174865723e-01,5.771968513727188110e-02,3.670000000000000000e+03,3.900310058593750000e+03
2.514390051364898682e-01,-1.500000059604644775e-01,4.338888823986053467e-01,-1.786081641912460327e-01,9.904493689537048340e-01,7.173804938793182373e-02,3.608000000000000000e+03,3.732026855468750000e+03
-3.000000119209289551e-01,-2.000000029802322388e-01,-1.189096048474311829e-01,-4.851100742816925049e-01,1.267722845077514648e+00,5.318289622664451599e-02,4.880000000000000000e+03,5.220536132812500000e+03
1.645627170801162720e-01,-3.499999940395355225e-01,-3.631097078323364258e-01,-7.921914458274841309e-01,1.186151742935180664e+00,7.091762870550155640e-02,4.152000000000000000e+03,5.466205078125000000e+03
5.173884034156799316e-01,4.545493423938751221e-01,4.791504144668579102e-01,6.267800331115722656e-01,5.568107366561889648e-01,7.699136435985565186e-02,1.743000000000000000e+03,1.913945678710937500e+03
1.764043420553207397e-01,5.000000074505805969e-02,2.245374470949172974e-01,-1.418198049068450928e-01,1.079995274543762207e+00,6.950467824935913086e-02,4.146000000000000000e+03,4.283528808593750000e+03
3.221365213394165039e-01,4.545493423938751221e-01,1.185206994414329529e-01,4.887755811214447021e-01,8.698194026947021484e-01,7.380062341690063477e-02,2.937000000000000000e+03,3.100488769531250000e+03
2.145627290010452271e-01,-2.500000000000000000e-01,2.635050415992736816e-01,-4.066146612167358398e-01,1.149581670761108398e+00,6.369309872388839722e-02,4.442000000000000000e+03,4.532181152343750000e+03
-4.499999880790710449e-01,9.482004493474960327e-02,-5.059967041015625000e-01,-1.133737415075302124e-01,1.049856901168823242e+00,6.319049745798110962e-02,4.028000000000000000e+03,4.195914550781250000e+03
9.482004493474960327e-02,1.764043420553207397e-01,8.950716257095336914e-02,1.919232904911041260e-01,4.527043998241424561e-01,6.821513175964355469e-02,1.664000000000000000e+03,1.666161376953125000e+03
-3.704144358634948730e-01,-1.500000059604644775e-01,-3.394073545932769775e-01,-1.881858557462692261e-01,1.090302824974060059e+00,6.214215978980064392e-02,4.058000000000000000e+03,4.066246826171875000e+03
1.282061040401458740e-01,4.545493423938751221e-01,-3.436620235443115234e-01,3.334742784500122070e-01,9.868045449256896973e-01,6.984525173902511597e-02,3.458000000000000000e+03,4.258742675781250000e+03
-1.500000059604644775e-01,-3.499999940395355225e-01,-1.437613368034362793e-01,-7.811386585235595703e-01,1.266294479370117188e+00,5.331429094076156616e-02,4.754000000000000000e+03,5.291131835937500000e+03
-5.000000074505805969e-02,-6.661394238471984863e-02,3.486049547791481018e-02,-2.252237685024738312e-02,8.795493245124816895e-01,6.522056460380554199e-02,3.264000000000000000e+03,3.302501708984375000e+03
3.221365213394165039e-01,2.145627290010452271e-01,3.145453333854675293e-01,-1.726302206516265869e-01,8.915824294090270996e-01,6.730779260396957397e-02,3.658000000000000000e+03,4.319936523437500000e+03
2.872454822063446045e-01,9.482004493474960327e-02,1.258150190114974976e-01,6.635799258947372437e-02,1.171222567558288574e+00,6.532178819179534912e-02,4.362000000000000000e+03,4.447313476562500000e+03
-1.000000014901161194e-01,-4.000000059604644775e-01,-1.219440549612045288e-01,-6.202408671379089355e-01,1.208527684211730957e+00,5.833010748028755188e-02,4.752000000000000000e+03,4.909630371093750000e+03
2.443917095661163330e-01,-6.999999880790710449e-01,2.188705056905746460e-01,-7.366571426391601562e-01,7.746953964233398438e-01,1.060947999358177185e-01,2.531000000000000000e+03,2.539416992187500000e+03
-3.499999940395355225e-01,-2.500000000000000000e-01,-5.969493985176086426e-01,-6.087670475244522095e-02,1.145398139953613281e+00,6.811015307903289795e-02,4.452000000000000000e+03,4.774081542968750000e+03
6.083970069885253906e-01,1.957427263259887695e-01,6.242343187332153320e-01,-1.510349810123443604e-01,8.502672910690307617e-01,7.922834157943725586e-02,3.480000000000000000e+03,4.038533447265625000e+03
2.145627290010452271e-01,-5.816580727696418762e-02,8.017922937870025635e-02,3.691435232758522034e-02,1.045695185661315918e+00,6.441842019557952881e-02,4.080000000000000000e+03,4.180310058593750000e+03
2.145627290010452271e-01,3.221365213394165039e-01,2.621997594833374023e-01,1.532728075981140137e-01,5.553518533706665039e-01,9.024623036384582520e-02,2.023000000000000000e+03,2.220592041015625000e+03
-3.659073412418365479e-01,0.000000000000000000e+00,-1.516325920820236206e-01,4.264963865280151367e-01,1.258136749267578125e+00,5.758148804306983948e-02,4.938000000000000000e+03,5.626691406250000000e+03
-4.000000059604644775e-01,-1.651089638471603394e-01,-2.556667625904083252e-01,-3.265324831008911133e-01,6.277303099632263184e-01,6.453921645879745483e-02,2.484000000000000000e+03,2.771419921875000000e+03
2.145627290010452271e-01,2.514390051364898682e-01,2.786207199096679688e-01,2.991029024124145508e-01,1.211939215660095215e+00,6.759424507617950439e-02,4.394000000000000000e+03,4.412994140625000000e+03
9.482004493474960327e-02,-3.499999940395355225e-01,7.482029497623443604e-02,-2.197958379983901978e-01,8.471429347991943359e-01,6.006995961070060730e-02,3.658000000000000000e+03,3.746110839843750000e+03
-2.641935050487518311e-01,3.815837576985359192e-02,-4.251719266176223755e-02,-9.816572815179824829e-02,7.135111689567565918e-01,8.416925370693206787e-02,2.014000000000000000e+03,2.274052490234375000e+03
1.764043420553207397e-01,3.168310523033142090e-01,2.051074057817459106e-01,3.868772387504577637e-01,3.754768371582031250e-01,8.854152262210845947e-02,1.252000000000000000e+03,1.302499267578125000e+03
9.482004493474960327e-02,-3.499999940395355225e-01,-2.825361192226409912e-01,-6.395471096038818359e-01,1.253649353981018066e+00,6.143944710493087769e-02,5.296000000000000000e+03,6.034621093750000000e+03
3.221365213394165039e-01,-1.000000014901161194e-01,7.396956682205200195e-01,-1.187221854925155640e-01,1.206086993217468262e+00,6.175455823540687561e-02,4.732000000000000000e+03,5.286067382812500000e+03
0.000000000000000000e+00,4.223684668540954590e-01,2.036258578300476074e-01,3.084690868854522705e-01,9.601393938064575195e-01,6.077291071414947510e-02,3.278000000000000000e+03,3.468628173828125000e+03
0.000000000000000000e+00,-5.000000000000000000e-01,-4.708206951618194580e-01,-5.437865853309631348e-01,1.080967187881469727e+00,6.315571814775466919e-02,3.926000000000000000e+03,4.647125488281250000e+03
3.896152675151824951e-01,0.000000000000000000e+00,2.519986033439636230e-01,3.048776686191558838e-01,1.091886878013610840e+00,6.051369011402130127e-02,4.189000000000000000e+03,4.573460937500000000e+03
-5.178191065788269043e-01,1.306265294551849365e-01,-4.972858130931854248e-01,4.587028548121452332e-02,1.076669454574584961e+00,6.249802559614181519e-02,3.323000000000000000e+03,3.344781494140625000e+03
-6.000000238418579102e-01,-3.151089549064636230e-01,-6.453807950019836426e-01,-1.799267828464508057e-01,7.628566622734069824e-01,6.868837028741836548e-02,3.019000000000000000e+03,3.123393066406250000e+03
3.975010663270950317e-02,2.145627290010452271e-01,2.703849971294403076e-01,3.691192250698804855e-03,7.934530973434448242e-01,9.576515108346939087e-02,3.115000000000000000e+03,3.582071044921875000e+03
5.173884034156799316e-01,1.764043420553207397e-01,4.110315442085266113e-01,1.717231273651123047e-01,1.129801511764526367e+00,6.134601682424545288e-02,4.393000000000000000e+03,4.432003417968750000e+03
4.183419048786163330e-02,4.531060755252838135e-01,-1.139611820690333843e-03,-8.812171965837478638e-02,1.261396646499633789e+00,5.660333111882209778e-02,5.199000000000000000e+03,6.125830566406250000e+03
1.764043420553207397e-01,4.545493423938751221e-01,3.036831021308898926e-01,9.033778309822082520e-02,1.222663164138793945e+00,6.137282773852348328e-02,4.752000000000000000e+03,5.214233398437500000e+03
2.514390051364898682e-01,-3.000000119209289551e-01,2.394305616617202759e-01,-8.237795829772949219e-01,1.015921831130981445e+00,5.959492549300193787e-02,3.724000000000000000e+03,4.664583496093750000e+03
-2.500000000000000000e-01,-3.000000119209289551e-01,-1.664852946996688843e-01,-6.404974460601806641e-01,9.305580258369445801e-01,6.195053458213806152e-02,3.737000000000000000e+03,4.250256835937500000e+03
-1.500000059604644775e-01,-1.500000059604644775e-01,-4.079753905534744263e-02,-6.408830285072326660e-01,1.175138235092163086e+00,6.442277878522872925e-02,4.644000000000000000e+03,5.462654785156250000e+03
-2.131237089633941650e-01,-4.000000059604644775e-01,-2.926011085510253906e-01,-8.121975660324096680e-01,1.069772362709045410e+00,5.826180055737495422e-02,4.226000000000000000e+03,4.854865722656250000e+03
1.764043420553207397e-01,-3.659073412418365479e-01,1.725299060344696045e-01,-6.177830696105957031e-01,8.763293027877807617e-01,7.272791117429733276e-02,2.637000000000000000e+03,2.850926025390625000e+03
0.000000000000000000e+00,2.453003376722335815e-01,2.252177707850933075e-02,-1.861364208161830902e-02,7.349122762680053711e-01,8.718904107809066772e-02,2.592000000000000000e+03,2.918971923828125000e+03
-2.500000000000000000e-01,-4.000000059604644775e-01,-3.388398289680480957e-01,-2.856296300888061523e-01,1.075576663017272949e+00,6.735380738973617554e-02,4.012000000000000000e+03,4.084684570312500000e+03
3.562291860580444336e-01,9.482004493474960327e-02,-2.771565020084381104e-01,-4.875135142356157303e-03,1.258177280426025391e+00,5.786620080471038818e-02,4.505000000000000000e+03,5.617249023437500000e+03
2.503692209720611572e-01,5.481259822845458984e-01,6.162338256835937500e-01,6.510532498359680176e-01,1.004881739616394043e+00,4.826709255576133728e-02,3.818000000000000000e+03,4.346421386718750000e+03
-4.000000059604644775e-01,-5.000000074505805969e-02,-2.363678365945816040e-01,5.545396730303764343e-02,1.268887519836425781e+00,5.459713563323020935e-02,3.893000000000000000e+03,3.984217285156250000e+03
1.748126149177551270e-01,-3.683409392833709717e-01,4.719069227576255798e-02,-4.647581279277801514e-01,6.229494810104370117e-01,9.313776344060897827e-02,1.519000000000000000e+03,1.617493286132812500e+03
9.482004493474960327e-02,-6.024989485740661621e-02,1.032130792737007141e-01,-9.490257501602172852e-02,7.592110633850097656e-01,6.369592994451522827e-02,2.429000000000000000e+03,2.434386474609375000e+03
-2.166139483451843262e-01,4.223684668540954590e-01,5.353202577680349350e-03,5.430667400360107422e-01,1.121795415878295898e+00,5.850840732455253601e-02,4.719000000000000000e+03,4.955545898437500000e+03
-3.000000119209289551e-01,-3.000000119209289551e-01,-2.826511263847351074e-01,-2.445577383041381836e-01,1.141901135444641113e+00,6.730294972658157349e-02,3.856000000000000000e+03,3.865877929687500000e+03
3.221365213394165039e-01,-6.499999761581420898e-01,5.113409757614135742e-01,-4.932548999786376953e-01,9.291921257972717285e-01,5.307580158114433289e-02,3.471000000000000000e+03,3.709932617187500000e+03
4.852869510650634766e-01,-5.000000074505805969e-02,4.578476250171661377e-01,-1.033099442720413208e-01,1.067103743553161621e+00,5.737549439072608948e-02,3.753000000000000000e+03,3.764834472656250000e+03
2.145627290010452271e-01,-3.151089549064636230e-01,6.562792062759399414e-01,-1.925666332244873047e-01,1.259661078453063965e+00,6.098951771855354309e-02,4.881000000000000000e+03,5.508806152343750000e+03
-4.672468006610870361e-01,3.896152675151824951e-01,-3.844794631004333496e-01,4.631023108959197998e-01,4.650033116340637207e-01,1.308185458183288574e-01,1.202000000000000000e+03,1.269237792968750000e+03
-4.672468006610870361e-01,9.482004493474960327e-02,-3.122164607048034668e-01,3.826804757118225098e-01,1.106496930122375488e+00,6.959825754165649414e-02,4.505000000000000000e+03,4.889811523437500000e+03
4.862083792686462402e-01,-1.204144284129142761e-01,1.813980340957641602e-01,-2.329612076282501221e-01,1.056519746780395508e+00,6.144113466143608093e-02,3.697000000000000000e+03,4.039153564453125000e+03
-5.000000000000000000e-01,1.764043420553207397e-01,-3.946196734905242920e-01,3.026628494262695312e-01,8.594059348106384277e-01,1.412672996520996094e-01,2.123000000000000000e+03,2.199914794921875000e+03
-1.000000014901161194e-01,2.145627290010452271e-01,-8.119540661573410034e-02,2.728953212499618530e-02,7.819490432739257812e-01,6.010738760232925415e-02,3.199000000000000000e+03,3.381468017578125000e+03
3.489103168249130249e-02,-4.000000059604644775e-01,1.873947829008102417e-01,-1.615658700466156006e-01,1.132010459899902344e+00,6.067099422216415405e-02,4.932000000000000000e+03,5.235727050781250000e+03
2.514390051364898682e-01,2.145627290010452271e-01,4.199743270874023438e-01,-1.629965454339981079e-01,1.238136172294616699e+00,5.878009647130966187e-02,5.264000000000000000e+03,5.835452148437500000e+03
3.221365213394165039e-01,1.764043420553207397e-01,5.005059838294982910e-01,-1.173662096261978149e-01,7.451730370521545410e-01,1.086137890815734863e-01,2.812000000000000000e+03,3.383242675781250000e+03
2.514390051364898682e-01,-2.000000029802322388e-01,-2.728748321533203125e-01,-5.212957859039306641e-01,1.225922465324401855e+00,5.733270570635795593e-02,4.710000000000000000e+03,5.838239746093750000e+03
3.528741300106048584e-01,5.481259822845458984e-01,2.670890688896179199e-01,4.321874678134918213e-01,6.847441792488098145e-01,7.986492663621902466e-02,2.017000000000000000e+03,2.105749023437500000e+03
-1.651089638471603394e-01,-7.041443139314651489e-02,9.837619960308074951e-02,-1.167953610420227051e-01,1.237372517585754395e+00,5.678931623697280884e-02,5.030000000000000000e+03,5.262128906250000000e+03
-4.499999880790710449e-01,4.482004791498184204e-02,-5.038504600524902344e-01,4.452611207962036133e-01,1.063312053680419922e+00,5.862407013773918152e-02,3.922000000000000000e+03,4.471091308593750000e+03
1.724607348442077637e-01,-1.102498918771743774e-01,4.521664604544639587e-02,-1.843737065792083740e-01,5.637834668159484863e-01,1.234188079833984375e-01,1.179000000000000000e+03,1.258324218750000000e+03
-3.499999940395355225e-01,-2.192623913288116455e-01,9.890678524971008301e-02,-3.023200929164886475e-01,1.133618712425231934e+00,5.958009883761405945e-02,4.064000000000000000e+03,4.699271484375000000e+03
-1.184162404388189316e-02,1.255576610565185547e-01,-7.123748958110809326e-02,1.556776016950607300e-01,9.991987347602844238e-01,7.944419234991073608e-02,3.181000000000000000e+03,3.195177001953125000e+03
-2.000000029802322388e-01,5.000000074505805969e-02,1.788703650236129761e-01,-7.274057716131210327e-02,1.143740534782409668e+00,6.398922950029373169e-02,4.506000000000000000e+03,5.037786132812500000e+03
3.537955880165100098e-01,5.784529447555541992e-01,4.393111765384674072e-01,4.861167669296264648e-01,9.434429407119750977e-01,6.975343823432922363e-02,3.464000000000000000e+03,3.525299560546875000e+03
5.000000074505805969e-02,-2.000000029802322388e-01,5.100041255354881287e-02,2.347899787127971649e-02,8.402677178382873535e-01,8.461150527000427246e-02,2.808000000000000000e+03,3.003060302734375000e+03
2.514390051364898682e-01,-3.151089549064636230e-01,3.344528973102569580e-01,-3.446609675884246826e-01,8.706785440444946289e-01,5.319118127226829529e-02,2.375000000000000000e+03,2.399174804687500000e+03
2.514390051364898682e-01,0.000000000000000000e+00,2.888407707214355469e-01,2.150509506464004517e-02,7.231462001800537109e-01,7.778971642255783081e-02,2.243000000000000000e+03,2.250990234375000000e+03
3.896152675151824951e-01,-3.499999940395355225e-01,6.024110317230224609e-01,-2.490862458944320679e-01,9.723643660545349121e-01,6.301430612802505493e-02,3.807000000000000000e+03,4.027325683593750000e+03
9.482004493474960327e-02,6.379825472831726074e-01,-9.607096761465072632e-02,7.645332217216491699e-01,9.400030374526977539e-01,6.190755963325500488e-02,3.907000000000000000e+03,4.135304687500000000e+03
-4.499999880790710449e-01,-2.000000029802322388e-01,-4.662284553050994873e-01,-1.615837961435317993e-01,4.383441507816314697e-01,8.291902393102645874e-02,1.367000000000000000e+03,1.379402099609375000e+03
3.489103168249130249e-02,-5.683409571647644043e-01,6.278984993696212769e-02,-5.848713517189025879e-01,1.028031468391418457e+00,6.313355267047882080e-02,4.126000000000000000e+03,4.130101074218750000e+03
-1.659073382616043091e-01,-3.499999940395355225e-01,-5.934889987111091614e-02,6.421364098787307739e-02,1.258306145668029785e+00,6.278187036514282227e-02,4.874000000000000000e+03,5.422501953125000000e+03
-3.499999940395355225e-01,-8.165807463228702545e-03,-6.670378446578979492e-01,1.045391708612442017e-01,8.650265932083129883e-01,6.927525997161865234e-02,3.110000000000000000e+03,3.565812011718750000e+03
1.366542428731918335e-01,-5.000000074505805969e-02,2.165978103876113892e-01,1.891174539923667908e-02,1.043944716453552246e+00,5.833433195948600769e-02,4.691000000000000000e+03,4.738749023437500000e+03
2.872454822063446045e-01,1.764043420553207397e-01,4.598562419414520264e-01,-4.165108799934387207e-01,1.223810553550720215e+00,6.383372843265533447e-02,5.020000000000000000e+03,6.236188476562500000e+03
0.000000000000000000e+00,6.083970069885253906e-01,9.191662818193435669e-02,7.532408833503723145e-01,9.804599285125732422e-01,1.005972996354103088e-01,2.792000000000000000e+03,2.877041503906250000e+03
-3.178191184997558594e-01,-5.000000074505805969e-02,-2.352126687765121460e-01,-3.440198022872209549e-03,1.141382098197937012e+00,6.576645374298095703e-02,4.794000000000000000e+03,4.827023925781250000e+03
4.482004791498184204e-02,-3.499999940395355225e-01,-2.258237749338150024e-01,-2.050929516553878784e-01,1.035613775253295898e+00,5.541080608963966370e-02,4.246000000000000000e+03,4.611792480468750000e+03
-5.000000074505805969e-02,-2.000000029802322388e-01,1.320144534111022949e-01,-4.013178050518035889e-01,1.179908752441406250e+00,5.416622012853622437e-02,4.666000000000000000e+03,4.909532226562500000e+03
1.289127171039581299e-01,-4.499999880790710449e-01,-6.631783396005630493e-02,-3.796530067920684814e-01,1.234513759613037109e+00,4.778314009308815002e-02,4.186000000000000000e+03,4.303456542968750000e+03
-4.000000059604644775e-01,2.514390051364898682e-01,-2.976771295070648193e-01,2.622368633747100830e-01,5.878522396087646484e-01,8.086189627647399902e-02,1.890000000000000000e+03,1.947567504882812500e+03
2.872454822063446045e-01,-2.683409452438354492e-01,8.310431838035583496e-01,-2.127865701913833618e-01,1.253101348876953125e+00,5.709443241357803345e-02,4.781000000000000000e+03,5.655898437500000000e+03
5.173884034156799316e-01,-6.024989485740661621e-02,6.238416433334350586e-01,1.149287149310112000e-01,1.160547256469726562e+00,5.643030628561973572e-02,4.523000000000000000e+03,4.663343750000000000e+03
1.306265294551849365e-01,4.545493423938751221e-01,2.118302881717681885e-01,4.690709710121154785e-01,5.123669505119323730e-01,7.810376584529876709e-02,1.844000000000000000e+03,1.891523559570312500e+03
-4.000000059604644775e-01,2.872454822063446045e-01,-3.643423020839691162e-01,2.124060541391372681e-01,8.675795197486877441e-01,8.776061981916427612e-02,2.890000000000000000e+03,2.916219482421875000e+03
-2.641935050487518311e-01,1.366542428731918335e-01,-6.360820531845092773e-01,1.669269204139709473e-01,1.188654422760009766e+00,5.319745466113090515e-02,4.164000000000000000e+03,4.565709960937500000e+03
9.482004493474960327e-02,6.083970069885253906e-01,2.434277236461639404e-01,6.435474753379821777e-01,7.933251261711120605e-01,7.957879453897476196e-02,2.277000000000000000e+03,2.360449951171875000e+03
-4.166139364242553711e-01,9.183419495820999146e-02,1.192441284656524658e-01,8.434374630451202393e-02,1.218055248260498047e+00,5.868764966726303101e-02,4.987000000000000000e+03,5.913325683593750000e+03
1.707469075918197632e-01,3.562291860580444336e-01,1.139124706387519836e-01,3.848969340324401855e-01,8.586119413375854492e-01,6.979034841060638428e-02,3.402000000000000000e+03,3.420554199218750000e+03
-3.499999940395355225e-01,3.687628731131553650e-02,-5.050689578056335449e-01,4.795191634912043810e-04,5.258262157440185547e-01,6.202507764101028442e-02,1.825000000000000000e+03,1.989019287109375000e+03
-5.000000074505805969e-02,-3.499999940395355225e-01,-3.541536629199981689e-01,-2.663964331150054932e-01,8.571912646293640137e-01,5.622520670294761658e-02,3.669000000000000000e+03,4.152010253906250000e+03
-3.499999940395355225e-01,-1.500000059604644775e-01,-1.124588549137115479e-01,-1.098585948348045349e-01,1.268812060356140137e+00,5.290488898754119873e-02,5.568000000000000000e+03,5.767403320312500000e+03
-3.000000119209289551e-01,-1.312371436506509781e-02,-3.328588008880615234e-01,5.159734487533569336e-01,1.235781550407409668e+00,6.029424816370010376e-02,4.756000000000000000e+03,5.597540039062500000e+03
-3.329280912876129150e-01,4.223684668540954590e-01,-2.550111711025238037e-01,4.778367578983306885e-01,4.472111463546752930e-01,1.073622778058052063e-01,1.768000000000000000e+03,1.847889282226562500e+03
-3.666139543056488037e-01,-3.659073412418365479e-01,8.599220216274261475e-02,-1.795680522918701172e-01,1.088438510894775391e+00,5.899148061871528625e-02,3.804000000000000000e+03,4.540187011718750000e+03
-3.499999940395355225e-01,5.000000074505805969e-02,-3.543831408023834229e-01,-6.747924536466598511e-02,9.335305690765380859e-01,7.726847380399703979e-02,3.318000000000000000e+03,3.370437255859375000e+03
-4.499999880790710449e-01,-3.151089549064636230e-01,-4.135732948780059814e-01,-3.677157461643218994e-01,7.144486904144287109e-01,8.390076458454132080e-02,2.218000000000000000e+03,2.235816406250000000e+03
-2.000000029802322388e-01,6.083970069885253906e-01,-1.633334606885910034e-01,6.524807214736938477e-01,5.007030367851257324e-01,7.850907742977142334e-02,1.562000000000000000e+03,1.582403442382812500e+03
-3.499999940395355225e-01,-2.000000029802322388e-01,-6.856372952461242676e-01,7.345639914274215698e-02,1.070333003997802734e+00,6.150675937533378601e-02,3.881000000000000000e+03,4.494572753906250000e+03
4.862083792686462402e-01,1.633553951978683472e-01,4.148501455783843994e-01,-2.348925173282623291e-01,1.114595890045166016e+00,5.923908203840255737e-02,4.314000000000000000e+03,4.866727539062500000e+03
-3.000000119209289551e-01,9.482004493474960327e-02,-3.359638750553131104e-01,1.545976698398590088e-01,1.132556796073913574e+00,5.586335062980651855e-02,4.626000000000000000e+03,4.643613281250000000e+03
2.132806330919265747e-01,3.562291860580444336e-01,6.168361902236938477e-01,5.297000408172607422e-01,1.234173655509948730e+00,5.694198235869407654e-02,4.671000000000000000e+03,5.246594238281250000e+03
2.514390051364898682e-01,-2.000000029802322388e-01,5.230873823165893555e-01,-3.397296369075775146e-01,9.285178780555725098e-01,5.868800356984138489e-02,3.841000000000000000e+03,4.246382812500000000e+03
-6.000000238418579102e-01,4.482004791498184204e-02,-6.254004240036010742e-01,1.012568026781082153e-01,7.984054088592529297e-01,6.721487641334533691e-02,2.477000000000000000e+03,2.491840576171875000e+03
-5.178191065788269043e-01,-1.312371436506509781e-02,-6.925120949745178223e-01,3.323849568914738484e-06,9.777199029922485352e-01,6.937079131603240967e-02,4.216000000000000000e+03,4.350062011718750000e+03
2.145627290010452271e-01,1.366542428731918335e-01,-3.116827309131622314e-01,-4.040200635790824890e-02,1.219837427139282227e+00,5.908083170652389526e-02,4.768000000000000000e+03,5.715156738281250000e+03
1.366542428731918335e-01,-4.000000059604644775e-01,1.766541451215744019e-01,-2.011251300573348999e-01,1.045230865478515625e+00,6.813172250986099243e-02,3.453000000000000000e+03,3.581742187500000000e+03
-1.500000059604644775e-01,1.700402945280075073e-01,-5.185982584953308105e-01,-4.565662145614624023e-02,9.787336587905883789e-01,5.887481942772865295e-02,2.945000000000000000e+03,3.483919677734375000e+03
-1.000000014901161194e-01,4.862083792686462402e-01,1.832990497350692749e-01,2.465497851371765137e-01,1.183758616447448730e+00,5.824474245309829712e-02,4.447000000000000000e+03,4.874242675781250000e+03
-6.692624092102050781e-01,3.221365213394165039e-01,-9.441528916358947754e-01,3.313122391700744629e-01,7.494488954544067383e-01,1.052858158946037292e-01,2.343000000000000000e+03,2.649070556640625000e+03
-5.000000000000000000e-01,-1.797376573085784912e-01,-4.876443147659301758e-01,-2.491352409124374390e-01,4.739420115947723389e-01,9.036894142627716064e-02,1.304000000000000000e+03,1.332677612304687500e+03
-1.500000059604644775e-01,-2.000000029802322388e-01,-1.462944597005844116e-01,-3.160568475723266602e-01,1.142238855361938477e+00,5.894589424133300781e-02,4.375000000000000000e+03,4.419986816406250000e+03
-3.000000119209289551e-01,-1.000000014901161194e-01,-3.718522191047668457e-01,1.350662112236022949e-01,1.121761441230773926e+00,5.878863483667373657e-02,4.255000000000000000e+03,4.456558593750000000e+03
-5.000000074505805969e-02,-2.000000029802322388e-01,5.777631327509880066e-02,-1.885232627391815186e-01,7.071072459220886230e-01,6.384114921092987061e-02,2.504000000000000000e+03,2.562671630859375000e+03
2.514390051364898682e-01,-5.179951898753643036e-03,2.328045666217803955e-01,5.999783277511596680e-01,1.052069067955017090e+00,7.353369146585464478e-02,3.350000000000000000e+03,4.393494140625000000e+03
-5.192623734474182129e-01,2.145627290010452271e-01,-4.541231393814086914e-01,3.526966869831085205e-01,1.043580532073974609e+00,5.924779549241065979e-02,3.629000000000000000e+03,3.706547363281250000e+03
3.562291860580444336e-01,-2.000000029802322388e-01,5.864324569702148438e-01,-7.782414555549621582e-01,1.225584149360656738e+00,5.586479231715202332e-02,4.966000000000000000e+03,6.182823242187500000e+03
-2.500000000000000000e-01,3.199987113475799561e-01,-3.856160640716552734e-01,8.307718634605407715e-01,1.158629179000854492e+00,6.762929260730743408e-02,3.948000000000000000e+03,4.735195800781250000e+03
-3.000000119209289551e-01,-2.000000029802322388e-01,2.426603883504867554e-01,-1.878474205732345581e-01,1.281950354576110840e+00,5.846209079027175903e-02,5.033000000000000000e+03,5.900526367187500000e+03
2.514390051364898682e-01,-1.500000059604644775e-01,3.344237208366394043e-01,-4.933564364910125732e-02,9.635687470436096191e-01,6.398466229438781738e-02,3.072000000000000000e+03,3.128089355468750000e+03
4.545493423938751221e-01,-1.500000059604644775e-01,2.064058035612106323e-01,1.086091920733451843e-01,1.196581482887268066e+00,5.666946247220039368e-02,4.640000000000000000e+03,5.048308105468750000e+03
3.562291860580444336e-01,-1.500000059604644775e-01,5.364296436309814453e-01,1.607151031494140625e-01,1.235810637474060059e+00,6.273501366376876831e-02,4.828000000000000000e+03,5.228215820312500000e+03
2.872454822063446045e-01,1.366542428731918335e-01,2.280682139098644257e-02,6.709720492362976074e-01,1.268407464027404785e+00,5.898595228791236877e-02,4.589000000000000000e+03,5.556681640625000000e+03
6.083970069885253906e-01,3.213381767272949219e-01,2.539632916450500488e-01,1.534081995487213135e-01,9.648330211639404297e-01,5.760170891880989075e-02,3.712000000000000000e+03,4.303296875000000000e+03
0.000000000000000000e+00,9.482004493474960327e-02,-1.352744698524475098e-01,8.482690900564193726e-02,7.851957082748413086e-01,1.027579829096794128e-01,2.233000000000000000e+03,2.299339111328125000e+03
4.481260180473327637e-01,5.784529447555541992e-01,5.538172721862792969e-01,5.046089291572570801e-01,6.283459067344665527e-01,7.222876697778701782e-02,2.484000000000000000e+03,2.587550048828125000e+03
3.221365213394165039e-01,-2.500000000000000000e-01,3.933028578758239746e-01,-2.067084014415740967e-01,1.088594436645507812e+00,6.159311905503273010e-02,4.242000000000000000e+03,4.266752441406250000e+03
3.896152675151824951e-01,5.000000074505805969e-02,4.239743947982788086e-01,5.966315977275371552e-03,6.206062436103820801e-01,1.083181276917457581e-01,1.869000000000000000e+03,1.884184692382812500e+03
1.700402945280075073e-01,-1.000000014901161194e-01,3.041693866252899170e-01,-1.385251283645629883e-01,7.065564990043640137e-01,5.933120846748352051e-02,1.892000000000000000e+03,1.964982055664062500e+03
-3.499999940395355225e-01,1.764043420553207397e-01,-5.247107148170471191e-01,1.627786457538604736e-01,1.134556889533996582e+00,5.928164720535278320e-02,4.535000000000000000e+03,4.642741699218750000e+03
-1.000000014901161194e-01,9.482004493474960327e-02,-2.266439497470855713e-01,1.654299348592758179e-01,4.821847081184387207e-01,9.856142103672027588e-02,1.261000000000000000e+03,1.372435058593750000e+03
2.514390051364898682e-01,-3.000000119209289551e-01,-4.770688414573669434e-01,-1.641877442598342896e-01,1.280894637107849121e+00,5.679358914494514465e-02,4.350000000000000000e+03,5.715871093750000000e+03
-1.301825642585754395e-01,4.223684668540954590e-01,4.226462543010711670e-02,5.238984823226928711e-01,1.235481262207031250e+00,5.463435128331184387e-02,5.148000000000000000e+03,5.282448730468750000e+03
-3.499999940395355225e-01,2.514390051364898682e-01,-1.687879711389541626e-01,-4.450520500540733337e-02,1.253679037094116211e+00,5.803525075316429138e-02,4.777000000000000000e+03,5.136734375000000000e+03
0.000000000000000000e+00,-4.000000059604644775e-01,2.093611657619476318e-01,-4.703426957130432129e-01,1.240978479385375977e+00,5.374309420585632324e-02,5.056000000000000000e+03,5.214820312500000000e+03
-4.166139364242553711e-01,-1.000000014901161194e-01,-4.623256921768188477e-01,-1.685726940631866455e-01,9.154759645462036133e-01,7.862762361764907837e-02,2.836000000000000000e+03,2.859041015625000000e+03
-4.499999880790710449e-01,9.183419495820999146e-02,-5.050315260887145996e-01,1.744355112314224243e-01,6.128482818603515625e-01,1.271634995937347412e-01,2.019000000000000000e+03,2.071729492187500000e+03
5.000000074505805969e-02,-3.000000119209289551e-01,-1.837416552007198334e-02,-5.480062365531921387e-01,1.059243321418762207e+00,5.701445788145065308e-02,4.198000000000000000e+03,4.442129882812500000e+03
2.514390051364898682e-01,5.000000074505805969e-02,4.098653197288513184e-01,-2.109522186219692230e-02,7.152041196823120117e-01,5.423618853092193604e-02,2.287000000000000000e+03,2.419997802734375000e+03
3.896152675151824951e-01,-4.000000059604644775e-01,6.048265099525451660e-01,-2.433663308620452881e-01,9.768601655960083008e-01,6.591472774744033813e-02,3.736000000000000000e+03,4.008713378906250000e+03
3.896152675151824951e-01,5.000000074505805969e-02,2.822574079036712646e-01,5.316887423396110535e-02,1.218214750289916992e+00,6.106170639395713806e-02,4.719000000000000000e+03,4.755622070312500000e+03
-4.000000059604644775e-01,-1.000000014901161194e-01,-2.891668677330017090e-01,-1.121487189084291458e-02,1.251718044281005859e+00,5.504810065031051636e-02,4.005000000000000000e+03,4.056372070312500000e+03
-4.499999880790710449e-01,1.345701515674591064e-01,-7.537183761596679688e-01,-7.841510325670242310e-02,1.108354926109313965e+00,7.154804468154907227e-02,4.225000000000000000e+03,4.685503906250000000e+03
5.000000074505805969e-02,-3.499999940395355225e-01,-4.492013752460479736e-01,-6.346848011016845703e-01,1.266548752784729004e+00,5.765718221664428711e-02,5.008000000000000000e+03,5.995439941406250000e+03
1.764043420553207397e-01,1.764043420553207397e-01,-9.493215382099151611e-02,4.822063744068145752e-01,8.679415583610534668e-01,5.609308555722236633e-02,3.429000000000000000e+03,4.154778320312500000e+03
-5.000000074505805969e-02,4.545493423938751221e-01,-4.085135087370872498e-02,9.237713813781738281e-01,1.091620683670043945e+00,7.214018702507019043e-02,4.003000000000000000e+03,4.713955566406250000e+03
-2.131237089633941650e-01,-1.500000059604644775e-01,-5.761094689369201660e-01,-4.982827901840209961e-01,1.219554305076599121e+00,7.373998314142227173e-02,4.495000000000000000e+03,5.232910644531250000e+03
2.145627290010452271e-01,3.221365213394165039e-01,-1.507149934768676758e-01,6.060471534729003906e-01,1.262822389602661133e+00,5.638768523931503296e-02,4.797000000000000000e+03,5.421219726562500000e+03
-3.000000119209289551e-01,1.345701515674591064e-01,-5.092740654945373535e-01,1.918237656354904175e-01,1.037519216537475586e+00,5.298184230923652649e-02,4.245000000000000000e+03,4.428801757812500000e+03
-4.000000059604644775e-01,-4.672468006610870361e-01,-6.573958992958068848e-01,-1.786155551671981812e-01,1.007457256317138672e+00,5.868354439735412598e-02,3.078000000000000000e+03,3.517245849609375000e+03
-3.151089549064636230e-01,-1.024989411234855652e-02,-2.076467424631118774e-01,-8.767850697040557861e-02,5.009635686874389648e-01,5.993796139955520630e-02,1.639000000000000000e+03,1.751823486328125000e+03
3.580648824572563171e-02,4.223684668540954590e-01,4.328633844852447510e-01,4.066361486911773682e-01,1.100535511970520020e+00,5.792854353785514832e-02,4.651000000000000000e+03,5.239996093750000000e+03
-6.661394238471984863e-02,1.366542428731918335e-01,-1.737127006053924561e-01,-2.827518880367279053e-01,1.187173247337341309e+00,6.230456009507179260e-02,4.193000000000000000e+03,4.734410156250000000e+03
4.223684668540954590e-01,-2.500000000000000000e-01,4.586193263530731201e-01,-1.576054841279983521e-01,1.092892765998840332e+00,6.731174886226654053e-02,4.423000000000000000e+03,4.459343261718750000e+03
3.896152675151824951e-01,-5.000000074505805969e-02,7.347913384437561035e-01,-5.003235340118408203e-01,1.258865833282470703e+00,6.051487475633621216e-02,5.009000000000000000e+03,5.985648437500000000e+03
3.562291860580444336e-01,-5.000000074505805969e-02,2.998389601707458496e-01,1.292185187339782715e-01,1.270767688751220703e+00,5.690072849392890930e-02,3.373000000000000000e+03,3.446124023437500000e+03
4.223684668540954590e-01,9.183419495820999146e-02,3.818680047988891602e-01,3.564866185188293457e-01,1.180462837219238281e+00,5.968618020415306091e-02,4.638000000000000000e+03,4.874051757812500000e+03
-7.749669253826141357e-02,-5.500000119209289551e-01,-1.415773332118988037e-01,-4.442785084247589111e-01,7.920290231704711914e-01,7.922017574310302734e-02,2.551000000000000000e+03,2.612868652343750000e+03
3.221365213394165039e-01,-1.024989411234855652e-02,-3.089715726673603058e-02,-3.287685513496398926e-01,1.058122515678405762e+00,6.365433335304260254e-02,3.952000000000000000e+03,4.716829589843750000e+03
-3.000000119209289551e-01,2.514390051364898682e-01,1.120740324258804321e-01,5.053718090057373047e-01,1.255715370178222656e+00,5.913519114255905151e-02,5.243000000000000000e+03,5.996934570312500000e+03
2.872454822063446045e-01,-2.000000029802322388e-01,5.856936573982238770e-01,-2.066740542650222778e-01,1.259472966194152832e+00,5.595313012599945068e-02,4.766000000000000000e+03,5.030002929687500000e+03
2.145627290010452271e-01,1.694074422121047974e-01,2.114615440368652344e-01,-1.036337092518806458e-01,1.194837331771850586e+00,5.976035818457603455e-02,4.996000000000000000e+03,5.254149902343750000e+03
-1.000000014901161194e-01,5.173884034156799316e-01,1.354776695370674133e-02,4.142667353153228760e-01,7.929855585098266602e-01,7.601237297058105469e-02,2.676000000000000000e+03,2.775204101562500000e+03
2.514390051364898682e-01,3.555225729942321777e-01,1.736835390329360962e-01,-2.096856571733951569e-02,1.225906729698181152e+00,5.698776617646217346e-02,5.337000000000000000e+03,5.849749023437500000e+03
-1.000000014901161194e-01,-4.499999880790710449e-01,-6.872932612895965576e-02,-4.522947967052459717e-01,1.012035965919494629e+00,6.632155925035476685e-02,3.277000000000000000e+03,3.280154541015625000e+03
-1.000000014901161194e-01,-5.683409571647644043e-01,-2.632422139868140221e-03,-6.421861648559570312e-01,1.023217439651489258e+00,6.649240851402282715e-02,3.809000000000000000e+03,3.863368896484375000e+03
-6.076713651418685913e-02,6.961627006530761719e-01,-2.021090090274810791e-01,6.765137314796447754e-01,5.767890214920043945e-01,1.201319023966789246e-01,1.918000000000000000e+03,2.033896362304687500e+03
-5.000000074505805969e-02,2.145627290010452271e-01,1.905173659324645996e-01,-2.542741894721984863e-01,1.138514637947082520e+00,7.362748682498931885e-02,3.898000000000000000e+03,4.695788574218750000e+03
3.562291860580444336e-01,1.366542428731918335e-01,3.607165515422821045e-01,3.693113327026367188e-01,6.413210034370422363e-01,7.304800301790237427e-02,2.295000000000000000e+03,2.587904785156250000e+03
9.482004493474960327e-02,3.896152675151824951e-01,3.316522538661956787e-01,3.047819435596466064e-01,1.086545944213867188e+00,6.775797903537750244e-02,3.981000000000000000e+03,4.191919433593750000e+03
-6.184162572026252747e-02,6.083970069885253906e-01,-1.823384761810302734e-01,5.145882368087768555e-01,5.924782156944274902e-01,6.723647564649581909e-02,1.592000000000000000e+03,1.696188720703125000e+03
3.221365213394165039e-01,2.145627290010452271e-01,2.361536473035812378e-01,-2.097629010677337646e-01,1.251107215881347656e+00,5.418433248996734619e-02,4.570000000000000000e+03,5.102988769531250000e+03
-1.342482715845108032e-01,4.545493423938751221e-01,1.952503323554992676e-01,2.786253094673156738e-01,1.228525519371032715e+00,5.588203668594360352e-02,4.478000000000000000e+03,4.883850585937500000e+03
2.872454822063446045e-01,2.514390051364898682e-01,1.116287857294082642e-01,1.841965466737747192e-01,1.256752610206604004e+00,6.008273735642433167e-02,4.702000000000000000e+03,4.806889648437500000e+03
3.580648824572563171e-02,-3.499999940395355225e-01,1.334592606872320175e-02,-3.139659464359283447e-01,1.218554496765136719e+00,5.409591272473335266e-02,4.182000000000000000e+03,4.187133789062500000e+03
1.700402945280075073e-01,-5.500000119209289551e-01,1.505509167909622192e-01,-6.606136560440063477e-01,1.129248976707458496e+00,5.442932620644569397e-02,4.291000000000000000e+03,4.333354492187500000e+03
-3.000000119209289551e-01,6.379825472831726074e-01,-6.345362067222595215e-01,7.834035158157348633e-01,1.003600716590881348e+00,6.224057823419570923e-02,3.416000000000000000e+03,3.853672119140625000e+03
3.562291860580444336e-01,9.183419495820999146e-02,2.441781461238861084e-01,-2.115118205547332764e-01,9.512262344360351562e-01,6.992802023887634277e-02,3.140000000000000000e+03,3.493363769531250000e+03
-6.499999761581420898e-01,3.687628731131553650e-02,-7.787746191024780273e-01,-2.048874050378799438e-01,9.810242652893066406e-01,5.471008270978927612e-02,3.963000000000000000e+03,4.266754394531250000e+03
3.889823853969573975e-01,9.482004493474960327e-02,6.171456575393676758e-01,-1.059100627899169922e-01,1.246244430541992188e+00,5.409128591418266296e-02,5.353000000000000000e+03,5.667309082031250000e+03
1.366542428731918335e-01,9.482004493474960327e-02,2.229725122451782227e-01,2.242051623761653900e-02,8.433448076248168945e-01,6.377978622913360596e-02,2.793000000000000000e+03,2.842815185546875000e+03
3.687628731131553650e-02,3.562291860580444336e-01,3.441314771771430969e-02,6.584516167640686035e-01,1.012848496437072754e+00,6.682717055082321167e-02,3.796000000000000000e+03,4.127220214843750000e+03
1.215452700853347778e-01,3.896152675151824951e-01,-2.493431270122528076e-01,3.979883491992950439e-01,1.049116611480712891e+00,7.717142999172210693e-02,3.127000000000000000e+03,3.507832031250000000e+03
-2.500000000000000000e-01,-5.500000119209289551e-01,-3.025045394897460938e-01,-4.799633026123046875e-01,7.628567218780517578e-01,5.781357735395431519e-02,2.536000000000000000e+03,2.569427001953125000e+03
2.514390051364898682e-01,2.803703844547271729e-01,1.169155985116958618e-01,1.021678671240806580e-01,9.394686818122863770e-01,5.959299206733703613e-02,4.003000000000000000e+03,4.225827636718750000e+03
-6.692624092102050781e-01,-5.000000074505805969e-02,-7.364008426666259766e-01,-4.686207510530948639e-03,1.006974458694458008e+00,6.152647733688354492e-02,3.554000000000000000e+03,3.577003906250000000e+03
-4.000000059604644775e-01,2.503692209720611572e-01,-3.083842992782592773e-01,2.461191266775131226e-01,1.087798237800598145e+00,5.751262977719306946e-02,3.820000000000000000e+03,3.846963867187500000e+03
-3.499999940395355225e-01,1.764043420553207397e-01,1.360753476619720459e-01,2.388855069875717163e-01,1.274436712265014648e+00,5.860158056020736694e-02,5.194000000000000000e+03,5.938043945312500000e+03
-1.000000014901161194e-01,3.221365213394165039e-01,-1.855450719594955444e-01,5.008060932159423828e-01,8.860438466072082520e-01,6.308115273714065552e-02,3.621000000000000000e+03,3.799750244140625000e+03
0.000000000000000000e+00,-4.000000059604644775e-01,-3.217880129814147949e-01,-4.227819442749023438e-01,1.255700707435607910e+00,5.284943431615829468e-02,4.493000000000000000e+03,4.784330078125000000e+03
2.145627290010452271e-01,-4.000000059604644775e-01,1.042056977748870850e-01,-5.315874889492988586e-02,9.505166411399841309e-01,6.419538706541061401e-02,3.119000000000000000e+03,3.562399902343750000e+03
-2.141935080289840698e-01,-4.000000059604644775e-01,-2.859905362129211426e-02,-4.999954700469970703e-01,8.119033575057983398e-01,6.181215122342109680e-02,2.799000000000000000e+03,2.984738281250000000e+03
-1.659073382616043091e-01,3.562291860580444336e-01,-3.411386311054229736e-01,3.169004917144775391e-01,5.978016257286071777e-01,7.093383371829986572e-02,2.089000000000000000e+03,2.273605712890625000e+03
4.545493423938751221e-01,5.000000074505805969e-02,5.918217897415161133e-01,2.869408428668975830e-01,1.166643142700195312e+00,6.328830868005752563e-02,4.397000000000000000e+03,4.635813476562500000e+03
-5.000000000000000000e-01,1.366542428731918335e-01,-3.710719347000122070e-01,1.823601499199867249e-02,7.198097109794616699e-01,5.960529297590255737e-02,2.411000000000000000e+03,2.551886230468750000e+03
-3.499999940395355225e-01,5.000000074505805969e-02,-2.050789147615432739e-01,1.011115685105323792e-01,9.635524153709411621e-01,7.502613216638565063e-02,3.733000000000000000e+03,3.827294677734375000e+03
-4.000000059604644775e-01,0.000000000000000000e+00,-2.268520295619964600e-01,-2.048624604940414429e-01,1.279968857765197754e+00,6.731267273426055908e-02,4.170000000000000000e+03,4.351527343750000000e+03
3.562291860580444336e-01,2.145627290010452271e-01,2.561624348163604736e-01,1.216143742203712463e-01,5.473587512969970703e-01,7.880289107561111450e-02,1.945000000000000000e+03,2.064213378906250000e+03
1.707469075918197632e-01,3.896152675151824951e-01,1.574597805738449097e-01,6.299167871475219727e-02,1.244809031486511230e+00,5.774524062871932983e-02,4.796000000000000000e+03,5.121650390625000000e+03
0.000000000000000000e+00,-5.000000074505805969e-02,6.400496512651443481e-02,-7.936236262321472168e-02,1.069867253303527832e+00,6.664618849754333496e-02,3.700000000000000000e+03,3.715994384765625000e+03
-3.166139423847198486e-01,-5.000000000000000000e-01,-2.701613903045654297e-01,-5.307375192642211914e-01,4.557374417781829834e-01,9.346576780080795288e-02,1.384000000000000000e+03,1.404623168945312500e+03
5.000000074505805969e-02,-4.000000059604644775e-01,1.959087848663330078e-01,-3.898652791976928711e-01,1.219749808311462402e+00,5.636670067906379700e-02,4.808000000000000000e+03,4.876628417968750000e+03
-1.500000059604644775e-01,-5.000000000000000000e-01,-1.261077374219894409e-01,-5.443033576011657715e-01,4.781865775585174561e-01,7.001238316297531128e-02,1.547000000000000000e+03,1.564056640625000000e+03
6.083970069885253906e-01,6.483507156372070312e-02,3.595343530178070068e-01,-1.945346444845199585e-01,8.251559138298034668e-01,6.055577099323272705e-02,2.705000000000000000e+03,3.198155761718750000e+03
-3.000000119209289551e-01,-3.000000119209289551e-01,-1.893590688705444336e-01,-2.301914691925048828e-01,1.142203450202941895e+00,6.160537153482437134e-02,3.978000000000000000e+03,4.029962158203125000e+03
3.221365213394165039e-01,-3.499999940395355225e-01,2.102987617254257202e-01,-3.628629446029663086e-01,9.105428457260131836e-01,6.326726078987121582e-02,2.573000000000000000e+03,2.612327148437500000e+03
5.481259822845458984e-01,-2.000000029802322388e-01,2.949952185153961182e-01,2.760195732116699219e-01,1.085005402565002441e+00,8.475338667631149292e-02,2.881000000000000000e+03,3.558241699218750000e+03
3.562291860580444336e-01,2.145627290010452271e-01,3.502626717090606689e-02,2.864848375320434570e-01,1.274053335189819336e+00,5.980076640844345093e-02,4.838000000000000000e+03,5.156092773437500000e+03
4.223684668540954590e-01,1.366542428731918335e-01,8.380013704299926758e-01,1.242490261793136597e-01,1.020820379257202148e+00,5.262599140405654907e-02,4.155000000000000000e+03,4.819362792968750000e+03
4.531060755252838135e-01,-5.000000000000000000e-01,3.796808421611785889e-01,-2.463246434926986694e-01,9.136437773704528809e-01,7.685541361570358276e-02,2.882000000000000000e+03,3.117832519531250000e+03
3.896152675151824951e-01,-3.499999940395355225e-01,1.462088078260421753e-01,-7.639121264219284058e-02,1.158162832260131836e+00,5.985131487250328064e-02,4.580000000000000000e+03,5.027341308593750000e+03
-4.000000059604644775e-01,2.514390051364898682e-01,-5.121920108795166016e-01,4.884400367736816406e-01,7.806066870689392090e-01,8.888798952102661133e-02,2.765000000000000000e+03,3.068796386718750000e+03
1.764043420553207397e-01,4.223684668540954590e-01,4.003714770078659058e-02,1.200152188539505005e-01,9.983007311820983887e-01,7.907595485448837280e-02,3.110000000000000000e+03,3.444914794921875000e+03
4.223684668540954590e-01,-2.500000000000000000e-01,2.673788964748382568e-01,-4.084211289882659912e-01,1.095863223075866699e+00,5.694102495908737183e-02,4.134000000000000000e+03,4.301667968750000000e+03
1.662398129701614380e-01,-2.131237089633941650e-01,-1.642803102731704712e-01,-5.310755372047424316e-01,1.220271587371826172e+00,6.377307325601577759e-02,4.678000000000000000e+03,5.318035644531250000e+03
1.175724491477012634e-01,6.961627006530761719e-01,-3.140280023217201233e-02,6.903187036514282227e-01,5.336456298828125000e-01,1.002965494990348816e-01,1.578000000000000000e+03,1.698949829101562500e+03
-3.672468066215515137e-01,3.896152675151824951e-01,-7.173629403114318848e-01,2.282201200723648071e-01,1.149619936943054199e+00,4.926824197173118591e-02,3.901000000000000000e+03,4.327897460937500000e+03
2.514390051364898682e-01,2.872454822063446045e-01,3.777020871639251709e-01,1.331326514482498169e-01,1.159970283508300781e+00,5.309084430336952209e-02,5.581000000000000000e+03,5.744731933593750000e+03
9.482004493474960327e-02,-3.499999940395355225e-01,1.033137142658233643e-01,-7.852768301963806152e-01,1.173239588737487793e+00,5.668578296899795532e-02,4.847000000000000000e+03,5.495019531250000000e+03
2.372455000877380371e-01,6.379825472831726074e-01,-3.340360894799232483e-02,1.015277862548828125e+00,9.361466765403747559e-01,8.152929693460464478e-02,3.200000000000000000e+03,3.949404785156250000e+03
2.145627290010452271e-01,-3.200559616088867188e-01,5.708169341087341309e-01,-2.576401829719543457e-01,1.085465312004089355e+00,6.550141423940658569e-02,3.983000000000000000e+03,4.413655761718750000e+03
5.481259822845458984e-01,-1.024989411234855652e-02,5.923347473144531250e-01,6.574140489101409912e-02,7.314085364341735840e-01,5.698828771710395813e-02,2.792000000000000000e+03,2.832199462890625000e+03
3.221365213394165039e-01,-2.500000000000000000e-01,3.449602723121643066e-01,1.042868662625551224e-02,1.275612831115722656e+00,5.342753231525421143e-02,4.542000000000000000e+03,4.731341308593750000e+03
5.481259822845458984e-01,-2.000000029802322388e-01,2.783806920051574707e-01,-1.764537096023559570e-01,8.074389100074768066e-01,6.593054533004760742e-02,2.612000000000000000e+03,2.897838623046875000e+03
6.083970069885253906e-01,1.276406794786453247e-01,8.291414976119995117e-01,4.534603357315063477e-01,7.504915595054626465e-01,8.260903507471084595e-02,3.156000000000000000e+03,3.977777099609375000e+03
-3.000000119209289551e-01,0.000000000000000000e+00,-3.146098256111145020e-01,-1.096875071525573730e-01,1.040468692779541016e+00,7.012799382209777832e-02,3.638000000000000000e+03,3.678901611328125000e+03
0.000000000000000000e+00,-5.000000000000000000e-01,-2.851217985153198242e-01,-1.975432485342025757e-01,9.811446070671081543e-01,6.386284530162811279e-02,3.541000000000000000e+03,4.153644042968750000e+03
5.481259822845458984e-01,-2.000000029802322388e-01,7.269243597984313965e-01,-2.517951130867004395e-01,6.027151346206665039e-01,9.115554392337799072e-02,1.845000000000000000e+03,2.017182739257812500e+03
-6.000000238418579102e-01,1.585852205753326416e-01,-9.060390591621398926e-01,1.512544322758913040e-02,1.073011755943298340e+00,6.929113715887069702e-02,3.665000000000000000e+03,4.020032470703125000e+03
-3.707512021064758301e-01,3.221365213394165039e-01,1.044109463691711426e-01,2.723802030086517334e-01,1.144165515899658203e+00,6.144662573933601379e-02,4.461000000000000000e+03,5.210017578125000000e+03
-3.000000119209289551e-01,2.514390051364898682e-01,-8.952332735061645508e-01,3.327394425868988037e-01,1.231977939605712891e+00,5.079281702637672424e-02,4.710000000000000000e+03,5.776369140625000000e+03
-1.500000059604644775e-01,2.872454822063446045e-01,3.302678763866424561e-01,-3.966686129570007324e-02,1.232258796691894531e+00,5.600912868976593018e-02,5.034000000000000000e+03,6.103478027343750000e+03
2.872454822063446045e-01,-3.000000119209289551e-01,-2.199989855289459229e-01,-4.049293696880340576e-01,1.236445188522338867e+00,5.620892718434333801e-02,5.164000000000000000e+03,6.037582519531250000e+03
-5.000000000000000000e-01,-4.499999880790710449e-01,-3.031533062458038330e-01,-4.377339780330657959e-01,5.236896872520446777e-01,1.686530262231826782e-01,8.950000000000000000e+02,1.017923400878906250e+03
-4.000000059604644775e-01,1.366542428731918335e-01,4.120302945375442505e-02,1.504211276769638062e-01,1.203983664512634277e+00,5.554025992751121521e-02,4.442000000000000000e+03,5.022267089843750000e+03
3.221365213394165039e-01,9.482004493474960327e-02,6.502162218093872070e-01,-2.349639832973480225e-01,1.215111851692199707e+00,5.840020999312400818e-02,4.808000000000000000e+03,5.491509765625000000e+03
2.872454822063446045e-01,-2.131237089633941650e-01,3.051638901233673096e-01,-2.177745997905731201e-01,1.223873376846313477e+00,5.881601944565773010e-02,4.823000000000000000e+03,4.824085937500000000e+03
-4.499999880790710449e-01,-3.363551944494247437e-02,-6.902670860290527344e-01,-9.494522958993911743e-02,1.221638441085815430e+00,5.010673776268959045e-02,4.573000000000000000e+03,4.759498535156250000e+03
2.514390051364898682e-01,6.961627006530761719e-01,8.438789844512939453e-02,6.571150422096252441e-01,8.277249932289123535e-01,6.546281278133392334e-02,2.848000000000000000e+03,2.969333740234375000e+03
-5.000000000000000000e-01,0.000000000000000000e+00,-1.753349900245666504e-01,4.161067605018615723e-01,1.164672613143920898e+00,6.116390228271484375e-02,3.693000000000000000e+03,4.418447265625000000e+03
2.514390051364898682e-01,2.872454822063446045e-01,1.052652671933174133e-01,2.507385909557342529e-01,1.008735537528991699e+00,7.358583807945251465e-02,3.058000000000000000e+03,3.125733154296875000e+03
1.764043420553207397e-01,3.562291860580444336e-01,1.379145383834838867e-01,2.419459074735641479e-01,1.276371479034423828e+00,5.679435282945632935e-02,3.349000000000000000e+03,3.378734375000000000e+03
-3.672468066215515137e-01,-1.000000014901161194e-01,-3.696175515651702881e-01,2.292369157075881958e-01,1.279294252395629883e+00,5.965678393840789795e-02,4.933000000000000000e+03,5.254348144531250000e+03
2.872454822063446045e-01,-4.499999880790710449e-01,3.140010237693786621e-01,-4.469728469848632812e-01,5.337994098663330078e-01,8.717588335275650024e-02,1.138000000000000000e+03,1.140915161132812500e+03
-1.500000059604644775e-01,2.145627290010452271e-01,-5.704579353332519531e-01,-1.679660975933074951e-01,1.023208737373352051e+00,6.736764311790466309e-02,4.393000000000000000e+03,5.672438476562500000e+03
1.329784244298934937e-01,-5.500000119209289551e-01,3.650434315204620361e-01,-5.125901103019714355e-01,1.056095242500305176e+00,5.708182975649833679e-02,4.255000000000000000e+03,4.462904785156250000e+03
1.562864147126674652e-02,6.083970069885253906e-01,-7.089751958847045898e-02,7.948089241981506348e-01,1.059629201889038086e+00,5.690276995301246643e-02,3.228000000000000000e+03,3.348353271484375000e+03
-3.499999940395355225e-01,5.173884034156799316e-01,-6.070464253425598145e-01,2.152255028486251831e-01,1.051285624504089355e+00,6.374755501747131348e-02,3.750000000000000000e+03,4.267022949218750000e+03
-3.499999940395355225e-01,5.481259822845458984e-01,-3.975614011287689209e-01,4.074399471282958984e-01,8.977445363998413086e-01,6.549032777547836304e-02,3.292000000000000000e+03,3.381432128906250000e+03
-2.000000029802322388e-01,2.145627290010452271e-01,-8.802027255296707153e-02,2.816341817378997803e-01,1.052112221717834473e+00,5.985544621944427490e-02,4.275000000000000000e+03,4.340341308593750000e+03
3.221365213394165039e-01,3.562291860580444336e-01,5.387599468231201172e-01,4.225621223449707031e-01,9.005904197692871094e-01,5.178109928965568542e-02,3.994000000000000000e+03,4.243467285156250000e+03
-5.000000000000000000e-01,-1.419351249933242798e-02,-2.089865356683731079e-01,4.147982299327850342e-01,1.211553692817687988e+00,6.215449050068855286e-02,4.435000000000000000e+03,5.216811523437500000e+03
-3.499999940395355225e-01,-4.000000059604644775e-01,-4.023698270320892334e-01,-3.587209284305572510e-01,8.265627026557922363e-01,6.340616941452026367e-02,3.053000000000000000e+03,3.072760986328125000e+03
3.221365213394165039e-01,2.514390051364898682e-01,1.359936445951461792e-01,2.913744747638702393e-01,6.299103498458862305e-01,7.046747952699661255e-02,2.361000000000000000e+03,2.572300048828125000e+03
5.000000074505805969e-02,6.083970069885253906e-01,-2.335626631975173950e-02,6.027518510818481445e-01,8.240266442298889160e-01,6.032283231616020203e-02,3.373000000000000000e+03,3.399786376953125000e+03
-6.999999880790710449e-01,-1.297376602888107300e-01,-7.339270710945129395e-01,-2.187139540910720825e-02,6.187292337417602539e-01,7.692748308181762695e-02,2.389000000000000000e+03,2.468246582031250000e+03
-1.618416309356689453e-01,-4.499999880790710449e-01,-1.106519773602485657e-01,-8.364839851856231689e-02,1.254507660865783691e+00,5.832481384277343750e-02,4.391000000000000000e+03,4.764476074218750000e+03
1.989930123090744019e-01,6.379825472831726074e-01,-1.640473157167434692e-01,4.261695146560668945e-01,9.451966881752014160e-01,5.900864303112030029e-02,3.451000000000000000e+03,4.106530273437500000e+03
-3.000000119209289551e-01,-4.672468006610870361e-01,-4.481537342071533203e-01,-2.494267225265502930e-01,1.051622867584228516e+00,6.826066970825195312e-02,3.594000000000000000e+03,3.816377197265625000e+03
4.223684668540954590e-01,-2.131237089633941650e-01,3.015431761741638184e-01,-4.257521033287048340e-01,1.077706456184387207e+00,6.171214580535888672e-02,4.797000000000000000e+03,5.041144042968750000e+03
3.896152675151824951e-01,-5.000000000000000000e-01,1.590740680694580078e-01,-3.712228834629058838e-01,7.965655922889709473e-01,6.946112215518951416e-02,2.362000000000000000e+03,2.615341552734375000e+03
-5.000000000000000000e-01,-1.166139394044876099e-01,-5.682043433189392090e-01,-6.692924350500106812e-02,9.301170110702514648e-01,8.438938856124877930e-02,3.090000000000000000e+03,3.115389892578125000e+03
-3.000000119209289551e-01,-4.499999880790710449e-01,-1.165529489517211914e-01,-3.639502525329589844e-01,9.417932033538818359e-01,6.652897596359252930e-02,3.591000000000000000e+03,3.754986572265625000e+03
5.000000074505805969e-02,3.562291860580444336e-01,1.166410073637962341e-01,6.365257501602172852e-01,8.265708684921264648e-01,6.230467557907104492e-02,2.945000000000000000e+03,3.292561279296875000e+03
3.396152555942535400e-01,-7.500000000000000000e-01,4.783155322074890137e-01,-6.595978140830993652e-01,8.323324322700500488e-01,6.763312220573425293e-02,2.875000000000000000e+03,2.987782714843750000e+03
4.862083792686462402e-01,-3.499999940395355225e-01,7.412879467010498047e-01,-3.354107439517974854e-01,1.045794606208801270e+00,5.959935486316680908e-02,3.780000000000000000e+03,4.001948242187500000e+03
-2.000000029802322388e-01,5.000000074505805969e-02,-1.950533539056777954e-01,2.535126507282257080e-01,8.450473546981811523e-01,6.961134821176528931e-02,2.896000000000000000e+03,3.061988525390625000e+03
-6.000000238418579102e-01,-3.499999940395355225e-01,-4.777798950672149658e-01,-2.663578391075134277e-01,8.399860858917236328e-01,6.590302288532257080e-02,3.194000000000000000e+03,3.292497314453125000e+03
0.000000000000000000e+00,-5.000000000000000000e-01,1.791011244058609009e-01,-5.980314612388610840e-01,1.168052911758422852e+00,5.679370090365409851e-02,4.645000000000000000e+03,4.785605957031250000e+03
-8.253445476293563843e-02,4.862083792686462402e-01,2.438833564519882202e-01,6.090791821479797363e-01,1.030316352844238281e+00,6.127981841564178467e-02,4.585000000000000000e+03,5.096881835937500000e+03
-2.500000000000000000e-01,2.872454822063446045e-01,-6.803655028343200684e-01,7.792468070983886719e-01,1.255796551704406738e+00,5.341394245624542236e-02,4.288000000000000000e+03,5.387635742187500000e+03
8.815837651491165161e-02,-3.499999940395355225e-01,1.195732876658439636e-01,-2.211339771747589111e-01,7.747604250907897949e-01,8.994877338409423828e-02,3.108000000000000000e+03,3.198606933593750000e+03
3.896152675151824951e-01,-2.659073472023010254e-01,-8.886752650141716003e-03,-2.670151889324188232e-01,1.032673120498657227e+00,6.058793514966964722e-02,3.565000000000000000e+03,4.079599365234375000e+03
-3.499999940395355225e-01,-2.204144299030303955e-01,1.200154200196266174e-01,-4.943653047084808350e-01,1.285898685455322266e+00,6.072412058711051941e-02,4.673000000000000000e+03,5.478473632812500000e+03
2.514390051364898682e-01,-1.000000014901161194e-01,2.194235771894454956e-01,-5.075798183679580688e-02,5.307577252388000488e-01,7.104606181383132935e-02,1.165000000000000000e+03,1.179269531250000000e+03
5.173884034156799316e-01,2.462217807769775391e-01,9.758834242820739746e-01,5.687663555145263672e-01,1.000908493995666504e+00,7.034187763929367065e-02,3.620000000000000000e+03,4.690980468750000000e+03
4.545493423938751221e-01,9.482004493474960327e-02,3.869092166423797607e-01,2.522121369838714600e-01,6.108675003051757812e-01,6.546134501695632935e-02,1.997000000000000000e+03,2.151417724609375000e+03
-3.499999940395355225e-01,-5.000000074505805969e-02,-1.554840356111526489e-01,-4.857738018035888672e-01,1.279223680496215820e+00,6.100945919752120972e-02,4.873000000000000000e+03,5.529536132812500000e+03
2.514390051364898682e-01,-4.000000059604644775e-01,7.711832970380783081e-02,-1.751904487609863281e-01,8.917635679244995117e-01,5.627630650997161865e-02,3.679000000000000000e+03,4.044291992187500000e+03
-3.000000119209289551e-01,-3.499999940395355225e-01,-3.294177353382110596e-01,1.436299979686737061e-01,9.906685352325439453e-01,6.836333870887756348e-02,3.958000000000000000e+03,4.895445800781250000e+03
-1.500000059604644775e-01,-4.000000059604644775e-01,-7.789849489927291870e-02,-2.974805608391761780e-02,9.062287807464599609e-01,6.619824469089508057e-02,3.271000000000000000e+03,3.816104980468750000e+03
-3.000000119209289551e-01,2.145627290010452271e-01,-2.953676320612430573e-02,2.018170654773712158e-01,1.125677943229675293e+00,5.928624793887138367e-02,3.634000000000000000e+03,3.841280273437500000e+03
5.000000074505805969e-02,5.173884034156799316e-01,3.949283957481384277e-01,4.956918954849243164e-01,1.040432453155517578e+00,7.065309584140777588e-02,3.798000000000000000e+03,4.207005371093750000e+03
4.545493423938751221e-01,3.275320306420326233e-02,1.821196973323822021e-01,-4.584563076496124268e-01,1.177956700325012207e+00,7.293127477169036865e-02,4.184000000000000000e+03,5.093053710937500000e+03
9.482004493474960327e-02,5.000000074505805969e-02,1.063937991857528687e-01,3.405496776103973389e-01,8.834083676338195801e-01,6.055971235036849976e-02,3.563000000000000000e+03,3.939042480468750000e+03
3.221365213394165039e-01,4.545493423938751221e-01,-1.823783367872238159e-01,1.514961272478103638e-01,1.132364869117736816e+00,5.721512809395790100e-02,4.047000000000000000e+03,5.084832519531250000e+03
3.562291860580444336e-01,1.366542428731918335e-01,-7.162095606327056885e-02,1.434031426906585693e-01,9.403614401817321777e-01,6.310825794935226440e-02,3.477000000000000000e+03,4.165130371093750000e+03
-4.166139364242553711e-01,-2.500000000000000000e-01,-5.506238937377929688e-01,-3.225430250167846680e-01,1.017157435417175293e+00,5.543139576911926270e-02,4.611000000000000000e+03,4.713859863281250000e+03
-4.000000059604644775e-01,1.366542428731918335e-01,-5.668876171112060547e-01,4.758247360587120056e-02,7.692790031433105469e-01,7.858961075544357300e-02,2.301000000000000000e+03,2.438063720703125000e+03
-4.499999880790710449e-01,-8.165807463228702545e-03,1.007435470819473267e-01,-1.449055075645446777e-01,1.247743368148803711e+00,5.497286468744277954e-02,5.124000000000000000e+03,6.138086914062500000e+03
-4.499999880790710449e-01,2.145627290010452271e-01,-4.196161031723022461e-01,5.024942755699157715e-02,9.043215513229370117e-01,5.834300816059112549e-02,3.876000000000000000e+03,4.006893798828125000e+03
6.961627006530761719e-01,3.692008256912231445e-01,6.674369573593139648e-01,6.103259921073913574e-01,6.452194452285766602e-01,9.149271249771118164e-02,2.374000000000000000e+03,2.700056152343750000e+03
-5.000000000000000000e-01,2.075843513011932373e-01,-4.726993441581726074e-01,2.819619476795196533e-01,1.124151229858398438e+00,6.245087459683418274e-02,4.677000000000000000e+03,4.700115722656250000e+03
5.784529447555541992e-01,-2.172468006610870361e-01,6.429182887077331543e-01,-5.987862125039100647e-02,1.080089211463928223e+00,7.113379240036010742e-02,2.878000000000000000e+03,2.948758056640625000e+03
-6.000000238418579102e-01,-1.419351249933242798e-02,-6.670553088188171387e-01,2.392496615648269653e-01,8.158205747604370117e-01,6.593942642211914062e-02,3.296000000000000000e+03,3.628663574218750000e+03
3.338605910539627075e-02,4.545493423938751221e-01,3.090469539165496826e-01,7.755326032638549805e-01,1.147269487380981445e+00,6.091056019067764282e-02,4.212000000000000000e+03,4.768641601562500000e+03
-4.499999880790710449e-01,2.494537532329559326e-01,-4.906535446643829346e-01,2.791850082576274872e-02,5.600215792655944824e-01,6.434938311576843262e-02,1.974000000000000000e+03,2.282569335937500000e+03
2.145627290010452271e-01,5.784529447555541992e-01,1.316550076007843018e-01,3.632701933383941650e-01,5.115520954132080078e-01,9.194608032703399658e-02,1.234000000000000000e+03,1.474603759765625000e+03
3.687628731131553650e-02,-4.000000059604644775e-01,-1.642940044403076172e-01,-5.007286667823791504e-01,1.226373076438903809e+00,6.150217354297637939e-02,5.459000000000000000e+03,5.641168945312500000e+03
3.221365213394165039e-01,5.000000074505805969e-02,3.831039071083068848e-01,-6.636035442352294922e-02,6.067546010017395020e-01,1.311501264572143555e-01,1.586000000000000000e+03,1.659576904296875000e+03
2.145627290010452271e-01,-4.000000059604644775e-01,2.672965824604034424e-01,-7.265539169311523438e-01,1.088603854179382324e+00,7.529951632022857666e-02,4.537000000000000000e+03,4.946474609375000000e+03
4.223684668540954590e-01,-4.000000059604644775e-01,5.571918487548828125e-01,-3.745602667331695557e-01,6.084160208702087402e-01,8.096642792224884033e-02,2.139000000000000000e+03,2.246220214843750000e+03
-1.102498918771743774e-01,6.083970069885253906e-01,-3.722901344299316406e-01,5.824853181838989258e-01,8.914139866828918457e-01,5.731261521577835083e-02,3.464000000000000000e+03,3.759890625000000000e+03
-1.000000014901161194e-01,-1.696730405092239380e-01,-2.397977262735366821e-01,-3.985423147678375244e-01,1.133418798446655273e+00,6.435814499855041504e-02,4.416000000000000000e+03,4.659416992187500000e+03
6.961627006530761719e-01,-3.499999940395355225e-01,3.841165006160736084e-01,-3.487029969692230225e-01,8.749842643737792969e-01,6.450114399194717407e-02,2.845000000000000000e+03,3.196954589843750000e+03
-3.159073293209075928e-01,-2.651089727878570557e-01,-4.249581098556518555e-01,-1.835061758756637573e-01,1.254906773567199707e+00,5.834838747978210449e-02,4.541000000000000000e+03,4.594564941406250000e+03
3.221365213394165039e-01,-2.000000029802322388e-01,6.046519875526428223e-01,-9.746278822422027588e-02,1.070239424705505371e+00,6.326712667942047119e-02,4.042000000000000000e+03,4.354546875000000000e+03
3.896152675151824951e-01,-2.000000029802322388e-01,5.047026872634887695e-01,-6.610497832298278809e-01,1.233155488967895508e+00,5.700476840138435364e-02,3.984000000000000000e+03,4.556892578125000000e+03
-2.500000000000000000e-01,-3.000000119209289551e-01,-2.171888053417205811e-01,-1.697035580873489380e-01,1.067099452018737793e+00,6.254026293754577637e-02,3.577000000000000000e+03,3.633530517578125000e+03
-5.000000074505805969e-02,4.862083792686462402e-01,3.237343728542327881e-01,4.001918435096740723e-01,1.205856084823608398e+00,5.606031417846679688e-02,4.408000000000000000e+03,4.843883789062500000e+03
-3.499999940395355225e-01,1.764043420553207397e-01,-2.344172298908233643e-01,3.016029000282287598e-01,8.116033673286437988e-01,6.310540437698364258e-02,3.174000000000000000e+03,3.312169677734375000e+03
3.896152675151824951e-01,2.145627290010452271e-01,1.322549283504486084e-01,-2.159234695136547089e-02,1.001575112342834473e+00,6.437266618013381958e-02,3.989000000000000000e+03,4.461630859375000000e+03
3.896152675151824951e-01,5.481259822845458984e-01,3.444713354110717773e-01,2.478076517581939697e-01,7.521753907203674316e-01,6.898878514766693115e-02,2.096000000000000000e+03,2.426122802734375000e+03
-3.159073293209075928e-01,2.872454822063446045e-01,-1.085618287324905396e-01,-2.072092592716217041e-01,1.258890509605407715e+00,6.218909844756126404e-02,4.843000000000000000e+03,5.687205566406250000e+03
1.366542428731918335e-01,-2.159073352813720703e-01,1.339872926473617554e-01,-2.754673957824707031e-01,5.701974630355834961e-01,8.911702781915664673e-02,1.842000000000000000e+03,1.862110595703125000e+03
2.132806330919265747e-01,4.834806919097900391e-01,-1.100859493017196655e-01,4.588235616683959961e-01,1.155491828918457031e+00,6.553199887275695801e-02,4.447000000000000000e+03,4.790863281250000000e+03
3.184255063533782959e-01,2.514390051364898682e-01,2.178457230329513550e-01,1.010346189141273499e-01,1.206781148910522461e+00,6.047177687287330627e-02,3.936000000000000000e+03,4.023802246093750000e+03
-3.499999940395355225e-01,5.784529447555541992e-01,-4.414212703704833984e-01,4.718591570854187012e-01,7.272630333900451660e-01,7.347382605075836182e-02,2.813000000000000000e+03,2.916687255859375000e+03
-4.000000059604644775e-01,-5.000000074505805969e-02,-4.604484438896179199e-01,-2.353501133620738983e-02,1.264846205711364746e+00,5.756330862641334534e-02,4.879000000000000000e+03,4.892255371093750000e+03
5.000000074505805969e-02,4.223684668540954590e-01,-9.429046185687184334e-04,3.164599835872650146e-01,7.435939311981201172e-01,6.483487039804458618e-02,2.616000000000000000e+03,2.680754882812500000e+03
3.221365213394165039e-01,3.562291860580444336e-01,4.824424982070922852e-01,2.706762552261352539e-01,1.206718921661376953e+00,6.235485151410102844e-02,4.584000000000000000e+03,4.687714355468750000e+03
-1.183409467339515686e-01,7.893136888742446899e-02,5.837312340736389160e-02,2.219200432300567627e-01,7.832514047622680664e-01,8.004997670650482178e-02,2.781000000000000000e+03,3.010539794921875000e+03
-1.178191304206848145e-01,-6.000000238418579102e-01,-1.739631295204162598e-01,-6.514565348625183105e-01,6.624244451522827148e-01,7.497178018093109131e-02,2.380000000000000000e+03,2.411370605468750000e+03
1.688351184129714966e-01,5.784529447555541992e-01,2.891590297222137451e-01,4.775567948818206787e-01,8.757209181785583496e-01,6.215794011950492859e-02,3.522000000000000000e+03,3.634677490234375000e+03
1.316963285207748413e-01,6.083970069885253906e-01,-7.152312248945236206e-02,6.852883100509643555e-01,9.435415267944335938e-01,8.001800626516342163e-02,2.839000000000000000e+03,2.987919677734375000e+03
3.562291860580444336e-01,-4.672468006610870361e-01,1.293690688908100128e-02,-4.043470323085784912e-01,1.025821805000305176e+00,5.589352920651435852e-02,4.381000000000000000e+03,4.874021484375000000e+03
5.000000074505805969e-02,-4.000000059604644775e-01,9.246273338794708252e-02,-9.342873841524124146e-02,1.096310257911682129e+00,6.280031800270080566e-02,4.828000000000000000e+03,5.206266601562500000e+03
-2.500000000000000000e-01,-3.000000119209289551e-01,-4.645500183105468750e-01,-5.760964155197143555e-01,1.179583907127380371e+00,6.217194721102714539e-02,4.898000000000000000e+03,5.319962402343750000e+03
2.225104346871376038e-02,-4.499999880790710449e-01,-5.395514965057373047e-01,-1.061819642782211304e-01,1.132622122764587402e+00,5.874998867511749268e-02,4.466000000000000000e+03,5.885289062500000000e+03
1.366542428731918335e-01,-4.000000059604644775e-01,1.524448245763778687e-01,-2.635414898395538330e-01,1.174358606338500977e+00,5.427668988704681396e-02,4.683000000000000000e+03,4.746974121093750000e+03
-5.179951898753643036e-03,-4.499999880790710449e-01,-6.590662151575088501e-02,-2.916055321693420410e-01,1.161431670188903809e+00,5.046303942799568176e-02,4.527000000000000000e+03,4.623038085937500000e+03
-6.692624092102050781e-01,2.871047705411911011e-02,-6.670154333114624023e-01,1.514006126672029495e-02,6.127823591232299805e-01,5.250936746597290039e-02,2.011000000000000000e+03,2.012019042968750000e+03
-4.000000059604644775e-01,-1.000000014901161194e-01,-1.907600015401840210e-01,-1.339041255414485931e-02,1.254819273948669434e+00,5.554541200399398804e-02,4.672000000000000000e+03,4.823291992187500000e+03
6.379825472831726074e-01,-6.834094226360321045e-02,1.028226137161254883e+00,7.976261526346206665e-02,8.722999691963195801e-01,6.845005601644515991e-02,2.895000000000000000e+03,3.526350830078125000e+03
-5.500000119209289551e-01,5.481259822845458984e-01,-5.429803133010864258e-01,4.996153116226196289e-01,8.242421746253967285e-01,5.409771949052810669e-02,3.289000000000000000e+03,3.300716552734375000e+03
-2.500000000000000000e-01,-2.500000000000000000e-01,-1.236357986927032471e-01,-4.341589212417602539e-01,8.700809478759765625e-01,6.388663500547409058e-02,3.665000000000000000e+03,3.902641601562500000e+03
-5.178191065788269043e-01,3.975010663270950317e-02,-5.822352170944213867e-01,4.875311851501464844e-01,1.137251377105712891e+00,6.092511117458343506e-02,4.067000000000000000e+03,4.688481445312500000e+03
6.515929847955703735e-02,6.961627006530761719e-01,-7.390993088483810425e-02,6.630753278732299805e-01,6.357762217521667480e-01,8.401082456111907959e-02,1.933000000000000000e+03,2.029401977539062500e+03
-3.659073412418365479e-01,-4.499999880790710449e-01,-2.076462209224700928e-01,-3.360289633274078369e-01,6.981866955757141113e-01,8.094041049480438232e-02,2.483000000000000000e+03,2.673315917968750000e+03
-5.000000074505805969e-02,5.481259822845458984e-01,-2.583022117614746094e-01,3.109213411808013916e-01,1.108418226242065430e+00,5.500100925564765930e-02,4.275000000000000000e+03,4.615837890625000000e+03
3.533165454864501953e-01,-1.131237149238586426e-01,6.827561855316162109e-01,-3.375485539436340332e-01,1.263837695121765137e+00,5.204768478870391846e-02,5.098000000000000000e+03,5.593889160156250000e+03
3.580648824572563171e-02,-4.499999880790710449e-01,1.854170928709208965e-03,-9.345731139183044434e-02,1.246178865432739258e+00,4.983170330524444580e-02,3.858000000000000000e+03,4.170979492187500000e+03
-3.000000119209289551e-01,-3.000000119209289551e-01,-4.600506722927093506e-01,-1.383165270090103149e-01,1.168738245964050293e+00,6.072524562478065491e-02,3.807000000000000000e+03,3.949752441406250000e+03
2.872454822063446045e-01,3.562291860580444336e-01,2.705549299716949463e-01,4.977305531501770020e-01,9.757700562477111816e-01,6.689290702342987061e-02,3.865000000000000000e+03,3.946994140625000000e+03
3.562291860580444336e-01,-4.499999880790710449e-01,3.714359104633331299e-01,-5.884672403335571289e-01,6.333489418029785156e-01,1.254904866218566895e-01,1.717000000000000000e+03,1.799182128906250000e+03
5.173884034156799316e-01,1.260000616312026978e-01,3.667972683906555176e-01,-2.395715266466140747e-01,1.195992708206176758e+00,6.061471998691558838e-02,4.384000000000000000e+03,4.850441894531250000e+03
-3.499999940395355225e-01,-1.500000059604644775e-01,-5.681828856468200684e-01,-2.585010230541229248e-01,1.232770800590515137e+00,5.565747991204261780e-02,4.591000000000000000e+03,4.769091796875000000e+03
-2.151089608669281006e-01,-3.210686445236206055e-01,-4.164662361145019531e-01,-4.784244000911712646e-01,1.245406270027160645e+00,5.508866161108016968e-02,4.866000000000000000e+03,5.068848144531250000e+03
-5.000000000000000000e-01,0.000000000000000000e+00,-3.004062687978148460e-03,1.894431374967098236e-02,1.199179768562316895e+00,5.515002831816673279e-02,4.630000000000000000e+03,5.398687988281250000e+03
-4.499999880790710449e-01,3.562291860580444336e-01,-1.939987763762474060e-02,3.603672981262207031e-01,9.789065122604370117e-01,6.736484915018081665e-02,3.535000000000000000e+03,4.191619628906250000e+03
4.545493423938751221e-01,1.764043420553207397e-01,6.593501567840576172e-01,8.967186510562896729e-02,1.218586444854736328e+00,5.418304353952407837e-02,4.234000000000000000e+03,4.373608398437500000e+03
-5.500000119209289551e-01,-2.131237089633941650e-01,-5.012783408164978027e-01,-2.189626693725585938e-01,1.039252042770385742e+00,5.452451482415199280e-02,3.558000000000000000e+03,3.565890136718750000e+03
-5.000000000000000000e-01,-1.000000014901161194e-01,-3.043602108955383301e-01,5.013187229633331299e-02,1.207552790641784668e+00,5.811217054724693298e-02,3.927000000000000000e+03,4.088922607421875000e+03
-3.000000119209289551e-01,2.514390051364898682e-01,-4.086213409900665283e-01,2.246985882520675659e-01,1.194102764129638672e+00,6.518507748842239380e-02,4.599000000000000000e+03,4.639390136718750000e+03
-4.000000059604644775e-01,-3.000000119209289551e-01,-7.212482094764709473e-01,-2.834442853927612305e-01,1.098877072334289551e+00,6.429332494735717773e-02,3.577000000000000000e+03,3.877360107421875000e+03
3.221365213394165039e-01,-2.000000029802322388e-01,1.807528585195541382e-01,-1.530093848705291748e-01,1.269749402999877930e+00,5.337869748473167419e-02,4.805000000000000000e+03,4.870640625000000000e+03
2.494537532329559326e-01,-3.499999940395355225e-01,3.587623834609985352e-01,-2.718364298343658447e-01,9.776810407638549805e-01,6.826674193143844604e-02,3.557000000000000000e+03,3.623978271484375000e+03
-4.000000059604644775e-01,3.221365213394165039e-01,-4.273278117179870605e-01,2.402710020542144775e-01,5.070777535438537598e-01,1.093669012188911438e-01,1.570000000000000000e+03,1.615193603515625000e+03
4.545493423938751221e-01,3.221365213394165039e-01,4.243733286857604980e-01,4.530405402183532715e-01,8.579258322715759277e-01,8.170229196548461914e-02,2.932000000000000000e+03,3.003596435546875000e+03
0.000000000000000000e+00,3.896152675151824951e-01,-4.764944314956665039e-02,1.654509603977203369e-01,1.107705950736999512e+00,6.961658596992492676e-02,3.818000000000000000e+03,3.979779785156250000e+03
3.562291860580444336e-01,3.221365213394165039e-01,7.831296920776367188e-01,4.242012500762939453e-01,1.164948105812072754e+00,5.430919304490089417e-02,4.180000000000000000e+03,4.754100585937500000e+03
-5.000000074505805969e-02,-4.000000059604644775e-01,4.526745527982711792e-02,-8.293620347976684570e-01,1.165746808052062988e+00,5.472257733345031738e-02,4.286000000000000000e+03,4.876922851562500000e+03
5.481259822845458984e-01,-1.210686340928077698e-01,6.874997019767761230e-01,-1.251612603664398193e-01,8.126955032348632812e-01,6.869366765022277832e-02,2.137000000000000000e+03,2.199299560546875000e+03
2.872454822063446045e-01,3.562291860580444336e-01,1.554369926452636719e-01,4.792577624320983887e-01,1.208506464958190918e+00,5.735095590353012085e-02,4.156000000000000000e+03,4.248053222656250000e+03
1.764043420553207397e-01,3.221365213394165039e-01,1.221120059490203857e-01,2.365724593400955200e-01,1.168069839477539062e+00,6.444229930639266968e-02,4.497000000000000000e+03,4.530697265625000000e+03
9.482004493474960327e-02,-1.500000059604644775e-01,-2.454413324594497681e-01,-5.197228789329528809e-01,1.054197192192077637e+00,6.573940068483352661e-02,4.080000000000000000e+03,4.963148925781250000e+03
-2.500000000000000000e-01,-3.499999940395355225e-01,-2.276081144809722900e-01,-6.260086297988891602e-01,1.200600028038024902e+00,5.365648865699768066e-02,4.867000000000000000e+03,5.122298339843750000e+03
-1.000000014901161194e-01,5.481259822845458984e-01,-3.933959007263183594e-01,5.430064201354980469e-01,9.957502484321594238e-01,5.452680587768554688e-02,3.594000000000000000e+03,3.899687255859375000e+03
-1.000000014901161194e-01,-2.000000029802322388e-01,-1.769134998321533203e-01,-4.562609791755676270e-01,6.830962896347045898e-01,9.220466762781143188e-02,2.102000000000000000e+03,2.413610107421875000e+03
3.221365213394165039e-01,2.514390051364898682e-01,8.328355103731155396e-02,3.388890326023101807e-01,6.941827535629272461e-01,9.704531729221343994e-02,2.271000000000000000e+03,2.566518554687500000e+03
-4.000000059604644775e-01,-1.000000014901161194e-01,-1.995642334222793579e-01,2.973627448081970215e-01,1.257527232170104980e+00,5.692591518163681030e-02,4.817000000000000000e+03,5.403654296875000000e+03
0.000000000000000000e+00,4.862083792686462402e-01,-8.340419083833694458e-02,4.398788809776306152e-01,1.180713891983032227e+00,5.619923025369644165e-02,4.133000000000000000e+03,4.160090820312500000e+03
-2.000000029802322388e-01,3.221365213394165039e-01,-9.176075458526611328e-02,9.714042395353317261e-02,1.261243343353271484e+00,1.198131069540977478e-01,7.044000000000000000e+03,7.317247558593750000e+03
-1.024989411234855652e-02,3.221365213394165039e-01,1.049897223711013794e-01,1.825091540813446045e-01,1.164932966232299805e+00,5.667792260646820068e-02,4.717000000000000000e+03,4.830619140625000000e+03
-4.499999880790710449e-01,-2.000000029802322388e-01,-4.558852910995483398e-01,7.952434569597244263e-02,1.002505064010620117e+00,5.527549237012863159e-02,3.465000000000000000e+03,3.729416015625000000e+03
2.145627290010452271e-01,-6.312371790409088135e-02,4.180044829845428467e-01,-4.989297688007354736e-01,9.230996370315551758e-01,6.481811404228210449e-02,3.463000000000000000e+03,4.354457519531250000e+03
1.366542428731918335e-01,2.514390051364898682e-01,1.171177402138710022e-01,-2.026538923382759094e-02,7.155258655548095703e-01,7.303878664970397949e-02,2.282000000000000000e+03,2.602711669921875000e+03
2.145627290010452271e-01,-2.641935050487518311e-01,2.211938798427581787e-01,-1.742655634880065918e-01,5.486913919448852539e-01,7.635218650102615356e-02,1.399000000000000000e+03,1.436512695312500000e+03
4.862083792686462402e-01,-6.590732932090759277e-02,5.024393796920776367e-01,-9.151430428028106689e-02,1.057365775108337402e+00,5.922405794262886047e-02,3.076000000000000000e+03,3.078502197265625000e+03
0.000000000000000000e+00,2.514390051364898682e-01,-8.193679153919219971e-03,1.935184150934219360e-01,1.020888686180114746e+00,7.743056118488311768e-02,3.557000000000000000e+03,3.568622802734375000e+03
8.815837651491165161e-02,3.221365213394165039e-01,5.377314686775207520e-01,2.625146806240081787e-01,1.145923972129821777e+00,6.187216192483901978e-02,4.223000000000000000e+03,4.861027832031250000e+03
-1.500000059604644775e-01,6.083970069885253906e-01,-4.095426499843597412e-01,4.361080825328826904e-01,9.942323565483093262e-01,6.468844413757324219e-02,3.715000000000000000e+03,4.071916259765625000e+03
3.562291860580444336e-01,1.366542428731918335e-01,1.745999902486801147e-01,9.792473167181015015e-02,1.277010798454284668e+00,5.166995525360107422e-02,3.992000000000000000e+03,4.076075195312500000e+03
3.221365213394165039e-01,2.803703844547271729e-01,8.219303190708160400e-02,-2.236120402812957764e-01,1.270521640777587891e+00,5.708762630820274353e-02,5.100000000000000000e+03,6.043786132812500000e+03
5.000000074505805969e-02,4.545493423938751221e-01,-1.482742577791213989e-01,6.035494208335876465e-01,1.013067007064819336e+00,5.905593186616897583e-02,4.153000000000000000e+03,4.398023437500000000e+03
-2.131237089633941650e-01,-2.500000000000000000e-01,8.269526809453964233e-02,-4.023267030715942383e-01,1.124505877494812012e+00,5.850774794816970825e-02,4.285000000000000000e+03,4.652583496093750000e+03
-3.499999940395355225e-01,2.132806330919265747e-01,-1.051210761070251465e-01,2.559148967266082764e-01,1.035113334655761719e+00,7.034776359796524048e-02,3.035000000000000000e+03,3.207274414062500000e+03
0.000000000000000000e+00,4.862083792686462402e-01,1.003556847572326660e-01,-4.920899868011474609e-02,1.178124070167541504e+00,6.046549230813980103e-02,4.555000000000000000e+03,5.487253906250000000e+03
-5.000000000000000000e-01,-5.000000074505805969e-02,-6.658699512481689453e-01,-5.472405552864074707e-01,1.179505825042724609e+00,5.298717692494392395e-02,3.402000000000000000e+03,4.045816162109375000e+03
-2.500000000000000000e-01,-4.000000059604644775e-01,-2.847972512245178223e-01,1.051053106784820557e-01,1.126215696334838867e+00,6.552296131849288940e-02,4.298000000000000000e+03,5.129791015625000000e+03
-5.000000000000000000e-01,1.679562181234359741e-01,-5.235205888748168945e-01,1.167125999927520752e-01,7.806832790374755859e-01,6.781231611967086792e-02,2.545000000000000000e+03,2.558314208984375000e+03
3.221365213394165039e-01,2.145627290010452271e-01,5.561081767082214355e-01,7.544449567794799805e-01,1.242972612380981445e+00,5.422758311033248901e-02,5.018000000000000000e+03,6.092074218750000000e+03
-5.000000074505805969e-02,-4.672468006610870361e-01,1.715714186429977417e-01,-1.412619352340698242e-01,1.134151339530944824e+00,6.950302422046661377e-02,4.143000000000000000e+03,4.630020507812500000e+03
-1.500000059604644775e-01,-8.165807463228702545e-03,-7.745802402496337891e-02,1.084874570369720459e-01,9.505156278610229492e-01,6.117094680666923523e-02,2.916000000000000000e+03,2.976522949218750000e+03
-2.500000000000000000e-01,5.173884034156799316e-01,-3.718467950820922852e-01,8.771357536315917969e-01,1.071567296981811523e+00,5.502798408269882202e-02,3.472000000000000000e+03,3.896509277343750000e+03
1.366542428731918335e-01,-3.000000119209289551e-01,2.532146573066711426e-01,-2.664480507373809814e-01,1.162119030952453613e+00,6.038460135459899902e-02,3.958000000000000000e+03,4.001212646484375000e+03
4.223684668540954590e-01,-5.000000000000000000e-01,4.300256446003913879e-02,-4.377881288528442383e-01,1.034035921096801758e+00,5.984935536980628967e-02,3.658000000000000000e+03,4.148944824218750000e+03
5.481259822845458984e-01,-2.500000000000000000e-01,5.405419468879699707e-01,-2.822693884372711182e-01,7.158953547477722168e-01,5.989667773246765137e-02,2.711000000000000000e+03,2.716757812500000000e+03
2.855316698551177979e-01,-4.672468006610870361e-01,-1.704017221927642822e-01,-2.576517164707183838e-01,1.050637006759643555e+00,6.427878886461257935e-02,3.341000000000000000e+03,4.066895751953125000e+03
1.764043420553207397e-01,-1.618416309356689453e-01,2.072871029376983643e-01,-4.346505701541900635e-01,1.177765607833862305e+00,6.750716269016265869e-02,4.123000000000000000e+03,4.343627929687500000e+03
5.000000074505805969e-02,1.366542428731918335e-01,6.049174070358276367e-02,6.137494370341300964e-02,5.880917310714721680e-01,1.264827847480773926e-01,1.478000000000000000e+03,1.502535644531250000e+03
-3.499999940395355225e-01,-3.000000119209289551e-01,-3.026011288166046143e-01,-2.796602845191955566e-01,4.257519543170928955e-01,1.033792719244956970e-01,1.353000000000000000e+03,1.372819335937500000e+03
-4.000000059604644775e-01,4.482004791498184204e-02,-2.726938128471374512e-01,5.691739320755004883e-01,1.252326011657714844e+00,5.601825192570686340e-02,5.245000000000000000e+03,6.180031250000000000e+03
2.863300442695617676e-01,2.872454822063446045e-01,1.654292643070220947e-01,1.640901863574981689e-01,1.212636470794677734e+00,6.966621428728103638e-02,4.424000000000000000e+03,4.513152343750000000e+03
3.896152675151824951e-01,5.000000074505805969e-02,4.600283205509185791e-01,4.496423155069351196e-02,1.269510865211486816e+00,5.789802595973014832e-02,3.730000000000000000e+03,3.741551757812500000e+03
1.764043420553207397e-01,0.000000000000000000e+00,6.280271410942077637e-01,-1.704128384590148926e-01,1.051855564117431641e+00,6.472817808389663696e-02,3.853000000000000000e+03,4.629898437500000000e+03
-2.500000000000000000e-01,-4.499999880790710449e-01,-1.155202612280845642e-01,-3.420513272285461426e-01,1.134231805801391602e+00,5.140103027224540710e-02,4.187000000000000000e+03,4.283073730468750000e+03
6.672313809394836426e-01,1.948896795511245728e-01,6.301691532135009766e-01,1.855624914169311523e-01,4.577904939651489258e-01,7.485489547252655029e-02,1.056000000000000000e+03,1.063363769531250000e+03
-1.000000014901161194e-01,-3.000000119209289551e-01,-2.261553257703781128e-01,-4.968312382698059082e-01,7.991128563880920410e-01,6.609018892049789429e-02,3.089000000000000000e+03,3.348382812500000000e+03
9.482004493474960327e-02,-1.500000059604644775e-01,-1.421318650245666504e-01,1.912401430308818817e-02,1.213386297225952148e+00,6.165739893913269043e-02,4.072000000000000000e+03,4.303137207031250000e+03
-6.724679470062255859e-02,-4.499999880790710449e-01,-9.233282506465911865e-02,-4.636815488338470459e-01,4.020228385925292969e-01,8.603360503911972046e-02,1.324000000000000000e+03,1.330638427734375000e+03
1.366542428731918335e-01,3.851605653762817383e-01,1.950564682483673096e-01,3.997738063335418701e-01,1.170575261116027832e+00,6.268221884965896606e-02,4.445000000000000000e+03,4.456844238281250000e+03
4.482004791498184204e-02,-4.000000059604644775e-01,-1.508897542953491211e-01,-2.724778056144714355e-01,1.036239266395568848e+00,5.749233067035675049e-02,4.150000000000000000e+03,4.358024414062500000e+03
4.223684668540954590e-01,3.221365213394165039e-01,-1.308555454015731812e-01,4.224007129669189453e-01,1.081361055374145508e+00,5.441865697503089905e-02,4.042000000000000000e+03,5.078550292968750000e+03
-2.000000029802322388e-01,-6.724679470062255859e-02,-9.034685790538787842e-02,-3.671379387378692627e-01,9.094421863555908203e-01,5.850357934832572937e-02,3.897000000000000000e+03,4.364214843750000000e+03
-1.500000059604644775e-01,-3.659073412418365479e-01,-7.017892599105834961e-02,-6.280830502510070801e-01,9.767233729362487793e-01,5.534015223383903503e-02,3.507000000000000000e+03,3.778178222656250000e+03
2.872454822063446045e-01,-1.000000014901161194e-01,-2.851111069321632385e-02,-5.673959255218505859e-01,1.052078247070312500e+00,6.032690405845642090e-02,3.983000000000000000e+03,5.064775390625000000e+03
6.379825472831726074e-01,1.230141967535018921e-01,5.186721682548522949e-01,-3.140903413295745850e-01,1.022293686866760254e+00,6.340401619672775269e-02,3.738000000000000000e+03,4.442768554687500000e+03
1.724607348442077637e-01,3.221365213394165039e-01,2.208213657140731812e-01,7.478214055299758911e-02,9.719130992889404297e-01,6.220952793955802917e-02,3.281000000000000000e+03,3.497720947265625000e+03
0.000000000000000000e+00,3.562291860580444336e-01,-8.225123584270477295e-02,4.546392560005187988e-01,7.603933215141296387e-01,6.888265162706375122e-02,2.655000000000000000e+03,2.729977050781250000e+03
5.000000074505805969e-02,3.896152675151824951e-01,6.375045776367187500e-01,2.849167883396148682e-01,1.224803090095520020e+00,5.911529436707496643e-02,4.876000000000000000e+03,5.979952148437500000e+03
-2.000000029802322388e-01,-1.000000014901161194e-01,-2.360063940286636353e-01,2.366866916418075562e-02,7.814222574234008789e-01,8.879218995571136475e-02,2.203000000000000000e+03,2.262458740234375000e+03
4.482004791498184204e-02,3.562291860580444336e-01,2.292716056108474731e-01,5.346525907516479492e-01,1.096797466278076172e+00,6.495684385299682617e-02,3.892000000000000000e+03,4.102342773437500000e+03
1.764043420553207397e-01,2.145627290010452271e-01,2.059590965509414673e-01,3.230526447296142578e-01,1.146330475807189941e+00,5.603308230638504028e-02,4.001000000000000000e+03,4.039278076171875000e+03
4.223684668540954590e-01,-4.000000059604644775e-01,4.890555739402770996e-01,-1.483829785138368607e-02,9.892341494560241699e-01,5.779512599110603333e-02,4.039000000000000000e+03,4.649228515625000000e+03
-4.000000059604644775e-01,-1.618416309356689453e-01,-5.374655127525329590e-01,4.388183355331420898e-01,1.201031088829040527e+00,6.747256964445114136e-02,4.165000000000000000e+03,5.205059570312500000e+03
-3.151089549064636230e-01,1.345701515674591064e-01,-1.880205273628234863e-01,1.374104022979736328e-01,1.102825760841369629e+00,5.353526771068572998e-02,3.714000000000000000e+03,3.763396484375000000e+03
-2.500000000000000000e-01,0.000000000000000000e+00,-5.269201397895812988e-01,-1.322601437568664551e-01,8.838023543357849121e-01,7.272098213434219360e-02,3.358000000000000000e+03,3.752741943359375000e+03
9.482004493474960327e-02,3.562291860580444336e-01,1.193805485963821411e-01,1.631684452295303345e-01,5.854490995407104492e-01,6.618314236402511597e-02,2.500000000000000000e+03,2.769224121093750000e+03
-5.000000074505805969e-02,4.862083792686462402e-01,-4.044521450996398926e-01,5.705501437187194824e-01,1.163271427154541016e+00,5.308033898472785950e-02,3.844000000000000000e+03,4.213310058593750000e+03
-6.000000238418579102e-01,-2.131237089633941650e-01,-6.152322292327880859e-01,-3.633807897567749023e-01,9.543576240539550781e-01,5.162616819143295288e-02,3.759000000000000000e+03,3.852679931640625000e+03
0.000000000000000000e+00,4.223684668540954590e-01,-9.776995331048965454e-02,4.123380780220031738e-01,1.253507375717163086e+00,5.579633638262748718e-02,5.074000000000000000e+03,5.105203125000000000e+03
-3.659073412418365479e-01,3.221365213394165039e-01,-4.229442775249481201e-01,-1.235721409320831299e-01,1.209438443183898926e+00,5.495025217533111572e-02,4.285000000000000000e+03,4.857882812500000000e+03
3.562291860580444336e-01,2.514390051364898682e-01,1.898980885744094849e-01,2.865375578403472900e-01,7.904643416404724121e-01,6.414861977100372314e-02,3.239000000000000000e+03,3.386912109375000000e+03
1.764043420553207397e-01,2.872454822063446045e-01,3.429858684539794922e-01,7.692710310220718384e-02,9.427959322929382324e-01,6.868013739585876465e-02,2.957000000000000000e+03,3.191731445312500000e+03
-3.000000119209289551e-01,-5.179951898753643036e-03,-5.644364282488822937e-02,1.081537827849388123e-01,1.114120244979858398e+00,5.946030095219612122e-02,4.286000000000000000e+03,4.531658203125000000e+03
3.896152675151824951e-01,1.715452671051025391e-01,1.470635682344436646e-01,-2.642371356487274170e-01,1.254968881607055664e+00,5.599401518702507019e-02,5.110000000000000000e+03,5.890863281250000000e+03
2.453003376722335815e-01,3.179831206798553467e-01,-2.631036043167114258e-01,-6.045160815119743347e-02,1.249447226524353027e+00,5.422532930970191956e-02,4.613000000000000000e+03,5.739062011718750000e+03
-4.166139364242553711e-01,-6.661394238471984863e-02,-2.993012070655822754e-01,-8.010646700859069824e-02,4.786599874496459961e-01,8.169120550155639648e-02,1.503000000000000000e+03,1.592958129882812500e+03
1.764043420553207397e-01,-1.500000059604644775e-01,1.188942715525627136e-01,-1.540357060730457306e-02,1.091011404991149902e+00,5.943015962839126587e-02,3.640000000000000000e+03,3.705432617187500000e+03
-2.210686355829238892e-01,4.223684668540954590e-01,-4.172106087207794189e-01,-1.470854412764310837e-02,1.157776236534118652e+00,6.005110219120979309e-02,4.721000000000000000e+03,5.498929199218750000e+03
3.221365213394165039e-01,-2.000000029802322388e-01,1.628500372171401978e-01,-3.099088966846466064e-01,1.255357623100280762e+00,5.861853808164596558e-02,5.173000000000000000e+03,5.295052734375000000e+03
3.562291860580444336e-01,3.221365213394165039e-01,3.328597545623779297e-01,2.373227477073669434e-01,6.445920467376708984e-01,6.251783668994903564e-02,2.044000000000000000e+03,2.081901855468750000e+03
-6.000000238418579102e-01,3.562291860580444336e-01,-2.682173252105712891e-01,2.895230948925018311e-01,9.450558423995971680e-01,6.362155079841613770e-02,3.477000000000000000e+03,3.910512207031250000e+03
-6.000000238418579102e-01,1.764043420553207397e-01,-4.788933098316192627e-01,9.760220348834991455e-02,1.084425449371337891e+00,5.812719091773033142e-02,3.705000000000000000e+03,3.770564208984375000e+03
-4.000000059604644775e-01,3.489103168249130249e-02,-8.416990637779235840e-01,-3.450520336627960205e-01,1.203899741172790527e+00,6.041748449206352234e-02,4.476000000000000000e+03,5.474311035156250000e+03
-4.499999880790710449e-01,-1.000000014901161194e-01,-4.199882745742797852e-01,-8.627197146415710449e-02,5.357456207275390625e-01,5.447284132242202759e-02,1.750000000000000000e+03,1.756663085937500000e+03
3.896152675151824951e-01,-1.724679581820964813e-02,5.377534031867980957e-01,8.279738575220108032e-02,1.236346364021301270e+00,5.652837082743644714e-02,4.895000000000000000e+03,4.996597656250000000e+03
-1.102498918771743774e-01,-2.000000029802322388e-01,-1.603832701221108437e-03,-3.497564792633056641e-01,9.123255610466003418e-01,7.600445300340652466e-02,3.459000000000000000e+03,3.600066650390625000e+03
4.223684668540954590e-01,3.338605910539627075e-02,2.614227533340454102e-01,-1.452537924051284790e-01,8.635655641555786133e-01,5.689234659075737000e-02,3.200000000000000000e+03,3.443118408203125000e+03
3.562291860580444336e-01,2.872454822063446045e-01,4.985590577125549316e-01,3.612695932388305664e-01,1.206956744194030762e+00,5.127789825201034546e-02,4.650000000000000000e+03,4.731640625000000000e+03
1.366542428731918335e-01,-3.499999940395355225e-01,-2.370454221963882446e-01,-5.341181159019470215e-01,1.124808192253112793e+00,5.655983090400695801e-02,4.583000000000000000e+03,5.193365722656250000e+03
-2.000000029802322388e-01,-3.499999940395355225e-01,-1.466849353164434433e-02,-3.536289557814598083e-02,1.249869585037231445e+00,4.982320591807365417e-02,5.612000000000000000e+03,6.081221679687500000e+03
-1.618416309356689453e-01,-2.000000029802322388e-01,-1.383423358201980591e-01,5.099111050367355347e-02,1.083920598030090332e+00,5.663194134831428528e-02,3.802000000000000000e+03,4.005450683593750000e+03
-4.000000059604644775e-01,1.276406794786453247e-01,-7.933480739593505859e-01,6.131474971771240234e-01,1.250170588493347168e+00,5.594653263688087463e-02,4.266000000000000000e+03,5.280208984375000000e+03
-4.000000059604644775e-01,-2.500000000000000000e-01,-4.101312756538391113e-01,-1.765017360448837280e-01,1.156299710273742676e+00,6.344641745090484619e-02,4.002000000000000000e+03,4.018510742187500000e+03
-1.000000014901161194e-01,-3.000000119209289551e-01,-1.629918217658996582e-01,-5.775241851806640625e-01,1.160160064697265625e+00,5.089970305562019348e-02,4.240000000000000000e+03,4.491358398437500000e+03
2.872454822063446045e-01,-1.724679581820964813e-02,8.898580074310302734e-02,-1.490453034639358521e-01,8.284664154052734375e-01,6.931306421756744385e-02,2.605000000000000000e+03,2.816330078125000000e+03
2.145627290010452271e-01,-3.659073412418365479e-01,1.217828318476676941e-01,-4.770782589912414551e-01,5.421509146690368652e-01,8.100987225770950317e-02,1.416000000000000000e+03,1.515260009765625000e+03
3.896152675151824951e-01,3.409266844391822815e-02,5.577366352081298828e-01,2.554897069931030273e-01,1.238243222236633301e+00,5.554572865366935730e-02,4.666000000000000000e+03,4.898701171875000000e+03
-6.999999880790710449e-01,2.872454822063446045e-01,-5.680832266807556152e-01,2.904987335205078125e-01,7.244291901588439941e-01,8.782471716403961182e-02,2.036000000000000000e+03,2.103133544921875000e+03
-2.000000029802322388e-01,-4.000000059604644775e-01,7.535808533430099487e-02,-3.226614892482757568e-01,1.080073237419128418e+00,7.166805863380432129e-02,3.984000000000000000e+03,4.258245605468750000e+03
3.896152675151824951e-01,-3.666139543056488037e-01,2.404427081346511841e-01,-9.016538858413696289e-01,1.126509904861450195e+00,5.388192459940910339e-02,4.174000000000000000e+03,5.140541503906250000e+03
3.580648824572563171e-02,-4.000000059604644775e-01,7.100459188222885132e-02,-2.628850936889648438e-01,1.236958146095275879e+00,5.542479082942008972e-02,4.218000000000000000e+03,4.273097167968750000e+03
-1.102498918771743774e-01,-5.179951898753643036e-03,-2.570747435092926025e-01,1.436184048652648926e-01,1.092394590377807617e+00,6.529986113309860229e-02,4.387000000000000000e+03,4.545937988281250000e+03
2.145627290010452271e-01,-3.499999940395355225e-01,2.073579430580139160e-01,1.749765723943710327e-01,1.071182727813720703e+00,7.178284972906112671e-02,3.494000000000000000e+03,4.294014648437500000e+03
-2.659073472023010254e-01,3.221365213394165039e-01,-1.558295935392379761e-01,5.248854756355285645e-01,1.206475734710693359e+00,5.097596719861030579e-02,4.451000000000000000e+03,4.612256835937500000e+03
7.737466599792242050e-03,3.896152675151824951e-01,1.287001222372055054e-01,-6.615921854972839355e-02,1.144302368164062500e+00,6.141896173357963562e-02,4.302000000000000000e+03,5.005577148437500000e+03
2.872454822063446045e-01,-3.499999940395355225e-01,5.421708822250366211e-01,-6.170634031295776367e-01,1.109246134757995605e+00,7.016588747501373291e-02,3.616000000000000000e+03,4.006974365234375000e+03
2.145627290010452271e-01,3.562291860580444336e-01,7.647079974412918091e-02,5.272520184516906738e-01,1.144375085830688477e+00,5.314069241285324097e-02,4.183000000000000000e+03,4.336303222656250000e+03
2.514390051364898682e-01,9.482004493474960327e-02,2.767017483711242676e-01,-1.060205399990081787e-01,5.999453067779541016e-01,6.455450505018234253e-02,1.918000000000000000e+03,2.130427246093750000e+03
-1.618416309356689453e-01,-6.000000238418579102e-01,-3.015055656433105469e-01,-5.121389031410217285e-01,8.904136419296264648e-01,5.898496881127357483e-02,2.517000000000000000e+03,2.602505859375000000e+03
2.145627290010452271e-01,6.379825472831726074e-01,1.756350398063659668e-01,2.176789641380310059e-01,9.772027134895324707e-01,7.175911962985992432e-02,2.997000000000000000e+03,3.535286865234375000e+03
1.678342521190643311e-01,1.764043420553207397e-01,3.382083773612976074e-02,1.968987584114074707e-01,1.039879798889160156e+00,5.979802086949348450e-02,4.152000000000000000e+03,4.222047851562500000e+03
-1.641935110092163086e-01,-3.499999940395355225e-01,-2.522959411144256592e-01,-1.183101534843444824e-01,1.223978400230407715e+00,6.298699229955673218e-02,5.176000000000000000e+03,5.385929687500000000e+03
3.221365213394165039e-01,0.000000000000000000e+00,-4.838262125849723816e-02,-9.392115473747253418e-02,8.966759443283081055e-01,1.089092791080474854e-01,2.740000000000000000e+03,3.219412597656250000e+03
5.000000074505805969e-02,3.562291860580444336e-01,-2.398237884044647217e-01,7.954376935958862305e-01,1.233382225036621094e+00,6.314801424741744995e-02,3.846000000000000000e+03,4.518927246093750000e+03
-4.000000059604644775e-01,1.366542428731918335e-01,-1.197127848863601685e-01,2.291368395090103149e-01,1.266621708869934082e+00,5.991179496049880981e-02,4.884000000000000000e+03,5.145350097656250000e+03
-1.000000014901161194e-01,4.545493423938751221e-01,-4.108052253723144531e-01,5.023840665817260742e-01,1.110718488693237305e+00,5.635527893900871277e-02,4.938000000000000000e+03,5.326580078125000000e+03
-2.000000029802322388e-01,-3.000000119209289551e-01,-3.237489163875579834e-01,-3.575086593627929688e-01,4.978064894676208496e-01,7.014612108469009399e-02,1.911000000000000000e+03,2.052375488281250000e+03
-3.499999940395355225e-01,-3.000000119209289551e-01,-3.783954679965972900e-01,1.665715426206588745e-01,1.241314888000488281e+00,5.388344451785087585e-02,4.654000000000000000e+03,5.293201660156250000e+03
2.473159283399581909e-01,3.548897206783294678e-01,2.570460736751556396e-01,1.534730195999145508e-01,1.256472945213317871e+00,5.587857961654663086e-02,4.599000000000000000e+03,4.716737304687500000e+03
5.000000074505805969e-02,2.872454822063446045e-01,-2.110502421855926514e-01,2.810352146625518799e-01,7.031762599945068359e-01,8.527296036481857300e-02,2.841000000000000000e+03,3.220827392578125000e+03
-1.500000059604644775e-01,4.223684668540954590e-01,1.155785322189331055e-01,7.324491739273071289e-01,1.065102577209472656e+00,7.212124764919281006e-02,3.998000000000000000e+03,4.566359375000000000e+03
2.145627290010452271e-01,-5.000000074505805969e-02,3.703286051750183105e-01,-1.148309931159019470e-01,1.204728484153747559e+00,5.546110123395919800e-02,4.587000000000000000e+03,4.676714355468750000e+03
-4.192623794078826904e-01,-1.184162404388189316e-02,6.508994847536087036e-02,-2.079282999038696289e-01,1.273662805557250977e+00,5.118536576628684998e-02,4.988000000000000000e+03,5.797656738281250000e+03
-3.659073412418365479e-01,-2.500000000000000000e-01,-3.531854152679443359e-01,-4.182861447334289551e-01,7.019383311271667480e-01,6.636766344308853149e-02,2.347000000000000000e+03,2.480870849609375000e+03
-1.141935139894485474e-01,-1.500000059604644775e-01,-1.262190937995910645e-01,-9.833592921495437622e-02,6.258877515792846680e-01,1.446487307548522949e-01,2.125000000000000000e+03,2.140181884765625000e+03
9.482004493474960327e-02,2.145627290010452271e-01,-5.865924526005983353e-03,4.228180646896362305e-01,5.472415685653686523e-01,7.431424409151077271e-02,1.801000000000000000e+03,2.110273437500000000e+03
9.482004493474960327e-02,-4.188199937343597412e-01,3.808658197522163391e-02,-1.525954008102416992e-01,1.220291733741760254e+00,5.951900780200958252e-02,3.452000000000000000e+03,3.621536865234375000e+03
1.764043420553207397e-01,-3.000000119209289551e-01,1.094131637364625931e-02,-2.281096726655960083e-01,1.148240327835083008e+00,7.153286784887313843e-02,4.237000000000000000e+03,4.341170410156250000e+03
-3.499999940395355225e-01,6.672313809394836426e-01,-1.238594576716423035e-01,4.843046963214874268e-01,8.365675806999206543e-01,7.232324033975601196e-02,2.543000000000000000e+03,2.841936523437500000e+03
3.815837576985359192e-02,2.872454822063446045e-01,-4.867377877235412598e-02,1.051389947533607483e-01,7.198350429534912109e-01,7.299294322729110718e-02,2.681000000000000000e+03,2.887398681640625000e+03
-2.500000000000000000e-01,-3.499999940395355225e-01,-1.630224436521530151e-01,-3.673248887062072754e-01,9.193669557571411133e-01,5.775708705186843872e-02,3.374000000000000000e+03,3.405272705078125000e+03
1.366542428731918335e-01,-5.178191065788269043e-01,1.494749039411544800e-01,-3.668663799762725830e-01,1.094179868698120117e+00,5.369626730680465698e-02,3.942000000000000000e+03,4.017369140625000000e+03
3.221365213394165039e-01,2.145627290010452271e-01,3.511180877685546875e-01,2.448880821466445923e-01,1.202097892761230469e+00,5.534342676401138306e-02,4.489000000000000000e+03,4.494510742187500000e+03
-1.419351249933242798e-02,4.223684668540954590e-01,-1.524037681519985199e-02,1.246587410569190979e-01,8.338803648948669434e-01,6.877018511295318604e-02,3.118000000000000000e+03,3.503727539062500000e+03
3.896152675151824951e-01,-3.499999940395355225e-01,3.065850436687469482e-01,-4.003494083881378174e-01,8.286702632904052734e-01,7.674086093902587891e-02,2.387000000000000000e+03,2.419608642578125000e+03
-2.000000029802322388e-01,-2.500000000000000000e-01,1.883063465356826782e-01,-2.123871743679046631e-01,9.998624324798583984e-01,6.758297979831695557e-02,3.294000000000000000e+03,3.778619628906250000e+03
4.862083792686462402e-01,-6.312371790409088135e-02,4.662206470966339111e-01,2.189125120639801025e-01,9.294182658195495605e-01,7.495661824941635132e-02,3.684000000000000000e+03,4.017888916015625000e+03
0.000000000000000000e+00,-4.000000059604644775e-01,-4.359931126236915588e-02,-2.348288148641586304e-01,6.435874700546264648e-01,7.291593402624130249e-02,1.752000000000000000e+03,1.873152343750000000e+03
-1.500000059604644775e-01,2.872454822063446045e-01,4.666520953178405762e-01,5.018926262855529785e-01,1.154791474342346191e+00,6.577748805284500122e-02,4.512000000000000000e+03,5.868087890625000000e+03
-3.151089549064636230e-01,-4.166139364242553711e-01,-3.067692518234252930e-01,-5.562772750854492188e-01,5.980021357536315918e-01,7.076178491115570068e-02,2.070000000000000000e+03,2.181872802734375000e+03
3.221365213394165039e-01,-3.000000119209289551e-01,1.886443197727203369e-01,-2.665399014949798584e-01,4.451965093612670898e-01,8.119839429855346680e-02,1.107000000000000000e+03,1.210309692382812500e+03
-5.500000119209289551e-01,-6.000000238418579102e-01,-3.926306068897247314e-01,-6.227341294288635254e-01,8.119333982467651367e-01,9.739265590906143188e-02,1.823000000000000000e+03,1.892138793945312500e+03
-2.641935050487518311e-01,0.000000000000000000e+00,-2.725379467010498047e-01,-6.465411186218261719e-02,7.441214919090270996e-01,6.409393996000289917e-02,2.620000000000000000e+03,2.640097900390625000e+03
-3.000000119209289551e-01,3.562291860580444336e-01,-5.683041214942932129e-01,3.606764674186706543e-01,1.140093207359313965e+00,6.224145367741584778e-02,4.448000000000000000e+03,4.690778808593750000e+03
-3.000000119209289551e-01,1.764043420553207397e-01,-1.107661277055740356e-01,2.718150913715362549e-01,1.148001909255981445e+00,5.984700098633766174e-02,4.404000000000000000e+03,4.552724609375000000e+03
-3.499999940395355225e-01,2.757325209677219391e-02,-4.026640653610229492e-01,3.812471032142639160e-02,6.010733842849731445e-01,6.511654704809188843e-02,1.893000000000000000e+03,1.908033081054687500e+03
-5.000000074505805969e-02,-2.131237089633941650e-01,-4.739073514938354492e-01,-4.084130823612213135e-01,1.015884399414062500e+00,8.593130111694335938e-02,3.149000000000000000e+03,3.783947509765625000e+03
-4.499999880790710449e-01,4.545493423938751221e-01,2.761387033388018608e-03,3.420673906803131104e-01,1.122100353240966797e+00,6.262205541133880615e-02,3.815000000000000000e+03,4.450761718750000000e+03
-4.000000059604644775e-01,1.366542428731918335e-01,-3.960688114166259766e-01,3.267246782779693604e-01,1.178753972053527832e+00,6.136113777756690979e-02,4.586000000000000000e+03,4.704190429687500000e+03
-2.692624032497406006e-01,2.145627290010452271e-01,-2.278474271297454834e-01,3.326509594917297363e-01,1.257916212081909180e+00,5.303392559289932251e-02,5.191000000000000000e+03,5.242237792968750000e+03
-2.159073352813720703e-01,3.221365213394165039e-01,-3.759328424930572510e-01,6.162743568420410156e-01,1.178946852684020996e+00,6.235674768686294556e-02,4.666000000000000000e+03,5.034782714843750000e+03
-5.204144120216369629e-01,1.366542428731918335e-01,-4.781512022018432617e-01,4.191479384899139404e-01,1.143917322158813477e+00,5.152701586484909058e-02,3.510000000000000000e+03,3.725135986328125000e+03
1.764043420553207397e-01,1.366542428731918335e-01,-2.896070107817649841e-02,7.175860553979873657e-02,8.869519233703613281e-01,7.455240190029144287e-02,3.523000000000000000e+03,3.727875976562500000e+03
2.514390051364898682e-01,2.872454822063446045e-01,6.686449050903320312e-02,4.863713085651397705e-01,9.516181945800781250e-01,6.087244302034378052e-02,3.953000000000000000e+03,4.268165039062500000e+03
3.197583854198455811e-01,-6.999999880790710449e-01,4.928956031799316406e-01,-6.879450678825378418e-01,5.151208639144897461e-01,1.305762082338333130e-01,1.716000000000000000e+03,1.906054809570312500e+03
2.514390051364898682e-01,-2.500000000000000000e-01,5.642368197441101074e-01,-1.869540810585021973e-01,1.106295108795166016e+00,5.590195953845977783e-02,4.134000000000000000e+03,4.470824218750000000e+03
6.189195439219474792e-02,3.896152675151824951e-01,4.888818562030792236e-01,2.210605144500732422e-01,1.211676239967346191e+00,6.198436766862869263e-02,3.778000000000000000e+03,4.302894042968750000e+03
-5.000000074505805969e-02,-5.000000074505805969e-02,-2.783633582293987274e-02,1.816661804914474487e-01,1.129580020904541016e+00,1.364618390798568726e-01,2.469000000000000000e+03,2.572487548828125000e+03
-2.500000000000000000e-01,2.441482841968536377e-01,-1.086257845163345337e-01,4.537028819322586060e-02,1.073875188827514648e+00,6.688084453344345093e-02,3.657000000000000000e+03,3.843123535156250000e+03
-1.661394163966178894e-02,4.223684668540954590e-01,-3.420081734657287598e-01,5.470163226127624512e-01,1.142902970314025879e+00,5.953965708613395691e-02,4.773000000000000000e+03,5.207405761718750000e+03
6.083970069885253906e-01,-3.144030645489692688e-02,3.894021809101104736e-01,-7.778635714203119278e-03,1.094554901123046875e+00,5.827596411108970642e-02,3.364000000000000000e+03,3.498937255859375000e+03
5.173884034156799316e-01,3.562291860580444336e-01,4.341925680637359619e-01,3.036964237689971924e-01,8.730312585830688477e-01,6.120765209197998047e-02,2.695000000000000000e+03,2.729253906250000000e+03
5.000000074505805969e-02,-4.499999880790710449e-01,4.171573519706726074e-01,-5.153573751449584961e-01,1.151411056518554688e+00,5.574338138103485107e-02,4.684000000000000000e+03,5.164522949218750000e+03
4.545493423938751221e-01,-8.165807463228702545e-03,3.722946345806121826e-01,1.208407878875732422e-01,6.584722995758056641e-01,6.661081314086914062e-02,1.830000000000000000e+03,1.927440429687500000e+03
-1.102498918771743774e-01,3.562291860580444336e-01,-8.589580655097961426e-02,8.026927709579467773e-02,1.255103707313537598e+00,6.088563799858093262e-02,5.047000000000000000e+03,5.289820800781250000e+03
3.562291860580444336e-01,-1.500000059604644775e-01,-1.288926005363464355e-01,-3.148292303085327148e-01,9.038464426994323730e-01,6.439871340990066528e-02,2.932000000000000000e+03,3.820214111328125000e+03
-1.661394163966178894e-02,4.862083792686462402e-01,1.365698128938674927e-01,4.698331952095031738e-01,1.136259078979492188e+00,6.880519539117813110e-02,3.468000000000000000e+03,3.531319580078125000e+03
-4.000000059604644775e-01,-1.000000014901161194e-01,-1.497532129287719727e-01,-3.415936976671218872e-02,1.138961791992187500e+00,5.974698811769485474e-02,4.604000000000000000e+03,4.838321289062500000e+03
-6.692624092102050781e-01,-2.500000000000000000e-01,-6.826182603836059570e-01,-3.699590861797332764e-01,6.821317672729492188e-01,1.095800921320915222e-01,2.421000000000000000e+03,2.496121093750000000e+03
-1.000000014901161194e-01,5.173884034156799316e-01,-4.815851449966430664e-01,1.614382863044738770e-01,1.175967931747436523e+00,5.258621275424957275e-02,4.022000000000000000e+03,4.780314453125000000e+03
4.545493423938751221e-01,-1.000000014901161194e-01,2.547717392444610596e-01,1.083220243453979492e-01,1.182100653648376465e+00,5.697817355394363403e-02,4.960000000000000000e+03,5.251233398437500000e+03
-1.118416264653205872e-01,-4.672468006610870361e-01,-1.218911632895469666e-01,-4.076761603355407715e-01,5.622230172157287598e-01,7.417728006839752197e-02,2.134000000000000000e+03,2.158460693359375000e+03
3.562291860580444336e-01,-1.500000059604644775e-01,4.833772778511047363e-01,-5.690140128135681152e-01,1.265159726142883301e+00,5.579831078648567200e-02,5.099000000000000000e+03,5.693684570312500000e+03
-2.000000029802322388e-01,-3.499999940395355225e-01,1.522983908653259277e-01,-6.719135642051696777e-01,1.261328577995300293e+00,5.916842445731163025e-02,4.832000000000000000e+03,5.503330566406250000e+03
8.297842741012573242e-02,1.366542428731918335e-01,-2.766329981386661530e-02,1.567162275314331055e-01,4.479933083057403564e-01,6.928395479917526245e-02,1.467000000000000000e+03,1.558198974609375000e+03
2.112953811883926392e-01,-2.500000000000000000e-01,1.572231799364089966e-01,-1.246965974569320679e-01,4.874174892902374268e-01,8.078145980834960938e-02,1.694000000000000000e+03,1.824413696289062500e+03
4.862083792686462402e-01,0.000000000000000000e+00,4.290138185024261475e-01,-2.136539816856384277e-01,1.081470012664794922e+00,6.106673926115036011e-02,3.988000000000000000e+03,4.153340820312500000e+03
-3.000000119209289551e-01,-1.000000014901161194e-01,-2.780107855796813965e-01,-1.960738897323608398e-01,1.023410677909851074e+00,5.926869809627532959e-02,3.716000000000000000e+03,3.750442626953125000e+03
3.896152675151824951e-01,-5.816580727696418762e-02,4.579333364963531494e-01,-2.312679886817932129e-01,9.378418922424316406e-01,6.816573441028594971e-02,3.506000000000000000e+03,3.642768554687500000e+03
-2.500000000000000000e-01,-6.000000238418579102e-01,-3.632883727550506592e-01,-8.727245330810546875e-01,9.671278595924377441e-01,6.159203127026557922e-02,3.471000000000000000e+03,3.788233154296875000e+03
-2.500000000000000000e-01,2.514390051364898682e-01,-1.805258691310882568e-01,1.939169317483901978e-01,1.265812635421752930e+00,5.492359772324562073e-02,5.119000000000000000e+03,5.145034667968750000e+03
3.221365213394165039e-01,-7.235932350158691406e-02,5.493057370185852051e-01,-3.877356052398681641e-01,1.231072425842285156e+00,5.501210689544677734e-02,4.836000000000000000e+03,5.306404296875000000e+03
-1.102498918771743774e-01,-3.499999940395355225e-01,1.652379520237445831e-02,-5.815282464027404785e-01,1.081930279731750488e+00,6.846306473016738892e-02,4.040000000000000000e+03,4.277214355468750000e+03
1.366542428731918335e-01,-3.000000119209289551e-01,-2.450072020292282104e-01,9.001720696687698364e-02,1.227704882621765137e+00,5.758743733167648315e-02,4.339000000000000000e+03,5.160140136718750000e+03
4.223684668540954590e-01,5.000000074505805969e-02,1.826030910015106201e-01,-3.018590807914733887e-01,9.687714576721191406e-01,5.965726822614669800e-02,3.862000000000000000e+03,4.579358886718750000e+03
2.514390051364898682e-01,2.514390051364898682e-01,4.624679982662200928e-01,1.943499892950057983e-01,8.790642023086547852e-01,7.166586071252822876e-02,3.395000000000000000e+03,3.602103515625000000e+03
1.715452671051025391e-01,-5.000000000000000000e-01,8.021683245897293091e-02,-5.775039792060852051e-01,7.253165841102600098e-01,9.008392691612243652e-02,2.119000000000000000e+03,2.176565917968750000e+03
3.896152675151824951e-01,0.000000000000000000e+00,3.665108978748321533e-01,2.015171945095062256e-01,1.255965232849121094e+00,5.570890381932258606e-02,4.519000000000000000e+03,4.636240722656250000e+03
-1.000000014901161194e-01,-3.000000119209289551e-01,-5.199018120765686035e-01,-4.323437809944152832e-01,1.025590777397155762e+00,6.927054375410079956e-02,3.524000000000000000e+03,4.147546386718750000e+03
2.145627290010452271e-01,2.514390051364898682e-01,1.286411136388778687e-01,7.020003795623779297e-01,1.215421438217163086e+00,5.740385130047798157e-02,4.623000000000000000e+03,5.260385742187500000e+03
1.764043420553207397e-01,2.872454822063446045e-01,6.990030407905578613e-02,1.607408076524734497e-01,1.243068575859069824e+00,5.779829248785972595e-02,4.703000000000000000e+03,4.785571289062500000e+03
3.896152675151824951e-01,-1.323557645082473755e-01,-3.508809581398963928e-02,1.716780662536621094e-01,1.247792363166809082e+00,5.331815779209136963e-02,4.918000000000000000e+03,5.746853027343750000e+03
-5.000000074505805969e-02,3.562291860580444336e-01,-1.648478657007217407e-01,4.941940903663635254e-01,8.162730336189270020e-01,7.333729416131973267e-02,2.279000000000000000e+03,2.388081542968750000e+03
5.000000074505805969e-02,-2.000000029802322388e-01,4.890962541103363037e-01,-6.438513994216918945e-01,1.148491382598876953e+00,6.712537258863449097e-02,4.652000000000000000e+03,5.950081542968750000e+03
-1.710686385631561279e-01,-2.131237089633941650e-01,-2.295396029949188232e-01,3.010688722133636475e-02,1.196763753890991211e+00,5.933642759919166565e-02,4.768000000000000000e+03,4.974446777343750000e+03
0.000000000000000000e+00,1.764043420553207397e-01,5.177025794982910156e-01,-3.476605713367462158e-01,1.149619460105895996e+00,5.768630653619766235e-02,4.288000000000000000e+03,5.926601074218750000e+03
-3.659073412418365479e-01,8.580648899078369141e-02,-3.120379745960235596e-01,-2.096508741378784180e-01,1.278896093368530273e+00,5.664931982755661011e-02,4.810000000000000000e+03,5.071244628906250000e+03
-3.000000119209289551e-01,1.764043420553207397e-01,-3.343059718608856201e-01,9.986566007137298584e-02,1.226572394371032715e+00,5.911910906434059143e-02,4.306000000000000000e+03,4.326073730468750000e+03
3.517220914363861084e-01,4.862083792686462402e-01,3.207610249519348145e-01,7.306756973266601562e-01,1.067957639694213867e+00,7.586210221052169800e-02,4.060000000000000000e+03,4.272967285156250000e+03
-2.500000000000000000e-01,4.223684668540954590e-01,1.821414977312088013e-01,8.379143476486206055e-02,1.196537852287292480e+00,5.734451860189437866e-02,4.839000000000000000e+03,5.814709960937500000e+03
-2.000000029802322388e-01,-3.000000119209289551e-01,-4.929080903530120850e-01,-2.906601130962371826e-01,9.715920686721801758e-01,6.588439643383026123e-02,3.928000000000000000e+03,4.278062011718750000e+03
0.000000000000000000e+00,3.815837576985359192e-02,-1.750112771987915039e-01,-4.535903036594390869e-02,1.064472317695617676e+00,6.340460479259490967e-02,3.613000000000000000e+03,3.732132080078125000e+03
-4.499999880790710449e-01,-1.500000059604644775e-01,-5.105872750282287598e-01,-2.660607546567916870e-02,6.134084463119506836e-01,7.005286961793899536e-02,2.086000000000000000e+03,2.189502685546875000e+03
-4.166139364242553711e-01,1.345701515674591064e-01,-4.110709428787231445e-01,2.177807316184043884e-02,1.219133377075195312e+00,5.989224836230278015e-02,5.156000000000000000e+03,5.200298828125000000e+03
2.514390051364898682e-01,2.145627290010452271e-01,3.703635632991790771e-01,2.267440259456634521e-01,1.220437765121459961e+00,5.750736221671104431e-02,4.666000000000000000e+03,4.710640136718750000e+03
-3.000000119209289551e-01,-3.499999940395355225e-01,-2.102822363376617432e-01,-1.524334847927093506e-01,9.166465997695922852e-01,6.465905159711837769e-02,3.896000000000000000e+03,4.111811035156250000e+03
3.562291860580444336e-01,3.896152675151824951e-01,6.374690532684326172e-01,4.598534107208251953e-01,9.622849225997924805e-01,6.507103145122528076e-02,3.865000000000000000e+03,4.207997558593750000e+03
2.514390051364898682e-01,3.896152675151824951e-01,2.085167020559310913e-01,7.847762107849121094e-01,1.193032860755920410e+00,6.072307750582695007e-02,4.613000000000000000e+03,5.111773437500000000e+03
-3.000000119209289551e-01,-1.024989411234855652e-02,-6.660069227218627930e-01,2.564388215541839600e-01,1.074958562850952148e+00,6.239702925086021423e-02,4.121000000000000000e+03,4.826024902343750000e+03
-5.500000119209289551e-01,-4.499999880790710449e-01,-5.074463486671447754e-01,-3.715766072273254395e-01,6.792827248573303223e-01,5.829153954982757568e-02,2.494000000000000000e+03,2.536756103515625000e+03
-4.000000059604644775e-01,-3.000000119209289551e-01,-3.283560574054718018e-01,-5.824362039566040039e-01,1.113201498985290527e+00,5.624732375144958496e-02,4.472000000000000000e+03,4.772880371093750000e+03
2.145627290010452271e-01,-3.151089549064636230e-01,2.014833837747573853e-01,-4.737260639667510986e-01,1.244969367980957031e+00,5.786331743001937866e-02,4.930000000000000000e+03,5.010520507812500000e+03
4.545493423938751221e-01,-2.500000000000000000e-01,3.516149818897247314e-01,6.757181137800216675e-02,9.786672592163085938e-01,2.093005776405334473e-01,1.248000000000000000e+03,1.389567504882812500e+03
-1.500000059604644775e-01,2.145627290010452271e-01,-1.421575341373682022e-02,2.844723463058471680e-01,9.791232347488403320e-01,7.914234697818756104e-02,3.294000000000000000e+03,3.373888671875000000e+03
3.562291860580444336e-01,3.975010663270950317e-02,2.854413390159606934e-01,5.495852604508399963e-02,1.234563589096069336e+00,5.793482065200805664e-02,4.588000000000000000e+03,4.603795898437500000e+03
3.221365213394165039e-01,0.000000000000000000e+00,4.944222271442413330e-01,6.690948605537414551e-01,1.260558605194091797e+00,5.964365974068641663e-02,4.186000000000000000e+03,5.372316406250000000e+03
-2.683409452438354492e-01,-1.618416309356689453e-01,-3.409433662891387939e-01,-2.435185909271240234e-01,9.053988456726074219e-01,6.209654733538627625e-02,2.579000000000000000e+03,2.616454833984375000e+03
1.764043420553207397e-01,3.562291860580444336e-01,1.437125653028488159e-01,2.282598167657852173e-01,1.063593745231628418e+00,6.435978412628173828e-02,3.964000000000000000e+03,4.025099121093750000e+03
-2.500000000000000000e-01,-1.618416309356689453e-01,-2.565747499465942383e-01,1.507413238286972046e-01,8.052415251731872559e-01,6.563155353069305420e-02,2.644000000000000000e+03,3.030041748046875000e+03
3.562291860580444336e-01,4.862083792686462402e-01,2.232165932655334473e-01,5.508007407188415527e-01,8.580677509307861328e-01,5.572244524955749512e-02,4.038000000000000000e+03,4.157212402343750000e+03
-6.510896980762481689e-02,3.896152675151824951e-01,1.412068605422973633e-01,2.684832811355590820e-01,9.352501630783081055e-01,6.635560840368270874e-02,3.800000000000000000e+03,4.045252197265625000e+03
-1.651089638471603394e-01,3.896152675151824951e-01,1.417050044983625412e-02,7.245547175407409668e-01,9.574368596076965332e-01,5.301054194569587708e-02,3.907000000000000000e+03,4.501775390625000000e+03
-2.000000029802322388e-01,-4.166139364242553711e-01,-1.608633399009704590e-01,-1.301070302724838257e-01,1.246592879295349121e+00,5.513344332575798035e-02,3.505000000000000000e+03,3.691627685546875000e+03
5.000000074505805969e-02,2.872454822063446045e-01,1.723847985267639160e-01,8.333775997161865234e-01,1.109885931015014648e+00,5.851833894848823547e-02,4.304000000000000000e+03,5.342794921875000000e+03
-6.499999761581420898e-01,1.287104785442352295e-01,-7.775558233261108398e-01,3.732147812843322754e-02,6.111944317817687988e-01,6.303088366985321045e-02,2.605000000000000000e+03,2.773910400390625000e+03
2.813830375671386719e-01,2.514390051364898682e-01,-2.028137147426605225e-01,3.514852821826934814e-01,1.184608340263366699e+00,6.842195242643356323e-02,4.604000000000000000e+03,5.377027343750000000e+03
1.215452700853347778e-01,-3.499999940395355225e-01,5.171264410018920898e-01,2.302664332091808319e-02,1.258282184600830078e+00,5.980800837278366089e-02,4.918000000000000000e+03,5.801314941406250000e+03
-3.000000119209289551e-01,0.000000000000000000e+00,2.873802790418267250e-03,-9.390464425086975098e-02,1.031769156455993652e+00,7.085926085710525513e-02,3.957000000000000000e+03,4.323216308593750000e+03
2.514390051364898682e-01,-3.000000119209289551e-01,2.935077250003814697e-01,-3.395200967788696289e-01,8.404114842414855957e-01,5.709482729434967041e-02,3.560000000000000000e+03,3.576843017578125000e+03
-1.641935110092163086e-01,3.562291860580444336e-01,-5.114837288856506348e-01,4.092157185077667236e-01,8.802255988121032715e-01,6.346151232719421387e-02,3.351000000000000000e+03,3.866958740234375000e+03
2.514390051364898682e-01,-2.500000000000000000e-01,2.488464564085006714e-01,-2.939515709877014160e-01,1.088670969009399414e+00,5.594218522310256958e-02,4.277000000000000000e+03,4.284035644531250000e+03
-1.188199892640113831e-01,-5.000000074505805969e-02,-3.671031445264816284e-02,-5.200482532382011414e-02,9.128764271736145020e-01,6.346584856510162354e-02,3.611000000000000000e+03,3.640337646484375000e+03
-6.499999761581420898e-01,0.000000000000000000e+00,-6.919620037078857422e-01,2.208670228719711304e-01,6.993871331214904785e-01,1.644215136766433716e-01,2.155000000000000000e+03,2.372502929687500000e+03
-6.188200116157531738e-01,-4.672468006610870361e-01,-5.630674362182617188e-01,-5.132212042808532715e-01,4.603790044784545898e-01,1.065302267670631409e-01,1.224000000000000000e+03,1.253888793945312500e+03
-2.641935050487518311e-01,3.221365213394165039e-01,-3.083446025848388672e-01,3.461782038211822510e-01,1.041672229766845703e+00,5.703660845756530762e-02,3.551000000000000000e+03,3.559214599609375000e+03
2.872454822063446045e-01,-3.000000119209289551e-01,2.264308780431747437e-01,-3.242979049682617188e-01,9.510692954063415527e-01,5.007631704211235046e-02,3.236000000000000000e+03,3.251310058593750000e+03
-3.159073293209075928e-01,-4.000000059604644775e-01,-5.930430293083190918e-01,-2.286989241838455200e-01,9.725745916366577148e-01,6.502401083707809448e-02,3.844000000000000000e+03,4.264659667968750000e+03
-3.000000119209289551e-01,-2.000000029802322388e-01,-3.559453487396240234e-01,1.887811422348022461e-01,7.980515360832214355e-01,7.234447449445724487e-02,3.053000000000000000e+03,3.757309082031250000e+03
2.145627290010452271e-01,2.514390051364898682e-01,2.010467797517776489e-01,-1.454643309116363525e-01,9.000776410102844238e-01,7.032626867294311523e-02,3.262000000000000000e+03,3.872449951171875000e+03
-3.000000119209289551e-01,8.687628805637359619e-02,-3.932169675827026367e-01,3.045203983783721924e-01,6.721976399421691895e-01,9.409634768962860107e-02,1.937000000000000000e+03,2.171060546875000000e+03
-1.312371436506509781e-02,2.514390051364898682e-01,2.489655315876007080e-01,-1.571400761604309082e-01,1.207247495651245117e+00,5.529176443815231323e-02,4.843000000000000000e+03,5.600041992187500000e+03
3.896152675151824951e-01,-1.312371436506509781e-02,3.698833882808685303e-01,3.864910304546356201e-01,1.162311911582946777e+00,6.228461116552352905e-02,4.483000000000000000e+03,4.999670410156250000e+03
-1.500000059604644775e-01,3.889823853969573975e-01,-1.700318604707717896e-01,2.568332850933074951e-02,1.210372686386108398e+00,5.854658782482147217e-02,4.307000000000000000e+03,4.687611328125000000e+03
4.545493423938751221e-01,-5.000000074505805969e-02,6.843566894531250000e-01,-9.869918227195739746e-02,9.841509461402893066e-01,6.454880535602569580e-02,3.483000000000000000e+03,3.678786865234375000e+03
2.872454822063446045e-01,3.221365213394165039e-01,9.209959954023361206e-02,2.285477370023727417e-01,1.047446131706237793e+00,7.402212172746658325e-02,3.282000000000000000e+03,3.420314697265625000e+03
3.562291860580444336e-01,-1.500000059604644775e-01,1.328739076852798462e-01,-4.571080580353736877e-02,1.252472281455993652e+00,5.780735611915588379e-02,3.778000000000000000e+03,3.922913574218750000e+03
1.694074422121047974e-01,-1.000000014901161194e-01,6.324240565299987793e-02,-2.215209901332855225e-01,4.523078799247741699e-01,8.509332686662673950e-02,1.591000000000000000e+03,1.787822509765625000e+03
0.000000000000000000e+00,3.896152675151824951e-01,3.732052445411682129e-01,4.026326239109039307e-01,9.360941052436828613e-01,5.911415070295333862e-02,3.523000000000000000e+03,4.065441650390625000e+03
-2.641935050487518311e-01,2.145627290010452271e-01,-2.668819725513458252e-01,5.101812481880187988e-01,1.242002844810485840e+00,5.942537263035774231e-02,4.692000000000000000e+03,4.954462402343750000e+03
-1.024989411234855652e-02,-6.499999761581420898e-01,7.175505906343460083e-02,-4.556462466716766357e-01,8.036932945251464844e-01,6.919965147972106934e-02,2.114000000000000000e+03,2.257541503906250000e+03
-6.184162572026252747e-02,-4.499999880790710449e-01,-9.110633283853530884e-03,-4.423269629478454590e-01,4.164737164974212646e-01,1.297633498907089233e-01,1.048000000000000000e+03,1.065116699218750000e+03
1.764043420553207397e-01,3.896152675151824951e-01,3.960172832012176514e-01,-8.956612646579742432e-02,1.223921775817871094e+00,6.011959537863731384e-02,4.735000000000000000e+03,5.579112792968750000e+03
2.913883328437805176e-01,-8.500000238418579102e-01,3.690412342548370361e-01,-9.226620197296142578e-01,6.778780817985534668e-01,8.899547904729843140e-02,2.500000000000000000e+03,2.561047363281250000e+03
-6.334576010704040527e-02,-6.999999880790710449e-01,-3.251880407333374023e-01,-8.435729742050170898e-01,6.368706226348876953e-01,1.088539212942123413e-01,2.042000000000000000e+03,2.470991210937500000e+03
4.223684668540954590e-01,1.366542428731918335e-01,3.466406464576721191e-01,2.687922418117523193e-01,1.121818423271179199e+00,6.397976726293563843e-02,4.325000000000000000e+03,4.404581054687500000e+03
-5.000000074505805969e-02,-3.000000119209289551e-01,-1.718492358922958374e-01,-2.570414543151855469e-01,7.274023294448852539e-01,5.949935689568519592e-02,2.592000000000000000e+03,2.672922851562500000e+03
3.562291860580444336e-01,-3.659073412418365479e-01,3.347728848457336426e-01,-3.636580705642700195e-01,5.972210168838500977e-01,6.849665939807891846e-02,1.735000000000000000e+03,1.737253662109375000e+03
5.000000074505805969e-02,-3.499999940395355225e-01,7.398147135972976685e-02,-4.357952773571014404e-01,1.257035136222839355e+00,5.566770583391189575e-02,5.279000000000000000e+03,5.305468261718750000e+03
5.000000074505805969e-02,-2.000000029802322388e-01,9.688011556863784790e-02,-4.465581178665161133e-01,1.152936220169067383e+00,5.805834382772445679e-02,4.316000000000000000e+03,4.518330078125000000e+03
-2.500000000000000000e-01,-3.200559616088867188e-01,-5.049281120300292969e-01,-3.571858406066894531e-01,8.073713183403015137e-01,6.428071856498718262e-02,2.640000000000000000e+03,2.902128417968750000e+03
-1.000000014901161194e-01,-1.000000014901161194e-01,-3.635678589344024658e-01,-5.689571797847747803e-02,9.387752413749694824e-01,5.541837960481643677e-02,3.981000000000000000e+03,4.297018066406250000e+03
-1.500000059604644775e-01,-3.659073412418365479e-01,-6.605306267738342285e-02,-1.538279950618743896e-01,1.012755274772644043e+00,7.220100611448287964e-02,3.380000000000000000e+03,3.549427001953125000e+03
5.000000074505805969e-02,-3.000000119209289551e-01,-3.005104511976242065e-02,-4.499192535877227783e-01,1.201775908470153809e+00,6.468079984188079834e-02,4.496000000000000000e+03,4.585263183593750000e+03
-5.000000074505805969e-02,5.000000074505805969e-02,-1.831536591053009033e-01,-1.402150243520736694e-01,9.263426065444946289e-01,6.363098323345184326e-02,3.080000000000000000e+03,3.270573730468750000e+03
-1.000000014901161194e-01,2.091575562953948975e-01,-1.287488192319869995e-01,-3.634877502918243408e-02,9.331565499305725098e-01,5.705530568957328796e-02,3.655000000000000000e+03,3.907746337890625000e+03
2.872454822063446045e-01,-3.499999940395355225e-01,-2.138061970472335815e-01,-7.515630125999450684e-01,1.163133263587951660e+00,6.201144680380821228e-02,4.951000000000000000e+03,6.376145507812500000e+03
-3.499999940395355225e-01,3.221365213394165039e-01,-1.517332494258880615e-01,1.382565945386886597e-01,1.206303000450134277e+00,6.274379789829254150e-02,3.149000000000000000e+03,3.305246582031250000e+03
2.145627290010452271e-01,1.366542428731918335e-01,-8.647445589303970337e-02,-3.350044488906860352e-01,1.054311871528625488e+00,5.855255201458930969e-02,3.947000000000000000e+03,4.998604980468750000e+03
5.000000074505805969e-02,-3.659073412418365479e-01,-1.583951413631439209e-01,-7.913310080766677856e-02,1.151856064796447754e+00,5.005471035838127136e-02,4.519000000000000000e+03,4.937229003906250000e+03
-1.500000059604644775e-01,4.223684668540954590e-01,-4.094232618808746338e-01,4.531401395797729492e-01,1.090095162391662598e+00,5.543727427721023560e-02,4.252000000000000000e+03,4.493354492187500000e+03
-3.000000119209289551e-01,-1.926239021122455597e-02,-3.150682747364044189e-01,9.333229809999465942e-02,6.708253026008605957e-01,1.103877723217010498e-01,1.835000000000000000e+03,1.887152954101562500e+03
-1.651089638471603394e-01,-4.000000059604644775e-01,-1.456131339073181152e-01,-3.926878869533538818e-01,4.779540598392486572e-01,7.594158500432968140e-02,1.459000000000000000e+03,1.461770019531250000e+03
4.545493423938751221e-01,4.223684668540954590e-01,8.698044717311859131e-02,4.005268216133117676e-01,1.041681408882141113e+00,6.031767651438713074e-02,3.963000000000000000e+03,4.443758300781250000e+03
3.562291860580444336e-01,-1.000000014901161194e-01,4.135375320911407471e-01,-1.781211197376251221e-01,9.986220002174377441e-01,7.831579446792602539e-02,3.670000000000000000e+03,3.704379150390625000e+03
-3.499999940395355225e-01,3.896152675151824951e-01,-5.895396471023559570e-01,5.868096947669982910e-01,8.443319201469421387e-01,6.390658020973205566e-02,3.124000000000000000e+03,3.533676025390625000e+03
-3.000000119209289551e-01,-2.500000000000000000e-01,-8.828641474246978760e-02,-1.527277082204818726e-01,4.488224089145660400e-01,1.184163242578506470e-01,1.306000000000000000e+03,1.639644653320312500e+03
-1.000000014901161194e-01,3.221365213394165039e-01,4.071401059627532959e-02,3.069297969341278076e-01,1.156880736351013184e+00,6.263309717178344727e-02,4.391000000000000000e+03,4.456430664062500000e+03
-4.000000059604644775e-01,-3.499999940395355225e-01,-3.550254404544830322e-01,-4.957508444786071777e-01,7.787564396858215332e-01,7.241725176572799683e-02,2.960000000000000000e+03,3.072260498046875000e+03
1.764043420553207397e-01,1.764043420553207397e-01,8.096320033073425293e-01,-1.524447649717330933e-01,1.140936255455017090e+00,5.966427177190780640e-02,3.959000000000000000e+03,5.401371093750000000e+03
-2.500000000000000000e-01,2.145627290010452271e-01,-1.946961879730224609e-01,5.626702904701232910e-01,9.988240599632263184e-01,6.015910953283309937e-02,4.325000000000000000e+03,4.849673339843750000e+03
-4.499999880790710449e-01,-5.000000074505805969e-02,-4.315296411514282227e-01,-3.600272536277770996e-01,1.071522474288940430e+00,5.912993103265762329e-02,4.041000000000000000e+03,4.374538574218750000e+03
-3.000000119209289551e-01,-2.500000000000000000e-01,-2.781582772731781006e-01,-4.199182987213134766e-01,1.257416009902954102e+00,4.945786669850349426e-02,4.762000000000000000e+03,4.850301269531250000e+03
-5.000000074505805969e-02,-3.499999940395355225e-01,-4.022122547030448914e-02,-1.716610640287399292e-01,8.285953998565673828e-01,6.504967063665390015e-02,3.014000000000000000e+03,3.152363769531250000e+03
-2.000000029802322388e-01,-2.500000000000000000e-01,-7.771988511085510254e-01,-1.953504979610443115e-01,1.238662004470825195e+00,6.101984903216362000e-02,4.627000000000000000e+03,5.595435546875000000e+03
3.562291860580444336e-01,-2.500000000000000000e-01,-4.036651551723480225e-02,1.878337860107421875e-01,1.241660952568054199e+00,5.269932001829147339e-02,4.758000000000000000e+03,5.784064453125000000e+03
2.872454822063446045e-01,-2.500000000000000000e-01,2.807629108428955078e-01,-2.001484185457229614e-01,1.259747385978698730e+00,5.981914699077606201e-02,4.156000000000000000e+03,4.162668457031250000e+03
1.764043420553207397e-01,-2.000000029802322388e-01,2.279190719127655029e-01,-2.195182144641876221e-01,1.195863604545593262e+00,5.777964740991592407e-02,4.156000000000000000e+03,4.164826660156250000e+03
-2.500000000000000000e-01,-5.000000074505805969e-02,-2.309828847646713257e-01,-4.835515320301055908e-01,1.173885345458984375e+00,6.161842122673988342e-02,4.929000000000000000e+03,5.582917480468750000e+03
6.889598816633224487e-02,5.173884034156799316e-01,-1.582302898168563843e-01,5.778895020484924316e-01,6.374681591987609863e-01,8.598952740430831909e-02,2.657000000000000000e+03,3.008138671875000000e+03
1.764043420553207397e-01,-1.118416264653205872e-01,1.934399902820587158e-01,-4.503017961978912354e-01,1.218799710273742676e+00,7.316779345273971558e-02,4.079000000000000000e+03,4.388899902343750000e+03
2.514390051364898682e-01,2.872454822063446045e-01,6.881185770034790039e-01,-1.389797329902648926e-01,1.240091919898986816e+00,6.043233722448348999e-02,4.488000000000000000e+03,5.523354980468750000e+03
-2.500000000000000000e-01,-4.000000059604644775e-01,-2.717933952808380127e-01,-2.622075378894805908e-01,7.908579111099243164e-01,7.762523740530014038e-02,2.397000000000000000e+03,2.470919189453125000e+03
2.514390051364898682e-01,0.000000000000000000e+00,3.804678916931152344e-01,6.111723780632019043e-01,1.200591444969177246e+00,6.653702259063720703e-02,4.156000000000000000e+03,5.221785156250000000e+03
3.896152675151824951e-01,5.000000074505805969e-02,5.131499841809272766e-02,7.396975159645080566e-02,1.270419359207153320e+00,5.443957075476646423e-02,4.843000000000000000e+03,5.182488769531250000e+03
-3.000000119209289551e-01,3.896152675151824951e-01,-2.895739674568176270e-01,-2.703611552715301514e-02,9.008867740631103516e-01,7.398795336484909058e-02,2.800000000000000000e+03,3.373064941406250000e+03
-1.500000059604644775e-01,0.000000000000000000e+00,-2.402572184801101685e-01,-2.332732379436492920e-01,8.051211237907409668e-01,6.473141908645629883e-02,3.150000000000000000e+03,3.447660888671875000e+03
-2.500000000000000000e-01,0.000000000000000000e+00,-3.181574940681457520e-01,6.962355226278305054e-02,1.195151805877685547e+00,6.398025900125503540e-02,4.158000000000000000e+03,4.185598144531250000e+03
0.000000000000000000e+00,-2.000000029802322388e-01,5.808996781706809998e-02,-4.875019490718841553e-01,7.574881315231323242e-01,8.698331564664840698e-02,2.371000000000000000e+03,2.714555175781250000e+03
-3.499999940395355225e-01,7.971107959747314453e-02,-2.631481885910034180e-01,1.008079424500465393e-01,7.731460332870483398e-01,5.805313959717750549e-02,2.570000000000000000e+03,2.604181152343750000e+03
-2.500000000000000000e-01,-3.499999940395355225e-01,-1.165678277611732483e-01,-3.169857859611511230e-01,1.045027852058410645e+00,6.919077038764953613e-02,4.033000000000000000e+03,4.102693847656250000e+03
3.896152675151824951e-01,1.366542428731918335e-01,2.643328309059143066e-01,-1.514585763216018677e-01,1.262131810188293457e+00,5.797468498349189758e-02,4.544000000000000000e+03,4.821195312500000000e+03
5.000000074505805969e-02,4.545493423938751221e-01,-8.536090701818466187e-02,4.379305541515350342e-01,8.629394173622131348e-01,7.253221422433853149e-02,2.699000000000000000e+03,2.765809326171875000e+03
3.896152675151824951e-01,-1.500000059604644775e-01,5.464738011360168457e-01,7.383275032043457031e-02,1.236702322959899902e+00,5.262823402881622314e-02,4.939000000000000000e+03,5.177854492187500000e+03
5.000000074505805969e-02,-2.500000000000000000e-01,1.603399515151977539e-01,-1.323946714401245117e-01,1.172338247299194336e+00,7.049595564603805542e-02,4.156000000000000000e+03,4.234257324218750000e+03
-5.000000074505805969e-02,-3.000000119209289551e-01,-4.072740972042083740e-01,-2.083879113197326660e-01,1.154637932777404785e+00,6.034297496080398560e-02,4.082000000000000000e+03,4.488970703125000000e+03
2.514390051364898682e-01,-2.500000000000000000e-01,-2.672556042671203613e-02,-4.375230520963668823e-02,1.159283161163330078e+00,6.392218172550201416e-02,3.943000000000000000e+03,4.287046386718750000e+03
0.000000000000000000e+00,4.545493423938751221e-01,1.050656810402870178e-01,1.110465545207262039e-02,1.169711828231811523e+00,5.980231612920761108e-02,4.236000000000000000e+03,4.856842285156250000e+03
0.000000000000000000e+00,3.896152675151824951e-01,-2.001125961542129517e-01,3.429139852523803711e-01,1.268551468849182129e+00,5.797028169035911560e-02,4.964000000000000000e+03,5.093643066406250000e+03
2.503692209720611572e-01,3.221365213394165039e-01,-2.592933736741542816e-02,7.033930742181837559e-04,1.255664587020874023e+00,6.710702180862426758e-02,4.593000000000000000e+03,5.103731933593750000e+03
2.091575562953948975e-01,2.145627290010452271e-01,1.764877736568450928e-01,5.159836411476135254e-01,1.160924196243286133e+00,6.464349478483200073e-02,4.124000000000000000e+03,4.400194824218750000e+03
-4.000000059604644775e-01,5.000000074505805969e-02,-5.533457174897193909e-02,5.488964915275573730e-01,1.170618891716003418e+00,6.565361469984054565e-02,4.182000000000000000e+03,5.246321777343750000e+03
3.221365213394165039e-01,-5.500000119209289551e-01,3.144101500511169434e-01,-5.809670090675354004e-01,9.989990592002868652e-01,6.896276772022247314e-02,3.383000000000000000e+03,3.386470458984375000e+03
-5.683409571647644043e-01,-6.510896980762481689e-02,-8.813278079032897949e-01,-4.426703229546546936e-02,9.905825853347778320e-01,8.587206900119781494e-02,3.464000000000000000e+03,3.803733642578125000e+03
-4.499999880790710449e-01,1.764043420553207397e-01,-3.224079906940460205e-01,1.990458667278289795e-01,1.206344246864318848e+00,5.234975367784500122e-02,4.066000000000000000e+03,4.112605957031250000e+03
2.872454822063446045e-01,-3.499999940395355225e-01,1.234564259648323059e-01,-3.518860936164855957e-01,6.670604944229125977e-01,6.243915855884552002e-02,2.060000000000000000e+03,2.182708007812500000e+03
-2.500000000000000000e-01,2.514390051364898682e-01,-2.493418455123901367e-01,5.504651665687561035e-01,9.628717899322509766e-01,6.785000860691070557e-02,3.077000000000000000e+03,3.367762695312500000e+03
3.562291860580444336e-01,2.872454822063446045e-01,3.683416247367858887e-01,2.199378013610839844e-01,9.712311029434204102e-01,5.594311654567718506e-02,3.095000000000000000e+03,3.110296875000000000e+03
1.366542428731918335e-01,-2.000000029802322388e-01,3.142051026225090027e-02,-2.273080945014953613e-01,8.377166986465454102e-01,8.028730005025863647e-02,2.684000000000000000e+03,2.728917968750000000e+03
4.212743043899536133e-01,-5.000000074505805969e-02,6.544262170791625977e-01,1.987952589988708496e-01,1.216109633445739746e+00,5.246573314070701599e-02,4.811000000000000000e+03,5.183009765625000000e+03
9.482004493474960327e-02,-1.102498918771743774e-01,1.388083696365356445e-01,-3.790152072906494141e-02,8.345852494239807129e-01,7.270499318838119507e-02,3.014000000000000000e+03,3.044992187500000000e+03
-3.000000119209289551e-01,-3.499999940395355225e-01,1.227604672312736511e-01,-4.936088621616363525e-01,1.106893062591552734e+00,5.385893210768699646e-02,4.124000000000000000e+03,4.771088867187500000e+03
6.083970069885253906e-01,-6.499999761581420898e-01,6.264267563819885254e-01,-7.307126522064208984e-01,4.876686632633209229e-01,8.995265513658523560e-02,1.773000000000000000e+03,1.823713256835937500e+03
2.872454822063446045e-01,-2.000000029802322388e-01,3.662965893745422363e-01,-1.426626443862915039e-01,1.153647899627685547e+00,6.291091442108154297e-02,4.441000000000000000e+03,4.472728515625000000e+03
3.562291860580444336e-01,-4.000000059604644775e-01,3.087099790573120117e-01,-4.402147829532623291e-01,8.418251276016235352e-01,6.607119739055633545e-02,2.845000000000000000e+03,2.860516357421875000e+03
-2.000000029802322388e-01,2.145627290010452271e-01,-1.932870000600814819e-01,4.085429906845092773e-01,8.697441220283508301e-01,6.388799846172332764e-02,2.671000000000000000e+03,2.802179931640625000e+03
5.784529447555541992e-01,-3.499999940395355225e-01,2.602899074554443359e-01,-3.806947171688079834e-01,9.063841104507446289e-01,6.419371068477630615e-02,3.707000000000000000e+03,4.154941406250000000e+03
-2.485609948635101318e-01,-7.196730375289916992e-01,-3.886671662330627441e-01,-7.850112915039062500e-01,5.181242227554321289e-01,9.043542295694351196e-02,2.101000000000000000e+03,2.284322753906250000e+03
-1.500000059604644775e-01,2.514390051364898682e-01,2.243813425302505493e-01,9.229575097560882568e-02,1.043385028839111328e+00,5.391885340213775635e-02,4.207000000000000000e+03,4.825941894531250000e+03
-2.000000029802322388e-01,9.482004493474960327e-02,-1.979529708623886108e-01,-4.802703484892845154e-02,7.866741418838500977e-01,5.325813964009284973e-02,2.789000000000000000e+03,2.880411376953125000e+03
3.562291860580444336e-01,-1.000000014901161194e-01,1.015244424343109131e-01,-2.462758272886276245e-01,1.251383662223815918e+00,5.255238711833953857e-02,5.121000000000000000e+03,5.399135742187500000e+03
-6.024989485740661621e-02,5.000000074505805969e-02,-3.163924440741539001e-02,8.471131324768066406e-02,4.971027076244354248e-01,1.321443319320678711e-01,1.374000000000000000e+03,1.385289916992187500e+03
3.221365213394165039e-01,4.545493423938751221e-01,3.955969810485839844e-01,1.819733530282974243e-01,9.875124096870422363e-01,7.004026323556900024e-02,3.446000000000000000e+03,3.721940673828125000e+03
-2.500000000000000000e-01,5.000000074505805969e-02,-5.805203914642333984e-01,5.188078060746192932e-02,1.035760641098022461e+00,7.052003592252731323e-02,3.820000000000000000e+03,4.199291992187500000e+03
-5.179951898753643036e-03,-5.000000000000000000e-01,3.321550786495208740e-01,-2.262063920497894287e-01,9.878365993499755859e-01,5.717558041214942932e-02,3.795000000000000000e+03,4.499914062500000000e+03
-1.618416309356689453e-01,-1.500000059604644775e-01,-2.326916158199310303e-01,-2.930130362510681152e-01,7.883737683296203613e-01,6.463264673948287964e-02,2.553000000000000000e+03,2.656545410156250000e+03
1.764043420553207397e-01,-3.000000119209289551e-01,2.207111120223999023e-01,-5.782245099544525146e-02,1.172342061996459961e+00,5.900339037179946899e-02,4.193000000000000000e+03,4.375528320312500000e+03
-2.500000000000000000e-01,3.221365213394165039e-01,-3.383223712444305420e-01,2.659687399864196777e-01,4.779075980186462402e-01,6.697545200586318970e-02,9.850000000000000000e+02,1.031659301757812500e+03
-1.196730434894561768e-01,-6.999999880790710449e-01,-2.305252403020858765e-01,-6.385080814361572266e-01,3.960464298725128174e-01,1.371309906244277954e-01,1.172000000000000000e+03,1.289326293945312500e+03
3.562291860580444336e-01,-2.000000029802322388e-01,3.341766595840454102e-01,-7.514810562133789062e-02,1.116863131523132324e+00,5.459115281701087952e-02,4.322000000000000000e+03,4.377438476562500000e+03
-4.499999880790710449e-01,-3.672468066215515137e-01,-2.549011409282684326e-01,-7.238243818283081055e-01,1.038335204124450684e+00,6.318327039480209351e-02,3.630000000000000000e+03,4.168127929687500000e+03
2.872454822063446045e-01,-1.184162404388189316e-02,-2.068153917789459229e-01,-3.012220859527587891e-01,1.214230418205261230e+00,5.882623046636581421e-02,4.369000000000000000e+03,5.297198242187500000e+03
-3.151089549064636230e-01,1.764043420553207397e-01,-5.754277706146240234e-01,-3.736509010195732117e-03,1.269900679588317871e+00,5.646043270826339722e-02,5.331000000000000000e+03,5.657749023437500000e+03
-3.000000119209289551e-01,2.145627290010452271e-01,-2.336313426494598389e-01,1.052479520440101624e-01,1.271164298057556152e+00,6.207012012600898743e-02,4.729000000000000000e+03,4.776646972656250000e+03
3.562291860580444336e-01,0.000000000000000000e+00,5.012415051460266113e-01,7.745148986577987671e-02,5.230348110198974609e-01,1.064127385616302490e-01,1.747000000000000000e+03,1.915536743164062500e+03
-2.641935050487518311e-01,2.145627290010452271e-01,1.052871868014335632e-01,7.057335376739501953e-01,1.211399674415588379e+00,6.176975369453430176e-02,4.522000000000000000e+03,5.625848144531250000e+03
2.872454822063446045e-01,-1.500000059604644775e-01,3.446346521377563477e-01,4.541409015655517578e-02,5.373775959014892578e-01,7.032975554466247559e-02,1.970000000000000000e+03,2.243700683593750000e+03
-2.000000029802322388e-01,2.145627290010452271e-01,-3.082006573677062988e-01,2.735207378864288330e-01,9.467779397964477539e-01,6.425178796052932739e-02,3.294000000000000000e+03,3.349572753906250000e+03
2.841922044754028320e-01,-5.000000074505805969e-02,1.281203180551528931e-01,-1.625195294618606567e-01,4.790501296520233154e-01,9.707774966955184937e-02,1.696000000000000000e+03,1.960113769531250000e+03
-2.000000029802322388e-01,1.366542428731918335e-01,3.380275964736938477e-01,5.825461149215698242e-01,1.174821257591247559e+00,5.935307964682579041e-02,4.513000000000000000e+03,6.006579101562500000e+03
-1.159073337912559509e-01,3.562291860580444336e-01,7.629659026861190796e-02,4.666634500026702881e-01,1.258678674697875977e+00,5.788975954055786133e-02,5.107000000000000000e+03,5.264490722656250000e+03
0.000000000000000000e+00,2.145627290010452271e-01,1.847291886806488037e-01,3.514243662357330322e-01,9.059088230133056641e-01,6.215769052505493164e-02,3.248000000000000000e+03,3.453748535156250000e+03
2.514390051364898682e-01,-1.500000059604644775e-01,2.810657620429992676e-01,6.232766434550285339e-02,1.096750617027282715e+00,5.137199535965919495e-02,4.385000000000000000e+03,4.551304687500000000e+03
-3.000000119209289551e-01,3.896152675151824951e-01,-2.888797819614410400e-01,2.631680369377136230e-01,8.916275501251220703e-01,6.198278814554214478e-02,3.336000000000000000e+03,3.403226806640625000e+03
-2.641935050487518311e-01,-1.678191274404525757e-01,-3.786074519157409668e-01,-1.008963286876678467e-01,9.848928451538085938e-01,6.253404915332794189e-02,3.290000000000000000e+03,3.349141113281250000e+03
1.764043420553207397e-01,-3.000000119209289551e-01,2.549376487731933594e-01,-5.597980618476867676e-01,1.015284657478332520e+00,8.270346373319625854e-02,3.344000000000000000e+03,3.579473876953125000e+03
4.862083792686462402e-01,-5.000000000000000000e-01,5.533372163772583008e-01,-5.919401645660400391e-01,8.309323787689208984e-01,6.796609610319137573e-02,2.983000000000000000e+03,3.038740722656250000e+03
3.562291860580444336e-01,2.145627290010452271e-01,3.875159323215484619e-01,3.118754625320434570e-01,5.443328619003295898e-01,6.549312919378280640e-02,1.956000000000000000e+03,2.024434692382812500e+03
-2.500000000000000000e-01,1.366542428731918335e-01,-6.415274739265441895e-02,7.354871928691864014e-02,8.535408377647399902e-01,7.650247961282730103e-02,2.807000000000000000e+03,2.953505615234375000e+03
-1.500000059604644775e-01,3.562291860580444336e-01,5.114901438355445862e-02,5.469195246696472168e-01,1.024928450584411621e+00,7.030975073575973511e-02,3.846000000000000000e+03,4.122994628906250000e+03
3.562291860580444336e-01,3.548897206783294678e-01,-8.342230319976806641e-02,5.967802405357360840e-01,1.207305312156677246e+00,5.481149628758430481e-02,3.760000000000000000e+03,4.386595703125000000e+03
2.872454822063446045e-01,4.223684668540954590e-01,1.347434222698211670e-01,5.174378752708435059e-01,6.823338866233825684e-01,1.098220497369766235e-01,2.312000000000000000e+03,2.469705078125000000e+03
-2.000000029802322388e-01,3.562291860580444336e-01,-2.284623682498931885e-01,1.594070792198181152e-01,1.241746544837951660e+00,5.559403076767921448e-02,4.752000000000000000e+03,4.872842773437500000e+03
2.514390051364898682e-01,-2.500000000000000000e-01,1.103253811597824097e-01,-1.552913784980773926e-01,9.946347475051879883e-01,6.216603145003318787e-02,3.863000000000000000e+03,3.974906982421875000e+03
2.145627290010452271e-01,2.872454822063446045e-01,3.429109752178192139e-01,4.986386299133300781e-01,1.081136703491210938e+00,5.097959563136100769e-02,4.640000000000000000e+03,4.879754882812500000e+03
5.000000074505805969e-02,1.764043420553207397e-01,1.423976421356201172e-01,1.277650445699691772e-01,1.127921581268310547e+00,6.764561682939529419e-02,4.159000000000000000e+03,4.194732910156250000e+03
2.872454822063446045e-01,1.366542428731918335e-01,8.192105591297149658e-02,2.801010310649871826e-01,1.151095867156982422e+00,6.547816097736358643e-02,4.811000000000000000e+03,5.036535156250000000e+03
-2.000000029802322388e-01,2.872454822063446045e-01,-1.503830552101135254e-01,4.157902598381042480e-01,7.360984683036804199e-01,5.911328271031379700e-02,3.046000000000000000e+03,3.151947509765625000e+03
3.896152675151824951e-01,3.562291860580444336e-01,3.628883063793182373e-01,2.893905155360698700e-02,1.056489109992980957e+00,5.929374694824218750e-02,4.238000000000000000e+03,4.638471679687500000e+03
-6.000000238418579102e-01,3.562291860580444336e-01,-6.981035470962524414e-01,2.345661967992782593e-01,5.342131853103637695e-01,9.543004631996154785e-02,1.440000000000000000e+03,1.560916625976562500e+03
1.764043420553207397e-01,0.000000000000000000e+00,2.915195822715759277e-01,1.156439073383808136e-03,8.289627432823181152e-01,8.456162363290786743e-02,2.174000000000000000e+03,2.215882568359375000e+03
3.221365213394165039e-01,-2.000000029802322388e-01,-2.496888488531112671e-02,-1.590594053268432617e-01,1.222303271293640137e+00,6.033618375658988953e-02,4.625000000000000000e+03,4.995350097656250000e+03
-1.500000059604644775e-01,2.145627290010452271e-01,-1.396091878414154053e-01,6.770150363445281982e-02,1.194450616836547852e+00,6.116534397006034851e-02,4.153000000000000000e+03,4.215943359375000000e+03
1.764043420553207397e-01,2.514390051364898682e-01,-4.266956448554992676e-02,7.884424924850463867e-01,1.238028526306152344e+00,5.035527050495147705e-02,4.753000000000000000e+03,5.751528320312500000e+03
-7.700559496879577637e-01,1.764043420553207397e-01,-8.448141217231750488e-01,8.412772417068481445e-02,5.742970108985900879e-01,9.364601224660873413e-02,1.939000000000000000e+03,2.021161010742187500e+03
-2.500000000000000000e-01,-2.641935050487518311e-01,-1.008546799421310425e-01,-1.415571272373199463e-01,9.839613437652587891e-01,5.466488003730773926e-02,3.168000000000000000e+03,3.288831298828125000e+03
-1.500000059604644775e-01,3.562291860580444336e-01,-3.080959320068359375e-01,2.189267873764038086e-01,1.269690036773681641e+00,5.508771166205406189e-02,4.590000000000000000e+03,4.713883789062500000e+03
-6.000000238418579102e-01,1.694611907005310059e-01,-6.042412519454956055e-01,8.663932979106903076e-02,7.512383460998535156e-01,6.890400499105453491e-02,2.999000000000000000e+03,3.035391357421875000e+03
0.000000000000000000e+00,5.000000074505805969e-02,3.368473649024963379e-01,-3.195165842771530151e-02,7.934045791625976562e-01,1.091644838452339172e-01,2.981000000000000000e+03,3.526507568359375000e+03
1.244056150317192078e-01,-4.000000059604644775e-01,2.930796146392822266e-01,-4.048615694046020508e-01,7.971835732460021973e-01,5.929817259311676025e-02,2.007000000000000000e+03,2.095781982421875000e+03
2.700092084705829620e-02,-6.188200116157531738e-01,3.570722043514251709e-01,-5.168395638465881348e-01,9.209508895874023438e-01,7.608211785554885864e-02,4.063000000000000000e+03,4.616759765625000000e+03
9.482004493474960327e-02,5.173884034156799316e-01,4.522463083267211914e-01,4.414993226528167725e-01,9.477295875549316406e-01,7.794343680143356323e-02,3.126000000000000000e+03,3.575513427734375000e+03
1.735305190086364746e-01,-3.000000119209289551e-01,4.237291216850280762e-01,6.196973472833633423e-02,1.231047987937927246e+00,6.094340980052947998e-02,4.684000000000000000e+03,5.265725585937500000e+03
-2.500000000000000000e-01,-1.618416309356689453e-01,-4.280799627304077148e-01,1.411090493202209473e-01,1.203044295310974121e+00,6.033184379339218140e-02,4.802000000000000000e+03,5.203497070312500000e+03
-6.999999880790710449e-01,4.513283371925354004e-01,-6.573232412338256836e-01,4.474088549613952637e-01,3.889076411724090576e-01,1.222255006432533264e-01,1.063000000000000000e+03,1.075898925781250000e+03
9.482004493474960327e-02,1.764043420553207397e-01,5.739086307585239410e-03,-6.010716035962104797e-02,1.186805844306945801e+00,5.518278479576110840e-02,4.518000000000000000e+03,4.721073242187500000e+03
9.482004493474960327e-02,0.000000000000000000e+00,-1.736318916082382202e-01,1.684524416923522949e-01,9.823446869850158691e-01,9.118033945560455322e-02,3.436000000000000000e+03,3.785634765625000000e+03
-1.000000014901161194e-01,3.896152675151824951e-01,1.360162794589996338e-01,1.416477710008621216e-01,1.250111341476440430e+00,5.527115985751152039e-02,4.815000000000000000e+03,5.169628906250000000e+03
-3.166139423847198486e-01,-3.000000119209289551e-01,-7.119496464729309082e-01,-1.495773047208786011e-01,1.003142952919006348e+00,7.003179192543029785e-02,3.416000000000000000e+03,4.000412841796875000e+03
-4.000000059604644775e-01,2.145627290010452271e-01,-2.876871824264526367e-01,2.326926738023757935e-01,9.015110135078430176e-01,6.152155622839927673e-02,3.745000000000000000e+03,3.804185546875000000e+03
2.514390051364898682e-01,1.366542428731918335e-01,3.527506291866302490e-01,3.573535084724426270e-01,1.130468368530273438e+00,5.954246595501899719e-02,4.496000000000000000e+03,4.701314453125000000e+03
-2.500000000000000000e-01,0.000000000000000000e+00,-1.453384608030319214e-01,7.847417891025543213e-02,8.155642747879028320e-01,6.048026680946350098e-02,3.284000000000000000e+03,3.368072509765625000e+03
-3.000000119209289551e-01,3.815837576985359192e-02,1.168744266033172607e-01,-5.685141682624816895e-01,1.230252981185913086e+00,6.372930109500885010e-02,4.627000000000000000e+03,6.177250488281250000e+03
-3.000000119209289551e-01,1.764043420553207397e-01,3.227459266781806946e-03,7.102943062782287598e-01,1.256566882133483887e+00,5.705492943525314331e-02,5.221000000000000000e+03,6.407504394531250000e+03
1.764043420553207397e-01,-3.000000119209289551e-01,4.532152116298675537e-01,-2.034201622009277344e-01,1.268209457397460938e+00,5.805127322673797607e-02,4.768000000000000000e+03,5.019358886718750000e+03
-1.618416309356689453e-01,-2.500000000000000000e-01,-3.334870338439941406e-01,-1.609777659177780151e-01,7.861202359199523926e-01,8.469361811876296997e-02,2.755000000000000000e+03,2.919107177734375000e+03
3.896152675151824951e-01,-5.000000074505805969e-02,2.262990474700927734e-01,-9.991510771214962006e-03,1.279485344886779785e+00,5.832733213901519775e-02,4.024000000000000000e+03,4.092985839843750000e+03
-5.000000074505805969e-02,2.145627290010452271e-01,-4.885118305683135986e-01,2.444028705358505249e-01,1.046846508979797363e+00,6.559765338897705078e-02,3.201000000000000000e+03,3.744540283203125000e+03
-4.000000059604644775e-01,-6.499999761581420898e-01,-5.309467315673828125e-01,-6.929197907447814941e-01,9.097698330879211426e-01,5.668344348669052124e-02,3.820000000000000000e+03,3.907039794921875000e+03
3.221365213394165039e-01,0.000000000000000000e+00,2.156118899583816528e-01,4.581433162093162537e-02,8.182384371757507324e-01,5.720250681042671204e-02,2.363000000000000000e+03,2.410266357421875000e+03
-3.499999940395355225e-01,1.366542428731918335e-01,-3.176304399967193604e-01,-1.416850090026855469e-02,6.917994022369384766e-01,8.694478869438171387e-02,1.265000000000000000e+03,1.327127441406250000e+03
1.366542428731918335e-01,-2.500000000000000000e-01,6.974065303802490234e-02,-4.620563238859176636e-02,8.830845355987548828e-01,5.525794625282287598e-02,3.410000000000000000e+03,3.608304443359375000e+03
-3.000000119209289551e-01,-4.672468006610870361e-01,-3.096508383750915527e-01,-3.993517756462097168e-01,4.541314542293548584e-01,7.317401468753814697e-02,1.072000000000000000e+03,1.096254394531250000e+03
-3.000000119209289551e-01,1.665982753038406372e-01,-5.359133332967758179e-02,4.294888675212860107e-02,1.191043972969055176e+00,5.836159363389015198e-02,4.259000000000000000e+03,4.484648437500000000e+03
5.784529447555541992e-01,-1.172467991709709167e-01,3.952430486679077148e-01,-1.586694121360778809e-01,6.174166798591613770e-01,7.856766134500503540e-02,1.749000000000000000e+03,1.907515625000000000e+03
-5.000000074505805969e-02,2.872454822063446045e-01,-1.215363070368766785e-01,1.523249596357345581e-01,8.734371662139892578e-01,6.772502511739730835e-02,3.006000000000000000e+03,3.096992675781250000e+03
3.221365213394165039e-01,-7.774895429611206055e-02,3.896743357181549072e-01,-4.079663753509521484e-01,1.186398267745971680e+00,6.675196439027786255e-02,4.654000000000000000e+03,5.021834472656250000e+03
3.896152675151824951e-01,0.000000000000000000e+00,1.469161659479141235e-01,-5.629971623420715332e-01,1.138193130493164062e+00,5.702317506074905396e-02,4.408000000000000000e+03,5.614463867187500000e+03
2.494537532329559326e-01,-2.500000000000000000e-01,7.085333466529846191e-01,1.164189167320728302e-02,1.214456200599670410e+00,6.067554652690887451e-02,4.980000000000000000e+03,5.884532714843750000e+03
-3.499999940395355225e-01,-4.499999880790710449e-01,-4.692545533180236816e-01,-4.013201594352722168e-01,5.666227936744689941e-01,8.799557387828826904e-02,2.101000000000000000e+03,2.208472412109375000e+03
3.896152675151824951e-01,-3.000000119209289551e-01,1.522442698478698730e-01,-1.476536970585584641e-02,8.010268211364746094e-01,7.771127671003341675e-02,2.154000000000000000e+03,2.596498779296875000e+03
-3.000000119209289551e-01,-1.500000059604644775e-01,-2.891039252281188965e-01,-3.526649177074432373e-01,1.270388007164001465e+00,5.913973227143287659e-02,5.316000000000000000e+03,5.451185058593750000e+03
-5.000000074505805969e-02,1.764043420553207397e-01,1.058446913957595825e-01,1.167444512248039246e-01,1.138678312301635742e+00,5.780233442783355713e-02,4.326000000000000000e+03,4.418441406250000000e+03
-1.500000059604644775e-01,5.173884034156799316e-01,-1.353107243776321411e-01,7.448806166648864746e-01,1.155220031738281250e+00,5.562872439622879028e-02,4.030000000000000000e+03,4.185453125000000000e+03
-3.000000119209289551e-01,-2.131237089633941650e-01,2.556666731834411621e-01,-2.425137609243392944e-01,1.263834834098815918e+00,5.829105153679847717e-02,4.556000000000000000e+03,5.402268066406250000e+03
-5.000000074505805969e-02,-4.204144179821014404e-01,-6.305573135614395142e-02,-3.317854106426239014e-01,1.038013577461242676e+00,5.739706382155418396e-02,3.807000000000000000e+03,3.835191650390625000e+03
1.764043420553207397e-01,1.764043420553207397e-01,4.535412788391113281e-01,-1.566877365112304688e-01,1.095025658607482910e+00,7.441446185111999512e-02,3.951000000000000000e+03,4.547933105468750000e+03
8.815837651491165161e-02,-4.000000059604644775e-01,3.255625069141387939e-01,-6.320899724960327148e-01,1.227816462516784668e+00,5.461134761571884155e-02,4.640000000000000000e+03,4.974179687500000000e+03
3.221365213394165039e-01,-3.499999940395355225e-01,1.344545036554336548e-01,-5.644870996475219727e-01,1.067376017570495605e+00,5.853957682847976685e-02,4.211000000000000000e+03,4.506186523437500000e+03
0.000000000000000000e+00,-2.500000000000000000e-01,8.772961050271987915e-02,2.311238795518875122e-01,1.207996368408203125e+00,6.982907652854919434e-02,4.315000000000000000e+03,4.997187011718750000e+03
1.764043420553207397e-01,0.000000000000000000e+00,1.652570068836212158e-01,-4.286505579948425293e-01,1.072873830795288086e+00,5.898101627826690674e-02,4.496000000000000000e+03,5.190878906250000000e+03
-2.131237089633941650e-01,-4.672468006610870361e-01,-2.117139846086502075e-01,-3.693069815635681152e-01,1.146383047103881836e+00,6.004107370972633362e-02,4.217000000000000000e+03,4.247858886718750000e+03
-4.000000059604644775e-01,-3.151089549064636230e-01,4.577888548374176025e-02,-6.224824786186218262e-01,1.145956158638000488e+00,6.551178544759750366e-02,4.409000000000000000e+03,5.349202148437500000e+03
-2.500000000000000000e-01,3.562291860580444336e-01,-1.393719315528869629e-01,4.078643918037414551e-01,1.053614497184753418e+00,6.394698470830917358e-02,3.682000000000000000e+03,3.731411621093750000e+03
4.545493423938751221e-01,-4.672468006610870361e-01,4.368522465229034424e-01,-4.446600675582885742e-01,7.137811183929443359e-01,6.221929565072059631e-02,2.394000000000000000e+03,2.397841064453125000e+03
-3.499999940395355225e-01,-1.312371436506509781e-02,-2.834343612194061279e-01,-1.368936598300933838e-01,1.257126688957214355e+00,6.106344237923622131e-02,4.527000000000000000e+03,4.583488769531250000e+03
-4.000000059604644775e-01,-1.000000014901161194e-01,-9.728264063596725464e-02,-2.383868023753166199e-02,1.245850801467895508e+00,5.584635213017463684e-02,4.616000000000000000e+03,4.901613281250000000e+03
-3.183409571647644043e-01,-2.141935080289840698e-01,-1.399286240339279175e-01,-3.307999372482299805e-01,1.058836579322814941e+00,8.243686705827713013e-02,2.933000000000000000e+03,3.050648925781250000e+03
2.872454822063446045e-01,2.872454822063446045e-01,3.604779839515686035e-01,4.395418614149093628e-02,1.198235511779785156e+00,5.755516886711120605e-02,4.680000000000000000e+03,4.888131347656250000e+03
3.896152675151824951e-01,1.366542428731918335e-01,4.668732285499572754e-01,1.365050822496414185e-01,1.213948130607604980e+00,6.060177460312843323e-02,4.377000000000000000e+03,4.394774902343750000e+03
-3.196730315685272217e-01,-1.500000059604644775e-01,-3.518885672092437744e-01,-8.650354295969009399e-02,9.559330940246582031e-01,6.742583960294723511e-02,3.710000000000000000e+03,3.730512939453125000e+03
-3.499999940395355225e-01,-5.000000074505805969e-02,-2.936713099479675293e-01,2.227086573839187622e-01,1.183443188667297363e+00,7.171901315450668335e-02,4.349000000000000000e+03,4.586375488281250000e+03
4.862083792686462402e-01,4.862083792686462402e-01,2.982401549816131592e-01,3.517040908336639404e-01,1.066014051437377930e+00,6.359618902206420898e-02,2.604000000000000000e+03,2.724803466796875000e+03
1.764043420553207397e-01,3.221365213394165039e-01,2.203438431024551392e-01,5.227104201912879944e-02,9.233684539794921875e-01,6.965838372707366943e-02,3.122000000000000000e+03,3.389816894531250000e+03
-4.000000059604644775e-01,-1.500000059604644775e-01,-1.268916875123977661e-01,1.155764982104301453e-01,1.207100152969360352e+00,5.574655160307884216e-02,4.550000000000000000e+03,4.992584472656250000e+03
2.132806330919265747e-01,-3.499999940395355225e-01,1.623050421476364136e-01,-9.051890671253204346e-02,1.287243843078613281e+00,5.812373012304306030e-02,4.274000000000000000e+03,4.452169433593750000e+03
-5.683409571647644043e-01,3.032695502042770386e-02,-4.611530900001525879e-01,2.473319172859191895e-01,9.527066349983215332e-01,7.987416535615921021e-02,3.289000000000000000e+03,3.498322509765625000e+03
-5.000000000000000000e-01,-5.000000074505805969e-02,-2.935022115707397461e-01,-7.416452765464782715e-01,1.245994448661804199e+00,6.206426396965980530e-02,3.965000000000000000e+03,5.214985839843750000e+03
3.221365213394165039e-01,-5.000000000000000000e-01,3.334197700023651123e-01,-4.429820477962493896e-01,8.107789754867553711e-01,6.467752903699874878e-02,3.280000000000000000e+03,3.296919921875000000e+03
2.145627290010452271e-01,-3.151089549064636230e-01,4.559198569040745497e-04,-3.210228979587554932e-01,1.227916121482849121e+00,5.962579697370529175e-02,4.875000000000000000e+03,5.022567871093750000e+03
1.067313030362129211e-01,-6.696730256080627441e-01,1.565255820751190186e-01,-5.816692113876342773e-01,6.264736652374267578e-01,7.397702336311340332e-02,1.812000000000000000e+03,1.859010498046875000e+03
-1.151089668273925781e-01,-5.500000119209289551e-01,4.938348382711410522e-02,-6.978212594985961914e-01,5.825532674789428711e-01,6.941846758127212524e-02,2.042000000000000000e+03,2.326792968750000000e+03
-2.000000029802322388e-01,-4.000000059604644775e-01,-2.454786151647567749e-01,-9.645466208457946777e-01,1.040266513824462891e+00,6.427992880344390869e-02,3.411000000000000000e+03,4.366490234375000000e+03
-2.500000000000000000e-01,-3.499999940395355225e-01,-5.039976239204406738e-01,-8.493426442146301270e-01,1.194388866424560547e+00,5.647822469472885132e-02,4.433000000000000000e+03,5.364301757812500000e+03
-2.131237089633941650e-01,2.145627290010452271e-01,1.344111859798431396e-01,5.047140717506408691e-01,1.257000207901000977e+00,6.363571435213088989e-02,5.310000000000000000e+03,5.979838378906250000e+03
1.803144514560699463e-01,5.481259822845458984e-01,6.157889217138290405e-02,4.875738322734832764e-01,9.680536389350891113e-01,6.534934043884277344e-02,3.211000000000000000e+03,3.271463134765625000e+03
4.545493423938751221e-01,9.482004493474960327e-02,6.010420918464660645e-01,-9.002733044326305389e-03,1.112837791442871094e+00,5.988796055316925049e-02,4.139000000000000000e+03,4.246382324218750000e+03
3.896152675151824951e-01,2.145627290010452271e-01,6.125220656394958496e-01,3.392986357212066650e-01,1.130684852600097656e+00,5.475449562072753906e-02,4.501000000000000000e+03,4.727768066406250000e+03
1.366542428731918335e-01,-3.000000119209289551e-01,2.246842086315155029e-01,-1.331590712070465088e-01,7.227919101715087891e-01,7.220902293920516968e-02,2.814000000000000000e+03,3.002460693359375000e+03
-3.499999940395355225e-01,2.122108340263366699e-01,4.134034365415573120e-02,1.690472960472106934e-01,9.876155853271484375e-01,6.378027796745300293e-02,3.763000000000000000e+03,4.340207519531250000e+03
1.764043420553207397e-01,4.223684668540954590e-01,1.149691939353942871e-01,4.434999823570251465e-01,5.837635993957519531e-01,8.926074951887130737e-02,1.778000000000000000e+03,1.799981567382812500e+03
-2.327477559447288513e-02,-6.000000238418579102e-01,1.654451042413711548e-01,-9.488754868507385254e-01,9.176178574562072754e-01,9.490908682346343994e-02,3.126000000000000000e+03,3.687456298828125000e+03
2.872454822063446045e-01,2.514390051364898682e-01,3.425800800323486328e-01,4.656957089900970459e-01,8.573324084281921387e-01,6.712698936462402344e-02,2.800000000000000000e+03,2.983246582031250000e+03
-4.166139364242553711e-01,-1.000000014901161194e-01,9.936828166246414185e-03,8.464758098125457764e-02,9.542019367218017578e-01,6.399036943912506104e-02,3.684000000000000000e+03,4.518077148437500000e+03
2.872454822063446045e-01,1.289127171039581299e-01,2.836490273475646973e-01,6.048320978879928589e-02,1.169465780258178711e+00,6.185385584831237793e-02,4.475000000000000000e+03,4.490406738281250000e+03
2.514390051364898682e-01,2.145627290010452271e-01,3.034261465072631836e-01,1.754836887121200562e-01,8.830307722091674805e-01,5.942843109369277954e-02,2.944000000000000000e+03,2.960056396484375000e+03
-2.000000029802322388e-01,-3.000000119209289551e-01,1.842567697167396545e-02,-3.395995497703552246e-01,9.259635210037231445e-01,6.473787873983383179e-02,3.327000000000000000e+03,3.515849121093750000e+03
5.481259822845458984e-01,6.444954127073287964e-02,6.414221525192260742e-01,7.036370784044265747e-02,7.085614204406738281e-01,7.963005453348159790e-02,2.409000000000000000e+03,2.450629638671875000e+03
9.482004493474960327e-02,-2.000000029802322388e-01,-3.813875839114189148e-02,-3.742446303367614746e-01,1.035580754280090332e+00,6.543121486902236938e-02,3.703000000000000000e+03,3.866806396484375000e+03
-2.000000029802322388e-01,3.562291860580444336e-01,6.539028137922286987e-02,4.310906827449798584e-01,8.064109086990356445e-01,6.326539814472198486e-02,3.027000000000000000e+03,3.371736816406250000e+03
-2.000000029802322388e-01,3.562291860580444336e-01,-3.010859489440917969e-01,1.867365539073944092e-01,1.155480027198791504e+00,6.355762481689453125e-02,4.079000000000000000e+03,4.197164062500000000e+03
2.514390051364898682e-01,-5.000000074505805969e-02,8.858435153961181641e-01,-7.340916246175765991e-02,1.217522740364074707e+00,6.492240726947784424e-02,3.957000000000000000e+03,4.975625000000000000e+03
3.221365213394165039e-01,-5.000000074505805969e-02,-5.128894373774528503e-02,-1.292804181575775146e-01,1.194205403327941895e+00,6.118114292621612549e-02,4.721000000000000000e+03,5.191678222656250000e+03
-3.659073412418365479e-01,3.896152675151824951e-01,-3.678095638751983643e-01,1.967568099498748779e-01,9.921759963035583496e-01,9.422859549522399902e-02,2.508000000000000000e+03,2.602043457031250000e+03
2.514390051364898682e-01,3.562291860580444336e-01,2.018374055624008179e-01,1.919415891170501709e-01,6.405921578407287598e-01,6.548595428466796875e-02,2.791000000000000000e+03,2.987533447265625000e+03
-5.178191065788269043e-01,8.975010365247726440e-02,-4.904870390892028809e-01,-8.399622142314910889e-02,1.092346310615539551e+00,6.264077872037887573e-02,4.014000000000000000e+03,4.117448730468750000e+03
-5.196730494499206543e-01,-2.666139304637908936e-01,-4.359691739082336426e-01,-3.597893416881561279e-01,6.120000481605529785e-01,1.050183400511741638e-01,1.637000000000000000e+03,1.704869384765625000e+03
-4.499999880790710449e-01,1.764043420553207397e-01,-3.764598667621612549e-01,3.115632832050323486e-01,8.630113601684570312e-01,7.450461387634277344e-02,3.128000000000000000e+03,3.226860351562500000e+03
-1.184162404388189316e-02,3.562291860580444336e-01,-6.900765001773834229e-02,1.627279371023178101e-01,1.090671539306640625e+00,6.758230179548263550e-02,4.359000000000000000e+03,4.507081054687500000e+03
3.896152675151824951e-01,1.345701515674591064e-01,1.229006499052047729e-01,-1.250780373811721802e-01,1.229270219802856445e+00,5.659753456711769104e-02,5.263000000000000000e+03,5.736004394531250000e+03
-3.151089549064636230e-01,-2.500000000000000000e-01,-2.721522450447082520e-01,-2.951349597424268723e-03,1.221800923347473145e+00,5.423444136977195740e-02,5.006000000000000000e+03,5.214684082031250000e+03
0.000000000000000000e+00,4.545493423938751221e-01,-1.039587259292602539e-01,7.867402434349060059e-01,7.893873453140258789e-01,7.977350056171417236e-02,2.843000000000000000e+03,3.373056396484375000e+03
-2.000000029802322388e-01,5.784529447555541992e-01,-1.878869086503982544e-01,8.179999589920043945e-01,6.371706128120422363e-01,5.695223808288574219e-02,2.261000000000000000e+03,2.571536132812500000e+03
2.145627290010452271e-01,-1.102498918771743774e-01,1.875280030071735382e-02,-1.539039518684148788e-02,9.308168888092041016e-01,7.045400887727737427e-02,3.735000000000000000e+03,3.936857421875000000e+03
1.764043420553207397e-01,-2.500000000000000000e-01,1.929702609777450562e-01,-3.292982280254364014e-01,1.156198978424072266e+00,6.552313268184661865e-02,4.153000000000000000e+03,4.173231445312500000e+03
-2.500000000000000000e-01,-3.499999940395355225e-01,-2.465827576816082001e-02,-2.489092946052551270e-01,1.031523466110229492e+00,6.097433716058731079e-02,3.462000000000000000e+03,3.657557861328125000e+03
2.145627290010452271e-01,-1.000000014901161194e-01,3.586864471435546875e-01,-4.999667704105377197e-01,9.665206074714660645e-01,8.278841525316238403e-02,2.910000000000000000e+03,3.450526855468750000e+03
-3.659073412418365479e-01,3.896152675151824951e-01,-1.020491793751716614e-01,1.540035605430603027e-01,8.970244526863098145e-01,7.969804853200912476e-02,3.213000000000000000e+03,3.696596435546875000e+03
-2.683409452438354492e-01,4.545493423938751221e-01,-1.998639553785324097e-01,9.997140765190124512e-01,1.081696629524230957e+00,6.356409192085266113e-02,4.033000000000000000e+03,5.021209472656250000e+03
9.482004493474960327e-02,-1.000000014901161194e-01,-7.514731585979461670e-02,-1.447194442152976990e-02,6.566140651702880859e-01,7.180176675319671631e-02,1.956000000000000000e+03,2.116750976562500000e+03
-2.500000000000000000e-01,-3.151089549064636230e-01,-5.139530897140502930e-01,-1.715360879898071289e-01,1.254708290100097656e+00,5.621734634041786194e-02,4.618000000000000000e+03,4.878856933593750000e+03
-5.000000074505805969e-02,-3.151089549064636230e-01,-1.765780150890350342e-01,-3.083086311817169189e-01,1.227371454238891602e+00,5.803627520799636841e-02,4.617000000000000000e+03,4.665929687500000000e+03
-5.179951898753643036e-03,5.481259822845458984e-01,-8.744077384471893311e-02,4.739513993263244629e-01,4.407059848308563232e-01,7.332886010408401489e-02,1.456000000000000000e+03,1.546515136718750000e+03
-1.659073382616043091e-01,-4.000000059604644775e-01,-2.141897082328796387e-01,-3.698384463787078857e-01,6.119267344474792480e-01,8.586416393518447876e-02,1.749000000000000000e+03,1.764026855468750000e+03
2.145627290010452271e-01,-3.499999940395355225e-01,-1.128559112548828125e-01,-1.681697517633438110e-01,1.004965662956237793e+00,5.976381897926330566e-02,3.632000000000000000e+03,4.121336914062500000e+03
-5.000000000000000000e-01,-1.651089638471603394e-01,-2.998691797256469727e-01,-7.673172950744628906e-01,1.190890789031982422e+00,5.326310545206069946e-02,4.075000000000000000e+03,5.169071289062500000e+03
-5.000000074505805969e-02,3.896152675151824951e-01,-2.546651475131511688e-02,3.242302238941192627e-01,1.223031640052795410e+00,5.391085147857666016e-02,3.867000000000000000e+03,3.879635986328125000e+03
3.221365213394165039e-01,-2.000000029802322388e-01,1.268723160028457642e-01,-4.969207644462585449e-01,1.143081188201904297e+00,6.131068244576454163e-02,4.741000000000000000e+03,5.189002929687500000e+03
3.562291860580444336e-01,1.764043420553207397e-01,2.865950465202331543e-01,3.600198030471801758e-01,5.520970821380615234e-01,6.251771748065948486e-02,2.032000000000000000e+03,2.281419921875000000e+03
9.482004493474960327e-02,3.221365213394165039e-01,1.388118565082550049e-01,4.311934411525726318e-01,1.228822588920593262e+00,6.249124929308891296e-02,5.097000000000000000e+03,5.143741210937500000e+03
-2.641935050487518311e-01,3.896152675151824951e-01,-5.219163298606872559e-01,2.250201553106307983e-01,9.525480866432189941e-01,6.354410201311111450e-02,3.063000000000000000e+03,3.370886474609375000e+03
6.961627006530761719e-01,-6.462875753641128540e-03,7.394910454750061035e-01,-1.626606434583663940e-01,7.021689414978027344e-01,1.315271705389022827e-01,1.160000000000000000e+03,1.221152709960937500e+03
3.896152675151824951e-01,-2.166139483451843262e-01,2.661392092704772949e-01,-2.346575260162353516e-01,1.021782159805297852e+00,9.249162673950195312e-02,3.312000000000000000e+03,3.361352539062500000e+03
-3.000000119209289551e-01,3.221365213394165039e-01,-3.237088918685913086e-01,8.343192189931869507e-02,1.016201496124267578e+00,5.820905789732933044e-02,4.067000000000000000e+03,4.291179687500000000e+03
-5.000000074505805969e-02,-5.000000000000000000e-01,-2.624791860580444336e-01,-3.708301484584808350e-01,9.721438288688659668e-01,5.904488265514373779e-02,3.524000000000000000e+03,3.751439208984375000e+03
-2.000000029802322388e-01,2.872454822063446045e-01,-3.262454867362976074e-01,2.588247656822204590e-01,9.208506941795349121e-01,5.386603623628616333e-02,3.375000000000000000e+03,3.441507080078125000e+03
0.000000000000000000e+00,-3.499999940395355225e-01,1.316788941621780396e-01,-3.624694049358367920e-01,1.189406991004943848e+00,7.754258811473846436e-02,3.634000000000000000e+03,3.678927490234375000e+03
8.975010365247726440e-02,-6.000000238418579102e-01,3.087455034255981445e-01,-5.126811265945434570e-01,7.687395811080932617e-01,6.069338321685791016e-02,2.795000000000000000e+03,3.052596191406250000e+03
-2.500000000000000000e-01,1.764043420553207397e-01,-1.902573108673095703e-01,1.714849770069122314e-01,1.270985484123229980e+00,5.405487865209579468e-02,4.314000000000000000e+03,4.323566406250000000e+03
9.482004493474960327e-02,4.862083792686462402e-01,1.829684674739837646e-01,2.571825981140136719e-01,7.412868142127990723e-01,7.981275767087936401e-02,2.610000000000000000e+03,2.888816406250000000e+03
-6.419350951910018921e-02,-3.499999940395355225e-01,-4.597535729408264160e-01,7.624958455562591553e-02,1.269024133682250977e+00,5.700426176190376282e-02,4.916000000000000000e+03,5.903545410156250000e+03
0.000000000000000000e+00,4.223684668540954590e-01,-2.435538023710250854e-01,3.641649186611175537e-01,7.996427416801452637e-01,6.647385656833648682e-02,2.877000000000000000e+03,3.153406005859375000e+03
-6.999999880790710449e-01,3.369668126106262207e-01,-4.337818026542663574e-01,4.799635410308837891e-01,8.878614306449890137e-01,7.953620702028274536e-02,2.416000000000000000e+03,2.688972412109375000e+03
-2.500000000000000000e-01,-5.000000000000000000e-01,-1.697982549667358398e-01,-5.443159341812133789e-01,4.188637435436248779e-01,7.692782580852508545e-02,1.399000000000000000e+03,1.465270385742187500e+03
4.223684668540954590e-01,2.145627290010452271e-01,4.072607755661010742e-01,-1.959302872419357300e-01,1.142293214797973633e+00,5.453626066446304321e-02,4.713000000000000000e+03,5.305217285156250000e+03
3.562291860580444336e-01,1.764043420553207397e-01,5.331225395202636719e-01,-1.845379173755645752e-01,8.563154339790344238e-01,6.883864849805831909e-02,3.096000000000000000e+03,3.748853027343750000e+03
-3.499999940395355225e-01,-2.000000029802322388e-01,-3.228018581867218018e-01,-7.813687622547149658e-02,6.447824239730834961e-01,7.641480118036270142e-02,1.342000000000000000e+03,1.391750366210937500e+03
1.764043420553207397e-01,-4.000000059604644775e-01,1.002076789736747742e-01,-3.088938295841217041e-01,1.022235989570617676e+00,7.001949846744537354e-02,3.286000000000000000e+03,3.330097412109375000e+03
-2.641935050487518311e-01,-2.000000029802322388e-01,-3.045310974121093750e-01,-2.266208082437515259e-01,6.427960395812988281e-01,8.609959483146667480e-02,1.580000000000000000e+03,1.588976074218750000e+03
2.145627290010452271e-01,-2.000000029802322388e-01,1.927594244480133057e-01,-2.076749205589294434e-01,8.789625167846679688e-01,6.482624262571334839e-02,2.974000000000000000e+03,2.976091064453125000e+03
-6.499999761581420898e-01,9.482004493474960327e-02,-6.955289840698242188e-01,4.395567253232002258e-02,9.079719781875610352e-01,6.276893615722656250e-02,3.705000000000000000e+03,3.726048339843750000e+03
-4.178191125392913818e-01,-1.500000059604644775e-01,-6.078256368637084961e-01,3.742087781429290771e-01,1.194897890090942383e+00,5.193402990698814392e-02,4.564000000000000000e+03,5.512144531250000000e+03
-4.000000059604644775e-01,1.297110766172409058e-01,2.725712358951568604e-01,1.005527079105377197e-01,1.253825306892395020e+00,5.242668092250823975e-02,4.624000000000000000e+03,5.884714843750000000e+03
-4.000000059604644775e-01,1.764043420553207397e-01,-5.393976569175720215e-01,3.590893372893333435e-02,1.255317091941833496e+00,5.686645954847335815e-02,4.458000000000000000e+03,4.568350585937500000e+03
-2.000000029802322388e-01,2.145627290010452271e-01,-8.141990900039672852e-01,3.194891214370727539e-01,1.256544709205627441e+00,5.474084243178367615e-02,4.736000000000000000e+03,5.845119140625000000e+03
1.366542428731918335e-01,4.223684668540954590e-01,5.306163430213928223e-01,3.691635429859161377e-01,9.709010720252990723e-01,7.286232709884643555e-02,3.557000000000000000e+03,4.132206542968750000e+03
5.000000074505805969e-02,6.083970069885253906e-01,1.481342613697052002e-01,5.289269089698791504e-01,6.205323934555053711e-01,7.088661193847656250e-02,1.942000000000000000e+03,2.021636596679687500e+03
-4.000000059604644775e-01,-1.651089638471603394e-01,-1.860409528017044067e-01,-3.442087769508361816e-01,1.221552133560180664e+00,5.578253418207168579e-02,4.883000000000000000e+03,5.134043457031250000e+03
-3.700559735298156738e-01,0.000000000000000000e+00,-3.358029127120971680e-01,-5.716742202639579773e-02,1.203198552131652832e+00,5.573317781090736389e-02,4.063000000000000000e+03,4.075356201171875000e+03
5.000000074505805969e-02,-2.500000000000000000e-01,-1.300328224897384644e-01,7.606327533721923828e-02,1.218058824539184570e+00,6.992094963788986206e-02,3.564000000000000000e+03,3.889732910156250000e+03
4.545493423938751221e-01,-6.024989485740661621e-02,4.220543205738067627e-01,5.946775674819946289e-01,1.206237316131591797e+00,6.664440780878067017e-02,3.616000000000000000e+03,4.624999023437500000e+03
1.366542428731918335e-01,-3.151089549064636230e-01,4.904418587684631348e-01,-3.820482492446899414e-01,1.198624968528747559e+00,6.891395896673202515e-02,4.280000000000000000e+03,4.658225585937500000e+03
1.275732517242431641e-01,3.555225729942321777e-01,3.622858524322509766e-01,3.089514374732971191e-01,1.139902353286743164e+00,6.468433886766433716e-02,4.231000000000000000e+03,4.415182617187500000e+03
3.896152675151824951e-01,-3.499999940395355225e-01,3.503589034080505371e-01,-4.356296956539154053e-01,8.095635175704956055e-01,5.943927913904190063e-02,3.076000000000000000e+03,3.117649169921875000e+03
4.862083792686462402e-01,4.545493423938751221e-01,7.671838402748107910e-01,2.802018225193023682e-01,8.453512787818908691e-01,8.721501380205154419e-02,3.134000000000000000e+03,3.596836425781250000e+03
1.986553966999053955e-01,2.872454822063446045e-01,6.748849153518676758e-01,2.279361337423324585e-01,1.187516212463378906e+00,6.483493745326995850e-02,4.387000000000000000e+03,5.077958007812500000e+03
-2.000000029802322388e-01,-3.151089549064636230e-01,-7.922105491161346436e-02,-1.903690695762634277e-01,8.546139001846313477e-01,6.715037673711776733e-02,2.244000000000000000e+03,2.335515869140625000e+03
0.000000000000000000e+00,-3.000000119209289551e-01,1.169386431574821472e-01,-8.145278096199035645e-01,1.042460680007934570e+00,6.062366813421249390e-02,4.216000000000000000e+03,5.241269531250000000e+03
-4.000000059604644775e-01,4.545493423938751221e-01,-4.881580173969268799e-01,3.592452108860015869e-01,8.063407540321350098e-01,6.006406992673873901e-02,2.969000000000000000e+03,3.045517089843750000e+03
-3.151089549064636230e-01,0.000000000000000000e+00,-8.233846426010131836e-01,-1.429896354675292969e-01,1.190352439880371094e+00,5.770984292030334473e-02,4.794000000000000000e+03,5.697868652343750000e+03
2.514390051364898682e-01,-5.179951898753643036e-03,4.561345279216766357e-02,1.207554712891578674e-01,9.996002316474914551e-01,6.591811031103134155e-02,3.568000000000000000e+03,3.773497802734375000e+03
2.145627290010452271e-01,-4.196730554103851318e-01,5.099467635154724121e-01,-3.724757730960845947e-01,9.283590912818908691e-01,6.346409022808074951e-02,3.230000000000000000e+03,3.557335205078125000e+03
4.223684668540954590e-01,0.000000000000000000e+00,3.756297528743743896e-01,-9.510754793882369995e-02,1.211912631988525391e+00,6.220935657620429993e-02,4.497000000000000000e+03,4.531496093750000000e+03
-6.000000238418579102e-01,1.973159313201904297e-01,-4.748548567295074463e-01,2.097769826650619507e-01,7.764428853988647461e-01,3.002524077892303467e-01,7.680000000000000000e+02,7.880576171875000000e+02
3.562291860580444336e-01,2.514390051364898682e-01,2.952851653099060059e-01,6.192749142646789551e-01,7.898377180099487305e-01,6.792942434549331665e-02,3.140000000000000000e+03,3.807095947265625000e+03
-1.000000014901161194e-01,6.083970069885253906e-01,1.659938842058181763e-01,6.425014734268188477e-01,8.622957468032836914e-01,5.440964549779891968e-02,3.508000000000000000e+03,3.839490234375000000e+03
-2.666139304637908936e-01,9.482004493474960327e-02,8.738496899604797363e-02,2.802140712738037109e-01,1.109660625457763672e+00,5.705794692039489746e-02,4.595000000000000000e+03,5.174643554687500000e+03
-3.000000119209289551e-01,1.366542428731918335e-01,-5.186375975608825684e-01,3.374954760074615479e-01,8.514299392700195312e-01,6.910112500190734863e-02,2.770000000000000000e+03,3.098199462890625000e+03
-4.166139364242553711e-01,9.482004493474960327e-02,-1.887241154909133911e-01,7.506866008043289185e-02,1.258953213691711426e+00,6.829680502414703369e-02,4.420000000000000000e+03,4.564868652343750000e+03
-2.696730494499206543e-01,5.784529447555541992e-01,-4.603911563754081726e-02,4.455169439315795898e-01,9.976480603218078613e-01,7.185614854097366333e-02,2.836000000000000000e+03,3.025934082031250000e+03
5.806340277194976807e-02,-5.500000119209289551e-01,-3.741642534732818604e-01,-6.800773739814758301e-01,8.753358721733093262e-01,7.277841866016387939e-02,3.156000000000000000e+03,3.953121826171875000e+03
9.183419495820999146e-02,-3.672468066215515137e-01,-2.876881062984466553e-01,-4.884538650512695312e-01,1.133790135383605957e+00,5.100962147116661072e-02,5.074000000000000000e+03,5.682326660156250000e+03
0.000000000000000000e+00,-4.000000059604644775e-01,-1.267462503165006638e-02,6.711088120937347412e-02,1.225159049034118652e+00,5.415953695774078369e-02,4.697000000000000000e+03,5.359645019531250000e+03
-3.659073412418365479e-01,-2.000000029802322388e-01,-4.227755367755889893e-01,1.370619516819715500e-02,8.574705123901367188e-01,5.811837315559387207e-02,3.028000000000000000e+03,3.226167968750000000e+03
3.896152675151824951e-01,4.545493423938751221e-01,7.163057327270507812e-01,5.036540627479553223e-01,9.414503574371337891e-01,6.988321989774703979e-02,3.896000000000000000e+03,4.363095214843750000e+03
-8.059255778789520264e-02,-4.172467887401580811e-01,-1.242843717336654663e-01,-4.008359014987945557e-01,3.500302135944366455e-01,1.006365865468978882e-01,1.114000000000000000e+03,1.133713500976562500e+03
-1.500000059604644775e-01,2.872454822063446045e-01,-4.513989984989166260e-01,5.863413214683532715e-01,1.207119703292846680e+00,6.239404529333114624e-02,5.051000000000000000e+03,5.658953613281250000e+03
9.482004493474960327e-02,4.223684668540954590e-01,1.071172505617141724e-01,4.497227072715759277e-01,1.106471180915832520e+00,5.340280011296272278e-02,4.186000000000000000e+03,4.189055664062500000e+03
-3.000000119209289551e-01,2.145627290010452271e-01,-7.695524096488952637e-01,2.481901794672012329e-01,1.158276200294494629e+00,5.409891903400421143e-02,4.439000000000000000e+03,5.146103027343750000e+03
-2.500000000000000000e-01,-2.131237089633941650e-01,-1.719262897968292236e-01,-3.293953239917755127e-01,1.080905437469482422e+00,6.499812752008438110e-02,4.631000000000000000e+03,4.708501953125000000e+03
2.872454822063446045e-01,-2.500000000000000000e-01,4.792941212654113770e-01,-6.106692552566528320e-01,1.098567724227905273e+00,6.316357851028442383e-02,4.723000000000000000e+03,5.356879882812500000e+03
-5.500000119209289551e-01,2.694263756275177002e-01,-2.887045145034790039e-01,7.213267683982849121e-01,1.099165678024291992e+00,6.747988611459732056e-02,4.165000000000000000e+03,5.063183593750000000e+03
-5.000000074505805969e-02,-3.672468066215515137e-01,-1.069577410817146301e-02,-8.751541972160339355e-01,1.118948221206665039e+00,8.637531846761703491e-02,3.596000000000000000e+03,4.310340820312500000e+03
-5.000000074505805969e-02,3.562291860580444336e-01,-3.977581858634948730e-02,5.965593457221984863e-01,1.255214095115661621e+00,5.366027727723121643e-02,4.823000000000000000e+03,4.998744628906250000e+03
5.000000074505805969e-02,3.221365213394165039e-01,-1.827210932970046997e-01,1.859918683767318726e-01,1.056405901908874512e+00,5.936490744352340698e-02,4.170000000000000000e+03,4.437881835937500000e+03
2.872454822063446045e-01,-1.500000059604644775e-01,2.229885011911392212e-01,-2.697912454605102539e-01,4.347396492958068848e-01,1.207179054617881775e-01,1.076000000000000000e+03,1.178949340820312500e+03
-4.499999880790710449e-01,-3.000000119209289551e-01,-2.212305516004562378e-01,-2.458243668079376221e-01,1.058133006095886230e+00,5.732918903231620789e-02,3.654000000000000000e+03,3.832539062500000000e+03
0.000000000000000000e+00,9.482004493474960327e-02,-1.650526523590087891e-01,4.042515158653259277e-02,6.334466934204101562e-01,5.574483796954154968e-02,1.906000000000000000e+03,2.047005493164062500e+03
1.366542428731918335e-01,3.221365213394165039e-01,1.574187874794006348e-01,1.516351699829101562e-01,1.220537781715393066e+00,6.850962340831756592e-02,4.505000000000000000e+03,4.593774902343750000e+03
3.562291860580444336e-01,1.957427263259887695e-01,1.490887254476547241e-01,8.892907500267028809e-01,1.267564654350280762e+00,6.000599265098571777e-02,4.279000000000000000e+03,5.590791503906250000e+03
5.173884034156799316e-01,-8.100111037492752075e-02,5.265763998031616211e-01,7.533879578113555908e-02,7.254621386528015137e-01,6.595911085605621338e-02,2.819000000000000000e+03,2.949093750000000000e+03
-6.590732932090759277e-02,-3.499999940395355225e-01,2.228296548128128052e-01,-6.034634709358215332e-01,1.253977060317993164e+00,5.463081970810890198e-02,5.541000000000000000e+03,6.049545898437500000e+03
-4.499999880790710449e-01,-2.500000000000000000e-01,-6.883289813995361328e-01,-3.314289152622222900e-01,9.215214848518371582e-01,6.420354545116424561e-02,3.485000000000000000e+03,3.740530761718750000e+03
-2.672467827796936035e-01,-5.500000119209289551e-01,-2.455773800611495972e-01,-6.386345624923706055e-01,9.824774861335754395e-01,5.861943587660789490e-02,3.611000000000000000e+03,3.642024658203125000e+03
4.545493423938751221e-01,5.000000074505805969e-02,5.424773097038269043e-01,-3.945771157741546631e-01,1.236052393913269043e+00,5.505995452404022217e-02,4.172000000000000000e+03,4.716996093750000000e+03
-4.499999880790710449e-01,-1.000000014901161194e-01,-7.124420404434204102e-01,-3.402987122535705566e-01,8.847097754478454590e-01,6.593399494886398315e-02,3.651000000000000000e+03,4.221712402343750000e+03
2.514390051364898682e-01,1.764043420553207397e-01,5.564797520637512207e-01,1.908430010080337524e-01,1.207989692687988281e+00,5.899903550744056702e-02,4.410000000000000000e+03,4.688050781250000000e+03
-6.184162572026252747e-02,5.481259822845458984e-01,7.035360485315322876e-02,5.078040361404418945e-01,5.235710740089416504e-01,6.440255790948867798e-02,1.749000000000000000e+03,1.868847900390625000e+03
1.188351139426231384e-01,-4.672468006610870361e-01,1.451556384563446045e-01,-6.671335101127624512e-01,7.771323323249816895e-01,5.659088492393493652e-02,2.937000000000000000e+03,3.131895751953125000e+03
-5.000000000000000000e-01,1.366542428731918335e-01,-2.165136337280273438e-01,-8.253316581249237061e-02,1.117449402809143066e+00,7.654294371604919434e-02,3.932000000000000000e+03,4.327236816406250000e+03
-2.159073352813720703e-01,-6.000000238418579102e-01,-4.022788703441619873e-01,-5.812469720840454102e-01,5.572441220283508301e-01,9.876848757266998291e-02,1.434000000000000000e+03,1.592188354492187500e+03
4.545493423938751221e-01,1.297110766172409058e-01,2.788990437984466553e-01,2.866898663341999054e-02,1.070167183876037598e+00,5.938093364238739014e-02,4.648000000000000000e+03,4.813492187500000000e+03
1.366542428731918335e-01,5.000000074505805969e-02,4.392688348889350891e-02,4.083928763866424561e-01,1.222853422164916992e+00,6.124744191765785217e-02,4.378000000000000000e+03,4.771466308593750000e+03
4.223684668540954590e-01,5.173884034156799316e-01,3.546602427959442139e-01,5.550716519355773926e-01,7.004929184913635254e-01,7.478161156177520752e-02,2.327000000000000000e+03,2.355502197265625000e+03
5.000000074505805969e-02,-4.000000059604644775e-01,2.149727940559387207e-01,-5.992099642753601074e-01,8.726306557655334473e-01,6.894175708293914795e-02,3.209000000000000000e+03,3.485455078125000000e+03
3.562291860580444336e-01,1.329784244298934937e-01,2.878424525260925293e-01,4.303691908717155457e-02,1.229215025901794434e+00,6.223845481872558594e-02,3.871000000000000000e+03,3.903528564453125000e+03
4.223684668540954590e-01,9.482004493474960327e-02,2.945132851600646973e-01,-1.639495790004730225e-02,8.740935325622558594e-01,6.726148724555969238e-02,2.309000000000000000e+03,2.395089111328125000e+03
-2.000000029802322388e-01,2.145627290010452271e-01,4.070712625980377197e-02,5.068222284317016602e-01,1.232027411460876465e+00,5.906722322106361389e-02,4.958000000000000000e+03,5.416857910156250000e+03
-4.499999880790710449e-01,-1.184162404388189316e-02,-4.505195319652557373e-01,1.845072358846664429e-01,1.245494842529296875e+00,5.442104116082191467e-02,4.700000000000000000e+03,4.816340820312500000e+03
-2.641935050487518311e-01,2.514390051364898682e-01,-3.146916329860687256e-01,-3.113440573215484619e-01,1.218731760978698730e+00,5.849513038992881775e-02,4.831000000000000000e+03,5.823438476562500000e+03
1.764043420553207397e-01,-6.000000238418579102e-01,1.381014436483383179e-01,-5.884804129600524902e-01,1.000771403312683105e+00,6.494200229644775391e-02,2.830000000000000000e+03,2.834540771484375000e+03
4.223684668540954590e-01,2.872454822063446045e-01,5.590848326683044434e-01,1.995860971510410309e-02,1.036245346069335938e+00,6.505536288022994995e-02,2.810000000000000000e+03,3.040935546875000000e+03
-3.188199996948242188e-01,-3.183409571647644043e-01,1.421582102775573730e-01,-6.110161915421485901e-02,1.047739148139953613e+00,6.431496143341064453e-02,4.040000000000000000e+03,5.015076660156250000e+03
1.366542428731918335e-01,-4.000000059604644775e-01,-4.355443418025970459e-01,-3.851750493049621582e-01,1.107205629348754883e+00,6.530913710594177246e-02,3.837000000000000000e+03,4.809813476562500000e+03
-5.500000119209289551e-01,0.000000000000000000e+00,-4.975844919681549072e-01,-5.179631710052490234e-01,1.163144469261169434e+00,6.649492681026458740e-02,3.653000000000000000e+03,4.354709960937500000e+03
5.173884034156799316e-01,1.525575220584869385e-01,6.907659173011779785e-01,4.614049792289733887e-01,8.337832093238830566e-01,1.647196114063262939e-01,2.630000000000000000e+03,3.086734375000000000e+03
-5.500000119209289551e-01,2.122108340263366699e-01,-6.598471999168395996e-01,1.021117866039276123e-01,7.518607378005981445e-01,9.111263602972030640e-02,2.774000000000000000e+03,2.891542480468750000e+03
-1.419351249933242798e-02,3.896152675151824951e-01,-1.413128077983856201e-01,3.719325363636016846e-01,1.259294033050537109e+00,5.616002157330513000e-02,4.348000000000000000e+03,4.393163574218750000e+03
7.820610702037811279e-02,3.896152675151824951e-01,2.216132581233978271e-01,1.022846698760986328e+00,1.099513530731201172e+00,7.372745871543884277e-02,3.549000000000000000e+03,4.709262695312500000e+03
-1.000000014901161194e-01,-4.672468006610870361e-01,-6.478982418775558472e-02,-8.275583982467651367e-01,1.125957250595092773e+00,5.099928006529808044e-02,4.937000000000000000e+03,5.435288574218750000e+03
-3.151089549064636230e-01,3.562291860580444336e-01,-5.244116187095642090e-01,3.027572631835937500e-01,1.000818848609924316e+00,6.795551627874374390e-02,4.071000000000000000e+03,4.258872070312500000e+03
-1.500000059604644775e-01,3.896152675151824951e-01,1.499512791633605957e-01,1.815704256296157837e-01,1.048753499984741211e+00,6.871416419744491577e-02,3.564000000000000000e+03,3.984614013671875000e+03
4.862083792686462402e-01,8.062653243541717529e-02,-1.527717243880033493e-02,1.827528923749923706e-01,1.078081130981445312e+00,6.997417658567428589e-02,4.063000000000000000e+03,4.935918457031250000e+03
3.562291860580444336e-01,-2.131237089633941650e-01,3.242518901824951172e-01,-2.876591682434082031e-01,6.792065501213073730e-01,8.633547276258468628e-02,2.162000000000000000e+03,2.192592285156250000e+03
4.545493423938751221e-01,-2.000000029802322388e-01,2.091992944478988647e-01,2.124968767166137695e-01,9.355978965759277344e-01,9.098327904939651489e-02,2.352000000000000000e+03,2.939327880859375000e+03
3.221365213394165039e-01,1.764043420553207397e-01,6.941356658935546875e-01,-2.836219966411590576e-01,1.271395444869995117e+00,6.117398664355278015e-02,5.129000000000000000e+03,6.190550292968750000e+03
-3.499999940395355225e-01,-5.000000074505805969e-02,-2.047451585531234741e-01,-1.870306432247161865e-01,7.294420003890991211e-01,6.401915848255157471e-02,2.516000000000000000e+03,2.701305419921875000e+03
-1.500000059604644775e-01,-3.499999940395355225e-01,-3.348768875002861023e-02,-6.423860043287277222e-02,1.269740343093872070e+00,6.020777300000190735e-02,5.353000000000000000e+03,5.664297363281250000e+03
-5.000000074505805969e-02,1.764043420553207397e-01,-1.538503319025039673e-01,-7.242482900619506836e-02,1.017409801483154297e+00,7.410435378551483154e-02,3.725000000000000000e+03,3.982586914062500000e+03
-4.499999880790710449e-01,-4.000000059604644775e-01,-4.169053435325622559e-01,-2.220099419355392456e-01,1.024891972541809082e+00,5.609497055411338806e-02,3.126000000000000000e+03,3.222996337890625000e+03
4.545493423938751221e-01,-2.000000029802322388e-01,3.473258912563323975e-01,-5.810828208923339844e-01,1.173338532447814941e+00,6.168819591403007507e-02,4.756000000000000000e+03,5.282749023437500000e+03
-2.192623913288116455e-01,4.862083792686462402e-01,2.107615172863006592e-01,1.111277043819427490e-01,1.103300213813781738e+00,6.234953552484512329e-02,3.867000000000000000e+03,4.847419433593750000e+03
3.975010663270950317e-02,-4.499999880790710449e-01,-2.267926484346389771e-01,-3.255718946456909180e-01,1.187818288803100586e+00,5.631421506404876709e-02,4.998000000000000000e+03,5.300007324218750000e+03
3.396152555942535400e-01,-6.499999761581420898e-01,2.940911054611206055e-01,-7.449815273284912109e-01,4.695121049880981445e-01,1.027267873287200928e-01,1.978000000000000000e+03,2.076144042968750000e+03
-4.000000059604644775e-01,8.489102870225906372e-02,1.516760736703872681e-01,1.127991080284118652e-02,1.242815852165222168e+00,5.195127800107002258e-02,4.693000000000000000e+03,5.594485351562500000e+03
2.145627290010452271e-01,-5.196730494499206543e-01,1.091008931398391724e-01,-6.064418554306030273e-01,7.978813648223876953e-01,6.973450630903244019e-02,2.657000000000000000e+03,2.734458984375000000e+03
3.199987113475799561e-01,3.221365213394165039e-01,3.252340108156204224e-02,3.280490040779113770e-01,9.053887128829956055e-01,6.820445507764816284e-02,3.010000000000000000e+03,3.306423095703125000e+03
-3.000000119209289551e-01,3.896152675151824951e-01,-3.864032328128814697e-01,3.613914549350738525e-01,5.323263406753540039e-01,6.585791707038879395e-02,1.316000000000000000e+03,1.354123168945312500e+03
-6.000000238418579102e-01,1.764043420553207397e-01,-4.092038869857788086e-01,4.277857542037963867e-01,1.016790270805358887e+00,7.946819067001342773e-02,3.383000000000000000e+03,3.701353027343750000e+03
3.896152675151824951e-01,2.872454822063446045e-01,7.024738937616348267e-02,3.601640760898590088e-01,1.130586028099060059e+00,6.242790073156356812e-02,3.914000000000000000e+03,4.235666015625000000e+03
2.145627290010452271e-01,-1.000000014901161194e-01,2.448432445526123047e-01,-6.619547009468078613e-01,1.188030958175659180e+00,5.589314922690391541e-02,4.751000000000000000e+03,5.767924804687500000e+03
-2.641935050487518311e-01,-2.500000000000000000e-01,-4.465603232383728027e-01,-6.113654375076293945e-01,1.269743442535400391e+00,5.019794404506683350e-02,4.602000000000000000e+03,5.058937500000000000e+03
-3.659073412418365479e-01,-5.000000074505805969e-02,-3.985446989536285400e-01,-1.282302569597959518e-02,9.457638859748840332e-01,6.935355812311172485e-02,2.980000000000000000e+03,2.988096191406250000e+03
3.194263577461242676e-01,6.379825472831726074e-01,4.340981245040893555e-01,5.788297653198242188e-01,6.664581298828125000e-01,7.543084025382995605e-02,2.863000000000000000e+03,2.969136474609375000e+03
-2.131237089633941650e-01,1.764043420553207397e-01,-3.851914107799530029e-01,2.181273549795150757e-01,5.884978175163269043e-01,8.217953145503997803e-02,2.116000000000000000e+03,2.303783203125000000e+03
6.083970069885253906e-01,2.863300442695617676e-01,6.324704289436340332e-01,3.119396865367889404e-01,4.415721595287322998e-01,6.970489025115966797e-02,1.558000000000000000e+03,1.567831176757812500e+03
9.482004493474960327e-02,1.764043420553207397e-01,-6.034016236662864685e-02,-2.649477124214172363e-01,8.586017489433288574e-01,6.146862357854843140e-02,3.497000000000000000e+03,4.476580566406250000e+03
4.183419048786163330e-02,3.896152675151824951e-01,-2.799908220767974854e-01,7.310657948255538940e-02,1.001575827598571777e+00,6.297426670789718628e-02,3.423000000000000000e+03,4.090412353515625000e+03
2.872454822063446045e-01,3.896152675151824951e-01,3.609226644039154053e-01,2.244809567928314209e-01,9.043622612953186035e-01,5.710807442665100098e-02,2.706000000000000000e+03,2.813344482421875000e+03
1.764043420553207397e-01,-3.499999940395355225e-01,1.274738162755966187e-01,-1.827356368303298950e-01,9.506535530090332031e-01,6.106451526284217834e-02,4.037000000000000000e+03,4.171716308593750000e+03
-3.692623972892761230e-01,1.764043420553207397e-01,6.378320604562759399e-02,8.601895719766616821e-02,1.208225607872009277e+00,6.981489062309265137e-02,4.399000000000000000e+03,4.971429199218750000e+03
-1.500000059604644775e-01,8.165905624628067017e-02,-4.609233140945434570e-01,-5.350447446107864380e-02,9.898081421852111816e-01,5.644536763429641724e-02,4.065000000000000000e+03,4.529793945312500000e+03
5.000000074505805969e-02,-4.499999880790710449e-01,4.930081218481063843e-02,-3.890805244445800781e-01,9.887266159057617188e-01,7.098267972469329834e-02,3.210000000000000000e+03,3.222222167968750000e+03
2.145627290010452271e-01,3.562291860580444336e-01,5.513024926185607910e-01,4.536118209362030029e-01,1.185852766036987305e+00,5.431775376200675964e-02,4.863000000000000000e+03,5.280166503906250000e+03
5.173884034156799316e-01,-2.641935050487518311e-01,5.409799814224243164e-01,-1.715734302997589111e-01,7.407298684120178223e-01,5.500222742557525635e-02,2.422000000000000000e+03,2.462206787109375000e+03
2.514390051364898682e-01,-1.000000014901161194e-01,5.457388162612915039e-01,-1.042953357100486755e-01,1.210283637046813965e+00,6.640627980232238770e-02,4.522000000000000000e+03,4.786241699218750000e+03
-2.683409452438354492e-01,6.083970069885253906e-01,-5.313323810696601868e-02,5.456622242927551270e-01,7.700595855712890625e-01,6.371720880270004272e-02,3.045000000000000000e+03,3.298502441406250000e+03
4.862083792686462402e-01,1.282061040401458740e-01,1.420340687036514282e-01,-2.735306918621063232e-01,1.121125698089599609e+00,5.612259730696678162e-02,4.208000000000000000e+03,5.101993652343750000e+03
-8.000000119209289551e-01,-2.966075018048286438e-02,-1.123011827468872070e+00,2.190348692238330841e-02,9.354454278945922852e-01,6.218765303492546082e-02,2.391000000000000000e+03,2.675412353515625000e+03
-2.500000000000000000e-01,2.145627290010452271e-01,-6.420370340347290039e-01,5.308222770690917969e-01,1.168669700622558594e+00,5.529953166842460632e-02,4.925000000000000000e+03,5.802984375000000000e+03
-5.179951898753643036e-03,1.366542428731918335e-01,-1.114350706338882446e-01,5.510061383247375488e-01,1.099474430084228516e+00,6.715913861989974976e-02,4.030000000000000000e+03,4.620650390625000000e+03
-8.253445476293563843e-02,-7.700559496879577637e-01,-2.456613928079605103e-01,-7.774637341499328613e-01,8.089582324028015137e-01,5.784264206886291504e-02,3.417000000000000000e+03,3.554824218750000000e+03
-1.419351249933242798e-02,-4.000000059604644775e-01,2.538207471370697021e-01,-5.900036692619323730e-01,1.052871704101562500e+00,7.139518857002258301e-02,3.901000000000000000e+03,4.272696777343750000e+03
3.161768615245819092e-01,-2.500000000000000000e-01,6.489210128784179688e-01,-1.853289753198623657e-01,1.253624796867370605e+00,5.364112555980682373e-02,5.106000000000000000e+03,5.473741699218750000e+03
-2.500000000000000000e-01,-3.499999940395355225e-01,-1.668853461742401123e-01,-3.956192731857299805e-01,5.950266122817993164e-01,7.548824697732925415e-02,2.168000000000000000e+03,2.222763183593750000e+03
6.083970069885253906e-01,1.052139326930046082e-01,6.279944181442260742e-01,-1.408915221691131592e-01,1.018001079559326172e+00,5.960947647690773010e-02,4.336000000000000000e+03,4.586940917968750000e+03
-5.000000074505805969e-02,9.482004493474960327e-02,-3.433154150843620300e-02,1.479558944702148438e-01,6.577826142311096191e-01,9.404325485229492188e-02,2.067000000000000000e+03,2.081590087890625000e+03
-4.000000059604644775e-01,-1.102498918771743774e-01,1.264079958200454712e-01,-5.393138527870178223e-01,1.206022381782531738e+00,7.652577012777328491e-02,4.321000000000000000e+03,5.609475097656250000e+03
-3.151089549064636230e-01,-5.179951898753643036e-03,-3.198724985122680664e-01,-3.979027867317199707e-01,9.955030083656311035e-01,6.183575838804244995e-02,3.937000000000000000e+03,4.529567382812500000e+03
6.083970069885253906e-01,-1.590733230113983154e-02,6.597931385040283203e-01,-7.925307750701904297e-02,4.650323390960693359e-01,7.199993729591369629e-02,1.750000000000000000e+03,1.803303222656250000e+03
-2.500000000000000000e-01,-2.000000029802322388e-01,-6.469690799713134766e-01,-1.344832032918930054e-01,1.205712080001831055e+00,7.562480121850967407e-02,3.991000000000000000e+03,4.424257324218750000e+03
-3.000000119209289551e-01,3.815837576985359192e-02,-2.658006548881530762e-01,7.606274634599685669e-02,1.235870242118835449e+00,6.029127165675163269e-02,4.875000000000000000e+03,4.883219238281250000e+03
-2.641935050487518311e-01,-6.024989485740661621e-02,-3.313189446926116943e-01,-2.718494236469268799e-01,1.102676987648010254e+00,5.748470127582550049e-02,4.642000000000000000e+03,4.828200683593750000e+03
2.872454822063446045e-01,2.872454822063446045e-01,4.917882978916168213e-01,3.797764778137207031e-01,7.930984497070312500e-01,6.796306371688842773e-02,3.126000000000000000e+03,3.371990478515625000e+03
-4.672468006610870361e-01,-1.590733230113983154e-02,-7.393994331359863281e-01,-9.940937906503677368e-02,1.183707594871520996e+00,5.451633408665657043e-02,4.224000000000000000e+03,4.464933105468750000e+03
3.562291860580444336e-01,3.221365213394165039e-01,1.651982218027114868e-01,4.298319816589355469e-01,1.213690638542175293e+00,5.548132956027984619e-02,5.054000000000000000e+03,5.217662109375000000e+03
1.366542428731918335e-01,3.896152675151824951e-01,9.724862128496170044e-02,4.710228741168975830e-01,1.142091512680053711e+00,6.542535871267318726e-02,4.169000000000000000e+03,4.194971191406250000e+03
-3.000000119209289551e-01,1.366542428731918335e-01,-3.535625934600830078e-01,2.424011230468750000e-01,4.398743212223052979e-01,6.131016835570335388e-02,1.471000000000000000e+03,1.575995117187500000e+03
-1.000000014901161194e-01,-3.499999940395355225e-01,-7.079076766967773438e-02,-2.813009917736053467e-01,1.275557994842529297e+00,5.779243260622024536e-02,3.906000000000000000e+03,3.919447998046875000e+03
5.000000074505805969e-02,2.872454822063446045e-01,1.220123097300529480e-01,3.970929384231567383e-01,1.151870250701904297e+00,6.600687652826309204e-02,3.702000000000000000e+03,3.749920166015625000e+03
-3.372646123170852661e-02,-5.500000119209289551e-01,2.350159287452697754e-01,-4.149759113788604736e-01,1.122100114822387695e+00,5.795109272003173828e-02,4.296000000000000000e+03,4.599880859375000000e+03
-1.500000059604644775e-01,4.203528761863708496e-01,-2.413540780544281006e-01,9.151253700256347656e-01,1.140754342079162598e+00,6.077402830123901367e-02,4.966000000000000000e+03,5.891874023437500000e+03
3.896152675151824951e-01,-5.000000074505805969e-02,2.054848670959472656e-01,-4.530494287610054016e-02,1.280614852905273438e+00,5.544231459498405457e-02,4.064000000000000000e+03,4.147733398437500000e+03
1.264043450355529785e-01,-5.000000000000000000e-01,-7.862234860658645630e-02,-5.604850649833679199e-01,9.959277510643005371e-01,5.514384061098098755e-02,4.019000000000000000e+03,4.202531738281250000e+03
-3.659073412418365479e-01,1.366542428731918335e-01,-6.911209821701049805e-01,9.226197004318237305e-02,1.250353693962097168e+00,5.037675425410270691e-02,5.008000000000000000e+03,5.348044921875000000e+03
6.253814324736595154e-03,6.961627006530761719e-01,-9.982714056968688965e-02,7.305182814598083496e-01,5.166708230972290039e-01,1.055774241685867310e-01,1.663000000000000000e+03,1.739745605468750000e+03
-2.000000029802322388e-01,2.145627290010452271e-01,-2.746846154332160950e-02,5.378218293190002441e-01,1.147443771362304688e+00,6.294064223766326904e-02,4.281000000000000000e+03,4.707810546875000000e+03
-1.325928419828414917e-01,-7.196730375289916992e-01,-2.184453606605529785e-01,-3.908486068248748779e-01,7.898979187011718750e-01,7.048520445823669434e-02,2.445000000000000000e+03,2.880872314453125000e+03
0.000000000000000000e+00,2.872454822063446045e-01,4.039069712162017822e-01,4.537830948829650879e-01,1.073356389999389648e+00,5.707448348402976990e-02,3.811000000000000000e+03,4.420358886718750000e+03
-8.165807463228702545e-03,-3.499999940395355225e-01,-6.875801831483840942e-02,-4.607092142105102539e-01,8.315920233726501465e-01,6.550030410289764404e-02,2.914000000000000000e+03,2.980864013671875000e+03
4.862083792686462402e-01,3.221365213394165039e-01,8.905519843101501465e-01,2.349552363157272339e-01,1.002251744270324707e+00,6.505545973777770996e-02,3.625000000000000000e+03,4.220089355468750000e+03
7.640434801578521729e-02,5.169460177421569824e-01,-2.330833487212657928e-02,5.597115755081176758e-01,7.101411819458007812e-01,7.536727190017700195e-02,2.185000000000000000e+03,2.235842041015625000e+03
4.545493423938751221e-01,1.366542428731918335e-01,5.960389971733093262e-01,-1.261132955551147461e-01,1.106348395347595215e+00,5.823706090450286865e-02,4.432000000000000000e+03,4.748341796875000000e+03
6.961627006530761719e-01,-1.000000014901161194e-01,7.041193842887878418e-01,-2.284233123064041138e-01,7.843168377876281738e-01,6.569348275661468506e-02,3.361000000000000000e+03,3.451121826171875000e+03
-1.797376573085784912e-01,3.562291860580444336e-01,-4.507579505443572998e-01,2.361485175788402557e-02,1.276826739311218262e+00,5.721152201294898987e-02,4.529000000000000000e+03,5.026610839843750000e+03
2.014390081167221069e-01,-7.207512259483337402e-01,9.361220896244049072e-02,-7.269843816757202148e-01,8.372576832771301270e-01,9.345656633377075195e-02,2.542000000000000000e+03,2.584198730468750000e+03
3.896152675151824951e-01,-1.000000014901161194e-01,1.659291982650756836e-01,-2.823373973369598389e-01,1.212153315544128418e+00,5.776543542742729187e-02,4.854000000000000000e+03,5.125524414062500000e+03
3.221365213394165039e-01,3.896152675151824951e-01,3.010444045066833496e-01,3.254468441009521484e-01,6.048935651779174805e-01,7.590308040380477905e-02,2.038000000000000000e+03,2.063430419921875000e+03
-5.500000119209289551e-01,2.514390051364898682e-01,-3.865522742271423340e-01,8.742475509643554688e-02,9.382160902023315430e-01,9.940376877784729004e-02,2.639000000000000000e+03,2.797705566406250000e+03
3.896152675151824951e-01,4.482004791498184204e-02,4.277808070182800293e-01,5.361910462379455566e-01,1.254271268844604492e+00,5.178081244230270386e-02,4.916000000000000000e+03,5.650326171875000000e+03
-1.024989411234855652e-02,-4.000000059604644775e-01,-2.652650475502014160e-01,-1.091921329498291016e-01,1.107542991638183594e+00,5.959272757172584534e-02,4.221000000000000000e+03,4.721119140625000000e+03
-2.500000000000000000e-01,-3.000000119209289551e-01,9.677323698997497559e-02,-2.678443491458892822e-01,1.257481932640075684e+00,6.327775865793228149e-02,4.618000000000000000e+03,4.965760742187500000e+03
3.221365213394165039e-01,-4.499999880790710449e-01,4.808133840560913086e-01,-5.428004860877990723e-01,1.021085858345031738e+00,5.317228659987449646e-02,4.276000000000000000e+03,4.413632324218750000e+03
-1.500000059604644775e-01,4.545493423938751221e-01,-1.703022420406341553e-01,4.258651733398437500e-01,5.713454484939575195e-01,7.920898497104644775e-02,1.631000000000000000e+03,1.637210083007812500e+03
7.971107959747314453e-02,5.784529447555541992e-01,1.397897303104400635e-01,6.267036199569702148e-01,8.685293793678283691e-01,7.988472282886505127e-02,3.413000000000000000e+03,3.439794433593750000e+03
-3.499999940395355225e-01,9.482004493474960327e-02,-2.931071519851684570e-01,3.189070522785186768e-02,1.105183839797973633e+00,5.847039818763732910e-02,3.916000000000000000e+03,3.939155273437500000e+03
2.494537532329559326e-01,-4.000000059604644775e-01,4.816288053989410400e-01,-8.556551933288574219e-01,1.154742002487182617e+00,6.054482236504554749e-02,4.382000000000000000e+03,5.205112304687500000e+03
-2.651089727878570557e-01,-4.499999880790710449e-01,-4.125752151012420654e-01,-9.056050181388854980e-01,1.067144632339477539e+00,5.995994061231613159e-02,4.141000000000000000e+03,4.939422851562500000e+03
0.000000000000000000e+00,3.896152675151824951e-01,-5.913845822215080261e-02,1.889395564794540405e-01,1.193362712860107422e+00,7.002640515565872192e-02,4.968000000000000000e+03,5.119320312500000000e+03
-5.816580727696418762e-02,-3.499999940395355225e-01,2.142612785100936890e-01,-3.642872571945190430e-01,1.122573852539062500e+00,7.692188769578933716e-02,4.254000000000000000e+03,4.501386230468750000e+03
3.537955880165100098e-01,1.764043420553207397e-01,3.081765472888946533e-01,7.346085458993911743e-02,1.034312605857849121e+00,6.508939713239669800e-02,3.526000000000000000e+03,3.567592285156250000e+03
-2.500000000000000000e-01,2.872454822063446045e-01,-2.560004591941833496e-01,1.914166659116744995e-01,1.248842358589172363e+00,5.616601929068565369e-02,5.138000000000000000e+03,5.168380859375000000e+03
-2.000000029802322388e-01,3.221365213394165039e-01,-5.348981618881225586e-01,6.004413217306137085e-02,1.225840330123901367e+00,5.507470294833183289e-02,5.259000000000000000e+03,5.874773437500000000e+03
-4.000000059604644775e-01,-8.165807463228702545e-03,-6.349643468856811523e-01,1.224472746253013611e-02,1.243566632270812988e+00,5.057843402028083801e-02,4.872000000000000000e+03,5.045467285156250000e+03
4.545493423938751221e-01,-1.000000014901161194e-01,1.332338005304336548e-01,-1.487672775983810425e-01,1.020278215408325195e+00,6.061508506536483765e-02,4.090000000000000000e+03,4.496100585937500000e+03
-5.500000119209289551e-01,-5.178191065788269043e-01,-4.015792012214660645e-01,-6.257413029670715332e-01,8.191168904304504395e-01,8.201107382774353027e-02,3.089000000000000000e+03,3.242269531250000000e+03
3.221365213394165039e-01,-1.500000059604644775e-01,7.551065087318420410e-01,-3.836853802204132080e-01,1.246862530708312988e+00,6.033528223633766174e-02,4.499000000000000000e+03,5.176155273437500000e+03
-1.000000014901161194e-01,-5.500000119209289551e-01,-3.512430489063262939e-01,-5.693117976188659668e-01,1.080669283866882324e+00,5.846467986702919006e-02,4.637000000000000000e+03,4.886367675781250000e+03
1.764043420553207397e-01,-4.000000059604644775e-01,3.019438982009887695e-01,-3.523049652576446533e-01,9.356088042259216309e-01,8.182519674301147461e-02,3.569000000000000000e+03,3.641994873046875000e+03
-4.499999880790710449e-01,-5.179951898753643036e-03,-1.518800258636474609e-01,-5.713073164224624634e-02,1.255711436271667480e+00,5.705267935991287231e-02,4.151000000000000000e+03,4.388920410156250000e+03
2.145627290010452271e-01,-4.000000059604644775e-01,3.838634490966796875e-01,-4.470481574535369873e-01,9.647732973098754883e-01,6.615547090768814087e-02,3.259000000000000000e+03,3.366459716796875000e+03
-7.973765581846237183e-02,-5.000000000000000000e-01,-2.592918574810028076e-01,-5.004128813743591309e-01,4.681133031845092773e-01,6.704820692539215088e-02,1.538000000000000000e+03,1.756643554687500000e+03
2.145627290010452271e-01,-1.102498918771743774e-01,5.224102735519409180e-01,-1.558179706335067749e-01,1.046626806259155273e+00,5.766867473721504211e-02,4.450000000000000000e+03,4.835001464843750000e+03
1.366542428731918335e-01,-2.500000000000000000e-01,-3.467397391796112061e-01,-2.701258063316345215e-01,1.200658440589904785e+00,5.377862602472305298e-02,3.939000000000000000e+03,4.557061035156250000e+03
-4.499999880790710449e-01,9.482004493474960327e-02,-3.186783790588378906e-01,2.646114230155944824e-01,1.131591677665710449e+00,6.420701742172241211e-02,4.599000000000000000e+03,4.762747558593750000e+03
-3.499999940395355225e-01,-3.499999940395355225e-01,-6.063613891601562500e-01,-5.540439486503601074e-01,1.118529438972473145e+00,5.316247045993804932e-02,4.475000000000000000e+03,4.850765136718750000e+03
-4.000000059604644775e-01,3.562291860580444336e-01,-5.683875679969787598e-01,-1.607086509466171265e-01,1.194095849990844727e+00,5.896183848381042480e-02,4.462000000000000000e+03,5.348370605468750000e+03
9.482004493474960327e-02,8.118000626564025879e-02,3.643456101417541504e-01,4.115424156188964844e-01,8.431069254875183105e-01,6.492805480957031250e-02,2.752000000000000000e+03,3.421246337890625000e+03
2.872454822063446045e-01,8.580648899078369141e-02,5.595324560999870300e-02,-1.539609581232070923e-01,9.268512129783630371e-01,6.565417349338531494e-02,2.967000000000000000e+03,3.339821777343750000e+03
3.409266844391822815e-02,-1.500000059604644775e-01,-1.066957637667655945e-01,-3.815909624099731445e-01,9.227159023284912109e-01,6.398939341306686401e-02,3.728000000000000000e+03,4.043732177734375000e+03
1.764043420553207397e-01,-5.000000000000000000e-01,3.522851504385471344e-03,-2.617614865303039551e-01,1.046778321266174316e+00,5.882004648447036743e-02,3.682000000000000000e+03,3.967962646484375000e+03
5.784529447555541992e-01,5.173884034156799316e-01,6.155822873115539551e-01,5.806125998497009277e-01,6.246411800384521484e-01,1.112745925784111023e-01,1.584000000000000000e+03,1.605831176757812500e+03
2.514390051364898682e-01,-1.131237149238586426e-01,1.356083154678344727e-01,-1.920878589153289795e-01,8.956876397132873535e-01,7.610982656478881836e-02,2.494000000000000000e+03,2.554900878906250000e+03
5.173884034156799316e-01,-5.000000074505805969e-02,7.004102319478988647e-02,1.199419349431991577e-01,1.242804050445556641e+00,5.768165737390518188e-02,4.223000000000000000e+03,4.827947753906250000e+03
-1.500000059604644775e-01,0.000000000000000000e+00,-3.703172877430915833e-02,2.174608260393142700e-01,7.158311009407043457e-01,6.311275810003280640e-02,3.246000000000000000e+03,3.617149169921875000e+03
3.489103168249130249e-02,-3.499999940395355225e-01,2.896050512790679932e-01,-1.524704992771148682e-01,1.150249123573303223e+00,1.902649700641632080e-01,3.237000000000000000e+03,3.486202636718750000e+03
-4.499999880790710449e-01,-3.499999940395355225e-01,-6.609067320823669434e-01,-4.006836414337158203e-01,1.026589512825012207e+00,5.668624117970466614e-02,4.296000000000000000e+03,4.486038574218750000e+03
1.316963285207748413e-01,-4.672468006610870361e-01,1.921001821756362915e-01,-6.684998869895935059e-01,7.204792499542236328e-01,9.640687704086303711e-02,2.426000000000000000e+03,2.627969482421875000e+03
-4.499999880790710449e-01,2.514390051364898682e-01,-5.703213810920715332e-01,3.559314310550689697e-01,7.406068444252014160e-01,5.204929038882255554e-02,2.667000000000000000e+03,2.789434082031250000e+03
2.014390081167221069e-01,-4.499999880790710449e-01,-1.223406270146369934e-01,-3.736896216869354248e-01,9.625691771507263184e-01,8.871047198772430420e-02,2.934000000000000000e+03,3.274835205078125000e+03
5.173884034156799316e-01,-3.000000119209289551e-01,7.650884389877319336e-01,-7.761840224266052246e-01,1.109516263008117676e+00,5.815175920724868774e-02,3.188000000000000000e+03,3.899040039062500000e+03
-3.499999940395355225e-01,-2.500000000000000000e-01,-3.265423178672790527e-01,8.937878906726837158e-02,8.961440324783325195e-01,1.125369071960449219e-01,1.862000000000000000e+03,2.121688964843750000e+03
-3.000000119209289551e-01,3.896152675151824951e-01,-3.643401861190795898e-01,5.605643987655639648e-01,5.654386281967163086e-01,1.139466091990470886e-01,1.735000000000000000e+03,1.911547241210937500e+03
-6.312371790409088135e-02,-2.500000000000000000e-01,-3.079059422016143799e-01,-1.873967349529266357e-01,9.027273654937744141e-01,7.053959369659423828e-02,2.936000000000000000e+03,3.162030029296875000e+03
-1.500000059604644775e-01,-7.700559496879577637e-01,-2.120351195335388184e-01,-7.709501385688781738e-01,6.254330277442932129e-01,7.488784193992614746e-02,1.688000000000000000e+03,1.704489746093750000e+03
1.764043420553207397e-01,3.555225729942321777e-01,1.849460750818252563e-01,3.638982176780700684e-01,1.158937335014343262e+00,7.534953206777572632e-02,3.488000000000000000e+03,3.488384765625000000e+03
-3.000000119209289551e-01,2.872454822063446045e-01,-8.489935398101806641e-01,1.582126766443252563e-01,1.259299993515014648e+00,5.105079710483551025e-02,4.118000000000000000e+03,4.909032714843750000e+03
-4.499999880790710449e-01,-3.159073293209075928e-01,-6.189965605735778809e-01,-6.923791170120239258e-01,1.078725814819335938e+00,7.058433443307876587e-02,4.482000000000000000e+03,5.116735351562500000e+03
5.784529447555541992e-01,-5.000000074505805969e-02,5.876256227493286133e-01,3.813048601150512695e-01,1.072679162025451660e+00,5.304275453090667725e-02,4.022000000000000000e+03,4.650706054687500000e+03
-6.499999761581420898e-01,2.872454822063446045e-01,-6.623871326446533203e-01,3.793475031852722168e-01,8.015623092651367188e-01,5.458792671561241150e-02,2.611000000000000000e+03,2.646039062500000000e+03
2.872454822063446045e-01,2.872454822063446045e-01,7.728492375463247299e-03,4.484324753284454346e-01,1.120780467987060547e+00,9.845419228076934814e-02,3.340000000000000000e+03,3.610956542968750000e+03
9.482004493474960327e-02,-5.000000000000000000e-01,1.131760030984878540e-01,-1.171240210533142090e-01,1.158492326736450195e+00,5.441568419337272644e-02,4.507000000000000000e+03,4.988465820312500000e+03
2.145627290010452271e-01,-3.499999940395355225e-01,1.245208084583282471e-02,-8.057957515120506287e-03,1.035724163055419922e+00,6.009380146861076355e-02,3.875000000000000000e+03,4.425873535156250000e+03
-3.499999940395355225e-01,3.562291860580444336e-01,1.909490115940570831e-02,4.360361695289611816e-01,1.048121929168701172e+00,6.202124059200286865e-02,4.023000000000000000e+03,4.530487792968750000e+03
-1.000000014901161194e-01,-4.000000059604644775e-01,-1.119950786232948303e-01,-6.914525628089904785e-01,1.246644496917724609e+00,5.361584201455116272e-02,4.702000000000000000e+03,4.956118652343750000e+03
-2.707512080669403076e-01,-2.500000000000000000e-01,-4.460183978080749512e-01,5.780642852187156677e-02,1.238267660140991211e+00,6.015625596046447754e-02,4.753000000000000000e+03,5.135256347656250000e+03
3.896152675151824951e-01,9.482004493474960327e-02,7.621545344591140747e-03,9.099597483873367310e-02,1.265472054481506348e+00,5.266728624701499939e-02,4.698000000000000000e+03,5.116684570312500000e+03
-2.169614434242248535e-01,-8.051799535751342773e-01,-1.586823612451553345e-01,-1.091778993606567383e+00,5.297455787658691406e-01,2.343815267086029053e-01,1.151000000000000000e+03,1.482315307617187500e+03
4.545493423938751221e-01,7.647910714149475098e-02,6.294738650321960449e-01,-4.624646157026290894e-02,1.121366977691650391e+00,6.034720689058303833e-02,4.465000000000000000e+03,4.625831542968750000e+03
-2.659073472023010254e-01,3.221365213394165039e-01,-2.162494361400604248e-01,2.048806101083755493e-01,1.037979125976562500e+00,6.496611237525939941e-02,4.185000000000000000e+03,4.247893554687500000e+03
-6.590732932090759277e-02,4.862083792686462402e-01,1.954581737518310547e-01,2.506546974182128906e-01,1.195662617683410645e+00,6.457327306270599365e-02,4.009000000000000000e+03,4.348530761718750000e+03
-5.000000074505805969e-02,-3.000000119209289551e-01,-1.134406030178070068e-01,-6.529938578605651855e-01,1.255022883415222168e+00,6.105094775557518005e-02,4.738000000000000000e+03,5.117398437500000000e+03
1.366542428731918335e-01,2.080634087324142456e-01,1.181614324450492859e-01,4.795898199081420898e-01,6.553951501846313477e-01,6.890331953763961792e-02,1.883000000000000000e+03,2.195621826171875000e+03
1.366542428731918335e-01,3.221365213394165039e-01,7.165380567312240601e-02,1.070930063724517822e-01,1.064323663711547852e+00,6.088441982865333557e-02,4.008000000000000000e+03,4.184354003906250000e+03
-4.000000059604644775e-01,-2.500000000000000000e-01,-1.385943293571472168e-01,-4.525540396571159363e-02,1.210516929626464844e+00,5.670646578073501587e-02,4.711000000000000000e+03,5.059518554687500000e+03
-1.210686340928077698e-01,-3.499999940395355225e-01,-2.119262367486953735e-01,-1.129021644592285156e-01,1.258358120918273926e+00,5.644882470369338989e-02,4.782000000000000000e+03,4.974881347656250000e+03
-3.196730315685272217e-01,-1.500000059604644775e-01,2.226724773645401001e-01,-2.568026781082153320e-01,1.159721851348876953e+00,5.231721326708793640e-02,4.544000000000000000e+03,5.527585449218750000e+03
-2.500000000000000000e-01,2.145627290010452271e-01,2.329878807067871094e-01,7.795896381139755249e-02,9.265690445899963379e-01,5.766320228576660156e-02,3.686000000000000000e+03,4.706604003906250000e+03
-1.590733230113983154e-02,-3.659073412418365479e-01,-6.410531699657440186e-02,-1.761807799339294434e-01,1.276611566543579102e+00,5.371028929948806763e-02,5.139000000000000000e+03,5.259412597656250000e+03
3.562291860580444336e-01,-1.000000014901161194e-01,2.284264862537384033e-01,-6.326671242713928223e-01,1.277503848075866699e+00,5.762706696987152100e-02,5.369000000000000000e+03,6.319005859375000000e+03
0.000000000000000000e+00,-2.692624032497406006e-01,-2.869046330451965332e-01,-3.263262212276458740e-01,1.144847750663757324e+00,6.115970015525817871e-02,3.922000000000000000e+03,4.173950195312500000e+03
-4.672468006610870361e-01,-2.000000029802322388e-01,-3.991990983486175537e-01,-4.511297047138214111e-01,1.138436198234558105e+00,5.307442322373390198e-02,4.601000000000000000e+03,4.838739746093750000e+03
4.545493423938751221e-01,9.482004493474960327e-02,4.383502602577209473e-01,6.529489159584045410e-02,9.870929718017578125e-01,5.886053666472434998e-02,3.793000000000000000e+03,3.797393554687500000e+03
0.000000000000000000e+00,-4.000000059604644775e-01,4.282937198877334595e-02,-1.961552053689956665e-01,1.204086542129516602e+00,5.731120333075523376e-02,4.070000000000000000e+03,4.190913574218750000e+03
2.872454822063446045e-01,-4.499999880790710449e-01,2.692309021949768066e-01,-1.045202165842056274e-01,9.761533141136169434e-01,7.012361288070678711e-02,3.401000000000000000e+03,3.816828369140625000e+03
-3.499999940395355225e-01,-3.000000119209289551e-01,-3.349049091339111328e-01,-1.773804128170013428e-01,1.029727578163146973e+00,6.703700870275497437e-02,4.031000000000000000e+03,4.089038574218750000e+03
-1.500000059604644775e-01,3.562291860580444336e-01,-1.441492140293121338e-01,7.407006025314331055e-01,1.077908396720886230e+00,6.807631254196166992e-02,4.178000000000000000e+03,4.694859863281250000e+03
-3.000000119209289551e-01,-3.000000119209289551e-01,-2.254908531904220581e-01,-5.580906271934509277e-01,1.074372649192810059e+00,7.260298728942871094e-02,4.593000000000000000e+03,4.875850585937500000e+03
1.306265294551849365e-01,4.223684668540954590e-01,2.934802770614624023e-01,4.260662496089935303e-01,1.217837452888488770e+00,5.404127761721611023e-02,5.022000000000000000e+03,5.111571289062500000e+03
2.514390051364898682e-01,4.862083792686462402e-01,5.227726101875305176e-01,4.912194013595581055e-01,9.388736486434936523e-01,6.472492963075637817e-02,4.187000000000000000e+03,4.529620117187500000e+03
-4.499999880790710449e-01,-4.000000059604644775e-01,-2.240847796201705933e-01,-4.024000465869903564e-01,8.180344104766845703e-01,6.993874162435531616e-02,2.914000000000000000e+03,3.132469970703125000e+03
3.665424138307571411e-02,4.862083792686462402e-01,-2.279263436794281006e-01,8.845604658126831055e-01,1.098872065544128418e+00,6.277619302272796631e-02,4.368000000000000000e+03,5.161373046875000000e+03
5.173884034156799316e-01,-1.000000014901161194e-01,2.676987349987030029e-01,-3.045092336833477020e-02,8.821244239807128906e-01,5.763475224375724792e-02,3.558000000000000000e+03,3.859334472656250000e+03
-4.000000059604644775e-01,2.355316728353500366e-01,-5.297470688819885254e-01,2.285311371088027954e-01,5.415446162223815918e-01,6.556867808103561401e-02,1.563000000000000000e+03,1.651719970703125000e+03
-5.179951898753643036e-03,-3.000000119209289551e-01,7.030900567770004272e-02,-2.063696831464767456e-01,5.002924799919128418e-01,8.387993276119232178e-02,1.570000000000000000e+03,1.659551391601562500e+03
-6.999999880790710449e-01,-1.334575936198234558e-02,-6.557878851890563965e-01,4.169796034693717957e-02,5.670549869537353516e-01,1.055767685174942017e-01,1.262000000000000000e+03,1.281451782226562500e+03
-2.500000000000000000e-01,-2.000000029802322388e-01,-2.485810667276382446e-01,-1.359128355979919434e-01,5.913345813751220703e-01,7.408432662487030029e-02,1.473000000000000000e+03,1.490210815429687500e+03
-5.683409571647644043e-01,-3.499999940395355225e-01,-3.471069931983947754e-01,-8.193135261535644531e-01,1.016823887825012207e+00,6.816269457340240479e-02,3.079000000000000000e+03,3.839180664062500000e+03
6.379825472831726074e-01,-1.000000014901161194e-01,7.525733113288879395e-01,-3.934192955493927002e-01,8.951407670974731445e-01,6.926589459180831909e-02,3.808000000000000000e+03,4.266342285156250000e+03
2.872454822063446045e-01,-2.000000029802322388e-01,1.810520887374877930e-01,-5.291558504104614258e-01,9.775626659393310547e-01,9.121503680944442749e-02,2.877000000000000000e+03,3.227385009765625000e+03
-5.500000119209289551e-01,-5.000000074505805969e-02,-4.088926911354064941e-01,-2.021837085485458374e-01,1.144106864929199219e+00,5.829738080501556396e-02,3.613000000000000000e+03,3.730707275390625000e+03
4.862083792686462402e-01,1.764043420553207397e-01,3.834697902202606201e-01,-9.274308383464813232e-02,9.431928992271423340e-01,5.655295774340629578e-02,3.741000000000000000e+03,4.082909912109375000e+03
1.764043420553207397e-01,6.083970069885253906e-01,4.855673387646675110e-02,8.249893784523010254e-01,1.011861443519592285e+00,6.667203456163406372e-02,3.498000000000000000e+03,3.711386962890625000e+03
5.173884034156799316e-01,5.000000074505805969e-02,4.101779162883758545e-01,2.677156031131744385e-01,8.071379065513610840e-01,7.320669293403625488e-02,3.361000000000000000e+03,3.658012939453125000e+03
2.872454822063446045e-01,-6.999999880790710449e-01,3.674636483192443848e-01,-8.340359330177307129e-01,7.833746671676635742e-01,6.577516347169876099e-02,2.740000000000000000e+03,2.848089111328125000e+03
-5.500000119209289551e-01,2.872454822063446045e-01,-5.723053216934204102e-01,2.028730213642120361e-01,6.776154637336730957e-01,1.071965321898460388e-01,1.981000000000000000e+03,2.013619873046875000e+03
4.185466170310974121e-01,-2.659073472023010254e-01,2.786186933517456055e-01,-3.975657746195793152e-02,1.137022256851196289e+00,6.073214113712310791e-02,4.762000000000000000e+03,5.019361328125000000e+03
3.221365213394165039e-01,-2.000000029802322388e-01,4.447512924671173096e-01,-3.153840303421020508e-01,1.024720430374145508e+00,5.314272642135620117e-02,3.959000000000000000e+03,4.065156494140625000e+03
0.000000000000000000e+00,3.510679006576538086e-01,1.107552871108055115e-01,1.731595098972320557e-01,8.893231749534606934e-01,5.879279226064682007e-02,3.479000000000000000e+03,3.669827148437500000e+03
2.799547910690307617e-01,4.844933748245239258e-01,1.578259766101837158e-01,6.691522002220153809e-01,8.166528940200805664e-01,1.362065225839614868e-01,2.069000000000000000e+03,2.218682617187500000e+03
-3.696730434894561768e-01,-3.499999940395355225e-01,-2.627755105495452881e-01,-1.607011444866657257e-02,1.139585018157958984e+00,5.153805390000343323e-02,4.404000000000000000e+03,4.811585937500000000e+03
2.145627290010452271e-01,-3.000000119209289551e-01,-2.933045029640197754e-01,-5.710386633872985840e-01,1.235964298248291016e+00,6.154386699199676514e-02,4.642000000000000000e+03,5.606348144531250000e+03
1.764043420553207397e-01,-5.000000000000000000e-01,7.545386254787445068e-02,-7.472962737083435059e-01,1.149743318557739258e+00,5.154000967741012573e-02,3.904000000000000000e+03,4.111873046875000000e+03
-4.000000059604644775e-01,-1.661394163966178894e-02,-3.926230072975158691e-01,-1.507618576288223267e-01,1.224575519561767578e+00,5.872120708227157593e-02,4.743000000000000000e+03,4.800016113281250000e+03
-4.000000059604644775e-01,-5.500000119209289551e-01,-3.495432138442993164e-01,-5.155050754547119141e-01,5.456462502479553223e-01,9.298754483461380005e-02,1.700000000000000000e+03,1.721212890625000000e+03
3.221365213394165039e-01,-3.000000119209289551e-01,5.555195733904838562e-02,6.125009059906005859e-02,1.214230418205261230e+00,6.211747974157333374e-02,3.982000000000000000e+03,4.510281250000000000e+03
2.872454822063446045e-01,-1.500000059604644775e-01,6.657737493515014648e-01,-1.167731881141662598e-01,1.114971876144409180e+00,5.741576105356216431e-02,4.545000000000000000e+03,5.058518066406250000e+03
5.173884034156799316e-01,-3.000000119209289551e-01,6.216773986816406250e-01,-3.174415528774261475e-01,5.205945372581481934e-01,8.391802012920379639e-02,1.604000000000000000e+03,1.669415161132812500e+03
-5.000000000000000000e-01,-7.749669253826141357e-02,-4.910646378993988037e-01,3.111747093498706818e-03,5.081661939620971680e-01,1.851891428232192993e-01,9.660000000000000000e+02,9.904008789062500000e+02
-3.499999940395355225e-01,-2.000000029802322388e-01,-6.416243314743041992e-01,-5.053425952792167664e-02,1.252185702323913574e+00,5.668811500072479248e-02,5.059000000000000000e+03,5.399374023437500000e+03
2.872454822063446045e-01,-3.499999940395355225e-01,3.527890741825103760e-01,-2.261123806238174438e-01,1.026864409446716309e+00,6.111265346407890320e-02,4.118000000000000000e+03,4.194359863281250000e+03
2.514390051364898682e-01,-2.641935050487518311e-01,4.946427941322326660e-01,-1.694913506507873535e-01,1.266598224639892578e+00,5.253187566995620728e-02,4.526000000000000000e+03,4.715706054687500000e+03
2.872454822063446045e-01,2.145627290010452271e-01,2.624072432518005371e-01,7.369441986083984375e-01,1.240411400794982910e+00,5.599647387862205505e-02,5.126000000000000000e+03,6.002961425781250000e+03
-3.499999940395355225e-01,-6.999999880790710449e-01,-3.928458094596862793e-01,-8.208121657371520996e-01,7.285339832305908203e-01,1.394298076629638672e-01,2.291000000000000000e+03,2.361215087890625000e+03
-5.683409571647644043e-01,-1.000000014901161194e-01,-2.590518891811370850e-01,-5.004082992672920227e-02,9.355145096778869629e-01,7.013718038797378540e-02,4.053000000000000000e+03,4.496531250000000000e+03
-3.499999940395355225e-01,-5.179951898753643036e-03,-5.877225995063781738e-01,2.328967154026031494e-01,1.197610378265380859e+00,5.525124073028564453e-02,5.199000000000000000e+03,5.601011718750000000e+03
8.275320380926132202e-02,9.482004493474960327e-02,8.562396466732025146e-02,2.950894236564636230e-01,7.233146429061889648e-01,1.022711768746376038e-01,2.226000000000000000e+03,2.393629882812500000e+03
-5.000000074505805969e-02,2.872454822063446045e-01,-3.184543922543525696e-02,5.990352034568786621e-01,8.207091093063354492e-01,6.436686962842941284e-02,3.089000000000000000e+03,3.521468994140625000e+03
4.862083792686462402e-01,2.863300442695617676e-01,6.143686771392822266e-01,1.557115465402603149e-01,1.158788681030273438e+00,5.333360284566879272e-02,4.045000000000000000e+03,4.145127441406250000e+03
2.514390051364898682e-01,-2.500000000000000000e-01,1.010813657194375992e-02,-3.228898346424102783e-01,1.274709463119506836e+00,5.508855730295181274e-02,5.113000000000000000e+03,5.311341308593750000e+03
1.735305190086364746e-01,3.896152675151824951e-01,3.777300417423248291e-01,5.066696405410766602e-01,7.472135424613952637e-01,7.129402458667755127e-02,2.846000000000000000e+03,3.121695068359375000e+03
7.994404435157775879e-02,-5.000000074505805969e-02,1.574384272098541260e-01,-1.643484979867935181e-01,6.720854043960571289e-01,7.713680714368820190e-02,2.396000000000000000e+03,2.496427734375000000e+03
-1.000000014901161194e-01,-4.000000059604644775e-01,-6.651400029659271240e-02,-3.438612520694732666e-01,4.682249128818511963e-01,7.006192952394485474e-02,1.429000000000000000e+03,1.456739013671875000e+03
-6.000000238418579102e-01,-6.419350951910018921e-02,-5.937502980232238770e-01,8.049282431602478027e-02,1.059252977371215820e+00,7.014312595129013062e-02,3.669000000000000000e+03,3.737033935546875000e+03
4.862083792686462402e-01,-8.165807463228702545e-03,1.824210137128829956e-01,-9.757358580827713013e-02,9.310810565948486328e-01,6.062717363238334656e-02,3.703000000000000000e+03,4.119721679687500000e+03
4.862083792686462402e-01,-5.000000074505805969e-02,2.979685068130493164e-01,-9.881789982318878174e-02,1.140467047691345215e+00,6.339752674102783203e-02,4.608000000000000000e+03,4.740644531250000000e+03
1.764043420553207397e-01,-2.500000000000000000e-01,-1.704112142324447632e-01,-2.161537408828735352e-01,7.478360533714294434e-01,6.201905012130737305e-02,3.204000000000000000e+03,3.869612304687500000e+03
1.764043420553207397e-01,1.366542428731918335e-01,1.085766255855560303e-01,2.393853813409805298e-01,4.251611828804016113e-01,7.988435029983520508e-02,9.960000000000000000e+02,1.077854736328125000e+03
-4.051799476146697998e-01,-6.999999880790710449e-01,-2.905079722404479980e-01,-6.227410435676574707e-01,5.091521143913269043e-01,7.471847534179687500e-02,1.674000000000000000e+03,1.795106079101562500e+03
2.145627290010452271e-01,-3.000000119209289551e-01,4.361308515071868896e-01,-6.077851653099060059e-01,9.810857176780700684e-01,8.730839192867279053e-02,3.143000000000000000e+03,3.596684814453125000e+03
-6.419350951910018921e-02,-3.499999940395355225e-01,2.135875821113586426e-01,-1.870620548725128174e-01,1.204295039176940918e+00,5.745221674442291260e-02,4.687000000000000000e+03,5.017043945312500000e+03
-1.724679581820964813e-02,-6.188200116157531738e-01,6.781430542469024658e-02,-8.658703565597534180e-01,8.678818941116333008e-01,6.670986860990524292e-02,3.521000000000000000e+03,3.833469238281250000e+03
-3.499999940395355225e-01,4.223684668540954590e-01,-4.344583749771118164e-01,4.925606306642293930e-03,1.113892674446105957e+00,7.150488346815109253e-02,3.893000000000000000e+03,4.444321777343750000e+03
-3.499999940395355225e-01,-5.000000074505805969e-02,-1.556935459375381470e-01,-2.624046504497528076e-01,1.145179867744445801e+00,6.450705230236053467e-02,4.766000000000000000e+03,5.062288085937500000e+03
3.896152675151824951e-01,3.580648824572563171e-02,6.134383678436279297e-01,1.673396378755569458e-01,1.239506363868713379e+00,5.204906687140464783e-02,4.690000000000000000e+03,4.893069335937500000e+03
5.000000074505805969e-02,5.784529447555541992e-01,-4.344991594552993774e-02,5.889536738395690918e-01,8.251675963401794434e-01,7.561137527227401733e-02,2.484000000000000000e+03,2.516153808593750000e+03
4.223684668540954590e-01,4.223684668540954590e-01,6.423918008804321289e-01,3.754338324069976807e-01,9.884500503540039062e-01,1.142603009939193726e-01,2.280000000000000000e+03,2.396628906250000000e+03
-4.672468006610870361e-01,1.748126149177551270e-01,-1.618082523345947266e-01,5.286387205123901367e-01,1.207097411155700684e+00,4.989903047680854797e-02,4.474000000000000000e+03,5.122277343750000000e+03
-6.000000238418579102e-01,2.514390051364898682e-01,-7.489763498306274414e-01,1.067731380462646484e-01,8.903160691261291504e-01,5.327110365033149719e-02,3.820000000000000000e+03,4.025431152343750000e+03
-5.000000074505805969e-02,-3.499999940395355225e-01,5.403723567724227905e-02,-5.786629915237426758e-01,9.984784722328186035e-01,8.225516229867935181e-02,3.020000000000000000e+03,3.208630615234375000e+03
5.173884034156799316e-01,1.764043420553207397e-01,4.438487589359283447e-01,1.450839936733245850e-01,8.626428246498107910e-01,6.680290400981903076e-02,2.997000000000000000e+03,3.022749267578125000e+03
1.329784244298934937e-01,-5.500000119209289551e-01,2.537597417831420898e-01,-8.932001590728759766e-01,8.692659139633178711e-01,6.652146577835083008e-02,3.425000000000000000e+03,4.002230712890625000e+03
3.896152675151824951e-01,0.000000000000000000e+00,2.551401853561401367e-01,-3.090310394763946533e-01,7.392011284828186035e-01,6.473566591739654541e-02,2.930000000000000000e+03,3.514215820312500000e+03
4.223684668540954590e-01,-7.128952443599700928e-02,6.950982213020324707e-01,-2.968456968665122986e-02,1.196599960327148438e+00,5.493835359811782837e-02,4.708000000000000000e+03,4.954958007812500000e+03
-3.499999940395355225e-01,9.482004493474960327e-02,-1.797446906566619873e-01,1.308144479990005493e-01,6.256752610206604004e-01,7.149644941091537476e-02,2.268000000000000000e+03,2.440310058593750000e+03
2.841922044754028320e-01,4.223684668540954590e-01,5.626282095909118652e-01,1.965030580759048462e-01,1.207095503807067871e+00,4.334072768688201904e-02,4.250000000000000000e+03,4.617698242187500000e+03
2.145627290010452271e-01,1.764043420553207397e-01,6.797458231449127197e-02,1.610217839479446411e-01,1.039794564247131348e+00,6.873484700918197632e-02,3.879000000000000000e+03,3.956590332031250000e+03
-5.000000074505805969e-02,4.223684668540954590e-01,-6.358663439750671387e-01,6.003423333168029785e-01,1.206439852714538574e+00,5.941348895430564880e-02,5.018000000000000000e+03,6.247564453125000000e+03
-4.000000059604644775e-01,4.183419048786163330e-02,-3.458096683025360107e-01,1.025803759694099426e-01,1.279989242553710938e+00,5.931594595313072205e-02,3.997000000000000000e+03,4.013231689453125000e+03
3.562291860580444336e-01,-1.510896813124418259e-02,7.188591361045837402e-02,1.045759469270706177e-01,1.021668195724487305e+00,8.621913939714431763e-02,4.592000000000000000e+03,5.001237792968750000e+03
-3.000000119209289551e-01,-1.184162404388189316e-02,-4.254851341247558594e-01,2.491748034954071045e-01,1.001125931739807129e+00,7.015314698219299316e-02,3.149000000000000000e+03,3.407795654296875000e+03
-6.499999761581420898e-01,5.000000074505805969e-02,-7.750170826911926270e-01,-4.487694203853607178e-01,1.037258386611938477e+00,8.041627705097198486e-02,2.883000000000000000e+03,3.558166992187500000e+03
-2.500000000000000000e-01,-2.500000000000000000e-01,-2.797282636165618896e-01,-4.235452115535736084e-01,6.350646615028381348e-01,7.534450292587280273e-02,1.521000000000000000e+03,1.636047729492187500e+03
0.000000000000000000e+00,-3.710686266422271729e-01,-8.531587570905685425e-02,-1.751551479101181030e-01,1.268397212028503418e+00,6.002217158675193787e-02,5.089000000000000000e+03,5.232713378906250000e+03
5.000000074505805969e-02,-4.499999880790710449e-01,1.117942109704017639e-01,-1.654116362333297729e-01,1.080351471900939941e+00,6.362269073724746704e-02,3.724000000000000000e+03,3.989806884765625000e+03
4.862083792686462402e-01,1.366542428731918335e-01,2.046893984079360962e-01,1.975771337747573853e-01,1.060160160064697266e+00,6.343717873096466064e-02,3.883000000000000000e+03,4.165178710937500000e+03
-5.000000074505805969e-02,-3.499999940395355225e-01,1.057443395256996155e-01,-3.644663393497467041e-01,5.762144327163696289e-01,7.103155553340911865e-02,1.925000000000000000e+03,2.064264892578125000e+03
1.764043420553207397e-01,-4.499999880790710449e-01,-1.228472590446472168e-02,-6.128003597259521484e-01,1.169400453567504883e+00,5.860108882188796997e-02,4.806000000000000000e+03,5.022018066406250000e+03
5.000000074505805969e-02,-1.159073337912559509e-01,-2.428441792726516724e-01,-9.834261238574981689e-02,9.002033472061157227e-01,6.088201701641082764e-02,3.121000000000000000e+03,3.445102783203125000e+03
1.665873676538467407e-01,6.672313809394836426e-01,1.332795172929763794e-01,7.049412727355957031e-01,4.688133597373962402e-01,8.645059913396835327e-02,1.270000000000000000e+03,1.284557250976562500e+03
-2.000000029802322388e-01,-6.000000238418579102e-01,-2.589998841285705566e-01,-9.349941611289978027e-01,9.396147131919860840e-01,6.446094810962677002e-02,3.536000000000000000e+03,3.985539306640625000e+03
-4.000000059604644775e-01,9.482004493474960327e-02,-2.003268301486968994e-01,1.698035001754760742e-01,7.515529990196228027e-01,5.799542367458343506e-02,2.817000000000000000e+03,3.039645019531250000e+03
-1.102498918771743774e-01,-2.500000000000000000e-01,-4.337089136242866516e-02,-5.241851806640625000e-01,9.633556604385375977e-01,7.240375876426696777e-02,3.490000000000000000e+03,3.783054687500000000e+03
5.000000074505805969e-02,2.872454822063446045e-01,-7.321657240390777588e-02,3.673670887947082520e-01,1.095613360404968262e+00,6.401956081390380859e-02,4.345000000000000000e+03,4.423105957031250000e+03
-6.024989485740661621e-02,3.896152675151824951e-01,-4.262188076972961426e-02,3.751422762870788574e-01,8.496629595756530762e-01,6.718371808528900146e-02,3.114000000000000000e+03,3.116272949218750000e+03
4.545493423938751221e-01,1.345701515674591064e-01,3.989906609058380127e-01,3.341787159442901611e-01,8.326163887977600098e-01,6.599438935518264771e-02,3.265000000000000000e+03,3.464173339843750000e+03
4.223684668540954590e-01,3.275320306420326233e-02,7.580561041831970215e-01,3.716168925166130066e-02,1.024815320968627930e+00,7.107187062501907349e-02,3.503000000000000000e+03,3.869731689453125000e+03
-4.000000059604644775e-01,-3.000000119209289551e-01,-3.864244818687438965e-01,-3.131699860095977783e-01,1.068988084793090820e+00,6.115719303488731384e-02,3.782000000000000000e+03,3.783158691406250000e+03
-2.000000029802322388e-01,3.221365213394165039e-01,4.779827222228050232e-02,6.608977168798446655e-02,1.268889665603637695e+00,5.403707921504974365e-02,4.958000000000000000e+03,5.341376464843750000e+03
-3.000000119209289551e-01,-2.000000029802322388e-01,-1.811508983373641968e-01,-3.071111440658569336e-01,1.255618810653686523e+00,5.899420008063316345e-02,5.207000000000000000e+03,5.291351562500000000e+03
-5.000000074505805969e-02,2.872454822063446045e-01,5.578151717782020569e-02,3.417791426181793213e-01,4.966258108615875244e-01,6.185365095734596252e-02,1.621000000000000000e+03,1.713012207031250000e+03
1.662398129701614380e-01,-5.000000074505805969e-02,-2.901837825775146484e-01,-5.194253101944923401e-02,1.121098399162292480e+00,6.554701179265975952e-02,4.293000000000000000e+03,4.979428222656250000e+03
2.872454822063446045e-01,-1.500000059604644775e-01,4.067312479019165039e-01,2.795480489730834961e-01,1.181305408477783203e+00,5.821916088461875916e-02,4.484000000000000000e+03,5.102221679687500000e+03
2.514390051364898682e-01,-2.500000000000000000e-01,-7.119498401880264282e-02,2.577672004699707031e-01,1.208736300468444824e+00,6.061027199029922485e-02,4.688000000000000000e+03,5.794172363281250000e+03
3.194263577461242676e-01,2.145627290010452271e-01,5.302806571125984192e-02,3.549135327339172363e-01,1.218065381050109863e+00,6.059717759490013123e-02,5.060000000000000000e+03,5.364300781250000000e+03
3.896152675151824951e-01,5.000000074505805969e-02,3.636873960494995117e-01,9.051566570997238159e-02,1.143009424209594727e+00,6.835676729679107666e-02,3.892000000000000000e+03,3.898886718750000000e+03
1.748126149177551270e-01,2.855316698551177979e-01,2.034792862832546234e-02,-5.849120765924453735e-02,1.237347364425659180e+00,6.045001745223999023e-02,5.456000000000000000e+03,5.952567871093750000e+03
1.366542428731918335e-01,6.083970069885253906e-01,7.447224110364913940e-02,5.853012204170227051e-01,1.017086267471313477e+00,6.557710468769073486e-02,3.800000000000000000e+03,3.816174804687500000e+03
9.482004493474960327e-02,-3.499999940395355225e-01,3.244773149490356445e-01,-5.596671700477600098e-01,1.181891083717346191e+00,5.747242271900177002e-02,4.891000000000000000e+03,5.224622558593750000e+03
9.482004493474960327e-02,-4.499999880790710449e-01,-1.009106338024139404e-01,-2.658517956733703613e-01,1.112032651901245117e+00,5.583305284380912781e-02,4.982000000000000000e+03,5.268937011718750000e+03
2.872454822063446045e-01,2.462217807769775391e-01,7.934653162956237793e-01,3.090749979019165039e-01,1.262202739715576172e+00,4.952554032206535339e-02,4.711000000000000000e+03,5.452988769531250000e+03
-1.192623898386955261e-01,5.481259822845458984e-01,1.052345484495162964e-01,6.895818710327148438e-01,1.136519193649291992e+00,5.580099299550056458e-02,4.262000000000000000e+03,4.491200683593750000e+03
1.764043420553207397e-01,-2.131237089633941650e-01,1.808021217584609985e-01,5.404122546315193176e-02,1.117070317268371582e+00,5.747257918119430542e-02,4.281000000000000000e+03,4.522820800781250000e+03
-3.151089549064636230e-01,-6.184162572026252747e-02,2.039621174335479736e-01,-2.038870006799697876e-01,1.190322399139404297e+00,6.464657932519912720e-02,4.309000000000000000e+03,5.152302734375000000e+03
-1.500000059604644775e-01,-5.000000074505805969e-02,-8.521441370248794556e-02,2.497235871851444244e-02,4.363383352756500244e-01,9.737146645784378052e-02,1.741000000000000000e+03,1.829608398437500000e+03
-1.141935139894485474e-01,-5.000000000000000000e-01,-4.286871477961540222e-02,-2.882965803146362305e-01,6.509138345718383789e-01,7.569950073957443237e-02,2.703000000000000000e+03,3.013291015625000000e+03
-2.000000029802322388e-01,1.366542428731918335e-01,-6.103875041007995605e-01,-2.068971544504165649e-01,1.068000197410583496e+00,7.833072543144226074e-02,3.890000000000000000e+03,4.818309570312500000e+03
-4.499999880790710449e-01,-3.066161647439002991e-02,-6.552987694740295410e-01,5.346329808235168457e-01,1.215008258819580078e+00,2.615300416946411133e-01,6.519000000000000000e+03,8.039946289062500000e+03
-8.707512021064758301e-01,3.217427730560302734e-01,-9.299094676971435547e-01,4.207621812820434570e-01,6.086220145225524902e-01,2.513166368007659912e-01,4.475000000000000000e+03,4.634332519531250000e+03
1.366542428731918335e-01,3.562291860580444336e-01,2.718651294708251953e-01,4.773927032947540283e-01,1.266197681427001953e+00,5.504759773612022400e-02,5.110000000000000000e+03,5.214512207031250000e+03
-5.000000000000000000e-01,0.000000000000000000e+00,-2.906948029994964600e-01,-3.420298546552658081e-02,1.158563613891601562e+00,5.690192431211471558e-02,4.608000000000000000e+03,4.760854003906250000e+03
6.961627006530761719e-01,2.112953811883926392e-01,4.014902710914611816e-01,2.409602701663970947e-01,7.300875186920166016e-01,9.719817340373992920e-02,2.152000000000000000e+03,2.493509277343750000e+03
2.514390051364898682e-01,-1.131237149238586426e-01,5.018912553787231445e-01,1.161884963512420654e-01,1.180132269859313965e+00,6.025234237313270569e-02,4.661000000000000000e+03,5.039122558593750000e+03
-4.000000059604644775e-01,-1.500000059604644775e-01,-3.255636096000671387e-01,5.327632650732994080e-02,1.153414964675903320e+00,6.010907515883445740e-02,4.180000000000000000e+03,4.326246093750000000e+03
5.000000074505805969e-02,3.548897206783294678e-01,3.990305215120315552e-02,4.895591735839843750e-01,1.022517800331115723e+00,6.490948051214218140e-02,3.973000000000000000e+03,4.042204589843750000e+03
-3.000000119209289551e-01,-1.500000059604644775e-01,-2.790822684764862061e-01,-2.871820926666259766e-01,1.210078001022338867e+00,5.838784947991371155e-02,4.564000000000000000e+03,4.623616699218750000e+03
3.896152675151824951e-01,9.183419495820999146e-02,3.822014629840850830e-01,1.056174114346504211e-01,1.280829668045043945e+00,5.374437943100929260e-02,3.712000000000000000e+03,3.712534667968750000e+03
-1.500000059604644775e-01,9.482004493474960327e-02,-1.307972371578216553e-01,-1.052689775824546814e-01,6.888689398765563965e-01,6.213616207242012024e-02,3.041000000000000000e+03,3.295259277343750000e+03
-3.499999940395355225e-01,-3.499999940395355225e-01,-4.584440290927886963e-01,-5.812976956367492676e-01,9.958561658859252930e-01,7.980453968048095703e-02,3.382000000000000000e+03,3.601291748046875000e+03
1.764043420553207397e-01,-1.500000059604644775e-01,-2.975296974182128906e-01,-2.926001846790313721e-01,9.598447084426879883e-01,7.332973927259445190e-02,2.986000000000000000e+03,3.740184326171875000e+03
2.145627290010452271e-01,-1.000000014901161194e-01,-8.097921498119831085e-03,9.077186137437820435e-02,1.203010916709899902e+00,6.415998190641403198e-02,4.511000000000000000e+03,4.774599121093750000e+03
0.000000000000000000e+00,-2.500000000000000000e-01,-7.739655673503875732e-02,4.860915243625640869e-02,1.196271657943725586e+00,6.949932873249053955e-02,4.277000000000000000e+03,4.556909179687500000e+03
-2.500000000000000000e-01,2.514390051364898682e-01,2.101105079054832458e-02,4.477357566356658936e-01,9.310983419418334961e-01,6.013137102127075195e-02,3.504000000000000000e+03,3.944299072265625000e+03
-1.510896813124418259e-02,-3.151089549064636230e-01,3.954001367092132568e-01,-2.271372526884078979e-01,1.022222042083740234e+00,5.764716118574142456e-02,4.181000000000000000e+03,4.862221679687500000e+03
-2.000000029802322388e-01,-3.499999940395355225e-01,-1.175657585263252258e-01,-1.576416194438934326e-01,5.664648413658142090e-01,6.279847770929336548e-02,1.967000000000000000e+03,2.226950927734375000e+03
-5.500000119209289551e-01,-4.000000059604644775e-01,-3.910010755062103271e-01,-4.124521017074584961e-01,7.040190100669860840e-01,7.499694079160690308e-02,2.433000000000000000e+03,2.556202392578125000e+03
-4.499999880790710449e-01,5.000000074505805969e-02,-5.456833243370056152e-01,-3.578495606780052185e-02,5.418657660484313965e-01,1.212477982044219971e-01,1.915000000000000000e+03,2.021077514648437500e+03
2.145627290010452271e-01,-2.500000000000000000e-01,2.539634406566619873e-01,2.291565388441085815e-01,1.266834259033203125e+00,5.811429768800735474e-02,4.532000000000000000e+03,5.164067871093750000e+03
-8.500000238418579102e-01,-4.000000059604644775e-01,-9.040845632553100586e-01,-4.088125824928283691e-01,7.505760788917541504e-01,6.824940443038940430e-02,2.036000000000000000e+03,2.046801269531250000e+03
-1.500000059604644775e-01,-4.000000059604644775e-01,-8.410914242267608643e-02,-1.864673346281051636e-01,1.162719011306762695e+00,6.397505849599838257e-02,5.060000000000000000e+03,5.245444335937500000e+03
2.514390051364898682e-01,3.896152675151824951e-01,1.229152530431747437e-01,3.594622015953063965e-02,9.730262756347656250e-01,8.297973871231079102e-02,2.682000000000000000e+03,3.070618652343750000e+03
3.221365213394165039e-01,-1.000000014901161194e-01,5.697807669639587402e-01,2.256634384393692017e-01,1.214195966720581055e+00,5.673730745911598206e-02,4.729000000000000000e+03,5.252758300781250000e+03
-4.499999880790710449e-01,-3.659073412418365479e-01,-4.129045903682708740e-01,-4.042783081531524658e-01,8.789226412773132324e-01,7.036599516868591309e-02,3.588000000000000000e+03,3.601217773437500000e+03
4.545493423938751221e-01,-1.590733230113983154e-02,3.771335482597351074e-01,3.038042485713958740e-01,1.160476207733154297e+00,5.657078325748443604e-02,4.885000000000000000e+03,5.269409179687500000e+03
2.872454822063446045e-01,1.764043420553207397e-01,6.244059801101684570e-01,2.314826697111129761e-01,1.162258267402648926e+00,6.254665553569793701e-02,4.834000000000000000e+03,5.243401855468750000e+03
-5.179951898753643036e-03,3.562291860580444336e-01,1.568814367055892944e-01,7.847498655319213867e-01,1.157085657119750977e+00,6.214338168501853943e-02,5.108000000000000000e+03,5.882667480468750000e+03
0.000000000000000000e+00,-3.000000119209289551e-01,-2.384951114654541016e-01,-3.895540237426757812e-01,8.654149174690246582e-01,7.518554478883743286e-02,2.995000000000000000e+03,3.249739257812500000e+03
2.145627290010452271e-01,3.562291860580444336e-01,2.551974952220916748e-01,5.254353284835815430e-01,1.057614684104919434e+00,5.536041781306266785e-02,4.322000000000000000e+03,4.437890136718750000e+03
1.655856072902679443e-01,-1.500000059604644775e-01,1.101143211126327515e-01,-5.447649359703063965e-01,1.216446638107299805e+00,5.839017778635025024e-02,4.811000000000000000e+03,5.314667480468750000e+03
5.173884034156799316e-01,-3.499999940395355225e-01,4.091584682464599609e-01,-5.781351923942565918e-01,1.066933035850524902e+00,6.399964541196823120e-02,4.221000000000000000e+03,4.454813964843750000e+03
-1.500000059604644775e-01,-3.151089549064636230e-01,9.845789521932601929e-02,-4.359072446823120117e-01,9.169735312461853027e-01,5.575038120150566101e-02,3.645000000000000000e+03,3.968473632812500000e+03
1.366542428731918335e-01,3.562291860580444336e-01,2.462608516216278076e-01,2.421306520700454712e-01,1.267623424530029297e+00,5.913496389985084534e-02,5.025000000000000000e+03,5.103104003906250000e+03
-3.499999940395355225e-01,8.687628805637359619e-02,-5.318199396133422852e-01,3.578962013125419617e-02,1.022387623786926270e+00,6.226159259676933289e-02,3.703000000000000000e+03,3.828051513671875000e+03
-2.297376543283462524e-01,-5.500000119209289551e-01,-2.012436687946319580e-01,-3.647015392780303955e-01,8.200312852859497070e-01,6.843987107276916504e-02,2.049000000000000000e+03,2.154874511718750000e+03
7.971107959747314453e-02,-6.499999761581420898e-01,2.071455717086791992e-01,-5.586352944374084473e-01,9.822321534156799316e-01,5.297006294131278992e-02,3.908000000000000000e+03,4.006715087890625000e+03
3.896152675151824951e-01,-1.151089668273925781e-01,2.955667674541473389e-01,-4.115413427352905273e-01,1.095269441604614258e+00,6.133014708757400513e-02,4.108000000000000000e+03,4.432680664062500000e+03
4.223684668540954590e-01,-1.724679581820964813e-02,4.285539686679840088e-01,-7.950516790151596069e-02,8.503312468528747559e-01,6.420956552028656006e-02,2.994000000000000000e+03,3.010105468750000000e+03
-2.500000000000000000e-01,3.221365213394165039e-01,-4.478420615196228027e-01,7.462354302406311035e-01,1.089458823204040527e+00,6.712484359741210938e-02,4.477000000000000000e+03,5.272140625000000000e+03
2.514390051364898682e-01,3.221365213394165039e-01,2.842291295528411865e-01,3.502867221832275391e-01,4.126864373683929443e-01,1.049701273441314697e-01,1.004000000000000000e+03,1.014961486816406250e+03
4.545493423938751221e-01,-2.000000029802322388e-01,6.843482851982116699e-01,-3.443651795387268066e-01,6.990181803703308105e-01,6.046544015407562256e-02,3.219000000000000000e+03,3.688995605468750000e+03
-3.499999940395355225e-01,5.000000074505805969e-02,-7.916159033775329590e-01,-3.544262647628784180e-01,1.249091386795043945e+00,6.372804194688796997e-02,4.728000000000000000e+03,5.762961425781250000e+03
-3.000000119209289551e-01,-5.179951898753643036e-03,-2.612425386905670166e-01,3.916749358177185059e-01,1.017305731773376465e+00,6.178981438279151917e-02,3.429000000000000000e+03,3.939265136718750000e+03
-1.618416309356689453e-01,-3.000000119209289551e-01,2.805208861827850342e-01,-6.268605589866638184e-01,1.232269287109375000e+00,5.179230123758316040e-02,4.668000000000000000e+03,5.561344238281250000e+03
-5.000000074505805969e-02,1.764043420553207397e-01,1.521806567907333374e-01,1.075071543455123901e-01,7.039694786071777344e-01,3.037331104278564453e-01,3.073000000000000000e+03,3.350345214843750000e+03
-1.000000014901161194e-01,6.083970069885253906e-01,-8.514020591974258423e-02,6.875025033950805664e-01,4.773284494876861572e-01,7.847351580858230591e-02,1.288000000000000000e+03,1.324373046875000000e+03
2.145627290010452271e-01,3.896152675151824951e-01,2.783546745777130127e-01,4.023331999778747559e-01,1.021515130996704102e+00,5.162761732935905457e-02,4.331000000000000000e+03,4.348587890625000000e+03
2.872454822063446045e-01,-1.500000059604644775e-01,4.760222975164651871e-03,1.942586451768875122e-01,1.093755722045898438e+00,4.937257245182991028e-02,4.158000000000000000e+03,4.822842285156250000e+03
1.366542428731918335e-01,1.366542428731918335e-01,1.149035096168518066e-01,1.873256117105484009e-01,7.036044597625732422e-01,6.257058680057525635e-02,2.078000000000000000e+03,2.090778808593750000e+03
-1.500000059604644775e-01,5.000000074505805969e-02,-4.209549129009246826e-01,1.979515105485916138e-01,1.132109403610229492e+00,6.004884093999862671e-02,4.225000000000000000e+03,4.533408691406250000e+03
-4.000000059604644775e-01,1.275732517242431641e-01,-1.395056396722793579e-01,2.096346765756607056e-01,7.675558924674987793e-01,6.792725622653961182e-02,2.865000000000000000e+03,3.218045898437500000e+03
-4.000000059604644775e-01,5.000000074505805969e-02,-2.109276205301284790e-01,8.290814608335494995e-02,1.262995839118957520e+00,5.477017164230346680e-02,3.883000000000000000e+03,3.972098388671875000e+03
3.562291860580444336e-01,-3.000000119209289551e-01,6.962745785713195801e-01,-6.440062522888183594e-01,1.042805075645446777e+00,6.902401894330978394e-02,3.836000000000000000e+03,4.624034179687500000e+03
3.896152675151824951e-01,-3.499999940395355225e-01,4.616128504276275635e-01,-2.458685040473937988e-01,9.598417878150939941e-01,5.936027690768241882e-02,4.029000000000000000e+03,4.098624511718750000e+03
3.562291860580444336e-01,-2.641935050487518311e-01,5.355632901191711426e-01,-1.437349710613489151e-02,1.194027543067932129e+00,5.712564662098884583e-02,4.880000000000000000e+03,5.199372558593750000e+03
1.306265294551849365e-01,-4.000000059604644775e-01,1.634552478790283203e-01,-2.609794735908508301e-01,8.926206827163696289e-01,7.674773037433624268e-02,2.798000000000000000e+03,2.869152832031250000e+03
-1.151089668273925781e-01,-4.499999880790710449e-01,-3.589169308543205261e-02,-2.351298630237579346e-01,1.146237850189208984e+00,5.773039907217025757e-02,4.251000000000000000e+03,4.418695800781250000e+03
0.000000000000000000e+00,5.000000074505805969e-02,-1.194015666842460632e-01,1.351880133152008057e-01,9.732549190521240234e-01,7.330913841724395752e-02,3.390000000000000000e+03,3.466699951171875000e+03
-7.444340735673904419e-02,-3.499999940395355225e-01,5.881146788597106934e-01,-4.430695176124572754e-01,1.245660066604614258e+00,6.137977913022041321e-02,4.705000000000000000e+03,5.987798828125000000e+03
4.217961132526397705e-01,2.514390051364898682e-01,3.807564675807952881e-01,2.029749751091003418e-01,4.288855791091918945e-01,7.797634601593017578e-02,1.179000000000000000e+03,1.204743896484375000e+03
3.221365213394165039e-01,-1.500000059604644775e-01,3.078949749469757080e-01,-3.996672630310058594e-01,1.006640672683715820e+00,6.923872977495193481e-02,3.607000000000000000e+03,3.825993896484375000e+03
-3.499999940395355225e-01,-2.500000000000000000e-01,-3.206873834133148193e-01,-2.245400547981262207e-01,1.082836866378784180e+00,6.401772797107696533e-02,3.257000000000000000e+03,3.261230468750000000e+03
3.896152675151824951e-01,1.764043420553207397e-01,7.324710488319396973e-01,1.947763264179229736e-01,1.165072679519653320e+00,4.813428968191146851e-02,4.794000000000000000e+03,5.201752929687500000e+03
-1.500000059604644775e-01,5.000000074505805969e-02,-6.243422627449035645e-02,-2.288271300494670868e-02,7.065414786338806152e-01,7.601913064718246460e-02,2.683000000000000000e+03,2.752146240234375000e+03
-5.000000000000000000e-01,-5.000000074505805969e-02,-4.149205386638641357e-01,7.494686543941497803e-02,9.210997819900512695e-01,6.862342357635498047e-02,3.706000000000000000e+03,3.805372558593750000e+03
3.562291860580444336e-01,4.545493423938751221e-01,3.122034072875976562e-01,3.864869773387908936e-01,7.436021566390991211e-01,6.773588061332702637e-02,2.422000000000000000e+03,2.450569580078125000e+03
0.000000000000000000e+00,2.145627290010452271e-01,5.526853203773498535e-01,-3.946779295802116394e-03,1.211084246635437012e+00,7.016921788454055786e-02,4.979000000000000000e+03,6.119032226562500000e+03
-1.500000059604644775e-01,3.896152675151824951e-01,2.728326022624969482e-01,1.182171236723661423e-02,1.260998725891113281e+00,5.914518609642982483e-02,4.827000000000000000e+03,5.761167968750000000e+03
-1.000000014901161194e-01,3.221365213394165039e-01,2.981879711151123047e-01,4.302882850170135498e-01,9.986509680747985840e-01,6.908921897411346436e-02,3.220000000000000000e+03,3.750593750000000000e+03
-2.641935050487518311e-01,8.975010365247726440e-02,-9.582997113466262817e-02,5.196561813354492188e-01,1.235939145088195801e+00,6.830767542123794556e-02,4.531000000000000000e+03,5.143812988281250000e+03
-1.678191274404525757e-01,2.514390051364898682e-01,-5.493094325065612793e-01,4.678433239459991455e-01,9.695965647697448730e-01,7.381184399127960205e-02,3.627000000000000000e+03,4.336830078125000000e+03
2.514390051364898682e-01,1.366542428731918335e-01,1.878448128700256348e-01,2.981419563293457031e-01,1.137400031089782715e+00,4.461176693439483643e-02,3.532000000000000000e+03,3.613613525390625000e+03
2.145627290010452271e-01,2.863300442695617676e-01,-3.068480193614959717e-01,3.653375208377838135e-01,1.149188041687011719e+00,6.204457953572273254e-02,4.007000000000000000e+03,4.814950195312500000e+03
2.872454822063446045e-01,9.482004493474960327e-02,2.714667916297912598e-01,7.680583000183105469e-02,1.117660403251647949e+00,5.747127532958984375e-02,4.107000000000000000e+03,4.108899902343750000e+03
2.872454822063446045e-01,3.221365213394165039e-01,1.085259243845939636e-01,3.555307686328887939e-01,1.086501240730285645e+00,6.739290803670883179e-02,3.813000000000000000e+03,3.919304687500000000e+03
9.482004493474960327e-02,2.810245752334594727e-01,3.778269588947296143e-01,-3.708324395120143890e-03,1.223875164985656738e+00,6.898425519466400146e-02,4.561000000000000000e+03,5.040430664062500000e+03
3.221365213394165039e-01,-1.500000059604644775e-01,3.551173508167266846e-01,-2.992849238216876984e-02,6.019092202186584473e-01,6.703571230173110962e-02,2.231000000000000000e+03,2.325533935546875000e+03
-1.510896813124418259e-02,-3.499999940395355225e-01,3.477787375450134277e-01,-4.817349314689636230e-01,1.245643615722656250e+00,5.745872855186462402e-02,4.376000000000000000e+03,4.787798339843750000e+03
-5.000000074505805969e-02,-3.659073412418365479e-01,-1.112747341394424438e-01,-4.236790537834167480e-02,1.041457772254943848e+00,6.664261221885681152e-02,3.508000000000000000e+03,3.850635986328125000e+03
1.609534919261932373e-01,-7.500000000000000000e-01,1.153221875429153442e-01,-7.803139090538024902e-01,8.458631038665771484e-01,6.445667892694473267e-02,2.855000000000000000e+03,2.866964843750000000e+03
1.366542428731918335e-01,-6.499999761581420898e-01,2.146542817354202271e-01,-7.987859845161437988e-01,8.674811124801635742e-01,7.776948064565658569e-02,3.534000000000000000e+03,3.665011718750000000e+03
-1.000000014901161194e-01,-3.000000119209289551e-01,1.408264506608247757e-02,-3.219669759273529053e-01,6.514126062393188477e-01,6.207859516143798828e-02,2.718000000000000000e+03,2.803902343750000000e+03
3.562291860580444336e-01,-6.967304646968841553e-02,3.404875695705413818e-01,-4.952286183834075928e-02,1.243199586868286133e+00,5.906215682625770569e-02,3.940000000000000000e+03,3.941656982421875000e+03
3.580648824572563171e-02,-5.500000119209289551e-01,-3.657939657568931580e-02,-4.890033602714538574e-01,8.938152194023132324e-01,6.295261532068252563e-02,3.265000000000000000e+03,3.301352294921875000e+03
0.000000000000000000e+00,0.000000000000000000e+00,-3.714332580566406250e-01,-1.639019846916198730e-01,1.233629584312438965e+00,6.301464885473251343e-02,4.589000000000000000e+03,5.073327636718750000e+03
1.366542428731918335e-01,3.896152675151824951e-01,1.467777490615844727e-01,6.425229907035827637e-01,1.147930502891540527e+00,6.540066003799438477e-02,4.816000000000000000e+03,5.047707031250000000e+03
2.872454822063446045e-01,1.764043420553207397e-01,3.000208735466003418e-01,4.880754947662353516e-01,9.213206171989440918e-01,5.632057413458824158e-02,3.282000000000000000e+03,3.648411376953125000e+03
2.145627290010452271e-01,-2.500000000000000000e-01,-3.857886791229248047e-01,-3.971635997295379639e-01,1.269845962524414062e+00,5.604523792862892151e-02,4.762000000000000000e+03,5.836106933593750000e+03
-5.500000119209289551e-01,-1.141935139894485474e-01,-4.039618074893951416e-01,-4.151189029216766357e-01,1.017962455749511719e+00,7.258499413728713989e-02,4.280000000000000000e+03,4.731715332031250000e+03
4.199422001838684082e-01,3.221365213394165039e-01,-7.985653355717658997e-03,3.489650785923004150e-01,1.108008623123168945e+00,6.525831669569015503e-02,3.721000000000000000e+03,4.260168457031250000e+03
3.221365213394165039e-01,-2.000000029802322388e-01,7.149795293807983398e-01,1.008154079318046570e-02,1.160654544830322266e+00,5.694858729839324951e-02,4.406000000000000000e+03,5.034758300781250000e+03
2.097904086112976074e-01,1.366542428731918335e-01,2.866489998996257782e-02,1.851139962673187256e-01,1.017222404479980469e+00,8.240558207035064697e-02,3.195000000000000000e+03,3.302896240234375000e+03
2.145627290010452271e-01,2.085852175951004028e-01,2.204287499189376831e-01,2.393935173749923706e-01,4.849356412887573242e-01,8.587463945150375366e-02,1.501000000000000000e+03,1.507290405273437500e+03
3.562291860580444336e-01,1.764043420553207397e-01,2.589133679866790771e-01,5.289783477783203125e-01,1.136711120605468750e+00,7.776755839586257935e-02,4.094000000000000000e+03,4.507205078125000000e+03
-2.000000029802322388e-01,4.212743043899536133e-01,2.262325137853622437e-01,-2.034937590360641479e-02,1.238460421562194824e+00,5.669522657990455627e-02,4.415000000000000000e+03,5.445062500000000000e+03
2.830980718135833740e-01,1.345701515674591064e-01,3.601513504981994629e-01,-1.794016212224960327e-01,1.061135888099670410e+00,5.823780223727226257e-02,4.311000000000000000e+03,4.703357421875000000e+03
6.672313809394836426e-01,2.029610127210617065e-01,6.183364391326904297e-01,1.108457818627357483e-01,5.272870659828186035e-01,9.612144529819488525e-02,2.125000000000000000e+03,2.207432128906250000e+03
8.975010365247726440e-02,-2.000000029802322388e-01,5.183939933776855469e-01,-4.258014857769012451e-01,1.055268883705139160e+00,5.297016724944114685e-02,4.184000000000000000e+03,5.027639648437500000e+03
-1.500000059604644775e-01,1.366542428731918335e-01,-3.917177021503448486e-01,4.893533885478973389e-01,1.180867195129394531e+00,5.543585121631622314e-02,4.724000000000000000e+03,5.324572265625000000e+03
3.221365213394165039e-01,9.482004493474960327e-02,2.456940561532974243e-01,-9.586253762245178223e-02,1.061384797096252441e+00,6.627071648836135864e-02,4.015000000000000000e+03,4.163843261718750000e+03
-4.000000059604644775e-01,4.545493423938751221e-01,-3.500240743160247803e-01,3.727153539657592773e-01,6.372643113136291504e-01,7.221122086048126221e-02,2.076000000000000000e+03,2.122639648437500000e+03
-1.500000059604644775e-01,-5.000000074505805969e-02,-3.034909963607788086e-01,2.762239873409271240e-01,1.054920434951782227e+00,6.888706982135772705e-02,3.863000000000000000e+03,4.302946777343750000e+03
6.961627006530761719e-01,3.073761053383350372e-02,7.469396591186523438e-01,2.418769337236881256e-02,3.169548511505126953e-01,1.359262019395828247e-01,1.005000000000000000e+03,1.031073730468750000e+03
-3.000000119209289551e-01,-4.000000059604644775e-01,-7.069719582796096802e-02,2.290388494729995728e-01,1.156533837318420410e+00,6.083818525075912476e-02,4.133000000000000000e+03,5.435948730468750000e+03
1.366542428731918335e-01,-5.000000000000000000e-01,-1.021789293736219406e-02,-4.342577755451202393e-01,8.073199987411499023e-01,7.881157845258712769e-02,3.130000000000000000e+03,3.253473876953125000e+03
-4.499999880790710449e-01,-2.000000029802322388e-01,-2.227890044450759888e-01,-1.167444437742233276e-01,1.192689180374145508e+00,5.667626112699508667e-02,4.522000000000000000e+03,4.706418457031250000e+03
-2.000000029802322388e-01,-3.000000119209289551e-01,-1.309734582901000977e-01,-2.082735151052474976e-01,1.240534543991088867e+00,5.854484438896179199e-02,4.247000000000000000e+03,4.283488769531250000e+03
-2.000000029802322388e-01,3.562291860580444336e-01,-1.003721170127391815e-02,7.883000373840332031e-01,1.236957669258117676e+00,5.150702595710754395e-02,5.004000000000000000e+03,5.709956054687500000e+03
-2.683409452438354492e-01,2.145627290010452271e-01,-5.168533325195312500e-01,7.960950583219528198e-02,1.232095122337341309e+00,6.685408949851989746e-02,4.957000000000000000e+03,5.214425781250000000e+03
2.872454822063446045e-01,-1.000000014901161194e-01,3.503476679325103760e-01,-3.108324855566024780e-02,7.583584785461425781e-01,5.374122038483619690e-02,2.656000000000000000e+03,2.696254638671875000e+03
-4.000000059604644775e-01,-1.500000059604644775e-01,1.154462322592735291e-01,1.107565909624099731e-01,1.181399583816528320e+00,6.277887523174285889e-02,4.671000000000000000e+03,5.736503417968750000e+03
3.221365213394165039e-01,1.764043420553207397e-01,-2.285408079624176025e-01,1.929288953542709351e-01,1.195674538612365723e+00,6.250514090061187744e-02,4.632000000000000000e+03,5.572965820312500000e+03
-4.166139364242553711e-01,1.764043420553207397e-01,-6.580153107643127441e-01,-1.380996555089950562e-01,1.043052315711975098e+00,7.563254237174987793e-02,3.287000000000000000e+03,3.747189453125000000e+03
5.481259822845458984e-01,3.489103168249130249e-02,6.572967171669006348e-01,-2.604968845844268799e-01,9.048337340354919434e-01,6.107991933822631836e-02,3.585000000000000000e+03,4.008092285156250000e+03
-2.172468006610870361e-01,-2.000000029802322388e-01,-2.910550832748413086e-01,3.721790909767150879e-01,1.211921215057373047e+00,5.785133689641952515e-02,4.633000000000000000e+03,5.635850097656250000e+03
-5.000000074505805969e-02,-3.151089549064636230e-01,-1.771457940340042114e-01,-6.335917115211486816e-01,1.256636142730712891e+00,5.935649946331977844e-02,5.406000000000000000e+03,5.802384277343750000e+03
0.000000000000000000e+00,-4.166139364242553711e-01,-2.474671453237533569e-01,-5.108038187026977539e-01,1.250622510910034180e+00,4.809500277042388916e-02,4.781000000000000000e+03,4.992493164062500000e+03
4.482004791498184204e-02,3.896152675151824951e-01,1.963954269886016846e-01,3.509543836116790771e-01,8.718324899673461914e-01,4.967336356639862061e-02,2.942000000000000000e+03,3.036121826171875000e+03
5.000000074505805969e-02,-3.499999940395355225e-01,-2.886965274810791016e-01,-4.212048351764678955e-01,8.154557347297668457e-01,7.763106375932693481e-02,3.148000000000000000e+03,3.692649169921875000e+03
-5.000000074505805969e-02,2.145627290010452271e-01,2.124857902526855469e-01,2.537499666213989258e-01,1.193539977073669434e+00,1.825269013643264771e-01,2.163000000000000000e+03,2.268687011718750000e+03
1.366542428731918335e-01,-4.000000059604644775e-01,3.291590809822082520e-01,-6.016346812248229980e-01,7.086959481239318848e-01,6.807044893503189087e-02,3.115000000000000000e+03,3.580302246093750000e+03
5.481259822845458984e-01,1.764043420553207397e-01,1.379079222679138184e-01,4.655059874057769775e-01,1.128090500831604004e+00,5.881324782967567444e-02,4.270000000000000000e+03,5.081102539062500000e+03
-1.500000059604644775e-01,9.183419495820999146e-02,-2.203033566474914551e-01,3.283576071262359619e-01,1.137737035751342773e+00,5.637015029788017273e-02,4.410000000000000000e+03,4.614586425781250000e+03
-2.500000000000000000e-01,-2.500000000000000000e-01,-2.720014452934265137e-01,-6.935514509677886963e-02,6.255646944046020508e-01,1.069606319069862366e-01,1.866000000000000000e+03,2.020681640625000000e+03
5.481259822845458984e-01,-2.700559496879577637e-01,6.457403898239135742e-01,-2.866224050521850586e-01,8.283965587615966797e-01,5.958465859293937683e-02,3.491000000000000000e+03,3.540829833984375000e+03
2.836198806762695312e-01,-2.500000000000000000e-01,4.981743097305297852e-01,-6.252863407135009766e-01,1.006777048110961914e+00,6.590715795755386353e-02,3.866000000000000000e+03,4.550061035156250000e+03
2.145627290010452271e-01,-1.500000059604644775e-01,2.295591086149215698e-01,-1.541353464126586914e-01,1.160939335823059082e+00,6.101606041193008423e-02,4.468000000000000000e+03,4.468814453125000000e+03
-3.000000119209289551e-01,-1.000000014901161194e-01,-8.197360485792160034e-02,3.047126904129981995e-02,8.898487687110900879e-01,5.948877707123756409e-02,3.664000000000000000e+03,3.957397216796875000e+03
2.872454822063446045e-01,3.896152675151824951e-01,5.876942873001098633e-01,4.728410243988037109e-01,7.933123111724853516e-01,6.752015650272369385e-02,3.199000000000000000e+03,3.676849853515625000e+03
-3.000000119209289551e-01,9.482004493474960327e-02,-1.004097145050764084e-02,3.898513615131378174e-01,1.213086962699890137e+00,5.513555929064750671e-02,5.037000000000000000e+03,5.608374511718750000e+03
3.221365213394165039e-01,-1.141935139894485474e-01,2.175937294960021973e-01,-5.396915674209594727e-01,1.056143283843994141e+00,6.095537915825843811e-02,4.381000000000000000e+03,5.108348144531250000e+03
-5.500000119209289551e-01,-9.328193217515945435e-02,-6.316615939140319824e-01,-1.628225594758987427e-01,5.035270452499389648e-01,6.996744871139526367e-02,1.422000000000000000e+03,1.485915405273437500e+03
1.962217837572097778e-01,-5.500000119209289551e-01,1.042852327227592468e-01,-6.653322577476501465e-01,6.543493270874023438e-01,1.062771156430244446e-01,1.956000000000000000e+03,2.054047119140625000e+03
-5.179951898753643036e-03,-1.200559586286544800e-01,3.767496347427368164e-02,-1.317042857408523560e-01,1.231412887573242188e+00,5.849618092179298401e-02,4.466000000000000000e+03,4.471800781250000000e+03
9.482004493474960327e-02,3.896152675151824951e-01,3.999708890914916992e-01,1.628809720277786255e-01,9.560974240303039551e-01,6.745290756225585938e-02,3.451000000000000000e+03,3.978349853515625000e+03
9.482004493474960327e-02,2.514390051364898682e-01,5.973351001739501953e-02,2.089307606220245361e-01,1.055353522300720215e+00,5.000572279095649719e-02,3.653000000000000000e+03,3.662924804687500000e+03
-3.151089549064636230e-01,2.514390051364898682e-01,-1.756638288497924805e-01,8.320651650428771973e-01,1.216491818428039551e+00,5.885905399918556213e-02,4.554000000000000000e+03,5.600642578125000000e+03
5.000000074505805969e-02,0.000000000000000000e+00,5.069754645228385925e-02,1.196585968136787415e-01,5.806075930595397949e-01,7.128387689590454102e-02,1.802000000000000000e+03,1.877942504882812500e+03
-2.500000000000000000e-01,4.862083792686462402e-01,-1.012669205665588379e-01,5.202081799507141113e-01,8.726835846900939941e-01,7.510034739971160889e-02,2.844000000000000000e+03,2.930088867187500000e+03
3.975010663270950317e-02,-2.000000029802322388e-01,6.981206685304641724e-02,-2.465887516736984253e-01,8.994202613830566406e-01,6.016469374299049377e-02,3.385000000000000000e+03,3.397888427734375000e+03
3.896152675151824951e-01,0.000000000000000000e+00,1.859220564365386963e-01,6.156772002577781677e-02,1.236315965652465820e+00,6.483099609613418579e-02,4.831000000000000000e+03,4.972729003906250000e+03
-3.499999940395355225e-01,-1.500000059604644775e-01,-4.144429862499237061e-01,-3.517902195453643799e-01,1.017891407012939453e+00,6.217261776328086853e-02,3.923000000000000000e+03,4.091038330078125000e+03
6.379825472831726074e-01,9.904946386814117432e-02,9.396033287048339844e-01,4.600539505481719971e-01,9.407932758331298828e-01,1.382600665092468262e-01,3.844000000000000000e+03,4.757881347656250000e+03
3.221365213394165039e-01,0.000000000000000000e+00,1.394023839384317398e-02,1.570065319538116455e-01,1.163317203521728516e+00,5.415425449609756470e-02,4.620000000000000000e+03,5.019709472656250000e+03
0.000000000000000000e+00,-3.000000119209289551e-01,1.811244785785675049e-01,-2.693703174591064453e-01,1.108229875564575195e+00,6.232398375868797302e-02,3.884000000000000000e+03,3.990203125000000000e+03
1.694074422121047974e-01,2.514390051364898682e-01,1.493896394968032837e-01,-3.391755521297454834e-01,1.121806979179382324e+00,5.932090058922767639e-02,4.180000000000000000e+03,5.276759277343750000e+03
3.562291860580444336e-01,2.132806330919265747e-01,2.337501496076583862e-01,1.565336436033248901e-01,1.276534914970397949e+00,5.637335032224655151e-02,4.713000000000000000e+03,4.765474121093750000e+03
-1.000000014901161194e-01,-4.000000059604644775e-01,6.168267689645290375e-03,-5.982718467712402344e-01,1.143749237060546875e+00,5.349059030413627625e-02,4.980000000000000000e+03,5.171019042968750000e+03
-3.499999940395355225e-01,2.514390051364898682e-01,-5.071209669113159180e-01,4.675997495651245117e-01,1.222886919975280762e+00,5.390419438481330872e-02,5.381000000000000000e+03,5.634574218750000000e+03
-3.499999940395355225e-01,-1.118416264653205872e-01,-4.346448928117752075e-02,-3.646324276924133301e-01,8.205674886703491211e-01,8.253684639930725098e-02,2.702000000000000000e+03,3.306906250000000000e+03
-2.500000000000000000e-01,-2.000000029802322388e-01,-1.216536685824394226e-01,1.077772304415702820e-01,1.203424692153930664e+00,1.077865660190582275e-01,3.824000000000000000e+03,4.111968261718750000e+03
-3.499999940395355225e-01,9.482004493474960327e-02,-3.305756747722625732e-01,2.963949441909790039e-01,6.796951889991760254e-01,9.401348233222961426e-02,2.718000000000000000e+03,2.954154785156250000e+03
-2.500000000000000000e-01,2.145627290010452271e-01,-2.991037070751190186e-01,1.180559620261192322e-01,4.556711614131927490e-01,6.185530498623847961e-02,1.593000000000000000e+03,1.681674682617187500e+03
5.481259822845458984e-01,2.349324896931648254e-02,6.022068262100219727e-01,3.149103820323944092e-01,8.978133201599121094e-01,7.251034677028656006e-02,3.694000000000000000e+03,4.087028320312500000e+03
-2.131237089633941650e-01,-3.000000119209289551e-01,-1.751261055469512939e-01,-5.147053003311157227e-01,1.270320296287536621e+00,5.817436426877975464e-02,4.953000000000000000e+03,5.098308105468750000e+03
-5.000000074505805969e-02,-4.000000059604644775e-01,1.252441704273223877e-01,-5.547960996627807617e-01,1.032345652580261230e+00,5.882222205400466919e-02,4.096000000000000000e+03,4.303413085937500000e+03
1.591575443744659424e-01,4.545493423938751221e-01,-4.289883375167846680e-01,5.905429124832153320e-01,1.173254609107971191e+00,6.537752598524093628e-02,3.737000000000000000e+03,4.673728515625000000e+03
-6.499999761581420898e-01,1.150823906064033508e-01,-7.748899459838867188e-01,8.365850150585174561e-02,5.405175685882568359e-01,7.499708235263824463e-02,2.203000000000000000e+03,2.326231933593750000e+03
-1.118416264653205872e-01,2.514390051364898682e-01,-2.781234495341777802e-02,2.687812149524688721e-01,9.648209810256958008e-01,6.004927679896354675e-02,3.765000000000000000e+03,3.794557861328125000e+03
-3.499999940395355225e-01,1.764043420553207397e-01,-2.919587790966033936e-01,1.115786060690879822e-01,1.042886734008789062e+00,6.397657096385955811e-02,2.965000000000000000e+03,2.985675781250000000e+03
-3.000000119209289551e-01,-3.499999940395355225e-01,-4.117181301116943359e-01,-2.803793251514434814e-01,8.247302770614624023e-01,5.912566184997558594e-02,3.411000000000000000e+03,3.497160888671875000e+03
-3.499999940395355225e-01,-2.444340661168098450e-02,-6.090893410146236420e-03,1.659035235643386841e-01,1.099136233329772949e+00,5.299899354577064514e-02,4.506000000000000000e+03,5.065618652343750000e+03
-4.499999880790710449e-01,-1.151089668273925781e-01,-3.610264658927917480e-01,2.026878744363784790e-01,9.402294158935546875e-01,6.174993887543678284e-02,4.089000000000000000e+03,4.579233886718750000e+03
0.000000000000000000e+00,-5.000000000000000000e-01,-2.594255283474922180e-02,-4.680421948432922363e-01,4.955427348613739014e-01,9.063626080751419067e-02,1.673000000000000000e+03,1.684524536132812500e+03
3.221365213394165039e-01,-1.500000059604644775e-01,6.004388928413391113e-01,-4.263655841350555420e-01,1.251641273498535156e+00,5.851767584681510925e-02,4.629000000000000000e+03,5.073728515625000000e+03
-4.000000059604644775e-01,-3.499999940395355225e-01,-4.306914806365966797e-01,-4.559749960899353027e-01,9.888855218887329102e-01,7.274945825338363647e-02,3.143000000000000000e+03,3.181857177734375000e+03
2.145627290010452271e-01,3.221365213394165039e-01,4.373536705970764160e-01,8.413220196962356567e-02,1.244908452033996582e+00,5.930120870471000671e-02,5.375000000000000000e+03,5.738297363281250000e+03
-6.184162572026252747e-02,2.112953811883926392e-01,1.619806140661239624e-01,2.581257224082946777e-01,9.472697973251342773e-01,7.221682369709014893e-02,3.176000000000000000e+03,3.358920898437500000e+03
0.000000000000000000e+00,-3.499999940395355225e-01,-1.942834705114364624e-01,-1.759766489267349243e-01,1.190261840820312500e+00,6.987891346216201782e-02,4.874000000000000000e+03,5.104880371093750000e+03
9.482004493474960327e-02,-2.000000029802322388e-01,2.874239906668663025e-02,-1.287872940301895142e-01,1.231777191162109375e+00,5.720888823270797729e-02,4.879000000000000000e+03,4.909394042968750000e+03
1.366542428731918335e-01,-2.500000000000000000e-01,-1.943273991346359253e-01,-6.750781834125518799e-02,1.114479780197143555e+00,6.109106540679931641e-02,4.393000000000000000e+03,4.885406250000000000e+03
-1.000000014901161194e-01,-2.696730494499206543e-01,4.127265810966491699e-01,-9.959636628627777100e-02,1.018607020378112793e+00,8.296460658311843872e-02,3.896000000000000000e+03,4.934016601562500000e+03
-3.499999940395355225e-01,1.366542428731918335e-01,-2.954333424568176270e-01,-2.303646057844161987e-01,1.195239424705505371e+00,5.869939923286437988e-02,4.952000000000000000e+03,5.418001953125000000e+03
3.975010663270950317e-02,3.562291860580444336e-01,5.729891657829284668e-01,3.797780275344848633e-01,1.171035766601562500e+00,6.030309572815895081e-02,4.278000000000000000e+03,5.127818847656250000e+03
-1.500000059604644775e-01,3.562291860580444336e-01,1.462144553661346436e-01,1.638268083333969116e-01,9.396642446517944336e-01,6.653854995965957642e-02,2.907000000000000000e+03,3.304730468750000000e+03
-1.192623898386955261e-01,5.173884034156799316e-01,1.677946448326110840e-01,2.623953819274902344e-01,1.171405911445617676e+00,5.629197508096694946e-02,4.812000000000000000e+03,5.315771972656250000e+03
4.545493423938751221e-01,-1.000000014901161194e-01,4.486608505249023438e-01,2.487528473138809204e-01,1.132761955261230469e+00,5.891143903136253357e-02,4.335000000000000000e+03,4.737876953125000000e+03
9.482004493474960327e-02,1.275732517242431641e-01,-4.718745872378349304e-02,-3.178666532039642334e-01,1.182199239730834961e+00,5.908937752246856689e-02,4.375000000000000000e+03,5.035992675781250000e+03
2.514390051364898682e-01,-6.024989485740661621e-02,1.770589202642440796e-01,-2.743280231952667236e-01,1.100080490112304688e+00,5.870884284377098083e-02,3.420000000000000000e+03,3.563348632812500000e+03
-1.178191304206848145e-01,2.514390051364898682e-01,7.970477640628814697e-02,1.878174245357513428e-01,1.211511492729187012e+00,5.939644947648048401e-02,4.999000000000000000e+03,5.144734863281250000e+03
9.482004493474960327e-02,-2.131237089633941650e-01,-2.037918269634246826e-01,-3.040281832218170166e-01,1.185236930847167969e+00,5.873725563287734985e-02,4.011000000000000000e+03,4.284596679687500000e+03
5.000000074505805969e-02,-3.192623853683471680e-01,-2.063372135162353516e-01,-3.786552846431732178e-01,1.174459934234619141e+00,6.646908074617385864e-02,4.288000000000000000e+03,4.500761230468750000e+03
2.872454822063446045e-01,2.872454822063446045e-01,1.295282840728759766e-01,2.508857548236846924e-01,5.819725394248962402e-01,7.662800699472427368e-02,1.983000000000000000e+03,2.133657470703125000e+03
-5.183409452438354492e-01,-1.781912706792354584e-02,-4.539110660552978516e-01,1.272125542163848877e-01,1.147213697433471680e+00,6.744499504566192627e-02,2.861000000000000000e+03,2.915285888671875000e+03
-2.500000000000000000e-01,-1.000000014901161194e-01,-7.733610272407531738e-02,-4.492331743240356445e-01,1.080389142036437988e+00,6.729766726493835449e-02,4.465000000000000000e+03,5.028244628906250000e+03
1.366542428731918335e-01,3.562291860580444336e-01,7.153454422950744629e-02,3.380678892135620117e-01,7.791901826858520508e-01,5.583899095654487610e-02,2.823000000000000000e+03,2.844153564453125000e+03
-6.000000238418579102e-01,-2.666139304637908936e-01,-5.620610117912292480e-01,-5.667734742164611816e-01,9.741235971450805664e-01,5.893707647919654846e-02,4.262000000000000000e+03,4.664739746093750000e+03
-4.499999880790710449e-01,-1.500000059604644775e-01,-4.633524417877197266e-01,9.065359830856323242e-02,1.079491496086120605e+00,5.781207978725433350e-02,3.964000000000000000e+03,4.159682128906250000e+03
-1.000000014901161194e-01,-4.499999880790710449e-01,-1.342841088771820068e-01,-2.398853600025177002e-01,1.116312265396118164e+00,4.661391302943229675e-02,3.419000000000000000e+03,3.542154052734375000e+03
-1.500000059604644775e-01,-2.500000000000000000e-01,-1.093766391277313232e-01,-4.219063818454742432e-01,1.016320228576660156e+00,6.647540628910064697e-02,4.015000000000000000e+03,4.135028808593750000e+03
-1.651089638471603394e-01,3.206315636634826660e-01,-2.748287916183471680e-01,1.138144731521606445e-01,1.080222249031066895e+00,6.107330322265625000e-02,4.522000000000000000e+03,4.731782226562500000e+03
2.085852175951004028e-01,9.482004493474960327e-02,8.197554200887680054e-02,-2.736584283411502838e-02,1.085059285163879395e+00,6.838068366050720215e-02,4.268000000000000000e+03,4.379465820312500000e+03
2.145627290010452271e-01,1.366542428731918335e-01,-1.374954134225845337e-01,-1.846694573760032654e-02,9.288779497146606445e-01,1.187757626175880432e-01,2.083000000000000000e+03,2.427530273437500000e+03
2.145627290010452271e-01,-2.000000029802322388e-01,7.328059077262878418e-01,-3.701633512973785400e-01,1.228520154953002930e+00,5.129412561655044556e-02,4.173000000000000000e+03,4.962725097656250000e+03
2.514390051364898682e-01,4.545493423938751221e-01,1.386886984109878540e-01,5.234910249710083008e-01,6.007465720176696777e-01,7.213913649320602417e-02,1.984000000000000000e+03,2.078961669921875000e+03
-1.500000059604644775e-01,5.000000074505805969e-02,-2.261310517787933350e-01,1.201910302042961121e-01,7.597094774246215820e-01,6.779252737760543823e-02,2.803000000000000000e+03,2.854975830078125000e+03
-4.000000059604644775e-01,3.221365213394165039e-01,-4.577891528606414795e-01,3.282146453857421875e-01,6.324952244758605957e-01,5.605232715606689453e-02,2.730000000000000000e+03,2.752940673828125000e+03
2.145627290010452271e-01,9.482004493474960327e-02,2.018904238939285278e-01,2.053398787975311279e-01,6.517503261566162109e-01,5.317987129092216492e-02,1.972000000000000000e+03,2.029126708984375000e+03
2.514390051364898682e-01,2.848250567913055420e-01,5.140197277069091797e-01,6.005257964134216309e-01,1.224695444107055664e+00,5.454408749938011169e-02,4.790000000000000000e+03,5.314183105468750000e+03
7.555765658617019653e-02,6.083970069885253906e-01,5.423524603247642517e-02,7.263106703758239746e-01,8.579707145690917969e-01,5.669032782316207886e-02,3.798000000000000000e+03,3.871724853515625000e+03
0.000000000000000000e+00,-3.210686445236206055e-01,-8.578569442033767700e-02,-2.623491734266281128e-02,1.034154295921325684e+00,6.100578978657722473e-02,4.537000000000000000e+03,4.929528320312500000e+03
-2.672467827796936035e-01,-1.000000014901161194e-01,-7.567678689956665039e-01,-8.061974495649337769e-02,1.061462640762329102e+00,5.339322984218597412e-02,4.287000000000000000e+03,5.161136230468750000e+03
-1.000000014901161194e-01,3.896152675151824951e-01,8.948189765214920044e-02,3.843959569931030273e-01,9.168910384178161621e-01,7.774145156145095825e-02,3.038000000000000000e+03,3.166729003906250000e+03
3.562291860580444336e-01,-1.678191274404525757e-01,4.666977524757385254e-01,-2.356929332017898560e-01,7.256802320480346680e-01,6.665244698524475098e-02,2.687000000000000000e+03,2.771922363281250000e+03
-3.499999940395355225e-01,-5.000000074505805969e-02,1.135563179850578308e-01,1.185947507619857788e-01,1.206674337387084961e+00,6.147532537579536438e-02,4.699000000000000000e+03,5.456025878906250000e+03
1.604970097541809082e-01,3.896152675151824951e-01,1.200185269117355347e-01,7.554956078529357910e-01,1.183781623840332031e+00,5.916360765695571899e-02,4.996000000000000000e+03,5.468099609375000000e+03
-1.666139364242553711e-01,3.221365213394165039e-01,-5.799525976181030273e-01,7.017876505851745605e-01,1.243285298347473145e+00,5.573491379618644714e-02,4.564000000000000000e+03,5.453882812500000000e+03
6.083970069885253906e-01,2.514390051364898682e-01,8.551456928253173828e-01,1.729337722063064575e-01,7.971227169036865234e-01,6.648083031177520752e-02,3.026000000000000000e+03,3.337696533203125000e+03
-2.159073352813720703e-01,2.872454822063446045e-01,-2.103868126869201660e-01,2.059971094131469727e-01,4.055504798889160156e-01,6.103343889117240906e-02,1.169000000000000000e+03,1.215631713867187500e+03
-3.000000119209289551e-01,2.872454822063446045e-01,-2.863687276840209961e-01,6.363726258277893066e-01,1.095240354537963867e+00,7.003895938396453857e-02,3.983000000000000000e+03,4.378476562500000000e+03
-5.500000119209289551e-01,-3.144030645489692688e-02,-3.047371208667755127e-01,-3.635501861572265625e-01,8.496242761611938477e-01,7.737439125776290894e-02,2.565000000000000000e+03,3.141391601562500000e+03
-5.179951898753643036e-03,3.896152675151824951e-01,-1.730623394250869751e-01,2.851446568965911865e-01,1.265657663345336914e+00,5.816981941461563110e-02,3.923000000000000000e+03,4.018143554687500000e+03
3.687628731131553650e-02,3.562291860580444336e-01,3.940372467041015625e-01,6.324626207351684570e-01,1.234151721000671387e+00,5.593569576740264893e-02,4.492000000000000000e+03,5.076530761718750000e+03
2.145627290010452271e-01,8.975010365247726440e-02,3.915710747241973877e-01,1.216794326901435852e-01,9.736632108688354492e-01,7.583141326904296875e-02,3.341000000000000000e+03,3.453826660156250000e+03
-1.000000014901161194e-01,3.221365213394165039e-01,2.917168438434600830e-01,1.947501450777053833e-01,1.254183173179626465e+00,6.114906072616577148e-02,5.023000000000000000e+03,5.550993652343750000e+03
-2.659073472023010254e-01,2.872454822063446045e-01,-6.937448382377624512e-01,3.818712532520294189e-01,1.253656625747680664e+00,5.213221535086631775e-02,4.822000000000000000e+03,5.395583007812500000e+03
3.896152675151824951e-01,-1.000000014901161194e-01,1.795789450407028198e-01,-2.051206864416599274e-02,1.279849052429199219e+00,5.027678608894348145e-02,3.699000000000000000e+03,3.812367919921875000e+03
-8.204144239425659180e-01,-1.735956519842147827e-01,-8.350671529769897461e-01,-1.770777553319931030e-01,2.949245870113372803e-01,1.138601750135421753e-01,1.246000000000000000e+03,1.249255737304687500e+03
-2.000000029802322388e-01,-1.000000014901161194e-01,-1.403999924659729004e-01,-3.968103826045989990e-01,1.153555631637573242e+00,5.764801055192947388e-02,4.794000000000000000e+03,5.119514648437500000e+03
-2.500000000000000000e-01,1.715452671051025391e-01,-1.990520507097244263e-01,2.948409318923950195e-01,8.572005033493041992e-01,6.111973524093627930e-02,3.336000000000000000e+03,3.416354736328125000e+03
-3.159073293209075928e-01,-4.499999880790710449e-01,-2.254043072462081909e-01,-2.783030569553375244e-01,8.317890763282775879e-01,5.978761985898017883e-02,3.042000000000000000e+03,3.205592041015625000e+03
-2.000000029802322388e-01,-4.000000059604644775e-01,-3.112082779407501221e-01,1.661742627620697021e-01,1.202415466308593750e+00,6.492669880390167236e-02,4.449000000000000000e+03,5.426539062500000000e+03
-1.618416309356689453e-01,3.221365213394165039e-01,-2.691296637058258057e-01,3.333342373371124268e-01,9.473423361778259277e-01,6.184175983071327209e-02,3.164000000000000000e+03,3.204956054687500000e+03
-1.118416264653205872e-01,-3.499999940395355225e-01,-5.003827214241027832e-01,2.360118366777896881e-02,8.858105540275573730e-01,6.874072551727294922e-02,3.213000000000000000e+03,4.325738769531250000e+03
3.562291860580444336e-01,1.764043420553207397e-01,2.161850035190582275e-01,2.942138910293579102e-01,7.665608525276184082e-01,6.706845015287399292e-02,2.704000000000000000e+03,2.855997558593750000e+03
-3.000000119209289551e-01,-6.999999880790710449e-01,-3.798782825469970703e-01,-7.713425755500793457e-01,6.634016633033752441e-01,9.928918629884719849e-02,2.680000000000000000e+03,2.749530029296875000e+03
-1.618416309356689453e-01,1.764043420553207397e-01,-3.673139810562133789e-01,5.269738435745239258e-01,1.085249066352844238e+00,6.518929451704025269e-02,3.642000000000000000e+03,4.136475585937500000e+03
-5.000000074505805969e-02,-3.499999940395355225e-01,-7.584122419357299805e-01,-4.692037701606750488e-01,1.257346391677856445e+00,5.955259874463081360e-02,4.443000000000000000e+03,5.805067871093750000e+03
-2.141935080289840698e-01,3.221365213394165039e-01,1.077782437205314636e-01,1.735070496797561646e-01,1.268277764320373535e+00,5.333101004362106323e-02,4.940000000000000000e+03,5.318639160156250000e+03
-2.000000029802322388e-01,9.482004493474960327e-02,-1.073274016380310059e-01,-1.401409041136503220e-02,8.714071512222290039e-01,6.920874863862991333e-02,3.300000000000000000e+03,3.388486083984375000e+03
2.145627290010452271e-01,4.862083792686462402e-01,5.652931332588195801e-01,1.302289515733718872e-01,1.145345687866210938e+00,6.122977659106254578e-02,4.404000000000000000e+03,5.209909179687500000e+03
-5.816580727696418762e-02,-2.707512080669403076e-01,-8.148209005594253540e-02,-4.313630163669586182e-01,7.501195669174194336e-01,7.517054677009582520e-02,2.293000000000000000e+03,2.399375732421875000e+03
2.355316728353500366e-01,3.221365213394165039e-01,-3.029286563396453857e-01,6.615193486213684082e-01,1.274466395378112793e+00,6.015348434448242188e-02,4.864000000000000000e+03,6.016030273437500000e+03
6.672313809394836426e-01,-1.000000014901161194e-01,9.337332844734191895e-01,-1.673978865146636963e-01,8.846716284751892090e-01,6.458742171525955200e-02,3.352000000000000000e+03,3.668748779296875000e+03
-4.000000059604644775e-01,1.366542428731918335e-01,-2.200247198343276978e-01,1.219431832432746887e-01,9.514879584312438965e-01,5.845254659652709961e-02,3.720000000000000000e+03,3.852450439453125000e+03
2.503692209720611572e-01,-3.151089549064636230e-01,2.702054679393768311e-01,-3.060849308967590332e-01,1.259463310241699219e+00,5.420316383242607117e-02,4.446000000000000000e+03,4.447362304687500000e+03
5.173884034156799316e-01,5.481259822845458984e-01,5.319436192512512207e-01,6.038662791252136230e-01,8.571234941482543945e-01,6.732959300279617310e-02,2.789000000000000000e+03,2.801619140625000000e+03
-3.666139543056488037e-01,-4.000000059604644775e-01,-3.152694106101989746e-01,-3.948308527469635010e-02,8.704586029052734375e-01,5.727810785174369812e-02,3.581000000000000000e+03,4.184521972656250000e+03
-1.000000014901161194e-01,-5.000000000000000000e-01,-2.746673524379730225e-01,-3.372446298599243164e-01,9.916351437568664551e-01,5.739689990878105164e-02,3.914000000000000000e+03,4.137250976562500000e+03
4.545493423938751221e-01,-5.000000074505805969e-02,2.226593941450119019e-01,-3.382581174373626709e-01,1.091217637062072754e+00,6.831064075231552124e-02,3.917000000000000000e+03,4.356051757812500000e+03
-3.499999940395355225e-01,-1.000000014901161194e-01,-2.800277173519134521e-01,1.042251586914062500e-01,1.195060968399047852e+00,8.320137858390808105e-02,3.985000000000000000e+03,4.114044921875000000e+03
-2.000000029802322388e-01,-3.499999940395355225e-01,2.834469266235828400e-02,-6.012856960296630859e-02,1.276460289955139160e+00,5.540627241134643555e-02,4.508000000000000000e+03,4.876887207031250000e+03
-1.000000014901161194e-01,-1.500000059604644775e-01,8.980648964643478394e-02,-1.318483799695968628e-01,7.062181830406188965e-01,6.727263331413269043e-02,2.824000000000000000e+03,3.026476806640625000e+03
-2.500000000000000000e-01,5.000000074505805969e-02,-4.553136527538299561e-01,5.139067396521568298e-02,9.709069132804870605e-01,6.383607536554336548e-02,4.115000000000000000e+03,4.297031738281250000e+03
1.764043420553207397e-01,1.764043420553207397e-01,1.060796231031417847e-01,2.119378186762332916e-02,9.751006364822387695e-01,5.815285071730613708e-02,3.208000000000000000e+03,3.305107177734375000e+03
-3.151089549064636230e-01,1.764043420553207397e-01,1.237538531422615051e-01,3.516602516174316406e-01,1.270007729530334473e+00,5.868549644947052002e-02,4.929000000000000000e+03,5.590527343750000000e+03
4.183419048786163330e-02,3.221365213394165039e-01,-1.882696896791458130e-01,1.609984487295150757e-01,1.214350461959838867e+00,6.061011552810668945e-02,5.087000000000000000e+03,5.355175781250000000e+03
1.764043420553207397e-01,-1.000000014901161194e-01,4.114947915077209473e-01,-4.332990348339080811e-01,9.898978471755981445e-01,7.109707593917846680e-02,3.356000000000000000e+03,3.904862304687500000e+03
1.764043420553207397e-01,-3.499999940395355225e-01,1.874415874481201172e-01,-6.765123605728149414e-01,1.128107905387878418e+00,6.744371354579925537e-02,3.772000000000000000e+03,4.081996093750000000e+03
3.562291860580444336e-01,1.764043420553207397e-01,1.665925383567810059e-01,5.724676698446273804e-02,6.238216161727905273e-01,6.507099419832229614e-02,2.276000000000000000e+03,2.560880615234375000e+03
-4.000000059604644775e-01,9.482004493474960327e-02,-1.397892981767654419e-01,-1.817570924758911133e-01,1.123492598533630371e+00,6.629516184329986572e-02,3.814000000000000000e+03,4.238108886718750000e+03
-6.024989485740661621e-02,4.223684668540954590e-01,-4.066497087478637695e-01,-6.586969364434480667e-03,1.250079035758972168e+00,5.988061055541038513e-02,4.642000000000000000e+03,5.507466796875000000e+03
3.221365213394165039e-01,-5.500000119209289551e-01,3.680208921432495117e-01,-2.235047817230224609e-01,8.270111680030822754e-01,6.632043421268463135e-02,2.770000000000000000e+03,3.194890869140625000e+03
3.221365213394165039e-01,1.748126149177551270e-01,1.262525618076324463e-01,-1.485735625028610229e-01,1.003945112228393555e+00,8.229505270719528198e-02,3.622000000000000000e+03,4.119462402343750000e+03
-5.000000000000000000e-01,-1.500000059604644775e-01,-4.907760024070739746e-01,-6.468051671981811523e-02,1.054298639297485352e+00,6.116994470357894897e-02,3.945000000000000000e+03,3.971184570312500000e+03
-1.000000014901161194e-01,-2.000000029802322388e-01,-7.963740825653076172e-02,-3.505185544490814209e-01,1.017363667488098145e+00,6.880543380975723267e-02,3.766000000000000000e+03,3.849415039062500000e+03
-1.000000014901161194e-01,2.445067614316940308e-01,1.755277514457702637e-01,1.076943427324295044e-01,1.083396434783935547e+00,6.212466582655906677e-02,4.109000000000000000e+03,4.433759765625000000e+03
3.896152675151824951e-01,-2.000000029802322388e-01,8.482967019081115723e-01,4.691555351018905640e-02,1.229616284370422363e+00,5.376539751887321472e-02,4.440000000000000000e+03,5.208183593750000000e+03
5.000000074505805969e-02,9.482004493474960327e-02,2.635006308555603027e-01,4.134829938411712646e-01,8.823286294937133789e-01,6.480314582586288452e-02,2.873000000000000000e+03,3.394831787109375000e+03
-2.500000000000000000e-01,0.000000000000000000e+00,-3.849755227565765381e-02,-1.280837110243737698e-03,1.039781093597412109e+00,7.193796336650848389e-02,3.427000000000000000e+03,3.567532714843750000e+03
-1.000000014901161194e-01,-1.500000059604644775e-01,-3.847569823265075684e-01,-1.963611096143722534e-01,8.592011928558349609e-01,6.751130521297454834e-02,3.555000000000000000e+03,3.945595214843750000e+03
-4.000000059604644775e-01,-5.000000074505805969e-02,-3.748644292354583740e-01,-1.637546569108963013e-01,9.109147787094116211e-01,7.045464962720870972e-02,3.478000000000000000e+03,3.534805175781250000e+03
-4.000000059604644775e-01,0.000000000000000000e+00,-4.446033835411071777e-01,1.169323995709419250e-01,5.915459990501403809e-01,1.638660281896591187e-01,2.248000000000000000e+03,2.347442871093750000e+03
-3.499999940395355225e-01,1.366542428731918335e-01,-1.733955442905426025e-01,4.485032856464385986e-01,1.272405505180358887e+00,4.872630536556243896e-02,5.391000000000000000e+03,5.811531738281250000e+03
5.000000074505805969e-02,3.815837576985359192e-02,3.397561013698577881e-01,-3.424959629774093628e-02,1.071601629257202148e+00,5.968380719423294067e-02,4.496000000000000000e+03,4.839091796875000000e+03
-3.000000119209289551e-01,-1.000000014901161194e-01,-3.541505932807922363e-01,-2.142199873924255371e-01,7.616364955902099609e-01,8.588340133428573608e-02,2.699000000000000000e+03,2.772800781250000000e+03
-1.618416309356689453e-01,-3.000000119209289551e-01,-4.519752413034439087e-02,-6.278659701347351074e-01,1.264149308204650879e+00,5.350616574287414551e-02,4.528000000000000000e+03,4.864474121093750000e+03
-1.500000059604644775e-01,-3.000000119209289551e-01,-2.502860724925994873e-01,2.528183162212371826e-01,1.142329573631286621e+00,7.059867680072784424e-02,3.815000000000000000e+03,4.695098144531250000e+03
-2.207512110471725464e-01,-4.672468006610870361e-01,-2.082695439457893372e-02,-3.438332974910736084e-01,1.169863820075988770e+00,5.993773415684700012e-02,4.266000000000000000e+03,4.436171875000000000e+03
-2.000000029802322388e-01,2.514390051364898682e-01,-2.354895621538162231e-01,2.979449629783630371e-01,4.387912750244140625e-01,1.274821609258651733e-01,1.037000000000000000e+03,1.055350952148437500e+03
2.145627290010452271e-01,3.562291860580444336e-01,5.640067458152770996e-01,-4.936266224831342697e-03,1.143297672271728516e+00,6.485453993082046509e-02,4.412000000000000000e+03,5.231520507812500000e+03
4.862083792686462402e-01,-2.000000029802322388e-01,2.559217810630798340e-01,-2.070925980806350708e-01,8.791173696517944336e-01,5.998908355832099915e-02,3.364000000000000000e+03,3.591373291015625000e+03
5.157939791679382324e-01,2.592686004936695099e-02,7.502807378768920898e-01,3.139993846416473389e-01,1.035243034362792969e+00,6.034817174077033997e-02,3.861000000000000000e+03,4.344270996093750000e+03
-3.499999940395355225e-01,9.482004493474960327e-02,-2.577850222587585449e-01,1.376062929630279541e-01,1.231681346893310547e+00,6.239699944853782654e-02,4.620000000000000000e+03,4.651435546875000000e+03
3.687628731131553650e-02,-3.000000119209289551e-01,7.799844443798065186e-02,-4.986320137977600098e-01,1.212634205818176270e+00,5.267352610826492310e-02,4.663000000000000000e+03,4.793001953125000000e+03
-4.000000059604644775e-01,5.000000074505805969e-02,-3.142713308334350586e-01,9.158396720886230469e-02,1.237102627754211426e+00,5.512160062789916992e-02,4.493000000000000000e+03,4.519566894531250000e+03
4.862083792686462402e-01,-5.000000074505805969e-02,2.642407119274139404e-01,1.393839810043573380e-02,1.207266092300415039e+00,4.934481903910636902e-02,3.884000000000000000e+03,4.024714599609375000e+03
-1.683409363031387329e-01,3.548897206783294678e-01,2.297251075506210327e-01,-1.571347415447235107e-01,1.053820967674255371e+00,5.979629978537559509e-02,3.912000000000000000e+03,5.295511718750000000e+03
-2.188199907541275024e-01,-2.000000029802322388e-01,-9.254989624023437500e-01,-3.901226520538330078e-01,1.266046881675720215e+00,6.175206601619720459e-02,4.165000000000000000e+03,5.472782226562500000e+03
-1.631237119436264038e-01,3.221365213394165039e-01,1.404223442077636719e-01,4.457282423973083496e-01,9.472585320472717285e-01,6.233632937073707581e-02,3.518000000000000000e+03,3.928296142578125000e+03
3.221365213394165039e-01,-1.419351249933242798e-02,8.776650577783584595e-02,-2.574965953826904297e-01,1.123209238052368164e+00,8.120475709438323975e-02,3.793000000000000000e+03,4.129607910156250000e+03
-3.499999940395355225e-01,5.000000074505805969e-02,-8.398466557264328003e-02,3.031994998455047607e-01,1.022622227668762207e+00,6.466606259346008301e-02,4.201000000000000000e+03,4.726827636718750000e+03
-3.000000119209289551e-01,-4.499999880790710449e-01,-1.948734223842620850e-01,-7.603658437728881836e-01,9.427166581153869629e-01,6.918303668498992920e-02,3.780000000000000000e+03,4.224349121093750000e+03
2.514390051364898682e-01,3.896152675151824951e-01,2.014395892620086670e-01,1.431596875190734863e-01,1.178042769432067871e+00,5.042809247970581055e-02,4.079000000000000000e+03,4.263314941406250000e+03
-1.631237119436264038e-01,-2.000000029802322388e-01,1.129321306943893433e-01,-3.166292011737823486e-01,9.234321117401123047e-01,7.599192857742309570e-02,2.755000000000000000e+03,3.038781738281250000e+03
-3.499999940395355225e-01,8.118000626564025879e-02,-4.006588757038116455e-01,1.646239161491394043e-01,1.270338058471679688e+00,5.933743342757225037e-02,5.035000000000000000e+03,5.064771972656250000e+03
3.221365213394165039e-01,-1.618416309356689453e-01,1.171282753348350525e-01,-4.316473007202148438e-01,1.143103241920471191e+00,5.902753770351409912e-02,5.076000000000000000e+03,5.513296875000000000e+03
-8.165807463228702545e-03,2.872454822063446045e-01,5.314417481422424316e-01,5.021266937255859375e-01,1.238525152206420898e+00,5.458717793226242065e-02,4.745000000000000000e+03,5.741847656250000000e+03
4.862083792686462402e-01,2.514390051364898682e-01,1.340528875589370728e-01,5.700106024742126465e-01,1.167724013328552246e+00,5.533656850457191467e-02,4.208000000000000000e+03,4.878306152343750000e+03
4.183419048786163330e-02,4.857293367385864258e-01,2.021317929029464722e-01,2.631259858608245850e-01,9.830129742622375488e-01,6.472985446453094482e-02,3.334000000000000000e+03,3.588419189453125000e+03
-1.000000014901161194e-01,1.366542428731918335e-01,7.768263667821884155e-02,6.158069148659706116e-02,1.158134102821350098e+00,6.060845777392387390e-02,3.958000000000000000e+03,4.066930908203125000e+03
3.562291860580444336e-01,-5.500000119209289551e-01,2.648855149745941162e-01,-5.414318442344665527e-01,5.955869555473327637e-01,7.371971011161804199e-02,1.719000000000000000e+03,1.759558349609375000e+03
-4.000000059604644775e-01,-2.000000029802322388e-01,-5.260277986526489258e-01,-5.185816287994384766e-01,1.135547161102294922e+00,5.832608416676521301e-02,3.662000000000000000e+03,3.988356445312500000e+03
2.872454822063446045e-01,0.000000000000000000e+00,1.637399941682815552e-01,1.365792471915483475e-02,7.822495698928833008e-01,5.851025506854057312e-02,2.532000000000000000e+03,2.595528808593750000e+03
-1.192623898386955261e-01,5.173884034156799316e-01,2.093286663293838501e-01,3.793126940727233887e-01,1.155162811279296875e+00,5.716013163328170776e-02,4.453000000000000000e+03,4.868571777343750000e+03
2.145627290010452271e-01,-3.659073412418365479e-01,6.169764399528503418e-01,-7.403374910354614258e-01,1.163725614547729492e+00,6.312233209609985352e-02,5.158000000000000000e+03,6.257923339843750000e+03
2.514390051364898682e-01,2.872454822063446045e-01,3.136825859546661377e-01,3.294994235038757324e-01,1.266860008239746094e+00,5.234619975090026855e-02,5.042000000000000000e+03,5.059659179687500000e+03
2.723684608936309814e-01,-8.999999761581420898e-01,2.882511019706726074e-01,-1.044966578483581543e+00,4.474736452102661133e-01,1.859898120164871216e-01,1.925000000000000000e+03,2.124903320312500000e+03
-4.000000059604644775e-01,8.062653243541717529e-02,-3.365235030651092529e-01,-6.292914599180221558e-02,1.074221611022949219e+00,1.752281934022903442e-01,2.385000000000000000e+03,2.435596679687500000e+03
-1.781912706792354584e-02,4.223684668540954590e-01,3.769130110740661621e-01,2.060832381248474121e-01,1.261249184608459473e+00,5.730544030666351318e-02,4.697000000000000000e+03,5.278065429687500000e+03
-5.178191065788269043e-01,1.264043450355529785e-01,-7.026056051254272461e-01,-6.312973052263259888e-02,7.795516252517700195e-01,8.328660577535629272e-02,3.148000000000000000e+03,3.502264160156250000e+03
9.482004493474960327e-02,3.221365213394165039e-01,-6.346254795789718628e-02,-2.316318452358245850e-01,1.133931994438171387e+00,5.321712791919708252e-02,4.964000000000000000e+03,6.180333007812500000e+03
4.545493423938751221e-01,3.889823853969573975e-01,3.972978889942169189e-01,2.044802904129028320e-01,6.784484982490539551e-01,6.222431734204292297e-02,2.754000000000000000e+03,2.973571289062500000e+03
-4.000000059604644775e-01,0.000000000000000000e+00,-6.301125884056091309e-01,3.181159868836402893e-02,1.100068688392639160e+00,6.726259738206863403e-02,4.068000000000000000e+03,4.246994140625000000e+03
-6.499999761581420898e-01,-1.024989411234855652e-02,-4.859253764152526855e-01,2.843717038631439209e-01,9.510875344276428223e-01,7.088743895292282104e-02,3.458000000000000000e+03,3.880797363281250000e+03
-3.499999940395355225e-01,-1.618416309356689453e-01,-3.967572152614593506e-01,1.457147002220153809e-01,1.213606476783752441e+00,5.537614226341247559e-02,4.933000000000000000e+03,5.252859863281250000e+03
2.145627290010452271e-01,1.688351184129714966e-01,2.499338388442993164e-01,8.388330042362213135e-02,1.103955745697021484e+00,6.470698863267898560e-02,3.239000000000000000e+03,3.261586425781250000e+03
6.083970069885253906e-01,8.118000626564025879e-02,4.023725092411041260e-01,-3.398233354091644287e-01,1.099784016609191895e+00,5.388592556118965149e-02,4.075000000000000000e+03,4.787995117187500000e+03
-1.000000014901161194e-01,2.872454822063446045e-01,-7.767582684755325317e-02,-5.756734684109687805e-02,8.315346837043762207e-01,6.588639318943023682e-02,2.747000000000000000e+03,3.204781494140625000e+03
-3.499999940395355225e-01,-2.500000000000000000e-01,-5.366109609603881836e-01,-6.490309834480285645e-01,1.034682989120483398e+00,6.191832944750785828e-02,4.126000000000000000e+03,4.845221679687500000e+03
-2.000000029802322388e-01,4.862083792686462402e-01,-1.509397029876708984e-01,4.678707420825958252e-01,8.514825105667114258e-01,5.168690532445907593e-02,3.431000000000000000e+03,3.444063476562500000e+03
-2.500000000000000000e-01,2.514390051364898682e-01,1.316626965999603271e-01,-1.345138847827911377e-01,1.225720763206481934e+00,6.035171076655387878e-02,4.367000000000000000e+03,5.187294921875000000e+03
-1.500000059604644775e-01,3.221365213394165039e-01,2.026357352733612061e-01,6.775785684585571289e-01,1.090466141700744629e+00,6.946986168622970581e-02,3.253000000000000000e+03,3.908917480468750000e+03
3.687628731131553650e-02,2.872454822063446045e-01,-6.856590509414672852e-02,6.090446710586547852e-01,1.049636602401733398e+00,5.984079465270042419e-02,3.730000000000000000e+03,4.109551269531250000e+03
2.145627290010452271e-01,-4.000000059604644775e-01,2.715454995632171631e-01,-2.741278409957885742e-01,1.240406274795532227e+00,5.499507859349250793e-02,4.696000000000000000e+03,4.754057128906250000e+03
1.366542428731918335e-01,-2.500000000000000000e-01,1.162721142172813416e-01,-1.618444770574569702e-01,4.357449710369110107e-01,8.635124564170837402e-02,1.299000000000000000e+03,1.354341430664062500e+03
1.645627170801162720e-01,-6.000000238418579102e-01,2.460738718509674072e-01,-6.991134881973266602e-01,5.310627222061157227e-01,6.223374232649803162e-02,1.513000000000000000e+03,1.600140747070312500e+03
-5.000000000000000000e-01,-3.000000119209289551e-01,-1.615687310695648193e-01,-1.464958041906356812e-01,1.088003873825073242e+00,5.548007041215896606e-02,4.035000000000000000e+03,4.492712402343750000e+03
1.748126149177551270e-01,0.000000000000000000e+00,2.556177787482738495e-02,-2.558936774730682373e-01,1.177715778350830078e+00,6.015669927000999451e-02,4.978000000000000000e+03,5.288928222656250000e+03
2.145627290010452271e-01,-3.499999940395355225e-01,2.124470472335815430e-01,-2.714675664901733398e-01,1.082095026969909668e+00,5.894612520933151245e-02,3.739000000000000000e+03,3.758560791015625000e+03
-5.000000000000000000e-01,1.764043420553207397e-01,-1.813817471265792847e-01,1.576686464250087738e-02,1.057828187942504883e+00,5.460854992270469666e-02,4.580000000000000000e+03,5.087255859375000000e+03
2.145627290010452271e-01,3.221365213394165039e-01,1.652436107397079468e-01,5.101314783096313477e-01,7.061163783073425293e-01,8.163479715585708618e-02,2.492000000000000000e+03,2.677179687500000000e+03
-5.692623853683471680e-01,-3.183409571647644043e-01,-6.117680668830871582e-01,-2.289977669715881348e-01,9.590263962745666504e-01,5.974312126636505127e-02,3.531000000000000000e+03,3.568420654296875000e+03
0.000000000000000000e+00,-2.000000029802322388e-01,7.820138335227966309e-02,1.088798791170120239e-01,7.976276874542236328e-01,6.110978871583938599e-02,3.206000000000000000e+03,3.699632812500000000e+03
4.482004791498184204e-02,4.223684668540954590e-01,-1.049704030156135559e-01,8.349791765213012695e-01,1.173859357833862305e+00,5.223014205694198608e-02,5.015000000000000000e+03,5.695888183593750000e+03
3.562291860580444336e-01,5.000000074505805969e-02,2.453673332929611206e-01,2.183458954095840454e-01,8.843631744384765625e-01,1.235014647245407104e-01,1.839000000000000000e+03,1.933546142578125000e+03
1.764043420553207397e-01,-3.000000119209289551e-01,4.804694056510925293e-01,-3.019521832466125488e-01,1.252552509307861328e+00,5.506171658635139465e-02,4.620000000000000000e+03,4.888670410156250000e+03
4.545493423938751221e-01,2.514390051364898682e-01,3.115354180335998535e-01,2.945096492767333984e-01,9.889100193977355957e-01,7.887564599514007568e-02,3.448000000000000000e+03,3.526012207031250000e+03
-5.000000074505805969e-02,2.514390051364898682e-01,5.221202969551086426e-02,1.245565712451934814e-01,1.083256483078002930e+00,7.945585250854492188e-02,3.397000000000000000e+03,3.473317382812500000e+03
1.366542428731918335e-01,4.223684668540954590e-01,3.478602766990661621e-01,1.464607864618301392e-01,1.246677875518798828e+00,5.719393491744995117e-02,4.954000000000000000e+03,5.332041992187500000e+03
-1.651089638471603394e-01,3.221365213394165039e-01,-3.601037263870239258e-01,2.692924141883850098e-01,7.887334823608398438e-01,7.353480160236358643e-02,2.828000000000000000e+03,3.010519287109375000e+03
3.896152675151824951e-01,2.872454822063446045e-01,3.762306869029998779e-01,-1.523824334144592285e-01,1.090909361839294434e+00,6.498783081769943237e-02,3.566000000000000000e+03,4.125534179687500000e+03
5.481259822845458984e-01,4.482004791498184204e-02,6.919548511505126953e-01,6.612377706915140152e-03,5.231778025627136230e-01,9.794563800096511841e-02,1.838000000000000000e+03,1.983903442382812500e+03
-4.000000059604644775e-01,3.165905550122261047e-02,-7.503570318222045898e-01,2.814738750457763672e-01,1.212386250495910645e+00,6.136188656091690063e-02,5.097000000000000000e+03,5.720192382812500000e+03
-2.535886131227016449e-02,4.223684668540954590e-01,-1.242154091596603394e-02,5.808260440826416016e-01,5.737264156341552734e-01,8.523128926753997803e-02,1.805000000000000000e+03,1.940926391601562500e+03
-2.500000000000000000e-01,-2.641935050487518311e-01,1.782804131507873535e-01,-4.713735580444335938e-01,1.261885404586791992e+00,6.588174402713775635e-02,4.593000000000000000e+03,5.226249511718750000e+03
-5.816580727696418762e-02,3.562291860580444336e-01,-6.510828435420989990e-02,4.631813168525695801e-01,8.436456322669982910e-01,6.348504871129989624e-02,3.696000000000000000e+03,3.755384033203125000e+03
1.306265294551849365e-01,3.861732482910156250e-01,6.418601423501968384e-02,3.587052226066589355e-01,1.227035641670227051e+00,6.213004887104034424e-02,4.664000000000000000e+03,4.680057617187500000e+03
2.145627290010452271e-01,4.545493423938751221e-01,1.164457648992538452e-01,6.279487609863281250e-01,6.326315999031066895e-01,7.722193002700805664e-02,1.884000000000000000e+03,2.066505126953125000e+03
4.223684668540954590e-01,-1.500000059604644775e-01,5.024420619010925293e-01,-2.441156208515167236e-01,1.244345784187316895e+00,5.457221716642379761e-02,4.575000000000000000e+03,4.620157714843750000e+03
-4.000000059604644775e-01,-1.000000014901161194e-01,-2.323488742113113403e-01,2.951856702566146851e-02,1.261567115783691406e+00,5.973089486360549927e-02,4.493000000000000000e+03,4.619070800781250000e+03
3.221365213394165039e-01,2.872454822063446045e-01,2.386958599090576172e-01,3.824583292007446289e-01,6.201214790344238281e-01,7.498311251401901245e-02,2.257000000000000000e+03,2.350063232421875000e+03
-4.499999880790710449e-01,-3.000000119209289551e-01,-5.165412425994873047e-01,-4.640688598155975342e-01,4.576728641986846924e-01,1.037659496068954468e-01,1.439000000000000000e+03,1.647509399414062500e+03
-2.000000029802322388e-01,-2.000000029802322388e-01,-2.385036796331405640e-01,-9.905502200126647949e-02,5.921804308891296387e-01,5.182367190718650818e-02,2.116000000000000000e+03,2.185771240234375000e+03
-5.000000000000000000e-01,1.366542428731918335e-01,-5.202351808547973633e-01,2.942398004233837128e-02,8.794190883636474609e-01,6.464814394712448120e-02,2.814000000000000000e+03,2.857010498046875000e+03
-1.500000059604644775e-01,2.872454822063446045e-01,1.218649148941040039e-01,3.868876397609710693e-01,1.203942894935607910e+00,6.034096330404281616e-02,5.163000000000000000e+03,5.457493164062500000e+03
3.562291860580444336e-01,-1.102498918771743774e-01,5.184918045997619629e-01,3.582283556461334229e-01,1.124815106391906738e+00,8.462191373109817505e-02,3.533000000000000000e+03,4.191701660156250000e+03
2.145627290010452271e-01,-3.000000119209289551e-01,1.474696099758148193e-01,-1.040006652474403381e-01,1.122226357460021973e+00,6.505155563354492188e-02,3.972000000000000000e+03,4.106135742187500000e+03
1.366542428731918335e-01,-2.500000000000000000e-01,1.998074501752853394e-01,-3.247483968734741211e-01,7.498978376388549805e-01,7.695581018924713135e-02,2.209000000000000000e+03,2.246568359375000000e+03
-2.000000029802322388e-01,-3.151089549064636230e-01,-1.768220067024230957e-01,-2.284516543149948120e-01,1.088022589683532715e+00,5.929611250758171082e-02,4.415000000000000000e+03,4.445041015625000000e+03
1.194074451923370361e-01,-4.499999880790710449e-01,-7.900806516408920288e-02,-9.130799770355224609e-01,1.100249171257019043e+00,7.707771658897399902e-02,3.427000000000000000e+03,4.115429199218750000e+03
1.366542428731918335e-01,9.183419495820999146e-02,1.339134871959686279e-01,1.107408702373504639e-01,7.351258397102355957e-01,5.142819508910179138e-02,2.429000000000000000e+03,2.430644042968750000e+03
2.872454822063446045e-01,3.562291860580444336e-01,2.571120858192443848e-01,6.203239560127258301e-01,1.135953187942504883e+00,5.371979996562004089e-02,4.422000000000000000e+03,4.660986328125000000e+03
2.514390051364898682e-01,-5.500000119209289551e-01,3.608074784278869629e-01,-5.302892327308654785e-01,1.017573595046997070e+00,6.607495993375778198e-02,3.364000000000000000e+03,3.404059326171875000e+03
-3.659073412418365479e-01,4.482004791498184204e-02,-6.159784272313117981e-02,5.396107435226440430e-01,1.275307655334472656e+00,5.894869565963745117e-02,5.504000000000000000e+03,6.597362304687500000e+03
1.073017809540033340e-02,4.223684668540954590e-01,-1.953398343175649643e-03,4.650234282016754150e-01,4.867429733276367188e-01,7.164145261049270630e-02,1.370000000000000000e+03,1.381384277343750000e+03
-4.499999880790710449e-01,-2.659073472023010254e-01,-4.659492075443267822e-01,-1.126307025551795959e-01,7.056817412376403809e-01,8.279789984226226807e-02,2.467000000000000000e+03,2.583254882812500000e+03
2.112953811883926392e-01,-5.000000074505805969e-02,6.947003304958343506e-02,8.688705414533615112e-02,1.078749775886535645e+00,6.099220737814903259e-02,4.072000000000000000e+03,4.207074218750000000e+03
-3.000000119209289551e-01,0.000000000000000000e+00,-5.249295234680175781e-01,-3.313840031623840332e-01,9.927116036415100098e-01,5.245906487107276917e-02,4.150000000000000000e+03,4.801168457031250000e+03
-4.000000059604644775e-01,-2.151089608669281006e-01,-3.077955543994903564e-01,-3.984300792217254639e-01,1.221446037292480469e+00,5.704898759722709656e-02,3.932000000000000000e+03,4.042329589843750000e+03
1.612953841686248779e-01,2.514390051364898682e-01,1.148925572633743286e-01,3.935502469539642334e-01,7.449130415916442871e-01,9.604623913764953613e-02,2.357000000000000000e+03,2.451021240234375000e+03
3.896152675151824951e-01,-2.000000029802322388e-01,2.957018017768859863e-01,-5.213977098464965820e-01,1.239985227584838867e+00,5.966901034116744995e-02,4.516000000000000000e+03,4.839790527343750000e+03
-1.500000059604644775e-01,-5.000000000000000000e-01,-1.291143894195556641e-01,-6.311213374137878418e-01,1.088322877883911133e+00,6.908059120178222656e-02,3.879000000000000000e+03,3.936310302734375000e+03
2.145627290010452271e-01,-6.000000238418579102e-01,-1.485591381788253784e-01,-4.513899683952331543e-01,9.446014165878295898e-01,7.795029133558273315e-02,3.335000000000000000e+03,3.888687744140625000e+03
-3.499999940395355225e-01,3.896152675151824951e-01,-3.072135746479034424e-01,4.433419406414031982e-01,5.144945383071899414e-01,6.906019151210784912e-02,2.007000000000000000e+03,2.042516235351562500e+03
-3.000000119209289551e-01,-5.500000119209289551e-01,-1.372152715921401978e-01,-6.284538507461547852e-01,1.012623906135559082e+00,7.124389708042144775e-02,3.575000000000000000e+03,3.687987548828125000e+03
-6.000000238418579102e-01,-2.172468006610870361e-01,-6.549550294876098633e-01,-3.166015744209289551e-01,5.325954556465148926e-01,1.216584369540214539e-01,1.645000000000000000e+03,1.718938720703125000e+03
3.221365213394165039e-01,0.000000000000000000e+00,1.695369780063629150e-01,2.812032699584960938e-01,1.248190760612487793e+00,5.726242437958717346e-02,4.843000000000000000e+03,5.155567382812500000e+03
-3.000000119209289551e-01,-5.000000000000000000e-01,-2.769355177879333496e-01,-6.224153637886047363e-01,8.455684781074523926e-01,7.729653269052505493e-02,2.652000000000000000e+03,2.709080810546875000e+03
0.000000000000000000e+00,-2.131237089633941650e-01,-1.051973327994346619e-01,-9.837628155946731567e-02,8.284630775451660156e-01,7.821945101022720337e-02,2.245000000000000000e+03,2.323545898437500000e+03
3.687628731131553650e-02,3.221365213394165039e-01,-4.953847229480743408e-01,-6.901133805513381958e-03,1.112647771835327148e+00,6.531067937612533569e-02,4.134000000000000000e+03,5.366713867187500000e+03
5.481259822845458984e-01,4.545493423938751221e-01,7.019973993301391602e-01,7.615259885787963867e-01,8.954118490219116211e-01,6.901738047599792480e-02,3.122000000000000000e+03,3.565826416015625000e+03
2.445067614316940308e-01,-4.166139364242553711e-01,3.707986772060394287e-01,-2.965868115425109863e-01,1.061387300491333008e+00,6.117601692676544189e-02,4.145000000000000000e+03,4.256144042968750000e+03
-3.499999940395355225e-01,2.479487806558609009e-01,1.060184314846992493e-01,-1.545827239751815796e-01,1.252651095390319824e+00,5.711596459150314331e-02,4.852000000000000000e+03,5.942312500000000000e+03
-1.510896813124418259e-02,-5.500000119209289551e-01,-1.825760006904602051e-01,-4.488978385925292969e-01,1.081218004226684570e+00,7.792482525110244751e-02,3.619000000000000000e+03,3.736192871093750000e+03
3.896152675151824951e-01,-2.500000000000000000e-01,4.666560292243957520e-01,-3.320688605308532715e-01,5.976501703262329102e-01,8.998615294694900513e-02,1.608000000000000000e+03,1.664589233398437500e+03
-2.000000029802322388e-01,3.221365213394165039e-01,3.558908402919769287e-01,2.448740303516387939e-01,1.267861962318420410e+00,6.005464494228363037e-02,4.735000000000000000e+03,5.624419433593750000e+03
-3.000000119209289551e-01,9.482004493474960327e-02,-2.639628946781158447e-01,6.128819286823272705e-02,1.234778285026550293e+00,5.580197647213935852e-02,3.734000000000000000e+03,3.739991210937500000e+03
3.221365213394165039e-01,-5.000000000000000000e-01,7.295207381248474121e-01,-2.601316869258880615e-01,1.013812899589538574e+00,6.496401131153106689e-02,3.744000000000000000e+03,4.521793945312500000e+03
3.548897206783294678e-01,1.366542428731918335e-01,3.835045695304870605e-01,-2.897250950336456299e-01,1.244901418685913086e+00,5.118639767169952393e-02,4.694000000000000000e+03,5.232847656250000000e+03
-2.500000000000000000e-01,1.764043420553207397e-01,1.100332289934158325e-01,-5.834376811981201172e-02,1.082252144813537598e+00,6.234119832515716553e-02,4.016000000000000000e+03,4.627368652343750000e+03
-1.000000014901161194e-01,-5.500000119209289551e-01,-2.162197530269622803e-01,-6.981671452522277832e-01,9.643930792808532715e-01,7.504450529813766479e-02,2.915000000000000000e+03,3.024928222656250000e+03
3.194263577461242676e-01,5.173884034156799316e-01,4.262456595897674561e-01,5.202596783638000488e-01,6.088984012603759766e-01,7.860953360795974731e-02,1.978000000000000000e+03,2.038622314453125000e+03
-2.342494726181030273e-01,-6.000000238418579102e-01,-4.528225958347320557e-01,-3.756224811077117920e-01,8.821066617965698242e-01,6.945177167654037476e-02,3.206000000000000000e+03,3.599523925781250000e+03
2.872454822063446045e-01,-2.500000000000000000e-01,2.089730352163314819e-01,-9.740836173295974731e-02,8.871529698371887207e-01,9.730143845081329346e-02,3.584000000000000000e+03,3.716865234375000000e+03
2.872454822063446045e-01,-2.641935050487518311e-01,1.955651342868804932e-01,-3.018198311328887939e-01,1.190449357032775879e+00,5.950855091214179993e-02,3.863000000000000000e+03,3.889610351562500000e+03
9.482004493474960327e-02,3.562291860580444336e-01,1.429016888141632080e-01,5.636024475097656250e-01,1.127314329147338867e+00,6.234245002269744873e-02,3.639000000000000000e+03,3.767814453125000000e+03
-2.131237089633941650e-01,-1.500000059604644775e-01,-6.767607927322387695e-01,-7.230434566736221313e-02,1.201246738433837891e+00,6.431825459003448486e-02,4.379000000000000000e+03,5.028163085937500000e+03
-3.133457601070404053e-01,6.672313809394836426e-01,-2.431812584400177002e-01,7.403758764266967773e-01,6.209667325019836426e-01,8.874634653329849243e-02,1.876000000000000000e+03,1.925646484375000000e+03
-2.500000000000000000e-01,3.221365213394165039e-01,-2.415506839752197266e-01,4.116189479827880859e-02,1.176127076148986816e+00,6.289354711771011353e-02,4.885000000000000000e+03,5.160938964843750000e+03
2.872454822063446045e-01,4.223684668540954590e-01,2.875968627631664276e-02,2.112154215574264526e-01,1.176983356475830078e+00,7.198852300643920898e-02,3.864000000000000000e+03,4.169395996093750000e+03
-1.500000059604644775e-01,0.000000000000000000e+00,2.326031178236007690e-01,-8.586331456899642944e-02,9.537918567657470703e-01,6.832285225391387939e-02,3.251000000000000000e+03,3.780694091796875000e+03
2.872454822063446045e-01,-1.500000059604644775e-01,1.330072879791259766e-01,-4.264919757843017578e-01,7.988293766975402832e-01,6.276112049818038940e-02,3.409000000000000000e+03,3.926001220703125000e+03
1.366542428731918335e-01,1.764043420553207397e-01,4.228422641754150391e-01,-2.512596361339092255e-02,1.024596095085144043e+00,6.884367018938064575e-02,4.091000000000000000e+03,4.556913085937500000e+03
-2.500000000000000000e-01,-3.000000119209289551e-01,-1.256003081798553467e-01,-2.419883310794830322e-01,6.475356221199035645e-01,8.696497976779937744e-02,1.988000000000000000e+03,2.076411376953125000e+03
3.221365213394165039e-01,1.764043420553207397e-01,1.233596354722976685e-01,5.243801474571228027e-01,1.160365581512451172e+00,7.108560949563980103e-02,4.342000000000000000e+03,4.846398925781250000e+03
-8.437135815620422363e-02,-6.499999761581420898e-01,-5.822396650910377502e-02,-6.835200786590576172e-01,9.601212143898010254e-01,6.305852532386779785e-02,3.534000000000000000e+03,3.540864990234375000e+03
-3.000000119209289551e-01,-4.499999880790710449e-01,2.176139354705810547e-01,-4.126402735710144043e-01,1.129208207130432129e+00,6.254127621650695801e-02,4.219000000000000000e+03,5.072875976562500000e+03
-2.641935050487518311e-01,2.872454822063446045e-01,-3.351704478263854980e-01,2.053668722510337830e-02,9.732295870780944824e-01,6.131905317306518555e-02,4.370000000000000000e+03,4.715388183593750000e+03
-1.000000014901161194e-01,-2.500000000000000000e-01,3.067752905189990997e-02,8.944554254412651062e-03,1.098299145698547363e+00,6.294900178909301758e-02,3.651000000000000000e+03,3.901179931640625000e+03
-4.000000059604644775e-01,2.145627290010452271e-01,-4.641096666455268860e-02,6.456843763589859009e-02,1.015006065368652344e+00,6.567735224962234497e-02,4.254000000000000000e+03,4.845026855468750000e+03
3.562291860580444336e-01,9.482004493474960327e-02,3.224697411060333252e-01,4.892498850822448730e-01,1.267529368400573730e+00,5.254625901579856873e-02,4.284000000000000000e+03,4.692189941406250000e+03
2.145627290010452271e-01,4.545493423938751221e-01,1.649350076913833618e-01,-4.119253903627395630e-02,1.130536794662475586e+00,7.021046429872512817e-02,3.834000000000000000e+03,4.548821289062500000e+03
1.715452671051025391e-01,-4.000000059604644775e-01,5.332074761390686035e-01,-3.523936867713928223e-01,9.400603771209716797e-01,6.884447485208511353e-02,3.497000000000000000e+03,4.005645019531250000e+03
-5.000000000000000000e-01,3.896152675151824951e-01,-5.149024128913879395e-01,5.828458666801452637e-01,9.616006016731262207e-01,6.077937036752700806e-02,2.953000000000000000e+03,3.072108886718750000e+03
1.366542428731918335e-01,1.748126149177551270e-01,-5.559096485376358032e-02,1.152666807174682617e-01,7.571420073509216309e-01,6.452688574790954590e-02,2.915000000000000000e+03,3.117493164062500000e+03
-2.500000000000000000e-01,-2.641935050487518311e-01,-4.399751722812652588e-01,-1.665599271655082703e-02,1.106793522834777832e+00,6.973786652088165283e-02,4.454000000000000000e+03,4.801439941406250000e+03
5.000000074505805969e-02,-3.151089549064636230e-01,6.500272154808044434e-01,-3.174776434898376465e-01,1.197793483734130859e+00,6.690997630357742310e-02,4.004000000000000000e+03,4.959514160156250000e+03
-4.166139364242553711e-01,-6.184162572026252747e-02,-4.006938040256500244e-01,-4.674201309680938721e-01,1.253512501716613770e+00,5.669670179486274719e-02,4.348000000000000000e+03,4.792242187500000000e+03
4.223684668540954590e-01,-2.000000029802322388e-01,7.528864741325378418e-01,-3.006312847137451172e-01,1.221146702766418457e+00,5.267286673188209534e-02,3.724000000000000000e+03,4.017048339843750000e+03
6.672313809394836426e-01,9.183419495820999146e-02,5.837265253067016602e-01,2.127397060394287109e-01,5.831053853034973145e-01,9.403062611818313599e-02,1.682000000000000000e+03,1.787058593750000000e+03
5.000000074505805969e-02,-4.000000059604644775e-01,3.378258347511291504e-01,-2.879911363124847412e-01,1.251187324523925781e+00,5.105828493833541870e-02,4.717000000000000000e+03,5.000673339843750000e+03
0.000000000000000000e+00,-3.000000119209289551e-01,1.311818212270736694e-01,-1.737813502550125122e-01,8.528692722320556641e-01,1.027912870049476624e-01,2.232000000000000000e+03,2.332322998046875000e+03
-1.500000059604644775e-01,4.223684668540954590e-01,-1.956876814365386963e-01,3.902001082897186279e-01,1.140260338783264160e+00,6.268512457609176636e-02,4.272000000000000000e+03,4.282300292968750000e+03
-2.000000029802322388e-01,2.872454822063446045e-01,-2.103727906942367554e-01,7.368140816688537598e-01,1.250315546989440918e+00,5.685351043939590454e-02,4.681000000000000000e+03,5.269196289062500000e+03
3.221365213394165039e-01,5.000000074505805969e-02,4.422220587730407715e-01,5.381644964218139648e-01,1.053766369819641113e+00,6.188145652413368225e-02,4.201000000000000000e+03,5.113747070312500000e+03
9.482004493474960327e-02,4.223684668540954590e-01,-2.340660244226455688e-01,1.286687254905700684e-01,1.173998951911926270e+00,6.908283382654190063e-02,4.277000000000000000e+03,4.862171386718750000e+03
-2.641935050487518311e-01,-1.500000059604644775e-01,-5.598608851432800293e-01,-2.479497045278549194e-01,1.163114547729492188e+00,5.540161579847335815e-02,5.033000000000000000e+03,5.387408203125000000e+03
1.366542428731918335e-01,-4.000000059604644775e-01,-8.996317535638809204e-02,-3.227173089981079102e-01,1.254280805587768555e+00,5.576992407441139221e-02,4.431000000000000000e+03,4.590606933593750000e+03
1.947952061891555786e-01,-5.500000119209289551e-01,1.819701045751571655e-01,-5.529103279113769531e-01,3.970972597599029541e-01,1.448976993560791016e-01,1.152000000000000000e+03,1.153256958007812500e+03
-6.499999761581420898e-01,1.764043420553207397e-01,-7.618232965469360352e-01,-7.050228863954544067e-02,9.935441017150878906e-01,5.835532769560813904e-02,3.965000000000000000e+03,4.254429687500000000e+03
-3.499999940395355225e-01,1.240688338875770569e-01,1.440107356756925583e-02,6.322092562913894653e-02,1.114704489707946777e+00,6.675358116626739502e-02,4.563000000000000000e+03,5.052415039062500000e+03
-1.000000014901161194e-01,3.562291860580444336e-01,-5.916004627943038940e-02,5.897403955459594727e-01,6.556041836738586426e-01,1.701283007860183716e-01,1.554000000000000000e+03,1.751563354492187500e+03
9.482004493474960327e-02,-2.500000000000000000e-01,3.862234055995941162e-01,-6.095334291458129883e-01,1.217185616493225098e+00,5.811688676476478577e-02,4.968000000000000000e+03,5.663534179687500000e+03
2.145627290010452271e-01,-2.500000000000000000e-01,1.746377944946289062e-01,-4.592201486229896545e-02,1.188898682594299316e+00,6.112264841794967651e-02,4.202000000000000000e+03,4.329988769531250000e+03
-3.000000119209289551e-01,-2.000000029802322388e-01,-4.776569902896881104e-01,-5.525370836257934570e-01,1.250307917594909668e+00,5.706613510847091675e-02,4.424000000000000000e+03,4.854328125000000000e+03
9.482004493474960327e-02,-2.500000000000000000e-01,2.902990281581878662e-01,-2.526313960552215576e-01,9.998655319213867188e-01,5.987810343503952026e-02,3.771000000000000000e+03,3.914018310546875000e+03
3.562291860580444336e-01,3.562291860580444336e-01,9.260616898536682129e-01,1.931105554103851318e-01,1.122127532958984375e+00,4.649950563907623291e-02,4.281000000000000000e+03,5.412887207031250000e+03
3.896152675151824951e-01,1.282061040401458740e-01,4.626332223415374756e-01,3.143749237060546875e-01,1.253924846649169922e+00,5.288688838481903076e-02,4.480000000000000000e+03,4.593163574218750000e+03
3.562291860580444336e-01,4.223684668540954590e-01,3.895739912986755371e-01,5.836437940597534180e-01,9.444190859794616699e-01,5.765212327241897583e-02,3.805000000000000000e+03,3.920178710937500000e+03
9.482004493474960327e-02,-3.499999940395355225e-01,-3.015331551432609558e-02,-3.662612438201904297e-01,1.038834929466247559e+00,6.032722070813179016e-02,4.055000000000000000e+03,4.114399414062500000e+03
-2.141935080289840698e-01,-4.166139364242553711e-01,-4.971771314740180969e-02,-2.892888784408569336e-01,5.542002320289611816e-01,8.112598210573196411e-02,1.644000000000000000e+03,1.868066284179687500e+03
3.562291860580444336e-01,3.221365213394165039e-01,2.561682760715484619e-01,4.059622585773468018e-01,7.165603041648864746e-01,8.689124882221221924e-02,2.105000000000000000e+03,2.174408691406250000e+03
-2.500000000000000000e-01,3.517220914363861084e-01,-1.711425781250000000e-01,8.114755153656005859e-02,1.252645730972290039e+00,6.018612906336784363e-02,4.326000000000000000e+03,4.542846679687500000e+03
3.562291860580444336e-01,0.000000000000000000e+00,2.281713038682937622e-01,3.830935060977935791e-02,1.140537261962890625e+00,5.864344909787178040e-02,4.336000000000000000e+03,4.395233398437500000e+03
5.000000074505805969e-02,3.562291860580444336e-01,1.486576199531555176e-01,6.889261603355407715e-01,1.261978507041931152e+00,5.051835626363754272e-02,5.521000000000000000e+03,5.931263671875000000e+03
3.687628731131553650e-02,-2.672467827796936035e-01,4.428244382143020630e-02,-1.111378446221351624e-01,1.199606776237487793e+00,5.841721594333648682e-02,4.006000000000000000e+03,4.073584960937500000e+03
2.872454822063446045e-01,-6.188200116157531738e-01,2.639400362968444824e-01,-7.259716391563415527e-01,6.239457130432128906e-01,7.343471795320510864e-02,2.524000000000000000e+03,2.601356201171875000e+03
-2.659073472023010254e-01,-1.131237149238586426e-01,-1.245082765817642212e-01,-3.097024261951446533e-01,5.358303785324096680e-01,8.993673324584960938e-02,2.081000000000000000e+03,2.488266845703125000e+03
-2.500000000000000000e-01,3.221365213394165039e-01,-8.757501840591430664e-02,8.638020604848861694e-02,8.569129705429077148e-01,7.178653776645660400e-02,2.490000000000000000e+03,2.761397705078125000e+03
-6.000000238418579102e-01,-5.500000119209289551e-01,-5.099524259567260742e-01,-6.253324151039123535e-01,8.813713788986206055e-01,6.983237713575363159e-02,2.878000000000000000e+03,2.928929687500000000e+03
-2.166139483451843262e-01,-5.500000119209289551e-01,5.124048329889774323e-03,-4.554662406444549561e-01,9.978690147399902344e-01,7.354292273521423340e-02,2.732000000000000000e+03,2.889348632812500000e+03
1.764043420553207397e-01,-3.499999940395355225e-01,7.994476705789566040e-02,-5.160231590270996094e-01,1.266699075698852539e+00,5.461800098419189453e-02,4.788000000000000000e+03,4.897095703125000000e+03
-2.000000029802322388e-01,2.145627290010452271e-01,2.337231636047363281e-01,-2.527709901332855225e-01,1.213369488716125488e+00,5.258265137672424316e-02,4.906000000000000000e+03,6.188339355468750000e+03
2.872454822063446045e-01,3.221365213394165039e-01,3.792365193367004395e-01,3.876624107360839844e-01,1.006385087966918945e+00,6.630615890026092529e-02,3.510000000000000000e+03,3.554204589843750000e+03
-1.500000059604644775e-01,-3.000000119209289551e-01,-1.509564667940139771e-01,-3.912375569343566895e-01,1.273562550544738770e+00,6.354488432407379150e-02,4.670000000000000000e+03,4.694090332031250000e+03
3.896152675151824951e-01,4.545493423938751221e-01,3.681869208812713623e-01,4.521627128124237061e-01,6.239768266677856445e-01,5.755265429615974426e-02,1.962000000000000000e+03,1.964340209960937500e+03
-1.678191274404525757e-01,4.545493423938751221e-01,3.885522186756134033e-01,6.954279541969299316e-01,1.213998556137084961e+00,6.251124292612075806e-02,4.235000000000000000e+03,5.238052734375000000e+03
-2.131237089633941650e-01,-5.000000074505805969e-02,-3.926111161708831787e-01,3.015070781111717224e-02,9.662046432495117188e-01,5.845676735043525696e-02,3.291000000000000000e+03,3.425955566406250000e+03
4.223684668540954590e-01,-3.151089549064636230e-01,4.990762770175933838e-01,1.812519282102584839e-01,1.034640192985534668e+00,5.547075718641281128e-02,3.706000000000000000e+03,4.538790527343750000e+03
3.562291860580444336e-01,0.000000000000000000e+00,3.153387904167175293e-01,2.175307720899581909e-01,1.243440866470336914e+00,5.494640022516250610e-02,5.717000000000000000e+03,5.896583984375000000e+03
-2.131237089633941650e-01,2.872454822063446045e-01,-3.054051697254180908e-01,3.485907614231109619e-01,1.277479529380798340e+00,5.179699510335922241e-02,4.557000000000000000e+03,4.591146972656250000e+03
1.764043420553207397e-01,3.896152675151824951e-01,9.139701724052429199e-02,-1.660384051501750946e-02,1.121492505073547363e+00,7.304313778877258301e-02,4.205000000000000000e+03,4.762866210937500000e+03
-4.166139364242553711e-01,3.580648824572563171e-02,-4.184175133705139160e-01,2.925684675574302673e-02,1.156814455986022949e+00,7.389199733734130859e-02,4.055000000000000000e+03,4.055145996093750000e+03
3.221365213394165039e-01,5.000000074505805969e-02,5.050557851791381836e-01,1.738255321979522705e-01,8.826872706413269043e-01,5.743111297488212585e-02,3.479000000000000000e+03,3.693247070312500000e+03
5.000000074505805969e-02,-4.000000059604644775e-01,6.192164123058319092e-02,-1.691900342702865601e-01,1.252154707908630371e+00,5.069880187511444092e-02,3.351000000000000000e+03,3.464164306640625000e+03
3.896152675151824951e-01,1.366542428731918335e-01,2.765603363513946533e-01,3.852180205285549164e-03,1.260721683502197266e+00,5.381223559379577637e-02,4.662000000000000000e+03,4.751135253906250000e+03
5.000000074505805969e-02,3.221365213394165039e-01,-2.778507769107818604e-01,2.459958940744400024e-01,1.251925706863403320e+00,5.976377800107002258e-02,5.137000000000000000e+03,5.502013183593750000e+03
4.545493423938751221e-01,-2.314646542072296143e-01,4.045061469078063965e-01,-3.622347116470336914e-01,7.448114752769470215e-01,6.123030185699462891e-02,2.567000000000000000e+03,2.656811767578125000e+03
1.683132946491241455e-01,-2.000000029802322388e-01,1.771655529737472534e-01,-2.954348921775817871e-01,1.151232004165649414e+00,6.708107888698577881e-02,4.431000000000000000e+03,4.461522949218750000e+03
-5.000000000000000000e-01,2.872454822063446045e-01,-4.074051976203918457e-01,2.707357406616210938e-01,9.662216305732727051e-01,6.654540449380874634e-02,3.362000000000000000e+03,3.393828369140625000e+03
-5.000000074505805969e-02,3.562291860580444336e-01,1.495756655931472778e-01,4.968622028827667236e-01,1.239367008209228516e+00,6.017708405852317810e-02,4.872000000000000000e+03,5.058876464843750000e+03
-5.500000119209289551e-01,-3.172467947006225586e-01,-5.535258054733276367e-01,-3.732240796089172363e-01,9.860593080520629883e-01,5.802293866872787476e-02,3.136000000000000000e+03,3.146067138671875000e+03
1.688351184129714966e-01,-3.000000119209289551e-01,1.702257692813873291e-01,-3.270989358425140381e-01,1.239901065826416016e+00,6.032098829746246338e-02,4.091000000000000000e+03,4.092981689453125000e+03
3.896152675151824951e-01,2.514390051364898682e-01,3.002480268478393555e-01,7.330623269081115723e-01,1.221178770065307617e+00,5.277103558182716370e-02,4.422000000000000000e+03,5.108029785156250000e+03
-2.641935050487518311e-01,9.482004493474960327e-02,-2.595529556274414062e-01,2.152753174304962158e-01,8.718403577804565430e-01,6.317713111639022827e-02,3.174000000000000000e+03,3.234225097656250000e+03
-1.500000059604644775e-01,-6.499999761581420898e-01,-2.986291348934173584e-01,-8.311224579811096191e-01,6.836903691291809082e-01,7.585341483354568481e-02,2.420000000000000000e+03,2.696703857421875000e+03
-6.188200116157531738e-01,-1.834094338119029999e-02,-4.671311080455780029e-01,-1.340710651129484177e-02,1.103250861167907715e+00,4.928203672170639038e-02,3.325000000000000000e+03,3.387609619140625000e+03
-5.816580727696418762e-02,-3.196730315685272217e-01,-1.088288500905036926e-01,-5.894697308540344238e-01,1.224279403686523438e+00,8.740285784006118774e-02,3.534000000000000000e+03,3.709349365234375000e+03
-3.499999940395355225e-01,3.221365213394165039e-01,-4.052209556102752686e-01,3.432241082191467285e-01,8.404950499534606934e-01,7.368458807468414307e-02,2.666000000000000000e+03,2.679176513671875000e+03
-2.000000029802322388e-01,2.872454822063446045e-01,-2.965925633907318115e-01,1.505942493677139282e-01,1.036034703254699707e+00,6.044449284672737122e-02,3.965000000000000000e+03,4.067867919921875000e+03
-6.184162572026252747e-02,6.961627006530761719e-01,-2.930958569049835205e-02,6.698016524314880371e-01,5.973282456398010254e-01,9.197194874286651611e-02,1.804000000000000000e+03,1.812916259765625000e+03
9.482004493474960327e-02,5.000000074505805969e-02,1.849385499954223633e-01,-3.917795047163963318e-02,4.594591856002807617e-01,9.528283029794692993e-02,1.615000000000000000e+03,1.735544555664062500e+03
-1.159073337912559509e-01,1.366542428731918335e-01,4.576117172837257385e-02,-1.078608557581901550e-01,8.321777582168579102e-01,8.456436544656753540e-02,2.803000000000000000e+03,3.141705078125000000e+03
9.482004493474960327e-02,4.862083792686462402e-01,-2.074265480041503906e-02,8.186339735984802246e-01,1.066491365432739258e+00,5.675972998142242432e-02,4.245000000000000000e+03,4.696652832031250000e+03
9.482004493474960327e-02,-2.131237089633941650e-01,-7.003074139356613159e-02,-6.526707410812377930e-01,1.142485260963439941e+00,5.998495221138000488e-02,4.664000000000000000e+03,5.423917968750000000e+03
-1.024989411234855652e-02,-3.499999940395355225e-01,4.092021659016609192e-02,-6.827894598245620728e-02,1.112062096595764160e+00,7.157994061708450317e-02,4.000000000000000000e+03,4.260570312500000000e+03
1.264043450355529785e-01,3.221365213394165039e-01,4.763388931751251221e-01,-1.605947464704513550e-01,1.151210546493530273e+00,5.983785539865493774e-02,3.742000000000000000e+03,4.694341308593750000e+03
-1.500000059604644775e-01,5.784529447555541992e-01,-1.365758180618286133e-01,6.453586220741271973e-01,6.679705977439880371e-01,5.739909410476684570e-02,2.432000000000000000e+03,2.457261718750000000e+03
4.223684668540954590e-01,3.580648824572563171e-02,5.127239227294921875e-01,2.758086621761322021e-01,8.546459078788757324e-01,6.611299514770507812e-02,2.477000000000000000e+03,2.694969726562500000e+03
5.173884034156799316e-01,-2.320126444101333618e-01,1.031845286488533020e-01,-1.735153198242187500e-01,9.450311660766601562e-01,8.562568575143814087e-02,3.781000000000000000e+03,4.491220703125000000e+03
2.145627290010452271e-01,4.223684668540954590e-01,2.160930931568145752e-01,5.487217381596565247e-02,8.421970009803771973e-01,6.281630694866180420e-02,3.054000000000000000e+03,3.612866210937500000e+03
3.562291860580444336e-01,-1.707512140274047852e-01,5.612334609031677246e-01,-1.392769664525985718e-01,9.126467108726501465e-01,8.006571978330612183e-02,2.702000000000000000e+03,2.839518554687500000e+03
-5.000000000000000000e-01,-1.500000059604644775e-01,-3.995894193649291992e-01,-1.088363453745841980e-01,1.114492058753967285e+00,5.733727291226387024e-02,3.821000000000000000e+03,3.857173828125000000e+03
2.514390051364898682e-01,-2.641935050487518311e-01,2.974049150943756104e-01,-4.960115849971771240e-01,9.976092576980590820e-01,5.865464732050895691e-02,4.234000000000000000e+03,4.468533691406250000e+03
2.145627290010452271e-01,4.223684668540954590e-01,1.576471477746963501e-01,3.764526546001434326e-01,1.190930843353271484e+00,6.198525056242942810e-02,3.815000000000000000e+03,3.829288818359375000e+03
-2.500000000000000000e-01,3.221365213394165039e-01,-3.786052167415618896e-01,2.595857381820678711e-01,7.917365431785583496e-01,7.078535109758377075e-02,2.970000000000000000e+03,3.066176513671875000e+03
4.482004791498184204e-02,1.764043420553207397e-01,1.300104260444641113e-01,-9.187976270914077759e-02,1.151912689208984375e+00,2.475340664386749268e-01,2.114000000000000000e+03,2.238724121093750000e+03
2.872454822063446045e-01,3.896152675151824951e-01,1.060112044215202332e-01,2.015648335218429565e-01,1.235652923583984375e+00,5.848650261759757996e-02,4.071000000000000000e+03,4.251085449218750000e+03
-3.000000119209289551e-01,9.482004493474960327e-02,-1.524469256401062012e-01,6.077113747596740723e-02,9.967513680458068848e-01,6.736150383949279785e-02,2.863000000000000000e+03,2.928693847656250000e+03
5.000000074505805969e-02,-8.165807463228702545e-03,4.575783759355545044e-02,3.497315645217895508e-01,1.078748226165771484e+00,5.358686298131942749e-02,3.991000000000000000e+03,4.419063476562500000e+03
-3.000000119209289551e-01,2.514390051364898682e-01,-5.465453863143920898e-01,4.239559471607208252e-01,9.376959204673767090e-01,6.678152829408645630e-02,3.715000000000000000e+03,4.088424316406250000e+03
-5.500000119209289551e-01,0.000000000000000000e+00,-6.242786049842834473e-01,-1.581547558307647705e-01,8.021560311317443848e-01,7.633752375841140747e-02,2.592000000000000000e+03,2.713510498046875000e+03
2.059899121522903442e-01,6.083970069885253906e-01,3.459345102310180664e-01,7.438163757324218750e-01,6.620911359786987305e-01,8.260330557823181152e-02,1.945000000000000000e+03,2.109726074218750000e+03
0.000000000000000000e+00,-6.999999880790710449e-01,-3.418436348438262939e-01,-6.254380941390991211e-01,9.818776249885559082e-01,6.355980783700942993e-02,3.179000000000000000e+03,3.570739257812500000e+03
3.221365213394165039e-01,5.000000074505805969e-02,4.434238076210021973e-01,-7.800727337598800659e-02,7.269274592399597168e-01,7.243523746728897095e-02,2.178000000000000000e+03,2.304658935546875000e+03
-6.312371790409088135e-02,-3.499999940395355225e-01,3.846057876944541931e-02,-3.821130990982055664e-01,1.037423968315124512e+00,5.851417779922485352e-02,4.234000000000000000e+03,4.278423828125000000e+03
1.748126149177551270e-01,-4.000000059604644775e-01,2.039846479892730713e-01,-2.737805843353271484e-01,1.235008597373962402e+00,5.673816800117492676e-02,4.543000000000000000e+03,4.593089355468750000e+03
-7.500000000000000000e-01,-1.024989411234855652e-02,-7.934058904647827148e-01,-1.143498271703720093e-01,7.103342413902282715e-01,6.176773458719253540e-02,2.245000000000000000e+03,2.301327880859375000e+03
-4.000000059604644775e-01,9.183419495820999146e-02,-4.402786493301391602e-01,-1.873348504304885864e-01,1.263050436973571777e+00,6.999552249908447266e-02,4.951000000000000000e+03,5.195405273437500000e+03
4.223684668540954590e-01,3.869667947292327881e-01,4.875277578830718994e-01,3.878235518932342529e-01,9.418292045593261719e-01,6.772309541702270508e-02,3.653000000000000000e+03,3.670538330078125000e+03
4.223684668540954590e-01,-1.102498918771743774e-01,-3.318538144230842590e-02,-4.126261472702026367e-01,1.240899443626403809e+00,5.675291642546653748e-02,5.190000000000000000e+03,6.157637207031250000e+03
3.221365213394165039e-01,3.221365213394165039e-01,2.730010747909545898e-01,3.330870568752288818e-01,1.210809111595153809e+00,5.296793580055236816e-02,3.336000000000000000e+03,3.341762695312500000e+03
-3.659073412418365479e-01,5.000000074505805969e-02,-7.484731078147888184e-01,4.733363986015319824e-01,1.272616267204284668e+00,5.179630219936370850e-02,4.910000000000000000e+03,5.856693359375000000e+03
2.872454822063446045e-01,5.000000074505805969e-02,3.343680202960968018e-01,3.944630622863769531e-01,1.240058422088623047e+00,5.529267340898513794e-02,4.557000000000000000e+03,4.909369140625000000e+03
-6.000000238418579102e-01,2.466666847467422485e-01,-5.539643168449401855e-01,2.014804631471633911e-01,8.165690302848815918e-01,7.170199602842330933e-02,2.721000000000000000e+03,2.737950683593750000e+03
-1.500000059604644775e-01,4.862083792686462402e-01,-1.034005507826805115e-01,4.603856503963470459e-01,1.083275556564331055e+00,6.527597457170486450e-02,3.305000000000000000e+03,3.312968750000000000e+03
-4.196730554103851318e-01,-5.000000074505805969e-02,-7.662234902381896973e-01,-2.328026890754699707e-01,1.205146431922912598e+00,6.228163465857505798e-02,4.737000000000000000e+03,5.224939941406250000e+03
3.896152675151824951e-01,9.482004493474960327e-02,-1.745718419551849365e-01,7.150188088417053223e-02,1.242181181907653809e+00,5.338859185576438904e-02,4.353000000000000000e+03,5.214499023437500000e+03
-3.499999940395355225e-01,-1.500000059604644775e-01,-4.431324899196624756e-01,-3.203527033329010010e-01,1.104010581970214844e+00,7.072098553180694580e-02,4.621000000000000000e+03,4.762625488281250000e+03
2.514390051364898682e-01,-3.000000119209289551e-01,-4.574419930577278137e-02,1.627619564533233643e-02,1.272343397140502930e+00,5.866508185863494873e-02,4.503000000000000000e+03,5.013799804687500000e+03
-2.000000029802322388e-01,3.896152675151824951e-01,-3.146814107894897461e-01,4.158398509025573730e-01,9.321792125701904297e-01,6.247639656066894531e-02,3.243000000000000000e+03,3.294251953125000000e+03
9.482004493474960327e-02,3.221365213394165039e-01,-2.429076433181762695e-01,5.347216129302978516e-01,1.269641160964965820e+00,5.625405907630920410e-02,5.443000000000000000e+03,5.968097656250000000e+03
-4.499999880790710449e-01,-1.141935139894485474e-01,-2.435254901647567749e-01,8.424789458513259888e-02,1.236519098281860352e+00,5.715276300907135010e-02,4.074000000000000000e+03,4.289846679687500000e+03
-5.000000000000000000e-01,-4.499999880790710449e-01,-6.357006430625915527e-01,-1.819213628768920898e-01,1.070468187332153320e+00,4.777170345187187195e-02,3.643000000000000000e+03,3.924694335937500000e+03
-3.499999940395355225e-01,1.215452700853347778e-01,-5.807488560676574707e-01,-6.343644857406616211e-02,9.555582404136657715e-01,5.650056526064872742e-02,4.055000000000000000e+03,4.435007324218750000e+03
-4.499999880790710449e-01,0.000000000000000000e+00,-4.873892068862915039e-01,1.467361450195312500e-01,6.674530506134033203e-01,6.656457483768463135e-02,2.033000000000000000e+03,2.136469726562500000e+03
5.173884034156799316e-01,-3.659073412418365479e-01,3.254398405551910400e-01,-5.166637897491455078e-01,9.396769404411315918e-01,5.937265604734420776e-02,3.485000000000000000e+03,3.716260498046875000e+03
1.366542428731918335e-01,1.366542428731918335e-01,3.181335330009460449e-01,4.143394157290458679e-02,8.663776516914367676e-01,7.068934291601181030e-02,3.144000000000000000e+03,3.317302490234375000e+03
-4.000000059604644775e-01,3.562291860580444336e-01,8.078999817371368408e-02,1.743171960115432739e-01,1.021167635917663574e+00,7.180081307888031006e-02,3.608000000000000000e+03,4.475531250000000000e+03
-2.407314069569110870e-02,5.481259822845458984e-01,-1.408590003848075867e-02,3.435448408126831055e-01,1.158011794090270996e+00,5.930405855178833008e-02,3.228000000000000000e+03,3.328161376953125000e+03
-4.000000059604644775e-01,-1.166139394044876099e-01,-1.236302182078361511e-01,-2.197200059890747070e-01,1.213511228561401367e+00,6.262789666652679443e-02,4.703000000000000000e+03,4.976497558593750000e+03
-4.000000059604644775e-01,0.000000000000000000e+00,-2.618023157119750977e-01,3.932303935289382935e-02,7.905394434928894043e-01,8.175923675298690796e-02,2.345000000000000000e+03,2.421858886718750000e+03
-5.500000119209289551e-01,3.221365213394165039e-01,-5.961962938308715820e-01,2.975434660911560059e-01,5.566970705986022949e-01,6.276033073663711548e-02,2.222000000000000000e+03,2.241514404296875000e+03
-6.312371790409088135e-02,3.562291860580444336e-01,-3.824761882424354553e-02,-1.089481785893440247e-01,1.269015073776245117e+00,5.414341017603874207e-02,4.940000000000000000e+03,5.585321777343750000e+03
-5.000000074505805969e-02,3.562291860580444336e-01,1.347258388996124268e-01,5.631518363952636719e-01,1.275701403617858887e+00,5.567520111799240112e-02,4.922000000000000000e+03,5.151537109375000000e+03
3.562291860580444336e-01,-1.000000014901161194e-01,3.275537788867950439e-01,6.956638395786285400e-02,8.804482221603393555e-01,7.523320615291595459e-02,2.419000000000000000e+03,2.510223388671875000e+03
-3.499999940395355225e-01,-5.683409571647644043e-01,-4.734158515930175781e-01,-2.565179169178009033e-01,9.084452390670776367e-01,6.961358338594436646e-02,3.608000000000000000e+03,4.084819091796875000e+03
-4.000000059604644775e-01,1.366542428731918335e-01,-3.985151350498199463e-01,1.110814735293388367e-01,4.327178001403808594e-01,8.329572528600692749e-02,1.076000000000000000e+03,1.079768554687500000e+03
4.862083792686462402e-01,-1.000000014901161194e-01,7.433614134788513184e-01,5.736042186617851257e-02,8.846845626831054688e-01,7.674186676740646362e-02,3.187000000000000000e+03,3.547083984375000000e+03
-6.999999880790710449e-01,-3.000000119209289551e-01,-4.732664525508880615e-01,-5.978746414184570312e-01,9.334340691566467285e-01,5.889903381466865540e-02,3.441000000000000000e+03,3.974837402343750000e+03
2.872454822063446045e-01,-3.151089549064636230e-01,7.903581857681274414e-01,-2.258170992136001587e-01,1.232185125350952148e+00,6.231878697872161865e-02,4.245000000000000000e+03,4.947126953125000000e+03
5.173884034156799316e-01,5.000000074505805969e-02,6.980563998222351074e-01,2.470981143414974213e-02,9.111822247505187988e-01,6.365472823381423950e-02,3.386000000000000000e+03,3.520319335937500000e+03
1.979487836360931396e-01,-4.000000059604644775e-01,1.786551177501678467e-01,-4.672134518623352051e-01,9.857092499732971191e-01,6.541306525468826294e-02,3.636000000000000000e+03,3.654230712890625000e+03
-2.500000000000000000e-01,2.514390051364898682e-01,-5.202226638793945312e-01,3.357920944690704346e-01,1.036622166633605957e+00,6.280905753374099731e-02,4.348000000000000000e+03,4.666808593750000000e+03
-1.735956519842147827e-01,-7.500000000000000000e-01,-1.564214527606964111e-01,-7.340981364250183105e-01,5.943497419357299805e-01,8.465503156185150146e-02,1.803000000000000000e+03,1.805820800781250000e+03
3.562291860580444336e-01,4.212743043899536133e-01,7.480848431587219238e-01,3.503505289554595947e-01,9.889459013938903809e-01,6.758740544319152832e-02,3.552000000000000000e+03,4.107237304687500000e+03
-3.659073412418365479e-01,1.366542428731918335e-01,-4.712066054344177246e-01,4.600342810153961182e-01,1.143841743469238281e+00,5.499560385942459106e-02,4.308000000000000000e+03,4.680715820312500000e+03
-3.499999940395355225e-01,-5.000000074505805969e-02,-2.717790603637695312e-01,4.659496247768402100e-02,1.268105506896972656e+00,5.681029707193374634e-02,4.563000000000000000e+03,4.606654785156250000e+03
-1.500000059604644775e-01,1.366542428731918335e-01,5.003825202584266663e-02,1.990985423326492310e-01,7.125334143638610840e-01,6.977554410696029663e-02,2.293000000000000000e+03,2.487198974609375000e+03
-2.512690424919128418e-01,-6.999999880790710449e-01,-1.811224222183227539e-01,-7.858298420906066895e-01,4.699515402317047119e-01,1.861097216606140137e-01,1.762000000000000000e+03,1.858647827148437500e+03
-1.618416309356689453e-01,3.896152675151824951e-01,2.435493618249893188e-01,6.290671229362487793e-01,1.129561185836791992e+00,6.856993585824966431e-02,4.182000000000000000e+03,4.881541992187500000e+03
-1.000000014901161194e-01,-4.499999880790710449e-01,-5.697507858276367188e-01,-2.350846379995346069e-01,1.221274733543395996e+00,6.096734851598739624e-02,4.523000000000000000e+03,5.302618652343750000e+03
4.545493423938751221e-01,-4.499999880790710449e-01,4.656805098056793213e-01,-2.760860621929168701e-01,8.273746967315673828e-01,6.834751367568969727e-02,2.924000000000000000e+03,3.052657470703125000e+03
-6.999999880790710449e-01,-6.000000238418579102e-01,-6.180179715156555176e-01,-5.671643018722534180e-01,4.291512072086334229e-01,1.797005087137222290e-01,1.169000000000000000e+03,1.217998413085937500e+03
-3.499999940395355225e-01,2.514390051364898682e-01,-6.658350825309753418e-01,6.388005614280700684e-01,1.116911649703979492e+00,6.502308696508407593e-02,3.839000000000000000e+03,4.576438964843750000e+03
-3.178191184997558594e-01,-1.631237119436264038e-01,-1.139418315142393112e-02,-1.337381005287170410e-01,1.089136481285095215e+00,6.827753782272338867e-02,4.289000000000000000e+03,4.625036621093750000e+03
-2.207512110471725464e-01,-2.500000000000000000e-01,-7.388509511947631836e-01,-4.170829653739929199e-01,1.051154255867004395e+00,6.859957426786422729e-02,3.610000000000000000e+03,4.528747070312500000e+03
-4.499999880790710449e-01,2.863300442695617676e-01,-6.905076503753662109e-01,4.159667789936065674e-01,9.041181206703186035e-01,5.551373213529586792e-02,3.406000000000000000e+03,3.710823486328125000e+03
-4.172467887401580811e-01,-3.000000119209289551e-01,-2.858172953128814697e-01,-4.598016738891601562e-01,1.046045303344726562e+00,9.685290604829788208e-02,3.586000000000000000e+03,3.725106445312500000e+03
-7.075121253728866577e-02,5.000000074505805969e-02,-6.370542198419570923e-02,7.565252948552370071e-03,8.900624513626098633e-01,6.547556817531585693e-02,3.162000000000000000e+03,3.169314697265625000e+03
-2.131237089633941650e-01,3.896152675151824951e-01,-4.963007569313049316e-01,-9.566892683506011963e-02,8.384496569633483887e-01,9.356299042701721191e-02,2.757000000000000000e+03,3.905358154296875000e+03
2.145627290010452271e-01,-1.618416309356689453e-01,1.838330328464508057e-01,-8.115115761756896973e-02,6.070824861526489258e-01,6.863577663898468018e-02,2.447000000000000000e+03,2.496311767578125000e+03
4.545493423938751221e-01,-1.102498918771743774e-01,5.754647850990295410e-01,-1.797201782464981079e-01,1.019955277442932129e+00,8.913490921258926392e-02,3.180000000000000000e+03,3.238966552734375000e+03
-4.000000059604644775e-01,1.366542428731918335e-01,-6.160372868180274963e-02,1.922328174114227295e-01,1.287716984748840332e+00,5.776076391339302063e-02,4.777000000000000000e+03,5.110348632812500000e+03
-5.500000119209289551e-01,-2.500000000000000000e-01,-4.553087949752807617e-01,-1.937382817268371582e-01,8.663986325263977051e-01,6.744015216827392578e-02,2.536000000000000000e+03,2.576746337890625000e+03
-3.700559735298156738e-01,-4.000000059604644775e-01,-3.670211732387542725e-01,-4.778517484664916992e-01,9.996521472930908203e-01,1.215194687247276306e-01,2.607000000000000000e+03,2.622825195312500000e+03
-4.499999880790710449e-01,-2.000000029802322388e-01,-4.910122156143188477e-01,-2.882969677448272705e-01,4.372802674770355225e-01,9.205015003681182861e-02,1.425000000000000000e+03,1.494627319335937500e+03
1.764043420553207397e-01,3.896152675151824951e-01,-2.380000948905944824e-01,3.130872845649719238e-01,1.091666340827941895e+00,6.052625551819801331e-02,4.375000000000000000e+03,5.006520996093750000e+03
-5.374921560287475586e-01,5.173884034156799316e-01,-4.081116914749145508e-01,3.272706866264343262e-01,9.753754734992980957e-01,5.419311299920082092e-02,3.642000000000000000e+03,3.841768066406250000e+03
6.083970069885253906e-01,-3.883968889713287354e-01,6.989108920097351074e-01,-7.378827780485153198e-02,8.113414049148559570e-01,8.761702477931976318e-02,2.689000000000000000e+03,3.110925781250000000e+03
6.083970069885253906e-01,-2.688199877738952637e-01,7.087932229042053223e-01,-2.377900183200836182e-01,9.695585370063781738e-01,6.930927932262420654e-02,2.926000000000000000e+03,2.960187988281250000e+03
0.000000000000000000e+00,1.764043420553207397e-01,1.726110652089118958e-02,1.215060725808143616e-01,5.110104680061340332e-01,1.679587513208389282e-01,1.228000000000000000e+03,1.243465332031250000e+03
-3.151089549064636230e-01,4.183419048786163330e-02,-2.014715373516082764e-01,-1.024538502097129822e-01,1.076865434646606445e+00,6.424970179796218872e-02,4.000000000000000000e+03,4.115875488281250000e+03
-3.499999940395355225e-01,-3.000000119209289551e-01,-1.001006178557872772e-02,-9.456937015056610107e-02,1.161977887153625488e+00,6.468877196311950684e-02,4.618000000000000000e+03,5.143931640625000000e+03
3.562291860580444336e-01,-3.000000119209289551e-01,3.060538768768310547e-01,-5.444096326828002930e-01,9.710920453071594238e-01,6.215645372867584229e-02,3.929000000000000000e+03,4.184945312500000000e+03
-3.499999940395355225e-01,-2.000000029802322388e-01,1.328880432993173599e-02,-7.081379294395446777e-01,1.268966078758239746e+00,5.805076286196708679e-02,4.758000000000000000e+03,5.855642578125000000e+03
1.366542428731918335e-01,-8.165807463228702545e-03,8.439865708351135254e-02,8.406596258282661438e-03,8.597379326820373535e-01,5.850724875926971436e-02,3.086000000000000000e+03,3.098532226562500000e+03
-7.444340735673904419e-02,-4.000000059604644775e-01,2.547010183334350586e-01,-8.132557868957519531e-01,1.060248136520385742e+00,6.056494638323783875e-02,4.259000000000000000e+03,5.263946289062500000e+03
-4.000000059604644775e-01,2.872454822063446045e-01,-8.064818978309631348e-01,5.007076859474182129e-01,9.720900058746337891e-01,6.268908828496932983e-02,3.776000000000000000e+03,4.581217285156250000e+03
4.223684668540954590e-01,1.764043420553207397e-01,3.878405690193176270e-01,-4.743617773056030273e-02,1.168794035911560059e+00,5.511064827442169189e-02,4.634000000000000000e+03,4.806774902343750000e+03
3.206315636634826660e-01,3.896152675151824951e-01,8.707633018493652344e-01,4.173847734928131104e-01,1.188315033912658691e+00,5.921676754951477051e-02,3.737000000000000000e+03,4.504696289062500000e+03
4.545493423938751221e-01,-3.499999940395355225e-01,5.139577388763427734e-01,-5.740862339735031128e-02,9.806975722312927246e-01,6.976543366909027100e-02,3.615000000000000000e+03,3.942635253906250000e+03
-2.000000029802322388e-01,-3.499999940395355225e-01,-6.703692078590393066e-01,-2.155870050191879272e-01,1.256659865379333496e+00,5.467813462018966675e-02,4.779000000000000000e+03,5.479426269531250000e+03
4.545493423938751221e-01,2.145627290010452271e-01,3.661199212074279785e-01,1.520366817712783813e-01,1.142497777938842773e+00,7.330280542373657227e-02,4.112000000000000000e+03,4.148906250000000000e+03
-1.419351249933242798e-02,-4.499999880790710449e-01,-4.945620298385620117e-01,-3.215915262699127197e-01,9.385638833045959473e-01,6.375099718570709229e-02,3.227000000000000000e+03,4.083485595703125000e+03
-2.000000029802322388e-01,-4.000000059604644775e-01,-9.189895540475845337e-02,1.086259186267852783e-01,1.191770911216735840e+00,6.510917842388153076e-02,4.257000000000000000e+03,5.036008789062500000e+03
-1.000000014901161194e-01,4.545493423938751221e-01,9.227789938449859619e-02,4.745702445507049561e-01,1.168482780456542969e+00,5.465219914913177490e-02,4.004000000000000000e+03,4.112774902343750000e+03
2.514390051364898682e-01,-4.672468006610870361e-01,-2.905694535002112389e-03,-5.276027917861938477e-01,8.629474043846130371e-01,6.996561586856842041e-02,2.623000000000000000e+03,2.858738281250000000e+03
-4.000000059604644775e-01,-2.500000000000000000e-01,-2.883178591728210449e-01,-5.756925791501998901e-02,1.040733456611633301e+00,5.276705324649810791e-02,4.057000000000000000e+03,4.240320800781250000e+03
-3.499999940395355225e-01,9.482004493474960327e-02,-5.544251203536987305e-01,9.957163780927658081e-02,1.084024786949157715e+00,5.755294859409332275e-02,3.792000000000000000e+03,3.925449218750000000e+03
4.223684668540954590e-01,9.482004493474960327e-02,2.476138174533843994e-01,5.975971743464469910e-02,1.252293586730957031e+00,6.554119288921356201e-02,4.715000000000000000e+03,4.810016601562500000e+03
1.282061040401458740e-01,5.784529447555541992e-01,-2.193522006273269653e-01,3.670138716697692871e-01,1.072042703628540039e+00,5.616538599133491516e-02,3.980000000000000000e+03,4.535081542968750000e+03
9.482004493474960327e-02,-5.683409571647644043e-01,3.977438807487487793e-01,-3.003573715686798096e-01,1.116775631904602051e+00,5.562249571084976196e-02,4.151000000000000000e+03,4.678725585937500000e+03
-2.131237089633941650e-01,-3.659073412418365479e-01,-2.209935709834098816e-02,-7.245710492134094238e-01,1.214734911918640137e+00,6.705282628536224365e-02,4.071000000000000000e+03,4.514718750000000000e+03
-4.000000059604644775e-01,-3.000000119209289551e-01,-2.064323425292968750e-01,-3.801534473896026611e-01,1.053235888481140137e+00,7.414197921752929688e-02,2.596000000000000000e+03,2.697837890625000000e+03
6.083970069885253906e-01,-2.842482626438140869e-01,7.146567106246948242e-01,-3.551224768161773682e-01,5.757569074630737305e-01,2.108440697193145752e-01,8.700000000000000000e+02,9.122912597656250000e+02
-4.499999880790710449e-01,1.264791041612625122e-01,-5.833555459976196289e-01,-8.464643359184265137e-02,8.388124108314514160e-01,9.903305768966674805e-02,2.734000000000000000e+03,2.971544921875000000e+03
-1.500000059604644775e-01,4.223684668540954590e-01,-4.785492420196533203e-01,5.107532441616058350e-02,1.256591677665710449e+00,5.684131383895874023e-02,3.884000000000000000e+03,4.468590332031250000e+03
5.165353417396545410e-01,8.169633150100708008e-02,3.855587244033813477e-01,6.953183561563491821e-02,1.167047977447509766e+00,6.132359802722930908e-02,4.257000000000000000e+03,4.311107421875000000e+03
-3.659073412418365479e-01,4.223684668540954590e-01,-3.856006860733032227e-01,2.731802761554718018e-01,6.713964939117431641e-01,7.753522694110870361e-02,2.432000000000000000e+03,2.552670410156250000e+03
-5.000000074505805969e-02,2.872454822063446045e-01,-2.037327438592910767e-01,3.246511816978454590e-01,1.207081437110900879e+00,7.426688820123672485e-02,4.318000000000000000e+03,4.392025878906250000e+03
-4.499999880790710449e-01,0.000000000000000000e+00,-8.990573883056640625e-01,-5.679382011294364929e-02,1.243368864059448242e+00,5.573735758662223816e-02,4.089000000000000000e+03,4.614937011718750000e+03
3.562291860580444336e-01,3.580648824572563171e-02,3.668276667594909668e-01,-6.096762791275978088e-02,1.264126300811767578e+00,6.231310591101646423e-02,5.129000000000000000e+03,5.159327636718750000e+03
-5.000000074505805969e-02,-4.000000059604644775e-01,-3.694401308894157410e-02,-3.659982383251190186e-01,1.122042298316955566e+00,5.879558622837066650e-02,4.555000000000000000e+03,4.559820312500000000e+03
-3.499999940395355225e-01,2.132806330919265747e-01,-5.746178030967712402e-01,3.112008571624755859e-01,1.240962624549865723e+00,5.526858568191528320e-02,5.145000000000000000e+03,5.343463378906250000e+03
0.000000000000000000e+00,4.545493423938751221e-01,2.787824273109436035e-01,7.488574832677841187e-02,1.184683918952941895e+00,5.381131917238235474e-02,4.867000000000000000e+03,5.610729980468750000e+03
9.482004493474960327e-02,3.562291860580444336e-01,1.117608621716499329e-01,1.657547354698181152e-01,8.314270973205566406e-01,7.534531503915786743e-02,2.702000000000000000e+03,2.843025146484375000e+03
-1.500000059604644775e-01,3.896152675151824951e-01,-2.168524414300918579e-01,2.953718304634094238e-01,1.234586000442504883e+00,5.748454481363296509e-02,5.091000000000000000e+03,5.135710937500000000e+03
3.562291860580444336e-01,-1.131237149238586426e-01,5.626623034477233887e-01,3.972720801830291748e-01,1.173473596572875977e+00,5.422642454504966736e-02,4.761000000000000000e+03,5.761208984375000000e+03
-4.166139364242553711e-01,2.514390051364898682e-01,-6.983482241630554199e-01,8.649188280105590820e-02,1.022085309028625488e+00,1.053398028016090393e-01,3.238000000000000000e+03,3.560824707031250000e+03
-3.000000119209289551e-01,3.221365213394165039e-01,-1.895378082990646362e-01,7.303805351257324219e-01,8.149677515029907227e-01,7.045300304889678955e-02,2.811000000000000000e+03,3.529127929687500000e+03
-2.204144299030303955e-01,-3.000000119209289551e-01,-6.087269186973571777e-01,6.142134964466094971e-02,1.275056838989257812e+00,5.876706913113594055e-02,5.206000000000000000e+03,6.073568847656250000e+03
1.764043420553207397e-01,-2.683409452438354492e-01,6.277940422296524048e-02,-3.087131977081298828e-01,1.256928205490112305e+00,6.002470850944519043e-02,4.736000000000000000e+03,4.779430664062500000e+03
-1.000000014901161194e-01,4.223684668540954590e-01,1.032079383730888367e-01,3.199734687805175781e-01,1.232578516006469727e+00,5.541198700666427612e-02,4.426000000000000000e+03,4.575467773437500000e+03
-3.499999940395355225e-01,2.872454822063446045e-01,-5.006188750267028809e-01,1.311001479625701904e-01,7.956891655921936035e-01,6.991123408079147339e-02,2.733000000000000000e+03,2.932498291015625000e+03
-2.000000029802322388e-01,-3.499999940395355225e-01,-9.414214491844177246e-01,-1.222969591617584229e-01,1.265664577484130859e+00,5.238943174481391907e-02,4.216000000000000000e+03,5.694539062500000000e+03
3.562291860580444336e-01,1.345701515674591064e-01,7.301535606384277344e-01,3.079219460487365723e-01,1.209931135177612305e+00,6.029745936393737793e-02,5.078000000000000000e+03,5.651738769531250000e+03
-3.000000119209289551e-01,0.000000000000000000e+00,-1.946659386157989502e-01,1.100340578705072403e-02,4.775298237800598145e-01,9.490679949522018433e-02,1.389000000000000000e+03,1.456520263671875000e+03
-1.631237119436264038e-01,2.872454822063446045e-01,-7.275007367134094238e-01,-1.004031449556350708e-01,1.245839118957519531e+00,5.213584750890731812e-02,4.699000000000000000e+03,6.035889160156250000e+03
2.473159283399581909e-01,3.221365213394165039e-01,4.908058941364288330e-01,6.184101700782775879e-01,1.253994703292846680e+00,4.979037493467330933e-02,4.889000000000000000e+03,5.335831542968750000e+03
5.173884034156799316e-01,1.764043420553207397e-01,6.505063176155090332e-01,2.367264330387115479e-01,6.929900050163269043e-01,5.712402611970901489e-02,2.743000000000000000e+03,2.863693359375000000e+03
2.872454822063446045e-01,-2.500000000000000000e-01,5.106758475303649902e-01,-2.268103808164596558e-01,1.086165189743041992e+00,6.748735159635543823e-02,3.597000000000000000e+03,3.749415283203125000e+03
3.884100615978240967e-01,3.221365213394165039e-01,4.561196863651275635e-01,2.095181047916412354e-01,1.074216246604919434e+00,5.872621014714241028e-02,3.357000000000000000e+03,3.407023193359375000e+03
-3.151089549064636230e-01,-2.641935050487518311e-01,-2.431809669360518456e-03,-4.017847478389739990e-01,1.079046964645385742e+00,5.794243887066841125e-02,4.486000000000000000e+03,4.925966796875000000e+03
-2.131237089633941650e-01,3.206315636634826660e-01,-3.914338350296020508e-01,6.164227724075317383e-01,1.242376923561096191e+00,5.724826455116271973e-02,5.168000000000000000e+03,5.560636230468750000e+03
-2.000000029802322388e-01,-1.118416264653205872e-01,-5.655699968338012695e-01,-6.070793792605400085e-02,1.081054091453552246e+00,7.447784394025802612e-02,4.321000000000000000e+03,4.811154785156250000e+03
4.862083792686462402e-01,-4.000000059604644775e-01,4.691150784492492676e-01,-4.455141425132751465e-01,4.468106329441070557e-01,8.490878343582153320e-02,1.403000000000000000e+03,1.419549682617187500e+03
6.961627006530761719e-01,-1.177461296319961548e-01,7.209431529045104980e-01,-8.461577445268630981e-02,4.793952405452728271e-01,1.802618503570556641e-01,1.796000000000000000e+03,1.809299804687500000e+03
-5.000000074505805969e-02,3.562291860580444336e-01,1.353654265403747559e-01,2.467983216047286987e-01,8.814355134963989258e-01,7.384707033634185791e-02,2.472000000000000000e+03,2.617146972656250000e+03
2.514390051364898682e-01,-5.000000074505805969e-02,2.039296030998229980e-01,-4.639424756169319153e-02,1.127121567726135254e+00,5.897374451160430908e-02,3.534000000000000000e+03,3.540253173828125000e+03
3.562291860580444336e-01,1.764043420553207397e-01,5.121582746505737305e-01,2.475181967020034790e-01,1.105422973632812500e+00,7.110894471406936646e-02,3.927000000000000000e+03,4.020942382812500000e+03
-1.000000014901161194e-01,-2.500000000000000000e-01,-4.716767370700836182e-01,1.451691836118698120e-01,1.165113449096679688e+00,4.667952284216880798e-02,4.767000000000000000e+03,5.753626953125000000e+03
2.145627290010452271e-01,-2.000000029802322388e-01,1.375840008258819580e-01,-2.566733360290527344e-01,6.630899906158447266e-01,7.882367819547653198e-02,2.196000000000000000e+03,2.241245605468750000e+03
-4.000000059604644775e-01,-4.210686385631561279e-01,-3.935937285423278809e-01,-7.361678481101989746e-01,1.114980697631835938e+00,5.979076027870178223e-02,3.754000000000000000e+03,4.048120361328125000e+03
-3.000000119209289551e-01,-6.184162572026252747e-02,-1.930282860994338989e-01,-5.829399824142456055e-02,1.229284763336181641e+00,5.715347826480865479e-02,3.936000000000000000e+03,3.965842041015625000e+03
-4.000000059604644775e-01,1.764043420553207397e-01,-2.463098168373107910e-01,4.441475868225097656e-01,8.329819440841674805e-01,7.603584975004196167e-02,2.979000000000000000e+03,3.375744384765625000e+03
-5.000000000000000000e-01,2.699986994266510010e-01,-1.444236189126968384e-02,4.524159431457519531e-01,1.073524951934814453e+00,7.477160543203353882e-02,3.986000000000000000e+03,4.871699707031250000e+03
-6.000000238418579102e-01,-2.500000000000000000e-01,-4.130665063858032227e-01,-5.386905670166015625e-01,9.314582347869873047e-01,9.860996156930923462e-02,3.398000000000000000e+03,3.847066406250000000e+03
2.145627290010452271e-01,3.409266844391822815e-02,4.283061623573303223e-02,-1.663729697465896606e-01,1.177655220031738281e+00,5.616572499275207520e-02,4.826000000000000000e+03,5.065455566406250000e+03
3.562291860580444336e-01,3.562291860580444336e-01,4.794604182243347168e-01,5.688524842262268066e-01,8.394024968147277832e-01,8.377353847026824951e-02,3.608000000000000000e+03,3.910963134765625000e+03
-3.659073412418365479e-01,-4.000000059604644775e-01,-6.943656504154205322e-02,-4.941246211528778076e-01,8.836238384246826172e-01,6.542495638132095337e-02,3.014000000000000000e+03,3.376774169921875000e+03
-1.314403116703033447e-01,4.545493423938751221e-01,-5.997790023684501648e-02,3.249230980873107910e-01,1.006248116493225098e+00,5.824430659413337708e-02,3.006000000000000000e+03,3.070700195312500000e+03
5.481259822845458984e-01,9.482004493474960327e-02,4.652997255325317383e-01,1.204821169376373291e-01,1.013349652290344238e+00,6.521173566579818726e-02,3.528000000000000000e+03,3.553817138671875000e+03
3.896152675151824951e-01,2.145627290010452271e-01,1.919822990894317627e-01,1.211269348859786987e-01,1.223854303359985352e+00,5.782611668109893799e-02,4.159000000000000000e+03,4.290444824218750000e+03
2.813830375671386719e-01,-2.641935050487518311e-01,4.213285744190216064e-01,-2.777177095413208008e-01,1.262893199920654297e+00,5.856228619813919067e-02,5.079000000000000000e+03,5.141791992187500000e+03
-2.500000000000000000e-01,2.872454822063446045e-01,-2.994010746479034424e-01,6.844178438186645508e-01,1.276294469833374023e+00,5.160273239016532898e-02,4.521000000000000000e+03,4.955352050781250000e+03
-2.131237089633941650e-01,2.514390051364898682e-01,-1.781708747148513794e-01,5.073947310447692871e-01,1.088918566703796387e+00,6.068249046802520752e-02,4.539000000000000000e+03,4.791664062500000000e+03
-4.499999880790710449e-01,0.000000000000000000e+00,-1.733287423849105835e-01,1.763082742691040039e-01,1.086419463157653809e+00,7.049696892499923706e-02,3.830000000000000000e+03,4.171328613281250000e+03
4.223684668540954590e-01,-3.178191184997558594e-01,1.724263131618499756e-01,1.251915842294692993e-01,1.131845712661743164e+00,6.432248651981353760e-02,4.086000000000000000e+03,4.876762695312500000e+03
-5.000000000000000000e-01,-2.000000029802322388e-01,-4.121806919574737549e-01,-2.260397374629974365e-01,8.325835466384887695e-01,5.742392316460609436e-02,2.708000000000000000e+03,2.740553222656250000e+03
-1.500000059604644775e-01,-5.000000000000000000e-01,8.181186765432357788e-02,-2.639896869659423828e-01,9.352281689643859863e-01,7.534370571374893188e-02,3.398000000000000000e+03,3.811836669921875000e+03
-7.500000000000000000e-01,-2.000000029802322388e-01,-8.193561434745788574e-01,-3.843405246734619141e-01,6.918004751205444336e-01,8.356986939907073975e-02,1.964000000000000000e+03,2.119905517578125000e+03
-1.659073382616043091e-01,3.562291860580444336e-01,6.823592633008956909e-02,-1.402989923954010010e-01,1.230853915214538574e+00,6.356977671384811401e-02,4.355000000000000000e+03,5.185340332031250000e+03
-3.710686266422271729e-01,4.482004791498184204e-02,-2.531272768974304199e-01,-8.324696123600006104e-02,6.048737764358520508e-01,9.230284392833709717e-02,1.940000000000000000e+03,2.097382080078125000e+03
-7.041443139314651489e-02,4.862083792686462402e-01,6.569769978523254395e-02,6.302829980850219727e-01,9.624515175819396973e-01,5.837370455265045166e-02,3.834000000000000000e+03,3.994701171875000000e+03
1.366542428731918335e-01,-3.000000119209289551e-01,2.765634357929229736e-01,1.464470773935317993e-01,1.063016295433044434e+00,6.028927117586135864e-02,4.254000000000000000e+03,5.044172363281250000e+03
-5.000000074505805969e-02,-4.499999880790710449e-01,-1.674033254384994507e-01,1.808514643926173449e-04,1.096363425254821777e+00,6.199280917644500732e-02,4.086000000000000000e+03,4.792936523437500000e+03
-5.000000000000000000e-01,5.000000074505805969e-02,-7.262801527976989746e-01,-5.689220502972602844e-02,7.551172375679016113e-01,6.258943676948547363e-02,3.125000000000000000e+03,3.460178955078125000e+03
-3.000000119209289551e-01,1.264043450355529785e-01,-2.551558911800384521e-01,2.144700437784194946e-01,9.005171060562133789e-01,3.581308424472808838e-01,1.423000000000000000e+03,1.440106079101562500e+03
3.221365213394165039e-01,9.482004493474960327e-02,1.940145045518875122e-01,4.470574483275413513e-02,1.119494199752807617e+00,6.413680315017700195e-02,4.082000000000000000e+03,4.143345703125000000e+03
-6.000000238418579102e-01,-1.151089668273925781e-01,-4.469403028488159180e-01,-2.135425955057144165e-01,8.700634241104125977e-01,6.456489115953445435e-02,3.377000000000000000e+03,3.523218750000000000e+03
-3.683409392833709717e-01,-3.172467947006225586e-01,-4.190833568572998047e-01,-6.516896188259124756e-02,1.209797024726867676e+00,5.848145484924316406e-02,3.971000000000000000e+03,4.148541992187500000e+03
-2.000000029802322388e-01,1.366542428731918335e-01,-2.989132106304168701e-01,5.504757165908813477e-01,1.096766829490661621e+00,6.717416644096374512e-02,3.705000000000000000e+03,4.243898925781250000e+03
1.366542428731918335e-01,4.223684668540954590e-01,3.365591764450073242e-01,3.618379533290863037e-01,1.248096108436584473e+00,5.235645547509193420e-02,4.404000000000000000e+03,4.526781250000000000e+03
-1.618416309356689453e-01,-5.500000119209289551e-01,-6.901571061462163925e-03,-4.832887351512908936e-01,9.254000782966613770e-01,6.310344487428665161e-02,3.693000000000000000e+03,3.814770019531250000e+03
0.000000000000000000e+00,-4.000000059604644775e-01,1.820349544286727905e-01,-1.007554680109024048e-01,1.107985615730285645e+00,5.857308954000473022e-02,4.885000000000000000e+03,5.362131347656250000e+03
3.896152675151824951e-01,-2.131237089633941650e-01,2.845468521118164062e-01,-2.756024301052093506e-01,1.172597527503967285e+00,6.016142666339874268e-02,4.218000000000000000e+03,4.263598632812500000e+03
-5.683409571647644043e-01,-2.806902118027210236e-02,-5.620138049125671387e-01,-5.857284367084503174e-02,8.667576313018798828e-01,7.902863621711730957e-02,2.772000000000000000e+03,2.775600585937500000e+03
-4.000000059604644775e-01,2.872454822063446045e-01,-3.458553552627563477e-01,2.988304495811462402e-01,5.497484207153320312e-01,6.304530799388885498e-02,1.459000000000000000e+03,1.473700195312500000e+03
-5.000000074505805969e-02,2.872454822063446045e-01,6.231924891471862793e-02,-1.540990471839904785e-01,1.198221802711486816e+00,5.953775346279144287e-02,4.795000000000000000e+03,5.466313964843750000e+03
-3.000000119209289551e-01,-3.000000119209289551e-01,-2.313664704561233521e-01,-5.079901814460754395e-01,9.894027113914489746e-01,7.334852963685989380e-02,3.346000000000000000e+03,3.507815429687500000e+03
4.223684668540954590e-01,-1.131237149238586426e-01,-6.385114789009094238e-02,4.132836759090423584e-01,1.264414668083190918e+00,5.836809054017066956e-02,4.725000000000000000e+03,6.150729492187500000e+03
-1.631237119436264038e-01,2.514390051364898682e-01,-1.694834828376770020e-01,3.185503184795379639e-01,1.165347576141357422e+00,5.961568653583526611e-02,4.603000000000000000e+03,4.618307128906250000e+03
-4.000000059604644775e-01,-4.183409512042999268e-01,-3.602604269981384277e-01,-2.577739059925079346e-01,8.504168391227722168e-01,5.665085464715957642e-02,3.243000000000000000e+03,3.364604003906250000e+03
-4.000000059604644775e-01,2.145627290010452271e-01,-6.259759664535522461e-01,2.111446261405944824e-01,9.619236588478088379e-01,6.635097414255142212e-02,3.745000000000000000e+03,3.949407958984375000e+03
-4.000000059604644775e-01,8.815837651491165161e-02,-9.518011212348937988e-01,4.852625355124473572e-02,1.258631467819213867e+00,5.550893396139144897e-02,4.183000000000000000e+03,4.959984375000000000e+03
1.735305190086364746e-01,-3.000000119209289551e-01,5.188016891479492188e-01,-5.235224962234497070e-01,1.257229208946228027e+00,5.548426136374473572e-02,4.880000000000000000e+03,5.388826171875000000e+03
9.482004493474960327e-02,-5.500000119209289551e-01,3.022263050079345703e-01,-5.760866403579711914e-01,1.049491763114929199e+00,6.719794869422912598e-02,4.186000000000000000e+03,4.350211914062500000e+03
3.409266844391822815e-02,4.545493423938751221e-01,-4.243521019816398621e-02,3.027797043323516846e-01,1.257604360580444336e+00,5.546572804450988770e-02,3.473000000000000000e+03,3.535919677734375000e+03
-2.500000000000000000e-01,6.379825472831726074e-01,-1.009325236082077026e-01,4.148526191711425781e-01,9.302444458007812500e-01,6.893165409564971924e-02,3.269000000000000000e+03,3.535347167968750000e+03
-3.369198441505432129e-01,6.961627006530761719e-01,-2.528672814369201660e-01,9.420776963233947754e-01,7.618741393089294434e-01,1.235053092241287231e-01,2.338000000000000000e+03,2.603212158203125000e+03
4.183419048786163330e-02,-6.510896980762481689e-02,-1.215489655733108521e-01,1.249119713902473450e-01,9.642866849899291992e-01,7.663900405168533325e-02,2.985000000000000000e+03,3.183081054687500000e+03
5.173884034156799316e-01,-1.024989411234855652e-02,5.382803678512573242e-01,4.308741912245750427e-02,9.635810852050781250e-01,5.623318254947662354e-02,3.344000000000000000e+03,3.355711914062500000e+03
2.514390051364898682e-01,-2.500000000000000000e-01,4.386276006698608398e-01,-1.573040336370468140e-01,1.246884346008300781e+00,5.572683736681938171e-02,4.478000000000000000e+03,4.602844238281250000e+03
2.514390051364898682e-01,-1.102498918771743774e-01,-9.109441936016082764e-02,-2.236108668148517609e-02,9.400677084922790527e-01,6.493198126554489136e-02,3.546000000000000000e+03,4.033023925781250000e+03
6.083970069885253906e-01,4.223684668540954590e-01,5.933446884155273438e-01,2.764113545417785645e-01,6.177602410316467285e-01,6.560384482145309448e-02,1.949000000000000000e+03,2.057491455078125000e+03
-3.499999940395355225e-01,-2.000000029802322388e-01,-1.174451336264610291e-01,-7.305095195770263672e-01,1.189339041709899902e+00,6.252253055572509766e-02,4.458000000000000000e+03,5.467314941406250000e+03
-4.000000059604644775e-01,2.514390051364898682e-01,-4.103212356567382812e-01,1.896536797285079956e-01,1.059008359909057617e+00,5.685252696275711060e-02,4.078000000000000000e+03,4.092282714843750000e+03
-6.000000238418579102e-01,0.000000000000000000e+00,-5.047090649604797363e-01,-5.175574682652950287e-03,6.057789921760559082e-01,6.123299896717071533e-02,2.057000000000000000e+03,2.107572998046875000e+03
4.862083792686462402e-01,4.862083792686462402e-01,2.477386593818664551e-01,6.091054081916809082e-01,8.344615697860717773e-01,6.695473939180374146e-02,2.798000000000000000e+03,3.080400634765625000e+03
1.366542428731918335e-01,2.145627290010452271e-01,7.718259841203689575e-02,7.029902338981628418e-01,1.109520196914672852e+00,5.841910839080810547e-02,4.016000000000000000e+03,4.773183105468750000e+03
-4.000000059604644775e-01,9.482004493474960327e-02,-6.140945553779602051e-01,3.804609775543212891e-01,1.199869275093078613e+00,7.270260155200958252e-02,4.831000000000000000e+03,5.250744140625000000e+03
0.000000000000000000e+00,3.896152675151824951e-01,7.265789061784744263e-02,3.386667370796203613e-01,4.119428396224975586e-01,6.957150250673294067e-02,1.354000000000000000e+03,1.416158081054687500e+03
-1.000000000000000000e+00,1.831806749105453491e-01,-9.449292421340942383e-01,1.468023359775543213e-01,4.657284617424011230e-01,1.203972250223159790e-01,1.287000000000000000e+03,1.312743408203125000e+03
3.221365213394165039e-01,2.145627290010452271e-01,8.145739436149597168e-01,6.650757044553756714e-02,9.749864339828491211e-01,7.225070893764495850e-02,3.441000000000000000e+03,4.347317871093750000e+03
5.784529447555541992e-01,-1.618416309356689453e-01,6.124114990234375000e-01,3.828051686286926270e-02,9.127141833305358887e-01,6.393934786319732666e-02,3.470000000000000000e+03,3.639548583984375000e+03
1.366542428731918335e-01,1.366542428731918335e-01,9.019127115607261658e-03,5.105627328157424927e-02,9.529941678047180176e-01,5.950076133012771606e-02,4.046000000000000000e+03,4.150273437500000000e+03
3.548897206783294678e-01,3.851605653762817383e-01,1.153552830219268799e-01,5.495057106018066406e-01,1.056509613990783691e+00,5.571117997169494629e-02,4.248000000000000000e+03,4.563667480468750000e+03
-4.166139364242553711e-01,-1.151089668273925781e-01,-1.925154179334640503e-01,-1.796341240406036377e-01,1.217364072799682617e+00,6.276388466358184814e-02,4.926000000000000000e+03,5.105497558593750000e+03
2.872454822063446045e-01,-2.000000029802322388e-01,2.749487757682800293e-01,-1.387450844049453735e-01,1.261713504791259766e+00,5.585380643606185913e-02,4.538000000000000000e+03,4.549166992187500000e+03
1.366542428731918335e-01,2.872454822063446045e-01,2.479983121156692505e-01,3.006085157394409180e-01,1.091508746147155762e+00,5.535625293850898743e-02,4.142000000000000000e+03,4.185458496093750000e+03
-5.000000000000000000e-01,1.306265294551849365e-01,-4.053192138671875000e-01,-3.326582536101341248e-02,1.014017462730407715e+00,7.893297821283340454e-02,3.842000000000000000e+03,3.974851318359375000e+03
-1.184162404388189316e-02,-4.000000059604644775e-01,5.119661688804626465e-01,-3.963082134723663330e-01,1.160046339035034180e+00,5.398546531796455383e-02,4.812000000000000000e+03,5.753743164062500000e+03
-1.000000014901161194e-01,4.223684668540954590e-01,-3.279896378517150879e-01,5.178747177124023438e-01,1.244442701339721680e+00,5.680569633841514587e-02,4.408000000000000000e+03,4.579955566406250000e+03
-3.000000119209289551e-01,3.687628731131553650e-02,-8.268885016441345215e-01,3.116356134414672852e-01,1.173437118530273438e+00,6.013296172022819519e-02,4.373000000000000000e+03,5.436449707031250000e+03
5.000000074505805969e-02,-3.499999940395355225e-01,8.089557290077209473e-02,-2.970429956912994385e-01,1.232122063636779785e+00,5.643337965011596680e-02,4.725000000000000000e+03,4.736627441406250000e+03
9.482004493474960327e-02,-4.672468006610870361e-01,9.122663736343383789e-02,-1.580458730459213257e-01,1.037627696990966797e+00,6.096914783120155334e-02,4.175000000000000000e+03,4.537747070312500000e+03
-4.178191125392913818e-01,-5.500000119209289551e-01,-6.184849739074707031e-01,-5.657317638397216797e-01,6.893418431282043457e-01,8.664347231388092041e-02,2.243000000000000000e+03,2.430538085937500000e+03
-6.661394238471984863e-02,3.896152675151824951e-01,-3.858810961246490479e-01,2.701882719993591309e-01,1.099198818206787109e+00,6.026045233011245728e-02,4.402000000000000000e+03,4.816244628906250000e+03
2.855316698551177979e-01,3.562291860580444336e-01,5.977730751037597656e-01,2.253028452396392822e-01,1.198215365409851074e+00,5.410556122660636902e-02,4.666000000000000000e+03,5.031574218750000000e+03
4.223684668540954590e-01,-1.661394163966178894e-02,8.451376110315322876e-03,-3.706037625670433044e-02,1.232996582984924316e+00,5.470776930451393127e-02,5.175000000000000000e+03,5.745868164062500000e+03
-4.000000059604644775e-01,2.514390051364898682e-01,-1.807779222726821899e-01,3.224643766880035400e-01,7.539569735527038574e-01,5.884722992777824402e-02,2.551000000000000000e+03,2.784149414062500000e+03
-2.000000029802322388e-01,-2.000000029802322388e-01,-4.536678791046142578e-01,-7.250428795814514160e-01,1.063350439071655273e+00,6.379947811365127563e-02,3.779000000000000000e+03,4.849972167968750000e+03
-1.672467887401580811e-01,-5.000000000000000000e-01,-1.854957193136215210e-01,-3.104022145271301270e-01,1.007144689559936523e+00,5.624238401651382446e-02,3.988000000000000000e+03,4.129168457031250000e+03
4.862083792686462402e-01,2.872454822063446045e-01,3.594515621662139893e-01,2.156662940979003906e-02,1.069613218307495117e+00,6.478365510702133179e-02,3.918000000000000000e+03,4.209145507812500000e+03
1.735305190086364746e-01,4.862083792686462402e-01,-1.057711988687515259e-01,3.050890862941741943e-01,7.101629972457885742e-01,1.001716479659080505e-01,2.380000000000000000e+03,2.879999511718750000e+03
4.545493423938751221e-01,-3.000000119209289551e-01,4.416810274124145508e-01,-5.671207904815673828e-01,1.111064076423645020e+00,5.460325255990028381e-02,5.077000000000000000e+03,5.366587402343750000e+03
2.160050719976425171e-01,4.545493423938751221e-01,1.062345132231712341e-01,7.251470088958740234e-01,7.647081613540649414e-01,7.754977792501449585e-02,2.579000000000000000e+03,2.942841064453125000e+03
-3.499999940395355225e-01,5.000000074505805969e-02,-6.709585785865783691e-01,-5.701461434364318848e-02,1.249206185340881348e+00,5.452503636479377747e-02,4.503000000000000000e+03,4.827312500000000000e+03
-4.000000059604644775e-01,-3.499999940395355225e-01,-7.283867597579956055e-01,-5.981282591819763184e-01,1.063654303550720215e+00,5.862570181488990784e-02,3.936000000000000000e+03,4.506321777343750000e+03
-3.000000119209289551e-01,1.366542428731918335e-01,-6.172461509704589844e-01,6.617540121078491211e-02,1.101242899894714355e+00,5.261743441224098206e-02,4.416000000000000000e+03,4.793209472656250000e+03
2.145627290010452271e-01,3.221365213394165039e-01,4.808174073696136475e-02,5.197568535804748535e-01,1.196111440658569336e+00,5.778519809246063232e-02,4.426000000000000000e+03,4.630254882812500000e+03
-2.000000029802322388e-01,-2.000000029802322388e-01,-3.550928533077239990e-01,-2.502534985542297363e-01,8.048901557922363281e-01,6.431332230567932129e-02,3.249000000000000000e+03,3.380773925781250000e+03
5.173884034156799316e-01,-1.500000059604644775e-01,4.804066121578216553e-01,-2.323551625013351440e-01,9.481371641159057617e-01,5.719206854701042175e-02,3.875000000000000000e+03,3.910156005859375000e+03
-2.131237089633941650e-01,-1.500000059604644775e-01,-1.547386050224304199e-01,-1.074207499623298645e-01,3.866295218467712402e-01,9.469664096832275391e-02,1.164000000000000000e+03,1.204249511718750000e+03
0.000000000000000000e+00,-4.499999880790710449e-01,2.495986819267272949e-01,-4.009927213191986084e-01,9.441754817962646484e-01,8.104483038187026978e-02,3.204000000000000000e+03,3.432690917968750000e+03
2.820610627532005310e-02,-4.499999880790710449e-01,-1.430544704198837280e-01,-1.204010322690010071e-01,1.252901792526245117e+00,5.041589960455894470e-02,3.573000000000000000e+03,3.880813720703125000e+03
4.862083792686462402e-01,-6.881999224424362183e-02,7.512366175651550293e-01,-3.228187263011932373e-01,1.073817014694213867e+00,6.321647763252258301e-02,4.088000000000000000e+03,4.553571289062500000e+03
-5.000000000000000000e-01,-3.499999940395355225e-01,-6.736700534820556641e-01,-2.887189388275146484e-01,7.780099511146545410e-01,1.928958743810653687e-01,8.600000000000000000e+02,9.076379394531250000e+02
-4.000000059604644775e-01,5.000000074505805969e-02,-3.986393511295318604e-01,-3.326959908008575439e-01,1.239752292633056641e+00,5.914886295795440674e-02,5.192000000000000000e+03,5.676538085937500000e+03
-7.774895429611206055e-02,3.221365213394165039e-01,-3.199932277202606201e-01,5.445997118949890137e-01,1.076519370079040527e+00,5.648751929402351379e-02,4.065000000000000000e+03,4.436521972656250000e+03
-3.499999940395355225e-01,-1.500000059604644775e-01,-2.883505821228027344e-01,-5.848966836929321289e-01,8.904597759246826172e-01,6.764117628335952759e-02,3.443000000000000000e+03,4.240269531250000000e+03
-3.000000119209289551e-01,-1.631237119436264038e-01,-4.154193997383117676e-01,-1.563854217529296875e-01,9.491037726402282715e-01,5.762998759746551514e-02,3.789000000000000000e+03,3.844980468750000000e+03
2.514390051364898682e-01,-1.500000059604644775e-01,6.719332188367843628e-02,2.484041899442672729e-01,1.205891847610473633e+00,5.464723333716392517e-02,5.362000000000000000e+03,6.051673339843750000e+03
3.221365213394165039e-01,2.503692209720611572e-01,2.493877410888671875e-01,1.471657156944274902e-01,1.274279475212097168e+00,5.610559880733489990e-02,4.567000000000000000e+03,4.611614257812500000e+03
2.872454822063446045e-01,3.221365213394165039e-01,1.874520182609558105e-01,3.352423310279846191e-01,1.247731685638427734e+00,5.847458913922309875e-02,4.867000000000000000e+03,4.898502441406250000e+03
-3.666139543056488037e-01,-6.926239281892776489e-02,-3.109416663646697998e-01,2.802200615406036377e-01,1.019579648971557617e+00,6.343369930982589722e-02,3.799000000000000000e+03,4.243822753906250000e+03
-6.312371790409088135e-02,-3.000000119209289551e-01,-2.691111266613006592e-01,-2.454290091991424561e-01,8.825605511665344238e-01,6.194353103637695312e-02,2.715000000000000000e+03,2.871369628906250000e+03
2.514390051364898682e-01,5.000000074505805969e-02,-9.561082348227500916e-03,5.821407437324523926e-01,1.076359629631042480e+00,6.612067669630050659e-02,3.812000000000000000e+03,4.900763183593750000e+03
-4.688200056552886963e-01,5.173884034156799316e-01,-6.777316927909851074e-01,5.421600937843322754e-01,8.054397106170654297e-01,6.490201503038406372e-02,2.588000000000000000e+03,2.762123046875000000e+03
7.971107959747314453e-02,4.223684668540954590e-01,-2.040545791387557983e-01,6.883748769760131836e-01,1.138723134994506836e+00,5.950864031910896301e-02,4.794000000000000000e+03,5.337809570312500000e+03
-1.500000059604644775e-01,4.545493423938751221e-01,-4.221982657909393311e-01,5.591167807579040527e-01,1.205743908882141113e+00,5.486192926764488220e-02,4.511000000000000000e+03,4.770809570312500000e+03
-4.166139364242553711e-01,-1.419351249933242798e-02,-5.244821906089782715e-01,2.020297199487686157e-01,1.199856281280517578e+00,5.707275867462158203e-02,4.729000000000000000e+03,4.918690429687500000e+03
3.528741300106048584e-01,1.748126149177551270e-01,9.429469108581542969e-01,1.038921028375625610e-01,1.194302082061767578e+00,6.513884663581848145e-02,4.350000000000000000e+03,5.376418457031250000e+03
1.366542428731918335e-01,3.562291860580444336e-01,2.398323267698287964e-01,-5.648991838097572327e-02,1.096418857574462891e+00,6.273762881755828857e-02,3.763000000000000000e+03,4.310334960937500000e+03
3.562291860580444336e-01,-3.499999940395355225e-01,1.026377230882644653e-01,-4.176645874977111816e-01,1.125961661338806152e+00,7.459140568971633911e-02,3.944000000000000000e+03,4.155049316406250000e+03
5.173884034156799316e-01,1.735305190086364746e-01,4.628277122974395752e-01,2.651165723800659180e-01,1.104219555854797363e+00,6.882610172033309937e-02,3.802000000000000000e+03,3.837239501953125000e+03
3.189045488834381104e-01,4.545493423938751221e-01,4.300706982612609863e-01,5.357859730720520020e-01,1.089529752731323242e+00,5.932992324233055115e-02,4.466000000000000000e+03,4.537166503906250000e+03
-5.000000074505805969e-02,-2.000000029802322388e-01,-3.242832422256469727e-01,-4.207400977611541748e-01,1.152909278869628906e+00,7.229378819465637207e-02,3.380000000000000000e+03,3.688916259765625000e+03
4.862083792686462402e-01,-5.000000074505805969e-02,4.707858562469482422e-01,-1.914975941181182861e-01,9.531173110008239746e-01,5.373167246580123901e-02,4.346000000000000000e+03,4.442261718750000000e+03
0.000000000000000000e+00,4.223684668540954590e-01,4.935951437801122665e-03,2.628386020660400391e-01,1.270391345024108887e+00,6.221146881580352783e-02,4.378000000000000000e+03,4.446617187500000000e+03
2.514390051364898682e-01,9.482004493474960327e-02,3.605933487415313721e-01,2.433454543352127075e-01,8.226844072341918945e-01,6.670156866312026978e-02,2.915000000000000000e+03,3.059635986328125000e+03
-5.000000074505805969e-02,-3.499999940395355225e-01,2.722966670989990234e-01,6.962521374225616455e-02,1.268714070320129395e+00,5.905598774552345276e-02,4.961000000000000000e+03,5.790849121093750000e+03
-5.000000000000000000e-01,8.975010365247726440e-02,-6.717157363891601562e-01,2.840987443923950195e-01,7.403206825256347656e-01,5.666234716773033142e-02,2.810000000000000000e+03,3.145571044921875000e+03
5.000000074505805969e-02,3.562291860580444336e-01,1.004759967327117920e-01,2.807119786739349365e-01,7.305389642715454102e-01,9.284910559654235840e-02,1.550000000000000000e+03,1.573890869140625000e+03
-3.672468066215515137e-01,-3.499999940395355225e-01,-5.126864910125732422e-01,-3.077719509601593018e-01,1.097092628479003906e+00,6.673727184534072876e-02,4.265000000000000000e+03,4.345926269531250000e+03
3.884100615978240967e-01,-2.500000000000000000e-01,4.748562872409820557e-01,-6.948206424713134766e-01,1.057648181915283203e+00,5.485578998923301697e-02,4.287000000000000000e+03,5.042722167968750000e+03
-1.000000014901161194e-01,-5.816580727696418762e-02,9.120824933052062988e-02,-1.164633128792047501e-02,1.071842789649963379e+00,3.848669230937957764e-01,1.227900000000000000e+04,1.268875488281250000e+04
-5.000000074505805969e-02,-1.000000014901161194e-01,-6.335402280092239380e-02,-4.497514665126800537e-02,7.871595025062561035e-01,7.877766340970993042e-02,2.376000000000000000e+03,2.388256591796875000e+03
8.298599720001220703e-01,-8.860055208206176758e-01,7.576751708984375000e-01,-8.852021694183349609e-01,2.828360199928283691e-01,1.177791357040405273e-01,1.554000000000000000e+03,1.653829345703125000e+03
-4.166139364242553711e-01,9.482004493474960327e-02,-4.643647670745849609e-01,-4.550409317016601562e-02,4.873851537704467773e-01,1.022384315729141235e-01,1.589000000000000000e+03,1.733014526367187500e+03
3.221365213394165039e-01,-1.500000059604644775e-01,-2.338696271181106567e-02,-3.218585252761840820e-01,1.062131404876708984e+00,6.482661515474319458e-02,3.591000000000000000e+03,4.051093750000000000e+03
3.562291860580444336e-01,2.872454822063446045e-01,4.687525928020477295e-01,3.122768700122833252e-01,1.161925196647644043e+00,5.798035860061645508e-02,4.705000000000000000e+03,4.750962402343750000e+03
1.366542428731918335e-01,3.221365213394165039e-01,-6.590466946363449097e-02,1.658452600240707397e-01,1.206688642501831055e+00,6.358008086681365967e-02,4.903000000000000000e+03,5.121048828125000000e+03
3.555225729942321777e-01,5.000000074505805969e-02,-8.304410614073276520e-03,9.003871679306030273e-02,9.787371158599853516e-01,5.955934524536132812e-02,3.857000000000000000e+03,4.380666015625000000e+03
-3.151089549064636230e-01,2.145627290010452271e-01,-3.379606306552886963e-01,9.417393244802951813e-03,9.905951619148254395e-01,6.558415293693542480e-02,3.334000000000000000e+03,3.477581542968750000e+03
3.221365213394165039e-01,3.409266844391822815e-02,5.201249122619628906e-01,-1.402974128723144531e-01,5.940390825271606445e-01,9.204792231321334839e-02,1.778000000000000000e+03,2.114479980468750000e+03
-2.500000000000000000e-01,2.872454822063446045e-01,-5.141309499740600586e-01,4.014106094837188721e-01,1.209726095199584961e+00,5.748457834124565125e-02,5.219000000000000000e+03,5.510941894531250000e+03
9.482004493474960327e-02,-3.499999940395355225e-01,1.650811284780502319e-01,-3.513784110546112061e-01,1.035422205924987793e+00,7.008922845125198364e-02,3.675000000000000000e+03,3.691878906250000000e+03
-4.499999880790710449e-01,8.489102870225906372e-02,-7.170392274856567383e-01,2.860948145389556885e-01,1.089565753936767578e+00,6.317152082920074463e-02,4.445000000000000000e+03,4.854665527343750000e+03
3.562291860580444336e-01,-1.803705096244812012e-01,2.149871885776519775e-01,3.893555104732513428e-01,1.251420974731445312e+00,6.408423930406570435e-02,4.388000000000000000e+03,5.309848144531250000e+03
-3.499999940395355225e-01,5.000000074505805969e-02,-3.009141981601715088e-01,-2.836198508739471436e-01,1.196348309516906738e+00,6.145795062184333801e-02,4.571000000000000000e+03,4.927566406250000000e+03
4.862083792686462402e-01,1.764043420553207397e-01,6.562868952751159668e-01,4.134668409824371338e-01,1.096417188644409180e+00,6.266263127326965332e-02,4.183000000000000000e+03,4.474897949218750000e+03
2.872454822063446045e-01,2.145627290010452271e-01,1.199011877179145813e-01,2.101147919893264771e-02,1.161844491958618164e+00,6.139411777257919312e-02,5.100000000000000000e+03,5.344105468750000000e+03
-1.500000059604644775e-01,-5.000000000000000000e-01,-1.453668326139450073e-01,-4.699267148971557617e-01,1.076048970222473145e+00,5.971915274858474731e-02,4.215000000000000000e+03,4.218428710937500000e+03
0.000000000000000000e+00,-5.000000000000000000e-01,7.284199446439743042e-02,-2.599782869219779968e-02,1.022295713424682617e+00,5.507878959178924561e-02,3.395000000000000000e+03,4.108234863281250000e+03
1.366542428731918335e-01,-3.000000119209289551e-01,3.736774921417236328e-01,-2.364516407251358032e-01,1.156502246856689453e+00,5.934611335396766663e-02,4.362000000000000000e+03,4.555989257812500000e+03
-1.000000014901161194e-01,-3.151089549064636230e-01,7.038136571645736694e-02,-5.858069062232971191e-01,1.190291881561279297e+00,6.309513002634048462e-02,5.025000000000000000e+03,5.382055175781250000e+03
-2.159073352813720703e-01,-5.000000000000000000e-01,-3.524609804153442383e-01,-7.892442941665649414e-01,6.983381509780883789e-01,8.561871945858001709e-02,2.398000000000000000e+03,2.879719726562500000e+03
-3.151089549064636230e-01,0.000000000000000000e+00,-5.183520317077636719e-01,-7.061091065406799316e-02,9.491297006607055664e-01,6.626709550619125366e-02,3.529000000000000000e+03,3.707701416015625000e+03
-3.000000119209289551e-01,5.000000074505805969e-02,-5.721952319145202637e-01,5.589032173156738281e-02,1.234115481376647949e+00,5.056406930088996887e-02,4.440000000000000000e+03,4.653617187500000000e+03
2.514390051364898682e-01,3.562291860580444336e-01,2.816156744956970215e-01,5.398566722869873047e-01,1.146616697311401367e+00,5.892941728234291077e-02,4.158000000000000000e+03,4.266593261718750000e+03
-2.000000029802322388e-01,9.482004493474960327e-02,-5.057148337364196777e-01,-4.493305925279855728e-03,1.003915905952453613e+00,7.246527075767517090e-02,3.795000000000000000e+03,4.174908691406250000e+03
0.000000000000000000e+00,-2.651089727878570557e-01,-1.831368543207645416e-02,-1.777060031890869141e-01,1.076191902160644531e+00,7.853017747402191162e-02,3.389000000000000000e+03,3.412345214843750000e+03
5.000000074505805969e-02,0.000000000000000000e+00,5.528416484594345093e-02,6.940468400716781616e-02,9.252384901046752930e-01,7.731593400239944458e-02,3.251000000000000000e+03,3.269469238281250000e+03
1.764043420553207397e-01,-1.500000059604644775e-01,-8.872713893651962280e-02,6.440693046897649765e-03,1.111909031867980957e+00,7.639832794666290283e-02,4.699000000000000000e+03,5.052860351562500000e+03
1.764043420553207397e-01,-3.678191304206848145e-01,-2.780449092388153076e-01,-4.106961190700531006e-01,1.250025510787963867e+00,5.910549312829971313e-02,4.707000000000000000e+03,5.317140136718750000e+03
1.366542428731918335e-01,3.562291860580444336e-01,4.489843547344207764e-02,7.546804547309875488e-01,1.265895962715148926e+00,5.418509244918823242e-02,4.805000000000000000e+03,5.293938964843750000e+03
2.122108340263366699e-01,4.862083792686462402e-01,2.790719866752624512e-01,1.201044246554374695e-01,1.192308306694030762e+00,1.935255527496337891e-01,8.806000000000000000e+03,9.645057617187500000e+03
3.896152675151824951e-01,-4.499999880790710449e-01,4.277401864528656006e-01,-2.704709470272064209e-01,1.052268385887145996e+00,7.407463341951370239e-02,2.997000000000000000e+03,3.087720214843750000e+03
1.764043420553207397e-01,-5.000000074505805969e-02,-3.380649164319038391e-02,-1.563688963651657104e-01,6.927220821380615234e-01,6.228937581181526184e-02,2.874000000000000000e+03,3.197429199218750000e+03
-2.000000029802322388e-01,-1.500000059604644775e-01,4.095374606549739838e-03,-8.496992290019989014e-02,1.230156183242797852e+00,6.336967647075653076e-02,4.845000000000000000e+03,4.990749511718750000e+03
1.764043420553207397e-01,-4.499999880790710449e-01,6.418475508689880371e-01,-2.767356336116790771e-01,1.244997978210449219e+00,5.752928555011749268e-02,4.017000000000000000e+03,4.635503906250000000e+03
-3.659073412418365479e-01,1.366542428731918335e-01,-6.661869883537292480e-01,1.628989428281784058e-01,1.207562327384948730e+00,5.353186279535293579e-02,4.959000000000000000e+03,5.262948242187500000e+03
2.514390051364898682e-01,-3.000000119209289551e-01,1.789723038673400879e-01,-1.735650599002838135e-01,1.233483195304870605e+00,5.383643880486488342e-02,5.004000000000000000e+03,5.073577148437500000e+03
-3.499999940395355225e-01,2.122108340263366699e-01,-5.065088719129562378e-02,7.317213714122772217e-02,1.207268834114074707e+00,6.605969369411468506e-02,3.745000000000000000e+03,4.019594726562500000e+03
5.784529447555541992e-01,-2.314403057098388672e-01,7.501664161682128906e-01,-6.915898323059082031e-01,9.130192995071411133e-01,1.126565411686897278e-01,2.679000000000000000e+03,3.412238769531250000e+03
3.221365213394165039e-01,-2.000000029802322388e-01,3.865058422088623047e-01,-3.480701744556427002e-01,8.737342953681945801e-01,6.618785858154296875e-02,3.081000000000000000e+03,3.185046386718750000e+03
-3.499999940395355225e-01,-1.000000014901161194e-01,-1.475778520107269287e-01,-1.066046655178070068e-01,7.060359120368957520e-01,7.652952522039413452e-02,2.428000000000000000e+03,2.624119384765625000e+03
-5.816580727696418762e-02,5.000000074505805969e-02,-3.003693930804729462e-02,2.455201745033264160e-02,1.099850296974182129e+00,5.998212471604347229e-02,3.474000000000000000e+03,3.478143554687500000e+03
3.275320306420326233e-02,-5.500000119209289551e-01,1.319112330675125122e-01,-4.062408804893493652e-01,8.404291868209838867e-01,7.998582720756530762e-02,2.376000000000000000e+03,2.477773925781250000e+03
1.764043420553207397e-01,4.223684668540954590e-01,1.819520592689514160e-01,5.018076896667480469e-01,9.417682290077209473e-01,5.671155080199241638e-02,4.197000000000000000e+03,4.226985351562500000e+03
-4.707512259483337402e-01,5.961627364158630371e-01,-5.587887167930603027e-01,5.327992439270019531e-01,3.974865972995758057e-01,1.531888395547866821e-01,1.350000000000000000e+03,1.448986083984375000e+03
9.482004493474960327e-02,3.221365213394165039e-01,-8.696195483207702637e-02,4.129249751567840576e-01,1.187103033065795898e+00,5.174910277128219604e-02,4.758000000000000000e+03,4.896708984375000000e+03
5.000000074505805969e-02,-4.000000059604644775e-01,1.222814023494720459e-01,-4.627022743225097656e-01,1.203390955924987793e+00,5.089120566844940186e-02,4.365000000000000000e+03,4.392543457031250000e+03
-5.816580727696418762e-02,-4.672468006610870361e-01,-6.015063822269439697e-02,-4.890394508838653564e-01,5.221195816993713379e-01,6.618822365999221802e-02,1.698000000000000000e+03,1.701004516601562500e+03
-8.000000119209289551e-01,-1.769505888223648071e-01,-8.554239869117736816e-01,-4.549973458051681519e-02,4.919745624065399170e-01,9.571572393178939819e-02,1.685000000000000000e+03,1.824077514648437500e+03
9.482004493474960327e-02,-5.000000074505805969e-02,2.261464893817901611e-01,4.862721264362335205e-02,6.648437976837158203e-01,9.520666301250457764e-02,2.373000000000000000e+03,2.515708740234375000e+03
-8.558037877082824707e-02,5.481259822845458984e-01,-5.850082263350486755e-02,4.337962865829467773e-01,1.062414288520812988e+00,6.335689127445220947e-02,4.155000000000000000e+03,4.205892578125000000e+03
6.083970069885253906e-01,1.207469105720520020e-01,5.752049088478088379e-01,1.676863580942153931e-01,9.660221338272094727e-01,6.578198820352554321e-02,3.137000000000000000e+03,3.148175048828125000e+03
3.221365213394165039e-01,-4.000000059604644775e-01,2.303073555231094360e-01,7.312283664941787720e-02,1.091132283210754395e+00,6.168586388230323792e-02,4.043000000000000000e+03,4.799605957031250000e+03
8.062653243541717529e-02,-3.000000119209289551e-01,-1.004063114523887634e-01,-7.757413983345031738e-01,1.266600370407104492e+00,5.868040397763252258e-02,5.071000000000000000e+03,5.860693847656250000e+03
1.764043420553207397e-01,-3.207512199878692627e-01,7.989053428173065186e-02,-6.033703088760375977e-01,1.242974519729614258e+00,5.376663804054260254e-02,5.704000000000000000e+03,6.029351074218750000e+03
5.000000074505805969e-02,4.223684668540954590e-01,2.797498106956481934e-01,4.153526127338409424e-01,1.187055230140686035e+00,6.890302151441574097e-02,3.984000000000000000e+03,4.131693847656250000e+03
-1.178191304206848145e-01,-1.618416309356689453e-01,-3.115622140467166901e-02,-2.726610302925109863e-01,8.919315338134765625e-01,6.443560123443603516e-02,3.412000000000000000e+03,3.496458496093750000e+03
3.221365213394165039e-01,2.872454822063446045e-01,1.428089290857315063e-01,4.391121864318847656e-01,9.557982087135314941e-01,5.746997147798538208e-02,3.187000000000000000e+03,3.376840087890625000e+03
2.872454822063446045e-01,-5.000000074505805969e-02,5.560807585716247559e-01,-8.770648390054702759e-03,1.182999610900878906e+00,5.487681552767753601e-02,4.939000000000000000e+03,5.196780761718750000e+03
2.145627290010452271e-01,-4.000000059604644775e-01,2.541352212429046631e-01,-6.849126815795898438e-01,1.055226802825927734e+00,6.918648630380630493e-02,3.616000000000000000e+03,3.879953857421875000e+03
-3.499999940395355225e-01,-2.500000000000000000e-01,-3.906911015510559082e-01,-2.034634649753570557e-01,1.232735395431518555e+00,5.484235286712646484e-02,4.374000000000000000e+03,4.384982910156250000e+03
-3.499999940395355225e-01,5.173884034156799316e-01,-3.796257674694061279e-01,5.654827356338500977e-01,6.634706854820251465e-01,7.878640294075012207e-02,2.328000000000000000e+03,2.344833496093750000e+03
1.264791041612625122e-01,5.173884034156799316e-01,3.105076253414154053e-01,5.799140334129333496e-01,1.106935143470764160e+00,5.591518059372901917e-02,4.702000000000000000e+03,4.846107910156250000e+03
-1.500000059604644775e-01,-1.000000014901161194e-01,4.728036746382713318e-02,-2.110926210880279541e-01,1.180892109870910645e+00,8.213672786951065063e-02,3.705000000000000000e+03,3.840005859375000000e+03
1.580633968114852905e-01,-5.500000119209289551e-01,3.661333620548248291e-01,-5.907902121543884277e-01,1.064129829406738281e+00,5.758928507566452026e-02,4.062000000000000000e+03,4.221347167968750000e+03
-4.499999880790710449e-01,0.000000000000000000e+00,-7.394759654998779297e-01,2.132080346345901489e-01,1.107938647270202637e+00,6.888053566217422485e-02,4.122000000000000000e+03,4.544868652343750000e+03
0.000000000000000000e+00,-4.672468006610870361e-01,9.788929484784603119e-03,-4.817522466182708740e-01,5.106378197669982910e-01,7.928477227687835693e-02,1.648000000000000000e+03,1.649908935546875000e+03
2.514390051364898682e-01,-5.000000074505805969e-02,4.204525351524353027e-01,7.481868565082550049e-02,1.257837772369384766e+00,5.458156764507293701e-02,4.803000000000000000e+03,4.936044433593750000e+03
3.896152675151824951e-01,-2.151089608669281006e-01,4.167263507843017578e-01,-7.406952977180480957e-02,8.860864639282226562e-01,5.732045322656631470e-02,3.122000000000000000e+03,3.203536376953125000e+03
-2.000000029802322388e-01,-4.000000059604644775e-01,-7.187985777854919434e-01,-3.437081277370452881e-01,1.237133622169494629e+00,5.198903381824493408e-02,4.199000000000000000e+03,4.917369140625000000e+03
5.784529447555541992e-01,4.784529507160186768e-01,4.475518465042114258e-01,6.140851378440856934e-01,5.562113523483276367e-01,8.464324474334716797e-02,1.574000000000000000e+03,1.750427734375000000e+03
-3.499999940395355225e-01,1.764043420553207397e-01,-3.923372030258178711e-01,2.342637777328491211e-01,1.000003814697265625e+00,6.356828659772872925e-02,3.337000000000000000e+03,3.354213867187500000e+03
2.872454822063446045e-01,1.764043420553207397e-01,1.529486626386642456e-01,1.603372842073440552e-01,1.179479002952575684e+00,5.647739395499229431e-02,4.489000000000000000e+03,4.547637207031250000e+03
5.173884034156799316e-01,-5.000000074505805969e-02,6.656860113143920898e-01,-3.309417665004730225e-01,1.034317255020141602e+00,6.377492100000381470e-02,3.800000000000000000e+03,4.150220214843750000e+03
3.896152675151824951e-01,-6.419350951910018921e-02,5.422036051750183105e-01,-2.473171055316925049e-01,1.205072045326232910e+00,5.543739348649978638e-02,4.843000000000000000e+03,5.030867675781250000e+03
2.145627290010452271e-01,-3.178191184997558594e-01,4.142503142356872559e-01,-1.873962134122848511e-01,1.225643992424011230e+00,5.717625468969345093e-02,4.767000000000000000e+03,4.945750000000000000e+03
5.173884034156799316e-01,1.764043420553207397e-01,7.468883395195007324e-01,2.540010809898376465e-01,8.909662961959838867e-01,6.222732365131378174e-02,4.074000000000000000e+03,4.370058593750000000e+03
2.872454822063446045e-01,-1.204144284129142761e-01,4.469561576843261719e-01,2.664089901372790337e-03,1.057384848594665527e+00,6.338304281234741211e-02,4.391000000000000000e+03,4.549166015625000000e+03
-1.159073337912559509e-01,5.481259822845458984e-01,7.425194606184959412e-03,8.563224673271179199e-01,9.620378613471984863e-01,9.849398583173751831e-02,3.696000000000000000e+03,4.123658691406250000e+03
2.514390051364898682e-01,9.482004493474960327e-02,3.204769194126129150e-01,-1.360362619161605835e-01,8.224574923515319824e-01,7.300843298435211182e-02,2.577000000000000000e+03,2.793390380859375000e+03
-4.672468006610870361e-01,1.366542428731918335e-01,-2.132493257522583008e-01,7.986441254615783691e-02,1.181924819946289062e+00,5.525888130068778992e-02,3.767000000000000000e+03,3.947302978515625000e+03
-5.000000000000000000e-01,2.872454822063446045e-01,-1.045428290963172913e-01,4.407912790775299072e-01,1.112408399581909180e+00,6.564848870038986206e-02,4.243000000000000000e+03,4.841595703125000000e+03
2.514390051364898682e-01,-3.499999940395355225e-01,1.359459012746810913e-01,-4.405310451984405518e-01,7.366859912872314453e-01,8.114729076623916626e-02,2.665000000000000000e+03,2.769544677734375000e+03
-4.499999880790710449e-01,-1.131237149238586426e-01,-4.422118663787841797e-01,8.053942024707794189e-02,6.686441898345947266e-01,7.415279000997543335e-02,2.850000000000000000e+03,3.085235107421875000e+03
-1.000000014901161194e-01,-5.000000000000000000e-01,1.278623342514038086e-01,-4.614967703819274902e-01,1.164057016372680664e+00,5.193682014942169189e-02,4.157000000000000000e+03,4.319164062500000000e+03
4.223684668540954590e-01,1.764043420553207397e-01,5.661684870719909668e-01,9.659615159034729004e-02,1.183840394020080566e+00,5.773080512881278992e-02,4.140000000000000000e+03,4.219757812500000000e+03
-1.500000059604644775e-01,-2.500000000000000000e-01,2.001717239618301392e-01,-3.272650539875030518e-01,1.132013916969299316e+00,5.751847103238105774e-02,4.266000000000000000e+03,4.684390136718750000e+03
-4.000000059604644775e-01,-1.651089638471603394e-01,-3.400931358337402344e-01,2.091696113348007202e-02,1.241300225257873535e+00,5.495210364460945129e-02,4.142000000000000000e+03,4.243834472656250000e+03
3.543173968791961670e-01,-2.183409482240676880e-01,1.087303087115287781e-01,-9.072608500719070435e-02,1.258883595466613770e+00,5.520506948232650757e-02,4.242000000000000000e+03,4.445038085937500000e+03
1.366542428731918335e-01,-6.000000238418579102e-01,-1.122281029820442200e-01,-4.946590662002563477e-01,9.751247763633728027e-01,5.333464965224266052e-02,3.402000000000000000e+03,3.658189208984375000e+03
-4.672468006610870361e-01,-4.000000059604644775e-01,-5.064357519149780273e-01,-4.520234763622283936e-01,7.535421252250671387e-01,6.988693028688430786e-02,2.427000000000000000e+03,2.445186035156250000e+03
-3.499999940395355225e-01,-2.000000029802322388e-01,-1.713065356016159058e-01,-5.270108580589294434e-03,1.237582206726074219e+00,5.422119796276092529e-02,4.781000000000000000e+03,4.997035644531250000e+03
5.000000074505805969e-02,-1.618416309356689453e-01,-1.335185319185256958e-01,-3.372563719749450684e-01,7.461960911750793457e-01,6.913908571004867554e-02,2.860000000000000000e+03,3.181853759765625000e+03
-6.999999880790710449e-01,-2.334499061107635498e-01,-7.185595631599426270e-01,-3.098766505718231201e-01,6.678850054740905762e-01,7.483545690774917603e-02,2.799000000000000000e+03,2.837576660156250000e+03
9.482004493474960327e-02,-2.500000000000000000e-01,4.206450656056404114e-03,-2.294851988554000854e-01,1.192318916320800781e+00,5.619062110781669617e-02,4.359000000000000000e+03,4.385459960937500000e+03
5.784529447555541992e-01,1.329784244298934937e-01,4.507960975170135498e-01,1.141448318958282471e-01,9.865283966064453125e-01,6.420645862817764282e-02,3.297000000000000000e+03,3.353072021484375000e+03
-2.000000029802322388e-01,-3.499999940395355225e-01,-2.217565178871154785e-01,-4.928240776062011719e-01,1.226332545280456543e+00,5.693855509161949158e-02,4.833000000000000000e+03,4.899609863281250000e+03
-2.500000000000000000e-01,1.366542428731918335e-01,-2.598207294940948486e-01,-5.579600576311349869e-03,8.439530730247497559e-01,6.693667918443679810e-02,3.237000000000000000e+03,3.328999511718750000e+03
-4.000000059604644775e-01,5.000000074505805969e-02,-5.366820693016052246e-01,4.002543911337852478e-02,9.327377676963806152e-01,6.474869698286056519e-02,3.587000000000000000e+03,3.664205566406250000e+03
2.872454822063446045e-01,-5.000000074505805969e-02,3.533680737018585205e-01,2.194752544164657593e-02,7.781700491905212402e-01,6.457440555095672607e-02,2.706000000000000000e+03,2.748411621093750000e+03
9.482004493474960327e-02,2.514390051364898682e-01,7.377136498689651489e-02,5.092650651931762695e-02,9.094231128692626953e-01,5.967587605118751526e-02,3.404000000000000000e+03,3.569470703125000000e+03
-1.618416309356689453e-01,-2.500000000000000000e-01,1.211496889591217041e-01,1.604728996753692627e-01,1.178902029991149902e+00,6.252869963645935059e-02,4.224000000000000000e+03,4.952080566406250000e+03
-1.178191304206848145e-01,-5.000000000000000000e-01,3.778086006641387939e-01,-2.144378125667572021e-01,1.199802398681640625e+00,6.107002496719360352e-02,3.687000000000000000e+03,4.488070800781250000e+03
-4.000000059604644775e-01,-4.166139364242553711e-01,-4.032387733459472656e-01,-5.282921195030212402e-01,4.379658401012420654e-01,9.779562056064605713e-02,8.910000000000000000e+02,9.479716186523437500e+02
-1.000000014901161194e-01,-2.500000000000000000e-01,2.943288721144199371e-02,-2.000838220119476318e-01,9.870461821556091309e-01,7.414789497852325439e-02,3.402000000000000000e+03,3.469039306640625000e+03
2.067313045263290405e-01,-2.159073352813720703e-01,1.608785241842269897e-01,-1.217935830354690552e-01,8.792005181312561035e-01,7.404244691133499146e-02,2.880000000000000000e+03,2.920752197265625000e+03
-2.641935050487518311e-01,-4.499999880790710449e-01,-1.333613544702529907e-01,-4.486492872238159180e-01,9.203239083290100098e-01,5.874825268983840942e-02,3.344000000000000000e+03,3.411388183593750000e+03
3.221365213394165039e-01,2.514390051364898682e-01,7.348342239856719971e-02,9.418024867773056030e-02,7.981479763984680176e-01,8.706820011138916016e-02,2.877000000000000000e+03,3.255746582031250000e+03
-4.000000059604644775e-01,9.482004493474960327e-02,-6.202995777130126953e-01,-1.526519954204559326e-01,1.197316408157348633e+00,5.488209053874015808e-02,4.844000000000000000e+03,5.208779785156250000e+03
6.083970069885253906e-01,-2.672467827796936035e-01,6.404252052307128906e-01,-3.468433618545532227e-01,3.625754714012145996e-01,7.684239000082015991e-02,1.381000000000000000e+03,1.457123046875000000e+03
-1.618416309356689453e-01,3.562291860580444336e-01,-8.312166482210159302e-02,4.542337954044342041e-01,1.265826106071472168e+00,5.565246194601058960e-02,4.931000000000000000e+03,4.979671386718750000e+03
9.482004493474960327e-02,-2.500000000000000000e-01,-4.947682097554206848e-02,-2.927825152873992920e-01,6.954678893089294434e-01,5.985423550009727478e-02,1.908000000000000000e+03,1.996514892578125000e+03
-3.000000119209289551e-01,-2.500000000000000000e-01,-1.086701005697250366e-01,-2.248771935701370239e-01,1.146280169486999512e+00,5.639753118157386780e-02,4.165000000000000000e+03,4.281867187500000000e+03
9.482004493474960327e-02,-3.499999940395355225e-01,9.656777977943420410e-02,-2.629661262035369873e-01,7.102944850921630859e-01,7.337569445371627808e-02,2.131000000000000000e+03,2.163025390625000000e+03
-2.000000029802322388e-01,-2.500000000000000000e-01,-5.917527526617050171e-02,-3.924753963947296143e-01,5.471066236495971680e-01,7.468510419130325317e-02,2.029000000000000000e+03,2.293027832031250000e+03
-2.141935080289840698e-01,-3.000000119209289551e-01,-1.961553692817687988e-01,-9.009559154510498047e-01,1.256684899330139160e+00,6.503579765558242798e-02,4.336000000000000000e+03,5.281608398437500000e+03
-3.151089549064636230e-01,1.764043420553207397e-01,-4.922372996807098389e-01,-1.187142729759216309e-01,8.312975764274597168e-01,6.831910461187362671e-02,3.464000000000000000e+03,4.036948974609375000e+03
2.145627290010452271e-01,1.366542428731918335e-01,1.937997043132781982e-01,1.351566761732101440e-01,9.826449155807495117e-01,6.123901903629302979e-02,3.170000000000000000e+03,3.171398925781250000e+03
8.338605612516403198e-02,3.896152675151824951e-01,-3.826963603496551514e-01,1.319693494588136673e-02,1.156459093093872070e+00,5.511154234409332275e-02,4.195000000000000000e+03,5.262630371093750000e+03
2.145627290010452271e-01,-2.500000000000000000e-01,4.624704122543334961e-01,-3.294028639793395996e-01,1.219205737113952637e+00,5.679792538285255432e-02,4.580000000000000000e+03,4.786953125000000000e+03
-5.000000074505805969e-02,-3.499999940395355225e-01,-2.471908777952194214e-01,-1.575914025306701660e-01,9.927211403846740723e-01,6.061592698097229004e-02,4.115000000000000000e+03,4.426256347656250000e+03
4.199422001838684082e-01,-1.159073337912559509e-01,5.703136324882507324e-01,2.019200772047042847e-01,1.006957292556762695e+00,7.089626789093017578e-02,3.610000000000000000e+03,4.037725830078125000e+03
-5.000000074505805969e-02,5.000000074505805969e-02,2.382180988788604736e-01,1.266810894012451172e-01,9.360170364379882812e-01,7.713788747787475586e-02,3.304000000000000000e+03,3.632057861328125000e+03
-1.678191274404525757e-01,-6.692624092102050781e-01,-3.337512612342834473e-01,-8.524871468544006348e-01,9.587227106094360352e-01,5.299951136112213135e-02,3.205000000000000000e+03,3.414751953125000000e+03
5.173884034156799316e-01,4.223684668540954590e-01,5.845482349395751953e-01,6.926241330802440643e-03,9.687599539756774902e-01,6.309379637241363525e-02,3.679000000000000000e+03,4.344736328125000000e+03
1.764043420553207397e-01,2.872454822063446045e-01,2.383329570293426514e-01,2.488043904304504395e-01,1.199316382408142090e+00,6.235826015472412109e-02,3.358000000000000000e+03,3.370370361328125000e+03
-1.500000059604644775e-01,5.000000074505805969e-02,1.347023397684097290e-01,-3.036590218544006348e-01,1.060597062110900879e+00,6.473072618246078491e-02,3.469000000000000000e+03,4.080523193359375000e+03
5.784529447555541992e-01,0.000000000000000000e+00,3.709074258804321289e-01,-1.401683390140533447e-01,1.150545239448547363e+00,5.773529037833213806e-02,3.669000000000000000e+03,3.840999267578125000e+03
-4.000000059604644775e-01,2.145627290010452271e-01,-7.352078557014465332e-01,6.030226945877075195e-01,1.141480445861816406e+00,5.716381967067718506e-02,4.234000000000000000e+03,5.053404785156250000e+03
-4.166139364242553711e-01,-3.000000119209289551e-01,-7.683687806129455566e-01,-3.540225028991699219e-01,1.132131099700927734e+00,5.521064624190330505e-02,4.079000000000000000e+03,4.472509765625000000e+03
1.764043420553207397e-01,-5.000000074505805969e-02,2.350146323442459106e-01,-2.050054259598255157e-02,1.075722694396972656e+00,5.601186677813529968e-02,4.014000000000000000e+03,4.029033935546875000e+03
-1.500000059604644775e-01,-1.500000059604644775e-01,-5.221275091171264648e-01,-5.028199553489685059e-01,1.127311825752258301e+00,1.048729345202445984e-01,2.911000000000000000e+03,3.487113769531250000e+03
-2.000000029802322388e-01,-3.000000119209289551e-01,-4.795183539390563965e-01,-5.207104086875915527e-01,7.377225756645202637e-01,6.896212697029113770e-02,3.078000000000000000e+03,3.761939697265625000e+03
2.872454822063446045e-01,9.482004493474960327e-02,2.269917875528335571e-01,8.377821743488311768e-02,1.253526329994201660e+00,6.236431375145912170e-02,3.868000000000000000e+03,3.877326416015625000e+03
-3.499999940395355225e-01,-7.235932350158691406e-02,-4.252239465713500977e-01,-6.846405565738677979e-02,8.025948405265808105e-01,6.331343203783035278e-02,2.214000000000000000e+03,2.233444091796875000e+03
-3.151089549064636230e-01,1.366542428731918335e-01,-4.292937815189361572e-01,1.161279305815696716e-01,1.184515953063964844e+00,6.638727337121963501e-02,4.652000000000000000e+03,4.696506347656250000e+03
-1.000000014901161194e-01,3.878882527351379395e-01,1.152050197124481201e-01,-3.321915119886398315e-02,1.275435090065002441e+00,5.109072476625442505e-02,5.108000000000000000e+03,5.788285156250000000e+03
-1.500000059604644775e-01,-1.500000059604644775e-01,-1.970685720443725586e-01,-4.316362086683511734e-03,1.038928985595703125e+00,6.860534101724624634e-02,3.040000000000000000e+03,3.105432128906250000e+03
2.145627290010452271e-01,-3.000000119209289551e-01,2.123210132122039795e-01,8.138601481914520264e-02,1.277846455574035645e+00,5.706879869103431702e-02,4.669000000000000000e+03,5.076393554687500000e+03
-4.166139364242553711e-01,-6.590732932090759277e-02,-4.994480013847351074e-01,2.274937927722930908e-01,8.284950852394104004e-01,8.625486493110656738e-02,2.871000000000000000e+03,3.247498046875000000e+03
-3.151089549064636230e-01,-5.000000074505805969e-02,-3.668925762176513672e-01,1.959115266799926758e-01,1.033328771591186523e+00,7.041098922491073608e-02,3.108000000000000000e+03,3.289615234375000000e+03
4.174738228321075439e-01,6.961627006530761719e-01,5.299924612045288086e-01,8.056400418281555176e-01,7.808969020843505859e-01,7.000813633203506470e-02,2.260000000000000000e+03,2.350653564453125000e+03
4.862083792686462402e-01,-2.141935080289840698e-01,6.014067307114601135e-02,-4.365872442722320557e-01,8.710715770721435547e-01,7.418269664049148560e-02,3.368000000000000000e+03,4.333705566406250000e+03
-3.000000119209289551e-01,-1.500000059604644775e-01,-2.531276047229766846e-01,1.039938181638717651e-01,8.668271303176879883e-01,6.707039475440979004e-02,3.264000000000000000e+03,3.547594238281250000e+03
4.862083792686462402e-01,1.329784244298934937e-01,4.057461023330688477e-01,2.341920733451843262e-01,8.477314710617065430e-01,6.090699881315231323e-02,3.444000000000000000e+03,3.523580078125000000e+03
5.000000074505805969e-02,2.514390051364898682e-01,4.749176278710365295e-02,2.464652806520462036e-01,1.082932710647583008e+00,6.665522605180740356e-02,4.057000000000000000e+03,4.057101318359375000e+03
-3.499999940395355225e-01,1.764043420553207397e-01,-1.871494948863983154e-01,-3.200223669409751892e-02,1.102131724357604980e+00,6.712578237056732178e-02,3.669000000000000000e+03,3.877261962890625000e+03
-9.922209382057189941e-02,-7.700559496879577637e-01,-6.123778969049453735e-02,-6.319010853767395020e-01,5.596496462821960449e-01,8.529114723205566406e-02,1.369000000000000000e+03,1.457355346679687500e+03
-2.908841893076896667e-02,3.896152675151824951e-01,1.657963991165161133e-01,1.846651546657085419e-02,1.154507279396057129e+00,6.115464493632316589e-02,4.374000000000000000e+03,4.934415039062500000e+03
-2.666139304637908936e-01,4.545493423938751221e-01,-3.757477104663848877e-01,3.841738402843475342e-01,6.144730448722839355e-01,7.327197492122650146e-02,2.214000000000000000e+03,2.311938964843750000e+03
-2.000000029802322388e-01,2.872454822063446045e-01,-2.973322384059429169e-02,1.667691171169281006e-01,1.139994859695434570e+00,5.566121637821197510e-02,4.493000000000000000e+03,4.642039062500000000e+03
-3.659073412418365479e-01,-2.000000029802322388e-01,-3.323972523212432861e-01,-1.361455172300338745e-01,1.104774117469787598e+00,6.490381807088851929e-02,4.591000000000000000e+03,4.610541503906250000e+03
-2.000000029802322388e-01,1.366542428731918335e-01,-2.049302458763122559e-01,-1.031016372144222260e-02,1.013403654098510742e+00,6.973139941692352295e-02,3.733000000000000000e+03,3.811049072265625000e+03
-3.659073412418365479e-01,-2.641935050487518311e-01,-8.356785029172897339e-02,-6.925483942031860352e-01,1.103294968605041504e+00,7.152858376502990723e-02,3.968000000000000000e+03,4.789257812500000000e+03
6.083970069885253906e-01,3.028741478919982910e-01,4.868113994598388672e-01,2.898872494697570801e-01,4.575921893119812012e-01,1.927269697189331055e-01,1.734000000000000000e+03,1.855551513671875000e+03
-2.500000000000000000e-01,0.000000000000000000e+00,3.022141009569168091e-02,-2.309460192918777466e-01,1.092764616012573242e+00,5.961992591619491577e-02,4.866000000000000000e+03,5.390018066406250000e+03
1.764043420553207397e-01,3.975010663270950317e-02,3.116611540317535400e-01,9.679603576660156250e-02,6.530947685241699219e-01,6.863977015018463135e-02,1.983000000000000000e+03,2.081895507812500000e+03
4.545493423938751221e-01,-1.131237149238586426e-01,4.385306835174560547e-01,-1.319283396005630493e-01,7.603437900543212891e-01,9.704554826021194458e-02,2.319000000000000000e+03,2.321454101562500000e+03
-3.499999940395355225e-01,1.764043420553207397e-01,-3.457491397857666016e-01,2.236282080411911011e-01,6.605910062789916992e-01,6.211853027343750000e-02,2.032000000000000000e+03,2.042482055664062500e+03
1.316963285207748413e-01,1.764043420553207397e-01,8.522623032331466675e-02,3.822959363460540771e-01,9.579915404319763184e-01,6.398083269596099854e-02,3.705000000000000000e+03,3.882335205078125000e+03
2.872454822063446045e-01,2.145627290010452271e-01,2.160173356533050537e-01,2.233782261610031128e-01,1.097050309181213379e+00,6.897380203008651733e-02,4.202000000000000000e+03,4.219885742187500000e+03
-1.131237149238586426e-01,-4.499999880790710449e-01,-1.595566570758819580e-01,-2.522239647805690765e-02,1.124813318252563477e+00,5.431234464049339294e-02,3.953000000000000000e+03,4.506431152343750000e+03
-1.102498918771743774e-01,-3.499999940395355225e-01,-4.364196583628654480e-02,-6.564452052116394043e-01,1.168745279312133789e+00,5.983636528253555298e-02,4.430000000000000000e+03,4.743359863281250000e+03
-4.499999880790710449e-01,8.975010365247726440e-02,-4.011047184467315674e-01,2.780591696500778198e-02,1.114084959030151367e+00,5.830548331141471863e-02,3.545000000000000000e+03,3.562774414062500000e+03
-3.000000119209289551e-01,5.481259822845458984e-01,-2.482473105192184448e-01,4.953759908676147461e-01,7.685050964355468750e-01,6.498622149229049683e-02,2.816000000000000000e+03,2.842100585937500000e+03
2.145627290010452271e-01,-3.499999940395355225e-01,3.196392953395843506e-01,-1.560543477535247803e-02,1.022808432579040527e+00,7.491485029458999634e-02,3.382000000000000000e+03,3.768699462890625000e+03
2.145627290010452271e-01,5.000000074505805969e-02,6.605269759893417358e-02,7.518909871578216553e-03,5.050848126411437988e-01,6.479910016059875488e-02,1.716000000000000000e+03,1.872834350585937500e+03
1.366542428731918335e-01,-3.659073412418365479e-01,-6.228435784578323364e-02,-5.996891260147094727e-01,1.133222341537475586e+00,7.267401367425918579e-02,4.474000000000000000e+03,4.796224121093750000e+03
-2.500000000000000000e-01,-4.499999880790710449e-01,-3.376145362854003906e-01,-3.358376324176788330e-01,5.690012574195861816e-01,1.404659152030944824e-01,1.681000000000000000e+03,1.786987060546875000e+03
5.000000074505805969e-02,3.562291860580444336e-01,1.160356998443603516e-01,1.805180460214614868e-01,1.244456529617309570e+00,5.965289101004600525e-02,4.707000000000000000e+03,4.813497558593750000e+03
1.764043420553207397e-01,1.366542428731918335e-01,-4.505844712257385254e-01,-4.126656800508499146e-02,1.240062355995178223e+00,5.620891600847244263e-02,4.722000000000000000e+03,5.956245117187500000e+03
-4.166139364242553711e-01,6.083970069885253906e-01,-4.405079185962677002e-01,4.621482789516448975e-01,6.450771689414978027e-01,6.081561371684074402e-02,1.909000000000000000e+03,2.008636230468750000e+03
2.145627290010452271e-01,3.562291860580444336e-01,-1.222589612007141113e-01,3.585710227489471436e-01,1.086852312088012695e+00,5.626315623521804810e-02,4.391000000000000000e+03,4.804209472656250000e+03
-3.499999940395355225e-01,-2.500000000000000000e-01,-3.529313504695892334e-01,-3.134788870811462402e-01,1.185323238372802734e+00,5.514547228813171387e-02,5.154000000000000000e+03,5.168826171875000000e+03
-5.000000000000000000e-01,3.562291860580444336e-01,-1.572595834732055664e-01,5.354075133800506592e-02,1.049106478691101074e+00,5.623804032802581787e-02,3.607000000000000000e+03,4.264602050781250000e+03
-1.131237149238586426e-01,-2.000000029802322388e-01,-1.060305014252662659e-01,-9.030386805534362793e-02,5.010667443275451660e-01,7.879655808210372925e-02,1.565000000000000000e+03,1.639519653320312500e+03
3.562291860580444336e-01,2.145627290010452271e-01,-9.712917357683181763e-02,2.472140938043594360e-01,1.235116600990295410e+00,5.721478536725044250e-02,4.492000000000000000e+03,5.083355468750000000e+03
2.514390051364898682e-01,1.764043420553207397e-01,7.213980704545974731e-02,3.210358321666717529e-01,9.449789524078369141e-01,7.072735577821731567e-02,3.214000000000000000e+03,3.402714599609375000e+03
-3.000000119209289551e-01,3.896152675151824951e-01,-2.404572665691375732e-01,5.449858903884887695e-01,5.658121705055236816e-01,1.305272132158279419e-01,2.063000000000000000e+03,2.237719726562500000e+03
-1.118416264653205872e-01,-5.500000119209289551e-01,3.922088444232940674e-02,-3.724003434181213379e-01,1.098708510398864746e+00,5.431699380278587341e-02,3.160000000000000000e+03,3.300533203125000000e+03
-5.500000119209289551e-01,2.145627290010452271e-01,-7.572107911109924316e-01,1.023322269320487976e-01,7.752506732940673828e-01,1.307508349418640137e-01,2.479000000000000000e+03,2.703677001953125000e+03
-4.000000059604644775e-01,1.366542428731918335e-01,-6.178174018859863281e-01,6.477927416563034058e-02,7.949120998382568359e-01,8.648670464754104614e-02,2.195000000000000000e+03,2.374615722656250000e+03
0.000000000000000000e+00,1.764043420553207397e-01,-1.311228275299072266e-01,3.398635387420654297e-01,9.831038117408752441e-01,7.421759516000747681e-02,3.493000000000000000e+03,3.650001708984375000e+03
3.221365213394165039e-01,-1.131237149238586426e-01,1.902106702327728271e-01,-3.487668633460998535e-01,1.272910952568054199e+00,6.449390947818756104e-02,5.461000000000000000e+03,5.703864257812500000e+03
-2.131237089633941650e-01,-6.312371790409088135e-02,-2.284009605646133423e-01,3.147208094596862793e-01,1.172410845756530762e+00,5.523894727230072021e-02,4.355000000000000000e+03,4.798148925781250000e+03
3.562291860580444336e-01,-1.000000014901161194e-01,2.714815139770507812e-01,-2.809384167194366455e-01,9.573028683662414551e-01,6.524159014225006104e-02,3.147000000000000000e+03,3.282528320312500000e+03
-5.000000074505805969e-02,-4.000000059604644775e-01,1.278650760650634766e-01,-2.587747871875762939e-01,1.150824069976806641e+00,5.722797289490699768e-02,4.762000000000000000e+03,4.945689453125000000e+03
9.482004493474960327e-02,-3.000000119209289551e-01,2.322373241186141968e-01,-3.065156042575836182e-01,1.173880696296691895e+00,6.059131026268005371e-02,4.589000000000000000e+03,4.651689941406250000e+03
-4.499999880790710449e-01,-1.510896813124418259e-02,-6.261147856712341309e-01,2.000492960214614868e-01,5.724293589591979980e-01,8.404578268527984619e-02,2.105000000000000000e+03,2.578023193359375000e+03
-2.500000000000000000e-01,-1.000000014901161194e-01,-1.419861316680908203e-01,-3.498045802116394043e-01,8.287807703018188477e-01,6.188831478357315063e-02,2.900000000000000000e+03,3.204834228515625000e+03
-2.500000000000000000e-01,-1.500000059604644775e-01,-2.979072332382202148e-01,-1.127044260501861572e-01,8.734886050224304199e-01,7.263369858264923096e-02,3.109000000000000000e+03,3.123926513671875000e+03
1.345701515674591064e-01,-5.000000000000000000e-01,1.766977012157440186e-01,-6.291587948799133301e-01,7.122995853424072266e-01,7.980338484048843384e-02,2.818000000000000000e+03,2.919505615234375000e+03
3.221365213394165039e-01,-2.131237089633941650e-01,3.104219436645507812e-01,6.453492492437362671e-02,1.022763133049011230e+00,8.211746066808700562e-02,3.311000000000000000e+03,3.551611083984375000e+03
-1.683409363031387329e-01,4.862083792686462402e-01,1.513125449419021606e-01,8.567308187484741211e-01,1.099301695823669434e+00,5.885788798332214355e-02,4.450000000000000000e+03,5.295293945312500000e+03
-2.041443064808845520e-02,4.545493423938751221e-01,-1.709003299474716187e-01,1.595516502857208252e-01,1.158850193023681641e+00,6.563583761453628540e-02,4.035000000000000000e+03,4.358105468750000000e+03
2.145627290010452271e-01,-3.000000119209289551e-01,4.557269066572189331e-02,-3.548406064510345459e-01,6.263800263404846191e-01,5.536664649844169617e-02,2.087000000000000000e+03,2.251948486328125000e+03
-2.000000029802322388e-01,1.764043420553207397e-01,3.296926319599151611e-01,3.059197366237640381e-01,9.271606206893920898e-01,6.727649271488189697e-02,3.019000000000000000e+03,3.998007568359375000e+03
-3.499999940395355225e-01,-1.000000014901161194e-01,-5.384338498115539551e-01,-1.858822852373123169e-01,1.144693732261657715e+00,6.780629605054855347e-02,4.243000000000000000e+03,4.380399902343750000e+03
-6.499999761581420898e-01,-8.165807463228702545e-03,-5.208431482315063477e-01,-4.999664425849914551e-02,7.647858262062072754e-01,6.827818602323532104e-02,2.576000000000000000e+03,2.656423339843750000e+03
-2.131237089633941650e-01,2.132806330919265747e-01,-2.441906780004501343e-01,-2.661302983760833740e-01,9.030569791793823242e-01,6.439974904060363770e-02,3.393000000000000000e+03,4.300475585937500000e+03
5.000000074505805969e-02,-4.000000059604644775e-01,4.844111204147338867e-01,-3.202967643737792969e-01,1.230433940887451172e+00,6.128262355923652649e-02,4.992000000000000000e+03,5.616834960937500000e+03
-3.499999940395355225e-01,-1.312371436506509781e-02,-7.984343916177749634e-02,-2.370967864990234375e-01,1.162062883377075195e+00,5.806835368275642395e-02,4.514000000000000000e+03,4.916286132812500000e+03
-3.499999940395355225e-01,2.514390051364898682e-01,-3.534425497055053711e-01,2.397590130567550659e-01,1.042761802673339844e+00,7.031765580177307129e-02,3.731000000000000000e+03,3.731493652343750000e+03
-1.000000014901161194e-01,-3.499999940395355225e-01,-1.628922484815120697e-02,-3.036995232105255127e-01,7.485808730125427246e-01,7.211014628410339355e-02,2.282000000000000000e+03,2.318967529296875000e+03
2.872454822063446045e-01,-1.500000059604644775e-01,8.207264542579650879e-01,-8.357280492782592773e-02,1.234020709991455078e+00,5.527430027723312378e-02,4.153000000000000000e+03,4.910144531250000000e+03
-4.499999880790710449e-01,-2.301008403301239014e-01,-4.451146423816680908e-01,8.493513613939285278e-02,8.606378436088562012e-01,6.127908825874328613e-02,3.368000000000000000e+03,3.806268066406250000e+03
8.639526963233947754e-01,6.044142842292785645e-01,8.779202103614807129e-01,7.142222523689270020e-01,4.973317086696624756e-01,1.965311020612716675e-01,1.314000000000000000e+03,1.378203735351562500e+03
2.872454822063446045e-01,2.872454822063446045e-01,2.063767760992050171e-01,1.345904022455215454e-01,1.234420537948608398e+00,6.360904127359390259e-02,4.692000000000000000e+03,4.783767578125000000e+03
-2.500000000000000000e-01,-3.000000119209289551e-01,-7.016269117593765259e-02,-7.665091007947921753e-02,1.265089750289916992e+00,5.747750774025917053e-02,4.504000000000000000e+03,4.732073730468750000e+03
-3.499999940395355225e-01,-1.500000059604644775e-01,-5.015105605125427246e-01,-1.800180375576019287e-01,8.988485932350158691e-01,6.393386423587799072e-02,3.442000000000000000e+03,3.542979248046875000e+03
-2.000000029802322388e-01,3.896152675151824951e-01,-3.642174005508422852e-01,6.839311122894287109e-01,1.166402816772460938e+00,5.931664630770683289e-02,4.406000000000000000e+03,4.766540527343750000e+03
-4.000000059604644775e-01,3.815837576985359192e-02,-2.332866042852401733e-01,-1.864692717790603638e-01,1.274843454360961914e+00,5.993819236755371094e-02,5.176000000000000000e+03,5.422462402343750000e+03
5.000000074505805969e-02,1.366542428731918335e-01,9.357210993766784668e-02,1.317564304918050766e-02,1.024318933486938477e+00,6.123933941125869751e-02,4.229000000000000000e+03,4.298071289062500000e+03
-5.179951898753643036e-03,-3.659073412418365479e-01,1.196805238723754883e-01,-6.176425218582153320e-01,1.034285306930541992e+00,8.510781079530715942e-02,3.579000000000000000e+03,3.839086914062500000e+03
-4.000000059604644775e-01,2.104970067739486694e-01,-2.681365609169006348e-01,4.296999275684356689e-01,9.205166101455688477e-01,8.940676599740982056e-02,3.403000000000000000e+03,3.661541259765625000e+03
5.000000074505805969e-02,-3.000000119209289551e-01,-2.653568424284458160e-02,-4.286843538284301758e-01,1.084163784980773926e+00,6.901471316814422607e-02,3.980000000000000000e+03,4.055518310546875000e+03
-2.500000000000000000e-01,-3.000000119209289551e-01,-7.358379364013671875e-01,-3.696398138999938965e-01,1.115345835685729980e+00,5.397045984864234924e-02,4.226000000000000000e+03,5.010971191406250000e+03
-5.500000119209289551e-01,-2.000000029802322388e-01,-4.769034981727600098e-01,-1.380833704024553299e-02,1.030169606208801270e+00,5.735159292817115784e-02,4.015000000000000000e+03,4.164695800781250000e+03
3.555225729942321777e-01,4.862083792686462402e-01,5.241702198982238770e-01,4.729605317115783691e-01,9.040933251380920410e-01,6.372880935668945312e-02,4.061000000000000000e+03,4.202251464843750000e+03
2.145627290010452271e-01,-2.500000000000000000e-01,1.838227361440658569e-01,-8.717859387397766113e-01,1.159525275230407715e+00,7.167722284793853760e-02,3.934000000000000000e+03,5.006588867187500000e+03
-3.499999940395355225e-01,1.764043420553207397e-01,-5.170305371284484863e-01,3.765774965286254883e-01,1.261325955390930176e+00,5.361238494515419006e-02,4.676000000000000000e+03,4.874135742187500000e+03
-3.000000119209289551e-01,-3.000000119209289551e-01,-4.078919887542724609e-01,-7.067322134971618652e-01,1.076421380043029785e+00,6.834208220243453979e-02,4.059000000000000000e+03,4.658442382812500000e+03
5.000000074505805969e-02,3.878882527351379395e-01,-2.944166958332061768e-01,4.887875318527221680e-01,1.198303580284118652e+00,5.581213533878326416e-02,4.858000000000000000e+03,5.285491699218750000e+03
4.223684668540954590e-01,1.764043420553207397e-01,2.549705207347869873e-01,3.105471730232238770e-01,7.750186324119567871e-01,7.045082002878189087e-02,3.081000000000000000e+03,3.313016113281250000e+03
-1.500000059604644775e-01,-6.000000238418579102e-01,-1.695488840341567993e-01,-6.462175846099853516e-01,1.068418860435485840e+00,7.196769863367080688e-02,3.058000000000000000e+03,3.064781250000000000e+03
2.145627290010452271e-01,-2.000000029802322388e-01,3.248431682586669922e-01,-2.365695536136627197e-01,4.437022507190704346e-01,6.791828572750091553e-02,1.404000000000000000e+03,1.498896606445312500e+03
-2.500000000000000000e-01,-2.000000029802322388e-01,-2.644699513912200928e-01,-3.492472767829895020e-01,8.610898256301879883e-01,6.546926498413085938e-02,2.963000000000000000e+03,3.052134277343750000e+03
-3.659073412418365479e-01,5.481259822845458984e-01,-3.100438117980957031e-01,6.320872306823730469e-01,7.273659110069274902e-01,6.738010048866271973e-02,2.775000000000000000e+03,2.828056640625000000e+03
-3.499999940395355225e-01,5.000000074505805969e-02,-2.219389677047729492e-01,2.629625201225280762e-01,1.221841931343078613e+00,5.740920454263687134e-02,4.765000000000000000e+03,4.960400878906250000e+03
-4.000000059604644775e-01,4.223684668540954590e-01,-3.528530299663543701e-01,5.576631426811218262e-01,9.551354646682739258e-01,6.276784092187881470e-02,3.789000000000000000e+03,3.873523193359375000e+03
2.721365392208099365e-01,-5.178191065788269043e-01,2.374386191368103027e-01,-6.757948994636535645e-01,4.688456654548645020e-01,1.019903048872947693e-01,1.614000000000000000e+03,1.800753417968750000e+03
-1.000000014901161194e-01,-4.000000059604644775e-01,9.964746981859207153e-02,-2.236188948154449463e-01,1.183031320571899414e+00,6.389553844928741455e-02,4.079000000000000000e+03,4.283465332031250000e+03
1.764043420553207397e-01,1.247640922665596008e-01,2.153078615665435791e-01,-7.639773190021514893e-02,7.844908833503723145e-01,9.722836315631866455e-02,2.447000000000000000e+03,2.610881835937500000e+03
-2.210686355829238892e-01,0.000000000000000000e+00,-3.994752168655395508e-01,7.672227919101715088e-02,6.622346639633178711e-01,6.325931847095489502e-02,2.621000000000000000e+03,2.842030029296875000e+03
-1.500000059604644775e-01,-2.000000029802322388e-01,-2.351528219878673553e-02,-1.164006888866424561e-01,8.339499235153198242e-01,6.771401315927505493e-02,3.149000000000000000e+03,3.252210693359375000e+03
-2.000000029802322388e-01,-3.151089549064636230e-01,4.309187829494476318e-01,-5.638330429792404175e-02,1.259245157241821289e+00,6.390333175659179688e-02,4.115000000000000000e+03,5.254388183593750000e+03
3.815837576985359192e-02,1.764043420553207397e-01,-9.962303936481475830e-02,4.869735836982727051e-01,8.445523977279663086e-01,1.002942323684692383e-01,2.460000000000000000e+03,2.844539306640625000e+03
-3.000000119209289551e-01,-5.000000074505805969e-02,-7.813272625207901001e-02,-1.678679436445236206e-01,1.090618133544921875e+00,8.856780827045440674e-02,2.930000000000000000e+03,3.083693115234375000e+03
2.097904086112976074e-01,-1.678191274404525757e-01,1.856599748134613037e-01,3.036860725842416286e-04,1.178123593330383301e+00,5.898353457450866699e-02,4.422000000000000000e+03,4.513109375000000000e+03
-4.183409512042999268e-01,-2.000000029802322388e-01,-7.443122863769531250e-01,-9.641920030117034912e-02,8.755319118499755859e-01,6.204088777303695679e-02,3.578000000000000000e+03,4.106407226562500000e+03
-4.000000059604644775e-01,-5.000000074505805969e-02,-1.418398618698120117e-01,2.420552968978881836e-01,9.162076115608215332e-01,7.477672398090362549e-02,3.146000000000000000e+03,3.694393554687500000e+03
-2.500000000000000000e-01,3.221365213394165039e-01,-2.973311245441436768e-01,3.021794557571411133e-01,8.408738970756530762e-01,4.543492570519447327e-02,2.701000000000000000e+03,2.711116455078125000e+03
3.221365213394165039e-01,3.896152675151824951e-01,4.192350208759307861e-01,3.345116972923278809e-01,6.617392301559448242e-01,7.254353910684585571e-02,2.176000000000000000e+03,2.237450195312500000e+03
-3.000000119209289551e-01,-2.141935080289840698e-01,-1.999469995498657227e-01,1.936624050140380859e-01,1.215653300285339355e+00,6.100550293922424316e-02,4.937000000000000000e+03,5.510518554687500000e+03
-3.499999940395355225e-01,1.764043420553207397e-01,-4.311101734638214111e-01,3.651394844055175781e-01,9.566318988800048828e-01,6.701991707086563110e-02,3.092000000000000000e+03,3.233199218750000000e+03
2.462217807769775391e-01,1.764043420553207397e-01,9.784054011106491089e-02,-7.112355530261993408e-02,9.245195984840393066e-01,6.603136658668518066e-02,3.217000000000000000e+03,3.523523681640625000e+03
4.482004791498184204e-02,-6.499999761581420898e-01,-1.648743753321468830e-03,-5.401709079742431641e-01,8.622947931289672852e-01,5.646689236164093018e-02,2.462000000000000000e+03,2.508715087890625000e+03
9.183419495820999146e-02,2.872454822063446045e-01,7.771267741918563843e-02,1.721805036067962646e-01,1.232484340667724609e+00,6.160274520516395569e-02,5.232000000000000000e+03,5.277949218750000000e+03
5.000000074505805969e-02,9.482004493474960327e-02,5.511480569839477539e-01,-3.532309783622622490e-03,1.083963871002197266e+00,7.003005594015121460e-02,3.732000000000000000e+03,4.521910644531250000e+03
1.764043420553207397e-01,-1.500000059604644775e-01,1.870929379947483540e-03,-4.269663393497467041e-01,8.638656735420227051e-01,9.708672016859054565e-02,3.159000000000000000e+03,3.597893554687500000e+03
-1.000000014901161194e-01,2.872454822063446045e-01,2.539857029914855957e-01,2.715687751770019531e-01,1.051623225212097168e+00,6.141274794936180115e-02,4.127000000000000000e+03,4.584083984375000000e+03
3.221365213394165039e-01,-2.000000029802322388e-01,5.931389331817626953e-01,-2.480038404464721680e-01,8.366667628288269043e-01,6.777515262365341187e-02,1.667000000000000000e+03,1.842936889648437500e+03
-3.499999940395355225e-01,-3.499999940395355225e-01,-3.112331330776214600e-01,-6.920441985130310059e-01,1.175242185592651367e+00,6.031015515327453613e-02,4.348000000000000000e+03,4.713101074218750000e+03
-2.500000000000000000e-01,3.562291860580444336e-01,-6.104069948196411133e-01,3.614203035831451416e-01,1.189310908317565918e+00,6.286098808050155640e-02,4.177000000000000000e+03,4.552401855468750000e+03
-6.210686564445495605e-01,-7.686384022235870361e-02,-9.510006308555603027e-01,2.368908934295177460e-02,9.794667363166809082e-01,5.243336036801338196e-02,3.914000000000000000e+03,4.385101074218750000e+03
-2.000000029802322388e-01,-5.000000000000000000e-01,-3.118555545806884766e-01,-5.247851610183715820e-01,6.557425856590270996e-01,6.943538784980773926e-02,2.351000000000000000e+03,2.422165527343750000e+03
4.862083792686462402e-01,2.326190173625946045e-01,9.469037055969238281e-01,2.564663290977478027e-01,1.045147538185119629e+00,6.594503670930862427e-02,3.893000000000000000e+03,4.621535156250000000e+03
-5.816580727696418762e-02,-2.500000000000000000e-01,-2.628272399306297302e-02,-1.514874398708343506e-01,1.254379034042358398e+00,5.352177470922470093e-02,4.539000000000000000e+03,4.569884765625000000e+03
-4.000000059604644775e-01,-5.500000119209289551e-01,-2.494247853755950928e-01,-6.252837181091308594e-01,6.683353781700134277e-01,8.332449197769165039e-02,1.998000000000000000e+03,2.122796142578125000e+03
1.986553966999053955e-01,-3.151089549064636230e-01,-2.525338232517242432e-01,-6.845377087593078613e-01,1.221945643424987793e+00,5.937585607171058655e-02,4.735000000000000000e+03,5.763769042968750000e+03
-1.500000059604644775e-01,9.482004493474960327e-02,-1.302013695240020752e-01,3.964220732450485229e-02,7.992046475410461426e-01,6.407193094491958618e-02,3.122000000000000000e+03,3.138793945312500000e+03
-2.000000029802322388e-01,-1.500000059604644775e-01,-1.700837016105651855e-01,2.160511314868927002e-01,1.018143892288208008e+00,5.843313410878181458e-02,4.231000000000000000e+03,4.764726074218750000e+03
-2.141935080289840698e-01,-7.075121253728866577e-02,-3.716260492801666260e-01,-7.520079612731933594e-02,5.731484293937683105e-01,5.703317373991012573e-02,2.006000000000000000e+03,2.155065185546875000e+03
2.514390051364898682e-01,-1.000000014901161194e-01,6.076550483703613281e-01,-1.742707341909408569e-01,1.274453282356262207e+00,5.992371961474418640e-02,5.161000000000000000e+03,5.574270507812500000e+03
-1.000000014901161194e-01,-5.500000119209289551e-01,-5.442769452929496765e-02,-3.624043166637420654e-01,6.300155520439147949e-01,7.289873063564300537e-02,2.040000000000000000e+03,2.227228515625000000e+03
-2.500000000000000000e-01,-2.500000000000000000e-01,1.245914399623870850e-01,-3.650707900524139404e-01,1.225816011428833008e+00,5.864511802792549133e-02,5.127000000000000000e+03,5.638155761718750000e+03
2.145627290010452271e-01,-1.000000014901161194e-01,1.240117400884628296e-01,-5.165860652923583984e-01,1.067137241363525391e+00,6.177622079849243164e-02,4.228000000000000000e+03,4.878991699218750000e+03
-4.166139364242553711e-01,3.221365213394165039e-01,-3.872649371623992920e-01,5.959686636924743652e-02,5.468555092811584473e-01,8.547993004322052002e-02,1.854000000000000000e+03,2.265963623046875000e+03
-3.000000119209289551e-01,4.482004791498184204e-02,-2.249736189842224121e-01,8.991142362356185913e-02,4.499534964561462402e-01,7.519599050283432007e-02,1.870000000000000000e+03,1.940119995117187500e+03
5.000000074505805969e-02,-4.499999880790710449e-01,-6.846982985734939575e-02,-5.088911056518554688e-01,1.200293540954589844e+00,5.098695680499076843e-02,4.923000000000000000e+03,4.982737792968750000e+03
-4.000000059604644775e-01,3.687628731131553650e-02,-2.987852096557617188e-01,1.368946880102157593e-01,7.745613455772399902e-01,5.696485191583633423e-02,2.828000000000000000e+03,2.922936035156250000e+03
0.000000000000000000e+00,-4.000000059604644775e-01,1.475553065538406372e-01,-1.008443757891654968e-01,1.156846404075622559e+00,5.714318528771400452e-02,4.590000000000000000e+03,4.963977539062500000e+03
-4.499999880790710449e-01,0.000000000000000000e+00,-4.401499032974243164e-01,-3.265773057937622070e-01,9.834283590316772461e-01,5.599105358123779297e-02,4.162000000000000000e+03,4.610204589843750000e+03
8.118000626564025879e-02,-3.499999940395355225e-01,-2.241461575031280518e-01,-2.691199183464050293e-01,1.242570757865905762e+00,5.721783638000488281e-02,4.279000000000000000e+03,4.551329589843750000e+03
2.872454822063446045e-01,-3.499999940395355225e-01,2.078019678592681885e-01,-2.544403374195098877e-01,8.799258470535278320e-01,6.308035552501678467e-02,3.057000000000000000e+03,3.117693359375000000e+03
3.221365213394165039e-01,2.872454822063446045e-01,3.060752749443054199e-01,1.372384279966354370e-01,1.205546855926513672e+00,6.302205473184585571e-02,3.699000000000000000e+03,3.756493652343750000e+03
1.764043420553207397e-01,-3.000000119209289551e-01,2.236639410257339478e-01,-4.377330243587493896e-01,1.187599539756774902e+00,5.559492856264114380e-02,4.835000000000000000e+03,4.907661621093750000e+03
2.514390051364898682e-01,-2.500000000000000000e-01,1.033422797918319702e-01,-1.282629184424877167e-02,1.273604750633239746e+00,5.573103204369544983e-02,5.272000000000000000e+03,5.523033691406250000e+03
3.562291860580444336e-01,-5.000000000000000000e-01,2.867714762687683105e-01,-4.909862279891967773e-01,6.240547299385070801e-01,6.625452637672424316e-02,2.148000000000000000e+03,2.175051757812500000e+03
-5.000000000000000000e-01,-1.500000059604644775e-01,-5.359156131744384766e-01,-2.450754493474960327e-02,8.506655097007751465e-01,6.486663222312927246e-02,2.959000000000000000e+03,3.028332763671875000e+03
-3.499999940395355225e-01,4.223684668540954590e-01,-3.830962777137756348e-01,2.735283672809600830e-01,9.726982116699218750e-01,7.219974696636199951e-02,3.679000000000000000e+03,3.768837402343750000e+03
-3.499999940395355225e-01,-1.631237119436264038e-01,-3.797420263290405273e-01,2.187146395444869995e-01,1.270907044410705566e+00,5.533427372574806213e-02,4.725000000000000000e+03,5.144317871093750000e+03
4.482004791498184204e-02,-4.672468006610870361e-01,1.662417650222778320e-01,-3.312321305274963379e-01,1.195210099220275879e+00,5.845114588737487793e-02,4.171000000000000000e+03,4.267378906250000000e+03
5.000000074505805969e-02,5.000000074505805969e-02,1.775153428316116333e-01,-5.587441846728324890e-02,1.013302206993103027e+00,7.747849076986312866e-02,3.146000000000000000e+03,3.229805175781250000e+03
3.221365213394165039e-01,-1.000000014901161194e-01,-8.672665804624557495e-02,-2.554543912410736084e-01,9.979129433631896973e-01,6.483991444110870361e-02,3.763000000000000000e+03,4.456770996093750000e+03
1.585852205753326416e-01,6.379825472831726074e-01,1.892397254705429077e-01,6.878333091735839844e-01,6.783512830734252930e-01,7.033123821020126343e-02,2.512000000000000000e+03,2.530602050781250000e+03
-5.000000074505805969e-02,-3.659073412418365479e-01,3.684018924832344055e-02,-3.233579099178314209e-01,1.187841534614562988e+00,6.311006844043731689e-02,4.789000000000000000e+03,4.820786621093750000e+03
-5.000000000000000000e-01,-1.000000014901161194e-01,-9.578340053558349609e-01,-1.491387039422988892e-01,9.635939002037048340e-01,6.689374893903732300e-02,3.602000000000000000e+03,4.387535644531250000e+03
-2.000000029802322388e-01,3.896152675151824951e-01,-1.857085824012756348e-01,3.263327777385711670e-01,4.189726710319519043e-01,1.093416959047317505e-01,1.285000000000000000e+03,1.315528808593750000e+03
-4.499999880790710449e-01,9.482004493474960327e-02,-6.196410059928894043e-01,-8.204796165227890015e-02,1.136825203895568848e+00,7.899996638298034668e-02,3.396000000000000000e+03,3.551900390625000000e+03
2.145627290010452271e-01,-3.000000119209289551e-01,2.108156830072402954e-01,-1.032155528664588928e-01,1.122121334075927734e+00,5.942549183964729309e-02,4.559000000000000000e+03,4.697862304687500000e+03
2.872454822063446045e-01,3.206315636634826660e-01,2.071131914854049683e-01,-2.520690560340881348e-01,1.147062778472900391e+00,6.495154649019241333e-02,4.146000000000000000e+03,5.146660644531250000e+03
5.173884034156799316e-01,-2.000000029802322388e-01,6.462150216102600098e-01,-1.489493846893310547e-01,8.134126067161560059e-01,6.231730803847312927e-02,3.419000000000000000e+03,3.517418212890625000e+03
-3.000000119209289551e-01,1.329784244298934937e-01,-8.178384304046630859e-01,7.198817282915115356e-02,9.635034799575805664e-01,6.728173792362213135e-02,3.148000000000000000e+03,4.019638916015625000e+03
-2.500000000000000000e-01,1.366542428731918335e-01,1.792158186435699463e-01,-1.997363381087779999e-02,1.149200797080993652e+00,7.063215225934982300e-02,3.998000000000000000e+03,4.608937500000000000e+03
2.872454822063446045e-01,4.223684668540954590e-01,2.669201791286468506e-01,3.815963864326477051e-01,9.884722828865051270e-01,7.191336154937744141e-02,3.706000000000000000e+03,3.713871093750000000e+03
-6.024989485740661621e-02,-3.499999940395355225e-01,4.906959831714630127e-02,-5.853746533393859863e-01,8.316269516944885254e-01,6.039446219801902771e-02,3.087000000000000000e+03,3.381136962890625000e+03
-3.178191184997558594e-01,6.083970069885253906e-01,-2.793424129486083984e-01,7.924463748931884766e-01,5.703157186508178711e-01,7.852434366941452026e-02,2.136000000000000000e+03,2.362347900390625000e+03
-4.000000059604644775e-01,1.764043420553207397e-01,-2.383482605218887329e-01,2.457585334777832031e-01,1.214366793632507324e+00,6.064852327108383179e-02,4.516000000000000000e+03,4.610419921875000000e+03
-3.000000119209289551e-01,-2.000000029802322388e-01,-5.376040935516357422e-01,-3.558616042137145996e-01,1.143076539039611816e+00,6.583990156650543213e-02,3.717000000000000000e+03,3.943746337890625000e+03
2.145627290010452271e-01,-4.204144179821014404e-01,2.844608426094055176e-01,-5.426575541496276855e-01,5.056245326995849609e-01,8.097909390926361084e-02,1.705000000000000000e+03,1.835109375000000000e+03
-2.500000000000000000e-01,-3.000000119209289551e-01,-1.082151308655738831e-01,-1.131372898817062378e-01,1.259029507637023926e+00,5.906477570533752441e-02,4.544000000000000000e+03,4.700202148437500000e+03
-1.118416264653205872e-01,2.514390051364898682e-01,-6.508194655179977417e-02,8.226925879716873169e-02,9.734168648719787598e-01,6.830230355262756348e-02,3.027000000000000000e+03,3.124430664062500000e+03
2.872454822063446045e-01,-4.499999880790710449e-01,4.339538216590881348e-01,-1.903544068336486816e-01,1.043735265731811523e+00,6.152992323040962219e-02,3.730000000000000000e+03,4.028682128906250000e+03
2.514390051364898682e-01,0.000000000000000000e+00,2.634125351905822754e-01,-3.967432081699371338e-01,1.227461457252502441e+00,5.289834737777709961e-02,4.884000000000000000e+03,5.383006347656250000e+03
9.482004493474960327e-02,-4.166139364242553711e-01,6.058118343353271484e-01,-3.915546834468841553e-01,1.253906726837158203e+00,6.505123525857925415e-02,2.858000000000000000e+03,3.316703613281250000e+03
-2.000000029802322388e-01,-1.500000059604644775e-01,-3.022919297218322754e-01,8.246067911386489868e-02,1.043874740600585938e+00,6.008812040090560913e-02,3.858000000000000000e+03,4.083441162109375000e+03
-2.131237089633941650e-01,2.145627290010452271e-01,-1.703595966100692749e-01,4.732052385807037354e-01,9.793847203254699707e-01,9.166996926069259644e-02,2.999000000000000000e+03,3.210180175781250000e+03
2.872454822063446045e-01,-3.000000119209289551e-01,1.907257549464702606e-02,-1.850235462188720703e-01,1.001535654067993164e+00,7.038731873035430908e-02,3.551000000000000000e+03,3.846627929687500000e+03
-5.000000000000000000e-01,1.700402945280075073e-01,-4.147934913635253906e-01,2.194361090660095215e-01,1.160544395446777344e+00,5.640773475170135498e-02,4.245000000000000000e+03,4.275694824218750000e+03
4.862083792686462402e-01,-5.500000119209289551e-01,6.225293874740600586e-01,-4.143862724304199219e-01,7.783511281013488770e-01,6.386869400739669800e-02,2.905000000000000000e+03,3.079702392578125000e+03
-2.178191244602203369e-01,4.862083792686462402e-01,-1.124547794461250305e-01,3.370141983032226562e-01,1.155130505561828613e+00,6.962752342224121094e-02,3.843000000000000000e+03,3.938773437500000000e+03
-4.000000059604644775e-01,2.514390051364898682e-01,-5.311557054519653320e-01,1.183484122157096863e-01,9.614681601524353027e-01,5.997340753674507141e-02,3.604000000000000000e+03,3.739140380859375000e+03
-5.000000074505805969e-02,4.862083792686462402e-01,-7.794710807502269745e-03,6.032022833824157715e-01,5.064058899879455566e-01,9.828129410743713379e-02,1.559000000000000000e+03,1.651864990234375000e+03
4.545493423938751221e-01,2.132806330919265747e-01,2.391079813241958618e-01,7.440158724784851074e-01,1.125020980834960938e+00,6.714686751365661621e-02,3.707000000000000000e+03,4.618771484375000000e+03
7.672522217035293579e-02,-3.666139543056488037e-01,7.004256844520568848e-01,-5.622704625129699707e-01,1.158044934272766113e+00,5.842536315321922302e-02,4.596000000000000000e+03,5.971891601562500000e+03
-2.000000029802322388e-01,3.221365213394165039e-01,-5.780473351478576660e-01,-1.334831267595291138e-01,1.234514236450195312e+00,5.349292606115341187e-02,4.673000000000000000e+03,5.699756835937500000e+03
4.848762750625610352e-01,0.000000000000000000e+00,3.467240929603576660e-01,-4.092918932437896729e-01,1.252004027366638184e+00,5.412562191486358643e-02,4.493000000000000000e+03,5.012877929687500000e+03
-2.500000000000000000e-01,-1.618416309356689453e-01,-1.870167851448059082e-01,-4.809512943029403687e-02,1.159982085227966309e+00,5.974218994379043579e-02,4.163000000000000000e+03,4.214946777343750000e+03
3.580648824572563171e-02,3.896152675151824951e-01,3.549146652221679688e-01,4.403943121433258057e-01,1.143297791481018066e+00,6.809574365615844727e-02,4.406000000000000000e+03,4.751203613281250000e+03
-1.500000059604644775e-01,3.562291860580444336e-01,-2.020016014575958252e-01,3.428225815296173096e-01,1.091743588447570801e+00,5.784102901816368103e-02,3.453000000000000000e+03,3.461325683593750000e+03
-5.000000000000000000e-01,1.366542428731918335e-01,-4.737979471683502197e-01,2.065988034009933472e-01,7.253720760345458984e-01,7.757978141307830811e-02,2.305000000000000000e+03,2.329427734375000000e+03
9.482004493474960327e-02,-2.500000000000000000e-01,2.082215696573257446e-01,-1.852038502693176270e-01,9.105058908462524414e-01,6.799422204494476318e-02,3.405000000000000000e+03,3.474640625000000000e+03
2.514390051364898682e-01,8.687628805637359619e-02,2.581765353679656982e-01,-2.838796935975551605e-02,1.275864958763122559e+00,6.024376302957534790e-02,4.476000000000000000e+03,4.512778320312500000e+03
-5.500000119209289551e-01,-5.000000074505805969e-02,-2.183631211519241333e-01,1.594550609588623047e-01,1.063542723655700684e+00,6.555237621068954468e-02,3.773000000000000000e+03,4.271625000000000000e+03
5.784529447555541992e-01,-1.500000059604644775e-01,5.072281360626220703e-01,1.267512291669845581e-01,9.800598025321960449e-01,6.219883263111114502e-02,3.522000000000000000e+03,3.815213623046875000e+03
3.896152675151824951e-01,0.000000000000000000e+00,3.851873874664306641e-01,1.844911463558673859e-02,1.224741339683532715e+00,5.887376889586448669e-02,4.521000000000000000e+03,4.522086425781250000e+03
1.764043420553207397e-01,-4.000000059604644775e-01,-1.315013021230697632e-01,-4.226390719413757324e-01,9.043006896972656250e-01,6.140763685107231140e-02,3.904000000000000000e+03,4.346852050781250000e+03
4.862083792686462402e-01,1.973159313201904297e-01,5.359097123146057129e-01,2.083877176046371460e-01,6.831856369972229004e-01,8.614293485879898071e-02,2.290000000000000000e+03,2.302661621093750000e+03
3.562291860580444336e-01,-3.499999940395355225e-01,6.138489246368408203e-01,-1.185705065727233887e-01,1.019989728927612305e+00,5.144334957003593445e-02,3.935000000000000000e+03,4.376069335937500000e+03
-2.000000029802322388e-01,-3.499999940395355225e-01,8.038829267024993896e-02,9.717853367328643799e-02,1.188063383102416992e+00,6.175824999809265137e-02,4.747000000000000000e+03,5.645352539062500000e+03
7.215650286525487900e-03,-6.999999880790710449e-01,-1.610702369362115860e-03,-6.468761563301086426e-01,9.098701477050781250e-01,6.358215212821960449e-02,3.057000000000000000e+03,3.067706787109375000e+03
1.329784244298934937e-01,3.896152675151824951e-01,-3.045812547206878662e-01,5.434209704399108887e-01,1.263272047042846680e+00,5.965121090412139893e-02,4.317000000000000000e+03,4.880937988281250000e+03
1.735305190086364746e-01,3.562291860580444336e-01,1.021957099437713623e-01,3.217699825763702393e-01,7.997560501098632812e-01,5.788602307438850403e-02,2.896000000000000000e+03,2.924290527343750000e+03
3.221365213394165039e-01,0.000000000000000000e+00,4.869624599814414978e-02,-7.973497360944747925e-02,1.008512377738952637e+00,7.075350731611251831e-02,3.840000000000000000e+03,4.140858398437500000e+03
3.221365213394165039e-01,-6.999999880790710449e-01,1.641238778829574585e-01,-7.134691476821899414e-01,6.621457934379577637e-01,8.874002099037170410e-02,2.342000000000000000e+03,2.474292480468750000e+03
-4.672468006610870361e-01,2.145627290010452271e-01,-5.739797949790954590e-01,1.349201053380966187e-01,5.269384980201721191e-01,9.204716980457305908e-02,1.573000000000000000e+03,1.672177734375000000e+03
1.764043420553207397e-01,-2.000000029802322388e-01,4.657080471515655518e-01,-1.403708159923553467e-01,9.404423832893371582e-01,5.805687978863716125e-02,3.593000000000000000e+03,3.939624267578125000e+03
6.083970069885253906e-01,2.872454822063446045e-01,4.834160506725311279e-01,5.810471177101135254e-01,8.339392542839050293e-01,6.003753468394279480e-02,2.792000000000000000e+03,3.188913330078125000e+03
-2.500000000000000000e-01,-1.500000059604644775e-01,-1.448950469493865967e-01,4.934377223253250122e-02,1.099362134933471680e+00,5.660654604434967041e-02,4.495000000000000000e+03,4.682382324218750000e+03
-5.178191065788269043e-01,-5.000000000000000000e-01,-3.350840508937835693e-01,-1.624162793159484863e-01,9.156817793846130371e-01,7.260213792324066162e-02,2.610000000000000000e+03,3.051528076171875000e+03
2.514390051364898682e-01,3.221365213394165039e-01,3.412075936794281006e-01,8.262638933956623077e-03,1.197113633155822754e+00,6.214356794953346252e-02,4.487000000000000000e+03,4.814533691406250000e+03
-2.000000029802322388e-01,3.562291860580444336e-01,-3.529503345489501953e-01,2.512306571006774902e-01,1.238323926925659180e+00,5.434936657547950745e-02,4.357000000000000000e+03,4.454193847656250000e+03
-3.000000119209289551e-01,-3.000000119209289551e-01,5.824809893965721130e-02,2.908797562122344971e-01,1.163976907730102539e+00,5.514834821224212646e-02,4.402000000000000000e+03,5.858843261718750000e+03
6.083970069885253906e-01,-3.188199996948242188e-01,4.586688280105590820e-01,-4.661230742931365967e-01,8.199642896652221680e-01,6.937716901302337646e-02,2.763000000000000000e+03,2.941324218750000000e+03
-1.000000014901161194e-01,3.562291860580444336e-01,-1.892961710691452026e-01,1.247547194361686707e-01,1.221174955368041992e+00,5.719843506813049316e-02,5.024000000000000000e+03,5.228891113281250000e+03
3.975010663270950317e-02,1.764043420553207397e-01,-1.235756278038024902e-01,1.179417893290519714e-01,5.001126527786254883e-01,9.454117715358734131e-02,1.296000000000000000e+03,1.447747924804687500e+03
3.562291860580444336e-01,2.841922044754028320e-01,4.319132566452026367e-01,3.982999920845031738e-01,1.197090983390808105e+00,5.890073254704475403e-02,4.215000000000000000e+03,4.270058105468750000e+03
-6.000000238418579102e-01,-3.000000119209289551e-01,-7.941195368766784668e-01,-3.561019897460937500e-01,8.347202539443969727e-01,8.594801276922225952e-02,2.876000000000000000e+03,3.042445312500000000e+03
6.083970069885253906e-01,0.000000000000000000e+00,4.391226470470428467e-01,-2.121398299932479858e-01,9.109939336776733398e-01,6.338530778884887695e-02,3.381000000000000000e+03,3.674760009765625000e+03
2.462217807769775391e-01,6.672313809394836426e-01,3.362400233745574951e-01,7.514969706535339355e-01,9.939932823181152344e-01,5.381518229842185974e-02,3.450000000000000000e+03,3.502731445312500000e+03
2.555659413337707520e-02,2.872454822063446045e-01,1.681256480515003204e-02,8.819036930799484253e-02,6.162703037261962891e-01,8.190697431564331055e-02,2.091000000000000000e+03,2.304640869140625000e+03
4.223684668540954590e-01,9.482004493474960327e-02,3.136423230171203613e-01,9.558204561471939087e-02,1.221811652183532715e+00,6.620578467845916748e-02,5.078000000000000000e+03,5.118326660156250000e+03
3.896152675151824951e-01,-1.500000059604644775e-01,8.413627743721008301e-01,-2.480833232402801514e-01,1.205675005912780762e+00,5.521752685308456421e-02,4.857000000000000000e+03,5.547475585937500000e+03
3.221365213394165039e-01,-3.151089549064636230e-01,1.530560702085494995e-01,-6.568700671195983887e-01,1.146620154380798340e+00,6.473121047019958496e-02,4.885000000000000000e+03,5.411063964843750000e+03
-1.500000059604644775e-01,-2.131237089633941650e-01,-5.606036782264709473e-01,-3.524211049079895020e-01,1.117798566818237305e+00,5.847364664077758789e-02,4.815000000000000000e+03,5.515350585937500000e+03
-4.000000059604644775e-01,-2.500000000000000000e-01,-6.509904861450195312e-01,-4.652963280677795410e-01,1.197930574417114258e+00,5.180044099688529968e-02,4.156000000000000000e+03,4.467585937500000000e+03
3.580648824572563171e-02,-3.499999940395355225e-01,-2.921458482742309570e-01,-1.387429684400558472e-01,1.055418729782104492e+00,5.794790387153625488e-02,4.774000000000000000e+03,5.407354003906250000e+03
-4.166139364242553711e-01,-3.159073293209075928e-01,-7.374951839447021484e-01,-2.532013952732086182e-01,9.241342544555664062e-01,5.899155512452125549e-02,3.344000000000000000e+03,3.751260253906250000e+03
2.872454822063446045e-01,2.132806330919265747e-01,4.526520073413848877e-01,5.159217119216918945e-01,1.250349760055541992e+00,5.741560831665992737e-02,4.829000000000000000e+03,5.189439453125000000e+03
-2.500000000000000000e-01,5.481259822845458984e-01,-3.334659934043884277e-01,6.223054528236389160e-01,8.716531395912170410e-01,1.358139216899871826e-01,2.905000000000000000e+03,2.952446533203125000e+03
3.562291860580444336e-01,-1.666139364242553711e-01,2.649154365062713623e-01,-9.878752753138542175e-03,1.229755282402038574e+00,5.818809941411018372e-02,4.152000000000000000e+03,4.242012207031250000e+03
-4.103847444057464600e-01,9.179693460464477539e-01,-4.585523605346679688e-01,9.365941286087036133e-01,5.022760033607482910e-01,2.292502522468566895e-01,7.160000000000000000e+02,7.235123901367187500e+02
2.514390051364898682e-01,4.862083792686462402e-01,1.568911522626876831e-01,5.073426961898803711e-01,7.032512426376342773e-01,5.938543751835823059e-02,2.396000000000000000e+03,2.441116699218750000e+03
3.562291860580444336e-01,3.221365213394165039e-01,2.561230063438415527e-01,3.072264194488525391e-01,7.679197788238525391e-01,6.241854280233383179e-02,2.706000000000000000e+03,2.752761962890625000e+03
3.562291860580444336e-01,-1.000000014901161194e-01,1.407599151134490967e-01,-3.731146156787872314e-01,1.142798423767089844e+00,7.249580323696136475e-02,4.950000000000000000e+03,5.398628906250000000e+03
3.562291860580444336e-01,1.366542428731918335e-01,5.314019322395324707e-01,3.531381189823150635e-01,1.225283026695251465e+00,5.607790499925613403e-02,4.653000000000000000e+03,4.889814941406250000e+03
-1.000000014901161194e-01,-3.499999940395355225e-01,-4.833161830902099609e-01,-6.472115516662597656e-01,1.225597262382507324e+00,5.433018133044242859e-02,4.985000000000000000e+03,5.738154296875000000e+03
-1.618416309356689453e-01,-4.499999880790710449e-01,-2.783866524696350098e-01,-3.620564937591552734e-01,6.686972379684448242e-01,7.592669874429702759e-02,1.698000000000000000e+03,1.778016601562500000e+03
-2.500000000000000000e-01,2.145627290010452271e-01,-3.625490367412567139e-01,1.064220350235700607e-02,9.732352495193481445e-01,5.788820236921310425e-02,3.963000000000000000e+03,4.186857910156250000e+03
4.862083792686462402e-01,-6.419350951910018921e-02,3.998009264469146729e-01,-2.652969211339950562e-02,7.384863495826721191e-01,8.061920106410980225e-02,2.937000000000000000e+03,2.984578369140625000e+03
-1.314646601676940918e-01,6.083970069885253906e-01,9.081512689590454102e-03,5.956616401672363281e-01,8.978606462478637695e-01,7.374008744955062866e-02,2.767000000000000000e+03,2.835029052734375000e+03
-5.000000074505805969e-02,-6.024989485740661621e-02,-1.702318787574768066e-01,9.247227758169174194e-02,1.154905915260314941e+00,8.732188493013381958e-02,3.138000000000000000e+03,3.226050292968750000e+03
-1.618416309356689453e-01,5.000000074505805969e-02,-1.600294411182403564e-01,-3.226791694760322571e-02,5.371478796005249023e-01,6.420379132032394409e-02,1.728000000000000000e+03,1.768208374023437500e+03
3.221365213394165039e-01,5.000000074505805969e-02,3.160411715507507324e-01,-5.381087064743041992e-01,1.243543386459350586e+00,5.696125701069831848e-02,4.951000000000000000e+03,6.006781250000000000e+03
-2.500000000000000000e-01,3.221365213394165039e-01,1.033446490764617920e-01,4.253123104572296143e-01,1.199207067489624023e+00,5.993055924773216248e-02,4.513000000000000000e+03,4.928932617187500000e+03
2.872454822063446045e-01,-3.000000119209289551e-01,-1.044940948486328125e-02,-2.224801629781723022e-01,8.966383934020996094e-01,6.420963257551193237e-02,3.383000000000000000e+03,3.771351562500000000e+03
-5.000000074505805969e-02,-3.499999940395355225e-01,1.962553560733795166e-01,-6.441087126731872559e-01,1.158214330673217773e+00,7.797873020172119141e-02,4.055000000000000000e+03,4.488180175781250000e+03
2.514390051364898682e-01,-2.000000029802322388e-01,3.104616105556488037e-01,-6.570366621017456055e-01,1.096174478530883789e+00,5.439079180359840393e-02,3.298000000000000000e+03,3.860114501953125000e+03
4.862083792686462402e-01,2.863300442695617676e-01,6.014383211731910706e-02,2.815609276294708252e-01,1.048960566520690918e+00,6.116159632802009583e-02,3.485000000000000000e+03,4.040137207031250000e+03
-4.499999880790710449e-01,1.366542428731918335e-01,-4.790358841419219971e-01,3.799820840358734131e-01,1.018841147422790527e+00,5.490982159972190857e-02,4.477000000000000000e+03,4.732364257812500000e+03
1.748126149177551270e-01,5.784529447555541992e-01,2.503245770931243896e-01,6.849182248115539551e-01,5.589641928672790527e-01,1.061653792858123779e-01,2.544000000000000000e+03,2.680810546875000000e+03
3.815837576985359192e-02,3.543173968791961670e-01,2.650912292301654816e-02,1.418043375015258789e-01,7.410153746604919434e-01,7.620946317911148071e-02,2.835000000000000000e+03,3.063994384765625000e+03
-5.000000074505805969e-02,4.545493423938751221e-01,6.281910836696624756e-02,6.935934424400329590e-01,1.151956796646118164e+00,5.719723924994468689e-02,4.467000000000000000e+03,4.698979003906250000e+03
-2.500000000000000000e-01,-3.499999940395355225e-01,-1.374598294496536255e-01,-2.371667772531509399e-01,6.632429957389831543e-01,7.873266935348510742e-02,2.179000000000000000e+03,2.303288330078125000e+03
2.479487806558609009e-01,-3.000000119209289551e-01,1.365821957588195801e-01,-7.165713310241699219e-01,1.267649292945861816e+00,5.732526630163192749e-02,5.127000000000000000e+03,5.703973632812500000e+03
-2.678191363811492920e-01,5.000000074505805969e-02,-3.605759441852569580e-01,-1.162099279463291168e-02,1.163297295570373535e+00,6.615166366100311279e-02,4.650000000000000000e+03,4.692642089843750000e+03
-2.666139304637908936e-01,-2.000000029802322388e-01,-1.141593977808952332e-01,-1.249314025044441223e-01,1.250947952270507812e+00,5.829679593443870544e-02,4.821000000000000000e+03,4.909708007812500000e+03
-2.000000029802322388e-01,-5.500000119209289551e-01,-4.124302864074707031e-01,-5.133233666419982910e-01,9.513177871704101562e-01,7.150545716285705566e-02,3.226000000000000000e+03,3.389358154296875000e+03
3.221365213394165039e-01,9.482004493474960327e-02,3.339234888553619385e-01,4.216319918632507324e-01,1.007876753807067871e+00,6.598679721355438232e-02,3.311000000000000000e+03,3.650669677734375000e+03
2.145627290010452271e-01,-1.102498918771743774e-01,8.889067173004150391e-02,6.557906419038772583e-02,7.224094271659851074e-01,1.039860174059867859e-01,1.987000000000000000e+03,2.161112304687500000e+03
-1.000000014901161194e-01,1.764043420553207397e-01,-1.361308246850967407e-01,3.486739397048950195e-01,1.100340008735656738e+00,5.459858104586601257e-02,3.789000000000000000e+03,3.885353759765625000e+03
6.961627006530761719e-01,3.865561485290527344e-01,5.989672541618347168e-01,2.019098997116088867e-01,7.018404603004455566e-01,5.939693376421928406e-02,2.498000000000000000e+03,2.714119873046875000e+03
-4.000000059604644775e-01,-3.499999940395355225e-01,-5.133762583136558533e-02,-4.260230958461761475e-01,1.003830194473266602e+00,6.393821537494659424e-02,3.915000000000000000e+03,4.395550781250000000e+03
8.665423840284347534e-02,-3.499999940395355225e-01,4.505593478679656982e-01,-2.044804692268371582e-01,8.914321660995483398e-01,7.824111729860305786e-02,3.114000000000000000e+03,3.692419433593750000e+03
-2.500000000000000000e-01,-1.000000014901161194e-01,1.623216830193996429e-02,-2.913756072521209717e-01,1.233179092407226562e+00,6.513918191194534302e-02,4.832000000000000000e+03,5.167659667968750000e+03
-4.166139364242553711e-01,-2.500000000000000000e-01,-4.699665307998657227e-01,-4.755076169967651367e-01,1.195652365684509277e+00,6.140913069248199463e-02,4.234000000000000000e+03,4.391861328125000000e+03
-3.166139423847198486e-01,1.366542428731918335e-01,-2.857288420200347900e-01,2.576789259910583496e-01,1.026907444000244141e+00,6.617353856563568115e-02,4.012000000000000000e+03,4.071275390625000000e+03
5.173884034156799316e-01,-5.000000074505805969e-02,7.420834898948669434e-01,-6.019133329391479492e-01,1.133505702018737793e+00,7.132334262132644653e-02,3.971000000000000000e+03,5.008947265625000000e+03
4.223684668540954590e-01,2.872454822063446045e-01,3.205759227275848389e-01,1.607315242290496826e-01,1.117067575454711914e+00,6.645951420068740845e-02,4.216000000000000000e+03,4.304792968750000000e+03
9.482004493474960327e-02,3.896152675151824951e-01,2.598598301410675049e-01,9.250416606664657593e-02,1.274978637695312500e+00,5.786886438727378845e-02,4.914000000000000000e+03,5.256908691406250000e+03
8.665423840284347534e-02,2.514390051364898682e-01,2.839165627956390381e-01,1.169729530811309814e-01,9.653015136718750000e-01,6.258802860975265503e-02,3.881000000000000000e+03,4.115512207031250000e+03
3.562291860580444336e-01,1.366542428731918335e-01,3.856833279132843018e-01,3.254718482494354248e-01,1.200385451316833496e+00,5.960613861680030823e-02,3.596000000000000000e+03,3.686833984375000000e+03
-8.000000119209289551e-01,3.165905550122261047e-02,-8.464915752410888672e-01,-6.888222415000200272e-03,7.412177324295043945e-01,5.808118730783462524e-02,3.165000000000000000e+03,3.186007324218750000e+03
1.715452671051025391e-01,2.872454822063446045e-01,1.842190027236938477e-01,-2.433330565690994263e-01,1.208843469619750977e+00,6.120308861136436462e-02,4.773000000000000000e+03,5.656272949218750000e+03
-2.000000029802322388e-01,-2.678191363811492920e-01,-4.185086488723754883e-01,-2.246363461017608643e-01,1.048841476440429688e+00,5.924258381128311157e-02,3.909000000000000000e+03,4.083770019531250000e+03
3.896152675151824951e-01,5.000000074505805969e-02,2.758759260177612305e-01,1.212509423494338989e-01,1.274107336997985840e+00,5.813957378268241882e-02,3.830000000000000000e+03,3.872228027343750000e+03
-5.000000000000000000e-01,-3.159073293209075928e-01,-5.852517485618591309e-01,-3.665159940719604492e-01,7.969704866409301758e-01,5.704385787248611450e-02,3.156000000000000000e+03,3.204645019531250000e+03
5.173884034156799316e-01,3.165905550122261047e-02,3.144317567348480225e-01,5.562194585800170898e-01,1.238042831420898438e+00,5.168275535106658936e-02,4.073000000000000000e+03,4.879084472656250000e+03
-2.131237089633941650e-01,2.145627290010452271e-01,-6.849661469459533691e-01,-7.881646603345870972e-02,1.106740355491638184e+00,6.405014544725418091e-02,3.725000000000000000e+03,4.617291503906250000e+03
3.275320306420326233e-02,-2.688199877738952637e-01,-3.304869681596755981e-02,-2.771553993225097656e-01,7.000299692153930664e-01,6.355288624763488770e-02,1.856000000000000000e+03,1.872658203125000000e+03
-3.000000119209289551e-01,-1.000000014901161194e-01,-3.960579633712768555e-01,-3.795183897018432617e-01,1.108698368072509766e+00,5.436869710683822632e-02,4.280000000000000000e+03,4.578666992187500000e+03
3.562291860580444336e-01,0.000000000000000000e+00,9.182974696159362793e-01,-3.333304822444915771e-01,1.249084830284118652e+00,6.481599807739257812e-02,4.251000000000000000e+03,5.353683105468750000e+03
4.223684668540954590e-01,-5.000000074505805969e-02,9.220037609338760376e-02,-4.208937585353851318e-01,1.257251977920532227e+00,6.138831749558448792e-02,5.134000000000000000e+03,5.906730468750000000e+03
3.221365213394165039e-01,-1.000000014901161194e-01,1.397719383239746094e-01,2.747182361781597137e-02,9.919300675392150879e-01,7.243052124977111816e-02,3.161000000000000000e+03,3.317841796875000000e+03
5.481259822845458984e-01,2.145627290010452271e-01,2.399385869503021240e-01,1.701712459325790405e-01,9.902930855751037598e-01,6.253299117088317871e-02,3.710000000000000000e+03,4.067911376953125000e+03
1.366542428731918335e-01,5.000000074505805969e-02,4.538676142692565918e-01,3.528888523578643799e-01,1.099639177322387695e+00,7.442438602447509766e-02,4.213000000000000000e+03,4.859232910156250000e+03
-3.000000119209289551e-01,1.764043420553207397e-01,-1.030025258660316467e-01,1.172702461481094360e-01,1.188101768493652344e+00,5.953536182641983032e-02,4.890000000000000000e+03,5.035274902343750000e+03
2.872454822063446045e-01,2.872454822063446045e-01,1.814481765031814575e-01,1.201916784048080444e-01,8.753373026847839355e-01,6.780993193387985229e-02,3.971000000000000000e+03,4.171065917968750000e+03
3.687628731131553650e-02,-3.151089549064636230e-01,-2.857885062694549561e-01,3.739704564213752747e-02,1.118561744689941406e+00,6.168815493583679199e-02,3.986000000000000000e+03,4.686037597656250000e+03
-1.500000059604644775e-01,0.000000000000000000e+00,1.215787753462791443e-01,4.476922750473022461e-01,1.099170804023742676e+00,5.989054962992668152e-02,4.103000000000000000e+03,4.991127441406250000e+03
4.223684668540954590e-01,-1.000000014901161194e-01,4.553943574428558350e-01,-6.441713571548461914e-01,1.085133671760559082e+00,7.575565576553344727e-02,3.312000000000000000e+03,4.105360839843750000e+03
4.545493423938751221e-01,5.000000074505805969e-02,4.531111121177673340e-01,-4.558629095554351807e-01,1.193965315818786621e+00,5.569728836417198181e-02,4.542000000000000000e+03,5.327831054687500000e+03
-3.499999940395355225e-01,-1.651089638471603394e-01,-1.254014223814010620e-01,-1.469399929046630859e-01,1.257572412490844727e+00,5.873102322220802307e-02,5.049000000000000000e+03,5.209549804687500000e+03
-3.659073412418365479e-01,9.183419495820999146e-02,-2.374479621648788452e-01,-3.663587868213653564e-01,1.265095710754394531e+00,5.663339793682098389e-02,4.753000000000000000e+03,5.405798828125000000e+03
3.865561485290527344e-01,-3.499999940395355225e-01,3.160720467567443848e-01,-2.375563681125640869e-01,1.019706010818481445e+00,7.234714925289154053e-02,3.871000000000000000e+03,3.936307373046875000e+03
-5.000000074505805969e-02,-3.210686445236206055e-01,-5.761611834168434143e-02,-6.893218159675598145e-01,8.301443457603454590e-01,6.208672001957893372e-02,2.979000000000000000e+03,3.540665527343750000e+03
-1.102498918771743774e-01,3.896152675151824951e-01,-1.397078484296798706e-01,4.129055440425872803e-01,1.031521558761596680e+00,6.646741926670074463e-02,3.600000000000000000e+03,3.604807373046875000e+03
-4.499999880790710449e-01,-5.000000074505805969e-02,-5.840281248092651367e-01,4.239234328269958496e-01,1.201460838317871094e+00,5.708424374461174011e-02,4.456000000000000000e+03,5.179302246093750000e+03
4.512998163700103760e-01,-3.659073412418365479e-01,4.562391042709350586e-01,-3.428297042846679688e-01,7.586602568626403809e-01,6.458466500043869019e-02,2.668000000000000000e+03,2.670568359375000000e+03
3.221365213394165039e-01,-1.000000014901161194e-01,3.767920732498168945e-01,-5.601517483592033386e-02,1.090940952301025391e+00,5.883258581161499023e-02,3.911000000000000000e+03,3.927135253906250000e+03
-6.312371790409088135e-02,2.872454822063446045e-01,-1.076689586043357849e-01,-1.765796542167663574e-01,1.243107199668884277e+00,5.803682282567024231e-02,5.236000000000000000e+03,5.949632324218750000e+03
1.764043420553207397e-01,1.366542428731918335e-01,3.284369409084320068e-01,3.135500848293304443e-01,9.881848096847534180e-01,6.287645548582077026e-02,3.363000000000000000e+03,3.547464599609375000e+03
-4.476971924304962158e-02,4.545493423938751221e-01,1.605811268091201782e-01,3.365120589733123779e-01,1.050777673721313477e+00,7.386845350265502930e-02,3.692000000000000000e+03,3.877066406250000000e+03
-6.724679470062255859e-02,-4.000000059604644775e-01,-2.596035897731781006e-01,-2.255325913429260254e-01,1.262970447540283203e+00,5.530590936541557312e-02,4.542000000000000000e+03,4.732376953125000000e+03
-3.499999940395355225e-01,8.815837651491165161e-02,-3.934247791767120361e-01,-1.406842172145843506e-01,7.226865887641906738e-01,7.822348922491073608e-02,3.085000000000000000e+03,3.397640625000000000e+03
2.514390051364898682e-01,-1.500000059604644775e-01,2.880464196205139160e-01,-3.506371974945068359e-01,1.160847187042236328e+00,6.257682293653488159e-02,4.508000000000000000e+03,4.646162597656250000e+03
-4.499999880790710449e-01,-1.661394163966178894e-02,-2.098951786756515503e-01,4.137184843420982361e-02,9.685768485069274902e-01,6.576137244701385498e-02,3.007000000000000000e+03,3.199271240234375000e+03
-2.500000000000000000e-01,-1.500000059604644775e-01,-2.873013913631439209e-01,-3.048805892467498779e-01,9.384839534759521484e-01,6.267188489437103271e-02,3.485000000000000000e+03,3.584681884765625000e+03
1.297110766172409058e-01,-5.500000119209289551e-01,-1.422110199928283691e-01,-5.982725024223327637e-01,9.995581507682800293e-01,7.012506574392318726e-02,3.642000000000000000e+03,3.915050048828125000e+03
-3.000000119209289551e-01,1.764043420553207397e-01,-3.236497342586517334e-01,2.928446829319000244e-01,1.206574559211730957e+00,6.741566956043243408e-02,4.101000000000000000e+03,4.140647460937500000e+03
-4.000000059604644775e-01,-1.510896813124418259e-02,-3.387486636638641357e-01,3.910298943519592285e-01,1.218968987464904785e+00,5.773170292377471924e-02,4.405000000000000000e+03,4.892874023437500000e+03
-5.683409571647644043e-01,-1.000000014901161194e-01,-2.785174548625946045e-01,-1.466394364833831787e-01,7.609335184097290039e-01,9.431086480617523193e-02,2.323000000000000000e+03,2.657043457031250000e+03
2.872454822063446045e-01,-3.499999940395355225e-01,7.711295485496520996e-01,-2.282173931598663330e-01,1.145596623420715332e+00,5.675545707345008850e-02,4.746000000000000000e+03,5.611256347656250000e+03
-2.500000000000000000e-01,-5.500000119209289551e-01,-2.644945383071899414e-01,-8.614708185195922852e-01,7.869077324867248535e-01,8.518505096435546875e-02,3.030000000000000000e+03,3.489522949218750000e+03
1.366542428731918335e-01,2.872454822063446045e-01,-1.114313229918479919e-01,3.139879107475280762e-01,1.188007116317749023e+00,5.790247023105621338e-02,4.765000000000000000e+03,4.973543945312500000e+03
0.000000000000000000e+00,-2.500000000000000000e-01,4.429931938648223877e-01,-2.000896930694580078e-01,1.195935368537902832e+00,5.919662490487098694e-02,4.639000000000000000e+03,5.264009277343750000e+03
-3.183409571647644043e-01,-2.000000029802322388e-01,-3.291313648223876953e-01,1.124325394630432129e-01,1.137996554374694824e+00,6.861722469329833984e-02,3.788000000000000000e+03,4.068235351562500000e+03
-5.000000074505805969e-02,1.366542428731918335e-01,2.858793362975120544e-02,1.327126473188400269e-01,4.870181679725646973e-01,6.921117007732391357e-02,1.789000000000000000e+03,1.835413818359375000e+03
-4.000000059604644775e-01,1.366542428731918335e-01,-3.386184871196746826e-01,1.329388320446014404e-01,6.641162633895874023e-01,8.030066639184951782e-02,2.113000000000000000e+03,2.131154296875000000e+03
3.221365213394165039e-01,-3.000000119209289551e-01,2.540952265262603760e-01,-4.113280177116394043e-01,6.383751034736633301e-01,8.861925452947616577e-02,2.020000000000000000e+03,2.103748291015625000e+03
1.366542428731918335e-01,-3.659073412418365479e-01,-3.586306050419807434e-02,-5.047628283500671387e-01,1.251857995986938477e+00,5.654574558138847351e-02,5.064000000000000000e+03,5.221130371093750000e+03
-2.131237089633941650e-01,-6.000000238418579102e-01,-3.402758017182350159e-02,-6.273904442787170410e-01,9.191567301750183105e-01,9.036457538604736328e-02,2.905000000000000000e+03,3.017057617187500000e+03
-2.641935050487518311e-01,-5.000000074505805969e-02,-4.696578681468963623e-01,1.865904033184051514e-01,1.046235561370849609e+00,7.062528282403945923e-02,4.220000000000000000e+03,4.591349609375000000e+03
2.514390051364898682e-01,-1.500000059604644775e-01,2.165781557559967041e-01,-3.983185589313507080e-01,1.154158592224121094e+00,7.121315598487854004e-02,3.799000000000000000e+03,3.976166015625000000e+03
-2.131237089633941650e-01,-3.000000119209289551e-01,-3.404939174652099609e-01,-5.435574054718017578e-01,1.089795112609863281e+00,6.588567793369293213e-02,3.655000000000000000e+03,3.884368896484375000e+03
-2.131237089633941650e-01,-5.000000000000000000e-01,-4.244389832019805908e-01,-3.212995231151580811e-01,7.591808438301086426e-01,6.757576018571853638e-02,2.164000000000000000e+03,2.443420898437500000e+03
3.865561485290527344e-01,5.000000074505805969e-02,7.557832598686218262e-01,1.143309026956558228e-01,1.246122956275939941e+00,6.168871745467185974e-02,4.808000000000000000e+03,5.234683593750000000e+03
-3.499999940395355225e-01,-4.000000059604644775e-01,-6.127434968948364258e-02,-4.068438708782196045e-01,8.784678578376770020e-01,6.208880618214607239e-02,3.288000000000000000e+03,3.635018798828125000e+03
-2.651089727878570557e-01,-5.000000074505805969e-02,-3.897112011909484863e-01,-5.530967377126216888e-03,7.159811258316040039e-01,6.636471301317214966e-02,2.602000000000000000e+03,2.689870361328125000e+03
0.000000000000000000e+00,2.863300442695617676e-01,1.371371746063232422e-01,2.431476563215255737e-01,1.169352889060974121e+00,6.432605534791946411e-02,4.124000000000000000e+03,4.185976562500000000e+03
6.379825472831726074e-01,2.810245752334594727e-01,4.402048289775848389e-01,4.514331519603729248e-01,9.002332091331481934e-01,5.591209605336189270e-02,3.230000000000000000e+03,3.496599853515625000e+03
-4.704144299030303955e-01,6.379825472831726074e-01,-4.591980576515197754e-01,6.310833692550659180e-01,6.236988902091979980e-01,5.850204452872276306e-02,1.980000000000000000e+03,1.980873779296875000e+03
-4.166139364242553711e-01,-1.500000059604644775e-01,-3.722171187400817871e-01,-2.127078920602798462e-01,7.386183142662048340e-01,8.629874140024185181e-02,1.787000000000000000e+03,1.806318481445312500e+03
-3.499999940395355225e-01,-3.659073412418365479e-01,-3.661936521530151367e-02,-2.342757731676101685e-01,1.090864181518554688e+00,6.256560236215591431e-02,3.916000000000000000e+03,4.287582519531250000e+03
1.366542428731918335e-01,3.221365213394165039e-01,3.281365931034088135e-01,2.853772640228271484e-01,1.163045525550842285e+00,6.553173810243606567e-02,4.662000000000000000e+03,4.791974121093750000e+03
5.410520434379577637e-01,-8.500000238418579102e-01,4.890014827251434326e-01,-8.250949382781982422e-01,3.041584193706512451e-01,1.244617775082588196e-01,1.422000000000000000e+03,1.472630249023437500e+03
-4.172467887401580811e-01,4.223684668540954590e-01,-3.174635469913482666e-01,3.746870756149291992e-01,9.230729341506958008e-01,5.902018770575523376e-02,3.421000000000000000e+03,3.469830566406250000e+03
3.896152675151824951e-01,2.097904086112976074e-01,-1.415642797946929932e-01,3.679869696497917175e-02,1.194829463958740234e+00,5.429398640990257263e-02,4.699000000000000000e+03,5.682504882812500000e+03
1.955563426017761230e-01,-6.999999880790710449e-01,1.559924334287643433e-01,-6.247258782386779785e-01,2.968758046627044678e-01,1.025301069021224976e-01,1.029000000000000000e+03,1.111756591796875000e+03
-2.000000029802322388e-01,-3.000000119209289551e-01,-5.695399045944213867e-01,-6.815726161003112793e-01,1.194505095481872559e+00,7.927068322896957397e-02,4.432000000000000000e+03,5.273875000000000000e+03
3.073761053383350372e-02,5.481259822845458984e-01,8.177665621042251587e-02,7.842457890510559082e-01,9.394179582595825195e-01,6.881853193044662476e-02,3.484000000000000000e+03,3.710956787109375000e+03
-1.500000059604644775e-01,3.896152675151824951e-01,-1.972247064113616943e-01,2.885449230670928955e-01,8.743408918380737305e-01,5.820078402757644653e-02,3.165000000000000000e+03,3.216271728515625000e+03
6.961627006530761719e-01,-5.188199877738952637e-01,9.451314210891723633e-01,-5.605256557464599609e-01,7.694258093833923340e-01,9.000319987535476685e-02,2.397000000000000000e+03,2.648961181640625000e+03
-4.000000059604644775e-01,-1.118416264653205872e-01,9.446583688259124756e-02,-4.026360213756561279e-01,1.231380224227905273e+00,5.674811825156211853e-02,4.938000000000000000e+03,5.963840820312500000e+03
-1.102498918771743774e-01,-4.000000059604644775e-01,-6.859221309423446655e-02,3.350852802395820618e-02,1.158848166465759277e+00,5.448265373706817627e-02,4.157000000000000000e+03,4.725752929687500000e+03
-1.618416309356689453e-01,4.862083792686462402e-01,-1.361588537693023682e-01,5.962954163551330566e-01,6.677284836769104004e-01,9.216132760047912598e-02,2.246000000000000000e+03,2.309834228515625000e+03
-4.499999880790710449e-01,-2.500000000000000000e-01,-2.713461220264434814e-01,-4.137611389160156250e-01,1.143232464790344238e+00,6.602660566568374634e-02,4.269000000000000000e+03,4.458853027343750000e+03
-3.000000119209289551e-01,1.329784244298934937e-01,-1.383168697357177734e-01,1.480337083339691162e-01,5.741233825683593750e-01,7.482679188251495361e-02,2.176000000000000000e+03,2.346486328125000000e+03
6.672313809394836426e-01,-3.499999940395355225e-01,7.001977562904357910e-01,-2.166924923658370972e-01,7.939834594726562500e-01,6.580848246812820435e-02,2.678000000000000000e+03,2.757559326171875000e+03
-3.906310498714447021e-01,-9.499999880790710449e-01,-3.788610994815826416e-01,-8.828027844429016113e-01,4.133117198944091797e-01,8.888137340545654297e-02,1.351000000000000000e+03,1.387463378906250000e+03
-2.000000029802322388e-01,0.000000000000000000e+00,9.380827844142913818e-02,1.945398934185504913e-02,6.254568099975585938e-01,1.099928468465805054e-01,1.887000000000000000e+03,2.286400146484375000e+03
2.145627290010452271e-01,-3.000000119209289551e-01,6.032769083976745605e-01,9.923573583364486694e-03,1.252014875411987305e+00,5.415729060769081116e-02,5.118000000000000000e+03,5.897129882812500000e+03
-3.499999940395355225e-01,3.221365213394165039e-01,-1.818363517522811890e-01,7.592044472694396973e-01,9.599407315254211426e-01,7.059501856565475464e-02,3.670000000000000000e+03,4.500907714843750000e+03
4.545493423938751221e-01,1.979487836360931396e-01,1.808918714523315430e-01,1.236154809594154358e-01,1.060086727142333984e+00,5.724118649959564209e-02,4.169000000000000000e+03,4.462567871093750000e+03
-6.999999880790710449e-01,-5.000000074505805969e-02,-8.329725861549377441e-01,1.935057640075683594e-01,7.867065668106079102e-01,6.688902527093887329e-02,3.396000000000000000e+03,3.806361083984375000e+03
-5.500000119209289551e-01,1.366542428731918335e-01,-2.009137570858001709e-01,-8.107198029756546021e-02,1.029534220695495605e+00,6.748469918966293335e-02,3.116000000000000000e+03,3.595775390625000000e+03
-5.500000119209289551e-01,-2.672467827796936035e-01,-8.391996622085571289e-01,-2.164624631404876709e-01,1.062059402465820312e+00,5.756058916449546814e-02,4.328000000000000000e+03,4.652481445312500000e+03
-2.000000029802322388e-01,4.545493423938751221e-01,-3.578217327594757080e-01,3.823929131031036377e-01,1.108848571777343750e+00,5.607223883271217346e-02,4.227000000000000000e+03,4.330219238281250000e+03
1.665982753038406372e-01,-4.499999880790710449e-01,3.853068351745605469e-01,-1.128036528825759888e-01,1.228768944740295410e+00,5.470130592584609985e-02,3.881000000000000000e+03,4.285662597656250000e+03
-2.500000000000000000e-01,4.223684668540954590e-01,-5.350630879402160645e-01,3.907458782196044922e-01,8.760716319084167480e-01,7.922703027725219727e-02,2.753000000000000000e+03,3.041213623046875000e+03
2.872454822063446045e-01,2.514390051364898682e-01,5.875276327133178711e-01,2.021982967853546143e-01,1.270922541618347168e+00,5.039424449205398560e-02,4.610000000000000000e+03,4.870404785156250000e+03
-1.269505918025970459e-01,6.961627006530761719e-01,-2.550798356533050537e-01,4.830750226974487305e-01,7.511404156684875488e-01,1.046123132109642029e-01,1.723000000000000000e+03,1.907061523437500000e+03
-4.000000059604644775e-01,5.481259822845458984e-01,-3.665317893028259277e-01,8.830412030220031738e-01,9.447551965713500977e-01,6.330657005310058594e-02,3.736000000000000000e+03,4.196376953125000000e+03
7.820610702037811279e-02,-6.000000238418579102e-01,-1.898636519908905029e-01,-5.397404432296752930e-01,9.573620557785034180e-01,1.021478846669197083e-01,3.366000000000000000e+03,3.637885253906250000e+03
3.221365213394165039e-01,2.145627290010452271e-01,6.186071038246154785e-01,1.750022172927856445e-01,1.139244198799133301e+00,6.828857213258743286e-02,3.969000000000000000e+03,4.238496582031250000e+03
-4.000000059604644775e-01,2.514390051364898682e-01,-6.132578849792480469e-01,1.161173433065414429e-01,9.931355118751525879e-01,7.820402085781097412e-02,3.659000000000000000e+03,3.891870605468750000e+03
-6.000000238418579102e-01,-1.141935139894485474e-01,-7.422247529029846191e-01,4.605063050985336304e-02,8.441737294197082520e-01,7.788526266813278198e-02,2.789000000000000000e+03,2.965672607421875000e+03
-3.178191184997558594e-01,5.784529447555541992e-01,-8.479125052690505981e-02,5.994499921798706055e-01,8.165466785430908203e-01,7.154335826635360718e-02,2.819000000000000000e+03,3.045716064453125000e+03
2.514390051364898682e-01,2.063483893871307373e-01,1.764481663703918457e-01,4.969300627708435059e-01,1.178122520446777344e+00,5.332100391387939453e-02,4.845000000000000000e+03,5.154795410156250000e+03
3.213381767272949219e-01,-4.499999880790710449e-01,5.852523446083068848e-01,-6.247363686561584473e-01,7.610143423080444336e-01,8.062919229269027710e-02,2.499000000000000000e+03,2.915452880859375000e+03
3.221365213394165039e-01,2.872454822063446045e-01,4.313317835330963135e-01,3.044956922531127930e-01,9.784553647041320801e-01,5.478453263640403748e-02,3.170000000000000000e+03,3.210291259765625000e+03
6.083970069885253906e-01,-2.659073472023010254e-01,6.765973567962646484e-01,1.796500198543071747e-02,7.853402495384216309e-01,6.312189251184463501e-02,2.944000000000000000e+03,3.339118164062500000e+03
4.183419048786163330e-02,3.221365213394165039e-01,7.221394777297973633e-02,5.435964465141296387e-01,9.764968752861022949e-01,6.824845820665359497e-02,3.158000000000000000e+03,3.321177978515625000e+03
6.578899919986724854e-02,-5.000000000000000000e-01,-9.269447624683380127e-02,-8.195798993110656738e-01,1.039449930191040039e+00,6.086687743663787842e-02,3.908000000000000000e+03,4.356619140625000000e+03
-2.000000029802322388e-01,2.145627290010452271e-01,-7.526326924562454224e-02,1.368547528982162476e-01,7.114914655685424805e-01,8.611209690570831299e-02,2.046000000000000000e+03,2.132225585937500000e+03
-3.499999940395355225e-01,3.896152675151824951e-01,-4.913593232631683350e-01,5.044590830802917480e-01,7.738841176033020020e-01,6.342137604951858521e-02,2.671000000000000000e+03,2.816787353515625000e+03
-2.000000029802322388e-01,6.961627006530761719e-01,-1.674873977899551392e-01,8.316434025764465332e-01,6.781260371208190918e-01,8.511306345462799072e-02,2.434000000000000000e+03,2.535465576171875000e+03
-2.500000000000000000e-01,-1.500000059604644775e-01,6.139855459332466125e-02,-1.392729878425598145e-01,9.591819047927856445e-01,5.722422525286674500e-02,3.786000000000000000e+03,4.175980957031250000e+03
3.221365213394165039e-01,3.896152675151824951e-01,4.785213172435760498e-01,8.353012800216674805e-01,1.036111831665039062e+00,6.140049919486045837e-02,4.064000000000000000e+03,4.871308105468750000e+03
1.764043420553207397e-01,-6.000000238418579102e-01,2.076475769281387329e-01,-6.832240819931030273e-01,1.031144499778747559e+00,5.728132650256156921e-02,4.153000000000000000e+03,4.183753906250000000e+03
4.862083792686462402e-01,-6.881999224424362183e-02,3.699204325675964355e-01,2.008084058761596680e-01,1.188665509223937988e+00,5.727256089448928833e-02,4.154000000000000000e+03,4.403815429687500000e+03
-5.683409571647644043e-01,3.562291860580444336e-01,-5.071465969085693359e-01,1.879876703023910522e-01,9.843513369560241699e-01,4.829948395490646362e-02,3.335000000000000000e+03,3.444306884765625000e+03
-4.000000059604644775e-01,-1.000000014901161194e-01,3.012175671756267548e-03,-3.807354569435119629e-01,1.194128036499023438e+00,5.533913150429725647e-02,4.513000000000000000e+03,5.248315429687500000e+03
-4.499999880790710449e-01,4.482004791498184204e-02,4.240009561181068420e-02,1.328945755958557129e-01,1.160536289215087891e+00,6.401825696229934692e-02,4.261000000000000000e+03,5.020612304687500000e+03
-5.000000000000000000e-01,-3.499999940395355225e-01,-5.102496743202209473e-01,-6.712558269500732422e-01,1.086048960685729980e+00,5.721542984247207642e-02,3.172000000000000000e+03,3.444106201171875000e+03
-1.131237149238586426e-01,-3.000000119209289551e-01,-1.470330264419317245e-02,-3.208017647266387939e-01,7.042271494865417480e-01,1.605332493782043457e-01,1.953000000000000000e+03,1.992649658203125000e+03
-1.000000014901161194e-01,-5.500000119209289551e-01,7.121223025023937225e-03,-4.456322491168975830e-01,1.097997307777404785e+00,5.750475823879241943e-02,3.968000000000000000e+03,4.041012451171875000e+03
6.083970069885253906e-01,-5.000000000000000000e-01,5.037303566932678223e-01,-3.117702901363372803e-01,8.994289636611938477e-01,6.727492064237594604e-02,3.026000000000000000e+03,3.196929687500000000e+03
-5.500000119209289551e-01,2.486553937196731567e-01,-8.768187165260314941e-01,2.990793585777282715e-01,1.068348765373229980e+00,5.539976805448532104e-02,4.196000000000000000e+03,4.589220703125000000e+03
5.173884034156799316e-01,2.872454822063446045e-01,7.017637491226196289e-01,4.077388048171997070e-01,9.746453762054443359e-01,6.767836958169937134e-02,4.129000000000000000e+03,4.337026367187500000e+03
6.083970069885253906e-01,-1.000000014901161194e-01,4.471483528614044189e-01,-3.265134394168853760e-01,8.610625267028808594e-01,6.511842459440231323e-02,2.712000000000000000e+03,2.987963134765625000e+03
-5.000000000000000000e-01,2.145627290010452271e-01,-6.746689081192016602e-01,1.345792561769485474e-01,6.199362874031066895e-01,8.506889641284942627e-02,1.658000000000000000e+03,1.814024047851562500e+03
-1.102498918771743774e-01,5.481259822845458984e-01,2.145534567534923553e-02,4.640576839447021484e-01,1.090579032897949219e+00,6.266445666551589966e-02,3.443000000000000000e+03,3.513417724609375000e+03
1.995541453361511230e-01,-4.166139364242553711e-01,1.781516522169113159e-01,-4.401954710483551025e-01,2.632799744606018066e-01,1.128417402505874634e-01,6.720000000000000000e+02,6.817594604492187500e+02
1.724607348442077637e-01,-1.000000014901161194e-01,1.809301972389221191e-01,-6.673523038625717163e-02,1.074040651321411133e+00,5.676455423235893250e-02,3.585000000000000000e+03,3.588677734375000000e+03
6.379825472831726074e-01,1.408809423446655273e-01,6.729113459587097168e-01,-2.861850336194038391e-02,6.011986732482910156e-01,1.183723807334899902e-01,1.563000000000000000e+03,1.689797973632812500e+03
-1.500000059604644775e-01,1.366542428731918335e-01,-8.152554929256439209e-02,1.051004454493522644e-01,6.095227599143981934e-01,7.184668630361557007e-02,2.352000000000000000e+03,2.387949218750000000e+03
-1.500000059604644775e-01,1.366542428731918335e-01,-2.791718244552612305e-01,2.019898146390914917e-01,1.145200848579406738e+00,5.980639159679412842e-02,4.541000000000000000e+03,4.613361816406250000e+03
-3.151089549064636230e-01,-1.102498918771743774e-01,-1.295687854290008545e-01,-4.318201243877410889e-01,8.174673318862915039e-01,8.226513117551803589e-02,3.069000000000000000e+03,3.674122314453125000e+03
-4.000000059604644775e-01,-1.500000059604644775e-01,-6.410365104675292969e-01,-1.946500092744827271e-01,1.255175709724426270e+00,5.133651942014694214e-02,4.637000000000000000e+03,4.811867187500000000e+03
8.580648899078369141e-02,3.562291860580444336e-01,2.285852283239364624e-01,7.305235266685485840e-01,1.214823484420776367e+00,5.780844390392303467e-02,4.723000000000000000e+03,5.223487304687500000e+03
-1.102498918771743774e-01,-3.000000119209289551e-01,1.155732423067092896e-01,-3.245580494403839111e-01,1.208704233169555664e+00,5.451762676239013672e-02,4.905000000000000000e+03,5.076611816406250000e+03
-3.172467947006225586e-01,4.223684668540954590e-01,5.687317997217178345e-02,3.306649252772331238e-02,1.088035821914672852e+00,5.620775371789932251e-02,4.285000000000000000e+03,5.288500000000000000e+03
-6.000000238418579102e-01,-1.781912706792354584e-02,-4.323968291282653809e-01,-5.988048911094665527e-01,1.142442703247070312e+00,6.396852433681488037e-02,3.755000000000000000e+03,4.751623046875000000e+03
-6.000000238418579102e-01,-3.292809426784515381e-02,-5.315912365913391113e-01,-4.520336389541625977e-01,9.738754630088806152e-01,5.878334864974021912e-02,3.784000000000000000e+03,4.473871093750000000e+03
2.514390051364898682e-01,-3.000000119209289551e-01,2.618935406208038330e-01,-2.328453660011291504e-01,1.210136532783508301e+00,6.285487115383148193e-02,4.940000000000000000e+03,4.955577636718750000e+03
-6.499999761581420898e-01,-1.131237149238586426e-01,-5.822786092758178711e-01,-1.371979862451553345e-01,5.412483811378479004e-01,5.426690354943275452e-02,1.778000000000000000e+03,1.809216552734375000e+03
3.221365213394165039e-01,-4.000000059604644775e-01,3.492167294025421143e-01,-2.937200069427490234e-01,7.418898344039916992e-01,6.152686476707458496e-02,3.512000000000000000e+03,3.588137451171875000e+03
-4.000000059604644775e-01,1.366542428731918335e-01,-4.610311686992645264e-01,1.484426204115152359e-02,8.451170921325683594e-01,6.166510283946990967e-02,3.045000000000000000e+03,3.123475830078125000e+03
-8.204144239425659180e-01,1.938342750072479248e-01,-9.805923700332641602e-01,3.652530014514923096e-01,5.767076015472412109e-01,1.004171743988990784e-01,2.055000000000000000e+03,2.383583740234375000e+03
4.223684668540954590e-01,-2.000000029802322388e-01,2.909165322780609131e-01,7.211840897798538208e-02,1.170701980590820312e+00,5.326318740844726562e-02,4.869000000000000000e+03,5.187652832031250000e+03
-1.631237119436264038e-01,-2.500000000000000000e-01,-5.636021494865417480e-01,-3.680667877197265625e-01,1.078264117240905762e+00,6.851825863122940063e-02,3.965000000000000000e+03,4.539523925781250000e+03
-1.500000059604644775e-01,-6.999999880790710449e-01,-3.418554663658142090e-01,-6.323912739753723145e-01,8.528422117233276367e-01,6.983268260955810547e-02,2.889000000000000000e+03,3.051396972656250000e+03
4.223684668540954590e-01,2.145627290010452271e-01,6.157664656639099121e-01,1.399246901273727417e-01,7.025184631347656250e-01,7.122988253831863403e-02,3.011000000000000000e+03,3.268196044921875000e+03
0.000000000000000000e+00,-1.500000059604644775e-01,-1.985769160091876984e-02,-4.285532832145690918e-01,9.361231923103332520e-01,5.587212741374969482e-02,3.734000000000000000e+03,4.059810302734375000e+03
-3.000000119209289551e-01,4.223684668540954590e-01,-5.260130763053894043e-01,8.181550502777099609e-01,1.048032164573669434e+00,6.484837830066680908e-02,4.209000000000000000e+03,4.973493652343750000e+03
5.173884034156799316e-01,1.707469075918197632e-01,6.804100871086120605e-01,2.592031359672546387e-01,7.676984071731567383e-01,7.835033535957336426e-02,3.264000000000000000e+03,3.451989013671875000e+03
1.242631971836090088e-01,-5.500000119209289551e-01,3.786339759826660156e-01,-8.818695545196533203e-01,8.031885623931884766e-01,1.103820726275444031e-01,2.489000000000000000e+03,3.127291503906250000e+03
1.366542428731918335e-01,3.896152675151824951e-01,4.585477709770202637e-02,1.119268536567687988e-01,1.271279573440551758e+00,5.864731222391128540e-02,5.080000000000000000e+03,5.345140136718750000e+03
3.562291860580444336e-01,-5.000000074505805969e-02,2.038501501083374023e-01,-1.141532231122255325e-02,1.166523933410644531e+00,6.336624920368194580e-02,4.739000000000000000e+03,4.824855468750000000e+03
-6.000000238418579102e-01,2.689045667648315430e-01,-5.022403001785278320e-01,4.090256989002227783e-01,8.032234311103820801e-01,9.073345363140106201e-02,3.006000000000000000e+03,3.140397216796875000e+03
3.562291860580444336e-01,-5.500000119209289551e-01,4.470939040184020996e-01,-5.343326330184936523e-01,9.825235605239868164e-01,5.046240612864494324e-02,3.172000000000000000e+03,3.199857666015625000e+03
3.562291860580444336e-01,1.597903966903686523e-01,5.554139614105224609e-01,-7.999959588050842285e-02,1.064512491226196289e+00,5.875556170940399170e-02,4.185000000000000000e+03,4.536414062500000000e+03
3.221365213394165039e-01,1.764043420553207397e-01,2.340316325426101685e-01,1.830277740955352783e-01,8.012848496437072754e-01,5.701280385255813599e-02,2.894000000000000000e+03,2.929117187500000000e+03
2.145627290010452271e-01,-3.000000119209289551e-01,2.673603594303131104e-01,-1.147767901420593262e-01,1.125768542289733887e+00,5.649214982986450195e-02,3.612000000000000000e+03,3.717299804687500000e+03
-3.000000119209289551e-01,2.145627290010452271e-01,-5.607432126998901367e-01,5.494371801614761353e-02,1.172613382339477539e+00,5.530410259962081909e-02,4.463000000000000000e+03,4.761898437500000000e+03
3.221365213394165039e-01,3.221365213394165039e-01,1.556862443685531616e-01,5.810970664024353027e-01,9.344355463981628418e-01,2.091392427682876587e-01,1.613000000000000000e+03,1.783926513671875000e+03
-2.641935050487518311e-01,5.000000074505805969e-02,6.454483419656753540e-02,1.808076053857803345e-01,1.219728589057922363e+00,5.723006650805473328e-02,5.231000000000000000e+03,5.662759277343750000e+03
4.848762750625610352e-01,1.426778882741928101e-01,8.012954592704772949e-01,-6.700470298528671265e-02,1.140927672386169434e+00,8.168942481279373169e-02,3.828000000000000000e+03,4.241896484375000000e+03
5.173884034156799316e-01,1.316963285207748413e-01,3.742935955524444580e-01,8.946764469146728516e-02,6.964677572250366211e-01,7.844065874814987183e-02,1.854000000000000000e+03,1.938219360351562500e+03
9.482004493474960327e-02,-2.641935050487518311e-01,2.377129346132278442e-01,-3.218212723731994629e-01,7.363064885139465332e-01,6.535467505455017090e-02,2.319000000000000000e+03,2.419408935546875000e+03
-2.000000029802322388e-01,-3.659073412418365479e-01,3.429650887846946716e-02,-3.365553617477416992e-01,1.216647982597351074e+00,6.186830997467041016e-02,4.676000000000000000e+03,4.850340820312500000e+03
9.482004493474960327e-02,-4.166139364242553711e-01,-4.149005934596061707e-02,-3.324395120143890381e-01,1.242603778839111328e+00,5.657098814845085144e-02,4.241000000000000000e+03,4.311403320312500000e+03
8.665423840284347534e-02,3.562291860580444336e-01,4.214161038398742676e-01,3.357568383216857910e-01,8.989685773849487305e-01,3.477172255516052246e-01,5.688000000000000000e+03,6.454340332031250000e+03
-4.672468006610870361e-01,-2.500000000000000000e-01,-5.253854990005493164e-01,-2.358091473579406738e-01,4.305027723312377930e-01,8.614187687635421753e-02,1.128000000000000000e+03,1.149731079101562500e+03
-4.499999880790710449e-01,-3.000000119209289551e-01,-3.166956305503845215e-01,-8.932989090681076050e-02,1.136722564697265625e+00,5.309164524078369141e-02,4.614000000000000000e+03,4.833702148437500000e+03
0.000000000000000000e+00,1.366542428731918335e-01,3.502549231052398682e-01,1.811505556106567383e-01,9.539092183113098145e-01,7.028936594724655151e-02,3.399000000000000000e+03,3.849936279296875000e+03
1.366542428731918335e-01,-3.000000119209289551e-01,2.415764480829238892e-01,-3.813940882682800293e-01,8.257017135620117188e-01,7.512354850769042969e-02,2.504000000000000000e+03,2.568533203125000000e+03
3.562291860580444336e-01,5.000000074505805969e-02,8.806853890419006348e-01,2.461328357458114624e-01,1.239514350891113281e+00,5.612221360206604004e-02,4.880000000000000000e+03,5.835051269531250000e+03
-3.000000119209289551e-01,-2.000000029802322388e-01,-2.985230386257171631e-01,-9.020473062992095947e-02,1.137134194374084473e+00,5.964399874210357666e-02,4.878000000000000000e+03,4.923212890625000000e+03
7.924878597259521484e-02,-3.000000119209289551e-01,-1.433110833168029785e-01,-3.990555405616760254e-01,1.182796835899353027e+00,5.203170329332351685e-02,4.859000000000000000e+03,5.062664062500000000e+03
-5.000000000000000000e-01,-5.000000074505805969e-02,-4.016110301017761230e-01,-8.975797891616821289e-02,6.520432233810424805e-01,5.803632363677024841e-02,2.024000000000000000e+03,2.077210937500000000e+03
-1.500000059604644775e-01,4.223684668540954590e-01,-2.472548931837081909e-01,3.739351928234100342e-01,8.960024714469909668e-01,7.566498219966888428e-02,2.916000000000000000e+03,2.958714843750000000e+03
2.514390051364898682e-01,-1.500000059604644775e-01,4.522826373577117920e-01,-4.460887908935546875e-01,1.073339462280273438e+00,5.991837009787559509e-02,3.841000000000000000e+03,4.257973632812500000e+03
2.145627290010452271e-01,-4.672468006610870361e-01,3.027040064334869385e-01,-8.145474195480346680e-01,1.035216450691223145e+00,6.427507102489471436e-02,3.677000000000000000e+03,4.105839843750000000e+03
-8.292809128761291504e-02,4.223684668540954590e-01,-2.670226097106933594e-01,4.316186308860778809e-01,5.571331977844238281e-01,8.125454932451248169e-02,1.802000000000000000e+03,1.994500732421875000e+03
-1.118416264653205872e-01,-3.659073412418365479e-01,-1.465959250926971436e-01,-2.077052742242813110e-01,1.262382268905639648e+00,5.963700637221336365e-02,5.250000000000000000e+03,5.335746582031250000e+03
-4.183409512042999268e-01,-6.000000238418579102e-01,-2.885268926620483398e-01,-3.238060176372528076e-01,8.019804954528808594e-01,6.784950941801071167e-02,2.921000000000000000e+03,3.329948486328125000e+03
-1.319437026977539062e-01,5.784529447555541992e-01,-7.356497645378112793e-02,6.565579175949096680e-01,4.206770062446594238e-01,8.410070091485977173e-02,1.530000000000000000e+03,1.611061767578125000e+03
-5.179951898753643036e-03,-2.641935050487518311e-01,-6.849256157875061035e-02,-2.745495140552520752e-01,4.313143491744995117e-01,6.917380541563034058e-02,1.035000000000000000e+03,1.057761840820312500e+03
-6.188200116157531738e-01,-6.184162572026252747e-02,-4.532334804534912109e-01,-2.267259210348129272e-01,9.853394627571105957e-01,8.116728067398071289e-02,3.195000000000000000e+03,3.371980468750000000e+03
-1.500000059604644775e-01,2.872454822063446045e-01,-4.497570544481277466e-02,2.464675456285476685e-01,1.022214889526367188e+00,6.252106279134750366e-02,3.084000000000000000e+03,3.121422607421875000e+03
2.514390051364898682e-01,-3.499999940395355225e-01,-2.163890153169631958e-01,-2.275606542825698853e-01,1.157145500183105469e+00,6.448251754045486450e-02,4.163000000000000000e+03,4.861981933593750000e+03
-3.037051111459732056e-02,3.562291860580444336e-01,-2.596805393695831299e-01,5.574551224708557129e-01,7.149593234062194824e-01,7.410681992769241333e-02,2.878000000000000000e+03,3.381558349609375000e+03
5.481259822845458984e-01,4.217961132526397705e-01,5.967109203338623047e-01,9.477345943450927734e-01,1.000525236129760742e+00,5.427662283182144165e-02,3.019000000000000000e+03,3.814168212890625000e+03
3.562291860580444336e-01,2.112953811883926392e-01,2.468218505382537842e-01,-4.347631707787513733e-02,1.281580090522766113e+00,5.444797873497009277e-02,4.250000000000000000e+03,4.447163574218750000e+03
-3.000000119209289551e-01,2.872454822063446045e-01,2.999370396137237549e-01,3.661910593509674072e-01,1.193744778633117676e+00,6.652631610631942749e-02,4.611000000000000000e+03,5.736573730468750000e+03
-2.000000029802322388e-01,3.221365213394165039e-01,-8.583875000476837158e-02,6.115145087242126465e-01,1.224604368209838867e+00,5.364657938480377197e-02,5.127000000000000000e+03,5.453298828125000000e+03
-2.500000000000000000e-01,3.221365213394165039e-01,6.760726124048233032e-02,-1.751221269369125366e-01,1.174471020698547363e+00,5.924070999026298523e-02,4.408000000000000000e+03,5.463898437500000000e+03
3.562291860580444336e-01,-2.500000000000000000e-01,2.631780803203582764e-01,-1.494149714708328247e-01,1.188846349716186523e+00,6.101983785629272461e-02,3.769000000000000000e+03,3.819127929687500000e+03
4.223684668540954590e-01,-1.166139394044876099e-01,1.707023680210113525e-01,-2.591605589259415865e-04,8.965315818786621094e-01,6.272363662719726562e-02,3.268000000000000000e+03,3.574254882812500000e+03
3.562291860580444336e-01,1.764043420553207397e-01,7.843405604362487793e-01,5.707493424415588379e-01,1.245091557502746582e+00,4.481457173824310303e-02,4.652000000000000000e+03,5.622040039062500000e+03
4.545493423938751221e-01,1.764043420553207397e-01,6.530781388282775879e-01,2.597068250179290771e-01,7.919111251831054688e-01,7.343867421150207520e-02,2.740000000000000000e+03,2.939116455078125000e+03
-4.499999880790710449e-01,-3.000000119209289551e-01,-6.328721642494201660e-01,-2.142633199691772461e-01,5.817746520042419434e-01,9.755360335111618042e-02,1.936000000000000000e+03,2.162685302734375000e+03
6.707109510898590088e-02,4.223684668540954590e-01,-2.861171662807464600e-01,7.747700810432434082e-01,1.263421058654785156e+00,5.376045405864715576e-02,4.239000000000000000e+03,4.877021972656250000e+03
-3.499999940395355225e-01,-1.659073382616043091e-01,-2.694383263587951660e-01,-6.616218686103820801e-01,1.187312245368957520e+00,5.403641611337661743e-02,4.904000000000000000e+03,5.749291015625000000e+03
-6.000000238418579102e-01,-5.000000074505805969e-02,-5.861901640892028809e-01,-1.240424662828445435e-01,6.573513746261596680e-01,6.729253381490707397e-02,2.109000000000000000e+03,2.136548583984375000e+03
3.687628731131553650e-02,3.896152675151824951e-01,1.252551078796386719e-01,5.507089495658874512e-01,1.265871644020080566e+00,5.443855375051498413e-02,5.183000000000000000e+03,5.291365234375000000e+03
3.896152675151824951e-01,2.872454822063446045e-01,-2.013738639652729034e-02,4.098483920097351074e-01,1.143306851387023926e+00,6.706509739160537720e-02,4.394000000000000000e+03,4.990574707031250000e+03
3.562291860580444336e-01,2.132806330919265747e-01,3.264122903347015381e-01,8.936284482479095459e-02,1.262313008308410645e+00,5.370419099926948547e-02,4.301000000000000000e+03,4.344779296875000000e+03
4.223684668540954590e-01,-1.000000014901161194e-01,3.223898410797119141e-01,-1.173514574766159058e-01,1.136743068695068359e+00,5.942300707101821899e-02,3.671000000000000000e+03,3.700152832031250000e+03
-4.499999880790710449e-01,1.764043420553207397e-01,-3.735063374042510986e-01,1.937268823385238647e-01,9.738972187042236328e-01,8.445168286561965942e-02,2.575000000000000000e+03,2.591667236328125000e+03
-3.000000119209289551e-01,-1.000000014901161194e-01,-2.336836010217666626e-01,-2.559901028871536255e-02,1.225705862045288086e+00,6.236910074949264526e-02,4.471000000000000000e+03,4.500675781250000000e+03
4.545493423938751221e-01,-2.000000029802322388e-01,4.544080793857574463e-01,-2.486238628625869751e-01,5.208322405815124512e-01,7.138618081808090210e-02,1.283000000000000000e+03,1.294145141601562500e+03
-1.303705126047134399e-01,3.896152675151824951e-01,1.387807130813598633e-01,3.146423399448394775e-01,1.191216707229614258e+00,6.899090856313705444e-02,4.256000000000000000e+03,4.487155273437500000e+03
4.223684668540954590e-01,5.000000074505805969e-02,4.522670507431030273e-01,-2.475349307060241699e-01,1.242498517036437988e+00,5.495486781001091003e-02,4.845000000000000000e+03,5.121354492187500000e+03
4.862083792686462402e-01,-2.500000000000000000e-01,1.959842592477798462e-01,-3.928715586662292480e-01,6.208376884460449219e-01,1.225029304623603821e-01,1.745000000000000000e+03,2.194204101562500000e+03
-2.000000029802322388e-01,-5.000000000000000000e-01,-4.778539240360260010e-01,-7.887303233146667480e-01,1.111580610275268555e+00,5.180845409631729126e-02,4.160000000000000000e+03,4.684770019531250000e+03
3.562291860580444336e-01,-5.000000074505805969e-02,4.336528852581977844e-02,-2.007109820842742920e-01,9.941152334213256836e-01,7.650198787450790405e-02,3.438000000000000000e+03,3.846954345703125000e+03
3.221365213394165039e-01,-2.500000000000000000e-01,-2.169047594070434570e-01,-4.780195057392120361e-01,1.272814273834228516e+00,5.660419538617134094e-02,5.157000000000000000e+03,6.200715820312500000e+03
-2.500000000000000000e-01,3.562291860580444336e-01,1.664594113826751709e-01,4.306907057762145996e-01,6.948536634445190430e-01,7.291260361671447754e-02,2.680000000000000000e+03,3.608147949218750000e+03
-2.000000029802322388e-01,3.517220914363861084e-01,-2.510750889778137207e-01,3.619921803474426270e-01,5.480136275291442871e-01,1.088714599609375000e-01,1.626000000000000000e+03,1.640593872070312500e+03
-4.166139364242553711e-01,-1.659073382616043091e-01,-7.285873293876647949e-01,-5.061147212982177734e-01,1.177828311920166016e+00,5.626451969146728516e-02,4.631000000000000000e+03,5.317520507812500000e+03
-3.499999940395355225e-01,2.872454822063446045e-01,-2.470630109310150146e-01,2.233903706073760986e-01,9.935520291328430176e-01,7.805304229259490967e-02,3.212000000000000000e+03,3.259455566406250000e+03
3.562291860580444336e-01,3.580648824572563171e-02,4.277544468641281128e-02,1.162527799606323242e-01,1.127218842506408691e+00,5.791228264570236206e-02,4.443000000000000000e+03,4.801878906250000000e+03
3.562291860580444336e-01,1.764043420553207397e-01,4.939744472503662109e-01,1.351053565740585327e-01,1.257470011711120605e+00,5.613032355904579163e-02,4.855000000000000000e+03,4.918417968750000000e+03
-4.000000059604644775e-01,-1.500000059604644775e-01,-8.095771670341491699e-01,-2.580776810646057129e-01,1.151978135108947754e+00,6.068305298686027527e-02,4.520000000000000000e+03,5.112745117187500000e+03
-3.000000119209289551e-01,1.316963285207748413e-01,1.411509811878204346e-01,5.562897399067878723e-02,1.242759108543395996e+00,6.079634279012680054e-02,4.933000000000000000e+03,5.555281250000000000e+03
5.784529447555541992e-01,8.815837651491165161e-02,4.494507908821105957e-01,2.907701134681701660e-01,9.553338289260864258e-01,6.968320906162261963e-02,3.303000000000000000e+03,3.508337646484375000e+03
-5.000000000000000000e-01,-4.166139364242553711e-01,-4.295111894607543945e-01,-7.016816139221191406e-01,9.456905722618103027e-01,8.850957453250885010e-02,3.607000000000000000e+03,3.947845214843750000e+03
4.223684668540954590e-01,2.145627290010452271e-01,1.447807401418685913e-01,4.119741320610046387e-01,8.625834584236145020e-01,8.214665949344635010e-02,3.142000000000000000e+03,3.614909912109375000e+03
4.223684668540954590e-01,5.000000074505805969e-02,4.081330597400665283e-01,1.505825072526931763e-01,1.241762161254882812e+00,5.535297095775604248e-02,4.380000000000000000e+03,4.409436035156250000e+03
-4.499999880790710449e-01,-2.000000029802322388e-01,-5.659753680229187012e-01,-1.156554073095321655e-01,9.232427477836608887e-01,6.396690756082534790e-02,2.945000000000000000e+03,3.015450927734375000e+03
-5.178191065788269043e-01,2.872454822063446045e-01,-3.883617222309112549e-01,2.001470178365707397e-01,7.872031331062316895e-01,7.517268508672714233e-02,2.701000000000000000e+03,2.806365478515625000e+03
2.145627290010452271e-01,0.000000000000000000e+00,4.639924168586730957e-01,1.189348176121711731e-01,1.167918682098388672e+00,6.998124718666076660e-02,4.149000000000000000e+03,4.377699707031250000e+03
3.221365213394165039e-01,8.169633150100708008e-02,1.315729171037673950e-01,1.094654425978660583e-01,7.931287288665771484e-01,6.736222654581069946e-02,2.598000000000000000e+03,2.749083496093750000e+03
-3.666139543056488037e-01,1.764043420553207397e-01,-5.111188888549804688e-01,3.375043272972106934e-01,9.061943888664245605e-01,6.786900758743286133e-02,3.500000000000000000e+03,3.696742431640625000e+03
4.223684668540954590e-01,-6.661394238471984863e-02,7.027850020676851273e-03,-2.573536634445190430e-01,1.123907327651977539e+00,5.723548308014869690e-02,4.715000000000000000e+03,5.466067871093750000e+03
1.366542428731918335e-01,3.896152675151824951e-01,3.644806742668151855e-01,6.678199768066406250e-01,1.148200035095214844e+00,6.506776064634323120e-02,4.428000000000000000e+03,4.853417480468750000e+03
2.514390051364898682e-01,-3.499999940395355225e-01,3.497579693794250488e-01,-2.931114137172698975e-01,1.222840189933776855e+00,5.846894532442092896e-02,4.367000000000000000e+03,4.404520019531250000e+03
-1.000000014901161194e-01,-4.499999880790710449e-01,-3.883553743362426758e-01,-5.693194866180419922e-01,1.015591740608215332e+00,7.912886887788772583e-02,2.855000000000000000e+03,3.119227294921875000e+03
-4.499999880790710449e-01,-4.499999880790710449e-01,-4.162333905696868896e-01,-3.578807413578033447e-01,9.272875189781188965e-01,6.059605628252029419e-02,3.688000000000000000e+03,3.729062011718750000e+03
5.173884034156799316e-01,2.522024884819984436e-02,3.487689793109893799e-01,1.502071022987365723e-01,8.975805640220642090e-01,5.979092046618461609e-02,3.418000000000000000e+03,3.602725341796875000e+03
-4.000000059604644775e-01,1.366542428731918335e-01,-6.407340168952941895e-01,-4.069740474224090576e-01,1.138700723648071289e+00,5.996355041861534119e-02,4.686000000000000000e+03,5.896892089843750000e+03
-2.641935050487518311e-01,-2.500000000000000000e-01,2.903997898101806641e-01,-1.373305320739746094e-01,1.259013295173645020e+00,4.595150053501129150e-02,4.450000000000000000e+03,5.311207519531250000e+03
-9.499999880790710449e-01,-7.704144120216369629e-01,-1.005443692207336426e+00,-7.178686857223510742e-01,3.090263009071350098e-01,1.120870634913444519e-01,9.590000000000000000e+02,1.016672851562500000e+03
6.961627006530761719e-01,-1.551799476146697998e-01,1.019839406013488770e+00,-7.876348495483398438e-02,7.229178547859191895e-01,1.702715456485748291e-01,1.624000000000000000e+03,1.952678466796875000e+03
2.514390051364898682e-01,-4.499999880790710449e-01,6.906725168228149414e-01,-5.178509280085563660e-02,1.155018210411071777e+00,6.600657850503921509e-02,4.422000000000000000e+03,5.526236328125000000e+03
4.223684668540954590e-01,-7.973765581846237183e-02,-4.514950141310691833e-02,1.647458076477050781e-01,1.206253290176391602e+00,5.652416124939918518e-02,4.280000000000000000e+03,5.066147949218750000e+03
2.872454822063446045e-01,-1.184162404388189316e-02,6.230543851852416992e-01,1.309017986059188843e-01,1.175467371940612793e+00,6.683439761400222778e-02,4.458000000000000000e+03,4.877514648437500000e+03
0.000000000000000000e+00,-1.500000059604644775e-01,4.575696587562561035e-02,-1.178894042968750000e-01,1.116046190261840820e+00,6.223737448453903198e-02,3.838000000000000000e+03,3.847637207031250000e+03
-3.000000119209289551e-01,-4.499999880790710449e-01,-1.273198723793029785e-01,-6.903727352619171143e-02,1.106062293052673340e+00,7.766646891832351685e-02,3.777000000000000000e+03,4.299747070312500000e+03
0.000000000000000000e+00,-4.000000059604644775e-01,9.047650545835494995e-02,-4.672448337078094482e-01,6.385127305984497070e-01,6.032204255461692810e-02,1.926000000000000000e+03,1.985761718750000000e+03
-2.000000029802322388e-01,-2.000000029802322388e-01,2.103647440671920776e-01,-2.378022223711013794e-01,1.168451905250549316e+00,5.809958279132843018e-02,4.625000000000000000e+03,5.183869140625000000e+03
-6.000000238418579102e-01,-1.000000014901161194e-01,-7.692492008209228516e-01,-2.230837941169738770e-01,8.776808381080627441e-01,6.294471025466918945e-02,3.319000000000000000e+03,3.505568115234375000e+03
-2.131237089633941650e-01,2.872454822063446045e-01,-4.551563262939453125e-01,4.952257871627807617e-01,1.216952085494995117e+00,1.154224574565887451e-01,3.990000000000000000e+03,4.259685058593750000e+03
-2.500000000000000000e-01,0.000000000000000000e+00,-3.024946749210357666e-01,-3.306484818458557129e-01,8.149132728576660156e-01,8.840965479612350464e-02,2.153000000000000000e+03,2.503794189453125000e+03
-1.500000059604644775e-01,3.562291860580444336e-01,-3.208232820034027100e-01,6.664469838142395020e-01,1.092743039131164551e+00,6.378873437643051147e-02,3.971000000000000000e+03,4.378377929687500000e+03
-4.499999880790710449e-01,5.000000074505805969e-02,-6.310542225837707520e-01,-4.002163410186767578e-01,1.160706281661987305e+00,5.829966813325881958e-02,4.494000000000000000e+03,5.251394042968750000e+03
4.545493423938751221e-01,-6.184162572026252747e-02,2.405992597341537476e-01,-3.869861960411071777e-01,1.200505733489990234e+00,7.040440291166305542e-02,4.783000000000000000e+03,5.273679199218750000e+03
-4.672468006610870361e-01,3.562291860580444336e-01,-5.156543254852294922e-01,2.219350785017013550e-01,5.455350875854492188e-01,6.306669861078262329e-02,1.846000000000000000e+03,1.970200561523437500e+03
1.316963285207748413e-01,4.223684668540954590e-01,5.163745284080505371e-01,2.253208309412002563e-01,1.130975127220153809e+00,6.227197125554084778e-02,4.718000000000000000e+03,5.386157226562500000e+03
-3.659073412418365479e-01,-1.000000014901161194e-01,-2.430460453033447266e-01,2.154161222279071808e-02,1.129344105720520020e+00,5.487229302525520325e-02,5.156000000000000000e+03,5.275973632812500000e+03
4.223684668540954590e-01,-1.303705126047134399e-01,1.460282206535339355e-01,-7.078891992568969727e-01,1.155682921409606934e+00,6.163878738880157471e-02,4.545000000000000000e+03,5.858396484375000000e+03
-1.159073337912559509e-01,-3.499999940395355225e-01,-6.141517683863639832e-02,8.834918588399887085e-02,1.137578010559082031e+00,6.436225026845932007e-02,3.939000000000000000e+03,4.514120605468750000e+03
-3.000000119209289551e-01,-3.000000119209289551e-01,-2.649056315422058105e-01,-6.515774875879287720e-02,1.208074569702148438e+00,5.481277778744697571e-02,4.276000000000000000e+03,4.440015625000000000e+03
-5.178191065788269043e-01,-1.312371436506509781e-02,-6.338465809822082520e-01,9.541062638163566589e-03,1.060462713241577148e+00,1.481010317802429199e-01,2.534000000000000000e+03,2.565328125000000000e+03
-1.618416309356689453e-01,-2.500000000000000000e-01,-2.072980552911758423e-01,-2.251911461353302002e-01,9.535348415374755859e-01,7.311841100454330444e-02,3.122000000000000000e+03,3.131150634765625000e+03
-1.184162404388189316e-02,4.223684668540954590e-01,-2.524271607398986816e-01,5.023509263992309570e-01,1.148378968238830566e+00,6.292546540498733521e-02,5.266000000000000000e+03,5.519357421875000000e+03
-1.102498918771743774e-01,3.896152675151824951e-01,-1.210633106529712677e-02,4.781588613986968994e-01,9.283147454261779785e-01,6.505715101957321167e-02,3.451000000000000000e+03,3.520544433593750000e+03
-6.661394238471984863e-02,6.083970069885253906e-01,-2.301027178764343262e-01,7.076950669288635254e-01,7.453208565711975098e-01,5.569858476519584656e-02,2.838000000000000000e+03,3.022018310546875000e+03
-3.499999940395355225e-01,-1.500000059604644775e-01,-4.208610057830810547e-01,2.779501080513000488e-01,1.187592983245849609e+00,5.298087000846862793e-02,4.252000000000000000e+03,4.803161132812500000e+03
-2.172468006610870361e-01,-6.590732932090759277e-02,-3.209519386291503906e-02,-1.896388530731201172e-01,7.292272448539733887e-01,6.875723600387573242e-02,2.634000000000000000e+03,2.874735351562500000e+03
-3.000000119209289551e-01,-5.000000074505805969e-02,-2.711308598518371582e-01,-1.687232851982116699e-01,1.231865048408508301e+00,5.665066838264465332e-02,4.489000000000000000e+03,4.532852050781250000e+03
-8.500000238418579102e-01,1.926276832818984985e-01,-7.882345914840698242e-01,4.393599331378936768e-01,8.288946747779846191e-01,7.356633991003036499e-02,2.720000000000000000e+03,2.970683837890625000e+03
2.145627290010452271e-01,3.221365213394165039e-01,2.768176794052124023e-01,3.050257265567779541e-01,1.237348318099975586e+00,5.129431933164596558e-02,5.102000000000000000e+03,5.115861328125000000e+03
1.764043420553207397e-01,-2.500000000000000000e-01,-2.215380221605300903e-01,-1.741379052400588989e-01,8.737142682075500488e-01,6.365418434143066406e-02,3.005000000000000000e+03,3.622320800781250000e+03
-1.118416264653205872e-01,-3.499999940395355225e-01,-1.567463278770446777e-01,1.481698453426361084e-01,8.869163990020751953e-01,7.892913371324539185e-02,3.155000000000000000e+03,4.099503417968750000e+03
-2.641935050487518311e-01,1.329784244298934937e-01,-4.529596269130706787e-01,-7.162386924028396606e-02,1.143958687782287598e+00,6.615428626537322998e-02,4.456000000000000000e+03,4.716385253906250000e+03
-1.102498918771743774e-01,-2.000000029802322388e-01,-1.939933896064758301e-01,-2.041953206062316895e-01,7.731517553329467773e-01,6.345181167125701904e-02,2.745000000000000000e+03,2.777072998046875000e+03
-5.179951898753643036e-03,-1.000000014901161194e-01,2.785633802413940430e-01,-1.545272171497344971e-01,9.181177020072937012e-01,6.858633458614349365e-02,3.251000000000000000e+03,3.565927978515625000e+03
0.000000000000000000e+00,-3.672468066215515137e-01,3.539604544639587402e-01,-3.417452275753021240e-01,1.272148489952087402e+00,5.843600258231163025e-02,5.091000000000000000e+03,5.479496582031250000e+03
-7.500000000000000000e-01,7.370718521997332573e-04,-6.885779500007629395e-01,7.062365114688873291e-02,3.158680498600006104e-01,1.319340020418167114e-01,7.700000000000000000e+02,8.354922485351562500e+02
2.872454822063446045e-01,2.145627290010452271e-01,4.014845788478851318e-01,-6.810031086206436157e-02,1.244818925857543945e+00,5.408992990851402283e-02,5.208000000000000000e+03,5.515267578125000000e+03
-1.118416264653205872e-01,4.482004791498184204e-02,-1.926728636026382446e-01,2.091858722269535065e-02,4.549988806247711182e-01,1.234457716345787048e-01,1.192000000000000000e+03,1.232493896484375000e+03
-3.499999940395355225e-01,-3.000000119209289551e-01,-2.216653078794479370e-01,2.430228143930435181e-01,1.215962648391723633e+00,6.391695141792297363e-02,4.641000000000000000e+03,5.576786621093750000e+03
-5.000000000000000000e-01,2.145627290010452271e-01,-4.718254506587982178e-01,1.436414867639541626e-01,1.085793972015380859e+00,5.512364953756332397e-02,3.947000000000000000e+03,3.966507812500000000e+03
-3.499999940395355225e-01,-1.131237149238586426e-01,-4.839732348918914795e-01,-1.579042822122573853e-01,1.171034812927246094e+00,5.591623112559318542e-02,4.291000000000000000e+03,4.353317871093750000e+03
-1.102498918771743774e-01,-2.000000029802322388e-01,-1.626912653446197510e-01,-2.799930274486541748e-01,6.585822701454162598e-01,6.864137947559356689e-02,2.223000000000000000e+03,2.269818359375000000e+03
8.815837651491165161e-02,4.545493423938751221e-01,-9.396278858184814453e-02,1.066401153802871704e-01,1.222937345504760742e+00,5.149708688259124756e-02,4.640000000000000000e+03,5.106403320312500000e+03
3.165905550122261047e-02,4.545493423938751221e-01,8.926534652709960938e-02,4.528489708900451660e-01,6.642059087753295898e-01,5.184170603752136230e-02,2.696000000000000000e+03,2.716201904296875000e+03
-3.499999940395355225e-01,-3.499999940395355225e-01,-1.756450533866882324e-01,-2.586347460746765137e-01,6.591272950172424316e-01,1.226440668106079102e-01,1.924000000000000000e+03,2.091878662109375000e+03
-4.000000059604644775e-01,-4.000000059604644775e-01,-2.919922769069671631e-01,-1.498562246561050415e-01,6.950969099998474121e-01,6.771528720855712891e-02,2.227000000000000000e+03,2.558396972656250000e+03
-2.000000029802322388e-01,-1.500000059604644775e-01,-1.333079934120178223e-01,-5.423617959022521973e-01,1.169083237648010254e+00,5.950736626982688904e-02,4.433000000000000000e+03,4.933863281250000000e+03
-4.672468006610870361e-01,2.069165855646133423e-01,-1.021685674786567688e-01,1.739571094512939453e-01,8.594453334808349609e-01,1.184945926070213318e-01,2.643000000000000000e+03,3.105440673828125000e+03
1.764043420553207397e-01,0.000000000000000000e+00,4.601258337497711182e-01,-1.415624935179948807e-02,7.926300764083862305e-01,6.247395277023315430e-02,3.239000000000000000e+03,3.642838378906250000e+03
1.366542428731918335e-01,-2.131237089633941650e-01,2.003610432147979736e-01,-1.952366903424263000e-02,9.158307909965515137e-01,6.160221621394157410e-02,3.706000000000000000e+03,3.887079833984375000e+03
4.223684668540954590e-01,-1.500000059604644775e-01,1.595326364040374756e-01,-1.403974443674087524e-01,7.828648686408996582e-01,6.836967170238494873e-02,2.577000000000000000e+03,2.860140380859375000e+03
-6.000000238418579102e-01,3.896152675151824951e-01,-6.147348880767822266e-01,4.332757294178009033e-01,3.504288792610168457e-01,9.340035170316696167e-02,1.065000000000000000e+03,1.083404174804687500e+03
1.764043420553207397e-01,-5.000000074505805969e-02,2.038638144731521606e-01,-2.610931731760501862e-02,9.421365261077880859e-01,9.019082784652709961e-02,3.042000000000000000e+03,3.046520751953125000e+03
3.854779899120330811e-01,-1.000000014901161194e-01,3.466942012310028076e-01,4.630619660019874573e-02,1.273754715919494629e+00,5.416473373770713806e-02,4.314000000000000000e+03,4.374512207031250000e+03
3.221365213394165039e-01,-2.141935080289840698e-01,-3.053792715072631836e-01,-5.592030882835388184e-01,1.257912755012512207e+00,6.320559978485107422e-02,4.979000000000000000e+03,6.499335937500000000e+03
3.221365213394165039e-01,-2.000000029802322388e-01,-2.904145717620849609e-01,-3.915159404277801514e-01,1.265370607376098633e+00,5.984821543097496033e-02,4.554000000000000000e+03,5.665659667968750000e+03
-5.000000074505805969e-02,3.562291860580444336e-01,-7.465066015720367432e-02,8.601506352424621582e-01,1.250290989875793457e+00,4.914519935846328735e-02,5.333000000000000000e+03,6.169791015625000000e+03
-1.618416309356689453e-01,1.764043420553207397e-01,-5.211362242698669434e-01,-1.449551284313201904e-01,1.132958531379699707e+00,6.387986987829208374e-02,4.308000000000000000e+03,5.058947265625000000e+03
8.409266918897628784e-02,4.223684668540954590e-01,6.310043483972549438e-02,3.238198161125183105e-01,1.148400306701660156e+00,5.416993796825408936e-02,4.038000000000000000e+03,4.068975097656250000e+03
2.145627290010452271e-01,2.872454822063446045e-01,2.871620357036590576e-01,1.913669109344482422e-01,9.056586623191833496e-01,6.090272217988967896e-02,3.624000000000000000e+03,3.687626953125000000e+03
4.223684668540954590e-01,-1.651089638471603394e-01,8.381167799234390259e-02,-4.790090620517730713e-01,1.168720364570617676e+00,6.603685021400451660e-02,4.129000000000000000e+03,4.752826171875000000e+03
9.482004493474960327e-02,-4.000000059604644775e-01,4.257763624191284180e-01,-5.368430614471435547e-01,1.232551217079162598e+00,5.604815110564231873e-02,4.624000000000000000e+03,5.007305175781250000e+03
1.289127171039581299e-01,-5.000000074505805969e-02,4.116186201572418213e-01,-2.167383581399917603e-01,1.170857071876525879e+00,7.592187076807022095e-02,4.246000000000000000e+03,4.572881347656250000e+03
-1.500000059604644775e-01,1.764043420553207397e-01,-5.032410621643066406e-01,2.368107289075851440e-01,1.220829606056213379e+00,7.016714662313461304e-02,4.482000000000000000e+03,4.859969238281250000e+03
4.223684668540954590e-01,-5.000000074505805969e-02,3.856429755687713623e-01,9.935199469327926636e-02,8.974471092224121094e-01,6.192026287317276001e-02,3.715000000000000000e+03,3.823302734375000000e+03
-1.325344592332839966e-01,5.481259822845458984e-01,-2.931522428989410400e-01,2.569832503795623779e-01,8.245373964309692383e-01,6.754709780216217041e-02,2.725000000000000000e+03,3.152574462890625000e+03
2.145627290010452271e-01,-2.000000029802322388e-01,-1.727328449487686157e-01,-2.919403612613677979e-01,9.671474695205688477e-01,6.402882188558578491e-02,3.545000000000000000e+03,4.124772460937500000e+03
-4.696730375289916992e-01,-3.659073412418365479e-01,-5.913768410682678223e-01,-5.329461097717285156e-01,5.711129307746887207e-01,7.464666664600372314e-02,2.332000000000000000e+03,2.628472167968750000e+03
6.961627006530761719e-01,3.975010663270950317e-02,7.549602985382080078e-01,1.009826213121414185e-01,8.791052699089050293e-01,7.304518669843673706e-02,3.367000000000000000e+03,3.398207763671875000e+03
0.000000000000000000e+00,1.764043420553207397e-01,-3.836205899715423584e-01,2.517679929733276367e-01,1.014539122581481934e+00,6.480428576469421387e-02,3.600000000000000000e+03,4.117673828125000000e+03
-1.500000059604644775e-01,-2.641935050487518311e-01,-1.413051038980484009e-01,-2.850608825683593750e-01,1.235560417175292969e+00,5.931074172258377075e-02,3.692000000000000000e+03,3.693264160156250000e+03
5.173884034156799316e-01,-3.000000119209289551e-01,4.298399984836578369e-01,-1.870027482509613037e-01,7.770643234252929688e-01,8.211773633956909180e-02,2.671000000000000000e+03,2.760665527343750000e+03
-6.510896980762481689e-02,-3.000000119209289551e-01,-2.921427786350250244e-02,-2.564488053321838379e-01,1.133007407188415527e+00,6.708578020334243774e-02,3.656000000000000000e+03,3.664996582031250000e+03
-3.000000119209289551e-01,2.872454822063446045e-01,-1.434528380632400513e-01,2.888593077659606934e-01,1.052978277206420898e+00,6.525046378374099731e-02,3.557000000000000000e+03,3.635225830078125000e+03
3.409266844391822815e-02,-3.499999940395355225e-01,-2.686205320060253143e-02,-2.837778627872467041e-01,5.620391964912414551e-01,8.797994256019592285e-02,1.298000000000000000e+03,1.331007934570312500e+03
-1.500000059604644775e-01,-2.500000000000000000e-01,-4.550637304782867432e-01,-1.180493831634521484e-01,9.364678263664245605e-01,6.173266470432281494e-02,3.555000000000000000e+03,3.989657226562500000e+03
0.000000000000000000e+00,2.872454822063446045e-01,2.489815205335617065e-01,1.399635672569274902e-01,9.876815676689147949e-01,5.915065109729766846e-02,4.243000000000000000e+03,4.599284179687500000e+03
3.896152675151824951e-01,2.872454822063446045e-01,4.336880147457122803e-01,7.782518118619918823e-02,1.096060752868652344e+00,6.116200238466262817e-02,4.046000000000000000e+03,4.198579589843750000e+03
3.562291860580444336e-01,5.000000074505805969e-02,2.203578501939773560e-01,-3.857567310333251953e-01,1.173519611358642578e+00,5.523392930626869202e-02,4.919000000000000000e+03,5.639945312500000000e+03
-3.000000119209289551e-01,-3.000000119209289551e-01,-5.574271678924560547e-01,-1.616412252187728882e-01,7.477310895919799805e-01,9.339841455221176147e-02,2.460000000000000000e+03,2.823298583984375000e+03
-3.692623972892761230e-01,1.764043420553207397e-01,-3.092317879199981689e-01,7.086501270532608032e-02,5.777105093002319336e-01,7.963678240776062012e-02,2.072000000000000000e+03,2.162682617187500000e+03
-3.151089549064636230e-01,-5.700559616088867188e-01,-4.412411153316497803e-02,-7.392569780349731445e-01,9.304324984550476074e-01,5.900447815656661987e-02,3.715000000000000000e+03,4.141463378906250000e+03
-2.651089727878570557e-01,4.223684668540954590e-01,-2.332251816987991333e-01,1.030632760375738144e-02,9.517482519149780273e-01,6.269717216491699219e-02,3.579000000000000000e+03,4.226641113281250000e+03
0.000000000000000000e+00,-2.000000029802322388e-01,-8.327174931764602661e-02,-2.842609286308288574e-01,4.970395267009735107e-01,9.634435921907424927e-02,1.700000000000000000e+03,1.795095092773437500e+03
-3.000000119209289551e-01,-1.500000059604644775e-01,-4.607074558734893799e-01,1.214677169919013977e-01,1.161426424980163574e+00,6.774584203958511353e-02,4.778000000000000000e+03,5.125218261718750000e+03
-2.500000000000000000e-01,-5.179951898753643036e-03,-2.401701658964157104e-01,-1.055150702595710754e-01,1.209441781044006348e+00,5.993963778018951416e-02,4.559000000000000000e+03,4.590791015625000000e+03
-2.500000000000000000e-01,2.872454822063446045e-01,9.636978805065155029e-02,6.303170323371887207e-01,1.268961787223815918e+00,5.893558263778686523e-02,5.102000000000000000e+03,5.830080566406250000e+03
3.562291860580444336e-01,-6.184162572026252747e-02,2.514904439449310303e-01,-6.257907748222351074e-01,1.234939575195312500e+00,5.728635564446449280e-02,4.221000000000000000e+03,5.091366699218750000e+03
-2.151089608669281006e-01,-2.683409452438354492e-01,-1.356724202632904053e-01,-2.238414622843265533e-02,1.274982810020446777e+00,1.101062446832656860e-01,4.609000000000000000e+03,4.796966308593750000e+03
-2.500000000000000000e-01,-1.000000014901161194e-01,-2.954492866992950439e-01,-4.259639382362365723e-01,9.448178410530090332e-01,6.170731410384178162e-02,3.650000000000000000e+03,4.080763427734375000e+03
-3.000000119209289551e-01,5.000000074505805969e-02,-5.296806991100311279e-02,3.231546282768249512e-01,8.970018029212951660e-01,7.378445565700531006e-02,2.953000000000000000e+03,3.432333740234375000e+03
-1.312371436506509781e-02,-3.499999940395355225e-01,-3.408067822456359863e-01,-1.146040633320808411e-01,8.513633012771606445e-01,6.546646356582641602e-02,3.089000000000000000e+03,3.750182861328125000e+03
3.562291860580444336e-01,0.000000000000000000e+00,3.692040443420410156e-01,3.427256643772125244e-01,1.260495781898498535e+00,5.503558740019798279e-02,4.991000000000000000e+03,5.353697265625000000e+03
-1.102498918771743774e-01,-2.500000000000000000e-01,-2.117849737405776978e-01,-1.980703473091125488e-01,8.373440504074096680e-01,6.242526322603225708e-02,2.998000000000000000e+03,3.053164062500000000e+03
1.366542428731918335e-01,-4.499999880790710449e-01,2.374088466167449951e-01,-2.878892123699188232e-01,1.200639486312866211e+00,5.234690383076667786e-02,4.491000000000000000e+03,4.603680664062500000e+03
-4.683409333229064941e-01,-5.000000000000000000e-01,-5.647294521331787109e-01,-5.187616944313049316e-01,7.861309647560119629e-01,7.378187030553817749e-02,2.768000000000000000e+03,2.811023193359375000e+03
-3.499999940395355225e-01,0.000000000000000000e+00,-7.022377252578735352e-01,-2.027519978582859039e-02,1.269848108291625977e+00,6.008261069655418396e-02,4.733000000000000000e+03,5.092587402343750000e+03
-2.000000029802322388e-01,3.896152675151824951e-01,-2.653708457946777344e-01,7.508076429367065430e-01,1.044463753700256348e+00,5.922528356313705444e-02,3.916000000000000000e+03,4.385492675781250000e+03
6.961627006530761719e-01,-2.500000000000000000e-01,4.908398687839508057e-01,-1.846672147512435913e-01,9.218008518218994141e-01,6.776189804077148438e-02,3.461000000000000000e+03,3.648049316406250000e+03
-1.500000059604644775e-01,3.896152675151824951e-01,-5.270543098449707031e-01,2.958293855190277100e-01,1.023837208747863770e+00,7.698783278465270996e-02,3.264000000000000000e+03,3.719222656250000000e+03
-3.159073293209075928e-01,2.872454822063446045e-01,-8.168402314186096191e-02,-2.060363739728927612e-01,1.227459788322448730e+00,5.552470311522483826e-02,4.823000000000000000e+03,5.739146972656250000e+03
-4.499999880790710449e-01,-3.499999940395355225e-01,-4.783062934875488281e-01,-4.507278501987457275e-01,5.757457017898559570e-01,8.797456324100494385e-02,2.008000000000000000e+03,2.073813476562500000e+03
-3.499999940395355225e-01,9.482004493474960327e-02,-6.016212329268455505e-02,-7.609324157238006592e-02,9.761353135108947754e-01,7.387547940015792847e-02,2.804000000000000000e+03,3.128446533203125000e+03
-3.000000119209289551e-01,3.194263577461242676e-01,1.143722906708717346e-01,4.910482168197631836e-01,1.267210721969604492e+00,5.453997477889060974e-02,4.930000000000000000e+03,5.530416503906250000e+03
5.173884034156799316e-01,1.764043420553207397e-01,6.471017003059387207e-01,-1.494080871343612671e-01,8.658919334411621094e-01,5.913377180695533752e-02,3.622000000000000000e+03,4.194625976562500000e+03
5.000000074505805969e-02,6.379825472831726074e-01,1.327680498361587524e-01,4.587472975254058838e-01,7.616642713546752930e-01,6.051155924797058105e-02,2.395000000000000000e+03,2.553197753906250000e+03
-5.000000074505805969e-02,-2.500000000000000000e-01,2.586334943771362305e-01,-5.918713212013244629e-01,9.659311175346374512e-01,7.481604814529418945e-02,3.553000000000000000e+03,4.324957031250000000e+03
4.223684668540954590e-01,-3.204144239425659180e-01,2.335323095321655273e-01,-2.496049366891384125e-02,1.004897713661193848e+00,8.116696029901504517e-02,3.128000000000000000e+03,3.498616699218750000e+03
6.961627006530761719e-01,5.181036144495010376e-02,9.655993580818176270e-01,-9.179705381393432617e-02,6.622998118400573730e-01,1.879185885190963745e-01,8.940000000000000000e+02,1.075611206054687500e+03
9.482004493474960327e-02,-3.499999940395355225e-01,3.685273975133895874e-02,-5.203408598899841309e-01,1.263965249061584473e+00,5.243270099163055420e-02,4.952000000000000000e+03,5.051792480468750000e+03
1.973159313201904297e-01,3.562291860580444336e-01,3.368516862392425537e-01,3.156929314136505127e-01,1.147882461547851562e+00,5.993831902742385864e-02,3.369000000000000000e+03,3.422685791015625000e+03
5.173884034156799316e-01,-5.000000074505805969e-02,5.832924842834472656e-01,1.157295331358909607e-01,7.774014472961425781e-01,7.028017938137054443e-02,2.502000000000000000e+03,2.631933105468750000e+03
0.000000000000000000e+00,-3.499999940395355225e-01,2.716282904148101807e-01,2.150987386703491211e-01,1.183078646659851074e+00,6.100829318165779114e-02,4.233000000000000000e+03,5.356490234375000000e+03
3.896152675151824951e-01,-3.000000119209289551e-01,2.959597706794738770e-01,-1.541224271059036255e-01,1.186220765113830566e+00,5.230441689491271973e-02,4.083000000000000000e+03,4.169619140625000000e+03
2.122108340263366699e-01,-3.000000119209289551e-01,5.829930305480957031e-01,-3.503962755203247070e-01,9.742879271507263184e-01,6.205885484814643860e-02,3.208000000000000000e+03,3.665797607421875000e+03
3.221365213394165039e-01,-2.141935080289840698e-01,1.403792053461074829e-01,-5.927898883819580078e-01,1.115801811218261719e+00,5.134169384837150574e-02,4.719000000000000000e+03,5.367129394531250000e+03
2.145627290010452271e-01,-3.000000119209289551e-01,5.215360522270202637e-01,-1.334150880575180054e-01,6.748251914978027344e-01,6.170722469687461853e-02,2.341000000000000000e+03,2.934525146484375000e+03
-2.000000029802322388e-01,2.145627290010452271e-01,-2.032824754714965820e-01,4.600196778774261475e-01,1.239283919334411621e+00,5.480946227908134460e-02,5.030000000000000000e+03,5.225121582031250000e+03
1.612953841686248779e-01,-3.000000119209289551e-01,1.106637865304946899e-01,-3.372724950313568115e-01,8.330160975456237793e-01,6.279152631759643555e-02,2.800000000000000000e+03,2.815906982421875000e+03
1.764043420553207397e-01,-3.000000119209289551e-01,4.246653914451599121e-01,1.704032272100448608e-01,1.202235221862792969e+00,6.231128796935081482e-02,4.864000000000000000e+03,5.777650878906250000e+03
-2.000000029802322388e-01,-8.165807463228702545e-03,-2.316445708274841309e-01,-2.178074866533279419e-01,1.050110220909118652e+00,6.586767733097076416e-02,3.733000000000000000e+03,3.883570068359375000e+03
1.366542428731918335e-01,2.145627290010452271e-01,2.437075525522232056e-01,3.394329249858856201e-01,8.644011020660400391e-01,7.787723839282989502e-02,3.607000000000000000e+03,3.736175292968750000e+03
-2.500000000000000000e-01,-2.500000000000000000e-01,-2.920140326023101807e-01,-4.616931378841400146e-01,1.064832806587219238e+00,8.159784972667694092e-02,3.313000000000000000e+03,3.448112304687500000e+03
3.562291860580444336e-01,2.467435896396636963e-01,5.602696537971496582e-01,2.277501523494720459e-01,1.078889369964599609e+00,6.028349325060844421e-02,4.602000000000000000e+03,4.766808593750000000e+03
-8.165807463228702545e-03,-4.499999880790710449e-01,3.240870237350463867e-01,-3.308461308479309082e-01,1.191719651222229004e+00,5.133265256881713867e-02,4.927000000000000000e+03,5.349656738281250000e+03
-1.829281002283096313e-01,5.173884034156799316e-01,-3.754362761974334717e-01,4.581346213817596436e-01,7.626044750213623047e-01,6.150412186980247498e-02,2.988000000000000000e+03,3.192748779296875000e+03
2.872454822063446045e-01,2.145627290010452271e-01,9.296972304582595825e-02,6.395561099052429199e-01,1.236542105674743652e+00,5.770521983504295349e-02,5.343000000000000000e+03,6.082485351562500000e+03
-3.499999940395355225e-01,9.482004493474960327e-02,-4.115611314773559570e-01,-1.346579194068908691e-01,1.052137732505798340e+00,5.806473642587661743e-02,4.626000000000000000e+03,4.859065917968750000e+03
2.872454822063446045e-01,-2.500000000000000000e-01,5.988183617591857910e-01,-2.439470887184143066e-01,1.093132019042968750e+00,5.889231711626052856e-02,4.454000000000000000e+03,4.809108886718750000e+03
1.620965301990509033e-01,-5.178191065788269043e-01,1.859788447618484497e-01,-3.202676177024841309e-01,9.096239209175109863e-01,1.475349068641662598e-01,3.926000000000000000e+03,4.111974121093750000e+03
6.083970069885253906e-01,-1.024989411234855652e-02,6.214997172355651855e-01,3.710856437683105469e-01,9.751174449920654297e-01,5.243884772062301636e-02,4.074000000000000000e+03,4.677948242187500000e+03
8.580648899078369141e-02,-3.499999940395355225e-01,3.064093291759490967e-01,-9.336149096488952637e-01,1.202537894248962402e+00,6.420134007930755615e-02,4.564000000000000000e+03,5.729968261718750000e+03
2.872454822063446045e-01,-4.499999880790710449e-01,2.541023492813110352e-01,-5.250831842422485352e-01,7.002617120742797852e-01,8.046109229326248169e-02,2.076000000000000000e+03,2.104360107421875000e+03
3.896152675151824951e-01,0.000000000000000000e+00,6.932424902915954590e-01,-1.954330950975418091e-01,1.124988317489624023e+00,5.309717357158660889e-02,4.625000000000000000e+03,5.089895507812500000e+03
-1.000000014901161194e-01,1.366542428731918335e-01,-1.421790290623903275e-02,7.758722454309463501e-02,5.386304259300231934e-01,8.937714993953704834e-02,1.765000000000000000e+03,1.830431640625000000e+03
-2.000000029802322388e-01,2.872454822063446045e-01,-2.612613439559936523e-01,3.228046894073486328e-01,1.021251440048217773e+00,7.296741753816604614e-02,3.332000000000000000e+03,3.347997314453125000e+03
3.896152675151824951e-01,0.000000000000000000e+00,-6.181487813591957092e-03,-1.590906679630279541e-01,1.146825075149536133e+00,6.144107133150100708e-02,4.750000000000000000e+03,5.387503417968750000e+03
-5.500000119209289551e-01,-1.000000014901161194e-01,-8.055933117866516113e-01,-2.541030347347259521e-01,9.861391186714172363e-01,6.410750746726989746e-02,3.889000000000000000e+03,4.237050292968750000e+03
-5.000000074505805969e-02,2.872454822063446045e-01,-3.141266703605651855e-01,4.553557932376861572e-02,9.052214026451110840e-01,8.817873150110244751e-02,3.174000000000000000e+03,3.653540771484375000e+03
9.482004493474960327e-02,-6.499999761581420898e-01,-2.847819123417139053e-04,-8.180888295173645020e-01,1.070658683776855469e+00,6.316310912370681763e-02,3.140000000000000000e+03,3.241067871093750000e+03
-3.499999940395355225e-01,0.000000000000000000e+00,-1.892213523387908936e-01,1.590204052627086639e-02,1.272723317146301270e+00,6.120454892516136169e-02,4.712000000000000000e+03,4.787708496093750000e+03
-2.000000029802322388e-01,-6.510896980762481689e-02,-5.784067511558532715e-01,-9.592839330434799194e-02,1.172093629837036133e+00,6.986765563488006592e-02,4.048000000000000000e+03,4.463276855468750000e+03
2.514390051364898682e-01,3.221365213394165039e-01,2.007367461919784546e-01,5.637378096580505371e-01,1.148594856262207031e+00,5.649167299270629883e-02,4.573000000000000000e+03,4.781830566406250000e+03
-5.000000074505805969e-02,-6.000000238418579102e-01,4.446415603160858154e-01,-3.376491665840148926e-01,1.075454711914062500e+00,5.670414492487907410e-02,3.710000000000000000e+03,4.661410644531250000e+03
-4.000000059604644775e-01,1.764043420553207397e-01,-2.226494848728179932e-01,4.243924617767333984e-01,1.023662447929382324e+00,5.631808936595916748e-02,4.487000000000000000e+03,4.876855468750000000e+03
1.764043420553207397e-01,1.366542428731918335e-01,1.976741254329681396e-01,2.964892983436584473e-01,1.048932790756225586e+00,5.351638421416282654e-02,3.979000000000000000e+03,4.072232421875000000e+03
5.481259822845458984e-01,2.700092084705829620e-02,5.105143189430236816e-01,-2.155305258929729462e-02,1.132023692131042480e+00,5.824415758252143860e-02,3.436000000000000000e+03,3.446070800781250000e+03
-5.000000074505805969e-02,-3.151089549064636230e-01,-3.167473077774047852e-01,8.905923366546630859e-02,1.108592867851257324e+00,5.595069006085395813e-02,4.296000000000000000e+03,5.082145996093750000e+03
2.145627290010452271e-01,2.871047705411911011e-02,1.604431867599487305e-01,3.168891370296478271e-01,8.766205906867980957e-01,6.956338882446289062e-02,2.964000000000000000e+03,3.287061279296875000e+03
-2.000000029802322388e-01,-2.000000029802322388e-01,2.015696167945861816e-01,-3.743035495281219482e-01,1.194511413574218750e+00,6.504768133163452148e-02,4.647000000000000000e+03,5.251700683593750000e+03
3.562291860580444336e-01,1.366542428731918335e-01,-4.741376638412475586e-02,9.234819561243057251e-02,1.268006801605224609e+00,4.997138306498527527e-02,4.944000000000000000e+03,5.438932617187500000e+03
-4.499999880790710449e-01,-5.000000074505805969e-02,-4.359675645828247070e-01,-5.185703560709953308e-02,7.722928524017333984e-01,1.636329889297485352e-01,1.812000000000000000e+03,1.812620483398437500e+03
-5.000000074505805969e-02,2.514390051364898682e-01,-9.619750827550888062e-02,2.379717677831649780e-01,1.011952519416809082e+00,5.635889992117881775e-02,3.458000000000000000e+03,3.465833007812500000e+03
4.223684668540954590e-01,-2.000000029802322388e-01,3.924652934074401855e-01,-3.436931371688842773e-01,6.770099997520446777e-01,7.111866027116775513e-02,2.045000000000000000e+03,2.139870605468750000e+03
-1.000000014901161194e-01,-6.000000238418579102e-01,1.894964575767517090e-01,-5.780071020126342773e-01,9.695629477500915527e-01,6.184495240449905396e-02,3.597000000000000000e+03,3.913526855468750000e+03
2.514390051364898682e-01,9.482004493474960327e-02,-3.187022805213928223e-01,1.729802340269088745e-01,1.231887817382812500e+00,5.627151578664779663e-02,4.214000000000000000e+03,5.092707519531250000e+03
-2.500000000000000000e-01,3.221365213394165039e-01,-3.610653579235076904e-01,-3.740224540233612061e-01,1.238721966743469238e+00,6.261835247278213501e-02,4.497000000000000000e+03,5.864720214843750000e+03
4.545493423938751221e-01,7.891271263360977173e-02,3.462314009666442871e-01,2.971783687826246023e-04,1.183304786682128906e+00,5.758180469274520874e-02,4.488000000000000000e+03,4.545043457031250000e+03
9.482004493474960327e-02,-3.499999940395355225e-01,5.184383392333984375e-01,-2.264931201934814453e-01,1.211811900138854980e+00,5.923294275999069214e-02,4.682000000000000000e+03,5.284209960937500000e+03
-5.000000000000000000e-01,-5.000000074505805969e-02,-5.004925131797790527e-01,-3.721581101417541504e-01,9.344908595085144043e-01,7.141858339309692383e-02,3.359000000000000000e+03,3.747664794921875000e+03
-1.118416264653205872e-01,-2.141935080289840698e-01,3.951549530029296875e-01,-4.658195674419403076e-01,1.156588792800903320e+00,5.682603642344474792e-02,4.369000000000000000e+03,5.365613769531250000e+03
1.188351139426231384e-01,-5.000000000000000000e-01,-9.100586920976638794e-02,1.391759663820266724e-01,1.163771986961364746e+00,4.982642829418182373e-02,4.219000000000000000e+03,5.543738281250000000e+03
2.872454822063446045e-01,-3.000000119209289551e-01,9.916248917579650879e-02,7.551978528499603271e-02,1.200963258743286133e+00,5.236588045954704285e-02,4.982000000000000000e+03,5.574615234375000000e+03
2.872454822063446045e-01,1.329784244298934937e-01,8.714789152145385742e-02,-5.298065766692161560e-02,8.051666021347045898e-01,9.003576636314392090e-02,2.616000000000000000e+03,2.909224365234375000e+03
-2.500000000000000000e-01,1.329784244298934937e-01,5.349296703934669495e-02,1.943658143281936646e-01,9.355735778808593750e-01,7.298501580953598022e-02,3.790000000000000000e+03,4.194871093750000000e+03
1.764043420553207397e-01,5.000000074505805969e-02,2.076108753681182861e-01,9.456256777048110962e-02,5.995169878005981445e-01,7.508075237274169922e-02,1.525000000000000000e+03,1.537530639648437500e+03
-3.499999940395355225e-01,-1.141935139894485474e-01,-8.027176260948181152e-01,1.786091551184654236e-02,1.057145595550537109e+00,6.280552595853805542e-02,3.565000000000000000e+03,4.244716308593750000e+03
-4.000000059604644775e-01,2.872454822063446045e-01,-2.158226072788238525e-01,5.280752852559089661e-02,9.996626973152160645e-01,6.659115850925445557e-02,4.278000000000000000e+03,4.651276855468750000e+03
-2.500000000000000000e-01,-2.151089608669281006e-01,-7.483521699905395508e-01,-5.377336218953132629e-02,1.097352862358093262e+00,5.987584963440895081e-02,4.064000000000000000e+03,4.946981445312500000e+03
1.316963285207748413e-01,-3.710686266422271729e-01,7.942786812782287598e-02,-3.236245214939117432e-01,5.254819989204406738e-01,7.757492363452911377e-02,1.499000000000000000e+03,1.525946044921875000e+03
8.687628805637359619e-02,-2.000000029802322388e-01,1.142766252160072327e-01,-8.002991974353790283e-02,1.021587491035461426e+00,6.667077541351318359e-02,4.240000000000000000e+03,4.301047851562500000e+03
1.366542428731918335e-01,-5.000000000000000000e-01,2.631458081305027008e-02,-4.128636717796325684e-01,1.031567335128784180e+00,5.891777947545051575e-02,3.921000000000000000e+03,3.993706787109375000e+03
-1.000000014901161194e-01,3.896152675151824951e-01,-9.461025893688201904e-02,4.502957761287689209e-01,1.013570785522460938e+00,6.958439201116561890e-02,4.008000000000000000e+03,4.022520507812500000e+03
-4.000000059604644775e-01,-4.499999880790710449e-01,-5.939593911170959473e-01,8.008871972560882568e-02,1.154833912849426270e+00,6.672548502683639526e-02,4.216000000000000000e+03,5.174111816406250000e+03
-1.500000059604644775e-01,-3.499999940395355225e-01,6.613608449697494507e-02,-3.677563667297363281e-01,1.272484540939331055e+00,5.716454610228538513e-02,5.108000000000000000e+03,5.255037109375000000e+03
-2.196730524301528931e-01,-1.500000059604644775e-01,-2.726840972900390625e-01,-5.437510460615158081e-02,1.261497259140014648e+00,5.231214314699172974e-02,3.637000000000000000e+03,3.664252929687500000e+03
-6.000000238418579102e-01,4.482004791498184204e-02,-4.728296101093292236e-01,-3.809658810496330261e-02,8.085287213325500488e-01,7.240220904350280762e-02,2.427000000000000000e+03,2.511913574218750000e+03
9.482004493474960327e-02,-5.000000074505805969e-02,-1.468338668346405029e-01,-1.700866073369979858e-01,1.124448418617248535e+00,7.718519121408462524e-02,4.350000000000000000e+03,4.596917480468750000e+03
1.764043420553207397e-01,-3.000000119209289551e-01,6.401152014732360840e-01,-2.712835669517517090e-01,9.792467355728149414e-01,7.467450201511383057e-02,3.443000000000000000e+03,4.182713867187500000e+03
-4.499999880790710449e-01,1.366542428731918335e-01,-3.749009072780609131e-01,8.368354290723800659e-02,8.322002291679382324e-01,6.875944882631301880e-02,2.178000000000000000e+03,2.204428955078125000e+03
-3.659073412418365479e-01,-3.000000119209289551e-01,-2.775009870529174805e-01,-4.198816716670989990e-01,5.321996212005615234e-01,7.676502317190170288e-02,1.369000000000000000e+03,1.474393432617187500e+03
5.000000074505805969e-02,3.896152675151824951e-01,3.049029968678951263e-02,2.302237451076507568e-01,1.222326397895812988e+00,5.806681141257286072e-02,5.045000000000000000e+03,5.131489257812500000e+03
2.514390051364898682e-01,-4.000000059604644775e-01,2.405681610107421875e-01,-3.953374028205871582e-01,1.048281192779541016e+00,5.012593418359756470e-02,3.779000000000000000e+03,3.779500000000000000e+03
4.223684668540954590e-01,-3.499999940395355225e-01,7.945455312728881836e-01,-3.718626499176025391e-01,1.053086876869201660e+00,6.358311325311660767e-02,3.874000000000000000e+03,4.345808105468750000e+03
1.366542428731918335e-01,-4.000000059604644775e-01,2.052511721849441528e-01,-5.624384284019470215e-01,7.274563312530517578e-01,7.841911166906356812e-02,2.297000000000000000e+03,2.429936279296875000e+03
-1.131237149238586426e-01,4.862083792686462402e-01,4.831572249531745911e-02,4.855176210403442383e-01,6.655301451683044434e-01,6.299331039190292358e-02,2.463000000000000000e+03,2.606232910156250000e+03
1.366542428731918335e-01,-4.688200056552886963e-01,-1.099002808332443237e-01,-6.439879536628723145e-01,8.057219386100769043e-01,6.424602866172790527e-02,3.295000000000000000e+03,3.745815917968750000e+03
4.482004791498184204e-02,5.173884034156799316e-01,1.346073746681213379e-01,2.307897657155990601e-01,9.645109772682189941e-01,5.304970964789390564e-02,3.856000000000000000e+03,4.221889648437500000e+03
2.872454822063446045e-01,-2.188199907541275024e-01,2.662806212902069092e-01,-3.579698801040649414e-01,9.746056199073791504e-01,6.395786255598068237e-02,3.135000000000000000e+03,3.200068359375000000e+03
3.118000738322734833e-02,-3.000000119209289551e-01,1.442741453647613525e-01,-3.202640116214752197e-01,9.050666093826293945e-01,7.924460619688034058e-02,2.577000000000000000e+03,2.618405029296875000e+03
2.225104346871376038e-02,5.481259822845458984e-01,3.063136041164398193e-01,2.424746453762054443e-01,1.161353826522827148e+00,5.544469505548477173e-02,4.291000000000000000e+03,4.830190429687500000e+03
-2.500000000000000000e-01,2.514390051364898682e-01,-4.862272739410400391e-01,5.555686950683593750e-01,1.246139764785766602e+00,5.671700462698936462e-02,5.416000000000000000e+03,5.921442871093750000e+03
3.221365213394165039e-01,-2.500000000000000000e-01,3.275637030601501465e-01,-8.849542587995529175e-02,1.245191335678100586e+00,5.314020812511444092e-02,4.929000000000000000e+03,5.011489257812500000e+03
-1.510896813124418259e-02,6.379825472831726074e-01,-2.176947295665740967e-01,5.116882920265197754e-01,1.016088008880615234e+00,6.749408692121505737e-02,3.717000000000000000e+03,3.919879638671875000e+03
-2.000000029802322388e-01,2.514390051364898682e-01,-4.119218885898590088e-01,-1.077401190996170044e-01,8.729857802391052246e-01,8.967585861682891846e-02,3.439000000000000000e+03,4.188987792968750000e+03
0.000000000000000000e+00,-1.131237149238586426e-01,-1.189317554235458374e-01,1.685343533754348755e-01,9.861033558845520020e-01,7.425390928983688354e-02,3.778000000000000000e+03,4.133523925781250000e+03
2.145627290010452271e-01,-3.000000119209289551e-01,2.063953429460525513e-01,-1.712993346154689789e-02,1.042789578437805176e+00,7.105652242898941040e-02,4.135000000000000000e+03,4.434147949218750000e+03
3.562291860580444336e-01,-4.000000059604644775e-01,5.713470578193664551e-01,-1.867551803588867188e-01,8.759896755218505859e-01,5.744375288486480713e-02,3.515000000000000000e+03,3.923328369140625000e+03
-1.000000014901161194e-01,-4.000000059604644775e-01,-8.503644168376922607e-02,-5.341835021972656250e-01,7.811024188995361328e-01,6.630282849073410034e-02,2.545000000000000000e+03,2.620608154296875000e+03
2.514390051364898682e-01,-1.000000014901161194e-01,4.438410401344299316e-01,-2.377265132963657379e-03,7.940086722373962402e-01,6.419003754854202271e-02,3.156000000000000000e+03,3.385347412109375000e+03
2.872454822063446045e-01,5.000000074505805969e-02,3.278338909149169922e-01,2.141593545675277710e-01,1.230903148651123047e+00,6.174069270491600037e-02,4.896000000000000000e+03,4.988191406250000000e+03
9.482004493474960327e-02,-1.000000014901161194e-01,1.757895648479461670e-01,3.549639880657196045e-02,7.071369290351867676e-01,7.755503058433532715e-02,2.531000000000000000e+03,2.655303955078125000e+03
5.000000074505805969e-02,-4.000000059604644775e-01,4.093030095100402832e-01,-4.734228849411010742e-01,1.251055359840393066e+00,5.194642394781112671e-02,4.990000000000000000e+03,5.410809082031250000e+03
2.514390051364898682e-01,-3.499999940395355225e-01,3.342940807342529297e-01,-2.966081798076629639e-01,6.451260447502136230e-01,7.625198364257812500e-02,2.283000000000000000e+03,2.336122558593750000e+03
1.270009279251098633e-01,4.223684668540954590e-01,6.982561200857162476e-02,1.287685148417949677e-02,1.247647523880004883e+00,5.463584139943122864e-02,4.482000000000000000e+03,4.962727050781250000e+03
-2.000000029802322388e-01,-2.500000000000000000e-01,-3.630605936050415039e-01,-7.215313315391540527e-01,1.249845504760742188e+00,7.119050621986389160e-02,4.245000000000000000e+03,4.898609375000000000e+03
-4.000000059604644775e-01,-2.500000000000000000e-01,-3.717506527900695801e-01,-5.461183786392211914e-01,1.010623335838317871e+00,6.880583614110946655e-02,3.883000000000000000e+03,4.213268066406250000e+03
-8.165807463228702545e-03,-2.000000029802322388e-01,2.767726778984069824e-02,-1.120164152234792709e-02,9.005922675132751465e-01,6.785191595554351807e-02,3.207000000000000000e+03,3.351146728515625000e+03
-6.000000238418579102e-01,-3.000000119209289551e-01,-5.749637484550476074e-01,-2.025759667158126831e-01,4.827246963977813721e-01,6.908962130546569824e-02,1.566000000000000000e+03,1.633441162109375000e+03
2.872454822063446045e-01,-1.631237119436264038e-01,5.089130401611328125e-01,-7.612698525190353394e-02,1.234589457511901855e+00,5.320411175489425659e-02,5.136000000000000000e+03,5.325313476562500000e+03
2.514390051364898682e-01,2.145627290010452271e-01,5.934034660458564758e-02,-3.418086767196655273e-01,1.033397555351257324e+00,1.251488476991653442e-01,2.637000000000000000e+03,3.442207031250000000e+03
-7.774895429611206055e-02,-3.499999940395355225e-01,6.265643239021301270e-02,-1.855276674032211304e-01,1.235343098640441895e+00,5.666933581233024597e-02,5.176000000000000000e+03,5.333655761718750000e+03
-3.000000119209289551e-01,-1.500000059604644775e-01,-1.821008622646331787e-01,1.263039112091064453e-01,1.161571979522705078e+00,2.559113800525665283e-01,2.734000000000000000e+03,2.913757324218750000e+03
-5.000000074505805969e-02,-2.659073472023010254e-01,-9.048771858215332031e-02,-3.006354272365570068e-01,1.077738404273986816e+00,6.546770036220550537e-02,4.269000000000000000e+03,4.279505371093750000e+03
3.184255063533782959e-01,-5.000000074505805969e-02,2.742221057415008545e-01,-3.571662604808807373e-01,7.385054826736450195e-01,7.966796308755874634e-02,2.265000000000000000e+03,2.649604492187500000e+03
1.764043420553207397e-01,-3.659073412418365479e-01,3.285011053085327148e-01,-1.922644972801208496e-01,8.039340376853942871e-01,6.605258584022521973e-02,2.596000000000000000e+03,2.805689453125000000e+03
-2.000000029802322388e-01,-4.672468006610870361e-01,-1.243822649121284485e-01,-6.282722353935241699e-01,7.223311662673950195e-01,7.258409261703491211e-02,2.404000000000000000e+03,2.547885009765625000e+03
3.032695502042770386e-02,-1.000000014901161194e-01,9.440293908119201660e-02,-3.401365503668785095e-02,1.139868497848510742e+00,6.245661154389381409e-02,4.079000000000000000e+03,4.105401855468750000e+03
2.872454822063446045e-01,-4.000000059604644775e-01,3.859848678112030029e-01,-1.986721009016036987e-01,1.087681889533996582e+00,7.742240279912948608e-02,3.582000000000000000e+03,3.732957763671875000e+03
-3.292809426784515381e-02,-5.000000000000000000e-01,-6.045469269156455994e-02,-4.645727574825286865e-01,2.609785199165344238e-01,1.019889339804649353e-01,1.041000000000000000e+03,1.071540161132812500e+03
-5.000000000000000000e-01,-1.500000059604644775e-01,-5.651476979255676270e-01,-2.458092719316482544e-01,1.125836730003356934e+00,6.296517699956893921e-02,4.501000000000000000e+03,4.548700195312500000e+03
-2.131237089633941650e-01,-2.000000029802322388e-01,-2.026291042566299438e-01,-3.457954525947570801e-02,1.231122970581054688e+00,5.787189304828643799e-02,3.733000000000000000e+03,3.800104492187500000e+03
-2.500000000000000000e-01,-2.500000000000000000e-01,-2.884113788604736328e-01,-1.351241767406463623e-01,8.020383119583129883e-01,5.583979561924934387e-02,3.002000000000000000e+03,3.069921386718750000e+03
-5.000000074505805969e-02,-1.500000059604644775e-01,-5.902058258652687073e-02,3.028396368026733398e-01,1.210714101791381836e+00,8.550868928432464600e-02,4.087000000000000000e+03,4.641893066406250000e+03
9.482004493474960327e-02,4.482004791498184204e-02,-1.611372530460357666e-01,-4.390891492366790771e-01,9.882959127426147461e-01,5.402215570211410522e-02,3.685000000000000000e+03,4.749876953125000000e+03
-3.659073412418365479e-01,1.366542428731918335e-01,-3.781945109367370605e-01,-2.362113147974014282e-01,1.265745997428894043e+00,6.042891368269920349e-02,5.068000000000000000e+03,5.499058105468750000e+03
6.961627006530761719e-01,-2.559438347816467285e-02,7.831091880798339844e-01,1.189191192388534546e-01,4.482647180557250977e-01,1.129363998770713806e-01,1.356000000000000000e+03,1.542239257812500000e+03
3.896152675151824951e-01,-5.000000074505805969e-02,5.527765154838562012e-01,-1.578988134860992432e-01,8.320735692977905273e-01,6.128147989511489868e-02,3.015000000000000000e+03,3.179563476562500000e+03
-1.204144284129142761e-01,2.145627290010452271e-01,4.658205062150955200e-02,1.799674332141876221e-01,8.773751258850097656e-01,9.053160250186920166e-02,3.454000000000000000e+03,3.583515869140625000e+03
0.000000000000000000e+00,4.223684668540954590e-01,-2.768489718437194824e-01,3.144747018814086914e-01,1.130954623222351074e+00,5.784886702895164490e-02,4.650000000000000000e+03,4.965736816406250000e+03
3.221365213394165039e-01,1.764043420553207397e-01,2.733386494219303131e-02,7.040183544158935547e-01,1.262801647186279297e+00,7.264286279678344727e-02,4.428000000000000000e+03,5.397291503906250000e+03
5.000000074505805969e-02,4.545493423938751221e-01,1.329898238182067871e-01,1.060616970062255859e-01,1.207147002220153809e+00,5.822908133268356323e-02,4.868000000000000000e+03,5.287377929687500000e+03
-3.000000119209289551e-01,-1.926239021122455597e-02,-2.087469995021820068e-01,2.157407701015472412e-01,1.130192637443542480e+00,7.103881239891052246e-02,4.213000000000000000e+03,4.419911621093750000e+03
-3.499999940395355225e-01,5.000000074505805969e-02,-1.006421744823455811e-01,-3.416137695312500000e-01,1.238815903663635254e+00,6.463235616683959961e-02,4.784000000000000000e+03,5.436027343750000000e+03
-3.178191184997558594e-01,0.000000000000000000e+00,-1.442093551158905029e-01,1.235996261239051819e-01,1.058760643005371094e+00,6.673213094472885132e-02,3.716000000000000000e+03,3.865056640625000000e+03
4.183419048786163330e-02,-5.500000119209289551e-01,3.027762174606323242e-01,-9.952126145362854004e-01,9.813060164451599121e-01,8.127845823764801025e-02,3.801000000000000000e+03,4.794512207031250000e+03
-3.151089549064636230e-01,9.482004493474960327e-02,-1.743945181369781494e-01,3.281228542327880859e-01,1.224844574928283691e+00,5.871288105845451355e-02,4.924000000000000000e+03,5.164592773437500000e+03
-3.000000119209289551e-01,-5.000000074505805969e-02,-3.208040297031402588e-01,-2.241758443415164948e-02,9.028539657592773438e-01,7.617752999067306519e-02,2.878000000000000000e+03,2.882166503906250000e+03
-2.500000000000000000e-01,-3.000000119209289551e-01,-3.424801528453826904e-01,-2.375528961420059204e-01,5.520282387733459473e-01,1.335706263780593872e-01,1.319000000000000000e+03,1.372496459960937500e+03
3.543173968791961670e-01,-1.000000014901161194e-01,2.171007692813873291e-01,-6.062821745872497559e-01,1.215105414390563965e+00,6.629564613103866577e-02,4.333000000000000000e+03,5.108340820312500000e+03
-1.500000059604644775e-01,-1.500000059604644775e-01,-1.613599359989166260e-01,2.561576664447784424e-02,7.716866731643676758e-01,6.888168305158615112e-02,2.647000000000000000e+03,2.783086914062500000e+03
-3.000000119209289551e-01,2.872454822063446045e-01,-6.523873209953308105e-01,3.466716408729553223e-01,7.824078202247619629e-01,7.932604104280471802e-02,2.727000000000000000e+03,3.270739257812500000e+03
2.514390051364898682e-01,-2.000000029802322388e-01,2.204186171293258667e-01,-1.128551587462425232e-01,1.089293241500854492e+00,6.679033488035202026e-02,3.928000000000000000e+03,3.956402832031250000e+03
-3.659073412418365479e-01,3.562291860580444336e-01,1.068942174315452576e-01,5.641413927078247070e-01,1.101901173591613770e+00,5.687550827860832214e-02,4.722000000000000000e+03,5.714016113281250000e+03
-1.192623898386955261e-01,5.784529447555541992e-01,-2.606919109821319580e-01,5.355284214019775391e-01,9.550495743751525879e-01,5.220795050263404846e-02,4.007000000000000000e+03,4.102197753906250000e+03
-5.179951898753643036e-03,-4.499999880790710449e-01,-2.998730242252349854e-01,-3.003322482109069824e-01,1.237738370895385742e+00,4.281977564096450806e-02,3.921000000000000000e+03,4.195857910156250000e+03
-3.499999940395355225e-01,1.366542428731918335e-01,-6.368761658668518066e-01,8.649290353059768677e-02,1.235682487487792969e+00,6.419136375188827515e-02,5.296000000000000000e+03,5.586491699218750000e+03
-2.000000029802322388e-01,-2.000000029802322388e-01,-1.323224008083343506e-01,-1.536552757024765015e-01,1.085103392601013184e+00,5.331805348396301270e-02,3.857000000000000000e+03,3.878911865234375000e+03
6.189195439219474792e-02,-5.500000119209289551e-01,1.897900849580764771e-01,-5.637831687927246094e-01,8.831120133399963379e-01,7.058431953191757202e-02,3.289000000000000000e+03,3.358269287109375000e+03
-5.179951898753643036e-03,-5.178191065788269043e-01,8.918784558773040771e-02,-6.480721235275268555e-01,1.066348910331726074e+00,5.639638006687164307e-02,4.497000000000000000e+03,4.598746093750000000e+03
-4.000000059604644775e-01,0.000000000000000000e+00,-1.797618120908737183e-01,-7.088800519704818726e-02,1.100148797035217285e+00,6.733953207731246948e-02,4.171000000000000000e+03,4.353546875000000000e+03
5.000000074505805969e-02,2.514390051364898682e-01,6.827007979154586792e-02,3.173360526561737061e-01,8.348520398139953613e-01,6.839021295309066772e-02,3.135000000000000000e+03,3.156069091796875000e+03
2.872454822063446045e-01,1.764043420553207397e-01,-1.901766471564769745e-02,2.170982807874679565e-01,1.233261585235595703e+00,5.443385988473892212e-02,5.134000000000000000e+03,5.451664062500000000e+03
3.562291860580444336e-01,-1.000000014901161194e-01,6.769159436225891113e-01,-8.863703161478042603e-02,9.891648292541503906e-01,5.404008179903030396e-02,4.031000000000000000e+03,4.444533203125000000e+03
-1.666139364242553711e-01,3.562291860580444336e-01,-5.398790538311004639e-02,3.363215625286102295e-01,5.974884033203125000e-01,7.501536607742309570e-02,1.743000000000000000e+03,1.806147705078125000e+03
2.514390051364898682e-01,3.221365213394165039e-01,8.070567250251770020e-02,1.884043961763381958e-01,1.263318300247192383e+00,5.854769051074981689e-02,4.394000000000000000e+03,4.522908203125000000e+03
2.145627290010452271e-01,1.764043420553207397e-01,6.818037033081054688e-01,2.111522406339645386e-01,9.654893279075622559e-01,5.478069558739662170e-02,3.625000000000000000e+03,4.439588378906250000e+03
-3.000000119209289551e-01,-3.499999940395355225e-01,-3.845293223857879639e-01,-5.416733622550964355e-01,9.329140186309814453e-01,5.673962458968162537e-02,3.887000000000000000e+03,4.080851074218750000e+03
-1.118416264653205872e-01,-3.000000119209289551e-01,-2.586603760719299316e-01,-2.613555192947387695e-01,7.632161378860473633e-01,7.861743867397308350e-02,2.575000000000000000e+03,2.676014160156250000e+03
9.482004493474960327e-02,-3.000000119209289551e-01,3.056046664714813232e-01,1.936733722686767578e-01,1.178298711776733398e+00,5.373298749327659607e-02,4.874000000000000000e+03,5.842213867187500000e+03
1.764043420553207397e-01,-3.000000119209289551e-01,-8.107406646013259888e-02,1.727342456579208374e-01,1.173656821250915527e+00,4.860525205731391907e-02,4.591000000000000000e+03,5.516704589843750000e+03
3.562291860580444336e-01,-1.777489632368087769e-01,5.473126173019409180e-01,-2.831933200359344482e-01,1.261586666107177734e+00,5.061286315321922302e-02,4.820000000000000000e+03,4.963195312500000000e+03
2.872454822063446045e-01,-1.500000059604644775e-01,2.642768621444702148e-01,-1.796197295188903809e-01,1.011129260063171387e+00,6.200363114476203918e-02,3.868000000000000000e+03,3.873308105468750000e+03
1.366542428731918335e-01,2.145627290010452271e-01,2.248254269361495972e-01,2.098958641290664673e-01,1.166082859039306641e+00,5.922855436801910400e-02,4.935000000000000000e+03,4.963414550781250000e+03
-4.000000059604644775e-01,8.815837651491165161e-02,-5.602325201034545898e-01,3.294128775596618652e-01,1.121614694595336914e+00,6.377363950014114380e-02,3.946000000000000000e+03,4.205444824218750000e+03
-4.672468006610870361e-01,-2.000000029802322388e-01,-1.451806575059890747e-01,-7.271896302700042725e-02,1.140532374382019043e+00,5.808554962277412415e-02,4.094000000000000000e+03,4.463492675781250000e+03
-2.000000029802322388e-01,-1.000000014901161194e-01,-4.815702140331268311e-01,-5.631141662597656250e-01,1.189551949501037598e+00,6.432661414146423340e-02,4.174000000000000000e+03,5.003159667968750000e+03
-2.131237089633941650e-01,1.764043420553207397e-01,-1.778437010943889618e-02,1.602244079113006592e-01,1.104600429534912109e+00,6.579183787107467651e-02,4.246000000000000000e+03,4.378561035156250000e+03
-3.499999940395355225e-01,9.482004493474960327e-02,-6.861965358257293701e-02,3.747106194496154785e-01,1.262477517127990723e+00,5.711655691266059875e-02,4.964000000000000000e+03,5.442887695312500000e+03
-2.500000000000000000e-01,-3.000000119209289551e-01,-5.716388113796710968e-03,-3.723356127738952637e-01,1.260482311248779297e+00,6.177270412445068359e-02,5.301000000000000000e+03,5.515999511718750000e+03
3.975010663270950317e-02,-3.499999940395355225e-01,-5.839072465896606445e-01,-9.389932453632354736e-02,1.276621580123901367e+00,5.648524686694145203e-02,4.908000000000000000e+03,6.205665039062500000e+03
1.366542428731918335e-01,3.562291860580444336e-01,1.893600970506668091e-01,5.229950323700904846e-02,1.218556523323059082e+00,6.414104998111724854e-02,4.517000000000000000e+03,4.801796875000000000e+03
-5.000000000000000000e-01,1.329784244298934937e-01,-2.145684957504272461e-01,-1.635744571685791016e-01,1.176623582839965820e+00,5.702152103185653687e-02,4.579000000000000000e+03,5.123677734375000000e+03
2.514390051364898682e-01,1.224607303738594055e-01,2.048653215169906616e-01,3.912893831729888916e-01,1.222885370254516602e+00,5.905731767416000366e-02,4.357000000000000000e+03,4.570983886718750000e+03
3.562291860580444336e-01,-1.102498918771743774e-01,2.349769771099090576e-01,-5.231329202651977539e-01,1.196858406066894531e+00,6.022018939256668091e-02,4.651000000000000000e+03,5.235426757812500000e+03
3.562291860580444336e-01,-2.000000029802322388e-01,5.991905331611633301e-01,-1.738907098770141602e-01,8.871547579765319824e-01,5.940202996134757996e-02,3.051000000000000000e+03,3.278728515625000000e+03
-3.499999940395355225e-01,-1.102498918771743774e-01,-6.847180724143981934e-01,1.971137672662734985e-01,1.102406382560729980e+00,5.534896627068519592e-02,4.277000000000000000e+03,4.976488769531250000e+03
1.366542428731918335e-01,3.562291860580444336e-01,-3.512441515922546387e-01,2.523238658905029297e-01,1.233783960342407227e+00,5.523635819554328918e-02,4.651000000000000000e+03,5.383538574218750000e+03
1.366542428731918335e-01,3.562291860580444336e-01,2.617264389991760254e-01,1.717197708785533905e-02,9.015387296676635742e-01,6.440162658691406250e-02,3.454000000000000000e+03,3.989854248046875000e+03
-5.683409571647644043e-01,-6.499999761581420898e-01,-5.086616277694702148e-01,-5.966401696205139160e-01,4.774522185325622559e-01,1.529722064733505249e-01,1.363000000000000000e+03,1.400999755859375000e+03
2.872454822063446045e-01,-2.500000000000000000e-01,2.318175286054611206e-01,-1.967783272266387939e-01,1.223229050636291504e+00,5.812259763479232788e-02,3.848000000000000000e+03,3.863134765625000000e+03
-7.903105020523071289e-02,-4.000000059604644775e-01,1.713391989469528198e-01,-3.786111772060394287e-01,1.166600584983825684e+00,5.602231621742248535e-02,4.203000000000000000e+03,4.395947265625000000e+03
-1.641935110092163086e-01,2.514390051364898682e-01,1.506022810935974121e-01,2.311327457427978516e-01,1.078953504562377930e+00,6.352323293685913086e-02,3.810000000000000000e+03,4.129925292968750000e+03
0.000000000000000000e+00,-3.000000119209289551e-01,-3.399643115699291229e-03,-1.621308475732803345e-01,1.182640790939331055e+00,5.903650075197219849e-02,3.654000000000000000e+03,3.703475097656250000e+03
1.366542428731918335e-01,3.562291860580444336e-01,1.275825053453445435e-01,4.458977580070495605e-01,8.690452575683593750e-01,6.512863934040069580e-02,2.748000000000000000e+03,2.777414306640625000e+03
0.000000000000000000e+00,3.896152675151824951e-01,-2.525148913264274597e-02,2.534342110157012939e-01,1.210925459861755371e+00,5.715723335742950439e-02,3.861000000000000000e+03,3.911433837890625000e+03
5.784529447555541992e-01,3.221365213394165039e-01,6.179093718528747559e-01,1.555178761482238770e-01,5.126848220825195312e-01,6.739843636751174927e-02,1.583000000000000000e+03,1.754848266601562500e+03
4.545493423938751221e-01,3.687628731131553650e-02,3.420625627040863037e-01,8.892803639173507690e-02,1.237772226333618164e+00,6.110085546970367432e-02,4.474000000000000000e+03,4.518617675781250000e+03
-3.000000119209289551e-01,1.366542428731918335e-01,-2.343796640634536743e-01,-6.983593106269836426e-02,1.181541085243225098e+00,5.588313564658164978e-02,4.708000000000000000e+03,4.865107421875000000e+03
3.409266844391822815e-02,3.896152675151824951e-01,-2.507333159446716309e-01,2.246866524219512939e-01,7.030099034309387207e-01,5.571641400456428528e-02,2.445000000000000000e+03,2.956740722656250000e+03
-1.312371436506509781e-02,5.784529447555541992e-01,-2.413928061723709106e-01,5.201486349105834961e-01,1.065357327461242676e+00,9.080956131219863892e-02,2.982000000000000000e+03,3.126212158203125000e+03
1.764043420553207397e-01,-2.141935080289840698e-01,2.493071183562278748e-02,-6.831351667642593384e-02,8.459861874580383301e-01,6.566377729177474976e-02,2.193000000000000000e+03,2.326778564453125000e+03
-1.651089638471603394e-01,-4.000000059604644775e-01,-4.752261638641357422e-01,-5.865079164505004883e-01,1.077528476715087891e+00,6.709031015634536743e-02,4.232000000000000000e+03,4.696978515625000000e+03
3.562291860580444336e-01,-1.000000014901161194e-01,6.097178459167480469e-01,1.456345617771148682e-01,1.117146849632263184e+00,6.012950092554092407e-02,4.581000000000000000e+03,5.028438964843750000e+03
2.304940856993198395e-02,-3.000000119209289551e-01,-2.723833620548248291e-01,-1.554379463195800781e-01,1.143839478492736816e+00,6.480236351490020752e-02,4.146000000000000000e+03,4.482343261718750000e+03
-3.499999940395355225e-01,-3.499999940395355225e-01,-5.578410029411315918e-01,-1.082461774349212646e-01,1.077387213706970215e+00,7.133749127388000488e-02,3.462000000000000000e+03,3.758983398437500000e+03
3.221365213394165039e-01,9.482004493474960327e-02,3.582315444946289062e-01,3.333847969770431519e-02,1.252677321434020996e+00,6.128917261958122253e-02,4.080000000000000000e+03,4.093097656250000000e+03
5.000000074505805969e-02,1.764043420553207397e-01,2.777074873447418213e-01,-2.587983384728431702e-02,1.001470208168029785e+00,5.560307204723358154e-02,3.623000000000000000e+03,3.951360351562500000e+03
3.221365213394165039e-01,5.000000074505805969e-02,1.772568821907043457e-01,2.080616354942321777e-01,1.085652351379394531e+00,6.563922017812728882e-02,4.328000000000000000e+03,4.494948242187500000e+03
-5.000000074505805969e-02,-4.000000059604644775e-01,1.983858048915863037e-01,-3.753397762775421143e-01,1.160623311996459961e+00,5.287751927971839905e-02,4.593000000000000000e+03,4.802743652343750000e+03
3.896152675151824951e-01,-1.000000014901161194e-01,3.029776811599731445e-01,7.191630080342292786e-03,1.251805782318115234e+00,6.221351772546768188e-02,3.860000000000000000e+03,3.906839111328125000e+03
4.223684668540954590e-01,-5.000000074505805969e-02,7.646030187606811523e-01,2.409576624631881714e-02,1.180755496025085449e+00,6.162612885236740112e-02,4.758000000000000000e+03,5.167901367187500000e+03
-8.165807463228702545e-03,-3.151089549064636230e-01,-4.266448318958282471e-02,-2.238482534885406494e-01,5.184354782104492188e-01,1.508104205131530762e-01,1.158000000000000000e+03,1.198752685546875000e+03
-2.500000000000000000e-01,0.000000000000000000e+00,-1.944808661937713623e-01,1.081335768103599548e-01,5.349118709564208984e-01,8.176528662443161011e-02,1.731000000000000000e+03,1.819099487304687500e+03
0.000000000000000000e+00,-3.499999940395355225e-01,-8.509675413370132446e-02,-3.869529366493225098e-01,4.754251241683959961e-01,9.894462674856185913e-02,1.457000000000000000e+03,1.511945312500000000e+03
-1.661394163966178894e-02,-5.500000119209289551e-01,9.216126054525375366e-02,-1.029848694801330566e+00,1.037999033927917480e+00,6.691356003284454346e-02,4.279000000000000000e+03,5.198325195312500000e+03
-3.000000119209289551e-01,2.514390051364898682e-01,-4.503677412867546082e-02,1.917353123426437378e-01,1.139823198318481445e+00,5.925317108631134033e-02,4.321000000000000000e+03,4.546525390625000000e+03
2.145627290010452271e-01,1.366542428731918335e-01,3.608428835868835449e-01,-1.078127995133399963e-01,1.019110321998596191e+00,7.363285869359970093e-02,4.200000000000000000e+03,4.521919921875000000e+03
5.000000074505805969e-02,-3.000000119209289551e-01,-5.237280949950218201e-02,-2.745627462863922119e-01,1.166794896125793457e+00,6.007130816578865051e-02,4.232000000000000000e+03,4.266382812500000000e+03
-2.000000029802322388e-01,3.687628731131553650e-02,-2.072588950395584106e-01,4.381652548909187317e-02,1.221841692924499512e+00,5.571690946817398071e-02,4.712000000000000000e+03,4.712301757812500000e+03
-2.666139304637908936e-01,1.316963285207748413e-01,-2.513562738895416260e-01,-1.419244613498449326e-02,1.085374116897583008e+00,5.194101110100746155e-02,3.215000000000000000e+03,3.273245605468750000e+03
-3.159073293209075928e-01,-3.000000119209289551e-01,-6.624786257743835449e-01,-1.453532725572586060e-01,9.123684763908386230e-01,6.426335126161575317e-02,3.374000000000000000e+03,3.936269775390625000e+03
3.562291860580444336e-01,1.764043420553207397e-01,-7.395831402391195297e-03,7.444479316473007202e-02,8.762892484664916992e-01,6.562197208404541016e-02,3.214000000000000000e+03,3.786962890625000000e+03
3.221365213394165039e-01,-3.710686266422271729e-01,6.922522187232971191e-01,-1.615585237741470337e-01,9.509855508804321289e-01,6.204344704747200012e-02,3.500000000000000000e+03,4.172319824218750000e+03
8.665423840284347534e-02,4.223684668540954590e-01,1.356223225593566895e-01,5.436825156211853027e-01,7.678194046020507812e-01,6.977255642414093018e-02,2.952000000000000000e+03,3.036975341796875000e+03
-5.000000074505805969e-02,-2.000000029802322388e-01,-1.301907002925872803e-01,-4.446371197700500488e-01,8.640164732933044434e-01,9.022339433431625366e-02,2.894000000000000000e+03,3.145446777343750000e+03
5.784529447555541992e-01,1.366542428731918335e-01,3.910987973213195801e-01,4.495116323232650757e-02,9.796372652053833008e-01,5.785448104143142700e-02,3.921000000000000000e+03,4.097239257812500000e+03
5.000000074505805969e-02,3.562291860580444336e-01,1.879314333200454712e-01,3.714758455753326416e-01,1.200234174728393555e+00,6.488222628831863403e-02,4.412000000000000000e+03,4.470679687500000000e+03
1.724607348442077637e-01,-3.151089549064636230e-01,-2.935705780982971191e-01,-4.425394535064697266e-01,1.270623922348022461e+00,6.295116245746612549e-02,5.334000000000000000e+03,6.080775390625000000e+03
3.221365213394165039e-01,-2.131237089633941650e-01,2.025701105594635010e-01,-1.449708491563796997e-01,8.658125996589660645e-01,4.599758237600326538e-02,2.570000000000000000e+03,2.634482177734375000e+03
1.366542428731918335e-01,-1.500000059604644775e-01,-8.372434973716735840e-02,-1.086288169026374817e-01,8.459811210632324219e-01,6.705380976200103760e-02,3.342000000000000000e+03,3.573102294921875000e+03
-3.499999940395355225e-01,-6.419350951910018921e-02,-6.381655335426330566e-01,-4.659196361899375916e-03,1.250269889831542969e+00,5.294054001569747925e-02,5.231000000000000000e+03,5.516516113281250000e+03
5.000000074505805969e-02,0.000000000000000000e+00,-1.267778221517801285e-02,3.004000894725322723e-02,6.204609870910644531e-01,5.936605110764503479e-02,2.077000000000000000e+03,2.102917236328125000e+03
-5.000000000000000000e-01,-8.165807463228702545e-03,-4.023488759994506836e-01,-3.473779559135437012e-01,1.076123476028442383e+00,6.458665430545806885e-02,3.952000000000000000e+03,4.367415527343750000e+03
-3.000000119209289551e-01,5.000000074505805969e-02,-4.338688403367996216e-02,-1.343606598675251007e-02,7.421197295188903809e-01,6.850525736808776855e-02,2.602000000000000000e+03,2.922637207031250000e+03
3.489103168249130249e-02,4.844933748245239258e-01,-4.424315989017486572e-01,1.594332903623580933e-01,1.203124284744262695e+00,6.209405884146690369e-02,4.297000000000000000e+03,5.241141601562500000e+03
-3.000000119209289551e-01,2.514390051364898682e-01,-8.453144431114196777e-01,-1.715291142463684082e-01,1.273307204246520996e+00,5.538367852568626404e-02,5.016000000000000000e+03,6.410244628906250000e+03
1.597903966903686523e-01,-4.000000059604644775e-01,9.113608859479427338e-03,-2.872573733329772949e-01,5.524430274963378906e-01,6.977217644453048706e-02,2.039000000000000000e+03,2.269376953125000000e+03
3.562291860580444336e-01,-2.641935050487518311e-01,3.610467016696929932e-01,-2.554750442504882812e-01,1.222059130668640137e+00,5.373851954936981201e-02,4.450000000000000000e+03,4.450284667968750000e+03
9.482004493474960327e-02,2.872454822063446045e-01,3.040162622928619385e-01,2.320081181824207306e-02,1.104330062866210938e+00,5.601009353995323181e-02,4.786000000000000000e+03,5.221588867187500000e+03
-3.000000119209289551e-01,6.961627006530761719e-01,-3.028229176998138428e-01,6.864045262336730957e-01,8.583177924156188965e-01,6.249029189348220825e-02,2.539000000000000000e+03,2.539365722656250000e+03
5.000000074505805969e-02,-3.659073412418365479e-01,5.610878765583038330e-02,-2.954311668872833252e-01,1.267317533493041992e+00,5.549374595284461975e-02,4.975000000000000000e+03,4.990407226562500000e+03
-2.500000000000000000e-01,-3.659073412418365479e-01,5.204434320330619812e-02,-3.608887493610382080e-01,8.973333239555358887e-01,6.348203122615814209e-02,3.221000000000000000e+03,3.576317138671875000e+03
3.562291860580444336e-01,-1.707512140274047852e-01,2.142218798398971558e-01,-2.746715843677520752e-01,5.101414918899536133e-01,7.355043292045593262e-02,1.872000000000000000e+03,2.088606201171875000e+03
9.482004493474960327e-02,9.482004493474960327e-02,7.883258163928985596e-02,1.948497295379638672e-01,1.012758612632751465e+00,6.651369482278823853e-02,4.203000000000000000e+03,4.244915039062500000e+03
-1.510896813124418259e-02,-3.499999940395355225e-01,6.764420121908187866e-02,1.084992885589599609e-01,9.974119663238525391e-01,5.753729864954948425e-02,3.749000000000000000e+03,4.530745605468750000e+03
5.000000074505805969e-02,-4.166139364242553711e-01,-1.022960618138313293e-02,-6.199835538864135742e-01,6.653538942337036133e-01,6.631670892238616943e-02,2.376000000000000000e+03,2.611915771484375000e+03
3.896152675151824951e-01,2.056531310081481934e-01,6.572051048278808594e-01,-6.393922120332717896e-02,1.042691707611083984e+00,6.058726087212562561e-02,4.378000000000000000e+03,4.941108886718750000e+03
-6.024989485740661621e-02,1.366542428731918335e-01,5.581821501255035400e-02,3.366956710815429688e-01,6.731421947479248047e-01,8.412766456604003906e-02,2.185000000000000000e+03,2.435827148437500000e+03
-2.651089727878570557e-01,-2.641935050487518311e-01,-2.739360630512237549e-01,-2.281312048435211182e-01,4.447277784347534180e-01,6.801577657461166382e-02,1.479000000000000000e+03,1.489313476562500000e+03
9.482004493474960327e-02,-3.499999940395355225e-01,2.394696325063705444e-01,-5.765419453382492065e-02,1.149350166320800781e+00,5.015110969543457031e-02,4.113000000000000000e+03,4.438075683593750000e+03
3.221365213394165039e-01,2.872454822063446045e-01,1.341592073440551758e-01,3.385001420974731445e-01,1.061521649360656738e+00,5.784079432487487793e-02,4.479000000000000000e+03,4.628465820312500000e+03
2.872454822063446045e-01,0.000000000000000000e+00,-1.956074982881546021e-01,2.503300309181213379e-01,1.143986701965332031e+00,7.245878875255584717e-02,4.420000000000000000e+03,5.373174316406250000e+03
2.145627290010452271e-01,-2.000000029802322388e-01,4.247214794158935547e-01,-3.187906444072723389e-01,7.945061326026916504e-01,1.669620126485824585e-01,3.520000000000000000e+03,3.837687988281250000e+03
-3.499999940395355225e-01,2.145627290010452271e-01,-2.211987972259521484e-01,-2.816570699214935303e-01,1.135853528976440430e+00,7.095021754503250122e-02,4.390000000000000000e+03,5.245956542968750000e+03
2.145627290010452271e-01,2.872454822063446045e-01,1.639863997697830200e-01,3.612879514694213867e-01,5.570264458656311035e-01,6.427794694900512695e-02,1.771000000000000000e+03,1.816642211914062500e+03
-5.179951898753643036e-03,-1.419351249933242798e-02,-1.208363100886344910e-01,-9.443451464176177979e-02,9.650986194610595703e-01,6.499908864498138428e-02,3.822000000000000000e+03,3.903082031250000000e+03
1.764043420553207397e-01,-4.499999880790710449e-01,2.309259623289108276e-01,-3.941949307918548584e-01,6.638043522834777832e-01,6.996139883995056152e-02,1.953000000000000000e+03,1.979916870117187500e+03
1.764043420553207397e-01,-1.500000059604644775e-01,1.068251878023147583e-01,1.469849497079849243e-01,9.696484804153442383e-01,6.250568479299545288e-02,3.916000000000000000e+03,4.295347167968750000e+03
-4.000000059604644775e-01,-6.419350951910018921e-02,-6.978074312210083008e-01,2.800054550170898438e-01,8.932961821556091309e-01,6.796402484178543091e-02,3.188000000000000000e+03,3.975092041015625000e+03
-3.499999940395355225e-01,0.000000000000000000e+00,-3.167778849601745605e-01,-2.687180340290069580e-01,9.338420033454895020e-01,6.263818591833114624e-02,3.472000000000000000e+03,3.758573974609375000e+03
-4.000000059604644775e-01,8.062653243541717529e-02,-2.206094264984130859e-01,-2.525370381772518158e-02,6.587932109832763672e-01,7.155513763427734375e-02,2.044000000000000000e+03,2.243643066406250000e+03
1.764043420553207397e-01,-2.000000029802322388e-01,1.494045853614807129e-01,-3.643747866153717041e-01,1.182595491409301758e+00,5.899523943662643433e-02,4.336000000000000000e+03,4.421444335937500000e+03
-1.000000014901161194e-01,2.145627290010452271e-01,6.017825379967689514e-02,9.392617642879486084e-02,9.484614133834838867e-01,5.802278965711593628e-02,3.801000000000000000e+03,3.969141601562500000e+03
-3.000000119209289551e-01,3.580648824572563171e-02,-2.110153138637542725e-01,9.072197973728179932e-02,9.031849503517150879e-01,5.747688561677932739e-02,3.092000000000000000e+03,3.133123779296875000e+03
-6.510896980762481689e-02,-3.151089549064636230e-01,-4.907014071941375732e-01,-3.275674283504486084e-01,1.222216367721557617e+00,5.363382026553153992e-02,4.692000000000000000e+03,5.245737792968750000e+03
2.872454822063446045e-01,2.145627290010452271e-01,8.289325237274169922e-01,2.048184424638748169e-01,1.046090006828308105e+00,6.260142475366592407e-02,4.337000000000000000e+03,5.440769042968750000e+03
-3.159073293209075928e-01,1.366542428731918335e-01,-2.666850686073303223e-01,2.904934287071228027e-01,1.259194016456604004e+00,5.634931474924087524e-02,4.672000000000000000e+03,4.748306640625000000e+03
-3.499999940395355225e-01,-5.000000000000000000e-01,-1.965299546718597412e-01,-7.562142014503479004e-01,1.018686890602111816e+00,6.323259323835372925e-02,4.127000000000000000e+03,4.475031738281250000e+03
-1.000000014901161194e-01,-2.000000029802322388e-01,-5.415036678314208984e-01,-9.973548352718353271e-02,9.304900765419006348e-01,6.706608086824417114e-02,3.596000000000000000e+03,4.407106445312500000e+03
2.514390051364898682e-01,-5.000000074505805969e-02,3.328111767768859863e-01,-1.289983838796615601e-01,1.113409280776977539e+00,5.807185545563697815e-02,4.372000000000000000e+03,4.417413085937500000e+03
1.764043420553207397e-01,-5.000000074505805969e-02,3.256896734237670898e-01,-6.142026185989379883e-02,9.078429937362670898e-01,6.648016721010208130e-02,2.723000000000000000e+03,2.796493408203125000e+03
-3.151089549064636230e-01,-1.500000059604644775e-01,-4.345640838146209717e-01,-4.031610190868377686e-01,7.769681811332702637e-01,5.704749748110771179e-02,2.757000000000000000e+03,3.104786132812500000e+03
2.514390051364898682e-01,2.872454822063446045e-01,1.997585641220211983e-03,1.793562769889831543e-01,1.262401103973388672e+00,5.823537334799766541e-02,4.800000000000000000e+03,5.020354003906250000e+03
-6.000000238418579102e-01,2.145627290010452271e-01,-5.246849656105041504e-01,1.061505973339080811e-01,7.206549048423767090e-01,6.605456024408340454e-02,2.646000000000000000e+03,2.734297851562500000e+03
-3.151089549064636230e-01,-5.000000074505805969e-02,-4.238456189632415771e-01,5.731668695807456970e-02,1.007237792015075684e+00,6.685816496610641479e-02,3.515000000000000000e+03,3.595654296875000000e+03
-1.500000059604644775e-01,8.165905624628067017e-02,-1.735947132110595703e-01,1.954841762781143188e-01,9.391323328018188477e-01,6.185705214738845825e-02,2.784000000000000000e+03,2.826552001953125000e+03
-1.000000014901161194e-01,5.784529447555541992e-01,1.741580292582511902e-02,4.338875412940979004e-01,9.489282965660095215e-01,7.131008803844451904e-02,3.665000000000000000e+03,3.804787353515625000e+03
0.000000000000000000e+00,-2.000000029802322388e-01,-2.071592807769775391e-01,-5.968451499938964844e-01,1.178467154502868652e+00,6.401793658733367920e-02,4.769000000000000000e+03,5.436673828125000000e+03
5.000000074505805969e-02,9.482004493474960327e-02,4.318844377994537354e-01,2.460553944110870361e-01,8.248088359832763672e-01,7.179556787014007568e-02,2.388000000000000000e+03,2.951468261718750000e+03
-4.000000059604644775e-01,3.221365213394165039e-01,-1.673932224512100220e-01,2.135401368141174316e-01,1.078169226646423340e+00,6.589896976947784424e-02,3.816000000000000000e+03,4.029460449218750000e+03
9.183419495820999146e-02,-2.000000029802322388e-01,1.794153004884719849e-01,-5.966293811798095703e-01,1.069895148277282715e+00,7.933697104454040527e-02,3.477000000000000000e+03,3.961929199218750000e+03
-2.500000000000000000e-01,1.366542428731918335e-01,-6.733333319425582886e-02,2.146746590733528137e-02,1.140837669372558594e+00,5.474847927689552307e-02,4.431000000000000000e+03,4.588765625000000000e+03
0.000000000000000000e+00,3.562291860580444336e-01,-3.862586319446563721e-01,7.452922463417053223e-01,1.242695450782775879e+00,6.134176254272460938e-02,4.969000000000000000e+03,5.895433593750000000e+03
2.872454822063446045e-01,-3.200559616088867188e-01,5.446121096611022949e-01,-3.480695188045501709e-01,1.186886310577392578e+00,5.877225473523139954e-02,4.521000000000000000e+03,4.734047851562500000e+03
3.896152675151824951e-01,3.896152675151824951e-01,4.624158442020416260e-01,3.745565414428710938e-01,8.274832963943481445e-01,7.750730216503143311e-02,2.930000000000000000e+03,2.953535644531250000e+03
-7.399994134902954102e-02,6.379825472831726074e-01,-6.001027673482894897e-02,5.970394611358642578e-01,5.829795002937316895e-01,1.108209565281867981e-01,1.591000000000000000e+03,1.599796875000000000e+03
2.514390051364898682e-01,-2.500000000000000000e-01,5.772175788879394531e-01,-6.778093576431274414e-01,1.242886424064636230e+00,5.884486809372901917e-02,4.808000000000000000e+03,5.671557617187500000e+03
2.872454822063446045e-01,2.145627290010452271e-01,-9.101645648479461670e-02,2.214778810739517212e-01,1.182538986206054688e+00,5.888805165886878967e-02,4.662000000000000000e+03,5.128702148437500000e+03
1.735305190086364746e-01,-4.000000059604644775e-01,-3.057884275913238525e-01,-3.503899276256561279e-01,1.211250424385070801e+00,6.385055929422378540e-02,4.243000000000000000e+03,4.891375976562500000e+03
-3.000000119209289551e-01,-1.500000059604644775e-01,-6.066041588783264160e-01,-1.298894584178924561e-01,1.135545849800109863e+00,6.233653798699378967e-02,4.577000000000000000e+03,4.906642089843750000e+03
-2.000000029802322388e-01,-5.000000000000000000e-01,-3.316191136837005615e-01,-6.211690902709960938e-01,7.156261801719665527e-01,7.145681977272033691e-02,2.376000000000000000e+03,2.522321044921875000e+03
1.764043420553207397e-01,1.366542428731918335e-01,1.580445617437362671e-01,2.891381736844778061e-03,1.079930067062377930e+00,5.780964717268943787e-02,3.800000000000000000e+03,3.859063476562500000e+03
8.062653243541717529e-02,-2.500000000000000000e-01,2.331798337399959564e-02,-3.723065853118896484e-01,8.354868292808532715e-01,5.579550564289093018e-02,3.933000000000000000e+03,4.035037841796875000e+03
-1.118416264653205872e-01,2.097904086112976074e-01,-2.655208110809326172e-01,-1.544902473688125610e-01,1.137121200561523438e+00,7.106596231460571289e-02,4.141000000000000000e+03,4.627785644531250000e+03
-1.000000014901161194e-01,9.482004493474960327e-02,-1.077109351754188538e-01,-5.280846357345581055e-01,1.085823774337768555e+00,8.632828295230865479e-02,3.315000000000000000e+03,4.339383789062500000e+03
-3.000000119209289551e-01,-1.000000014901161194e-01,-6.682856678962707520e-01,-1.093118563294410706e-01,8.792020678520202637e-01,6.513668596744537354e-02,3.233000000000000000e+03,3.779919677734375000e+03
2.872454822063446045e-01,-5.000000074505805969e-02,2.066283822059631348e-01,-3.848215639591217041e-01,8.649986386299133301e-01,6.543168425559997559e-02,2.794000000000000000e+03,3.222572265625000000e+03
4.862083792686462402e-01,5.000000074505805969e-02,5.780754089355468750e-01,-1.539938747882843018e-01,7.004825472831726074e-01,7.044342160224914551e-02,2.021000000000000000e+03,2.222491210937500000e+03
5.000000074505805969e-02,-1.000000014901161194e-01,1.241496428847312927e-01,-1.169903501868247986e-01,4.419171512126922607e-01,9.437044709920883179e-02,1.646000000000000000e+03,1.694289306640625000e+03
-5.000000074505805969e-02,-4.000000059604644775e-01,-4.913108944892883301e-01,-1.555490642786026001e-01,1.133176445960998535e+00,6.006876379251480103e-02,4.465000000000000000e+03,5.313143554687500000e+03
2.514390051364898682e-01,-3.151089549064636230e-01,-1.732186041772365570e-02,-4.725279211997985840e-01,9.398434162139892578e-01,6.021951511502265930e-02,3.402000000000000000e+03,3.766889160156250000e+03
