6.238135099411010742e-01,1.172639876604080200e-01,2.523709472656250000e+03
6.884368062019348145e-01,7.226459681987762451e-02,2.324926269531250000e+03
6.858877539634704590e-01,6.146679073572158813e-02,2.195740966796875000e+03
7.608572244644165039e-01,6.653922796249389648e-02,3.005533691406250000e+03
7.281273603439331055e-01,7.788803428411483765e-02,3.065280029296875000e+03
6.363258361816406250e-01,6.981322169303894043e-02,2.418760742187500000e+03
7.411022782325744629e-01,7.623074203729629517e-02,2.365867675781250000e+03
5.493342876434326172e-01,6.638387590646743774e-02,1.622663940429687500e+03
5.987226963043212891e-01,7.430042326450347900e-02,1.803099609375000000e+03
7.265904545783996582e-01,6.020837277173995972e-02,3.272064697265625000e+03
6.823543906211853027e-01,6.487160176038742065e-02,2.310180175781250000e+03
6.796783208847045898e-01,7.733280956745147705e-02,2.782923339843750000e+03
8.096933960914611816e-01,6.167767941951751709e-02,3.118725585937500000e+03
3.544216156005859375e-01,9.495159983634948730e-02,1.037741821289062500e+03
6.319383978843688965e-01,7.171893864870071411e-02,2.244422851562500000e+03
8.070036768913269043e-01,3.434920608997344971e-01,7.460803222656250000e+02
8.035444021224975586e-01,7.375726103782653809e-02,2.934538330078125000e+03
6.700060367584228516e-01,1.174717992544174194e-01,2.244505371093750000e+03
3.510651290416717529e-01,1.343364566564559937e-01,8.685355224609375000e+02
6.491180658340454102e-01,6.789991259574890137e-02,1.904382934570312500e+03
6.690718531608581543e-01,6.998036056756973267e-02,1.813081665039062500e+03
4.815248548984527588e-01,7.699403911828994751e-02,1.561795776367187500e+03
7.274197340011596680e-01,7.204218208789825439e-02,3.154756591796875000e+03
6.406764388084411621e-01,1.376407593488693237e-01,1.353988159179687500e+03
7.342240214347839355e-01,7.745012640953063965e-02,3.284558349609375000e+03
7.644468545913696289e-01,6.607127189636230469e-02,3.356475097656250000e+03
7.801969051361083984e-01,5.820235237479209900e-02,3.478344238281250000e+03
8.087915778160095215e-01,5.513098463416099548e-02,2.847204345703125000e+03
7.643300890922546387e-01,6.640352308750152588e-02,2.930499755859375000e+03
4.493997991085052490e-01,1.484930962324142456e-01,1.367989868164062500e+03
7.090794444084167480e-01,7.216510921716690063e-02,2.544949218750000000e+03
6.401244997978210449e-01,9.027266502380371094e-02,1.906861572265625000e+03
5.370545983314514160e-01,9.983821213245391846e-02,1.588971923828125000e+03
6.655333638191223145e-01,7.726451009511947632e-02,2.506149169921875000e+03
5.275496840476989746e-01,9.010470658540725708e-02,1.547110351562500000e+03
8.066370487213134766e-01,5.650790780782699585e-02,2.808208984375000000e+03
7.146975994110107422e-01,7.120857387781143188e-02,2.909808105468750000e+03
7.037175893783569336e-01,8.604434877634048462e-02,2.244418701171875000e+03
5.797697901725769043e-01,6.711250543594360352e-02,1.683697753906250000e+03
6.582576632499694824e-01,5.986290425062179565e-02,2.830123535156250000e+03
3.631834089756011963e-01,6.185926869511604309e-02,1.155124389648437500e+03
8.326220512390136719e-01,4.639776423573493958e-02,2.748314208984375000e+03
4.941011667251586914e-01,9.394565969705581665e-02,1.887604125976562500e+03
7.161361575126647949e-01,8.196199685335159302e-02,2.697900390625000000e+03
5.192217230796813965e-01,7.372558861970901489e-02,2.067624511718750000e+03
7.926700115203857422e-01,6.807536631822586060e-02,3.048253173828125000e+03
5.833041071891784668e-01,8.730290830135345459e-02,2.057250976562500000e+03
7.581818699836730957e-01,7.362994551658630371e-02,2.471083007812500000e+03
5.446346998214721680e-01,1.026513800024986267e-01,1.999775390625000000e+03
7.416443228721618652e-01,6.515131145715713501e-02,3.044397216796875000e+03
6.853412389755249023e-01,7.979221642017364502e-02,2.221679443359375000e+03
8.121712803840637207e-01,7.060331851243972778e-02,2.219085449218750000e+03
9.977436065673828125e-01,3.565407395362854004e-01,1.661548828125000000e+03
3.797501623630523682e-01,1.489951759576797485e-01,9.487213134765625000e+02
7.428135275840759277e-01,6.859744340181350708e-02,2.752488769531250000e+03
6.912012696266174316e-01,1.313970386981964111e-01,2.783200683593750000e+03
7.611889243125915527e-01,6.603766977787017822e-02,2.581337158203125000e+03
5.311157107353210449e-01,1.196743547916412354e-01,2.135633300781250000e+03
7.735227346420288086e-01,8.392219245433807373e-02,2.719935058593750000e+03
6.949910521507263184e-01,9.084783494472503662e-02,3.118185791015625000e+03
5.894088149070739746e-01,6.481125950813293457e-02,2.266275390625000000e+03
7.288386821746826172e-01,6.206180900335311890e-02,2.898099365234375000e+03
7.271466851234436035e-01,6.290676444768905640e-02,2.666017089843750000e+03
4.372922182083129883e-01,8.356740325689315796e-02,1.203277587890625000e+03
6.691974401473999023e-01,6.715491414070129395e-02,2.649450439453125000e+03
7.512321472167968750e-01,8.666277676820755005e-02,1.989995483398437500e+03
8.307352662086486816e-01,6.396570801734924316e-02,2.655660644531250000e+03
6.719176173210144043e-01,7.173763960599899292e-02,2.697026611328125000e+03
5.075363516807556152e-01,7.979451119899749756e-02,1.945207397460937500e+03
4.254337847232818604e-01,1.553158611059188843e-01,1.017942626953125000e+03
4.561610519886016846e-01,7.920984178781509399e-02,1.615083862304687500e+03
6.174075603485107422e-01,1.037954986095428467e-01,1.755171875000000000e+03
8.083817958831787109e-01,8.396889269351959229e-02,2.843232666015625000e+03
5.853256583213806152e-01,8.015067875385284424e-02,2.332303222656250000e+03
7.395328879356384277e-01,5.936505645513534546e-02,3.480735595703125000e+03
8.317809104919433594e-01,7.962077111005783081e-02,2.649635009765625000e+03
5.985670685768127441e-01,6.302319467067718506e-02,2.211790039062500000e+03
6.726393103599548340e-01,6.012786552309989929e-02,3.037614501953125000e+03
6.698322892189025879e-01,8.017995953559875488e-02,2.059597900390625000e+03
6.440039277076721191e-01,7.732699811458587646e-02,2.623477539062500000e+03
6.415732502937316895e-01,7.005511224269866943e-02,3.113157470703125000e+03
7.914341092109680176e-01,6.401331722736358643e-02,2.172736816406250000e+03
7.037994265556335449e-01,6.001464277505874634e-02,2.467304199218750000e+03
6.731554269790649414e-01,5.035416781902313232e-02,2.208020507812500000e+03
6.492820382118225098e-01,7.417868077754974365e-02,2.456842773437500000e+03
6.033632159233093262e-01,8.407399803400039673e-02,1.706994506835937500e+03
7.143526673316955566e-01,6.206196174025535583e-02,2.502160156250000000e+03
7.192618250846862793e-01,8.222975581884384155e-02,2.333655761718750000e+03
5.591621994972229004e-01,1.014896929264068604e-01,1.767210571289062500e+03
7.407414913177490234e-01,9.532745182514190674e-02,3.062623046875000000e+03
7.907187938690185547e-01,7.774431258440017700e-02,3.668513427734375000e+03
8.025354743003845215e-01,6.484244018793106079e-02,3.494269775390625000e+03
7.957535386085510254e-01,6.319318711757659912e-02,3.347532470703125000e+03
7.223334312438964844e-01,1.017421334981918335e-01,2.517079589843750000e+03
6.231657266616821289e-01,6.330358237028121948e-02,2.561670410156250000e+03
6.352142691612243652e-01,6.519904732704162598e-02,2.156077636718750000e+03
5.939088463783264160e-01,6.523559242486953735e-02,2.212850097656250000e+03
4.947271049022674561e-01,6.613832712173461914e-02,1.801108154296875000e+03
6.399734020233154297e-01,7.218118011951446533e-02,2.333486572265625000e+03
6.969735026359558105e-01,8.201084285974502563e-02,2.430522216796875000e+03
6.064456105232238770e-01,8.990704268217086792e-02,2.175258056640625000e+03
7.975931167602539062e-01,6.467770040035247803e-02,2.720909423828125000e+03
7.261115312576293945e-01,1.344520002603530884e-01,1.251685668945312500e+03
6.569598317146301270e-01,7.272087037563323975e-02,2.286100585937500000e+03
5.217097997665405273e-01,8.540962636470794678e-02,1.501209228515625000e+03
7.644968032836914062e-01,9.521687030792236328e-02,2.786842285156250000e+03
7.069924473762512207e-01,6.662988662719726562e-02,2.303349609375000000e+03
7.745162248611450195e-01,6.675079464912414551e-02,3.236840576171875000e+03
5.849319696426391602e-01,7.881194353103637695e-02,2.290259277343750000e+03
7.568492293357849121e-01,8.034598827362060547e-02,2.493143310546875000e+03
4.590976536273956299e-01,6.225371360778808594e-02,1.518030151367187500e+03
3.261326551437377930e-01,8.897575736045837402e-02,9.016538696289062500e+02
7.934573888778686523e-01,6.254465132951736450e-02,2.906845214843750000e+03
4.200091958045959473e-01,7.352659106254577637e-02,1.297327270507812500e+03
7.716638445854187012e-01,7.178982347249984741e-02,2.766559326171875000e+03
5.776805877685546875e-01,1.253475099802017212e-01,2.094630859375000000e+03
7.175781726837158203e-01,7.939226180315017700e-02,3.016745849609375000e+03
5.606805086135864258e-01,7.098761945962905884e-02,2.043128784179687500e+03
5.299163460731506348e-01,8.185008913278579712e-02,1.854127441406250000e+03
5.717331767082214355e-01,6.797958165407180786e-02,1.381893798828125000e+03
7.111781835556030273e-01,7.663614302873611450e-02,2.863354003906250000e+03
7.591680884361267090e-01,8.056665211915969849e-02,2.107731933593750000e+03
7.583255171775817871e-01,8.877590298652648926e-02,2.235332519531250000e+03
6.827115416526794434e-01,6.632483005523681641e-02,2.468063476562500000e+03
5.841538310050964355e-01,9.634964168071746826e-02,1.457156616210937500e+03
7.692921757698059082e-01,8.233072608709335327e-02,3.248729980468750000e+03
6.796140670776367188e-01,9.206949919462203979e-02,2.450603027343750000e+03
7.040886282920837402e-01,6.310794502496719360e-02,3.119764892578125000e+03
6.050087213516235352e-01,7.917984575033187866e-02,1.941198486328125000e+03
6.554251909255981445e-01,7.588560134172439575e-02,2.210032470703125000e+03
6.572320461273193359e-01,8.600229024887084961e-02,1.913201782226562500e+03
8.350456953048706055e-01,2.509689033031463623e-01,1.734626586914062500e+03
4.863065779209136963e-01,7.722866535186767578e-02,1.656001464843750000e+03
5.634861588478088379e-01,6.227864325046539307e-02,2.128793212890625000e+03
6.327951550483703613e-01,8.172958344221115112e-02,1.880163330078125000e+03
7.263248562812805176e-01,1.077350899577140808e-01,2.491386962890625000e+03
6.423023939132690430e-01,7.344022393226623535e-02,2.406837158203125000e+03
7.758187651634216309e-01,7.333768904209136963e-02,2.615938232421875000e+03
7.556421756744384766e-01,8.437088131904602051e-02,3.077145507812500000e+03
5.367356538772583008e-01,1.228828579187393188e-01,1.056902587890625000e+03
5.936095118522644043e-01,6.614478677511215210e-02,2.493857177734375000e+03
6.248612403869628906e-01,7.578425109386444092e-02,1.772572509765625000e+03
5.490013360977172852e-01,8.337549120187759399e-02,1.944288085937500000e+03
5.489526391029357910e-01,7.035548985004425049e-02,2.413688720703125000e+03
7.509420514106750488e-01,7.772476226091384888e-02,2.823597167968750000e+03
6.052659749984741211e-01,7.319247722625732422e-02,2.361246093750000000e+03
5.524564385414123535e-01,7.984641194343566895e-02,2.225631103515625000e+03
8.204643130302429199e-01,9.074630588293075562e-02,3.517306640625000000e+03
6.974918842315673828e-01,6.206682696938514709e-02,2.762747070312500000e+03
7.679623961448669434e-01,7.211942225694656372e-02,2.702050048828125000e+03
6.220618486404418945e-01,7.116269320249557495e-02,2.494079589843750000e+03
7.751318812370300293e-01,6.743383407592773438e-02,1.962937133789062500e+03
7.563493847846984863e-01,5.608975514769554138e-02,3.642882080078125000e+03
5.756987929344177246e-01,1.037382706999778748e-01,2.440109130859375000e+03
6.669583320617675781e-01,6.304515153169631958e-02,2.621092773437500000e+03
5.342706441879272461e-01,6.109898164868354797e-02,1.999457397460937500e+03
7.385233044624328613e-01,1.058266982436180115e-01,1.938814697265625000e+03
7.349354028701782227e-01,5.861197412014007568e-02,2.367761962890625000e+03
5.955426692962646484e-01,6.405003368854522705e-02,1.987946777343750000e+03
7.733146548271179199e-01,7.443732023239135742e-02,2.131997558593750000e+03
7.170698642730712891e-01,1.084229052066802979e-01,2.533115722656250000e+03
8.031396865844726562e-01,6.278699636459350586e-02,2.827313720703125000e+03
8.069868683815002441e-01,6.329951435327529907e-02,4.230001464843750000e+03
6.094799637794494629e-01,7.463055104017257690e-02,1.935043212890625000e+03
7.016355991363525391e-01,6.098791584372520447e-02,2.265849365234375000e+03
8.019765615463256836e-01,5.808662623167037964e-02,3.015921630859375000e+03
3.498987257480621338e-01,1.060468927025794983e-01,9.263581542968750000e+02
7.874953746795654297e-01,6.792698800563812256e-02,3.200608398437500000e+03
6.572363972663879395e-01,5.337751656770706177e-02,2.135535644531250000e+03
7.183176875114440918e-01,6.299738585948944092e-02,2.413533447265625000e+03
7.731438875198364258e-01,7.506809383630752563e-02,2.909622070312500000e+03
7.952417135238647461e-01,6.505137681961059570e-02,2.713893798828125000e+03
6.135532259941101074e-01,8.190222084522247314e-02,2.207097656250000000e+03
6.269968748092651367e-01,6.000281497836112976e-02,2.465245605468750000e+03
7.257839441299438477e-01,6.795725971460342407e-02,2.382013671875000000e+03
7.286887168884277344e-01,7.803182303905487061e-02,2.157543212890625000e+03
5.233740210533142090e-01,7.060570269823074341e-02,2.062366455078125000e+03
5.647282600402832031e-01,6.956315040588378906e-02,1.680240844726562500e+03
7.617862820625305176e-01,7.116123288869857788e-02,2.151457275390625000e+03
7.546232342720031738e-01,5.325769260525703430e-02,2.823487548828125000e+03
6.505023241043090820e-01,7.450829446315765381e-02,2.177725341796875000e+03
7.998787164688110352e-01,6.275555491447448730e-02,2.668927734375000000e+03
7.006574869155883789e-01,7.749642431735992432e-02,2.494178710937500000e+03
7.995080947875976562e-01,3.600066900253295898e-01,8.781991577148437500e+02
7.785997986793518066e-01,9.285857528448104858e-02,1.913578002929687500e+03
7.362786531448364258e-01,7.868628203868865967e-02,3.089324462890625000e+03
6.557214260101318359e-01,5.907500907778739929e-02,2.640034912109375000e+03
7.206399440765380859e-01,7.384873181581497192e-02,1.997897094726562500e+03
5.530743002891540527e-01,7.138739526271820068e-02,1.816189208984375000e+03
5.342239737510681152e-01,7.322619855403900146e-02,1.689842773437500000e+03
5.063089132308959961e-01,8.871453255414962769e-02,1.655565429687500000e+03
5.593492388725280762e-01,7.968007028102874756e-02,1.920746948242187500e+03
6.241101622581481934e-01,1.067344993352890015e-01,2.875709716796875000e+03
7.717351913452148438e-01,6.081298738718032837e-02,2.886291015625000000e+03
7.634752392768859863e-01,9.028305113315582275e-02,2.325270507812500000e+03
3.799420893192291260e-01,1.122422367334365845e-01,1.201591186523437500e+03
7.946237921714782715e-01,6.539790332317352295e-02,3.564017333984375000e+03
4.640073776245117188e-01,8.195421844720840454e-02,1.548490234375000000e+03
7.554501295089721680e-01,7.904411107301712036e-02,1.723233886718750000e+03
6.951927542686462402e-01,6.846276670694351196e-02,2.141061035156250000e+03
7.238146066665649414e-01,6.433439999818801880e-02,2.361018066406250000e+03
6.501981616020202637e-01,8.509374409914016724e-02,2.737408447265625000e+03
7.571537494659423828e-01,8.255811780691146851e-02,2.513274169921875000e+03
6.507014036178588867e-01,6.700337678194046021e-02,2.366058837890625000e+03
6.647726297378540039e-01,5.771278962492942810e-02,2.301508544921875000e+03
6.197323799133300781e-01,6.329235434532165527e-02,2.341926025390625000e+03
7.431755661964416504e-01,6.453040987253189087e-02,3.124135742187500000e+03
7.123008370399475098e-01,5.675144866108894348e-02,2.383729003906250000e+03
6.468653678894042969e-01,6.507989019155502319e-02,2.314566894531250000e+03
7.184673547744750977e-01,8.250345289707183838e-02,2.135686523437500000e+03
8.036795258522033691e-01,6.805022805929183960e-02,3.525383544921875000e+03
7.622349262237548828e-01,6.959372013807296753e-02,2.853604736328125000e+03
6.329367756843566895e-01,6.602103263139724731e-02,2.601387207031250000e+03
7.492283582687377930e-01,1.546308249235153198e-01,9.334111938476562500e+02
4.001785814762115479e-01,8.353732526302337646e-02,1.372515136718750000e+03
7.086911201477050781e-01,7.894957810640335083e-02,2.183557861328125000e+03
8.109076023101806641e-01,5.766775831580162048e-02,2.713503173828125000e+03
6.831232905387878418e-01,5.663418769836425781e-02,2.676448974609375000e+03
7.876803278923034668e-01,6.432620435953140259e-02,3.059768310546875000e+03
5.525539517402648926e-01,7.640721648931503296e-02,2.402539794921875000e+03
7.709354758262634277e-01,4.883825778961181641e-02,3.231120849609375000e+03
6.714754700660705566e-01,6.856984645128250122e-02,3.026984863281250000e+03
7.378915548324584961e-01,7.814145088195800781e-02,3.174821289062500000e+03
7.273053526878356934e-01,6.136649101972579956e-02,1.947152587890625000e+03
3.671205043792724609e-01,9.493985772132873535e-02,9.331334228515625000e+02
6.137115955352783203e-01,6.369078159332275391e-02,2.065554443359375000e+03
6.776952743530273438e-01,6.416281312704086304e-02,2.148616455078125000e+03
7.588788866996765137e-01,7.660549134016036987e-02,2.188424072265625000e+03
6.486582159996032715e-01,6.554751843214035034e-02,2.341640136718750000e+03
5.598610043525695801e-01,1.162129268050193787e-01,1.576381469726562500e+03
6.606605648994445801e-01,6.589610874652862549e-02,1.698987060546875000e+03
6.775657534599304199e-01,6.664127111434936523e-02,2.505855224609375000e+03
6.893651485443115234e-01,6.566723436117172241e-02,2.435423828125000000e+03
6.674535274505615234e-01,8.139190822839736938e-02,1.700520874023437500e+03
7.422382831573486328e-01,7.112248241901397705e-02,2.526231933593750000e+03
7.529148459434509277e-01,9.335132688283920288e-02,2.893109619140625000e+03
8.069014549255371094e-01,6.536398828029632568e-02,2.846761962890625000e+03
7.989968061447143555e-01,8.549900352954864502e-02,2.970643554687500000e+03
6.798682808876037598e-01,5.811157822608947754e-02,2.716977294921875000e+03
7.976995110511779785e-01,6.415620446205139160e-02,3.273222900390625000e+03
5.869054198265075684e-01,1.073616072535514832e-01,1.876357177734375000e+03
7.373372316360473633e-01,6.371730566024780273e-02,3.426184082031250000e+03
7.978970408439636230e-01,6.771895289421081543e-02,3.066079833984375000e+03
5.157825946807861328e-01,7.833554595708847046e-02,1.659748291015625000e+03
7.352718710899353027e-01,9.002197533845901489e-02,2.711712402343750000e+03
7.327677607536315918e-01,8.137531578540802002e-02,2.214288085937500000e+03
8.155822753906250000e-01,7.191336154937744141e-02,3.132399169921875000e+03
6.582618355751037598e-01,7.727958261966705322e-02,2.506323486328125000e+03
7.229028940200805664e-01,8.914743363857269287e-02,2.084158691406250000e+03
7.471958994865417480e-01,5.824967101216316223e-02,2.770389648437500000e+03
7.746224403381347656e-01,7.556442171335220337e-02,3.253001464843750000e+03
6.822555065155029297e-01,6.226102262735366821e-02,1.814346435546875000e+03
6.334817409515380859e-01,7.880616933107376099e-02,2.520342285156250000e+03
7.119342088699340820e-01,8.815633505582809448e-02,2.426368408203125000e+03
6.319532990455627441e-01,1.073525846004486084e-01,1.697126220703125000e+03
7.763162851333618164e-01,7.649761438369750977e-02,2.628256835937500000e+03
6.354810595512390137e-01,7.269507646560668945e-02,2.639710937500000000e+03
6.778146028518676758e-01,5.801573395729064941e-02,2.937727783203125000e+03
4.182273745536804199e-01,8.267653733491897583e-02,1.181625244140625000e+03
6.535809636116027832e-01,9.950996935367584229e-02,2.290092041015625000e+03
6.670671701431274414e-01,7.571865618228912354e-02,2.504160156250000000e+03
7.710376381874084473e-01,6.314927339553833008e-02,3.563347412109375000e+03
7.162514328956604004e-01,1.170734167098999023e-01,2.911223876953125000e+03
7.503683567047119141e-01,7.693412899971008301e-02,3.016696289062500000e+03
5.881553888320922852e-01,9.760570526123046875e-02,1.891960815429687500e+03
7.624497413635253906e-01,7.807885855436325073e-02,2.747717773437500000e+03
8.005894422531127930e-01,7.437415421009063721e-02,3.450550292968750000e+03
6.828017234802246094e-01,7.656676322221755981e-02,1.965830200195312500e+03
4.427597522735595703e-01,1.062299832701683044e-01,1.734392211914062500e+03
6.631557941436767578e-01,8.220241218805313110e-02,2.319313720703125000e+03
7.892946004867553711e-01,7.590612769126892090e-02,2.961488769531250000e+03
6.684581041336059570e-01,1.104047894477844238e-01,1.908133056640625000e+03
7.878392338752746582e-01,8.102760463953018188e-02,3.204062500000000000e+03
3.845225572586059570e-01,5.594389885663986206e-02,1.625862548828125000e+03
7.229708433151245117e-01,8.216643333435058594e-02,1.823967529296875000e+03
7.162150144577026367e-01,7.164624333381652832e-02,2.899777099609375000e+03
5.017732977867126465e-01,6.630267202854156494e-02,1.340730957031250000e+03
7.369492650032043457e-01,6.641274690628051758e-02,3.190929687500000000e+03
6.084378361701965332e-01,8.192236721515655518e-02,2.355136474609375000e+03
5.112966299057006836e-01,9.311184287071228027e-02,1.954328491210937500e+03
7.176653146743774414e-01,6.290964782238006592e-02,2.577552001953125000e+03
7.616167664527893066e-01,5.745204910635948181e-02,3.441852783203125000e+03
5.064169168472290039e-01,9.205079078674316406e-02,1.845411010742187500e+03
5.910065770149230957e-01,6.042368710041046143e-02,2.317089111328125000e+03
3.607171773910522461e-01,7.118812948465347290e-02,1.397116699218750000e+03
6.660166978836059570e-01,6.584706902503967285e-02,2.318811523437500000e+03
7.182995080947875977e-01,6.245747953653335571e-02,2.965161376953125000e+03
6.367465853691101074e-01,8.164880424737930298e-02,1.872034301757812500e+03
5.248448252677917480e-01,6.076048687100410461e-02,1.344378051757812500e+03
8.524076342582702637e-01,6.582714617252349854e-02,3.182535400390625000e+03
8.065401315689086914e-01,8.163254708051681519e-02,3.044810791015625000e+03
5.962741971015930176e-01,7.474649697542190552e-02,1.651300659179687500e+03
6.829525232315063477e-01,6.152215600013732910e-02,2.160624511718750000e+03
5.978194475173950195e-01,5.311660841107368469e-02,2.256983398437500000e+03
8.049424290657043457e-01,6.104407086968421936e-02,2.724197265625000000e+03
6.965591907501220703e-01,7.993466407060623169e-02,2.885639160156250000e+03
7.019505500793457031e-01,9.217070788145065308e-02,1.905064086914062500e+03
6.519846320152282715e-01,8.298519253730773926e-02,2.415828369140625000e+03
3.989298343658447266e-01,7.907150685787200928e-02,9.309136352539062500e+02
7.971774935722351074e-01,5.346311628818511963e-02,3.873400878906250000e+03
5.599253177642822266e-01,6.579696387052536011e-02,2.069216552734375000e+03
7.413016557693481445e-01,7.039254158735275269e-02,3.011369384765625000e+03
8.289599418640136719e-01,7.118839025497436523e-02,2.753238525390625000e+03
7.830792665481567383e-01,6.982428580522537231e-02,3.118458251953125000e+03
5.791297554969787598e-01,6.255652755498886108e-02,2.332738037109375000e+03
4.329300820827484131e-01,9.948743879795074463e-02,1.676762817382812500e+03
7.332370281219482422e-01,7.597283273935317993e-02,2.582239013671875000e+03
8.000662922859191895e-01,6.448967754840850830e-02,2.332493652343750000e+03
4.832035303115844727e-01,9.130605310201644897e-02,1.933321289062500000e+03
6.986911892890930176e-01,1.028121411800384521e-01,2.100747314453125000e+03
8.083432316780090332e-01,8.639790862798690796e-02,2.156699462890625000e+03
7.274566292762756348e-01,6.547144800424575806e-02,2.236606201171875000e+03
7.224349379539489746e-01,8.364964276552200317e-02,2.999190917968750000e+03
5.604716539382934570e-01,6.869232654571533203e-02,2.430082275390625000e+03
7.885424494743347168e-01,7.320495694875717163e-02,2.352091552734375000e+03
5.591251850128173828e-01,6.837975233793258667e-02,2.435546386718750000e+03
7.998977899551391602e-01,6.740947067737579346e-02,3.473626953125000000e+03
5.399804115295410156e-01,7.511018216609954834e-02,2.442140380859375000e+03
6.648732423782348633e-01,8.181817829608917236e-02,2.682391113281250000e+03
8.097427487373352051e-01,8.538967370986938477e-02,2.736538818359375000e+03
7.632629871368408203e-01,5.578579381108283997e-02,2.502418457031250000e+03
6.328088641166687012e-01,5.877082049846649170e-02,2.911738525390625000e+03
6.884101629257202148e-01,6.575299054384231567e-02,2.134632324218750000e+03
8.210820555686950684e-01,7.458519190549850464e-02,1.620004882812500000e+03
3.555166423320770264e-01,7.625511288642883301e-02,1.314571777343750000e+03
7.775606513023376465e-01,6.133023649454116821e-02,3.156245605468750000e+03
5.467548966407775879e-01,1.011965125799179077e-01,2.051234619140625000e+03
7.575904726982116699e-01,5.805672705173492432e-02,2.640372558593750000e+03
7.857962250709533691e-01,8.166303485631942749e-02,2.435877929687500000e+03
6.132805943489074707e-01,8.274091035127639771e-02,1.836057861328125000e+03
7.193279266357421875e-01,6.389843672513961792e-02,2.709739746093750000e+03
5.398166179656982422e-01,1.079747900366783142e-01,1.995900878906250000e+03
7.555521130561828613e-01,5.973412469029426575e-02,2.074946533203125000e+03
5.772846341133117676e-01,1.001980602741241455e-01,1.671775878906250000e+03
7.624855637550354004e-01,6.514617055654525757e-02,2.908337158203125000e+03
7.996434569358825684e-01,7.326197624206542969e-02,3.279383056640625000e+03
8.262137174606323242e-01,7.482116669416427612e-02,3.158074218750000000e+03
6.654958724975585938e-01,6.363262981176376343e-02,2.704869140625000000e+03
7.808370590209960938e-01,7.577490806579589844e-02,2.528897949218750000e+03
8.080025911331176758e-01,6.633409112691879272e-02,3.289883300781250000e+03
6.595022678375244141e-01,7.542046904563903809e-02,2.480893310546875000e+03
6.998382210731506348e-01,6.995937228202819824e-02,2.014405883789062500e+03
6.883705854415893555e-01,8.670643717050552368e-02,2.109567382812500000e+03
7.776156067848205566e-01,7.149746268987655640e-02,2.230239990234375000e+03
7.753337025642395020e-01,8.110544085502624512e-02,2.306903320312500000e+03
6.084209084510803223e-01,9.721541404724121094e-02,2.010218261718750000e+03
5.962229371070861816e-01,6.876242160797119141e-02,2.022584350585937500e+03
6.956578493118286133e-01,1.039182916283607483e-01,2.356161132812500000e+03
4.412092268466949463e-01,5.759825557470321655e-02,1.204453491210937500e+03
4.058246314525604248e-01,8.109340071678161621e-02,1.244629272460937500e+03
4.152200520038604736e-01,5.865774676203727722e-02,1.516885620117187500e+03
6.386900544166564941e-01,6.901365518569946289e-02,2.348574462890625000e+03
7.601502537727355957e-01,7.406959682703018188e-02,2.629957031250000000e+03
6.423619389533996582e-01,7.957708090543746948e-02,1.729804565429687500e+03
7.475426793098449707e-01,7.411596179008483887e-02,2.775675781250000000e+03
5.401830077171325684e-01,1.390366554260253906e-01,1.393575317382812500e+03
8.001739382743835449e-01,6.164014339447021484e-02,3.364161376953125000e+03
5.071742534637451172e-01,6.826344877481460571e-02,1.930036254882812500e+03
6.941328644752502441e-01,7.267063856124877930e-02,2.458264160156250000e+03
7.624880075454711914e-01,8.201952278614044189e-02,3.168929687500000000e+03
7.168405652046203613e-01,6.498056650161743164e-02,2.273387207031250000e+03
7.088331580162048340e-01,1.077795177698135376e-01,2.101089111328125000e+03
5.272444486618041992e-01,8.766568452119827271e-02,2.410021972656250000e+03
6.928516626358032227e-01,5.571562424302101135e-02,3.195177734375000000e+03
6.280912160873413086e-01,6.322894990444183350e-02,2.384103515625000000e+03
6.846256256103515625e-01,6.156245991587638855e-02,3.016874023437500000e+03
7.118227481842041016e-01,7.761535048484802246e-02,2.029041625976562500e+03
4.669946432113647461e-01,6.536908447742462158e-02,1.989209960937500000e+03
8.262288570404052734e-01,7.675512135028839111e-02,2.785134033203125000e+03
5.258600115776062012e-01,5.868205800652503967e-02,1.830880249023437500e+03
7.604838609695434570e-01,6.273785233497619629e-02,2.694973144531250000e+03
6.113265752792358398e-01,1.133704259991645813e-01,1.755854125976562500e+03
5.410058498382568359e-01,7.111238688230514526e-02,1.785273437500000000e+03
5.333434939384460449e-01,6.529891490936279297e-02,2.190392578125000000e+03
7.410960197448730469e-01,9.644170105457305908e-02,2.365039794921875000e+03
6.509540677070617676e-01,7.336644083261489868e-02,1.632061767578125000e+03
5.038658976554870605e-01,7.399351894855499268e-02,1.594269165039062500e+03
7.634894847869873047e-01,7.764820754528045654e-02,3.426870849609375000e+03
7.104393839836120605e-01,8.887371420860290527e-02,2.448979980468750000e+03
6.523415446281433105e-01,6.302626430988311768e-02,1.900521850585937500e+03
7.755439877510070801e-01,6.518280506134033203e-02,2.940891845703125000e+03
7.012386322021484375e-01,6.613720953464508057e-02,2.814266601562500000e+03
7.845454216003417969e-01,7.622037827968597412e-02,2.756258789062500000e+03
6.113308072090148926e-01,1.310146450996398926e-01,2.134918457031250000e+03
6.563348174095153809e-01,1.187974363565444946e-01,2.132330322265625000e+03
7.538622617721557617e-01,1.074473634362220764e-01,1.749107543945312500e+03
7.165776491165161133e-01,6.099911406636238098e-02,1.951889038085937500e+03
8.362450003623962402e-01,7.310354709625244141e-02,2.747582763671875000e+03
7.394865751266479492e-01,1.160591915249824524e-01,1.689716796875000000e+03
5.422088503837585449e-01,9.642932564020156860e-02,2.510859863281250000e+03
7.215061187744140625e-01,6.371966749429702759e-02,2.372432861328125000e+03
8.145142197608947754e-01,5.962808802723884583e-02,3.162622070312500000e+03
5.468651056289672852e-01,9.246639162302017212e-02,1.492742309570312500e+03
4.014835655689239502e-01,9.571900218725204468e-02,1.336730834960937500e+03
7.338577508926391602e-01,7.179937511682510376e-02,2.327986816406250000e+03
7.507029771804809570e-01,9.541719406843185425e-02,2.677463867187500000e+03
6.589543819427490234e-01,6.955385208129882812e-02,2.141379394531250000e+03
3.660517036914825439e-01,9.250344336032867432e-02,1.039857788085937500e+03
5.044391155242919922e-01,1.007004752755165100e-01,1.458614990234375000e+03
6.161023378372192383e-01,7.678988575935363770e-02,1.821995849609375000e+03
6.598050594329833984e-01,8.911166340112686157e-02,2.167190429687500000e+03
8.100631833076477051e-01,6.073236092925071716e-02,2.819044433593750000e+03
8.095524907112121582e-01,6.331004947423934937e-02,3.457484130859375000e+03
6.070677638053894043e-01,7.916411757469177246e-02,1.990141479492187500e+03
7.846150398254394531e-01,8.879387378692626953e-02,2.182589355468750000e+03
7.550909519195556641e-01,6.815297901630401611e-02,2.312581542968750000e+03
7.306688427925109863e-01,9.498407691717147827e-02,2.612942138671875000e+03
7.369604110717773438e-01,7.179179787635803223e-02,1.939477783203125000e+03
7.802453637123107910e-01,6.874658912420272827e-02,2.840707519531250000e+03
6.148567795753479004e-01,6.517584621906280518e-02,1.877164916992187500e+03
7.383946180343627930e-01,6.854895502328872681e-02,2.921887695312500000e+03
6.198466420173645020e-01,6.379430741071701050e-02,2.382591552734375000e+03
5.856078863143920898e-01,7.229211926460266113e-02,1.633346313476562500e+03
7.944701910018920898e-01,6.819649785757064819e-02,2.527383789062500000e+03
7.460150718688964844e-01,5.767800658941268921e-02,2.654903808593750000e+03
4.811313450336456299e-01,8.922339975833892822e-02,1.445174804687500000e+03
7.063900828361511230e-01,7.917222380638122559e-02,2.369677001953125000e+03
4.905712902545928955e-01,9.429688751697540283e-02,1.677568237304687500e+03
5.437549948692321777e-01,7.124944031238555908e-02,2.000138549804687500e+03
7.503539919853210449e-01,5.772115290164947510e-02,3.314928466796875000e+03
6.164280772209167480e-01,7.099837809801101685e-02,2.675979736328125000e+03
5.388176441192626953e-01,9.412207454442977905e-02,1.566760498046875000e+03
8.191101551055908203e-01,7.020182907581329346e-02,2.638372558593750000e+03
5.900405049324035645e-01,1.180317997932434082e-01,1.825137207031250000e+03
6.866491436958312988e-01,8.994622528553009033e-02,1.626605712890625000e+03
4.761263132095336914e-01,8.384538441896438599e-02,1.979856079101562500e+03
5.043814182281494141e-01,7.810088247060775757e-02,1.807507934570312500e+03
7.941008806228637695e-01,7.330407202243804932e-02,3.301862548828125000e+03
6.758016943931579590e-01,6.754457950592041016e-02,2.971196533203125000e+03
3.650382757186889648e-01,8.687876909971237183e-02,1.452344604492187500e+03
4.250263273715972900e-01,8.740109950304031372e-02,1.247022338867187500e+03
5.374591350555419922e-01,6.947764009237289429e-02,1.632823120117187500e+03
7.480561137199401855e-01,6.100454926490783691e-02,2.642433837890625000e+03
6.690837144851684570e-01,5.196665227413177490e-02,2.749740234375000000e+03
6.672721505165100098e-01,9.176780283451080322e-02,2.220892089843750000e+03
7.956506013870239258e-01,7.346217334270477295e-02,2.270314697265625000e+03
6.192072033882141113e-01,9.611140191555023193e-02,2.332188720703125000e+03
6.761032938957214355e-01,9.361883252859115601e-02,2.237500000000000000e+03
7.969731688499450684e-01,6.262680143117904663e-02,2.987820068359375000e+03
8.267426490783691406e-01,7.518380880355834961e-02,3.499295654296875000e+03
5.360839366912841797e-01,1.523030996322631836e-01,1.717165527343750000e+03
7.372399568557739258e-01,8.547290414571762085e-02,2.418752197265625000e+03
7.748982906341552734e-01,5.991756916046142578e-02,2.430922363281250000e+03
6.967484951019287109e-01,8.232636004686355591e-02,1.359221435546875000e+03
6.909338831901550293e-01,5.834882706403732300e-02,2.236831787109375000e+03
8.121465444564819336e-01,6.740592420101165771e-02,3.660517333984375000e+03
4.334365129470825195e-01,1.177327632904052734e-01,1.201805419921875000e+03
3.883954882621765137e-01,1.260437816381454468e-01,7.533173217773437500e+02
7.803342342376708984e-01,6.731414049863815308e-02,3.036815429687500000e+03
5.869746208190917969e-01,6.481322646141052246e-02,2.378195800781250000e+03
6.535935401916503906e-01,7.455164194107055664e-02,2.275826660156250000e+03
7.292878031730651855e-01,7.263430953025817871e-02,2.875973388671875000e+03
6.803357005119323730e-01,5.634248629212379456e-02,2.352120361328125000e+03
6.976857781410217285e-01,6.275413930416107178e-02,2.385978515625000000e+03
7.114304304122924805e-01,6.310067325830459595e-02,2.392565429687500000e+03
8.140940070152282715e-01,5.828794836997985840e-02,3.441419921875000000e+03
6.446385383605957031e-01,7.674173265695571899e-02,2.997894287109375000e+03
6.288833022117614746e-01,6.628710776567459106e-02,1.832892700195312500e+03
4.392089843750000000e-01,1.168161109089851379e-01,1.474596313476562500e+03
7.096464633941650391e-01,6.557727605104446411e-02,2.519415283203125000e+03
6.693150401115417480e-01,8.179376274347305298e-02,2.070311767578125000e+03
7.792903780937194824e-01,6.746183335781097412e-02,2.602911132812500000e+03
5.473099946975708008e-01,8.056028932332992554e-02,1.374889404296875000e+03
5.219698548316955566e-01,8.170235902070999146e-02,1.763343383789062500e+03
5.178772211074829102e-01,6.701305508613586426e-02,1.669102416992187500e+03
6.928948760032653809e-01,8.754259347915649414e-02,2.676658691406250000e+03
5.559666752815246582e-01,7.637440413236618042e-02,1.599599731445312500e+03
3.846400976181030273e-01,8.534520119428634644e-02,1.212297363281250000e+03
7.748379707336425781e-01,6.217313185334205627e-02,2.615032226562500000e+03
8.021658062934875488e-01,6.410402059555053711e-02,3.243291015625000000e+03
3.084026277065277100e-01,1.045530140399932861e-01,1.030686767578125000e+03
5.346122980117797852e-01,5.652030184864997864e-02,1.993794921875000000e+03
6.704852581024169922e-01,7.064293324947357178e-02,2.378293212890625000e+03
4.677345752716064453e-01,1.091941744089126587e-01,1.388250732421875000e+03
7.675067186355590820e-01,6.039162725210189819e-02,3.441378662109375000e+03
7.164132595062255859e-01,5.127222836017608643e-02,2.861348632812500000e+03
7.262057662010192871e-01,8.542162925004959106e-02,2.695353027343750000e+03
6.494843363761901855e-01,6.402417272329330444e-02,2.357799316406250000e+03
8.009077906608581543e-01,6.527702510356903076e-02,2.429165283203125000e+03
3.545366525650024414e-01,8.552003651857376099e-02,1.401894775390625000e+03
8.056597113609313965e-01,8.812975883483886719e-02,2.389645019531250000e+03
6.145855784416198730e-01,8.105553686618804932e-02,2.228629882812500000e+03
8.096216917037963867e-01,8.452332764863967896e-02,3.205266601562500000e+03
8.016160726547241211e-01,7.022698223590850830e-02,2.747593017578125000e+03
5.656404495239257812e-01,1.194176971912384033e-01,1.833635131835937500e+03
6.083502769470214844e-01,7.898916304111480713e-02,1.928636230468750000e+03
7.567355632781982422e-01,6.277120113372802734e-02,3.471870361328125000e+03
7.584695219993591309e-01,7.843364030122756958e-02,2.713502685546875000e+03
7.892785668373107910e-01,6.358613073825836182e-02,2.553460693359375000e+03
7.717798948287963867e-01,5.565588921308517456e-02,3.046197265625000000e+03
5.818639993667602539e-01,7.018332928419113159e-02,2.129485107421875000e+03
7.558940052986145020e-01,7.005610316991806030e-02,2.340647705078125000e+03
7.533911466598510742e-01,6.990624964237213135e-02,2.548195068359375000e+03
5.189890265464782715e-01,1.288993209600448608e-01,1.206663330078125000e+03
7.139973044395446777e-01,8.626214414834976196e-02,2.201857666015625000e+03
8.189532756805419922e-01,7.506078481674194336e-02,2.865730224609375000e+03
6.111528873443603516e-01,7.882376015186309814e-02,1.641430664062500000e+03
7.335990667343139648e-01,7.044553011655807495e-02,2.494285644531250000e+03
5.736412405967712402e-01,6.980063766241073608e-02,2.361414062500000000e+03
6.428808569908142090e-01,9.664350003004074097e-02,2.823578857421875000e+03
6.762034893035888672e-01,1.191469430923461914e-01,2.952934814453125000e+03
3.817424774169921875e-01,6.008078902959823608e-02,1.308742065429687500e+03
5.054061412811279297e-01,5.679780244827270508e-02,1.524903930664062500e+03
5.700498819351196289e-01,7.904123514890670776e-02,2.575394775390625000e+03
6.763575077056884766e-01,8.026871830224990845e-02,2.080996337890625000e+03
4.476533830165863037e-01,7.880249619483947754e-02,1.369199584960937500e+03
7.494571805000305176e-01,8.075348287820816040e-02,3.614646240234375000e+03
7.682964801788330078e-01,7.506930828094482422e-02,3.759372802734375000e+03
7.623075246810913086e-01,8.309854567050933838e-02,2.904092529296875000e+03
5.246439576148986816e-01,7.040598988533020020e-02,2.079657958984375000e+03
5.677825808525085449e-01,9.408510476350784302e-02,2.312917968750000000e+03
3.654479086399078369e-01,8.398687839508056641e-02,1.190161743164062500e+03
7.605537772178649902e-01,6.033458560705184937e-02,2.256719238281250000e+03
6.454312801361083984e-01,6.915917247533798218e-02,2.242271972656250000e+03
3.587399721145629883e-01,8.337808400392532349e-02,1.052977294921875000e+03
5.046851038932800293e-01,6.193060800433158875e-02,1.644875976562500000e+03
7.313511967658996582e-01,6.711462140083312988e-02,2.048252685546875000e+03
7.452632784843444824e-01,7.532965391874313354e-02,2.201372802734375000e+03
3.981195092201232910e-01,6.244120001792907715e-02,1.213078857421875000e+03
7.849773168563842773e-01,6.782867014408111572e-02,2.993790527343750000e+03
6.464291810989379883e-01,9.176506847143173218e-02,2.067475585937500000e+03
5.707337260246276855e-01,6.108943000435829163e-02,1.850456176757812500e+03
6.373017430305480957e-01,6.911061704158782959e-02,2.143810546875000000e+03
5.260136723518371582e-01,6.232419982552528381e-02,1.853895874023437500e+03
6.181826591491699219e-01,7.079557329416275024e-02,2.823763671875000000e+03
8.034487962722778320e-01,6.643687933683395386e-02,3.050420410156250000e+03
7.509805560111999512e-01,7.895571738481521606e-02,2.858826660156250000e+03
4.623445868492126465e-01,7.596449553966522217e-02,1.625140380859375000e+03
7.837340235710144043e-01,6.777022033929824829e-02,3.211107421875000000e+03
7.052431702613830566e-01,5.828937515616416931e-02,2.484752441406250000e+03
7.957119941711425781e-01,9.979492425918579102e-02,2.469075439453125000e+03
5.032445192337036133e-01,9.931101649999618530e-02,1.581067260742187500e+03
6.038407087326049805e-01,8.125726878643035889e-02,1.708503051757812500e+03
6.572206616401672363e-01,6.979940831661224365e-02,2.579708007812500000e+03
7.558082342147827148e-01,6.921869516372680664e-02,3.421896484375000000e+03
7.228951454162597656e-01,9.625040739774703979e-02,2.217078369140625000e+03
8.228211998939514160e-01,6.186603382229804993e-02,3.548488037109375000e+03
6.692123413085937500e-01,7.319302856922149658e-02,2.793802490234375000e+03
7.781451344490051270e-01,6.153774261474609375e-02,3.593284667968750000e+03
8.221063613891601562e-01,7.694878429174423218e-02,3.973617187500000000e+03
7.619716525077819824e-01,7.655426859855651855e-02,2.960962158203125000e+03
7.879669666290283203e-01,5.775402486324310303e-02,3.588198486328125000e+03
6.157886385917663574e-01,7.854117453098297119e-02,1.954606933593750000e+03
7.946932315826416016e-01,7.428966462612152100e-02,2.618830566406250000e+03
7.782040238380432129e-01,6.154716014862060547e-02,3.447990966796875000e+03
7.574543952941894531e-01,7.715757191181182861e-02,3.124354492187500000e+03
5.186520814895629883e-01,1.167517155408859253e-01,1.885297485351562500e+03
5.024969577789306641e-01,8.798390626907348633e-02,2.126493896484375000e+03
4.235728085041046143e-01,8.479715883731842041e-02,1.676575561523437500e+03
3.428612053394317627e-01,8.708984404802322388e-02,1.103750732421875000e+03
7.691546082496643066e-01,7.895351201295852661e-02,3.059212402343750000e+03
7.888049483299255371e-01,5.761011689901351929e-02,2.872762207031250000e+03
6.969683766365051270e-01,5.752212926745414734e-02,1.890310058593750000e+03
4.490560591220855713e-01,9.596057981252670288e-02,1.474266479492187500e+03
7.066683173179626465e-01,7.740151882171630859e-02,2.722184082031250000e+03
6.073226332664489746e-01,8.466941863298416138e-02,1.783319580078125000e+03
7.867373824119567871e-01,6.895103305578231812e-02,2.679568115234375000e+03
7.154691219329833984e-01,6.222613155841827393e-02,2.605078613281250000e+03
4.771834015846252441e-01,1.014514416456222534e-01,1.077844604492187500e+03
7.244818210601806641e-01,9.837233275175094604e-02,1.802147583007812500e+03
5.569907426834106445e-01,6.950987130403518677e-02,2.062744873046875000e+03
5.303087234497070312e-01,8.361435681581497192e-02,1.754815063476562500e+03
7.010396718978881836e-01,6.064043939113616943e-02,2.640873046875000000e+03
5.235216021537780762e-01,6.808710843324661255e-02,2.344559814453125000e+03
6.694061160087585449e-01,5.799560993909835815e-02,2.547626464843750000e+03
6.625818014144897461e-01,6.941725313663482666e-02,2.106706298828125000e+03
7.322453260421752930e-01,9.401451051235198975e-02,1.998318725585937500e+03
6.976896524429321289e-01,6.000339239835739136e-02,2.690329833984375000e+03
6.750406622886657715e-01,6.970319151878356934e-02,2.136974365234375000e+03
8.073983192443847656e-01,5.758196115493774414e-02,3.215505371093750000e+03
7.118926048278808594e-01,6.034272909164428711e-02,2.267121337890625000e+03
7.997563481330871582e-01,6.984300166368484497e-02,2.994489746093750000e+03
6.964958906173706055e-01,1.339403837919235229e-01,2.530800537109375000e+03
5.573111176490783691e-01,8.970494568347930908e-02,1.553195190429687500e+03
6.214271187782287598e-01,5.763555318117141724e-02,1.957098876953125000e+03
6.080564856529235840e-01,7.976552844047546387e-02,2.427065429687500000e+03
3.990555405616760254e-01,9.494263678789138794e-02,1.256500488281250000e+03
7.544813156127929688e-01,5.385026335716247559e-02,3.082412353515625000e+03
7.579925656318664551e-01,7.238962501287460327e-02,2.823366455078125000e+03
6.510697603225708008e-01,6.524450331926345825e-02,2.539574951171875000e+03
7.241782546043395996e-01,7.073554396629333496e-02,2.684364990234375000e+03
6.235771775245666504e-01,6.669443845748901367e-02,2.285544189453125000e+03
3.600477874279022217e-01,6.234285607933998108e-02,1.142047729492187500e+03
6.685644388198852539e-01,8.065851777791976929e-02,2.016669189453125000e+03
4.199468195438385010e-01,9.557369351387023926e-02,1.444523559570312500e+03
6.309025287628173828e-01,7.159677147865295410e-02,2.884299316406250000e+03
6.241675615310668945e-01,7.456822693347930908e-02,1.757847290039062500e+03
5.454508662223815918e-01,7.588418573141098022e-02,1.939756103515625000e+03
5.877491831779479980e-01,7.796116173267364502e-02,1.800578979492187500e+03
8.080106377601623535e-01,7.434400916099548340e-02,2.843124023437500000e+03
7.195233106613159180e-01,8.006796985864639282e-02,2.112835449218750000e+03
7.725990414619445801e-01,7.033235579729080200e-02,3.718858886718750000e+03
7.661609053611755371e-01,1.120668277144432068e-01,1.887913940429687500e+03
6.574725508689880371e-01,7.902119308710098267e-02,2.929514648437500000e+03
7.254851460456848145e-01,7.156949490308761597e-02,2.420844726562500000e+03
6.432845592498779297e-01,9.375194460153579712e-02,1.804596435546875000e+03
5.960959196090698242e-01,9.634617716073989868e-02,2.045090454101562500e+03
4.790689051151275635e-01,6.632474064826965332e-02,1.468607055664062500e+03
6.741970181465148926e-01,6.133811920881271362e-02,2.393464843750000000e+03
7.500526905059814453e-01,7.622966915369033813e-02,2.812334472656250000e+03
6.530213356018066406e-01,7.742908596992492676e-02,2.166070312500000000e+03
7.691280841827392578e-01,6.397810578346252441e-02,2.909927001953125000e+03
6.228591203689575195e-01,1.637282371520996094e-01,1.517267578125000000e+03
6.099623441696166992e-01,7.584855705499649048e-02,2.584789062500000000e+03
6.688703298568725586e-01,6.491653621196746826e-02,2.073383789062500000e+03
7.667433619499206543e-01,8.339416235685348511e-02,2.731428466796875000e+03
7.654981017112731934e-01,8.164691179990768433e-02,2.559401367187500000e+03
6.931654810905456543e-01,6.775009632110595703e-02,1.806680297851562500e+03
7.880861759185791016e-01,7.984359562397003174e-02,2.533632812500000000e+03
7.560083866119384766e-01,5.934293195605278015e-02,2.932959716796875000e+03
6.104131937026977539e-01,5.815212801098823547e-02,1.689673095703125000e+03
6.200094819068908691e-01,6.698028743267059326e-02,2.184077392578125000e+03
7.080732583999633789e-01,6.189945712685585022e-02,3.181864990234375000e+03
6.351094841957092285e-01,8.232503384351730347e-02,1.818022583007812500e+03
7.669203877449035645e-01,6.269925087690353394e-02,2.837614013671875000e+03
5.299037098884582520e-01,5.869188904762268066e-02,2.113829345703125000e+03
7.692468762397766113e-01,7.303236424922943115e-02,2.993558349609375000e+03
6.308591961860656738e-01,1.017606705427169800e-01,2.509598632812500000e+03
7.864813804626464844e-01,7.022581994533538818e-02,3.320055175781250000e+03
4.336654245853424072e-01,7.536863535642623901e-02,1.623597656250000000e+03
8.121301531791687012e-01,6.566321849822998047e-02,3.048579101562500000e+03
5.322671532630920410e-01,7.113143056631088257e-02,1.719623901367187500e+03
7.297207713127136230e-01,8.695114403963088989e-02,3.292149658203125000e+03
6.882110238075256348e-01,8.563491702079772949e-02,1.901465332031250000e+03
7.578217983245849609e-01,8.092008531093597412e-02,2.845455810546875000e+03
8.093357682228088379e-01,9.187051653861999512e-02,2.902178955078125000e+03
7.941641211509704590e-01,6.470565497875213623e-02,4.147128906250000000e+03
6.553877592086791992e-01,9.884583204984664917e-02,2.188663818359375000e+03
7.300824522972106934e-01,5.518539994955062866e-02,3.166508789062500000e+03
6.305642724037170410e-01,9.811183065176010132e-02,2.784277343750000000e+03
5.226401090621948242e-01,1.994543820619583130e-01,7.859191284179687500e+02
8.195233941078186035e-01,7.153414934873580933e-02,3.643750732421875000e+03
6.559550762176513672e-01,6.589863449335098267e-02,2.081417480468750000e+03
6.034232974052429199e-01,7.650031894445419312e-02,1.706856323242187500e+03
7.431467771530151367e-01,7.443307340145111084e-02,2.428527587890625000e+03
7.377964854240417480e-01,5.748726427555084229e-02,2.778751953125000000e+03
5.896465182304382324e-01,7.678491622209548950e-02,2.232161132812500000e+03
7.492631673812866211e-01,1.135169491171836853e-01,2.343620605468750000e+03
6.887091398239135742e-01,6.489594280719757080e-02,2.961829589843750000e+03
6.714905500411987305e-01,6.591028720140457153e-02,3.002247314453125000e+03
7.320290803909301758e-01,7.348940521478652954e-02,2.406295898437500000e+03
7.691622376441955566e-01,5.681296437978744507e-02,2.770571533203125000e+03
7.713445425033569336e-01,7.801726460456848145e-02,2.797749267578125000e+03
6.298277974128723145e-01,9.357894212007522583e-02,1.236321533203125000e+03
5.423056483268737793e-01,7.698692381381988525e-02,1.959776123046875000e+03
6.425684690475463867e-01,1.195491254329681396e-01,2.282974609375000000e+03
6.810862421989440918e-01,8.121734112501144409e-02,2.323630371093750000e+03
7.180655002593994141e-01,8.145329356193542480e-02,2.666122802734375000e+03
3.583958446979522705e-01,9.083305299282073975e-02,9.979525146484375000e+02
5.520796775817871094e-01,6.943275034427642822e-02,1.783926513671875000e+03
7.033926844596862793e-01,6.182894110679626465e-02,1.921557739257812500e+03
8.152705430984497070e-01,6.381344795227050781e-02,3.156522705078125000e+03
6.493268013000488281e-01,8.538483083248138428e-02,2.550482177734375000e+03
7.376211881637573242e-01,7.186654955148696899e-02,2.593619384765625000e+03
7.976496815681457520e-01,7.955852895975112915e-02,2.320987060546875000e+03
6.400484442710876465e-01,7.051575928926467896e-02,2.511309326171875000e+03
4.659588634967803955e-01,6.946220248937606812e-02,2.108815673828125000e+03
4.345676302909851074e-01,7.728879898786544800e-02,1.443133544921875000e+03
6.673958897590637207e-01,6.422173976898193359e-02,2.214941650390625000e+03
7.157793641090393066e-01,1.335851401090621948e-01,3.268043701171875000e+03
6.785560250282287598e-01,1.570428907871246338e-01,1.923342407226562500e+03
7.237032055854797363e-01,6.361411511898040771e-02,2.441805419921875000e+03
8.219274878501892090e-01,7.580964267253875732e-02,3.225242675781250000e+03
7.746073603630065918e-01,8.079775422811508179e-02,2.635598388671875000e+03
7.551212906837463379e-01,6.989648193120956421e-02,2.839958740234375000e+03
7.539786100387573242e-01,7.216863334178924561e-02,2.685932617187500000e+03
6.850429177284240723e-01,5.617958307266235352e-02,2.438222167968750000e+03
5.997264385223388672e-01,9.532487392425537109e-02,1.631612304687500000e+03
8.070125579833984375e-01,5.037495493888854980e-02,3.783427978515625000e+03
7.286379933357238770e-01,7.694531232118606567e-02,2.742159423828125000e+03
4.653955399990081787e-01,7.401009649038314819e-02,1.482379028320312500e+03
6.099408268928527832e-01,8.746300637722015381e-02,2.257780761718750000e+03
7.883369326591491699e-01,8.790759742259979248e-02,1.974013793945312500e+03
4.365119040012359619e-01,6.135479360818862915e-02,1.133408813476562500e+03
7.585204243659973145e-01,6.477325409650802612e-02,2.653121826171875000e+03
7.330307364463806152e-01,6.505516171455383301e-02,3.123572753906250000e+03
6.933777332305908203e-01,6.500644236803054810e-02,2.532309326171875000e+03
6.926329731941223145e-01,1.159282550215721130e-01,2.576235107421875000e+03
3.692559897899627686e-01,7.519748806953430176e-02,1.282588867187500000e+03
3.968011438846588135e-01,8.753169327974319458e-02,1.437717163085937500e+03
7.342125177383422852e-01,5.412150546908378601e-02,2.747183349609375000e+03
6.219542026519775391e-01,6.645137816667556763e-02,1.625818969726562500e+03
7.955843210220336914e-01,7.052166759967803955e-02,3.376451660156250000e+03
8.108224868774414062e-01,7.751666009426116943e-02,2.450160400390625000e+03
7.779574990272521973e-01,6.903450936079025269e-02,2.525539550781250000e+03
8.001666069030761719e-01,6.796173006296157837e-02,3.473158203125000000e+03
3.781636655330657959e-01,7.795637845993041992e-02,1.034732177734375000e+03
6.057740449905395508e-01,7.265270501375198364e-02,1.443799682617187500e+03
8.026658892631530762e-01,6.865183264017105103e-02,2.318353027343750000e+03
7.729685306549072266e-01,8.623789995908737183e-02,2.309023681640625000e+03
7.212543487548828125e-01,6.264947354793548584e-02,2.940584960937500000e+03
3.238874971866607666e-01,7.720328122377395630e-02,7.995476074218750000e+02
5.914338827133178711e-01,7.278054207563400269e-02,2.226349365234375000e+03
7.499445676803588867e-01,5.697307735681533813e-02,2.570672363281250000e+03
5.151945352554321289e-01,6.351962685585021973e-02,1.999989501953125000e+03
7.490243911743164062e-01,7.989587634801864624e-02,2.893789794921875000e+03
5.106593370437622070e-01,1.125187873840332031e-01,1.453640991210937500e+03
4.556269049644470215e-01,6.992304325103759766e-02,1.530558959960937500e+03
7.854289412498474121e-01,6.258485466241836548e-02,3.073327148437500000e+03
7.495048046112060547e-01,5.364968627691268921e-02,2.867413085937500000e+03
6.662326455116271973e-01,7.865438610315322876e-02,2.465872802734375000e+03
6.856780052185058594e-01,6.590159982442855835e-02,2.622222900390625000e+03
7.588468194007873535e-01,6.584554165601730347e-02,2.602887939453125000e+03
8.030724525451660156e-01,6.919653713703155518e-02,2.966825439453125000e+03
7.910926938056945801e-01,6.303382664918899536e-02,2.734855957031250000e+03
8.002569675445556641e-01,6.612659245729446411e-02,2.458260986328125000e+03
7.539569139480590820e-01,6.803252547979354858e-02,2.419788330078125000e+03
8.119027614593505859e-01,7.873658835887908936e-02,3.038907958984375000e+03
7.751640081405639648e-01,5.907385051250457764e-02,2.255997070312500000e+03
7.196736931800842285e-01,7.526662945747375488e-02,2.009323608398437500e+03
7.150931954383850098e-01,5.848937109112739563e-02,3.112871826171875000e+03
6.873534917831420898e-01,6.923981755971908569e-02,2.689124755859375000e+03
5.752624273300170898e-01,7.048072665929794312e-02,2.004034057617187500e+03
4.835761785507202148e-01,6.678938120603561401e-02,1.625287231445312500e+03
6.890548467636108398e-01,1.010998934507369995e-01,2.362190185546875000e+03
5.312666893005371094e-01,6.734213978052139282e-02,1.616062744140625000e+03
7.554795742034912109e-01,8.464004099369049072e-02,1.947016113281250000e+03
7.757166028022766113e-01,5.003967881202697754e-02,3.083888916015625000e+03
7.064173221588134766e-01,8.810928463935852051e-02,2.497142089843750000e+03
8.085632324218750000e-01,6.581184267997741699e-02,3.522830322265625000e+03
6.195601820945739746e-01,7.936289161443710327e-02,1.506272094726562500e+03
7.056189775466918945e-01,7.012920081615447998e-02,2.749384277343750000e+03
7.915801405906677246e-01,7.745520025491714478e-02,2.826522705078125000e+03
7.428396344184875488e-01,7.026942074298858643e-02,2.139558837890625000e+03
4.396831095218658447e-01,8.230364322662353516e-02,1.522263916015625000e+03
6.247430443763732910e-01,8.665098249912261963e-02,1.585751464843750000e+03
6.417969465255737305e-01,7.987063378095626831e-02,3.088551757812500000e+03
7.781281471252441406e-01,1.148151829838752747e-01,3.224178710937500000e+03
5.014664530754089355e-01,1.300135701894760132e-01,1.340115478515625000e+03
7.544407844543457031e-01,6.672511994838714600e-02,3.081156494140625000e+03
6.116914749145507812e-01,7.031895220279693604e-02,1.906903686523437500e+03
7.272358536720275879e-01,5.762186646461486816e-02,2.606972656250000000e+03
5.149866938591003418e-01,1.038452982902526855e-01,1.581917236328125000e+03
7.865979671478271484e-01,7.864792644977569580e-02,2.967215332031250000e+03
7.938230633735656738e-01,9.178903698921203613e-02,2.565708251953125000e+03
4.727378189563751221e-01,5.472175776958465576e-02,1.457796752929687500e+03
7.373488545417785645e-01,6.671249866485595703e-02,3.553972167968750000e+03
7.808063030242919922e-01,7.817087322473526001e-02,2.999840332031250000e+03
5.320814251899719238e-01,1.033648326992988586e-01,1.678617675781250000e+03
6.915923357009887695e-01,1.318874210119247437e-01,2.531921875000000000e+03
7.751514315605163574e-01,7.234048098325729370e-02,2.388570312500000000e+03
7.875347137451171875e-01,7.886387407779693604e-02,2.689889160156250000e+03
6.876991987228393555e-01,7.264555245637893677e-02,3.243596435546875000e+03
5.549748539924621582e-01,9.912952035665512085e-02,2.000177490234375000e+03
6.560116410255432129e-01,5.965070798993110657e-02,2.323594970703125000e+03
5.621023178100585938e-01,7.208825647830963135e-02,1.768777954101562500e+03
6.695742011070251465e-01,7.756107300519943237e-02,2.503198242187500000e+03
6.234952807426452637e-01,5.626703426241874695e-02,2.391201660156250000e+03
7.431045770645141602e-01,7.654492557048797607e-02,3.069501953125000000e+03
7.546321153640747070e-01,6.804656982421875000e-02,2.529816162109375000e+03
3.679082095623016357e-01,8.055147528648376465e-02,1.266018798828125000e+03
7.582575082778930664e-01,8.148459345102310181e-02,2.800412353515625000e+03
7.516012191772460938e-01,6.785111129283905029e-02,2.532737304687500000e+03
7.417367100715637207e-01,8.135326951742172241e-02,2.444684814453125000e+03
6.469576954841613770e-01,6.699322164058685303e-02,1.808575683593750000e+03
7.879559993743896484e-01,8.144353330135345459e-02,2.401760498046875000e+03
7.393856644630432129e-01,9.012703597545623779e-02,2.625897216796875000e+03
7.329148054122924805e-01,9.517350792884826660e-02,2.965741455078125000e+03
4.757549166679382324e-01,7.021653652191162109e-02,1.656602783203125000e+03
6.333028674125671387e-01,8.055204898118972778e-02,1.619580078125000000e+03
7.081770896911621094e-01,6.801957637071609497e-02,3.080924804687500000e+03
6.679691076278686523e-01,8.433510363101959229e-02,2.534188476562500000e+03
7.517291903495788574e-01,6.930202245712280273e-02,2.974102539062500000e+03
6.009464263916015625e-01,8.278951793909072876e-02,2.477223388671875000e+03
7.066612839698791504e-01,2.704884409904479980e-01,1.405167358398437500e+03
3.376455605030059814e-01,1.269837319850921631e-01,1.043270019531250000e+03
7.694247364997863770e-01,7.416991144418716431e-02,3.180088134765625000e+03
8.384740352630615234e-01,7.261601835489273071e-02,2.720025390625000000e+03
6.537762284278869629e-01,7.799998670816421509e-02,2.266886474609375000e+03
7.086270451545715332e-01,7.393078505992889404e-02,1.884513916015625000e+03
7.818983197212219238e-01,6.492643803358078003e-02,3.228957763671875000e+03
5.865914821624755859e-01,8.634079992771148682e-02,1.884546997070312500e+03
7.681775689125061035e-01,7.786642014980316162e-02,2.423458251953125000e+03
4.485907256603240967e-01,2.244841307401657104e-01,1.139858154296875000e+03
7.787707448005676270e-01,7.050192356109619141e-02,2.741105957031250000e+03
8.138714432716369629e-01,5.985259637236595154e-02,3.359901855468750000e+03
5.338836312294006348e-01,8.650895953178405762e-02,2.140124267578125000e+03
7.827451229095458984e-01,6.430798768997192383e-02,3.322632324218750000e+03
8.214191198348999023e-01,8.534800261259078979e-02,3.132208496093750000e+03
7.835563421249389648e-01,6.693323701620101929e-02,2.891257568359375000e+03
6.477696299552917480e-01,6.780541688203811646e-02,1.837930786132812500e+03
5.849944949150085449e-01,6.771205365657806396e-02,2.119282470703125000e+03
8.257001042366027832e-01,7.603451609611511230e-02,2.964715332031250000e+03
7.437908053398132324e-01,7.949435710906982422e-02,3.052061279296875000e+03
7.145994901657104492e-01,8.407402783632278442e-02,2.109103271484375000e+03
6.882770061492919922e-01,5.196674540638923645e-02,2.174055419921875000e+03
5.745836496353149414e-01,9.239035099744796753e-02,2.385364013671875000e+03
4.448930621147155762e-01,7.742767035961151123e-02,1.108167114257812500e+03
6.097539663314819336e-01,1.251521855592727661e-01,2.182396972656250000e+03
8.128653168678283691e-01,1.091904342174530029e-01,2.402693847656250000e+03
6.918454766273498535e-01,5.204082280397415161e-02,2.663342529296875000e+03
7.086331248283386230e-01,5.645905807614326477e-02,2.088578613281250000e+03
6.228315234184265137e-01,9.063415229320526123e-02,1.682644287109375000e+03
7.627149820327758789e-01,6.398207694292068481e-02,2.414733154296875000e+03
7.713611721992492676e-01,6.054783612489700317e-02,2.337982910156250000e+03
7.266440987586975098e-01,6.556067615747451782e-02,2.561909667968750000e+03
7.443800568580627441e-01,7.474441826343536377e-02,2.550023193359375000e+03
6.997232437133789062e-01,6.800039112567901611e-02,2.468848632812500000e+03
3.954548239707946777e-01,7.482069730758666992e-02,1.211819702148437500e+03
8.382395505905151367e-01,6.051902845501899719e-02,3.568192138671875000e+03
7.979257106781005859e-01,6.279009580612182617e-02,2.369673828125000000e+03
5.692070126533508301e-01,8.937373757362365723e-02,2.321843750000000000e+03
7.164057493209838867e-01,7.756111770868301392e-02,2.890181884765625000e+03
8.019531369209289551e-01,8.179090917110443115e-02,2.692623291015625000e+03
6.447082161903381348e-01,7.045820355415344238e-02,2.636731933593750000e+03
3.571113944053649902e-01,7.176253944635391235e-02,1.098548095703125000e+03
7.237465381622314453e-01,6.028097122907638550e-02,2.862548583984375000e+03
5.903240442276000977e-01,7.576144486665725708e-02,2.682345458984375000e+03
7.314190864562988281e-01,6.785763800144195557e-02,2.189624755859375000e+03
8.101485967636108398e-01,5.232326686382293701e-02,2.794320068359375000e+03
7.812396883964538574e-01,6.920564919710159302e-02,2.956559082031250000e+03
7.337387800216674805e-01,6.625596433877944946e-02,3.157152832031250000e+03
7.279196977615356445e-01,6.694128364324569702e-02,3.058711669921875000e+03
7.817956209182739258e-01,7.345461100339889526e-02,3.934386230468750000e+03
7.902091741561889648e-01,6.613460928201675415e-02,2.693343017578125000e+03
7.802110910415649414e-01,7.366377115249633789e-02,2.777645019531250000e+03
7.472760081291198730e-01,1.035845950245857239e-01,2.579926513671875000e+03
7.604691982269287109e-01,7.340543717145919800e-02,3.158078369140625000e+03
5.147018432617187500e-01,8.718334883451461792e-02,1.972282470703125000e+03
4.273591041564941406e-01,8.535965532064437866e-02,1.970283935546875000e+03
7.503756880760192871e-01,6.298627704381942749e-02,2.526824218750000000e+03
7.294369935989379883e-01,6.667389720678329468e-02,3.559720703125000000e+03
6.249929070472717285e-01,6.188875809311866760e-02,2.062906250000000000e+03
5.806062221527099609e-01,1.286957859992980957e-01,2.113120849609375000e+03
6.943348646163940430e-01,7.676486670970916748e-02,3.009239501953125000e+03
5.136618614196777344e-01,9.049563109874725342e-02,1.337346801757812500e+03
7.954484820365905762e-01,5.579712241888046265e-02,2.780401367187500000e+03
8.294234871864318848e-01,6.282818317413330078e-02,3.287816162109375000e+03
7.490482330322265625e-01,6.950020790100097656e-02,3.451861328125000000e+03
7.436247467994689941e-01,6.867443025112152100e-02,2.334711914062500000e+03
7.652938365936279297e-01,6.569679826498031616e-02,2.811846679687500000e+03
6.724694371223449707e-01,7.794954627752304077e-02,2.453896240234375000e+03
8.060594201087951660e-01,6.983736902475357056e-02,3.179075927734375000e+03
4.626053273677825928e-01,8.676566183567047119e-02,1.943972045898437500e+03
7.273550629615783691e-01,7.136590033769607544e-02,2.835723144531250000e+03
8.034768104553222656e-01,5.985572189092636108e-02,2.328896972656250000e+03
4.689090251922607422e-01,1.109585538506507874e-01,1.500346313476562500e+03
7.260301709175109863e-01,1.119992136955261230e-01,2.600326171875000000e+03
6.992495656013488770e-01,7.163754850625991821e-02,2.359685546875000000e+03
7.920306921005249023e-01,7.413324713706970215e-02,3.367464111328125000e+03
5.940921902656555176e-01,7.827816158533096313e-02,2.093218750000000000e+03
6.509680747985839844e-01,6.450481712818145752e-02,2.213845214843750000e+03
6.091939806938171387e-01,7.738306373357772827e-02,2.530763183593750000e+03
6.429377794265747070e-01,8.474408090114593506e-02,1.687838989257812500e+03
7.166168093681335449e-01,1.131301373243331909e-01,2.026024291992187500e+03
5.170013308525085449e-01,1.284713000059127808e-01,2.083935302734375000e+03
5.226809382438659668e-01,7.025226950645446777e-02,1.905628784179687500e+03
8.092280626296997070e-01,7.768021523952484131e-02,3.295021484375000000e+03
7.888474464416503906e-01,8.382361382246017456e-02,2.728609375000000000e+03
7.655597329139709473e-01,7.694544643163681030e-02,2.427466308593750000e+03
7.172104120254516602e-01,8.396349847316741943e-02,2.198850097656250000e+03
7.020161747932434082e-01,6.919524073600769043e-02,2.089825195312500000e+03
5.578262209892272949e-01,7.447225600481033325e-02,1.834124267578125000e+03
7.855626940727233887e-01,8.266974985599517822e-02,2.168570068359375000e+03
7.330935597419738770e-01,5.688240006566047668e-02,3.452723144531250000e+03
5.932353734970092773e-01,5.967840924859046936e-02,2.569029785156250000e+03
8.132561445236206055e-01,6.339403986930847168e-02,3.141062988281250000e+03
5.455673933029174805e-01,6.015924736857414246e-02,2.052855224609375000e+03
7.398264408111572266e-01,5.924890562891960144e-02,3.389167968750000000e+03
7.347894906997680664e-01,6.918602436780929565e-02,3.182650146484375000e+03
7.159624099731445312e-01,6.138936802744865417e-02,2.398712646484375000e+03
5.450997948646545410e-01,6.656832247972488403e-02,1.687901977539062500e+03
6.633309721946716309e-01,7.420779019594192505e-02,2.969113037109375000e+03
7.979614734649658203e-01,5.827737972140312195e-02,3.578919921875000000e+03
7.028727531433105469e-01,8.432348072528839111e-02,2.978896972656250000e+03
8.146585822105407715e-01,7.765642553567886353e-02,2.616784423828125000e+03
6.801746487617492676e-01,6.574823707342147827e-02,2.292685302734375000e+03
7.189260125160217285e-01,6.354994326829910278e-02,2.336410644531250000e+03
7.140749096870422363e-01,7.957619428634643555e-02,2.809015136718750000e+03
4.424092769622802734e-01,1.166315898299217224e-01,1.395644653320312500e+03
7.748004794120788574e-01,7.651387900114059448e-02,3.071000976562500000e+03
7.908647060394287109e-01,7.483614981174468994e-02,2.563762207031250000e+03
5.804520845413208008e-01,6.160174310207366943e-02,2.229103759765625000e+03
5.720217227935791016e-01,1.735027730464935303e-01,1.244438598632812500e+03
7.799997329711914062e-01,7.817135751247406006e-02,2.986684814453125000e+03
6.826592087745666504e-01,7.102680951356887817e-02,2.763058593750000000e+03
6.518226265907287598e-01,8.758749812841415405e-02,2.475057617187500000e+03
6.023720502853393555e-01,6.745235621929168701e-02,2.326620361328125000e+03
4.394565522670745850e-01,7.941630482673645020e-02,1.304007446289062500e+03
1.056724905967712402e+00,1.846325695514678955e-01,1.685053100585937500e+03
7.197585105895996094e-01,5.543486773967742920e-02,3.276642822265625000e+03
6.290715932846069336e-01,6.362526863813400269e-02,1.956852416992187500e+03
7.833052277565002441e-01,6.038191914558410645e-02,3.059966308593750000e+03
4.365122914314270020e-01,1.566911339759826660e-01,1.142033813476562500e+03
8.200273513793945312e-01,5.605596303939819336e-02,2.585013183593750000e+03
7.465382814407348633e-01,7.248754799365997314e-02,2.654313476562500000e+03
6.111425161361694336e-01,7.063976675271987915e-02,2.711064697265625000e+03
5.212647318840026855e-01,1.019945070147514343e-01,1.275634765625000000e+03
7.242993116378784180e-01,6.887497007846832275e-02,2.641078613281250000e+03
8.103778362274169922e-01,7.865219563245773315e-02,2.996010253906250000e+03
6.836848855018615723e-01,8.681445568799972534e-02,2.417992187500000000e+03
6.370678544044494629e-01,6.622303277254104614e-02,2.294877441406250000e+03
5.820103883743286133e-01,6.432910263538360596e-02,2.065483642578125000e+03
6.776883006095886230e-01,6.750299036502838135e-02,2.485073486328125000e+03
7.415369153022766113e-01,1.849107742309570312e-01,3.515338134765625000e+03
7.628470063209533691e-01,6.524548679590225220e-02,3.317858886718750000e+03
7.771683335304260254e-01,9.209584444761276245e-02,2.135917480468750000e+03
7.128384113311767578e-01,6.266413629055023193e-02,2.479805175781250000e+03
7.705072760581970215e-01,7.004977017641067505e-02,3.287043701171875000e+03
4.138105511665344238e-01,7.046935707330703735e-02,1.285374877929687500e+03
5.849949717521667480e-01,1.479547470808029175e-01,1.873155639648437500e+03
6.979892253875732422e-01,7.188495993614196777e-02,2.963977050781250000e+03
7.908771634101867676e-01,8.144811540842056274e-02,3.114923828125000000e+03
6.535726785659790039e-01,6.278272718191146851e-02,2.668402099609375000e+03
7.447912693023681641e-01,9.288842231035232544e-02,2.857808593750000000e+03
5.037406086921691895e-01,1.277343481779098511e-01,2.017138427734375000e+03
5.562795400619506836e-01,9.100183844566345215e-02,1.825360229492187500e+03
8.041237592697143555e-01,7.488927990198135376e-02,2.423667724609375000e+03
6.974137425422668457e-01,7.883382588624954224e-02,2.348620605468750000e+03
6.259222626686096191e-01,6.442414969205856323e-02,1.870812866210937500e+03
4.904651343822479248e-01,7.119026035070419312e-02,1.743680908203125000e+03
5.976358652114868164e-01,9.966172277927398682e-02,2.109008056640625000e+03
6.441835165023803711e-01,7.892610877752304077e-02,2.477093750000000000e+03
6.993205547332763672e-01,7.988196611404418945e-02,2.661714111328125000e+03
6.871763467788696289e-01,8.339059352874755859e-02,2.241169677734375000e+03
3.671327531337738037e-01,8.272571116685867310e-02,1.250853637695312500e+03
7.191708683967590332e-01,8.584786951541900635e-02,2.753645751953125000e+03
6.677357554435729980e-01,1.000509262084960938e-01,2.802358642578125000e+03
5.927276611328125000e-01,6.322237849235534668e-02,2.178964599609375000e+03
6.636118292808532715e-01,7.183007895946502686e-02,2.477494628906250000e+03
4.834984242916107178e-01,5.330415070056915283e-02,1.667323364257812500e+03
8.223786950111389160e-01,6.552395224571228027e-02,3.373989013671875000e+03
4.016483128070831299e-01,1.477655917406082153e-01,1.229587402343750000e+03
4.846062958240509033e-01,1.314640045166015625e-01,1.389878295898437500e+03
6.574963927268981934e-01,8.843329548835754395e-02,2.640288818359375000e+03
8.010158538818359375e-01,6.479671597480773926e-02,3.184759277343750000e+03
4.468755722045898438e-01,9.215269237756729126e-02,1.218454345703125000e+03
7.506642341613769531e-01,6.492191553115844727e-02,2.704770996093750000e+03
7.849103212356567383e-01,6.547835469245910645e-02,2.791198730468750000e+03
7.898790836334228516e-01,8.348689228296279907e-02,2.762481445312500000e+03
8.194456696510314941e-01,6.883418560028076172e-02,2.741138671875000000e+03
7.627006173133850098e-01,7.979836314916610718e-02,2.019552124023437500e+03
4.652189016342163086e-01,6.284172832965850830e-02,1.593995971679687500e+03
5.524004101753234863e-01,7.366903871297836304e-02,2.014678466796875000e+03
8.031732439994812012e-01,7.257282733917236328e-02,2.844009521484375000e+03
7.748765945434570312e-01,5.635063722729682922e-02,2.992558593750000000e+03
8.215472698211669922e-01,8.388956636190414429e-02,2.499257080078125000e+03
6.869056224822998047e-01,7.822881639003753662e-02,2.509716552734375000e+03
3.441347181797027588e-01,9.932183474302291870e-02,1.353220092773437500e+03
7.331074476242065430e-01,5.935825407505035400e-02,3.157754638671875000e+03
7.240597605705261230e-01,7.394652813673019409e-02,2.660901611328125000e+03
6.553210020065307617e-01,7.691688835620880127e-02,2.524301025390625000e+03
7.784781455993652344e-01,1.250533610582351685e-01,1.984361206054687500e+03
7.791731357574462891e-01,7.103335112333297729e-02,2.575076416015625000e+03
7.694525718688964844e-01,6.770034879446029663e-02,2.585968017578125000e+03
6.562644243240356445e-01,1.187865361571311951e-01,2.152650878906250000e+03
6.559944748878479004e-01,6.696756184101104736e-02,2.727355712890625000e+03
8.261614441871643066e-01,5.910459160804748535e-02,3.384260986328125000e+03
7.638776302337646484e-01,6.498252600431442261e-02,2.681823486328125000e+03
8.121736645698547363e-01,5.918139219284057617e-02,3.464376220703125000e+03
7.090340852737426758e-01,7.815870642662048340e-02,2.801918701171875000e+03
5.692640542984008789e-01,7.722858339548110962e-02,2.092757812500000000e+03
7.493916153907775879e-01,8.940350264310836792e-02,2.712944335937500000e+03
5.633909702301025391e-01,9.735788404941558838e-02,2.339564208984375000e+03
7.599786520004272461e-01,6.489799171686172485e-02,2.511254150390625000e+03
7.093823552131652832e-01,7.120048999786376953e-02,2.333741455078125000e+03
7.658954262733459473e-01,8.263298869132995605e-02,3.052569824218750000e+03
6.786124110221862793e-01,7.212218642234802246e-02,2.522149169921875000e+03
7.643634676933288574e-01,7.893903553485870361e-02,2.325793945312500000e+03
6.298967003822326660e-01,7.365808635950088501e-02,1.963309570312500000e+03
7.865824699401855469e-01,5.770315974950790405e-02,3.107921875000000000e+03
6.066275835037231445e-01,6.370808929204940796e-02,2.584319824218750000e+03
5.225510001182556152e-01,6.980467587709426880e-02,2.006870117187500000e+03
7.731901407241821289e-01,8.996894955635070801e-02,2.828631347656250000e+03
7.521457076072692871e-01,5.415828153491020203e-02,3.216113769531250000e+03
8.300611972808837891e-01,1.630041301250457764e-01,1.708812133789062500e+03
7.745218873023986816e-01,6.073632463812828064e-02,2.350280029296875000e+03
6.904022693634033203e-01,8.399045467376708984e-02,2.766882080078125000e+03
7.227460145950317383e-01,7.920135557651519775e-02,2.852061279296875000e+03
7.025027871131896973e-01,6.250431388616561890e-02,2.509347900390625000e+03
6.126968860626220703e-01,9.960484504699707031e-02,2.106295654296875000e+03
5.240333080291748047e-01,6.753639876842498779e-02,1.414607177734375000e+03
7.691922783851623535e-01,7.807698845863342285e-02,2.732370117187500000e+03
7.879961729049682617e-01,7.501788437366485596e-02,3.132575683593750000e+03
6.791862845420837402e-01,5.900125578045845032e-02,2.458339599609375000e+03
6.534218192100524902e-01,7.292302697896957397e-02,2.839324462890625000e+03
5.778728723526000977e-01,1.026353910565376282e-01,2.120234130859375000e+03
4.007299840450286865e-01,7.620093971490859985e-02,1.243402954101562500e+03
7.321212887763977051e-01,7.029890269041061401e-02,2.555396972656250000e+03
3.464834392070770264e-01,6.112850084900856018e-02,9.463229980468750000e+02
7.168834805488586426e-01,6.984424591064453125e-02,2.488443603515625000e+03
7.032788991928100586e-01,7.622913271188735962e-02,2.263966064453125000e+03
6.305260062217712402e-01,8.495668321847915649e-02,1.914885375976562500e+03
8.154344558715820312e-01,7.859881222248077393e-02,3.287411376953125000e+03
7.830756306648254395e-01,7.035228610038757324e-02,2.668168457031250000e+03
8.250085711479187012e-01,7.141023874282836914e-02,3.085015625000000000e+03
6.034277081489562988e-01,5.571082234382629395e-02,2.205805419921875000e+03
8.060544133186340332e-01,6.875702738761901855e-02,3.269862548828125000e+03
6.005673408508300781e-01,7.381695508956909180e-02,1.922168212890625000e+03
3.854680657386779785e-01,8.223506808280944824e-02,1.073777343750000000e+03
5.270973443984985352e-01,7.426784932613372803e-02,1.668975708007812500e+03
7.208272218704223633e-01,7.176255434751510620e-02,2.212689697265625000e+03
8.105155229568481445e-01,8.144918084144592285e-02,2.796411132812500000e+03
5.466377139091491699e-01,9.895201772451400757e-02,1.795614501953125000e+03
5.024871230125427246e-01,6.059715151786804199e-02,1.661821411132812500e+03
7.308797836303710938e-01,1.251665800809860229e-01,1.865721069335937500e+03
7.566794157028198242e-01,6.131217256188392639e-02,3.171885986328125000e+03
6.471192836761474609e-01,7.458771020174026489e-02,1.923136596679687500e+03
7.646216750144958496e-01,6.815308332443237305e-02,3.507182128906250000e+03
8.333083987236022949e-01,8.747770637273788452e-02,2.950690917968750000e+03
4.030212759971618652e-01,8.638254553079605103e-02,1.206388549804687500e+03
7.799028158187866211e-01,5.946809798479080200e-02,3.228919921875000000e+03
8.253546953201293945e-01,7.312556356191635132e-02,3.124851074218750000e+03
7.952433824539184570e-01,7.685186713933944702e-02,3.621219970703125000e+03
8.019354939460754395e-01,6.901596486568450928e-02,2.882406250000000000e+03
4.303508400917053223e-01,7.930709421634674072e-02,1.846485717773437500e+03
8.032930493354797363e-01,6.603052467107772827e-02,3.432378662109375000e+03
8.225030899047851562e-01,6.803111732006072998e-02,2.677405517578125000e+03
7.473766207695007324e-01,6.440198421478271484e-02,3.072413574218750000e+03
5.469730496406555176e-01,5.869159102439880371e-02,1.755243041992187500e+03
7.139704823493957520e-01,8.370273560285568237e-02,1.941664672851562500e+03
7.508804202079772949e-01,6.842964142560958862e-02,3.122584472656250000e+03
7.627098560333251953e-01,7.713025063276290894e-02,2.882801269531250000e+03
7.619013190269470215e-01,6.986290961503982544e-02,2.547540527343750000e+03
7.133684754371643066e-01,6.019999086856842041e-02,2.700880615234375000e+03
6.195598840713500977e-01,7.782242447137832642e-02,2.018688720703125000e+03
4.622359573841094971e-01,7.540316879749298096e-02,1.441927490234375000e+03
7.619019746780395508e-01,6.892785429954528809e-02,2.879703125000000000e+03
7.622978687286376953e-01,8.673871308565139771e-02,3.183986083984375000e+03
6.889714598655700684e-01,6.113250553607940674e-02,2.320470214843750000e+03
7.699356079101562500e-01,6.708367913961410522e-02,3.167153320312500000e+03
6.550455689430236816e-01,6.777238100767135620e-02,2.148196289062500000e+03
3.983755409717559814e-01,6.624292582273483276e-02,1.494995239257812500e+03
6.567333936691284180e-01,6.325916945934295654e-02,2.904896972656250000e+03
4.307564198970794678e-01,9.001272171735763550e-02,1.279523193359375000e+03
7.779228687286376953e-01,6.170295551419258118e-02,2.887604980468750000e+03
6.552797555923461914e-01,7.239488512277603149e-02,2.784224121093750000e+03
5.899663567543029785e-01,6.859710812568664551e-02,2.415456787109375000e+03
8.189919590950012207e-01,7.141429930925369263e-02,3.154133056640625000e+03
4.064645171165466309e-01,1.656508296728134155e-01,7.541673583984375000e+02
6.191524863243103027e-01,6.338778138160705566e-02,1.802738159179687500e+03
5.174842476844787598e-01,5.988797545433044434e-02,2.039977661132812500e+03
7.937690615653991699e-01,7.637053728103637695e-02,2.660552734375000000e+03
7.864360213279724121e-01,6.195118650794029236e-02,2.584480957031250000e+03
5.333734750747680664e-01,9.172090888023376465e-02,1.658002929687500000e+03
7.409096360206604004e-01,7.202481478452682495e-02,2.050168945312500000e+03
7.338824868202209473e-01,5.530341342091560364e-02,2.572770996093750000e+03
6.195375919342041016e-01,8.813241124153137207e-02,2.511736572265625000e+03
8.419903516769409180e-01,9.048144519329071045e-02,2.593061035156250000e+03
6.395723819732666016e-01,7.526943087577819824e-02,2.344678466796875000e+03
7.722265124320983887e-01,6.326908618211746216e-02,3.402217529296875000e+03
7.379595041275024414e-01,8.245162665843963623e-02,2.822728515625000000e+03
6.541361212730407715e-01,1.001976355910301208e-01,1.903966064453125000e+03
7.639549970626831055e-01,8.269871771335601807e-02,2.581755859375000000e+03
7.176644206047058105e-01,7.902039587497711182e-02,2.875204345703125000e+03
6.705380082130432129e-01,8.162992447614669800e-02,2.143108886718750000e+03
7.828181385993957520e-01,6.797955930233001709e-02,2.291497070312500000e+03
5.258401036262512207e-01,8.955936878919601440e-02,2.354676757812500000e+03
7.974340319633483887e-01,6.032250076532363892e-02,3.337347900390625000e+03
8.084346055984497070e-01,5.937328934669494629e-02,2.907922607421875000e+03
5.938785076141357422e-01,6.404972076416015625e-02,2.437004882812500000e+03
6.507520079612731934e-01,5.973450839519500732e-02,2.167593017578125000e+03
7.563571333885192871e-01,1.022022962570190430e-01,2.667491455078125000e+03
4.924798011779785156e-01,8.322531729936599731e-02,1.983871948242187500e+03
7.915322184562683105e-01,5.531383678317070007e-02,3.468526611328125000e+03
6.253357529640197754e-01,7.397537678480148315e-02,3.006784423828125000e+03
6.456733942031860352e-01,6.375878304243087769e-02,2.643905761718750000e+03
6.366862058639526367e-01,1.031531095504760742e-01,2.340409667968750000e+03
7.428595423698425293e-01,5.994737893342971802e-02,2.638721435546875000e+03
6.072945594787597656e-01,7.640841603279113770e-02,2.014874877929687500e+03
7.285494804382324219e-01,8.649685233831405640e-02,3.705221923828125000e+03
5.099255442619323730e-01,6.065650656819343567e-02,2.130253417968750000e+03
5.249571204185485840e-01,6.965148448944091797e-02,2.010705322265625000e+03
7.045228481292724609e-01,6.735915690660476685e-02,2.102957763671875000e+03
7.460203170776367188e-01,9.009277820587158203e-02,2.489248291015625000e+03
6.774652600288391113e-01,7.264804095029830933e-02,2.730125244140625000e+03
6.344069838523864746e-01,1.330562978982925415e-01,1.838638793945312500e+03
6.338300108909606934e-01,6.793765723705291748e-02,1.913839965820312500e+03
6.402311921119689941e-01,6.453593820333480835e-02,2.486116699218750000e+03
5.831108689308166504e-01,5.885807424783706665e-02,2.480634277343750000e+03
7.231394648551940918e-01,8.332151174545288086e-02,2.708088378906250000e+03
4.458365142345428467e-01,1.156795620918273926e-01,1.201826416015625000e+03
5.977967381477355957e-01,1.484046727418899536e-01,2.312625976562500000e+03
7.664777040481567383e-01,6.135224178433418274e-02,3.375668701171875000e+03
5.815301537513732910e-01,6.588616967201232910e-02,1.805905151367187500e+03
6.809033155441284180e-01,9.348837286233901978e-02,2.336450439453125000e+03
7.413026690483093262e-01,2.518756687641143799e-01,1.791564697265625000e+03
5.175229907035827637e-01,7.034219056367874146e-02,2.116985351562500000e+03
7.887371182441711426e-01,6.077314913272857666e-02,3.957264160156250000e+03
7.422599792480468750e-01,8.163678646087646484e-02,2.169533691406250000e+03
5.280236005783081055e-01,8.297712355852127075e-02,1.560735107421875000e+03
6.260043382644653320e-01,7.262387871742248535e-02,2.142843750000000000e+03
6.126016378402709961e-01,8.117259293794631958e-02,2.346417480468750000e+03
4.716192781925201416e-01,6.118305400013923645e-02,1.235261108398437500e+03
7.296980023384094238e-01,2.498622834682464600e-01,9.921849975585937500e+02
6.838754415512084961e-01,6.588369607925415039e-02,2.945831298828125000e+03
7.062008976936340332e-01,1.004292741417884827e-01,2.644070800781250000e+03
8.171349167823791504e-01,7.054359465837478638e-02,2.494524902343750000e+03
4.777588844299316406e-01,1.118353456258773804e-01,1.696423339843750000e+03
5.082930922508239746e-01,6.876764446496963501e-02,1.715894287109375000e+03
8.051550984382629395e-01,6.924094259738922119e-02,2.572997802734375000e+03
6.175059080123901367e-01,7.449793815612792969e-02,1.583261352539062500e+03
8.000313043594360352e-01,8.440079540014266968e-02,2.530357421875000000e+03
7.972103357315063477e-01,5.996023863554000854e-02,3.252040283203125000e+03
6.700355410575866699e-01,7.345662266016006470e-02,2.874869873046875000e+03
4.944690167903900146e-01,7.227150350809097290e-02,1.899375610351562500e+03
7.297278642654418945e-01,6.593706458806991577e-02,3.120751464843750000e+03
7.978665232658386230e-01,8.131761848926544189e-02,2.225378173828125000e+03
7.511990070343017578e-01,5.095996707677841187e-02,2.974330078125000000e+03
4.648897349834442139e-01,6.994293630123138428e-02,1.658547851562500000e+03
6.073481440544128418e-01,7.591635733842849731e-02,1.992927001953125000e+03
7.203644514083862305e-01,6.176037713885307312e-02,2.490076904296875000e+03
7.267686724662780762e-01,6.575321406126022339e-02,2.694747558593750000e+03
6.360952854156494141e-01,6.374337524175643921e-02,2.446431152343750000e+03
8.219627737998962402e-01,6.193615123629570007e-02,3.421643310546875000e+03
7.256563901901245117e-01,5.693041533231735229e-02,2.494220703125000000e+03
6.079353690147399902e-01,7.905647903680801392e-02,2.191502197265625000e+03
4.874564111232757568e-01,7.420330494642257690e-02,2.147076904296875000e+03
3.794661462306976318e-01,7.665892690420150757e-02,1.534020507812500000e+03
4.956379830837249756e-01,6.089157983660697937e-02,1.270781005859375000e+03
5.731562972068786621e-01,6.326592713594436646e-02,2.120788574218750000e+03
5.091143250465393066e-01,6.669080257415771484e-02,1.409747680664062500e+03
4.512097537517547607e-01,9.749949723482131958e-02,1.648891235351562500e+03
7.404404282569885254e-01,7.248789817094802856e-02,2.631883789062500000e+03
5.257699489593505859e-01,7.383009046316146851e-02,1.565062988281250000e+03
8.023580312728881836e-01,9.207253158092498779e-02,1.974916748046875000e+03
6.123768091201782227e-01,9.424719214439392090e-02,1.329171020507812500e+03
5.053442716598510742e-01,1.563083529472351074e-01,1.672558715820312500e+03
7.752102017402648926e-01,6.465469300746917725e-02,2.596046142578125000e+03
7.691339850425720215e-01,6.222756206989288330e-02,2.884080322265625000e+03
7.356174588203430176e-01,6.741815805435180664e-02,2.760685058593750000e+03
6.216003298759460449e-01,6.608878076076507568e-02,2.802144287109375000e+03
6.923119425773620605e-01,6.681054085493087769e-02,2.872779785156250000e+03
7.124603390693664551e-01,8.836694061756134033e-02,3.006631835937500000e+03
6.487334966659545898e-01,6.973128020763397217e-02,1.862389892578125000e+03
7.626265883445739746e-01,7.444783300161361694e-02,3.030323242187500000e+03
7.947780489921569824e-01,8.448518812656402588e-02,2.956760253906250000e+03
6.815834641456604004e-01,1.690283864736557007e-01,1.812074951171875000e+03
4.955069422721862793e-01,1.100710630416870117e-01,1.541775268554687500e+03
6.472807526588439941e-01,6.607039272785186768e-02,2.455083984375000000e+03
7.303740382194519043e-01,7.757145166397094727e-02,2.554219238281250000e+03
7.514337897300720215e-01,7.824573665857315063e-02,2.072822021484375000e+03
5.612641572952270508e-01,8.372702449560165405e-02,1.874898803710937500e+03
5.815575122833251953e-01,6.926508992910385132e-02,1.863747924804687500e+03
6.182315349578857422e-01,8.202171325683593750e-02,2.009642944335937500e+03
6.662338376045227051e-01,8.135814964771270752e-02,1.893126342773437500e+03
6.229845881462097168e-01,1.028138324618339539e-01,2.929655273437500000e+03
8.105074763298034668e-01,7.998521625995635986e-02,2.695703125000000000e+03
7.274313569068908691e-01,6.382067501544952393e-02,2.963130859375000000e+03
6.848686933517456055e-01,7.001616060733795166e-02,3.186501220703125000e+03
3.637073040008544922e-01,1.014229357242584229e-01,8.808878784179687500e+02
5.489530563354492188e-01,6.805434823036193848e-02,1.926180419921875000e+03
5.869930982589721680e-01,1.205783262848854065e-01,1.809704223632812500e+03
6.070302128791809082e-01,8.318396657705307007e-02,1.830440429687500000e+03
6.027496457099914551e-01,1.406852453947067261e-01,2.040935913085937500e+03
5.383915305137634277e-01,9.953474998474121094e-02,1.501914184570312500e+03
5.062969326972961426e-01,7.379848510026931763e-02,1.860082031250000000e+03
8.039915561676025391e-01,5.725271254777908325e-02,3.459290039062500000e+03
7.387598752975463867e-01,6.500963121652603149e-02,2.716021972656250000e+03
6.288082599639892578e-01,6.229734048247337341e-02,2.678198242187500000e+03
7.794455885887145996e-01,6.721568107604980469e-02,2.920792724609375000e+03
8.125758767127990723e-01,7.063627243041992188e-02,3.310754882812500000e+03
7.199997305870056152e-01,7.778413593769073486e-02,2.341682861328125000e+03
5.178164243698120117e-01,6.464331597089767456e-02,1.709420410156250000e+03
6.563593745231628418e-01,7.393901795148849487e-02,1.964547973632812500e+03
6.426881551742553711e-01,7.487039268016815186e-02,2.024061767578125000e+03
7.590936422348022461e-01,9.376471489667892456e-02,3.500227783203125000e+03
7.857874631881713867e-01,6.045828759670257568e-02,3.176570312500000000e+03
6.806974411010742188e-01,6.611486524343490601e-02,2.710320556640625000e+03
6.526028513908386230e-01,8.266673982143402100e-02,2.569263427734375000e+03
5.689243674278259277e-01,8.038795739412307739e-02,1.787931518554687500e+03
7.524689435958862305e-01,7.495933771133422852e-02,2.629706298828125000e+03
3.827553391456604004e-01,9.815385192632675171e-02,1.041926635742187500e+03
3.998998105525970459e-01,7.386786490678787231e-02,1.466744506835937500e+03
5.450805425643920898e-01,8.890471607446670532e-02,1.874861328125000000e+03
6.689961552619934082e-01,7.021235674619674683e-02,2.628637695312500000e+03
6.477302908897399902e-01,8.241901546716690063e-02,2.124202636718750000e+03
8.060169219970703125e-01,6.784523278474807739e-02,2.714505371093750000e+03
8.022994995117187500e-01,6.764768809080123901e-02,2.645188476562500000e+03
8.241853117942810059e-01,6.133555993437767029e-02,2.466812744140625000e+03
7.053432464599609375e-01,6.714876741170883179e-02,2.983428466796875000e+03
5.476806759834289551e-01,1.157776266336441040e-01,1.699887573242187500e+03
3.605487942695617676e-01,7.243327051401138306e-02,1.023511779785156250e+03
7.497848272323608398e-01,6.572982668876647949e-02,2.836425048828125000e+03
4.576678872108459473e-01,6.199204176664352417e-02,1.991244750976562500e+03
5.571654438972473145e-01,1.199389547109603882e-01,1.732531127929687500e+03
7.702274918556213379e-01,6.207134947180747986e-02,3.168884277343750000e+03
8.249804973602294922e-01,8.916257321834564209e-02,3.318053222656250000e+03
5.766900777816772461e-01,6.875107437372207642e-02,1.778673583984375000e+03
7.183316349983215332e-01,6.356491893529891968e-02,2.872311523437500000e+03
5.696616768836975098e-01,8.288587629795074463e-02,2.185704101562500000e+03
6.436247825622558594e-01,9.656239300966262817e-02,1.771036376953125000e+03
7.192716598510742188e-01,9.733007848262786865e-02,2.511152343750000000e+03
8.225226998329162598e-01,7.427503913640975952e-02,2.714875732421875000e+03
6.998385787010192871e-01,5.957651138305664062e-02,2.922667480468750000e+03
7.068687081336975098e-01,6.630383431911468506e-02,2.439583007812500000e+03
7.482182979583740234e-01,7.372350990772247314e-02,2.061636230468750000e+03
7.568689584732055664e-01,5.899821966886520386e-02,2.597406005859375000e+03
8.193457722663879395e-01,8.547977358102798462e-02,2.628532226562500000e+03
7.461414933204650879e-01,8.494993299245834351e-02,2.277327636718750000e+03
6.822365522384643555e-01,1.041855067014694214e-01,1.806738891601562500e+03
7.879849672317504883e-01,7.591459900140762329e-02,3.511322998046875000e+03
5.734808444976806641e-01,7.073210924863815308e-02,1.859408935546875000e+03
7.513785958290100098e-01,7.503589242696762085e-02,3.514217773437500000e+03
8.482156991958618164e-01,7.255545258522033691e-02,3.694466064453125000e+03
7.057253718376159668e-01,9.877814352512359619e-02,2.745842041015625000e+03
4.891181886196136475e-01,1.065876334905624390e-01,1.698071289062500000e+03
7.630584836006164551e-01,7.046905905008316040e-02,2.963705810546875000e+03
5.720663666725158691e-01,7.425069063901901245e-02,1.391373779296875000e+03
7.382810115814208984e-01,1.386885195970535278e-01,1.775159790039062500e+03
5.593588948249816895e-01,8.000256121158599854e-02,1.783218872070312500e+03
6.487057805061340332e-01,7.221779227256774902e-02,2.185132080078125000e+03
6.589348316192626953e-01,7.709613442420959473e-02,2.403925292968750000e+03
7.446915507316589355e-01,1.129648387432098389e-01,2.154218261718750000e+03
6.163458824157714844e-01,1.066935211420059204e-01,1.988066528320312500e+03
6.632491350173950195e-01,8.535345643758773804e-02,2.433843994140625000e+03
5.667746663093566895e-01,8.905562758445739746e-02,1.799911132812500000e+03
7.822306156158447266e-01,8.115598559379577637e-02,3.085389892578125000e+03
6.635159254074096680e-01,7.659884542226791382e-02,1.885408081054687500e+03
6.491021513938903809e-01,7.258503884077072144e-02,2.513141601562500000e+03
3.124625384807586670e-01,9.103427082300186157e-02,9.871824951171875000e+02
6.932079195976257324e-01,6.197908148169517517e-02,2.153388427734375000e+03
6.236926317214965820e-01,7.266733795404434204e-02,1.742607177734375000e+03
8.071345090866088867e-01,6.456228345632553101e-02,3.495124755859375000e+03
3.762485384941101074e-01,6.556560099124908447e-02,1.148187377929687500e+03
7.047705054283142090e-01,6.822479516267776489e-02,2.638393798828125000e+03
7.680102586746215820e-01,8.902662247419357300e-02,2.350321533203125000e+03
8.245694637298583984e-01,7.627090066671371460e-02,3.033919433593750000e+03
7.405762076377868652e-01,8.227484673261642456e-02,2.606563720703125000e+03
7.887831330299377441e-01,5.105777084827423096e-02,2.354739501953125000e+03
5.871578454971313477e-01,9.931138902902603149e-02,1.783464233398437500e+03
5.798894762992858887e-01,8.208213001489639282e-02,2.737490478515625000e+03
7.942559719085693359e-01,7.158339023590087891e-02,2.760894531250000000e+03
6.822664141654968262e-01,8.514349907636642456e-02,2.282622314453125000e+03
5.282008051872253418e-01,1.053294911980628967e-01,1.491228027343750000e+03
7.726161479949951172e-01,6.885080784559249878e-02,2.633927978515625000e+03
6.758347153663635254e-01,6.379559636116027832e-02,2.390922607421875000e+03
6.971194148063659668e-01,6.248764693737030029e-02,2.816394042968750000e+03
7.101069092750549316e-01,1.917613446712493896e-01,1.487653076171875000e+03
5.372746586799621582e-01,7.057110965251922607e-02,2.251090332031250000e+03
3.800632953643798828e-01,8.501617610454559326e-02,1.030993408203125000e+03
7.617017626762390137e-01,7.094554603099822998e-02,2.823780273437500000e+03
6.545099020004272461e-01,7.810169458389282227e-02,2.097778808593750000e+03
7.043896913528442383e-01,7.933459430932998657e-02,2.747887207031250000e+03
6.702965497970581055e-01,1.192196533083915710e-01,2.682074218750000000e+03
7.107719182968139648e-01,6.850608438253402710e-02,2.616335449218750000e+03
6.961042881011962891e-01,7.716424018144607544e-02,2.303841796875000000e+03
7.486463785171508789e-01,6.892050802707672119e-02,2.942810058593750000e+03
5.680825114250183105e-01,8.056800812482833862e-02,1.969875122070312500e+03
6.891720294952392578e-01,8.087404072284698486e-02,2.464461425781250000e+03
7.833024859428405762e-01,1.081115081906318665e-01,2.153269531250000000e+03
5.871953964233398438e-01,1.005788967013359070e-01,1.589772460937500000e+03
7.025762796401977539e-01,1.418281495571136475e-01,2.096120605468750000e+03
6.804385781288146973e-01,8.428330719470977783e-02,3.009157714843750000e+03
7.626156806945800781e-01,6.322355568408966064e-02,2.879616455078125000e+03
8.097143173217773438e-01,6.743083149194717407e-02,3.139762207031250000e+03
5.988745689392089844e-01,7.297986745834350586e-02,1.434988647460937500e+03
5.167570710182189941e-01,8.950833231210708618e-02,1.649968750000000000e+03
8.052125573158264160e-01,6.753454357385635376e-02,2.604932128906250000e+03
6.889329552650451660e-01,5.334791913628578186e-02,2.637484619140625000e+03
6.582581400871276855e-01,7.867030799388885498e-02,2.161014160156250000e+03
5.424291491508483887e-01,6.909929960966110229e-02,2.205244628906250000e+03
6.077387332916259766e-01,7.397797703742980957e-02,2.051924072265625000e+03
5.501508116722106934e-01,8.895377814769744873e-02,2.452066406250000000e+03
6.703622937202453613e-01,7.251457124948501587e-02,2.653501220703125000e+03
7.374507784843444824e-01,9.451108425855636597e-02,2.492894042968750000e+03
5.570142269134521484e-01,1.151562258601188660e-01,2.040367309570312500e+03
7.994989156723022461e-01,6.700601428747177124e-02,3.408738769531250000e+03
5.663093328475952148e-01,6.885121762752532959e-02,2.023207153320312500e+03
7.327961325645446777e-01,6.242886930704116821e-02,2.993822753906250000e+03
5.996307730674743652e-01,7.240635901689529419e-02,2.560979003906250000e+03
6.950604915618896484e-01,5.899669975042343140e-02,1.985098388671875000e+03
8.166581392288208008e-01,1.909218281507492065e-01,2.024221313476562500e+03
5.972338318824768066e-01,6.204723566770553589e-02,2.514706298828125000e+03
6.901958584785461426e-01,6.229507550597190857e-02,2.267974853515625000e+03
7.954884171485900879e-01,9.342038631439208984e-02,2.260756103515625000e+03
6.563634276390075684e-01,7.880045473575592041e-02,2.590862792968750000e+03
5.129498243331909180e-01,5.798479542136192322e-02,2.261296875000000000e+03
6.614229679107666016e-01,1.509576737880706787e-01,2.142059082031250000e+03
7.782104015350341797e-01,6.135265529155731201e-02,2.841369873046875000e+03
7.617782950401306152e-01,6.140553951263427734e-02,2.278897949218750000e+03
6.858608126640319824e-01,8.644796162843704224e-02,2.310670166015625000e+03
7.812044024467468262e-01,6.316284090280532837e-02,2.811472656250000000e+03
8.053336739540100098e-01,6.437972187995910645e-02,3.720538574218750000e+03
6.669121980667114258e-01,6.895732879638671875e-02,2.595881103515625000e+03
6.255018711090087891e-01,6.869000941514968872e-02,2.408745849609375000e+03
7.568458318710327148e-01,1.100525557994842529e-01,2.861006591796875000e+03
5.289540290832519531e-01,8.050774782896041870e-02,2.093423828125000000e+03
7.107964158058166504e-01,6.484204530715942383e-02,2.695689208984375000e+03
6.297771930694580078e-01,7.200898975133895874e-02,1.740304809570312500e+03
6.886285543441772461e-01,6.715818494558334351e-02,2.400096435546875000e+03
7.208529710769653320e-01,6.770721077919006348e-02,2.556778076171875000e+03
7.375304102897644043e-01,6.701149046421051025e-02,3.205921386718750000e+03
7.767622470855712891e-01,8.249720185995101929e-02,3.472358642578125000e+03
6.928030252456665039e-01,7.450500875711441040e-02,2.762091796875000000e+03
4.415599107742309570e-01,7.960693538188934326e-02,1.438678100585937500e+03
7.498375773429870605e-01,7.521773874759674072e-02,2.454364257812500000e+03
5.397378206253051758e-01,8.545308560132980347e-02,1.652091430664062500e+03
7.364291548728942871e-01,6.902698427438735962e-02,2.822023681640625000e+03
7.205486297607421875e-01,6.949266791343688965e-02,2.808123291015625000e+03
7.279080748558044434e-01,6.678485870361328125e-02,2.641642578125000000e+03
6.274355053901672363e-01,1.558783203363418579e-01,1.104810180664062500e+03
6.896550655364990234e-01,1.294995397329330444e-01,2.529410400390625000e+03
6.597146391868591309e-01,9.236206859350204468e-02,1.905365966796875000e+03
6.853147149085998535e-01,7.284089177846908569e-02,2.268300048828125000e+03
4.230429232120513916e-01,9.280533343553543091e-02,9.859089965820312500e+02
5.806944966316223145e-01,6.387252360582351685e-02,2.425565917968750000e+03
8.139367103576660156e-01,8.404563367366790771e-02,2.559754882812500000e+03
6.341249346733093262e-01,1.387241929769515991e-01,1.805764526367187500e+03
4.096630811691284180e-01,6.631790846586227417e-02,1.158004516601562500e+03
7.025847434997558594e-01,1.086087003350257874e-01,1.830217041015625000e+03
7.117462754249572754e-01,6.129405274987220764e-02,3.029689453125000000e+03
7.303237915039062500e-01,8.569435030221939087e-02,2.710032714843750000e+03
7.711430191993713379e-01,7.322961091995239258e-02,3.121010009765625000e+03
6.905861496925354004e-01,8.360558003187179565e-02,2.704913574218750000e+03
6.366913914680480957e-01,6.007772684097290039e-02,2.217010009765625000e+03
7.961590886116027832e-01,5.874317884445190430e-02,3.002176025390625000e+03
7.780418395996093750e-01,5.849248915910720825e-02,3.653213867187500000e+03
7.313712239265441895e-01,8.277652412652969360e-02,2.328169921875000000e+03
5.502507090568542480e-01,8.352709561586380005e-02,1.771005004882812500e+03
6.294620037078857422e-01,6.554770469665527344e-02,2.667111572265625000e+03
7.583341002464294434e-01,7.587928324937820435e-02,2.349003662109375000e+03
7.022672891616821289e-01,5.807786807417869568e-02,2.270650634765625000e+03
7.434735298156738281e-01,4.949845746159553528e-02,2.475192626953125000e+03
7.212468385696411133e-01,1.050153449177742004e-01,2.370116943359375000e+03
4.350287020206451416e-01,7.122927904129028320e-02,1.727761596679687500e+03
6.045601367950439453e-01,7.215193659067153931e-02,1.912439086914062500e+03
7.799112796783447266e-01,6.323149800300598145e-02,4.025579833984375000e+03
6.383091211318969727e-01,7.869955897331237793e-02,2.349918945312500000e+03
7.081455588340759277e-01,6.037250161170959473e-02,2.395481689453125000e+03
6.613262295722961426e-01,6.786321103572845459e-02,1.968788085937500000e+03
4.195749461650848389e-01,1.069094613194465637e-01,9.541049194335937500e+02
7.973821163177490234e-01,7.487467676401138306e-02,2.994639404296875000e+03
5.335456132888793945e-01,6.170930713415145874e-02,2.147707031250000000e+03
5.738343000411987305e-01,6.350874900817871094e-02,1.845626708984375000e+03
7.527397274971008301e-01,5.679295212030410767e-02,2.550778808593750000e+03
5.519322752952575684e-01,8.620305359363555908e-02,1.586670043945312500e+03
5.704691410064697266e-01,7.180903106927871704e-02,1.832028808593750000e+03
8.132438063621520996e-01,6.513303518295288086e-02,3.466975830078125000e+03
5.531302690505981445e-01,7.987063378095626831e-02,2.137113281250000000e+03
5.391091704368591309e-01,8.358171582221984863e-02,1.939472778320312500e+03
8.184780478477478027e-01,6.584323942661285400e-02,3.765384521484375000e+03
7.482318878173828125e-01,1.001100391149520874e-01,2.456187011718750000e+03
6.355093121528625488e-01,7.799319177865982056e-02,2.132262939453125000e+03
7.593479752540588379e-01,8.305394649505615234e-02,2.813356201171875000e+03
8.001953363418579102e-01,6.263726949691772461e-02,3.496437011718750000e+03
5.035898685455322266e-01,6.637302786111831665e-02,1.939087890625000000e+03
7.743819952011108398e-01,7.411984354257583618e-02,2.446339111328125000e+03
7.576948404312133789e-01,8.277435600757598877e-02,2.724925537109375000e+03
5.947872996330261230e-01,6.240079179406166077e-02,1.276975830078125000e+03
6.277037262916564941e-01,6.535592675209045410e-02,2.362723632812500000e+03
6.859181523323059082e-01,8.653003722429275513e-02,2.834358154296875000e+03
3.233944177627563477e-01,7.494924962520599365e-02,8.654271240234375000e+02
6.682342886924743652e-01,8.536441624164581299e-02,1.910226196289062500e+03
6.419106721878051758e-01,7.031835615634918213e-02,2.019302490234375000e+03
5.426195263862609863e-01,5.240673199295997620e-02,1.730545532226562500e+03
5.980605483055114746e-01,8.876643329858779907e-02,1.795662475585937500e+03
5.264463424682617188e-01,8.004450052976608276e-02,2.379231201171875000e+03
4.938921332359313965e-01,1.034782975912094116e-01,1.628390258789062500e+03
8.118426203727722168e-01,6.284637749195098877e-02,2.519867919921875000e+03
8.010479211807250977e-01,6.956468522548675537e-02,2.954287597656250000e+03
6.134352684020996094e-01,7.765843719244003296e-02,2.449066406250000000e+03
7.480653524398803711e-01,1.252547800540924072e-01,3.104105957031250000e+03
4.819949567317962646e-01,8.620680123567581177e-02,1.898236450195312500e+03
7.111867070198059082e-01,1.058351472020149231e-01,1.994845092773437500e+03
4.538034498691558838e-01,8.533619344234466553e-02,1.589343383789062500e+03
7.522742152214050293e-01,5.585013329982757568e-02,3.572200927734375000e+03
6.185074448585510254e-01,5.819885805249214172e-02,1.969527954101562500e+03
8.094698190689086914e-01,5.284520983695983887e-02,2.753064941406250000e+03
6.508732438087463379e-01,5.667971819639205933e-02,2.710651367187500000e+03
7.537285685539245605e-01,6.941619515419006348e-02,2.872701416015625000e+03
7.789158225059509277e-01,6.687535345554351807e-02,2.227736816406250000e+03
5.937429666519165039e-01,8.194682747125625610e-02,1.416790527343750000e+03
7.016257047653198242e-01,7.365129142999649048e-02,2.678813476562500000e+03
6.868780851364135742e-01,8.616550266742706299e-02,1.758817504882812500e+03
7.373639941215515137e-01,7.378047704696655273e-02,3.079502929687500000e+03
7.997943162918090820e-01,7.361102849245071411e-02,3.538578857421875000e+03
5.237269401550292969e-01,7.471273094415664673e-02,2.124950683593750000e+03
8.243696689605712891e-01,7.395040243864059448e-02,3.358302734375000000e+03
5.426148176193237305e-01,8.310335129499435425e-02,1.475514648437500000e+03
5.918669700622558594e-01,1.064659655094146729e-01,2.447021972656250000e+03
7.506784200668334961e-01,7.304377108812332153e-02,2.691640625000000000e+03
7.764433026313781738e-01,6.698872148990631104e-02,3.309349121093750000e+03
7.470901608467102051e-01,6.002166494727134705e-02,2.693552246093750000e+03
7.033056616783142090e-01,1.120929569005966187e-01,2.874749511718750000e+03
8.153479099273681641e-01,8.126214146614074707e-02,2.664795410156250000e+03
7.481839060783386230e-01,6.354188174009323120e-02,2.771793212890625000e+03
5.993371605873107910e-01,7.448017597198486328e-02,1.879787841796875000e+03
5.515872836112976074e-01,1.008013039827346802e-01,2.145840576171875000e+03
7.129365205764770508e-01,6.969783455133438110e-02,2.474435791015625000e+03
5.291931033134460449e-01,7.281967252492904663e-02,1.982416015625000000e+03
6.732584238052368164e-01,7.456237077713012695e-02,2.552942382812500000e+03
5.941632390022277832e-01,9.375685453414916992e-02,1.495046630859375000e+03
7.171058654785156250e-01,6.263709068298339844e-02,2.377100097656250000e+03
6.373513936996459961e-01,6.467745453119277954e-02,1.999906127929687500e+03
6.048528552055358887e-01,1.303417235612869263e-01,1.571082763671875000e+03
7.676129341125488281e-01,8.270413428544998169e-02,2.448717041015625000e+03
6.275585889816284180e-01,1.090531125664710999e-01,1.724847778320312500e+03
4.139732718467712402e-01,6.006408110260963440e-02,1.549436523437500000e+03
6.610920429229736328e-01,8.105832338333129883e-02,2.074928955078125000e+03
7.383725643157958984e-01,9.927168488502502441e-02,3.190748779296875000e+03
7.439178824424743652e-01,5.886641517281532288e-02,2.649957275390625000e+03
6.422049999237060547e-01,6.591840833425521851e-02,2.940765136718750000e+03
7.255498766899108887e-01,6.693355739116668701e-02,2.371233398437500000e+03
5.488855242729187012e-01,6.970230489969253540e-02,1.707371826171875000e+03
8.066383004188537598e-01,6.523298472166061401e-02,3.074286865234375000e+03
7.149428725242614746e-01,6.911469250917434692e-02,2.943776123046875000e+03
7.928348779678344727e-01,7.454368472099304199e-02,2.530909912109375000e+03
7.849842309951782227e-01,6.237844750285148621e-02,3.080812255859375000e+03
4.777783155441284180e-01,9.959811717271804810e-02,1.539653320312500000e+03
6.209527850151062012e-01,6.593389064073562622e-02,2.059024902343750000e+03
7.803288698196411133e-01,1.268085837364196777e-01,2.594685546875000000e+03
8.063168525695800781e-01,8.588922768831253052e-02,2.883536865234375000e+03
7.416982650756835938e-01,8.480257540941238403e-02,2.392222412109375000e+03
7.140597701072692871e-01,7.694409787654876709e-02,3.029741210937500000e+03
6.150676012039184570e-01,1.303369700908660889e-01,2.145380859375000000e+03
8.045340776443481445e-01,7.663576304912567139e-02,2.612928466796875000e+03
5.540897250175476074e-01,1.258519142866134644e-01,1.633675415039062500e+03
6.948037743568420410e-01,1.018687486648559570e-01,1.774800903320312500e+03
6.084625720977783203e-01,6.822261214256286621e-02,1.976324829101562500e+03
7.062603235244750977e-01,1.269002854824066162e-01,2.184467285156250000e+03
6.024493575096130371e-01,8.913540095090866089e-02,2.386144775390625000e+03
7.024614810943603516e-01,5.745035782456398010e-02,2.620418212890625000e+03
8.149928450584411621e-01,6.595537066459655762e-02,2.896954833984375000e+03
7.204171419143676758e-01,9.710163623094558716e-02,3.088793701171875000e+03
6.925337910652160645e-01,7.131054252386093140e-02,2.786240722656250000e+03
7.327110767364501953e-01,6.054786592721939087e-02,2.786711181640625000e+03
7.892887592315673828e-01,8.225293457508087158e-02,2.286129638671875000e+03
4.461921751499176025e-01,8.892372250556945801e-02,1.335409667968750000e+03
7.406292557716369629e-01,5.788508802652359009e-02,2.879798095703125000e+03
7.512895464897155762e-01,7.203182578086853027e-02,3.152090576171875000e+03
6.108291745185852051e-01,7.048117369413375854e-02,2.288427001953125000e+03
6.714857816696166992e-01,5.524620786309242249e-02,2.450013183593750000e+03
6.477197408676147461e-01,6.875359266996383667e-02,2.120576416015625000e+03
5.120523571968078613e-01,7.492788881063461304e-02,1.702353393554687500e+03
8.218148946762084961e-01,7.394058257341384888e-02,2.897090576171875000e+03
5.376063585281372070e-01,7.942331582307815552e-02,2.212873291015625000e+03
6.766686439514160156e-01,6.304195523262023926e-02,2.463891357421875000e+03
7.115460038185119629e-01,8.982857316732406616e-02,2.509337402343750000e+03
7.304186820983886719e-01,7.808235287666320801e-02,2.264461669921875000e+03
7.362959980964660645e-01,2.640725374221801758e-01,9.763690795898437500e+02
5.665746331214904785e-01,6.677170842885971069e-02,1.643974121093750000e+03
8.109504580497741699e-01,8.776261657476425171e-02,2.514298583984375000e+03
7.054749727249145508e-01,5.868358910083770752e-02,2.466286621093750000e+03
7.574976086616516113e-01,1.044212058186531067e-01,2.347431640625000000e+03
7.034490108489990234e-01,6.131963431835174561e-02,2.935454589843750000e+03
6.509098410606384277e-01,8.128534257411956787e-02,2.347533203125000000e+03
5.138669610023498535e-01,6.906063109636306763e-02,1.758074462890625000e+03
6.565179824829101562e-01,6.638859212398529053e-02,2.827850341796875000e+03
4.366133511066436768e-01,9.529927372932434082e-02,1.500920532226562500e+03
7.396802902221679688e-01,7.671672105789184570e-02,2.935712890625000000e+03
4.356046020984649658e-01,7.790721952915191650e-02,1.533884887695312500e+03
5.891917943954467773e-01,1.146863326430320740e-01,1.350491821289062500e+03
7.527409195899963379e-01,6.776268035173416138e-02,3.132006591796875000e+03
6.080893874168395996e-01,8.020557463169097900e-02,2.154322509765625000e+03
5.209457874298095703e-01,6.334790587425231934e-02,2.262305175781250000e+03
6.667085289955139160e-01,1.047043949365615845e-01,1.873155883789062500e+03
4.482009708881378174e-01,9.069545567035675049e-02,7.013887939453125000e+02
5.153245329856872559e-01,1.177080795168876648e-01,1.417438232421875000e+03
5.238628983497619629e-01,8.395677059888839722e-02,1.566375854492187500e+03
6.601474881172180176e-01,6.538964062929153442e-02,2.597334228515625000e+03
7.157308459281921387e-01,1.219482123851776123e-01,2.634107910156250000e+03
5.899150967597961426e-01,1.090475469827651978e-01,1.579894531250000000e+03
6.999996900558471680e-01,6.135871261358261108e-02,2.675289794921875000e+03
7.252296209335327148e-01,9.016238152980804443e-02,2.568744628906250000e+03
8.051585555076599121e-01,6.525219231843948364e-02,2.959006103515625000e+03
6.833733916282653809e-01,7.015451788902282715e-02,2.162122802734375000e+03
7.968454957008361816e-01,6.424493342638015747e-02,3.668882080078125000e+03
5.864288806915283203e-01,6.276241689920425415e-02,2.095121582031250000e+03
8.049271106719970703e-01,6.993241608142852783e-02,3.110957763671875000e+03
7.176600098609924316e-01,9.051556140184402466e-02,1.971757690429687500e+03
8.071148991584777832e-01,5.064182355999946594e-02,2.904304199218750000e+03
4.304605424404144287e-01,6.642958521842956543e-02,1.229376586914062500e+03
7.084777355194091797e-01,9.420049190521240234e-02,2.623527099609375000e+03
6.208438277244567871e-01,7.133069634437561035e-02,2.465260009765625000e+03
7.439790964126586914e-01,9.706543385982513428e-02,2.153930908203125000e+03
6.508231759071350098e-01,1.064172536134719849e-01,2.200604736328125000e+03
8.273937702178955078e-01,7.339232414960861206e-02,3.746643310546875000e+03
4.855702221393585205e-01,8.496489375829696655e-02,1.074739135742187500e+03
5.878133773803710938e-01,1.016840189695358276e-01,2.043065917968750000e+03
5.309028029441833496e-01,8.662705123424530029e-02,1.721588867187500000e+03
3.550772666931152344e-01,1.079233363270759583e-01,7.172669067382812500e+02
7.770275473594665527e-01,1.434810012578964233e-01,2.234458251953125000e+03
7.798489928245544434e-01,7.461970299482345581e-02,3.058493896484375000e+03
3.560972809791564941e-01,8.095446974039077759e-02,1.135959716796875000e+03
7.822017073631286621e-01,7.390636950731277466e-02,3.330286376953125000e+03
7.677936553955078125e-01,7.021079212427139282e-02,2.557038085937500000e+03
6.677753329277038574e-01,5.451926589012145996e-02,2.273796630859375000e+03
6.358931064605712891e-01,6.852704286575317383e-02,1.813890991210937500e+03
7.286228537559509277e-01,5.409381166100502014e-02,2.496704833984375000e+03
6.747494339942932129e-01,6.078120321035385132e-02,2.779806152343750000e+03
5.999289155006408691e-01,7.443611323833465576e-02,2.167270996093750000e+03
5.757228732109069824e-01,7.031281292438507080e-02,1.855520263671875000e+03
6.524137854576110840e-01,7.973870635032653809e-02,2.493458251953125000e+03
