5.000000074505805969e-02,9.482004493474960327e-02,-7.752454257570207119e-04,-9.779848158359527588e-02,1.276171922683715820e+00,6.403025984764099121e-02,4.876000000000000000e+03,4.994256347656250000e+03
-5.000000074505805969e-02,0.000000000000000000e+00,4.101016819477081299e-01,1.095802858471870422e-01,1.272281885147094727e+00,6.315215677022933960e-02,5.083000000000000000e+03,5.765195800781250000e+03
-5.000000074505805969e-02,-1.000000014901161194e-01,-2.771849632263183594e-01,4.430701732635498047e-01,1.196144461631774902e+00,5.832984298467636108e-02,4.361000000000000000e+03,5.367057128906250000e+03
3.687628731131553650e-02,0.000000000000000000e+00,9.985308349132537842e-02,-1.099357474595308304e-02,1.278985500335693359e+00,5.964831262826919556e-02,3.976000000000000000e+03,3.985983642578125000e+03
-1.500000059604644775e-01,3.869667947292327881e-01,6.490505486726760864e-02,2.639517784118652344e-01,8.609919548034667969e-01,8.930219709873199463e-02,2.422000000000000000e+03,2.618484130859375000e+03
-5.000000074505805969e-02,0.000000000000000000e+00,3.075524866580963135e-01,2.514769732952117920e-01,1.272647261619567871e+00,5.971808359026908875e-02,5.295000000000000000e+03,5.902839843750000000e+03
-5.000000074505805969e-02,-1.000000014901161194e-01,-8.764444291591644287e-02,3.733487129211425781e-01,1.261706709861755371e+00,5.289751291275024414e-02,4.763000000000000000e+03,5.417172363281250000e+03
5.000000074505805969e-02,-5.000000074505805969e-02,-1.808251887559890747e-01,5.851910710334777832e-01,1.275587558746337891e+00,5.386766046285629272e-02,4.734000000000000000e+03,5.990461914062500000e+03
-1.000000014901161194e-01,-5.000000074505805969e-02,9.718420356512069702e-02,5.400583744049072266e-01,1.201775908470153809e+00,5.896860733628273010e-02,4.611000000000000000e+03,5.784502441406250000e+03
5.000000074505805969e-02,5.000000074505805969e-02,-3.906648755073547363e-01,-4.270960390567779541e-02,1.257972955703735352e+00,5.941933393478393555e-02,4.676000000000000000e+03,5.259003417968750000e+03
1.366542428731918335e-01,-1.118416264653205872e-01,1.488104462623596191e-01,-4.349381849169731140e-02,1.036653637886047363e+00,7.568490505218505859e-02,3.410000000000000000e+03,3.425197753906250000e+03
9.482004493474960327e-02,5.000000074505805969e-02,1.173676252365112305e-01,2.195559069514274597e-02,1.267760515213012695e+00,6.396788358688354492e-02,5.043000000000000000e+03,5.047102050781250000e+03
-2.500000000000000000e-01,2.097904086112976074e-01,-4.282228350639343262e-01,2.183534204959869385e-01,6.329566240310668945e-01,7.100908458232879639e-02,2.065000000000000000e+03,2.226083007812500000e+03
0.000000000000000000e+00,5.000000074505805969e-02,-3.253894150257110596e-01,4.936200380325317383e-02,1.193492174148559570e+00,6.306304782629013062e-02,4.245000000000000000e+03,4.554868652343750000e+03
5.000000074505805969e-02,0.000000000000000000e+00,-2.531602382659912109e-01,1.605695635080337524e-01,1.171037197113037109e+00,6.353867053985595703e-02,5.094000000000000000e+03,5.521742187500000000e+03
-5.000000074505805969e-02,-5.000000074505805969e-02,4.952374398708343506e-01,1.674554497003555298e-01,1.269248604774475098e+00,5.971521884202957153e-02,4.750000000000000000e+03,5.722164062500000000e+03
5.000000074505805969e-02,-5.000000074505805969e-02,-1.821849793195724487e-01,1.719601638615131378e-02,1.239228844642639160e+00,6.195127964019775391e-02,5.037000000000000000e+03,5.226951660156250000e+03
0.000000000000000000e+00,2.994404174387454987e-02,-4.308046307414770126e-03,1.518581714481115341e-02,1.281373143196105957e+00,5.984134599566459656e-02,4.801000000000000000e+03,4.801691406250000000e+03
0.000000000000000000e+00,0.000000000000000000e+00,5.168430879712104797e-02,1.438164710998535156e-01,1.267760753631591797e+00,5.381543561816215515e-02,4.933000000000000000e+03,5.004641601562500000e+03
-1.926239021122455597e-02,0.000000000000000000e+00,1.479645818471908569e-01,8.336494117975234985e-02,1.279045343399047852e+00,5.999594554305076599e-02,5.189000000000000000e+03,5.299082031250000000e+03
0.000000000000000000e+00,-5.000000074505805969e-02,-3.969811499118804932e-01,4.237613081932067871e-01,1.241792678833007812e+00,6.340100616216659546e-02,4.902000000000000000e+03,6.058667480468750000e+03
0.000000000000000000e+00,-5.000000074505805969e-02,-1.550568342208862305e-01,-6.407377123832702637e-02,1.278965950012207031e+00,6.134160608053207397e-02,4.813000000000000000e+03,4.884109863281250000e+03
5.000000074505805969e-02,-5.000000074505805969e-02,4.553065076470375061e-02,3.550773859024047852e-01,1.178722381591796875e+00,6.264005601406097412e-02,4.457000000000000000e+03,4.968641601562500000e+03
0.000000000000000000e+00,0.000000000000000000e+00,2.068711631000041962e-02,-9.182378649711608887e-03,1.276655912399291992e+00,5.910502374172210693e-02,4.257000000000000000e+03,4.258304199218750000e+03
4.482004791498184204e-02,-6.312371790409088135e-02,3.220576792955398560e-02,8.479761332273483276e-02,1.104603409767150879e+00,5.725765600800514221e-02,4.310000000000000000e+03,4.387476562500000000e+03
5.000000074505805969e-02,-5.000000074505805969e-02,8.517154306173324585e-02,5.149390101432800293e-01,1.275254249572753906e+00,5.828299373388290405e-02,4.938000000000000000e+03,5.872498535156250000e+03
1.764043420553207397e-01,4.482004791498184204e-02,-8.355759084224700928e-02,-2.337407469749450684e-01,1.140320062637329102e+00,6.273548305034637451e-02,3.999000000000000000e+03,4.434871093750000000e+03
0.000000000000000000e+00,-5.000000074505805969e-02,-1.489299386739730835e-01,2.439110726118087769e-01,1.277200222015380859e+00,6.241299211978912354e-02,4.706000000000000000e+03,5.013984863281250000e+03
0.000000000000000000e+00,0.000000000000000000e+00,-9.820484369993209839e-02,6.069162045605480671e-04,1.243744611740112305e+00,6.140285357832908630e-02,4.707000000000000000e+03,4.736322753906250000e+03
-5.000000074505805969e-02,0.000000000000000000e+00,4.126571714878082275e-01,-1.424286067485809326e-01,1.286625742912292480e+00,6.746319681406021118e-02,4.807000000000000000e+03,5.467215332031250000e+03
4.482004791498184204e-02,0.000000000000000000e+00,-1.441361755132675171e-01,3.334563374519348145e-01,1.253008127212524414e+00,6.028348207473754883e-02,4.978000000000000000e+03,5.432965820312500000e+03
1.366542428731918335e-01,2.145627290010452271e-01,-1.799277961254119873e-01,5.008088797330856323e-02,9.427400827407836914e-01,6.572362035512924194e-02,3.679000000000000000e+03,4.190139648437500000e+03
0.000000000000000000e+00,5.000000074505805969e-02,-3.273159861564636230e-01,7.053176313638687134e-02,1.272449493408203125e+00,5.461529642343521118e-02,4.614000000000000000e+03,4.915964355468750000e+03
7.924878597259521484e-02,0.000000000000000000e+00,-3.818964958190917969e-01,3.930013626813888550e-02,1.285968780517578125e+00,6.085561960935592651e-02,4.444000000000000000e+03,5.002416015625000000e+03
-5.000000074505805969e-02,0.000000000000000000e+00,2.667423188686370850e-01,2.702378034591674805e-01,1.269806027412414551e+00,5.457401648163795471e-02,5.034000000000000000e+03,5.563149902343750000e+03
5.000000074505805969e-02,9.482004493474960327e-02,-1.965719833970069885e-02,-3.073879480361938477e-01,1.263688802719116211e+00,5.418305844068527222e-02,4.773000000000000000e+03,5.258683105468750000e+03
0.000000000000000000e+00,-1.000000014901161194e-01,-1.516021341085433960e-01,1.277806907892227173e-01,1.225690603256225586e+00,6.211613118648529053e-02,5.031000000000000000e+03,5.279354492187500000e+03
5.000000074505805969e-02,2.145627290010452271e-01,3.923734426498413086e-01,-1.226723343133926392e-01,1.245076656341552734e+00,5.810795351862907410e-02,4.575000000000000000e+03,5.235390625000000000e+03
9.482004493474960327e-02,4.482004791498184204e-02,2.137081623077392578e-01,1.156489402055740356e-01,1.232050418853759766e+00,6.056637316942214966e-02,4.556000000000000000e+03,4.613377929687500000e+03
0.000000000000000000e+00,-1.724679581820964813e-02,6.165676712989807129e-01,1.147633865475654602e-01,1.261065959930419922e+00,5.434712767601013184e-02,4.694000000000000000e+03,5.809962402343750000e+03
0.000000000000000000e+00,0.000000000000000000e+00,1.431503891944885254e-02,-2.062120474874973297e-02,1.282228350639343262e+00,6.207514554262161255e-02,4.750000000000000000e+03,4.751807128906250000e+03
1.329784244298934937e-01,9.482004493474960327e-02,-9.262815117835998535e-02,1.299243420362472534e-01,1.229888319969177246e+00,5.810535699129104614e-02,4.728000000000000000e+03,4.889570312500000000e+03
-5.816580727696418762e-02,-1.500000059604644775e-01,1.965894997119903564e-01,1.033161804080009460e-01,1.259734392166137695e+00,5.674777179956436157e-02,4.987000000000000000e+03,5.384604003906250000e+03
9.482004493474960327e-02,9.482004493474960327e-02,5.007196962833404541e-02,5.568910241127014160e-01,1.208002805709838867e+00,6.419508159160614014e-02,4.889000000000000000e+03,5.586684570312500000e+03
2.872454822063446045e-01,-1.000000014901161194e-01,-9.044191986322402954e-02,1.113007497042417526e-02,1.220817446708679199e+00,7.095223665237426758e-02,3.279000000000000000e+03,3.612658935546875000e+03
-5.000000074505805969e-02,9.482004493474960327e-02,-7.524508982896804810e-02,7.369006518274545670e-03,1.175984978675842285e+00,6.006755307316780090e-02,4.477000000000000000e+03,4.503823242187500000e+03
-2.000000029802322388e-01,5.000000074505805969e-02,8.678304404020309448e-02,3.554084599018096924e-01,1.086346745491027832e+00,6.879210472106933594e-02,4.439000000000000000e+03,5.077320800781250000e+03
2.171907275915145874e-01,3.889823853969573975e-01,-2.040411811321973801e-03,5.164353251457214355e-01,6.788913607597351074e-01,6.749058514833450317e-02,2.383000000000000000e+03,2.705298339843750000e+03
-3.000000119209289551e-01,1.764043420553207397e-01,-3.992083966732025146e-01,5.562655329704284668e-01,1.010195016860961914e+00,6.420642882585525513e-02,3.719000000000000000e+03,4.261999023437500000e+03
0.000000000000000000e+00,0.000000000000000000e+00,3.582562208175659180e-01,3.846106529235839844e-01,1.259891867637634277e+00,5.516967549920082092e-02,4.823000000000000000e+03,5.632798339843750000e+03
5.000000074505805969e-02,1.366542428731918335e-01,1.055951789021492004e-01,8.591462373733520508e-01,1.199922680854797363e+00,6.248237565159797668e-02,4.396000000000000000e+03,5.893349609375000000e+03
9.482004493474960327e-02,-5.000000074505805969e-02,2.298110723495483398e-01,1.274537947028875351e-02,6.795024275779724121e-01,8.227596431970596313e-02,2.468000000000000000e+03,2.584908691406250000e+03
0.000000000000000000e+00,0.000000000000000000e+00,1.479997336864471436e-01,4.258125722408294678e-01,1.280258178710937500e+00,6.228813156485557556e-02,5.241000000000000000e+03,5.871822753906250000e+03
-8.165807463228702545e-03,2.145627290010452271e-01,-2.171441614627838135e-01,-2.530043721199035645e-01,1.137808918952941895e+00,7.722774893045425415e-02,4.231000000000000000e+03,5.052884277343750000e+03
1.366542428731918335e-01,1.764043420553207397e-01,-1.597032099962234497e-01,8.614589273929595947e-02,1.011693835258483887e+00,6.548549979925155640e-02,3.442000000000000000e+03,3.757902343750000000e+03
-1.000000014901161194e-01,2.145627290010452271e-01,-3.662146255373954773e-02,3.196869790554046631e-01,1.228335857391357422e+00,6.487150490283966064e-02,4.085000000000000000e+03,4.125738281250000000e+03
2.132806330919265747e-01,-5.000000074505805969e-02,2.296373397111892700e-01,1.090699806809425354e-01,1.173269629478454590e+00,7.389182597398757935e-02,4.412000000000000000e+03,4.493811523437500000e+03
2.445067614316940308e-01,5.000000074505805969e-02,1.873107701539993286e-01,4.661763831973075867e-02,5.766004920005798340e-01,7.042606174945831299e-02,2.005000000000000000e+03,2.024790405273437500e+03
-1.510896813124418259e-02,2.893136814236640930e-02,7.093900442123413086e-02,5.716386809945106506e-02,1.252367138862609863e+00,6.343198567628860474e-02,4.611000000000000000e+03,4.635122558593750000e+03
0.000000000000000000e+00,1.366542428731918335e-01,-3.661644086241722107e-02,2.162177413702011108e-01,7.359851002693176270e-01,5.604873225092887878e-02,2.491000000000000000e+03,2.526247802734375000e+03
0.000000000000000000e+00,-1.661394163966178894e-02,6.261098384857177734e-01,3.969606161117553711e-01,1.214194893836975098e+00,6.312181800603866577e-02,4.271000000000000000e+03,5.794285156250000000e+03
-5.000000074505805969e-02,5.000000074505805969e-02,-2.993507087230682373e-01,-7.500673085451126099e-02,1.274345278739929199e+00,6.544061750173568726e-02,5.066000000000000000e+03,5.305975585937500000e+03
-1.500000059604644775e-01,1.764043420553207397e-01,-1.153482198715209961e-01,1.329120397567749023e-01,7.726671099662780762e-01,5.514201894402503967e-02,2.608000000000000000e+03,2.621453369140625000e+03
-2.500000000000000000e-01,2.514390051364898682e-01,-1.510359942913055420e-01,2.793487608432769775e-01,1.084845900535583496e+00,6.022870540618896484e-02,4.057000000000000000e+03,4.093412841796875000e+03
0.000000000000000000e+00,-5.000000074505805969e-02,1.797106266021728516e-01,-6.277671456336975098e-02,1.017374396324157715e+00,6.218375638127326965e-02,4.103000000000000000e+03,4.230311523437500000e+03
-2.131237089633941650e-01,9.482004493474960327e-02,-2.196008712053298950e-01,2.008521258831024170e-01,5.715233087539672852e-01,7.392422109842300415e-02,2.197000000000000000e+03,2.272078125000000000e+03
2.145627290010452271e-01,0.000000000000000000e+00,-8.998775156214833260e-04,6.974492222070693970e-02,1.188819766044616699e+00,6.220604479312896729e-02,4.609000000000000000e+03,4.775018554687500000e+03
-1.000000014901161194e-01,1.366542428731918335e-01,-6.305801868438720703e-02,8.927392959594726562e-02,1.241033673286437988e+00,6.129216030240058899e-02,5.250000000000000000e+03,5.262400390625000000e+03
-1.631237119436264038e-01,2.145627290010452271e-01,1.003873050212860107e-01,6.691211462020874023e-01,1.078314781188964844e+00,6.877502053976058960e-02,3.951000000000000000e+03,4.845527343750000000e+03
9.482004493474960327e-02,5.000000074505805969e-02,-1.685408651828765869e-01,2.394702136516571045e-01,7.344929575920104980e-01,7.405198365449905396e-02,2.561000000000000000e+03,3.040264892578125000e+03
0.000000000000000000e+00,3.815837576985359192e-02,2.591845691204071045e-01,5.071009323000907898e-02,1.263819456100463867e+00,5.555266886949539185e-02,4.456000000000000000e+03,4.641756347656250000e+03
4.482004791498184204e-02,-5.000000074505805969e-02,-2.524994015693664551e-01,5.776557326316833496e-01,1.255036354064941406e+00,5.630123615264892578e-02,4.159000000000000000e+03,5.360851562500000000e+03
-5.000000074505805969e-02,2.514390051364898682e-01,-2.160534709692001343e-01,2.789227068424224854e-01,1.210183978080749512e+00,5.915964022278785706e-02,5.070000000000000000e+03,5.167674316406250000e+03
-5.000000074505805969e-02,2.514390051364898682e-01,-7.088486105203628540e-02,3.857505917549133301e-01,1.196420669555664062e+00,5.599786713719367981e-02,4.837000000000000000e+03,4.899044433593750000e+03
2.872454822063446045e-01,2.514390051364898682e-01,2.004657238721847534e-01,2.814982533454895020e-01,8.295629024505615234e-01,6.158367171883583069e-02,3.130000000000000000e+03,3.168337890625000000e+03
-1.000000014901161194e-01,0.000000000000000000e+00,2.136894129216670990e-02,-1.109871193766593933e-01,1.169755578041076660e+00,6.310715526342391968e-02,4.636000000000000000e+03,4.727356445312500000e+03
9.183419495820999146e-02,-5.179951898753643036e-03,4.357818979769945145e-03,-1.033700779080390930e-01,1.275727152824401855e+00,6.335980445146560669e-02,5.256000000000000000e+03,5.311701660156250000e+03
-5.816580727696418762e-02,5.000000074505805969e-02,-2.052062153816223145e-01,4.609907567501068115e-01,1.185183525085449219e+00,6.075055524706840515e-02,4.453000000000000000e+03,5.039221191406250000e+03
-5.000000074505805969e-02,-5.816580727696418762e-02,-6.585424393415451050e-02,-1.458739787340164185e-01,1.009600639343261719e+00,7.300515472888946533e-02,4.088000000000000000e+03,4.119725097656250000e+03
1.306265294551849365e-01,-1.141935139894485474e-01,4.525645077228546143e-01,1.405694987624883652e-02,1.175464034080505371e+00,6.535486876964569092e-02,5.049000000000000000e+03,5.478441894531250000e+03
-5.000000074505805969e-02,5.000000074505805969e-02,1.370870694518089294e-02,3.086699843406677246e-01,1.235857963562011719e+00,5.470133200287818909e-02,4.518000000000000000e+03,4.725408203125000000e+03
-1.000000014901161194e-01,-5.000000074505805969e-02,-1.427528355270624161e-02,-2.067258208990097046e-02,1.215193867683410645e+00,5.926596373319625854e-02,3.684000000000000000e+03,3.704369140625000000e+03
-5.000000074505805969e-02,0.000000000000000000e+00,3.308831453323364258e-01,5.163136124610900879e-01,1.258513689041137695e+00,5.562847480177879333e-02,4.638000000000000000e+03,5.783085449218750000e+03
5.000000074505805969e-02,-5.000000074505805969e-02,1.954853534698486328e-02,-6.289616692811250687e-03,1.190926432609558105e+00,5.625427141785621643e-02,3.718000000000000000e+03,3.725388183593750000e+03
0.000000000000000000e+00,0.000000000000000000e+00,-2.789630293846130371e-01,1.769079416990280151e-01,1.222838163375854492e+00,6.269407272338867188e-02,4.763000000000000000e+03,5.104500488281250000e+03
-6.024989485740661621e-02,1.345701515674591064e-01,-5.193320568650960922e-03,5.122944116592407227e-01,1.217573165893554688e+00,6.469087302684783936e-02,4.265000000000000000e+03,4.674757324218750000e+03
1.764043420553207397e-01,5.000000074505805969e-02,8.632223121821880341e-03,-8.655066788196563721e-02,8.810064792633056641e-01,7.281857728958129883e-02,2.930000000000000000e+03,3.104531250000000000e+03
-5.000000074505805969e-02,5.000000074505805969e-02,-3.854595124721527100e-01,1.589059084653854370e-02,1.125152349472045898e+00,5.659586936235427856e-02,4.533000000000000000e+03,4.931892578125000000e+03
-4.735956490039825439e-01,4.070286750793457031e-01,-6.392543315887451172e-01,4.977543056011199951e-01,4.806967377662658691e-01,2.068323791027069092e-01,1.441000000000000000e+03,1.656249023437500000e+03
1.764043420553207397e-01,-5.816580727696418762e-02,9.349068254232406616e-02,-1.078391745686531067e-01,1.226537942886352539e+00,6.977064907550811768e-02,4.399000000000000000e+03,4.426403808593750000e+03
3.687628731131553650e-02,2.145627290010452271e-01,-4.624247178435325623e-02,5.754001736640930176e-01,1.161090731620788574e+00,5.417576059699058533e-02,4.985000000000000000e+03,5.479966308593750000e+03
3.218087181448936462e-02,4.519540369510650635e-01,-6.257401406764984131e-02,1.943227946758270264e-01,1.127242445945739746e+00,6.310855597257614136e-02,4.514000000000000000e+03,4.777774414062500000e+03
1.366542428731918335e-01,0.000000000000000000e+00,3.156592547893524170e-01,2.248944789171218872e-01,1.049957871437072754e+00,6.025511026382446289e-02,4.382000000000000000e+03,4.704737792968750000e+03
0.000000000000000000e+00,0.000000000000000000e+00,-1.246660277247428894e-01,4.514536857604980469e-01,1.275465011596679688e+00,5.092131346464157104e-02,5.253000000000000000e+03,5.939209472656250000e+03
1.366542428731918335e-01,1.366542428731918335e-01,1.769888699054718018e-01,4.026382789015769958e-02,6.043763756752014160e-01,9.311330318450927734e-02,1.898000000000000000e+03,1.954386718750000000e+03
0.000000000000000000e+00,9.482004493474960327e-02,6.512276828289031982e-02,7.178905606269836426e-02,1.218190431594848633e+00,5.780164524912834167e-02,3.985000000000000000e+03,3.997792724609375000e+03
-2.500000000000000000e-01,1.306265294551849365e-01,-1.396606117486953735e-01,1.556178629398345947e-01,1.034663558006286621e+00,5.674055591225624084e-02,3.617000000000000000e+03,3.660072021484375000e+03
-5.000000074505805969e-02,0.000000000000000000e+00,2.296350197866559029e-03,1.876391470432281494e-02,1.261520028114318848e+00,6.079048663377761841e-02,3.978000000000000000e+03,3.985727539062500000e+03
0.000000000000000000e+00,-5.000000074505805969e-02,1.609306037425994873e-01,3.124807775020599365e-02,1.245894551277160645e+00,6.437985599040985107e-02,5.157000000000000000e+03,5.264035644531250000e+03
1.764043420553207397e-01,9.482004493474960327e-02,-1.753009706735610962e-01,-5.564111098647117615e-02,1.004334092140197754e+00,5.852675810456275940e-02,3.666000000000000000e+03,4.181218750000000000e+03
1.764043420553207397e-01,2.514390051364898682e-01,-3.767856955528259277e-01,2.965382039546966553e-01,1.246183514595031738e+00,5.697152391076087952e-02,4.764000000000000000e+03,5.668939453125000000e+03
-5.000000074505805969e-02,0.000000000000000000e+00,-2.128391526639461517e-02,-1.521926559507846832e-02,1.245434522628784180e+00,6.705848872661590576e-02,3.761000000000000000e+03,3.763545410156250000e+03
3.275320306420326233e-02,0.000000000000000000e+00,1.898951530456542969e-01,3.184501826763153076e-01,1.253625392913818359e+00,5.188391357660293579e-02,4.908000000000000000e+03,5.294219238281250000e+03
9.482004493474960327e-02,4.183419048786163330e-02,-2.300039865076541901e-02,-7.342848181724548340e-02,1.183820009231567383e+00,6.175117194652557373e-02,3.781000000000000000e+03,3.853841552734375000e+03
-5.000000074505805969e-02,5.000000074505805969e-02,1.768820732831954956e-01,-1.028939932584762573e-01,1.274315357208251953e+00,6.117011234164237976e-02,5.305000000000000000e+03,5.547257812500000000e+03
0.000000000000000000e+00,0.000000000000000000e+00,-2.648133337497711182e-01,2.202253788709640503e-01,1.221046686172485352e+00,6.595846265554428101e-02,4.841000000000000000e+03,5.218628417968750000e+03
2.514390051364898682e-01,3.815837576985359192e-02,3.652589321136474609e-01,2.038210183382034302e-01,7.988041043281555176e-01,8.521503955125808716e-02,2.329000000000000000e+03,2.474470458984375000e+03
-1.500000059604644775e-01,9.482004493474960327e-02,-1.313453167676925659e-01,-1.848771572113037109e-01,1.002097487449645996e+00,6.832244992256164551e-02,3.631000000000000000e+03,3.910534912109375000e+03
-1.000000014901161194e-01,2.145627290010452271e-01,-7.734386622905731201e-02,2.883632183074951172e-01,8.231546282768249512e-01,7.893592119216918945e-02,2.439000000000000000e+03,2.460420166015625000e+03
4.482004791498184204e-02,0.000000000000000000e+00,5.249198526144027710e-02,1.359658837318420410e-01,1.278450727462768555e+00,5.887011438608169556e-02,5.073000000000000000e+03,5.130590332031250000e+03
3.073761053383350372e-02,5.000000074505805969e-02,-4.162666797637939453e-01,2.056484967470169067e-01,1.241333246231079102e+00,5.595218762755393982e-02,4.565000000000000000e+03,5.206563964843750000e+03
0.000000000000000000e+00,3.338605910539627075e-02,2.376482486724853516e-01,1.119428798556327820e-01,1.281010150909423828e+00,5.828744173049926758e-02,5.158000000000000000e+03,5.353621582031250000e+03
4.482004791498184204e-02,-1.500000059604644775e-01,-3.564748540520668030e-02,1.495181024074554443e-01,1.240658044815063477e+00,6.693261116743087769e-02,4.919000000000000000e+03,5.221926757812500000e+03
0.000000000000000000e+00,0.000000000000000000e+00,-1.856841295957565308e-01,4.942404031753540039e-01,1.244804024696350098e+00,5.912040919065475464e-02,4.704000000000000000e+03,5.517859375000000000e+03
-5.000000074505805969e-02,8.275320380926132202e-02,-3.830192387104034424e-01,2.252953350543975830e-01,1.232896089553833008e+00,6.717851012945175171e-02,4.629000000000000000e+03,5.021039550781250000e+03
-8.144030719995498657e-02,3.896152675151824951e-01,-2.713969536125659943e-02,4.359977841377258301e-01,1.013625264167785645e+00,5.504367500543594360e-02,4.311000000000000000e+03,4.332307128906250000e+03
4.482004791498184204e-02,0.000000000000000000e+00,-7.087472826242446899e-02,2.132691442966461182e-01,1.265506386756896973e+00,6.295971572399139404e-02,4.822000000000000000e+03,4.997708007812500000e+03
-1.192623898386955261e-01,1.764043420553207397e-01,-6.410954892635345459e-02,3.681101202964782715e-01,1.226982474327087402e+00,6.276685744524002075e-02,4.699000000000000000e+03,4.822537109375000000e+03
-1.500000059604644775e-01,0.000000000000000000e+00,-2.103978097438812256e-01,1.185862496495246887e-01,1.203126668930053711e+00,5.785760655999183655e-02,4.754000000000000000e+03,4.812229492187500000e+03
1.366542428731918335e-01,-5.000000074505805969e-02,-2.048694342374801636e-01,4.818072915077209473e-02,1.145963668823242188e+00,7.161765545606613159e-02,3.948000000000000000e+03,4.319521484375000000e+03
0.000000000000000000e+00,5.000000074505805969e-02,-5.186805725097656250e-01,1.470289975404739380e-01,1.280793547630310059e+00,5.323847383260726929e-02,4.807000000000000000e+03,5.593168457031250000e+03
1.366542428731918335e-01,9.482004493474960327e-02,-1.022817268967628479e-01,-7.348755374550819397e-03,1.178629994392395020e+00,6.927525997161865234e-02,4.868000000000000000e+03,5.102208984375000000e+03
9.183419495820999146e-02,3.687628731131553650e-02,1.238021627068519592e-01,-1.408790498971939087e-01,1.014451622962951660e+00,7.106316089630126953e-02,3.430000000000000000e+03,3.537744140625000000e+03
0.000000000000000000e+00,0.000000000000000000e+00,2.309311181306838989e-01,1.989021152257919312e-01,1.189281344413757324e+00,5.815906077623367310e-02,5.215000000000000000e+03,5.551576171875000000e+03
-1.500000059604644775e-01,-5.000000074505805969e-02,-2.170233130455017090e-01,2.933634445071220398e-02,9.896807074546813965e-01,6.973869353532791138e-02,3.959000000000000000e+03,4.002650390625000000e+03
-1.000000014901161194e-01,5.000000074505805969e-02,7.224140316247940063e-02,-1.590782999992370605e-01,1.237523555755615234e+00,5.803202837705612183e-02,5.179000000000000000e+03,5.424328125000000000e+03
0.000000000000000000e+00,1.260000616312026978e-01,1.254182457923889160e-01,1.264080852270126343e-01,8.893859982490539551e-01,5.696533992886543274e-02,2.555000000000000000e+03,2.605726806640625000e+03
9.482004493474960327e-02,9.482004493474960327e-02,9.648479521274566650e-02,8.737370371818542480e-02,8.293176293373107910e-01,6.601671874523162842e-02,2.800000000000000000e+03,2.800226806640625000e+03
4.862083792686462402e-01,-5.000000074505805969e-02,3.511010408401489258e-01,-1.863571554422378540e-01,1.074851751327514648e+00,8.679394423961639404e-02,3.717000000000000000e+03,3.834475585937500000e+03
-2.000000029802322388e-01,1.764043420553207397e-01,-5.468667298555374146e-02,7.962286472320556641e-02,1.024008393287658691e+00,5.833622068166732788e-02,3.996000000000000000e+03,4.111027832031250000e+03
1.366542428731918335e-01,-1.118416264653205872e-01,1.886426806449890137e-01,8.760473132133483887e-02,1.196073293685913086e+00,6.283718347549438477e-02,4.115000000000000000e+03,4.236485839843750000e+03
-1.500000059604644775e-01,0.000000000000000000e+00,-1.043603569269180298e-01,4.261046648025512695e-01,1.227975964546203613e+00,5.822927504777908325e-02,4.588000000000000000e+03,5.131602539062500000e+03
-2.000000029802322388e-01,1.366542428731918335e-01,-2.309810817241668701e-01,-1.273255199193954468e-01,1.160792589187622070e+00,5.291614308953285217e-02,4.687000000000000000e+03,4.929183593750000000e+03
0.000000000000000000e+00,-1.500000059604644775e-01,-6.244494020938873291e-02,-6.734042614698410034e-02,1.239983081817626953e+00,5.884061381220817566e-02,4.791000000000000000e+03,4.824409179687500000e+03
0.000000000000000000e+00,0.000000000000000000e+00,-4.984307289123535156e-02,5.038137082010507584e-03,1.273997068405151367e+00,5.841473117470741272e-02,4.330000000000000000e+03,4.336774414062500000e+03
-1.834094338119029999e-02,4.183419048786163330e-02,-1.126064881682395935e-01,6.632294505834579468e-02,1.276877403259277344e+00,6.256916373968124390e-02,4.773000000000000000e+03,4.800851074218750000e+03
0.000000000000000000e+00,3.073761053383350372e-02,-9.483407437801361084e-02,-2.389514259994029999e-02,1.290908813476562500e+00,5.379604920744895935e-02,3.681000000000000000e+03,3.707298828125000000e+03
-6.000000238418579102e-01,2.872454822063446045e-01,-3.303078114986419678e-01,2.662714123725891113e-01,8.519219160079956055e-01,6.145454570651054382e-02,3.022000000000000000e+03,3.319604980468750000e+03
1.366542428731918335e-01,3.562291860580444336e-01,1.611368209123611450e-01,3.327668309211730957e-01,1.137958168983459473e+00,1.008634045720100403e-01,3.720000000000000000e+03,3.723353271484375000e+03
-1.184162404388189316e-02,9.183419495820999146e-02,-1.756645925343036652e-02,3.938314318656921387e-01,1.215029597282409668e+00,6.584694236516952515e-02,4.460000000000000000e+03,4.732071289062500000e+03
-5.000000074505805969e-02,-1.000000014901161194e-01,3.586934208869934082e-01,3.503298461437225342e-01,1.201493978500366211e+00,6.242932751774787903e-02,4.522000000000000000e+03,5.621684570312500000e+03
-5.000000074505805969e-02,1.270009279251098633e-01,-1.900116167962551117e-02,3.036003001034259796e-02,1.255226731300354004e+00,5.518265813589096069e-02,4.018000000000000000e+03,4.044337158203125000e+03
-8.165807463228702545e-03,1.366542428731918335e-01,2.083671651780605316e-02,1.670111119747161865e-01,9.305440783500671387e-01,6.905928254127502441e-02,3.104000000000000000e+03,3.110308105468750000e+03
0.000000000000000000e+00,5.000000074505805969e-02,-6.125218421220779419e-02,5.349205061793327332e-02,1.279961228370666504e+00,6.555866450071334839e-02,4.983000000000000000e+03,4.994527343750000000e+03
-5.000000074505805969e-02,-5.179951898753643036e-03,1.895978003740310669e-01,2.660907208919525146e-01,1.259839773178100586e+00,6.192795559763908386e-02,4.943000000000000000e+03,5.343999511718750000e+03
0.000000000000000000e+00,5.000000074505805969e-02,1.793438047170639038e-01,6.291717290878295898e-01,1.271899580955505371e+00,6.280441582202911377e-02,5.384000000000000000e+03,6.549410156250000000e+03
1.366542428731918335e-01,9.482004493474960327e-02,-2.727514132857322693e-02,5.930444598197937012e-01,9.788396954536437988e-01,6.063360348343849182e-02,3.706000000000000000e+03,4.712542480468750000e+03
0.000000000000000000e+00,-5.000000074505805969e-02,4.440944492816925049e-01,-4.619166627526283264e-02,1.239193081855773926e+00,5.247737094759941101e-02,4.754000000000000000e+03,5.346728515625000000e+03
1.764043420553207397e-01,5.000000074505805969e-02,-1.973251700401306152e-01,-3.387510031461715698e-02,1.139906883239746094e+00,6.925255060195922852e-02,3.418000000000000000e+03,3.793542724609375000e+03
-5.000000074505805969e-02,-5.000000074505805969e-02,-3.228749334812164307e-01,6.681986451148986816e-01,1.276128530502319336e+00,6.192246079444885254e-02,4.459000000000000000e+03,5.971541992187500000e+03
-5.000000074505805969e-02,-1.024989411234855652e-02,5.021061301231384277e-01,2.047469764947891235e-01,1.268258690834045410e+00,6.125182658433914185e-02,4.890000000000000000e+03,5.909667968750000000e+03
5.000000074505805969e-02,-1.500000059604644775e-01,-2.246291041374206543e-01,-1.328811794519424438e-01,1.055984973907470703e+00,5.996769666671752930e-02,4.019000000000000000e+03,4.288162597656250000e+03
-1.000000014901161194e-01,0.000000000000000000e+00,-6.777679920196533203e-02,6.081572547554969788e-02,5.996916294097900391e-01,6.760288774967193604e-02,1.714000000000000000e+03,1.736592163085937500e+03
3.118000738322734833e-02,8.165905624628067017e-02,-4.318105876445770264e-01,1.439497619867324829e-01,1.261916160583496094e+00,5.899313464760780334e-02,4.948000000000000000e+03,5.606976562500000000e+03
5.000000074505805969e-02,2.514390051364898682e-01,-9.036879241466522217e-02,5.118730012327432632e-03,1.213915586471557617e+00,5.405028536915779114e-02,4.701000000000000000e+03,4.953809570312500000e+03
2.145627290010452271e-01,2.145627290010452271e-01,1.027169600129127502e-01,4.582364857196807861e-02,6.609389185905456543e-01,6.613659858703613281e-02,1.952000000000000000e+03,2.131152099609375000e+03
0.000000000000000000e+00,-2.000000029802322388e-01,7.511261105537414551e-02,1.853853166103363037e-01,1.248066425323486328e+00,5.652311071753501892e-02,4.752000000000000000e+03,5.212331542968750000e+03
-5.000000074505805969e-02,4.482004791498184204e-02,-9.876525960862636566e-03,2.501848638057708740e-01,1.267092943191528320e+00,5.788217857480049133e-02,4.787000000000000000e+03,4.917045898437500000e+03
-5.000000074505805969e-02,0.000000000000000000e+00,-2.591953277587890625e-01,5.819930508732795715e-02,1.270763874053955078e+00,5.708217248320579529e-02,5.138000000000000000e+03,5.286842285156250000e+03
9.482004493474960327e-02,9.482004493474960327e-02,5.039683356881141663e-02,9.958587586879730225e-02,1.160643100738525391e+00,6.190250813961029053e-02,3.971000000000000000e+03,3.976901367187500000e+03
-5.000000074505805969e-02,-5.000000074505805969e-02,4.639120399951934814e-01,4.240150153636932373e-01,1.271277785301208496e+00,6.083273887634277344e-02,4.467000000000000000e+03,5.742840820312500000e+03
0.000000000000000000e+00,9.482004493474960327e-02,4.011026620864868164e-01,9.172710776329040527e-02,1.195941567420959473e+00,6.111882254481315613e-02,4.811000000000000000e+03,5.339594726562500000e+03
0.000000000000000000e+00,5.000000074505805969e-02,-8.365869522094726562e-02,5.366454124450683594e-01,1.274559974670410156e+00,5.779852345585823059e-02,5.157000000000000000e+03,5.907094726562500000e+03
3.975010663270950317e-02,0.000000000000000000e+00,2.516571879386901855e-01,1.699484586715698242e-01,1.242432713508605957e+00,6.756035238504409790e-02,5.096000000000000000e+03,5.337396484375000000e+03
4.482004791498184204e-02,5.000000074505805969e-02,1.289157808059826493e-04,7.000592350959777832e-02,1.270509719848632812e+00,6.166915968060493469e-02,3.831000000000000000e+03,3.836693359375000000e+03
-8.165807463228702545e-03,-5.000000074505805969e-02,-1.574064493179321289e-01,1.451196074485778809e-01,1.272149920463562012e+00,6.098335236310958862e-02,4.464000000000000000e+03,4.628543457031250000e+03
-1.510896813124418259e-02,3.896152675151824951e-01,-1.536531597375869751e-01,3.838748037815093994e-01,7.149220108985900879e-01,7.631310820579528809e-02,2.013000000000000000e+03,2.088052978515625000e+03
5.000000074505805969e-02,5.000000074505805969e-02,7.109721004962921143e-02,-5.915430188179016113e-02,1.272553086280822754e+00,6.033100932836532593e-02,5.102000000000000000e+03,5.140682617187500000e+03
9.482004493474960327e-02,0.000000000000000000e+00,8.325809240341186523e-02,-2.221582829952239990e-02,1.276578783988952637e+00,6.427125632762908936e-02,4.894000000000000000e+03,4.895862304687500000e+03
3.213381767272949219e-01,9.482004493474960327e-02,2.609491646289825439e-01,7.696668803691864014e-02,1.036109089851379395e+00,7.355654239654541016e-02,3.426000000000000000e+03,3.438620849609375000e+03
-2.000000029802322388e-01,9.482004493474960327e-02,-1.221051216125488281e-01,3.023466467857360840e-01,1.089745521545410156e+00,5.795598775148391724e-02,4.226000000000000000e+03,4.399297851562500000e+03
5.000000074505805969e-02,-1.000000014901161194e-01,7.412971463054418564e-03,2.298525124788284302e-01,1.224677801132202148e+00,5.753852427005767822e-02,4.747000000000000000e+03,5.090423339843750000e+03
9.482004493474960327e-02,9.482004493474960327e-02,2.603891491889953613e-01,1.407740265130996704e-01,1.206487059593200684e+00,5.931504443287849426e-02,4.975000000000000000e+03,5.075255859375000000e+03
-6.024989485740661621e-02,2.872454822063446045e-01,1.100925728678703308e-01,2.298654317855834961e-01,7.557842731475830078e-01,7.886512577533721924e-02,3.075000000000000000e+03,3.247010253906250000e+03
-5.179951898753643036e-03,0.000000000000000000e+00,1.724985837936401367e-01,-3.648760542273521423e-02,1.272054433822631836e+00,6.214211136102676392e-02,4.807000000000000000e+03,4.904591308593750000e+03
2.145627290010452271e-01,0.000000000000000000e+00,-1.437311246991157532e-02,-9.435924142599105835e-02,1.227091550827026367e+00,6.217872723937034607e-02,4.737000000000000000e+03,4.928066406250000000e+03
-2.075121551752090454e-02,-5.000000074505805969e-02,9.079811722040176392e-02,-1.275798380374908447e-01,1.289301633834838867e+00,6.017101928591728210e-02,3.976000000000000000e+03,4.019837890625000000e+03
-1.696730405092239380e-01,8.118000626564025879e-02,2.921377308666706085e-02,-2.340708225965499878e-01,1.096881747245788574e+00,6.734406948089599609e-02,3.485000000000000000e+03,3.877188964843750000e+03
-1.118416264653205872e-01,2.145627290010452271e-01,1.551988422870635986e-01,1.641869843006134033e-01,1.047726511955261230e+00,6.024901196360588074e-02,4.075000000000000000e+03,4.345412109375000000e+03
0.000000000000000000e+00,-5.000000074505805969e-02,1.058835536241531372e-01,1.748703867197036743e-01,1.270952582359313965e+00,6.328008323907852173e-02,5.141000000000000000e+03,5.335976562500000000e+03
0.000000000000000000e+00,-5.179951898753643036e-03,-1.879856884479522705e-01,4.266427457332611084e-01,1.234387993812561035e+00,5.642684176564216614e-02,4.774000000000000000e+03,5.447508300781250000e+03
-2.000000029802322388e-01,-3.000000119209289551e-01,-3.166512846946716309e-01,-3.125052154064178467e-01,1.209163784980773926e+00,5.987833440303802490e-02,3.594000000000000000e+03,3.627667236328125000e+03
3.687628731131553650e-02,9.482004493474960327e-02,-3.132634758949279785e-01,-7.135059684514999390e-02,1.250788331031799316e+00,6.173520907759666443e-02,4.975000000000000000e+03,5.443166503906250000e+03
5.000000074505805969e-02,9.482004493474960327e-02,2.764830589294433594e-01,4.887852817773818970e-02,1.139717936515808105e+00,5.406776070594787598e-02,4.305000000000000000e+03,4.480568847656250000e+03
9.482004493474960327e-02,1.673918515443801880e-01,2.186203002929687500e-01,2.031353414058685303e-01,1.228405475616455078e+00,6.033754721283912659e-02,5.236000000000000000e+03,5.293729980468750000e+03
-2.500000000000000000e-01,3.073761053383350372e-02,-3.173620402812957764e-01,4.663651436567306519e-02,4.992342293262481689e-01,7.971738278865814209e-02,1.714000000000000000e+03,1.746770874023437500e+03
-1.024989411234855652e-02,2.145627290010452271e-01,2.969353497028350830e-01,4.462519586086273193e-01,1.140185475349426270e+00,5.391153320670127869e-02,4.866000000000000000e+03,5.404931640625000000e+03
8.165905624628067017e-02,-5.000000074505805969e-02,-3.824020028114318848e-01,2.700291275978088379e-01,1.238420963287353516e+00,6.120589002966880798e-02,4.769000000000000000e+03,5.716355468750000000e+03
-1.500000059604644775e-01,-5.000000074505805969e-02,-3.584631383419036865e-01,9.352669119834899902e-02,1.156581878662109375e+00,5.828993022441864014e-02,4.245000000000000000e+03,4.446084960937500000e+03
-2.500000000000000000e-01,2.514390051364898682e-01,-1.141194254159927368e-01,5.079795718193054199e-01,1.050752758979797363e+00,6.652889400720596313e-02,4.189000000000000000e+03,4.503060058593750000e+03
5.000000074505805969e-02,8.275320380926132202e-02,-1.185354664921760559e-01,3.547770678997039795e-01,1.216613292694091797e+00,6.110142916440963745e-02,5.102000000000000000e+03,5.450015136718750000e+03
1.366542428731918335e-01,9.482004493474960327e-02,-2.074408084154129028e-01,-1.591425538063049316e-01,1.215054869651794434e+00,4.940627142786979675e-02,4.796000000000000000e+03,5.373261230468750000e+03
-1.000000014901161194e-01,0.000000000000000000e+00,9.372527897357940674e-02,-1.223217882215976715e-02,1.253059864044189453e+00,6.294634938240051270e-02,5.414000000000000000e+03,5.543514648437500000e+03
3.073761053383350372e-02,-1.926239021122455597e-02,2.942559123039245605e-01,1.035923957824707031e-01,1.259126305580139160e+00,5.683264508843421936e-02,4.743000000000000000e+03,4.993041015625000000e+03
0.000000000000000000e+00,3.580648824572563171e-02,3.815700411796569824e-01,6.637617200613021851e-02,1.270797252655029297e+00,5.733905732631683350e-02,4.930000000000000000e+03,5.367510253906250000e+03
-5.000000074505805969e-02,-5.000000074505805969e-02,-1.274479478597640991e-01,1.687147319316864014e-01,1.254164218902587891e+00,5.661045759916305542e-02,4.814000000000000000e+03,4.977538085937500000e+03
-5.000000074505805969e-02,-1.500000059604644775e-01,-7.026664167642593384e-02,1.847410351037979126e-01,1.167059421539306641e+00,6.769184768199920654e-02,4.080000000000000000e+03,4.410988769531250000e+03
0.000000000000000000e+00,-1.024989411234855652e-02,-2.078734338283538818e-01,3.524966239929199219e-01,1.280600428581237793e+00,5.434805154800415039e-02,5.181000000000000000e+03,5.719025390625000000e+03
-5.000000074505805969e-02,0.000000000000000000e+00,-4.540036022663116455e-01,5.587210878729820251e-02,1.266318082809448242e+00,5.447256192564964294e-02,5.195000000000000000e+03,5.721472656250000000e+03
9.482004493474960327e-02,-5.000000074505805969e-02,1.962176524102687836e-02,-1.537354141473770142e-01,1.113355159759521484e+00,6.792824715375900269e-02,3.829000000000000000e+03,3.879469970703125000e+03
-2.500000000000000000e-01,3.562291860580444336e-01,-2.334327101707458496e-01,2.579317986965179443e-01,1.091914892196655273e+00,6.130753085017204285e-02,4.279000000000000000e+03,4.314557128906250000e+03
-1.500000059604644775e-01,0.000000000000000000e+00,1.324771493673324585e-01,-4.530731961131095886e-02,1.249891281127929688e+00,5.735960602760314941e-02,4.579000000000000000e+03,4.815603027343750000e+03
5.000000074505805969e-02,-6.419350951910018921e-02,-2.204776704311370850e-01,-5.304362252354621887e-02,1.271199464797973633e+00,5.822141841053962708e-02,4.985000000000000000e+03,5.209063476562500000e+03
-1.618416309356689453e-01,-5.000000074505805969e-02,-2.103897035121917725e-01,-2.493454376235604286e-03,1.095758080482482910e+00,6.460045278072357178e-02,3.953000000000000000e+03,3.968298339843750000e+03
5.000000074505805969e-02,0.000000000000000000e+00,2.890841364860534668e-01,1.360541880130767822e-01,1.214977979660034180e+00,6.005948781967163086e-02,5.147000000000000000e+03,5.407633789062500000e+03
9.482004493474960327e-02,-5.000000074505805969e-02,4.296836629509925842e-02,1.106397882103919983e-01,1.265050292015075684e+00,6.221667677164077759e-02,5.268000000000000000e+03,5.361223632812500000e+03
9.482004493474960327e-02,0.000000000000000000e+00,2.997750975191593170e-02,-3.966936096549034119e-02,1.207374572753906250e+00,6.176654249429702759e-02,4.330000000000000000e+03,4.347030761718750000e+03
8.975010365247726440e-02,5.000000074505805969e-02,-3.772409260272979736e-02,4.278438985347747803e-01,1.268362641334533691e+00,6.425787508487701416e-02,4.865000000000000000e+03,5.334336914062500000e+03
1.366542428731918335e-01,2.145627290010452271e-01,2.236283868551254272e-01,1.609037071466445923e-01,7.865787148475646973e-01,6.371683627367019653e-02,2.585000000000000000e+03,2.628611328125000000e+03
-1.000000014901161194e-01,4.183419048786163330e-02,5.524150729179382324e-01,-5.183501541614532471e-02,1.257283687591552734e+00,6.070320680737495422e-02,4.544000000000000000e+03,5.727192382812500000e+03
3.338605910539627075e-02,0.000000000000000000e+00,2.620969526469707489e-02,4.733635485172271729e-01,1.193438768386840820e+00,5.841158330440521240e-02,4.843000000000000000e+03,5.580265625000000000e+03
8.165905624628067017e-02,0.000000000000000000e+00,6.201159581542015076e-02,-3.413869813084602356e-02,1.257675647735595703e+00,6.526703387498855591e-02,4.264000000000000000e+03,4.268238281250000000e+03
0.000000000000000000e+00,-5.000000074505805969e-02,-1.365811079740524292e-01,1.107073575258255005e-01,1.281036257743835449e+00,5.415116623044013977e-02,4.352000000000000000e+03,4.469459960937500000e+03
-2.500000000000000000e-01,-1.500000059604644775e-01,-1.339219659566879272e-01,8.306030929088592529e-02,8.466112017631530762e-01,7.398430258035659790e-02,2.554000000000000000e+03,2.790370117187500000e+03
-5.000000074505805969e-02,3.896152675151824951e-01,6.176203861832618713e-02,-1.885721683502197266e-01,1.204661846160888672e+00,5.827231332659721375e-02,4.214000000000000000e+03,5.171657226562500000e+03
1.366542428731918335e-01,-2.000000029802322388e-01,-4.160258546471595764e-02,2.474540174007415771e-01,9.982037544250488281e-01,5.487290769815444946e-02,3.607000000000000000e+03,4.408484863281250000e+03
0.000000000000000000e+00,0.000000000000000000e+00,1.890572458505630493e-01,6.976372748613357544e-02,1.267173886299133301e+00,5.769178643822669983e-02,5.342000000000000000e+03,5.476032714843750000e+03
9.482004493474960327e-02,3.032695502042770386e-02,2.027983218431472778e-01,-2.498208731412887573e-01,1.211548566818237305e+00,6.046988070011138916e-02,4.243000000000000000e+03,4.499386230468750000e+03
9.482004493474960327e-02,1.764043420553207397e-01,-2.376903891563415527e-01,2.098617404699325562e-01,8.645557761192321777e-01,6.626732647418975830e-02,3.109000000000000000e+03,3.557776855468750000e+03
-5.816580727696418762e-02,1.366542428731918335e-01,1.721821427345275879e-01,2.131445109844207764e-01,1.007552862167358398e+00,7.390313595533370972e-02,2.763000000000000000e+03,2.921365234375000000e+03
0.000000000000000000e+00,1.366542428731918335e-01,3.275879621505737305e-01,3.190129399299621582e-01,1.224137425422668457e+00,5.588041990995407104e-02,5.020000000000000000e+03,5.480729003906250000e+03
-5.000000074505805969e-02,0.000000000000000000e+00,-5.879638344049453735e-02,-1.520979125052690506e-02,1.256589174270629883e+00,6.224245578050613403e-02,5.026000000000000000e+03,5.026985351562500000e+03
5.000000074505805969e-02,3.221365213394165039e-01,6.524194031953811646e-02,3.000274300575256348e-01,6.144315004348754883e-01,7.335937023162841797e-02,1.948000000000000000e+03,1.951698364257812500e+03
9.482004493474960327e-02,0.000000000000000000e+00,-2.045331299304962158e-01,2.014934718608856201e-01,1.271935582160949707e+00,5.738510936498641968e-02,4.875000000000000000e+03,5.260301269531250000e+03
3.338605910539627075e-02,0.000000000000000000e+00,-1.375216841697692871e-01,1.633711755275726318e-01,1.268029332160949707e+00,5.403222516179084778e-02,4.735000000000000000e+03,4.897768066406250000e+03
2.994404174387454987e-02,-8.165807463228702545e-03,2.155376523733139038e-01,-1.384462416172027588e-01,1.248463153839111328e+00,6.240494549274444580e-02,3.805000000000000000e+03,3.929711425781250000e+03
5.000000074505805969e-02,1.764043420553207397e-01,-4.293995443731546402e-03,-3.316472768783569336e-01,1.073805809020996094e+00,6.142320111393928528e-02,3.695000000000000000e+03,4.494812500000000000e+03
5.000000074505805969e-02,0.000000000000000000e+00,3.307753428816795349e-02,5.413553714752197266e-01,1.271291971206665039e+00,6.025821343064308167e-02,4.732000000000000000e+03,5.556856445312500000e+03
1.764043420553207397e-01,9.482004493474960327e-02,1.320125907659530640e-01,-8.449687808752059937e-02,1.225915312767028809e+00,5.650548636913299561e-02,5.006000000000000000e+03,5.119262695312500000e+03
4.192008078098297119e-01,6.961627006530761719e-01,4.076270759105682373e-01,7.022422552108764648e-01,3.675608932971954346e-01,1.477415114641189575e-01,1.198000000000000000e+03,1.199513183593750000e+03
-1.500000059604644775e-01,9.482004493474960327e-02,-1.020929291844367981e-01,-4.251922294497489929e-02,1.142645001411437988e+00,6.276781111955642700e-02,4.907000000000000000e+03,4.986491699218750000e+03
-6.024989485740661621e-02,-8.165807463228702545e-03,2.387105971574783325e-01,3.269319236278533936e-01,1.262657523155212402e+00,6.374061852693557739e-02,5.152000000000000000e+03,5.784387695312500000e+03
5.000000074505805969e-02,0.000000000000000000e+00,7.771728932857513428e-02,1.007858440279960632e-01,1.281594872474670410e+00,6.320286542177200317e-02,4.398000000000000000e+03,4.427191406250000000e+03
0.000000000000000000e+00,0.000000000000000000e+00,1.053194031119346619e-01,-3.323129564523696899e-02,1.287948966026306152e+00,6.230863556265830994e-02,4.177000000000000000e+03,4.207566406250000000e+03
5.000000074505805969e-02,-5.000000074505805969e-02,7.611768692731857300e-02,4.870977401733398438e-01,1.277332305908203125e+00,5.757144838571548462e-02,5.041000000000000000e+03,5.900192871093750000e+03
-1.881999336183071136e-02,5.000000074505805969e-02,3.982792049646377563e-02,3.396836817264556885e-01,1.106147646903991699e+00,3.924871385097503662e-01,2.469200000000000000e+04,2.642288281250000000e+04
-5.000000074505805969e-02,-5.000000074505805969e-02,2.469370700418949127e-02,3.398005291819572449e-02,1.192041873931884766e+00,6.308919936418533325e-02,4.927000000000000000e+03,4.970744628906250000e+03
9.482004493474960327e-02,-2.000000029802322388e-01,2.675143778324127197e-01,1.163382381200790405e-01,1.150726437568664551e+00,5.635418742895126343e-02,4.978000000000000000e+03,5.456258300781250000e+03
5.000000074505805969e-02,-5.000000074505805969e-02,-4.752618968486785889e-01,1.387355029582977295e-01,1.277634263038635254e+00,5.733587592840194702e-02,5.121000000000000000e+03,6.058116699218750000e+03
-1.184162404388189316e-02,-5.000000074505805969e-02,1.669912636280059814e-01,-1.799224466085433960e-01,1.226177692413330078e+00,5.874990671873092651e-02,5.185000000000000000e+03,5.351890625000000000e+03
3.815837576985359192e-02,5.000000074505805969e-02,-1.112505346536636353e-01,-1.198194548487663269e-01,1.287626028060913086e+00,6.621476262807846069e-02,5.024000000000000000e+03,5.177977050781250000e+03
0.000000000000000000e+00,9.482004493474960327e-02,2.363941669464111328e-01,1.080301403999328613e-01,9.011964201927185059e-01,5.826244130730628967e-02,3.756000000000000000e+03,4.011033935546875000e+03
2.145627290010452271e-01,9.482004493474960327e-02,3.008277155458927155e-02,1.728529669344425201e-02,1.210480809211730957e+00,5.928358808159828186e-02,4.179000000000000000e+03,4.292528808593750000e+03
0.000000000000000000e+00,5.000000074505805969e-02,1.261686235666275024e-01,1.824666687753051519e-04,1.275762319564819336e+00,6.045174598693847656e-02,4.807000000000000000e+03,4.861044433593750000e+03
4.183419048786163330e-02,5.000000074505805969e-02,-1.606090217828750610e-01,-5.441480875015258789e-02,1.276194453239440918e+00,6.650868058204650879e-02,5.397000000000000000e+03,5.567571777343750000e+03
-5.000000074505805969e-02,-1.000000014901161194e-01,2.956135272979736328e-01,2.851259522140026093e-02,1.021339178085327148e+00,9.489031136035919189e-02,2.672000000000000000e+03,3.010378417968750000e+03
0.000000000000000000e+00,-8.165807463228702545e-03,3.513239622116088867e-01,1.555318683385848999e-01,1.266221880912780762e+00,5.629435181617736816e-02,4.961000000000000000e+03,5.416313964843750000e+03
-5.000000074505805969e-02,5.000000074505805969e-02,-5.609451327472925186e-03,7.160733640193939209e-02,1.274501323699951172e+00,5.989895388484001160e-02,4.211000000000000000e+03,4.217258300781250000e+03
5.000000074505805969e-02,3.221365213394165039e-01,-7.127373944967985153e-03,2.998447120189666748e-01,1.000374913215637207e+00,7.070662081241607666e-02,3.796000000000000000e+03,3.810217529296875000e+03
-5.000000074505805969e-02,3.032695502042770386e-02,-3.908348679542541504e-01,1.279203891754150391e-01,1.257282376289367676e+00,6.134418025612831116e-02,4.633000000000000000e+03,4.994402832031250000e+03
-8.165807463228702545e-03,9.482004493474960327e-02,1.046127304434776306e-01,8.730018138885498047e-02,1.113807916641235352e+00,6.157708168029785156e-02,4.078000000000000000e+03,4.119933105468750000e+03
0.000000000000000000e+00,9.482004493474960327e-02,1.923040747642517090e-01,4.102447330951690674e-01,1.255971074104309082e+00,6.181983649730682373e-02,5.146000000000000000e+03,5.581825683593750000e+03
-1.659073382616043091e-01,-2.131237089633941650e-01,-1.083233878016471863e-01,-2.956502735614776611e-01,8.568801283836364746e-01,6.414099782705307007e-02,2.795000000000000000e+03,2.833521484375000000e+03
-5.000000074505805969e-02,-5.000000074505805969e-02,-3.073054552078247070e-01,2.293467074632644653e-01,1.240552425384521484e+00,5.854166299104690552e-02,5.037000000000000000e+03,5.499289550781250000e+03
0.000000000000000000e+00,0.000000000000000000e+00,3.451735079288482666e-01,-1.692526601254940033e-02,1.277724504470825195e+00,5.808103829622268677e-02,4.953000000000000000e+03,5.309722167968750000e+03
0.000000000000000000e+00,0.000000000000000000e+00,1.792119070887565613e-02,2.814858853816986084e-01,1.267881870269775391e+00,4.967758432030677795e-02,5.249000000000000000e+03,5.505473144531250000e+03
0.000000000000000000e+00,0.000000000000000000e+00,-4.125474989414215088e-01,3.673832118511199951e-01,1.261951446533203125e+00,6.112122163176536560e-02,5.114000000000000000e+03,6.053336914062500000e+03
5.000000074505805969e-02,-1.510896813124418259e-02,-3.740248978137969971e-01,3.313177227973937988e-01,1.269959449768066406e+00,5.893430486321449280e-02,4.714000000000000000e+03,5.557516601562500000e+03
1.764043420553207397e-01,5.000000074505805969e-02,1.695685833692550659e-01,-2.105344682931900024e-01,1.102122545242309570e+00,5.669771134853363037e-02,4.400000000000000000e+03,4.642535156250000000e+03
0.000000000000000000e+00,0.000000000000000000e+00,1.884778887033462524e-01,2.261124849319458008e-01,1.273234367370605469e+00,5.966933816671371460e-02,4.971000000000000000e+03,5.233060546875000000e+03
9.482004493474960327e-02,8.975010365247726440e-02,-5.902493000030517578e-02,4.747072234749794006e-02,9.233134984970092773e-01,6.653036177158355713e-02,3.048000000000000000e+03,3.138551513671875000e+03
-5.816580727696418762e-02,-5.000000074505805969e-02,5.345923360437154770e-03,1.895296722650527954e-01,1.273046016693115234e+00,6.306661665439605713e-02,4.916000000000000000e+03,5.100336914062500000e+03
2.958556823432445526e-02,4.482004791498184204e-02,1.377664133906364441e-02,1.305717527866363525e-01,1.268163800239562988e+00,6.073768064379692078e-02,4.684000000000000000e+03,4.706160644531250000e+03
0.000000000000000000e+00,-1.024989411234855652e-02,1.634183898568153381e-02,1.601511240005493164e-01,1.242309093475341797e+00,6.131206452846527100e-02,4.757000000000000000e+03,4.846574218750000000e+03
5.000000074505805969e-02,0.000000000000000000e+00,-3.766864836215972900e-01,-9.342888742685317993e-02,1.259130001068115234e+00,5.926792696118354797e-02,4.805000000000000000e+03,5.367614746093750000e+03
-1.000000014901161194e-01,5.000000074505805969e-02,-1.784066855907440186e-01,2.864170670509338379e-01,9.812465906143188477e-01,6.469769775867462158e-02,4.211000000000000000e+03,4.477750976562500000e+03
9.482004493474960327e-02,-5.000000074505805969e-02,2.634486556053161621e-02,9.099839627742767334e-02,1.050405979156494141e+00,6.143981590867042542e-02,4.425000000000000000e+03,4.523011230468750000e+03
-5.000000074505805969e-02,9.183419495820999146e-02,2.305864095687866211e-01,-2.015343606472015381e-01,9.628458023071289062e-01,6.885407119989395142e-02,3.679000000000000000e+03,4.308407226562500000e+03
-6.419350951910018921e-02,-5.000000074505805969e-02,-3.535246551036834717e-01,2.011078596115112305e-01,1.157412528991699219e+00,5.711480230093002319e-02,4.848000000000000000e+03,5.365893554687500000e+03
0.000000000000000000e+00,5.000000074505805969e-02,5.843210034072399139e-03,1.454322338104248047e-01,1.249186754226684570e+00,6.182708963751792908e-02,4.740000000000000000e+03,4.767658203125000000e+03
-1.000000014901161194e-01,4.841349124908447266e-01,-7.209083437919616699e-02,5.617089271545410156e-01,7.213606238365173340e-01,6.495299190282821655e-02,2.413000000000000000e+03,2.444519531250000000e+03
-1.207512170076370239e-01,5.000000074505805969e-02,-2.672252655029296875e-01,3.146179318428039551e-01,1.198129057884216309e+00,5.742638558149337769e-02,4.783000000000000000e+03,5.083156250000000000e+03
0.000000000000000000e+00,-2.000000029802322388e-01,3.938536345958709717e-01,-5.668911337852478027e-02,1.137157559394836426e+00,8.579617738723754883e-02,3.639000000000000000e+03,4.118061035156250000e+03
0.000000000000000000e+00,7.994404435157775879e-02,-3.011806309223175049e-01,3.427580930292606354e-03,1.265169382095336914e+00,6.386154890060424805e-02,5.213000000000000000e+03,5.523522949218750000e+03
-1.500000059604644775e-01,1.764043420553207397e-01,-4.376043081283569336e-01,1.856499314308166504e-01,1.097824454307556152e+00,6.618158519268035889e-02,3.904000000000000000e+03,4.167872070312500000e+03
-1.661394163966178894e-02,3.562291860580444336e-01,2.259528189897537231e-01,-1.742239147424697876e-01,1.177729249000549316e+00,6.867945939302444458e-02,4.358000000000000000e+03,5.374764160156250000e+03
5.000000074505805969e-02,-6.024989485740661621e-02,-1.560887843370437622e-01,4.235576391220092773e-01,1.158680081367492676e+00,5.166639387607574463e-02,4.496000000000000000e+03,5.382487304687500000e+03
0.000000000000000000e+00,0.000000000000000000e+00,8.396361768245697021e-02,3.560209274291992188e-01,1.268075704574584961e+00,6.165457144379615784e-02,5.046000000000000000e+03,5.457130859375000000e+03
0.000000000000000000e+00,0.000000000000000000e+00,-5.007013678550720215e-01,2.417323738336563110e-01,1.261022329330444336e+00,6.027397513389587402e-02,4.816000000000000000e+03,5.713907714843750000e+03
5.000000074505805969e-02,1.297110766172409058e-01,-8.747624233365058899e-03,9.375287592411041260e-02,1.094489097595214844e+00,6.048151105642318726e-02,3.872000000000000000e+03,3.887229248046875000e+03
3.218087181448936462e-02,0.000000000000000000e+00,4.460346419364213943e-03,-2.029723525047302246e-01,1.258323073387145996e+00,6.990430504083633423e-02,4.154000000000000000e+03,4.263208984375000000e+03
4.482004791498184204e-02,5.000000074505805969e-02,-5.048624277114868164e-01,-5.110897496342658997e-02,1.254355669021606445e+00,5.971154570579528809e-02,5.055000000000000000e+03,6.018805175781250000e+03
-5.179951898753643036e-03,0.000000000000000000e+00,-2.556625604629516602e-01,3.173758387565612793e-01,1.276783585548400879e+00,6.033619120717048645e-02,4.901000000000000000e+03,5.381667968750000000e+03
-1.419351249933242798e-02,-2.500000000000000000e-01,1.483155936002731323e-01,-7.305473089218139648e-02,7.272704243659973145e-01,8.811005949974060059e-02,1.449000000000000000e+03,1.603168457031250000e+03
3.032695502042770386e-02,5.000000074505805969e-02,5.650228261947631836e-01,1.302177608013153076e-01,1.255874752998352051e+00,5.971639975905418396e-02,4.231000000000000000e+03,4.985264160156250000e+03
-5.000000074505805969e-02,2.145627290010452271e-01,-5.530484020709991455e-02,9.350804984569549561e-02,1.225445389747619629e+00,6.075304001569747925e-02,4.519000000000000000e+03,4.563145507812500000e+03
-1.500000059604644775e-01,0.000000000000000000e+00,-1.696392744779586792e-01,2.214211672544479370e-01,1.216887831687927246e+00,5.917296931147575378e-02,4.725000000000000000e+03,4.881734863281250000e+03
-1.500000059604644775e-01,-2.000000029802322388e-01,3.223954513669013977e-02,1.671774983406066895e-01,9.902800917625427246e-01,7.759031653404235840e-02,3.252000000000000000e+03,3.789884033203125000e+03
-5.179951898753643036e-03,0.000000000000000000e+00,1.419255733489990234e-01,3.229048550128936768e-01,1.274287104606628418e+00,6.133173778653144836e-02,5.392000000000000000e+03,5.803466308593750000e+03
0.000000000000000000e+00,5.000000074505805969e-02,1.544064730405807495e-01,5.431766621768474579e-03,1.220682621002197266e+00,5.627468973398208618e-02,4.535000000000000000e+03,4.613368652343750000e+03
0.000000000000000000e+00,-1.000000014901161194e-01,-1.180561780929565430e-01,-4.845168069005012512e-02,1.245000123977661133e+00,5.883618071675300598e-02,4.842000000000000000e+03,4.893828125000000000e+03
5.000000074505805969e-02,4.183419048786163330e-02,1.188051179051399231e-01,2.414418458938598633e-01,1.260689020156860352e+00,6.110266596078872681e-02,4.994000000000000000e+03,5.133230468750000000e+03
-2.000000029802322388e-01,5.000000074505805969e-02,1.339148879051208496e-01,3.143835440278053284e-02,7.867859601974487305e-01,6.818392127752304077e-02,2.877000000000000000e+03,3.376629150390625000e+03
0.000000000000000000e+00,0.000000000000000000e+00,-1.397173851728439331e-01,-1.120589300990104675e-02,1.211404204368591309e+00,6.253437697887420654e-02,4.755000000000000000e+03,4.818241699218750000e+03
9.482004493474960327e-02,-1.000000014901161194e-01,2.008898928761482239e-02,2.638818323612213135e-01,1.272020339965820312e+00,5.758929997682571411e-02,4.931000000000000000e+03,5.343282714843750000e+03
5.000000074505805969e-02,5.000000074505805969e-02,-2.257049269974231720e-02,6.643899679183959961e-01,1.254696130752563477e+00,5.811323225498199463e-02,4.628000000000000000e+03,5.699670898437500000e+03
5.000000074505805969e-02,4.482004791498184204e-02,-9.212255477905273438e-02,2.415793687105178833e-01,1.273550629615783691e+00,6.053428724408149719e-02,4.970000000000000000e+03,5.149021484375000000e+03
3.975010663270950317e-02,4.482004791498184204e-02,4.127008020877838135e-01,-1.565580256283283234e-02,1.272755026817321777e+00,6.101644039154052734e-02,5.155000000000000000e+03,5.600996093750000000e+03
3.489103168249130249e-02,5.000000074505805969e-02,9.521434456110000610e-02,-2.760544419288635254e-03,1.283757686614990234e+00,6.001232936978340149e-02,4.641000000000000000e+03,4.658960937500000000e+03
-5.000000074505805969e-02,-5.000000074505805969e-02,-7.727926969528198242e-02,-1.777224987745285034e-02,1.266023278236389160e+00,5.981291085481643677e-02,3.501000000000000000e+03,3.504936767578125000e+03
-5.179951898753643036e-03,4.482004791498184204e-02,3.896436691284179688e-01,9.726321697235107422e-02,1.260281801223754883e+00,6.144997850060462952e-02,5.028000000000000000e+03,5.519098632812500000e+03
1.764043420553207397e-01,2.145627290010452271e-01,1.491736322641372681e-01,3.987679481506347656e-01,8.103275299072265625e-01,6.400281190872192383e-02,2.963000000000000000e+03,3.117647705078125000e+03
0.000000000000000000e+00,0.000000000000000000e+00,2.735441029071807861e-01,3.211770057678222656e-01,1.265168309211730957e+00,5.883259698748588562e-02,4.889000000000000000e+03,5.419742675781250000e+03
-5.000000074505805969e-02,3.815837576985359192e-02,-8.109267801046371460e-03,-5.785419791936874390e-02,1.275701761245727539e+00,6.807748973369598389e-02,4.572000000000000000e+03,4.602726562500000000e+03
5.000000074505805969e-02,0.000000000000000000e+00,-2.293403297662734985e-01,2.845387458801269531e-01,1.222601413726806641e+00,5.236603319644927979e-02,5.172000000000000000e+03,5.709090820312500000e+03
0.000000000000000000e+00,3.975010663270950317e-02,1.103469356894493103e-01,9.127462655305862427e-02,1.274173736572265625e+00,5.069654434919357300e-02,3.942000000000000000e+03,3.977763916015625000e+03
5.000000074505805969e-02,-5.000000074505805969e-02,2.947918474674224854e-01,4.937491416931152344e-01,1.270746946334838867e+00,5.957248806953430176e-02,5.171000000000000000e+03,6.257343750000000000e+03
5.000000074505805969e-02,-5.000000074505805969e-02,2.672936022281646729e-02,7.646772265434265137e-02,8.316715359687805176e-01,6.887696683406829834e-02,2.733000000000000000e+03,2.797930175781250000e+03
0.000000000000000000e+00,0.000000000000000000e+00,1.834592819213867188e-01,4.935202896595001221e-01,1.250020623207092285e+00,5.876122415065765381e-02,4.850000000000000000e+03,5.679743164062500000e+03
-5.000000074505805969e-02,5.000000074505805969e-02,-1.216933131217956543e-02,-1.938880421221256256e-03,1.254153251647949219e+00,6.353947520256042480e-02,4.801000000000000000e+03,4.813544433593750000e+03
-2.000000029802322388e-01,-3.000000119209289551e-01,1.331070363521575928e-01,-1.224368624389171600e-02,9.565579295158386230e-01,6.860721111297607422e-02,2.863000000000000000e+03,3.442437500000000000e+03
0.000000000000000000e+00,1.764043420553207397e-01,-3.359436616301536560e-02,-3.187699988484382629e-02,1.007072210311889648e+00,7.531306892633438110e-02,3.798000000000000000e+03,3.963333496093750000e+03
0.000000000000000000e+00,5.000000074505805969e-02,-1.450547575950622559e-01,7.310930639505386353e-02,1.269086360931396484e+00,5.560361966490745544e-02,4.511000000000000000e+03,4.570996582031250000e+03
5.000000074505805969e-02,5.000000074505805969e-02,-9.498106688261032104e-02,1.436169892549514771e-01,1.256023883819580078e+00,6.322908401489257812e-02,4.826000000000000000e+03,4.916873535156250000e+03
-2.106863260269165039e-02,0.000000000000000000e+00,3.902378380298614502e-01,3.068937361240386963e-01,1.264946699142456055e+00,5.670264363288879395e-02,5.237000000000000000e+03,6.068080078125000000e+03
0.000000000000000000e+00,5.000000074505805969e-02,1.134823858737945557e-01,3.501040041446685791e-01,1.256715297698974609e+00,5.776794627308845520e-02,4.779000000000000000e+03,5.086003906250000000e+03
-1.500000059604644775e-01,0.000000000000000000e+00,-8.145794272422790527e-02,2.245604619383811951e-02,9.205971360206604004e-01,6.962314993143081665e-02,3.548000000000000000e+03,3.569818847656250000e+03
-5.000000074505805969e-02,-5.000000074505805969e-02,3.293555378913879395e-01,1.975761651992797852e-01,1.263766288757324219e+00,5.500536039471626282e-02,4.627000000000000000e+03,5.203894042968750000e+03
9.482004493474960327e-02,-5.000000074505805969e-02,3.168753385543823242e-01,3.487629890441894531e-01,1.135374665260314941e+00,5.998464673757553101e-02,4.435000000000000000e+03,5.125651367187500000e+03
-1.500000059604644775e-01,0.000000000000000000e+00,-1.342056691646575928e-01,-5.338937044143676758e-02,1.169784426689147949e+00,5.920321121811866760e-02,3.790000000000000000e+03,3.798585205078125000e+03
5.000000074505805969e-02,5.000000074505805969e-02,2.082609198987483978e-02,2.067810110747814178e-02,1.261234879493713379e+00,6.329623609781265259e-02,4.608000000000000000e+03,4.613027832031250000e+03
-1.102498918771743774e-01,0.000000000000000000e+00,2.871429324150085449e-01,-1.660682559013366699e-01,1.113577365875244141e+00,6.808052957057952881e-02,4.328000000000000000e+03,4.955122070312500000e+03
-1.000000014901161194e-01,0.000000000000000000e+00,-4.685898721218109131e-01,2.172623872756958008e-01,1.221670269966125488e+00,5.844657123088836670e-02,4.546000000000000000e+03,5.088884765625000000e+03
-5.179951898753643036e-03,0.000000000000000000e+00,6.821929011493921280e-03,2.955190464854240417e-02,1.282831430435180664e+00,5.966677889227867126e-02,5.438000000000000000e+03,5.441402343750000000e+03
3.815837576985359192e-02,0.000000000000000000e+00,6.384031176567077637e-01,2.368784993886947632e-01,1.276014447212219238e+00,5.389752238988876343e-02,5.041000000000000000e+03,6.266897460937500000e+03
0.000000000000000000e+00,0.000000000000000000e+00,-1.465430855751037598e-01,1.167999356985092163e-01,1.278575778007507324e+00,5.788191407918930054e-02,5.290000000000000000e+03,5.403041015625000000e+03
-1.500000059604644775e-01,2.514390051364898682e-01,9.350467473268508911e-02,1.089376881718635559e-01,9.305462837219238281e-01,6.555712223052978516e-02,2.908000000000000000e+03,3.169352294921875000e+03
9.482004493474960327e-02,5.000000074505805969e-02,3.590391576290130615e-01,3.441317379474639893e-01,1.023740530014038086e+00,6.206757947802543640e-02,4.017000000000000000e+03,4.596844726562500000e+03
2.145627290010452271e-01,-5.000000074505805969e-02,4.579436779022216797e-01,1.859422177076339722e-01,1.093329668045043945e+00,7.381366938352584839e-02,4.296000000000000000e+03,4.700270019531250000e+03
0.000000000000000000e+00,-1.210686340928077698e-01,7.938022166490554810e-02,-9.917946904897689819e-02,1.239525437355041504e+00,6.182666495442390442e-02,4.803000000000000000e+03,4.824083007812500000e+03
1.247640922665596008e-01,0.000000000000000000e+00,-3.577575385570526123e-01,9.801553189754486084e-02,1.249544739723205566e+00,6.276664137840270996e-02,4.839000000000000000e+03,5.564572265625000000e+03
0.000000000000000000e+00,0.000000000000000000e+00,-7.092654705047607422e-02,9.038671851158142090e-02,1.282167792320251465e+00,6.117129698395729065e-02,4.847000000000000000e+03,4.885934570312500000e+03
0.000000000000000000e+00,0.000000000000000000e+00,2.697757817804813385e-02,3.719367682933807373e-01,1.269978523254394531e+00,5.661860853433609009e-02,4.118000000000000000e+03,4.466762207031250000e+03
3.975010663270950317e-02,2.872454822063446045e-01,-3.237421214580535889e-01,1.220951750874519348e-01,8.218221664428710938e-01,7.116226106882095337e-02,3.074000000000000000e+03,3.764770996093750000e+03
9.482004493474960327e-02,-1.102498918771743774e-01,3.120373785495758057e-01,2.571303248405456543e-01,1.107434988021850586e+00,6.617697328329086304e-02,3.995000000000000000e+03,4.569474121093750000e+03
-1.024989411234855652e-02,0.000000000000000000e+00,-4.325046017765998840e-02,1.750544607639312744e-01,1.266576051712036133e+00,5.962394550442695618e-02,4.722000000000000000e+03,4.815050781250000000e+03
0.000000000000000000e+00,-1.000000014901161194e-01,-9.143824572674930096e-04,3.145625293254852295e-01,1.249762296676635742e+00,6.340954452753067017e-02,4.616000000000000000e+03,5.111099609375000000e+03
-5.000000074505805969e-02,-5.000000074505805969e-02,3.075296618044376373e-02,1.624140888452529907e-02,1.277897953987121582e+00,6.045216694474220276e-02,5.109000000000000000e+03,5.142910644531250000e+03
-5.000000074505805969e-02,-1.102498918771743774e-01,-4.634840786457061768e-02,6.582109630107879639e-02,1.234582066535949707e+00,6.258088350296020508e-02,4.685000000000000000e+03,4.780114257812500000e+03
3.221365213394165039e-01,5.000000074505805969e-02,3.686113357543945312e-01,2.835247218608856201e-01,8.472568392753601074e-01,7.769830524921417236e-02,3.315000000000000000e+03,3.572459472656250000e+03
-2.500000000000000000e-01,0.000000000000000000e+00,-1.114184856414794922e-01,8.146669715642929077e-02,1.180698871612548828e+00,5.734309926629066467e-02,5.110000000000000000e+03,5.204025390625000000e+03
0.000000000000000000e+00,0.000000000000000000e+00,-3.623045384883880615e-01,5.192396789789199829e-02,1.190155625343322754e+00,6.817671656608581543e-02,4.715000000000000000e+03,5.151368652343750000e+03
4.482004791498184204e-02,5.000000074505805969e-02,-1.198086440563201904e-01,2.508284151554107666e-01,1.102561593055725098e+00,6.250156462192535400e-02,4.616000000000000000e+03,4.869192871093750000e+03
-1.024989411234855652e-02,0.000000000000000000e+00,-5.972170829772949219e-01,-1.635801345109939575e-01,1.282226204872131348e+00,5.559552460908889771e-02,4.478000000000000000e+03,5.443682128906250000e+03
0.000000000000000000e+00,0.000000000000000000e+00,-5.892733484506607056e-02,2.437658309936523438e-01,1.272470474243164062e+00,5.484366789460182190e-02,4.944000000000000000e+03,5.134709960937500000e+03
0.000000000000000000e+00,0.000000000000000000e+00,1.449718722142279148e-03,-2.935998141765594482e-02,1.285222768783569336e+00,5.567712336778640747e-02,3.861000000000000000e+03,3.863044433593750000e+03
0.000000000000000000e+00,-1.000000014901161194e-01,-8.909963816404342651e-02,3.510481417179107666e-01,1.267438173294067383e+00,6.130854785442352295e-02,5.304000000000000000e+03,5.980935546875000000e+03
-2.000000029802322388e-01,2.872454822063446045e-01,9.465405717492103577e-03,3.628277182579040527e-01,7.631831169128417969e-01,7.675891369581222534e-02,2.425000000000000000e+03,2.627755126953125000e+03
5.000000074505805969e-02,5.000000074505805969e-02,-4.347772300243377686e-01,1.445952355861663818e-01,1.238584876060485840e+00,5.559154972434043884e-02,5.096000000000000000e+03,5.877676269531250000e+03
3.815837576985359192e-02,-2.000000029802322388e-01,-2.146728634834289551e-01,6.509541720151901245e-02,8.825265765190124512e-01,6.281160563230514526e-02,3.881000000000000000e+03,4.525336425781250000e+03
-1.500000059604644775e-01,9.482004493474960327e-02,2.464106678962707520e-01,1.863085925579071045e-01,9.686235785484313965e-01,6.502197682857513428e-02,3.496000000000000000e+03,4.089632324218750000e+03
-5.179951898753643036e-03,0.000000000000000000e+00,5.061554722487926483e-03,2.676845341920852661e-02,1.267618179321289062e+00,5.700635537505149841e-02,4.245000000000000000e+03,4.247150878906250000e+03
9.482004493474960327e-02,2.145627290010452271e-01,3.626322746276855469e-02,-8.356303721666336060e-02,1.135735392570495605e+00,5.950263887643814087e-02,4.413000000000000000e+03,4.723749511718750000e+03
0.000000000000000000e+00,-1.000000014901161194e-01,1.739213168621063232e-01,8.128579705953598022e-02,1.200561285018920898e+00,5.873401835560798645e-02,4.857000000000000000e+03,5.067300292968750000e+03
2.872454822063446045e-01,2.872454822063446045e-01,1.527155190706253052e-01,4.504796564579010010e-01,1.080026865005493164e+00,6.240071356296539307e-02,3.407000000000000000e+03,3.536213378906250000e+03
-1.834094338119029999e-02,4.862083792686462402e-01,-4.842138290405273438e-02,2.929464280605316162e-01,5.778043270111083984e-01,7.290780544281005859e-02,1.576000000000000000e+03,1.751948852539062500e+03
-8.165807463228702545e-03,-1.024989411234855652e-02,-3.814650326967239380e-02,5.331992357969284058e-02,1.237769961357116699e+00,5.978087708353996277e-02,4.598000000000000000e+03,4.612760742187500000e+03
5.000000074505805969e-02,1.282061040401458740e-01,3.321194648742675781e-01,2.504379749298095703e-01,1.231933355331420898e+00,6.232680752873420715e-02,4.971000000000000000e+03,5.275684082031250000e+03
0.000000000000000000e+00,0.000000000000000000e+00,1.283479928970336914e-01,-2.042429149150848389e-02,1.286184668540954590e+00,5.850261449813842773e-02,4.963000000000000000e+03,5.013517578125000000e+03
-5.000000074505805969e-02,5.000000074505805969e-02,-8.040555566549301147e-02,8.920691907405853271e-02,1.268591284751892090e+00,6.402954459190368652e-02,4.543000000000000000e+03,4.549928222656250000e+03
0.000000000000000000e+00,-5.000000074505805969e-02,-1.015736162662506104e-01,1.710063032805919647e-02,1.231976389884948730e+00,5.065631866455078125e-02,4.062000000000000000e+03,4.101681152343750000e+03
-5.000000074505805969e-02,1.366542428731918335e-01,4.625578597187995911e-02,1.741725951433181763e-01,1.192534446716308594e+00,5.616457387804985046e-02,4.069000000000000000e+03,4.099490234375000000e+03
9.482004493474960327e-02,5.000000074505805969e-02,5.761487782001495361e-02,6.252875179052352905e-02,1.269001483917236328e+00,5.903191864490509033e-02,4.209000000000000000e+03,4.213051757812500000e+03
-5.179951898753643036e-03,-5.000000074505805969e-02,-3.835586905479431152e-01,1.512303352355957031e-01,1.258531928062438965e+00,5.381190031766891479e-02,4.944000000000000000e+03,5.502599121093750000e+03
5.000000074505805969e-02,0.000000000000000000e+00,-4.166519343852996826e-01,-5.228269472718238831e-02,1.267245888710021973e+00,6.112504750490188599e-02,4.737000000000000000e+03,5.367875488281250000e+03
-1.500000059604644775e-01,2.145627290010452271e-01,-1.950904428958892822e-01,3.386687636375427246e-01,9.456443786621093750e-01,6.557761132717132568e-02,3.020000000000000000e+03,3.078622558593750000e+03
5.000000074505805969e-02,-5.000000074505805969e-02,8.600366860628128052e-02,-6.084131076931953430e-02,1.200648307800292969e+00,6.666361540555953979e-02,4.822000000000000000e+03,4.826792968750000000e+03
9.482004493474960327e-02,-1.312371436506509781e-02,8.449642360210418701e-02,-1.673422381281852722e-02,1.201478600502014160e+00,5.916376784443855286e-02,4.086000000000000000e+03,4.086331054687500000e+03
-2.000000029802322388e-01,9.482004493474960327e-02,-2.995913326740264893e-01,3.609673380851745605e-01,1.061165928840637207e+00,7.622258365154266357e-02,3.875000000000000000e+03,4.147865234375000000e+03
5.000000074505805969e-02,5.000000074505805969e-02,1.196624934673309326e-01,-7.725341618061065674e-02,1.223088860511779785e+00,5.544528365135192871e-02,3.607000000000000000e+03,3.657594970703125000e+03
3.275320306420326233e-02,7.994404435157775879e-02,-3.001439757645130157e-02,-1.599612832069396973e-01,1.169094443321228027e+00,5.881213024258613586e-02,4.365000000000000000e+03,4.559122558593750000e+03
0.000000000000000000e+00,0.000000000000000000e+00,-1.469520479440689087e-01,4.893261194229125977e-01,1.278345704078674316e+00,5.712284892797470093e-02,5.327000000000000000e+03,6.150313964843750000e+03
-1.000000014901161194e-01,1.366542428731918335e-01,-2.384633570909500122e-01,1.046610474586486816e-01,5.507546663284301758e-01,7.907357811927795410e-02,1.561000000000000000e+03,1.663159912109375000e+03
-2.000000029802322388e-01,9.482004493474960327e-02,-1.297812908887863159e-01,2.080891132354736328e-01,1.010302662849426270e+00,8.681573718786239624e-02,3.445000000000000000e+03,3.504532714843750000e+03
5.000000074505805969e-02,9.482004493474960327e-02,2.214538007974624634e-01,1.664100140333175659e-01,1.272579073905944824e+00,6.268268078565597534e-02,4.515000000000000000e+03,4.610783691406250000e+03
5.000000074505805969e-02,-1.000000014901161194e-01,4.145510122179985046e-02,1.235669404268264771e-01,1.208618879318237305e+00,5.387289449572563171e-02,5.161000000000000000e+03,5.336326171875000000e+03
-5.000000074505805969e-02,0.000000000000000000e+00,-5.395699292421340942e-02,1.024193689227104187e-01,1.265781044960021973e+00,5.837700515985488892e-02,4.056000000000000000e+03,4.082586181640625000e+03
1.764043420553207397e-01,1.715452671051025391e-01,1.072809323668479919e-01,2.417855113744735718e-01,1.202988386154174805e+00,6.515309959650039673e-02,5.041000000000000000e+03,5.074878417968750000e+03
0.000000000000000000e+00,-5.000000074505805969e-02,7.803510129451751709e-02,5.245515704154968262e-01,1.277798533439636230e+00,6.128095835447311401e-02,5.131000000000000000e+03,6.142691894531250000e+03
0.000000000000000000e+00,-1.000000014901161194e-01,-2.885256707668304443e-01,1.690309196710586548e-01,1.244649767875671387e+00,5.722424760460853577e-02,4.932000000000000000e+03,5.415708496093750000e+03
5.000000074505805969e-02,0.000000000000000000e+00,-1.282931864261627197e-02,-4.864851944148540497e-03,1.276491403579711914e+00,6.155690550804138184e-02,4.478000000000000000e+03,4.488796875000000000e+03
9.482004493474960327e-02,9.482004493474960327e-02,-1.646838188171386719e-01,2.344924211502075195e-01,1.146408200263977051e+00,5.660391971468925476e-02,4.511000000000000000e+03,4.804857910156250000e+03
0.000000000000000000e+00,-5.000000074505805969e-02,-1.330413967370986938e-01,4.046183228492736816e-01,1.278880357742309570e+00,5.853452906012535095e-02,4.622000000000000000e+03,5.237559570312500000e+03
0.000000000000000000e+00,0.000000000000000000e+00,1.011246964335441589e-01,3.738647699356079102e-01,1.166819810867309570e+00,4.925495013594627380e-02,4.760000000000000000e+03,5.270544433593750000e+03
0.000000000000000000e+00,0.000000000000000000e+00,8.879232406616210938e-02,2.307116612792015076e-02,1.286348104476928711e+00,6.156281754374504089e-02,5.386000000000000000e+03,5.413393066406250000e+03
-5.179951898753643036e-03,5.000000074505805969e-02,-4.260641336441040039e-02,-1.392173618078231812e-01,1.236546158790588379e+00,7.430301606655120850e-02,4.478000000000000000e+03,4.586604003906250000e+03
3.489103168249130249e-02,-5.000000074505805969e-02,-1.135655045509338379e-01,1.716865748167037964e-01,1.268139719963073730e+00,6.350876390933990479e-02,4.889000000000000000e+03,5.102970703125000000e+03
5.000000074505805969e-02,-2.500000000000000000e-01,5.316319875419139862e-03,5.805470794439315796e-02,1.050056576728820801e+00,5.776248127222061157e-02,3.983000000000000000e+03,4.326135253906250000e+03
-2.000000029802322388e-01,-5.000000074505805969e-02,-2.117079198360443115e-01,2.298594638705253601e-02,9.877023696899414062e-01,5.637004971504211426e-02,3.292000000000000000e+03,3.310450927734375000e+03
-5.000000074505805969e-02,9.482004493474960327e-02,-1.621674597263336182e-01,6.609231829643249512e-01,1.175129652023315430e+00,6.788732856512069702e-02,3.932000000000000000e+03,4.835688964843750000e+03
5.000000074505805969e-02,3.580648824572563171e-02,-1.858350634574890137e-01,-4.095081984996795654e-02,1.234840750694274902e+00,6.341069936752319336e-02,4.754000000000000000e+03,4.943638183593750000e+03
-3.499999940395355225e-01,5.000000074505805969e-02,-9.781394153833389282e-02,-2.403004467487335205e-01,1.089922666549682617e+00,6.783519685268402100e-02,4.160000000000000000e+03,4.662680175781250000e+03
0.000000000000000000e+00,3.338605910539627075e-02,6.515999138355255127e-02,2.024838626384735107e-01,1.271174192428588867e+00,5.565783008933067322e-02,4.772000000000000000e+03,4.868165039062500000e+03
-5.000000074505805969e-02,-5.000000074505805969e-02,-2.458445131778717041e-01,4.753890633583068848e-01,1.262333631515502930e+00,5.814211070537567139e-02,4.899000000000000000e+03,5.826118164062500000e+03
5.000000074505805969e-02,-5.000000074505805969e-02,-6.698457524180412292e-03,1.302479356527328491e-01,1.262354016304016113e+00,6.203478574752807617e-02,4.194000000000000000e+03,4.287557617187500000e+03
5.000000074505805969e-02,0.000000000000000000e+00,-9.929872304201126099e-02,4.467795789241790771e-01,1.274943590164184570e+00,5.490695685148239136e-02,5.179000000000000000e+03,5.866083984375000000e+03
5.000000074505805969e-02,9.482004493474960327e-02,2.589664161205291748e-01,-8.621668070554733276e-02,1.224165081977844238e+00,6.444936990737915039e-02,5.162000000000000000e+03,5.422070312500000000e+03
0.000000000000000000e+00,-5.000000074505805969e-02,2.911206334829330444e-02,-1.417467445135116577e-01,1.276227593421936035e+00,5.739776045083999634e-02,4.979000000000000000e+03,5.007286132812500000e+03
5.000000074505805969e-02,0.000000000000000000e+00,2.461936026811599731e-01,-6.600974500179290771e-02,1.274379491806030273e+00,5.715138837695121765e-02,5.227000000000000000e+03,5.364417968750000000e+03
0.000000000000000000e+00,2.453003376722335815e-01,8.631201833486557007e-02,1.096490770578384399e-01,1.187255501747131348e+00,5.908532813191413879e-02,4.134000000000000000e+03,4.209479492187500000e+03
-1.312371436506509781e-02,0.000000000000000000e+00,1.899307817220687866e-01,1.757641695439815521e-02,1.269850850105285645e+00,5.236080288887023926e-02,4.996000000000000000e+03,5.123900878906250000e+03
1.366542428731918335e-01,-2.005595900118350983e-02,6.924957782030105591e-02,6.725428998470306396e-02,1.212368249893188477e+00,6.012139469385147095e-02,3.759000000000000000e+03,3.789886962890625000e+03
9.482004493474960327e-02,0.000000000000000000e+00,2.599304616451263428e-01,1.221664473414421082e-01,1.195670843124389648e+00,5.451429635286331177e-02,5.076000000000000000e+03,5.224916503906250000e+03
-1.724679581820964813e-02,-5.000000074505805969e-02,-1.166257355362176895e-02,-6.010793149471282959e-02,1.284986138343811035e+00,5.809377506375312805e-02,4.589000000000000000e+03,4.589371582031250000e+03
5.000000074505805969e-02,-1.000000014901161194e-01,2.876912057399749756e-01,4.110857099294662476e-02,1.273532629013061523e+00,6.644230335950851440e-02,4.475000000000000000e+03,4.683690917968750000e+03
5.000000074505805969e-02,1.366542428731918335e-01,-2.016146034002304077e-01,2.257327139377593994e-01,1.264651894569396973e+00,6.013885140419006348e-02,4.849000000000000000e+03,5.062358398437500000e+03
0.000000000000000000e+00,0.000000000000000000e+00,2.406252026557922363e-01,2.358983084559440613e-02,1.272026896476745605e+00,6.080228835344314575e-02,5.407000000000000000e+03,5.600637695312500000e+03
3.687628731131553650e-02,9.482004493474960327e-02,2.636744640767574310e-02,1.285555958747863770e-01,1.243484973907470703e+00,6.185979023575782776e-02,4.610000000000000000e+03,4.613750000000000000e+03
-5.000000074505805969e-02,2.145627290010452271e-01,-2.284446060657501221e-01,-1.406556367874145508e-01,1.218092918395996094e+00,6.024404987692832947e-02,4.783000000000000000e+03,5.279694824218750000e+03
0.000000000000000000e+00,5.000000074505805969e-02,2.752101980149745941e-02,7.447719573974609375e-02,1.273094654083251953e+00,5.600119009613990784e-02,5.048000000000000000e+03,5.052251953125000000e+03
-1.500000059604644775e-01,4.183419048786163330e-02,-8.909547328948974609e-02,-7.906702160835266113e-02,1.153236150741577148e+00,4.581487923860549927e-02,3.844000000000000000e+03,3.896979248046875000e+03
0.000000000000000000e+00,0.000000000000000000e+00,5.367944240570068359e-01,2.081653326749801636e-01,1.279880404472351074e+00,5.185712501406669617e-02,4.614000000000000000e+03,5.510282714843750000e+03
0.000000000000000000e+00,-1.024989411234855652e-02,-8.869800716638565063e-02,5.833458155393600464e-02,1.203722476959228516e+00,6.190435960888862610e-02,4.609000000000000000e+03,4.649037597656250000e+03
1.366542428731918335e-01,0.000000000000000000e+00,1.712897419929504395e-01,-3.691553696990013123e-02,1.240835189819335938e+00,6.045004725456237793e-02,4.639000000000000000e+03,4.646630859375000000e+03
-5.000000074505805969e-02,0.000000000000000000e+00,6.265298277139663696e-02,4.261443912982940674e-01,1.255580186843872070e+00,5.654082074761390686e-02,4.788000000000000000e+03,5.362037597656250000e+03
2.145627290010452271e-01,5.000000074505805969e-02,1.819947920739650726e-02,-1.933760344982147217e-01,1.106936573982238770e+00,6.342252343893051147e-02,4.427000000000000000e+03,4.773849121093750000e+03
3.975010663270950317e-02,5.000000074505805969e-02,9.232011623680591583e-03,4.127982854843139648e-01,1.267562627792358398e+00,5.638047680258750916e-02,4.819000000000000000e+03,5.208250000000000000e+03
5.000000074505805969e-02,5.000000074505805969e-02,1.715069562196731567e-01,8.576815575361251831e-02,1.267816901206970215e+00,5.802214145660400391e-02,4.449000000000000000e+03,4.493368652343750000e+03
0.000000000000000000e+00,-5.000000074505805969e-02,-5.058625712990760803e-02,2.998158037662506104e-01,1.266997694969177246e+00,5.901554599404335022e-02,4.952000000000000000e+03,5.329889648437500000e+03
9.482004493474960327e-02,9.482004493474960327e-02,-2.331019788980484009e-01,1.515203565359115601e-01,1.243912100791931152e+00,5.249002948403358459e-02,3.984000000000000000e+03,4.264540527343750000e+03
5.000000074505805969e-02,0.000000000000000000e+00,9.408978745341300964e-03,2.311276793479919434e-01,1.242573618888854980e+00,6.391318142414093018e-02,4.979000000000000000e+03,5.155248046875000000e+03
-2.000000029802322388e-01,9.482004493474960327e-02,-3.310693800449371338e-01,-5.008523911237716675e-02,7.593485116958618164e-01,1.083688586950302124e-01,2.154000000000000000e+03,2.294317138671875000e+03
0.000000000000000000e+00,0.000000000000000000e+00,-4.884625375270843506e-01,1.958642899990081787e-01,1.271715283393859863e+00,5.803786963224411011e-02,5.234000000000000000e+03,6.096461914062500000e+03
3.073761053383350372e-02,5.000000074505805969e-02,9.605587273836135864e-02,2.210136950016021729e-01,1.253459572792053223e+00,5.869551002979278564e-02,5.099000000000000000e+03,5.207172851562500000e+03
-5.000000074505805969e-02,5.000000074505805969e-02,1.928899884223937988e-01,2.782369256019592285e-01,1.162975072860717773e+00,5.912825092673301697e-02,4.693000000000000000e+03,5.070431152343750000e+03
-2.183409482240676880e-01,8.169633150100708008e-02,-1.550107300281524658e-01,3.471253067255020142e-02,6.803368330001831055e-01,7.173034548759460449e-02,2.447000000000000000e+03,2.479838134765625000e+03
5.000000074505805969e-02,-5.000000074505805969e-02,9.813185781240463257e-02,-2.129012197256088257e-01,1.154257535934448242e+00,5.479440465569496155e-02,3.876000000000000000e+03,3.959425781250000000e+03
3.165905550122261047e-02,0.000000000000000000e+00,2.640543878078460693e-01,4.011801481246948242e-01,1.279816269874572754e+00,5.803279206156730652e-02,5.253000000000000000e+03,5.923426269531250000e+03
0.000000000000000000e+00,5.000000074505805969e-02,2.334138937294483185e-02,3.525768965482711792e-02,1.281158924102783203e+00,5.528778955340385437e-02,4.267000000000000000e+03,4.268974121093750000e+03
5.000000074505805969e-02,0.000000000000000000e+00,-5.604000091552734375e-01,3.921720385551452637e-01,1.267718076705932617e+00,6.007227674126625061e-02,4.684000000000000000e+03,6.125672363281250000e+03
0.000000000000000000e+00,-5.000000074505805969e-02,3.969990834593772888e-02,3.903479278087615967e-01,9.949704408645629883e-01,5.885536223649978638e-02,3.786000000000000000e+03,4.502486816406250000e+03
1.764043420553207397e-01,-1.500000059604644775e-01,3.661004006862640381e-01,1.862345822155475616e-02,1.060701608657836914e+00,6.284800916910171509e-02,4.766000000000000000e+03,5.035216796875000000e+03
4.223684668540954590e-01,5.000000074505805969e-02,4.231506884098052979e-01,2.644759118556976318e-01,1.019344568252563477e+00,6.428191065788269043e-02,3.341000000000000000e+03,3.487221435546875000e+03
1.764043420553207397e-01,5.000000074505805969e-02,1.927628219127655029e-01,3.266747891902923584e-01,9.387272000312805176e-01,6.013020500540733337e-02,4.303000000000000000e+03,4.670557128906250000e+03
5.000000074505805969e-02,-1.500000059604644775e-01,7.347071915864944458e-02,2.113634049892425537e-01,1.257118701934814453e+00,7.140928506851196289e-02,4.908000000000000000e+03,5.307887207031250000e+03
-5.000000074505805969e-02,0.000000000000000000e+00,4.001029431819915771e-01,7.320532109588384628e-03,1.283011078834533691e+00,5.938939750194549561e-02,4.913000000000000000e+03,5.502023925781250000e+03
1.366542428731918335e-01,2.145627290010452271e-01,8.328754454851150513e-03,-2.408700995147228241e-02,1.050049066543579102e+00,5.453675240278244019e-02,3.565000000000000000e+03,3.798312011718750000e+03
-1.641935110092163086e-01,2.514390051364898682e-01,-1.417968869209289551e-01,5.290741324424743652e-01,1.005551934242248535e+00,6.949971616268157959e-02,3.427000000000000000e+03,3.685071777343750000e+03
3.338605910539627075e-02,3.580648824572563171e-02,4.398969188332557678e-02,9.225361794233322144e-02,1.280596256256103516e+00,5.995912477374076843e-02,4.928000000000000000e+03,4.938014648437500000e+03
-6.590732932090759277e-02,0.000000000000000000e+00,1.335612237453460693e-01,-1.027871817350387573e-01,1.248919606208801270e+00,5.745288357138633728e-02,5.125000000000000000e+03,5.288961425781250000e+03
9.482004493474960327e-02,0.000000000000000000e+00,-3.985168933868408203e-01,1.466754823923110962e-01,1.275145053863525391e+00,5.709893256425857544e-02,5.105000000000000000e+03,5.909043945312500000e+03
2.503692209720611572e-01,-5.000000074505805969e-02,2.781659364700317383e-02,2.547758519649505615e-01,1.036309003829956055e+00,1.042151898145675659e-01,3.130000000000000000e+03,3.532588134765625000e+03
0.000000000000000000e+00,-5.000000074505805969e-02,7.526337634772062302e-03,1.419724375009536743e-01,1.120787858963012695e+00,6.342973560094833374e-02,4.287000000000000000e+03,4.411978027343750000e+03
0.000000000000000000e+00,0.000000000000000000e+00,-3.728834167122840881e-02,8.335791528224945068e-02,1.279915690422058105e+00,5.241574347019195557e-02,4.901000000000000000e+03,4.925926269531250000e+03
0.000000000000000000e+00,0.000000000000000000e+00,3.362555503845214844e-01,1.984941400587558746e-02,1.278180241584777832e+00,5.524471402168273926e-02,5.113000000000000000e+03,5.461765625000000000e+03
5.000000074505805969e-02,-5.000000074505805969e-02,2.858197987079620361e-01,3.458110615611076355e-02,1.261768698692321777e+00,6.232172623276710510e-02,5.199000000000000000e+03,5.401812011718750000e+03
-5.000000074505805969e-02,0.000000000000000000e+00,-5.317766666412353516e-01,6.211263686418533325e-02,1.081393361091613770e+00,7.998519390821456909e-02,3.443000000000000000e+03,4.109322753906250000e+03
-5.179951898753643036e-03,9.482004493474960327e-02,-3.446526527404785156e-01,-9.918829798698425293e-02,1.252092123031616211e+00,6.529213488101959229e-02,5.121000000000000000e+03,5.608941406250000000e+03
-1.000000014901161194e-01,1.366542428731918335e-01,-3.536387160420417786e-02,9.419375658035278320e-02,1.234056830406188965e+00,6.091525405645370483e-02,5.476000000000000000e+03,5.497538085937500000e+03
-5.000000074505805969e-02,9.482004493474960327e-02,2.761244773864746094e-01,1.151326596736907959e-01,1.270925164222717285e+00,6.342458724975585938e-02,5.025000000000000000e+03,5.352341308593750000e+03
0.000000000000000000e+00,0.000000000000000000e+00,-2.019678801298141479e-01,3.028148114681243896e-01,1.209213852882385254e+00,7.883217930793762207e-02,4.248000000000000000e+03,4.624986328125000000e+03
8.409266918897628784e-02,5.000000074505805969e-02,2.205320168286561966e-03,-1.742406338453292847e-01,1.257882714271545410e+00,5.974449962377548218e-02,5.230000000000000000e+03,5.416213867187500000e+03
0.000000000000000000e+00,-1.000000014901161194e-01,-4.398719221353530884e-02,1.524555981159210205e-01,1.202643990516662598e+00,5.694624036550521851e-02,4.193000000000000000e+03,4.381464843750000000e+03
5.000000074505805969e-02,0.000000000000000000e+00,-1.413954794406890869e-01,1.168534532189369202e-01,1.276531815528869629e+00,6.103112921118736267e-02,5.624000000000000000e+03,5.796365722656250000e+03
9.482004493474960327e-02,1.366542428731918335e-01,4.519911948591470718e-03,-1.450231075286865234e-01,1.253006219863891602e+00,6.528912484645843506e-02,4.716000000000000000e+03,4.975953613281250000e+03
-1.000000014901161194e-01,0.000000000000000000e+00,3.739780187606811523e-01,4.143009893596172333e-03,1.222287297248840332e+00,5.634231120347976685e-02,4.145000000000000000e+03,4.747897460937500000e+03
3.562291860580444336e-01,4.862083792686462402e-01,3.996696323156356812e-02,3.419581353664398193e-01,8.763699531555175781e-01,8.125992119312286377e-02,2.985000000000000000e+03,3.439416259765625000e+03
5.000000074505805969e-02,5.000000074505805969e-02,1.403525471687316895e-01,-1.050357222557067871e-01,1.269044518470764160e+00,5.643917620182037354e-02,5.366000000000000000e+03,5.472536132812500000e+03
5.000000074505805969e-02,-5.000000074505805969e-02,3.733865171670913696e-02,-1.399163305759429932e-01,1.281751871109008789e+00,6.058561429381370544e-02,4.226000000000000000e+03,4.247188964843750000e+03
5.000000074505805969e-02,-1.102498918771743774e-01,-4.864869713783264160e-01,1.330019682645797729e-01,1.198728203773498535e+00,5.615141987800598145e-02,4.760000000000000000e+03,5.853987792968750000e+03
-5.000000074505805969e-02,1.244056150317192078e-01,1.826652884483337402e-01,1.473103016614913940e-01,9.816141724586486816e-01,5.905562639236450195e-02,3.735000000000000000e+03,3.943929443359375000e+03
-1.000000014901161194e-01,0.000000000000000000e+00,1.017786785960197449e-01,3.133018910884857178e-01,1.265624403953552246e+00,6.271138042211532593e-02,5.081000000000000000e+03,5.513163574218750000e+03
5.000000074505805969e-02,0.000000000000000000e+00,4.178831875324249268e-01,8.771757036447525024e-02,1.280131101608276367e+00,5.343197658658027649e-02,5.257000000000000000e+03,5.706046386718750000e+03
2.145627290010452271e-01,-1.500000059604644775e-01,-6.476595252752304077e-02,-2.931517362594604492e-01,1.055428147315979004e+00,6.772574037313461304e-02,3.300000000000000000e+03,3.585506591796875000e+03
-5.816580727696418762e-02,9.482004493474960327e-02,9.808254241943359375e-02,9.958644956350326538e-02,1.135642766952514648e+00,6.662515550851821899e-02,4.464000000000000000e+03,4.548057128906250000e+03
9.482004493474960327e-02,0.000000000000000000e+00,3.497372940182685852e-02,3.158799111843109131e-01,1.267287373542785645e+00,6.333569437265396118e-02,4.875000000000000000e+03,5.183812988281250000e+03
-5.000000074505805969e-02,5.173884034156799316e-01,5.602995306253433228e-02,1.099228739738464355e+00,8.741770982742309570e-01,3.456802964210510254e-01,1.645400000000000000e+04,2.343826367187500000e+04
5.000000074505805969e-02,-5.000000074505805969e-02,1.901708990335464478e-01,7.006587833166122437e-02,8.810303211212158203e-01,6.570154428482055664e-02,3.435000000000000000e+03,3.584531494140625000e+03
-1.200559586286544800e-01,4.183419048786163330e-02,1.592651903629302979e-01,4.584198594093322754e-01,1.212268590927124023e+00,5.845253914594650269e-02,4.763000000000000000e+03,5.547850097656250000e+03
-2.000000029802322388e-01,5.000000074505805969e-02,1.176628395915031433e-01,-1.928525567054748535e-01,1.233000278472900391e+00,6.608605384826660156e-02,4.613000000000000000e+03,5.086239257812500000e+03
5.000000074505805969e-02,0.000000000000000000e+00,-1.000243946909904480e-01,3.380187451839447021e-01,1.287044644355773926e+00,6.157628074288368225e-02,5.623000000000000000e+03,6.079164550781250000e+03
0.000000000000000000e+00,5.000000074505805969e-02,-1.911563426256179810e-02,2.338376641273498535e-02,1.270166397094726562e+00,6.083001196384429932e-02,5.073000000000000000e+03,5.076433593750000000e+03
-8.165807463228702545e-03,0.000000000000000000e+00,-1.668447852134704590e-01,6.768613457679748535e-01,1.248637557029724121e+00,6.415627896785736084e-02,4.925000000000000000e+03,6.365009277343750000e+03
0.000000000000000000e+00,-5.000000074505805969e-02,3.847875893115997314e-01,3.266204595565795898e-01,1.245875597000122070e+00,5.989703536033630371e-02,5.264000000000000000e+03,6.209459472656250000e+03
-5.000000074505805969e-02,0.000000000000000000e+00,-1.283795684576034546e-01,1.638736277818679810e-01,1.120770454406738281e+00,6.166318058967590332e-02,4.275000000000000000e+03,4.386648925781250000e+03
-1.000000014901161194e-01,6.083970069885253906e-01,1.756053119897842407e-01,4.593097567558288574e-01,8.699985146522521973e-01,9.152319282293319702e-02,2.467000000000000000e+03,2.778203613281250000e+03
0.000000000000000000e+00,9.482004493474960327e-02,1.220478340983390808e-01,-2.186304889619350433e-02,1.200953125953674316e+00,6.268142908811569214e-02,4.328000000000000000e+03,4.413286621093750000e+03
0.000000000000000000e+00,5.000000074505805969e-02,-5.000022053718566895e-02,6.152354925870895386e-02,1.248193502426147461e+00,5.885755270719528198e-02,4.685000000000000000e+03,4.692898925781250000e+03
-1.000000014901161194e-01,-1.000000014901161194e-01,1.257341206073760986e-01,-1.327986866235733032e-01,1.226460218429565430e+00,7.832642644643783569e-02,3.678000000000000000e+03,3.804433105468750000e+03
-1.000000014901161194e-01,1.764043420553207397e-01,-3.532506823539733887e-01,1.217994019389152527e-01,1.171394586563110352e+00,6.485165655612945557e-02,4.135000000000000000e+03,4.334972167968750000e+03
0.000000000000000000e+00,0.000000000000000000e+00,4.379393756389617920e-01,9.769877791404724121e-02,1.276664257049560547e+00,4.452062770724296570e-02,4.924000000000000000e+03,5.516667480468750000e+03
-2.000000029802322388e-01,2.872454822063446045e-01,2.927471101284027100e-01,5.038365721702575684e-01,1.067738652229309082e+00,6.327150017023086548e-02,3.885000000000000000e+03,4.822666992187500000e+03
0.000000000000000000e+00,-1.184162404388189316e-02,-3.463133275508880615e-01,5.109947919845581055e-02,1.276620149612426758e+00,5.346405878663063049e-02,5.119000000000000000e+03,5.501085449218750000e+03
1.764043420553207397e-01,-1.500000059604644775e-01,2.627748847007751465e-01,2.594586312770843506e-01,1.011253237724304199e+00,7.129009068012237549e-02,4.006000000000000000e+03,4.666111328125000000e+03
0.000000000000000000e+00,-1.000000014901161194e-01,1.117390245199203491e-01,4.426080584526062012e-01,1.251363158226013184e+00,5.975864082574844360e-02,4.496000000000000000e+03,5.340525878906250000e+03
0.000000000000000000e+00,3.409266844391822815e-02,6.980510354042053223e-01,2.092371284961700439e-01,1.268435239791870117e+00,5.859794095158576965e-02,4.818000000000000000e+03,6.277555175781250000e+03
-5.000000074505805969e-02,-1.000000014901161194e-01,-6.660125404596328735e-02,7.922129333019256592e-02,1.095483183860778809e+00,5.788130685687065125e-02,3.902000000000000000e+03,4.006628173828125000e+03
0.000000000000000000e+00,0.000000000000000000e+00,-3.268038630485534668e-01,1.085911467671394348e-01,1.277048110961914062e+00,5.342628434300422668e-02,5.354000000000000000e+03,5.736150878906250000e+03
-1.000000014901161194e-01,9.482004493474960327e-02,-4.887013509869575500e-02,3.044880330562591553e-01,1.237103223800659180e+00,6.533053517341613770e-02,5.163000000000000000e+03,5.319285644531250000e+03
9.482004493474960327e-02,3.489103168249130249e-02,6.823073625564575195e-01,2.894834578037261963e-01,1.209403872489929199e+00,6.429307907819747925e-02,4.293000000000000000e+03,5.432415039062500000e+03
-3.000000119209289551e-01,-5.000000074505805969e-02,-1.927912086248397827e-01,2.748600840568542480e-01,1.044947981834411621e+00,6.661266088485717773e-02,3.513000000000000000e+03,3.880778564453125000e+03
-3.000000119209289551e-01,-1.000000014901161194e-01,-4.713934287428855896e-02,-1.510964632034301758e-01,1.116558909416198730e+00,5.904743820428848267e-02,4.245000000000000000e+03,4.468787109375000000e+03
-1.926239021122455597e-02,-5.000000074505805969e-02,2.520913444459438324e-02,3.008562028408050537e-01,1.277632713317871094e+00,6.074649468064308167e-02,5.051000000000000000e+03,5.431368164062500000e+03
1.764043420553207397e-01,5.000000074505805969e-02,2.637296319007873535e-01,3.724407404661178589e-02,9.654124975204467773e-01,5.483974888920783997e-02,3.330000000000000000e+03,3.357671386718750000e+03
9.482004493474960327e-02,4.183419048786163330e-02,1.908226460218429565e-01,1.551222205162048340e-01,1.244725465774536133e+00,6.700251251459121704e-02,3.307000000000000000e+03,3.353794189453125000e+03
-5.000000074505805969e-02,1.764043420553207397e-01,-6.610312964767217636e-03,-3.863989561796188354e-02,1.234887361526489258e+00,6.115559861063957214e-02,4.843000000000000000e+03,4.995129394531250000e+03
5.000000074505805969e-02,-1.881999336183071136e-02,2.608879804611206055e-01,2.165882289409637451e-02,1.265453696250915527e+00,6.486219167709350586e-02,3.807000000000000000e+03,3.915892089843750000e+03
1.764043420553207397e-01,0.000000000000000000e+00,2.863638401031494141e-01,1.354308128356933594e-01,1.135023713111877441e+00,6.108095869421958923e-02,4.531000000000000000e+03,4.637166503906250000e+03
9.482004493474960327e-02,0.000000000000000000e+00,-1.558459699153900146e-01,4.992203414440155029e-01,1.162990331649780273e+00,6.428101658821105957e-02,4.348000000000000000e+03,5.303347167968750000e+03
-5.000000074505805969e-02,1.366542428731918335e-01,-2.851502001285552979e-01,6.793180108070373535e-02,1.166286826133728027e+00,5.579633638262748718e-02,4.410000000000000000e+03,4.603006835937500000e+03
0.000000000000000000e+00,9.482004493474960327e-02,-4.483839031308889389e-03,9.439901262521743774e-02,1.262494802474975586e+00,6.271538138389587402e-02,4.711000000000000000e+03,4.711057617187500000e+03
0.000000000000000000e+00,-5.816580727696418762e-02,-3.173138797283172607e-01,3.134953975677490234e-01,1.270221114158630371e+00,6.053837761282920837e-02,5.170000000000000000e+03,5.910605957031250000e+03
0.000000000000000000e+00,1.366542428731918335e-01,2.797234356403350830e-01,-1.423099488019943237e-01,1.251075983047485352e+00,5.511493235826492310e-02,5.263000000000000000e+03,5.774938964843750000e+03
-1.781912706792354584e-02,0.000000000000000000e+00,3.408539593219757080e-01,-7.551103085279464722e-02,1.244064092636108398e+00,5.506024137139320374e-02,5.120000000000000000e+03,5.555480957031250000e+03
8.489102870225906372e-02,-5.000000074505805969e-02,-2.097326517105102539e-01,2.687904238700866699e-01,1.260707616806030273e+00,5.724574998021125793e-02,5.257000000000000000e+03,5.862874511718750000e+03
-5.000000074505805969e-02,-5.000000074505805969e-02,-3.395678848028182983e-02,-8.037933707237243652e-02,1.227935433387756348e+00,5.574483424425125122e-02,4.649000000000000000e+03,4.652649902343750000e+03
-5.000000074505805969e-02,1.366542428731918335e-01,3.018349409103393555e-01,-1.349974125623703003e-01,1.231225609779357910e+00,6.028723344206809998e-02,5.086000000000000000e+03,5.730083984375000000e+03
5.000000074505805969e-02,5.000000074505805969e-02,-1.852541789412498474e-02,3.981623053550720215e-01,1.037220716476440430e+00,5.721834301948547363e-02,4.245000000000000000e+03,4.728451660156250000e+03
-2.000000029802322388e-01,8.687628805637359619e-02,-5.368168354034423828e-01,1.405036747455596924e-01,1.080572128295898438e+00,5.898130685091018677e-02,4.269000000000000000e+03,4.684251464843750000e+03
3.815837576985359192e-02,-5.000000074505805969e-02,1.858719587326049805e-01,5.675104446709156036e-03,1.264845252037048340e+00,5.689947307109832764e-02,4.854000000000000000e+03,4.929445800781250000e+03
2.514390051364898682e-01,1.316963285207748413e-01,-4.884591791778802872e-03,-7.627517729997634888e-02,8.998284339904785156e-01,7.735676318407058716e-02,2.970000000000000000e+03,3.357976806640625000e+03
-1.000000014901161194e-01,-5.816580727696418762e-02,-1.112983897328376770e-01,2.210564315319061279e-01,9.722764492034912109e-01,7.891588658094406128e-02,3.502000000000000000e+03,3.786098876953125000e+03
3.338605910539627075e-02,1.764043420553207397e-01,-3.061573207378387451e-01,3.079515695571899414e-01,1.212678194046020508e+00,5.853439122438430786e-02,4.558000000000000000e+03,4.960792480468750000e+03
0.000000000000000000e+00,1.366542428731918335e-01,-3.615833222866058350e-01,9.499419480562210083e-02,1.215453863143920898e+00,6.741645187139511108e-02,4.313000000000000000e+03,4.692533203125000000e+03
0.000000000000000000e+00,-5.000000074505805969e-02,7.494873367249965668e-03,5.312213897705078125e-01,1.251818180084228516e+00,5.905031412839889526e-02,4.798000000000000000e+03,5.787343750000000000e+03
5.000000074505805969e-02,-1.500000059604644775e-01,-1.436392962932586670e-01,-4.803873971104621887e-02,1.039887785911560059e+00,7.087226212024688721e-02,3.596000000000000000e+03,3.753381591796875000e+03
0.000000000000000000e+00,3.975010663270950317e-02,-1.924442797899246216e-01,1.603919863700866699e-01,1.270597815513610840e+00,5.600589513778686523e-02,5.090000000000000000e+03,5.251853515625000000e+03
5.000000074505805969e-02,5.000000074505805969e-02,2.031442821025848389e-01,1.530266851186752319e-01,1.269566297531127930e+00,6.176217645406723022e-02,5.562000000000000000e+03,5.679140625000000000e+03
4.482004791498184204e-02,-1.500000059604644775e-01,-2.892348468303680420e-01,-1.774680167436599731e-01,9.517680406570434570e-01,6.988607347011566162e-02,3.653000000000000000e+03,4.094416259765625000e+03
5.000000074505805969e-02,1.678342521190643311e-01,-4.241301417350769043e-01,9.243066608905792236e-02,1.215093851089477539e+00,5.704610049724578857e-02,4.733000000000000000e+03,5.448081054687500000e+03
-5.000000074505805969e-02,5.000000074505805969e-02,1.655805706977844238e-01,1.295681297779083252e-01,1.279832243919372559e+00,5.885831266641616821e-02,4.748000000000000000e+03,4.899900390625000000e+03
1.366542428731918335e-01,-1.000000014901161194e-01,3.165911436080932617e-01,1.741490066051483154e-01,1.261374235153198242e+00,6.475086510181427002e-02,5.141000000000000000e+03,5.483726074218750000e+03
1.764043420553207397e-01,5.000000074505805969e-02,3.794344365596771240e-01,5.750376731157302856e-02,1.138379216194152832e+00,6.044139340519905090e-02,4.457000000000000000e+03,4.597863281250000000e+03
0.000000000000000000e+00,9.482004493474960327e-02,-1.080623120069503784e-01,2.562831901013851166e-02,1.262094259262084961e+00,5.701238662004470825e-02,5.224000000000000000e+03,5.277717285156250000e+03
1.366542428731918335e-01,0.000000000000000000e+00,-9.742721170186996460e-02,-1.143131256103515625e-01,1.213983774185180664e+00,6.123752892017364502e-02,4.319000000000000000e+03,4.515193847656250000e+03
0.000000000000000000e+00,0.000000000000000000e+00,-1.152735296636819839e-02,1.589837521314620972e-01,1.281453251838684082e+00,5.773190781474113464e-02,5.371000000000000000e+03,5.453785644531250000e+03
0.000000000000000000e+00,-5.816580727696418762e-02,6.924844533205032349e-02,3.169136643409729004e-01,1.257376432418823242e+00,6.290099024772644043e-02,5.072000000000000000e+03,5.529759277343750000e+03
5.000000074505805969e-02,3.975010663270950317e-02,-3.647991120815277100e-01,4.108746349811553955e-01,1.140103816986083984e+00,7.509154826402664185e-02,3.547000000000000000e+03,4.353077636718750000e+03
-5.000000074505805969e-02,0.000000000000000000e+00,-9.877216815948486328e-02,1.837671995162963867e-01,1.208236575126647949e+00,6.226651743054389954e-02,4.978000000000000000e+03,5.100388183593750000e+03
-5.000000074505805969e-02,1.366542428731918335e-01,-1.417816579341888428e-01,-2.991268634796142578e-01,1.227407932281494141e+00,5.944538488984107971e-02,5.145000000000000000e+03,5.801642578125000000e+03
-5.000000074505805969e-02,9.482004493474960327e-02,-6.606125389225780964e-04,4.133422672748565674e-01,1.219940185546875000e+00,5.705323070287704468e-02,4.892000000000000000e+03,5.227217773437500000e+03
3.032695502042770386e-02,2.994404174387454987e-02,-1.904176473617553711e-01,5.391563773155212402e-01,1.271076917648315430e+00,5.853049084544181824e-02,4.669000000000000000e+03,5.523402832031250000e+03
0.000000000000000000e+00,5.000000074505805969e-02,-7.142501324415206909e-02,4.541140224318951368e-04,1.285018801689147949e+00,6.332561373710632324e-02,5.198000000000000000e+03,5.221874023437500000e+03
9.482004493474960327e-02,-5.000000074505805969e-02,-7.631132006645202637e-02,2.322611398994922638e-02,1.247487425804138184e+00,6.324452906847000122e-02,4.478000000000000000e+03,4.577185546875000000e+03
0.000000000000000000e+00,9.482004493474960327e-02,-1.074345931410789490e-01,2.631113231182098389e-01,9.590153098106384277e-01,6.052126735448837280e-02,3.874000000000000000e+03,4.039939453125000000e+03
-1.500000059604644775e-01,-1.000000014901161194e-01,1.567408256232738495e-02,-7.729895878583192825e-03,1.179336309432983398e+00,5.990700796246528625e-02,4.757000000000000000e+03,4.879597167968750000e+03
5.000000074505805969e-02,-5.000000074505805969e-02,-1.693398803472518921e-01,1.640157997608184814e-01,1.284364938735961914e+00,5.837962031364440918e-02,5.017000000000000000e+03,5.299016113281250000e+03
4.183419048786163330e-02,5.000000074505805969e-02,1.783880293369293213e-01,1.743025630712509155e-01,1.134182929992675781e+00,8.664841949939727783e-02,3.879000000000000000e+03,3.980979003906250000e+03
-5.000000074505805969e-02,-5.000000074505805969e-02,-1.802500784397125244e-01,3.495159745216369629e-01,1.122475504875183105e+00,6.705401092767715454e-02,3.910000000000000000e+03,4.440861816406250000e+03
2.924878522753715515e-02,-5.000000074505805969e-02,3.291971608996391296e-02,3.120531141757965088e-01,1.275956034660339355e+00,6.588757038116455078e-02,4.934000000000000000e+03,5.323964355468750000e+03
-1.510896813124418259e-02,0.000000000000000000e+00,8.512368798255920410e-02,8.943489938974380493e-02,1.279321312904357910e+00,6.082575023174285889e-02,4.800000000000000000e+03,4.852922851562500000e+03
-1.024989411234855652e-02,5.000000074505805969e-02,2.291216999292373657e-01,2.451085671782493591e-02,1.255003213882446289e+00,6.360226124525070190e-02,4.722000000000000000e+03,4.894064453125000000e+03
9.482004493474960327e-02,4.482004791498184204e-02,-7.385607808828353882e-02,-1.164444535970687866e-01,1.183043241500854492e+00,6.891712546348571777e-02,5.090000000000000000e+03,5.286341796875000000e+03
-5.000000074505805969e-02,9.482004493474960327e-02,6.355503946542739868e-02,-4.724564403295516968e-02,1.012756824493408203e+00,6.359826028347015381e-02,3.641000000000000000e+03,3.757484619140625000e+03
-2.000000029802322388e-01,8.118000626564025879e-02,-2.406619340181350708e-01,1.856366544961929321e-01,9.876660704612731934e-01,5.937696620821952820e-02,4.081000000000000000e+03,4.133347167968750000e+03
0.000000000000000000e+00,9.482004493474960327e-02,-5.396888256072998047e-01,1.037496477365493774e-01,1.250807881355285645e+00,5.642196536064147949e-02,4.636000000000000000e+03,5.465559570312500000e+03
0.000000000000000000e+00,5.000000074505805969e-02,1.906225830316543579e-01,1.049549877643585205e-01,1.259995937347412109e+00,5.788495391607284546e-02,5.051000000000000000e+03,5.175183105468750000e+03
-5.000000074505805969e-02,5.000000074505805969e-02,-8.868219703435897827e-02,-2.742850780487060547e-01,1.244556427001953125e+00,6.448607146739959717e-02,4.985000000000000000e+03,5.323483398437500000e+03
5.000000074505805969e-02,9.482004493474960327e-02,1.120865941047668457e-01,-9.055788815021514893e-02,1.220121979713439941e+00,5.728287994861602783e-02,4.750000000000000000e+03,4.870791992187500000e+03
0.000000000000000000e+00,-5.000000074505805969e-02,2.424204489216208458e-03,1.125581637024879456e-01,1.263782262802124023e+00,5.639771372079849243e-02,3.850000000000000000e+03,3.913395507812500000e+03
-1.967304572463035583e-02,0.000000000000000000e+00,5.464521702378988266e-03,2.582327425479888916e-01,1.271513223648071289e+00,6.353290379047393799e-02,5.042000000000000000e+03,5.249897460937500000e+03
0.000000000000000000e+00,-5.179951898753643036e-03,-2.323556691408157349e-01,1.551170498132705688e-01,1.234631776809692383e+00,7.012280076742172241e-02,4.615000000000000000e+03,4.853463378906250000e+03
-5.179951898753643036e-03,0.000000000000000000e+00,7.871204614639282227e-02,5.796936899423599243e-02,1.281443595886230469e+00,5.889021232724189758e-02,4.815000000000000000e+03,4.845383300781250000e+03
-5.000000074505805969e-02,0.000000000000000000e+00,-2.632119953632354736e-01,4.547424614429473877e-01,9.344295263290405273e-01,7.140085846185684204e-02,3.451000000000000000e+03,4.391900878906250000e+03
-1.000000014901161194e-01,-2.000000029802322388e-01,-1.519282609224319458e-01,-2.962961792945861816e-02,7.514654397964477539e-01,9.434740990400314331e-02,2.380000000000000000e+03,2.511835205078125000e+03
-2.641935050487518311e-01,3.687628731131553650e-02,-2.296430319547653198e-01,1.057724505662918091e-01,8.957257866859436035e-01,5.379706248641014099e-02,3.211000000000000000e+03,3.234778320312500000e+03
-5.000000074505805969e-02,5.000000074505805969e-02,-2.292708307504653931e-02,8.599783480167388916e-02,1.276401281356811523e+00,5.914260447025299072e-02,4.542000000000000000e+03,4.547575683593750000e+03
2.145627290010452271e-01,4.183419048786163330e-02,1.148641481995582581e-01,3.750343322753906250e-01,1.197089076042175293e+00,5.926607921719551086e-02,4.997000000000000000e+03,5.411225097656250000e+03
0.000000000000000000e+00,3.221365213394165039e-01,-2.455284595489501953e-01,1.912386268377304077e-01,1.094427227973937988e+00,6.853029876947402954e-02,3.949000000000000000e+03,4.200327148437500000e+03
4.482004791498184204e-02,2.145627290010452271e-01,3.996020182967185974e-02,6.993260234594345093e-02,1.005971193313598633e+00,6.287150084972381592e-02,3.475000000000000000e+03,3.546597656250000000e+03
1.366542428731918335e-01,2.145627290010452271e-01,1.766760498285293579e-01,6.200979650020599365e-02,1.156096577644348145e+00,5.534315854310989380e-02,4.902000000000000000e+03,4.992897460937500000e+03
7.958556711673736572e-02,0.000000000000000000e+00,5.197716951370239258e-01,1.011559814214706421e-01,1.065800786018371582e+00,5.328743159770965576e-02,3.972000000000000000e+03,4.659212890625000000e+03
9.183419495820999146e-02,1.366542428731918335e-01,9.686856716871261597e-02,-6.092462316155433655e-02,1.200987100601196289e+00,7.107416540384292603e-02,3.980000000000000000e+03,4.087419677734375000e+03
5.000000074505805969e-02,5.173884034156799316e-01,1.155667230486869812e-01,4.594022035598754883e-01,8.754193186759948730e-01,5.436757206916809082e-02,2.737000000000000000e+03,2.764295166015625000e+03
-5.000000074505805969e-02,5.000000074505805969e-02,2.204035669565200806e-01,1.752420812845230103e-01,1.272644639015197754e+00,5.805919319391250610e-02,5.111000000000000000e+03,5.387223144531250000e+03
0.000000000000000000e+00,0.000000000000000000e+00,3.761524856090545654e-01,1.744102500379085541e-02,1.274037480354309082e+00,5.086256191134452820e-02,5.465000000000000000e+03,5.933808105468750000e+03
-5.000000074505805969e-02,-1.000000014901161194e-01,-3.143715858459472656e-02,-1.044089123606681824e-01,1.188085913658142090e+00,6.406708061695098877e-02,3.826000000000000000e+03,3.826979980468750000e+03
4.183419048786163330e-02,8.489102870225906372e-02,9.431380778551101685e-02,1.771167665719985962e-01,1.148582220077514648e+00,6.520386040210723877e-02,4.316000000000000000e+03,4.352673828125000000e+03
-5.000000074505805969e-02,0.000000000000000000e+00,-5.083178281784057617e-01,2.568843960762023926e-01,1.270149230957031250e+00,5.857136100530624390e-02,5.107000000000000000e+03,5.948534667968750000e+03
-1.178191304206848145e-01,9.482004493474960327e-02,-1.817313730716705322e-01,1.416482776403427124e-01,1.212683677673339844e+00,5.801985412836074829e-02,4.388000000000000000e+03,4.406677734375000000e+03
9.482004493474960327e-02,-5.000000074505805969e-02,-3.019987642765045166e-01,-2.349387295544147491e-02,1.259738564491271973e+00,5.466883257031440735e-02,4.852000000000000000e+03,5.323960449218750000e+03
3.580648824572563171e-02,1.366542428731918335e-01,-7.780168950557708740e-02,-9.715849161148071289e-02,1.123226642608642578e+00,6.261763721704483032e-02,4.350000000000000000e+03,4.580469726562500000e+03
9.183419495820999146e-02,8.815837651491165161e-02,1.260276883840560913e-01,1.287911832332611084e-01,1.235831499099731445e+00,6.140324100852012634e-02,4.056000000000000000e+03,4.063523925781250000e+03
5.000000074505805969e-02,-2.075121551752090454e-02,-1.111585497856140137e-01,-5.094358697533607483e-02,1.261855721473693848e+00,5.997259169816970825e-02,4.527000000000000000e+03,4.603374511718750000e+03
-1.659073382616043091e-01,9.482004493474960327e-02,-1.756497770547866821e-01,1.299395710229873657e-01,8.509166240692138672e-01,6.188302114605903625e-02,2.983000000000000000e+03,2.988533447265625000e+03
2.458739653229713440e-02,1.707469075918197632e-01,2.111769746989011765e-03,-3.016260266304016113e-02,1.188555479049682617e+00,6.677213311195373535e-02,4.455000000000000000e+03,4.583240234375000000e+03
0.000000000000000000e+00,5.000000074505805969e-02,4.618845880031585693e-02,1.372415870428085327e-01,9.715531468391418457e-01,6.659702211618423462e-02,2.797000000000000000e+03,2.825760742187500000e+03
5.000000074505805969e-02,0.000000000000000000e+00,1.157243028283119202e-01,-1.692072749137878418e-01,1.257823228836059570e+00,6.096491590142250061e-02,4.790000000000000000e+03,4.889418457031250000e+03
9.482004493474960327e-02,9.482004493474960327e-02,-1.782522499561309814e-01,1.436379849910736084e-01,1.100151419639587402e+00,6.502212584018707275e-02,3.875000000000000000e+03,4.118174804687500000e+03
1.764043420553207397e-01,5.000000074505805969e-02,-2.570817805826663971e-02,1.543877739459276199e-02,1.188598752021789551e+00,5.735087022185325623e-02,5.036000000000000000e+03,5.184675781250000000e+03
-1.000000014901161194e-01,1.764043420553207397e-01,-1.603008955717086792e-01,-2.568124830722808838e-01,1.226055979728698730e+00,6.026368215680122375e-02,5.103000000000000000e+03,5.734291503906250000e+03
9.482004493474960327e-02,0.000000000000000000e+00,6.572170555591583252e-02,-4.345701541751623154e-03,1.252287745475769043e+00,5.699362978339195251e-02,3.750000000000000000e+03,3.752072998046875000e+03
5.000000074505805969e-02,0.000000000000000000e+00,-4.010688140988349915e-02,4.388806223869323730e-01,1.268208384513854980e+00,6.239248812198638916e-02,4.427000000000000000e+03,4.964046875000000000e+03
-1.000000014901161194e-01,-5.000000074505805969e-02,-6.113741993904113770e-01,2.547411620616912842e-01,1.142697811126708984e+00,5.658405274152755737e-02,4.169000000000000000e+03,5.242198730468750000e+03
9.482004493474960327e-02,4.183419048786163330e-02,3.736333250999450684e-01,-4.372478649020195007e-02,1.215442538261413574e+00,5.503935739398002625e-02,4.885000000000000000e+03,5.162285156250000000e+03
5.000000074505805969e-02,0.000000000000000000e+00,9.147240966558456421e-02,8.686524629592895508e-02,1.276448726654052734e+00,6.092312559485435486e-02,3.914000000000000000e+03,3.936235595703125000e+03
2.145627290010452271e-01,3.687628731131553650e-02,2.510430812835693359e-01,2.867392897605895996e-01,1.017008781433105469e+00,7.802293449640274048e-02,4.014000000000000000e+03,4.257704589843750000e+03
5.000000074505805969e-02,-5.179951898753643036e-03,-9.741590172052383423e-02,1.753340847790241241e-02,1.282011508941650391e+00,5.983701348304748535e-02,4.824000000000000000e+03,4.889316894531250000e+03
5.000000074505805969e-02,7.958556711673736572e-02,7.893210649490356445e-02,-1.518929563462734222e-02,1.266800403594970703e+00,6.159997358918190002e-02,5.514000000000000000e+03,5.547471191406250000e+03
1.366542428731918335e-01,-5.000000074505805969e-02,5.171098932623863220e-02,-1.192981190979480743e-02,6.037901639938354492e-01,6.398420780897140503e-02,2.101000000000000000e+03,2.150571289062500000e+03
5.000000074505805969e-02,0.000000000000000000e+00,7.966167479753494263e-02,1.720307953655719757e-02,1.272812604904174805e+00,6.688923388719558716e-02,4.989000000000000000e+03,4.992641601562500000e+03
-1.000000014901161194e-01,-1.000000014901161194e-01,-2.147434800863265991e-01,8.084612339735031128e-02,1.228282451629638672e+00,6.263866275548934937e-02,4.958000000000000000e+03,5.108080566406250000e+03
2.145627290010452271e-01,1.366542428731918335e-01,2.275680899620056152e-01,1.538441479206085205e-01,1.156208038330078125e+00,5.110395699739456177e-02,4.878000000000000000e+03,4.879670410156250000e+03
5.000000074505805969e-02,9.482004493474960327e-02,1.503335498273372650e-02,3.599340915679931641e-01,1.155655741691589355e+00,6.153539195656776428e-02,4.564000000000000000e+03,4.805807617187500000e+03
0.000000000000000000e+00,0.000000000000000000e+00,-1.641627252101898193e-01,-4.048075992614030838e-03,1.252253293991088867e+00,6.554994732141494751e-02,5.157000000000000000e+03,5.245409667968750000e+03
5.000000074505805969e-02,0.000000000000000000e+00,1.683143973350524902e-01,-2.542223595082759857e-02,1.205853104591369629e+00,5.979893356561660767e-02,3.894000000000000000e+03,3.933234130859375000e+03
-2.500000000000000000e-01,-5.000000074505805969e-02,-3.052024245262145996e-01,1.239315718412399292e-01,1.026268959045410156e+00,6.250223517417907715e-02,3.798000000000000000e+03,3.917303710937500000e+03
5.000000074505805969e-02,-5.000000074505805969e-02,3.980857506394386292e-02,3.111140057444572449e-02,1.182026386260986328e+00,7.106466591358184814e-02,4.507000000000000000e+03,4.528638671875000000e+03
2.145627290010452271e-01,5.000000074505805969e-02,3.570591211318969727e-01,2.304997853934764862e-02,8.692376017570495605e-01,6.702003628015518188e-02,2.913000000000000000e+03,2.993690917968750000e+03
-5.000000074505805969e-02,0.000000000000000000e+00,3.547684848308563232e-02,5.038084983825683594e-01,1.268850803375244141e+00,5.777407437562942505e-02,5.152000000000000000e+03,5.957343750000000000e+03
-1.000000014901161194e-01,5.000000074505805969e-02,-3.558769449591636658e-02,1.117199473083019257e-02,1.213014245033264160e+00,5.374285206198692322e-02,4.338000000000000000e+03,4.354788574218750000e+03
5.000000074505805969e-02,-5.000000074505805969e-02,4.628599435091018677e-02,2.507417201995849609e-01,1.225804924964904785e+00,5.906644463539123535e-02,5.042000000000000000e+03,5.340902832031250000e+03
-5.000000074505805969e-02,0.000000000000000000e+00,2.000199407339096069e-01,1.096387878060340881e-01,1.238742828369140625e+00,6.095011904835700989e-02,5.063000000000000000e+03,5.306590820312500000e+03
-3.000000119209289551e-01,-1.000000014901161194e-01,1.115778163075447083e-01,-1.339239776134490967e-01,1.012830734252929688e+00,6.144106388092041016e-02,3.765000000000000000e+03,4.369275390625000000e+03
5.000000074505805969e-02,0.000000000000000000e+00,-5.666099861264228821e-02,3.660752773284912109e-01,1.273185729980468750e+00,5.413376539945602417e-02,5.031000000000000000e+03,5.473715332031250000e+03
1.366542428731918335e-01,5.000000074505805969e-02,-6.600092351436614990e-02,7.870027422904968262e-02,1.264587402343750000e+00,5.773600935935974121e-02,5.019000000000000000e+03,5.149212890625000000e+03
-1.000000014901161194e-01,1.366542428731918335e-01,-1.962878555059432983e-01,5.412270128726959229e-02,1.091929435729980469e+00,6.394764780998229980e-02,3.883000000000000000e+03,3.935108886718750000e+03
4.183419048786163330e-02,-6.024989485740661621e-02,-3.580506145954132080e-01,2.430697232484817505e-01,1.288568615913391113e+00,5.835472792387008667e-02,5.269000000000000000e+03,6.041242675781250000e+03
4.183419048786163330e-02,1.366542428731918335e-01,-1.644781827926635742e-01,-2.320343554019927979e-01,1.276997327804565430e+00,6.291922181844711304e-02,5.332000000000000000e+03,5.901597167968750000e+03
-4.000000059604644775e-01,-1.500000059604644775e-01,-7.115117460489273071e-02,5.714585259556770325e-02,1.016907215118408203e+00,8.095332980155944824e-02,3.092000000000000000e+03,3.529885253906250000e+03
5.000000074505805969e-02,-5.179951898753643036e-03,8.465415239334106445e-02,-9.727440774440765381e-03,1.264218688011169434e+00,6.038951128721237183e-02,4.041000000000000000e+03,4.044060058593750000e+03
-5.000000074505805969e-02,5.000000074505805969e-02,1.169662326574325562e-01,5.223971009254455566e-01,1.268224596977233887e+00,5.662499740719795227e-02,4.594000000000000000e+03,5.288080078125000000e+03
2.893136814236640930e-02,9.482004493474960327e-02,3.262974619865417480e-01,4.455696940422058105e-01,9.161062240600585938e-01,7.191143184900283813e-02,2.990000000000000000e+03,3.706228759765625000e+03
5.000000074505805969e-02,0.000000000000000000e+00,-2.820284366607666016e-01,-5.799892917275428772e-02,1.286269903182983398e+00,6.405576318502426147e-02,5.190000000000000000e+03,5.540792968750000000e+03
0.000000000000000000e+00,-8.165807463228702545e-03,6.208887696266174316e-02,1.494055688381195068e-01,1.271222829818725586e+00,6.013125181198120117e-02,4.083000000000000000e+03,4.155253417968750000e+03
0.000000000000000000e+00,9.482004493474960327e-02,-1.330228745937347412e-01,4.628308415412902832e-01,1.222139954566955566e+00,5.390363931655883789e-02,5.185000000000000000e+03,5.704058593750000000e+03
5.000000074505805969e-02,-2.672467827796936035e-01,-5.191516131162643433e-02,7.743790000677108765e-02,1.139051556587219238e+00,5.377804860472679138e-02,4.269000000000000000e+03,4.684251464843750000e+03
-1.000000014901161194e-01,1.366542428731918335e-01,1.688940674066543579e-01,1.141988933086395264e-01,1.179940462112426758e+00,4.994004964828491211e-02,4.813000000000000000e+03,5.061694335937500000e+03
2.071419507265090942e-01,5.000000074505805969e-02,2.167533785104751587e-01,1.555945724248886108e-01,9.035230875015258789e-01,5.595817416906356812e-02,2.798000000000000000e+03,2.836562744140625000e+03
-1.184162404388189316e-02,-1.024989411234855652e-02,5.336330533027648926e-01,1.949978321790695190e-01,1.276440501213073730e+00,5.895535647869110107e-02,4.970000000000000000e+03,5.960973632812500000e+03
-1.000000014901161194e-01,2.514390051364898682e-01,-4.353507757186889648e-01,2.711955904960632324e-01,9.032050967216491699e-01,8.414324373006820679e-02,3.314000000000000000e+03,3.758776123046875000e+03
8.218087255954742432e-02,1.764043420553207397e-01,1.512133628129959106e-01,1.930740922689437866e-01,1.017055869102478027e+00,5.433020740747451782e-02,3.808000000000000000e+03,3.826550781250000000e+03
0.000000000000000000e+00,-5.000000074505805969e-02,-2.922121584415435791e-01,1.174836456775665283e-01,1.220450878143310547e+00,5.483117699623107910e-02,5.044000000000000000e+03,5.422161621093750000e+03
5.000000074505805969e-02,-6.510896980762481689e-02,-3.734016716480255127e-01,1.396872550249099731e-01,1.261271119117736816e+00,5.853283032774925232e-02,5.298000000000000000e+03,6.011795898437500000e+03
-5.000000074505805969e-02,4.183419048786163330e-02,1.123551949858665466e-01,1.850563287734985352e-02,1.275774598121643066e+00,5.922384932637214661e-02,4.953000000000000000e+03,5.034557617187500000e+03
5.000000074505805969e-02,-5.000000074505805969e-02,-1.585648506879806519e-01,4.028716981410980225e-01,1.285087823867797852e+00,6.125870719552040100e-02,5.379000000000000000e+03,6.161385253906250000e+03
-5.000000074505805969e-02,0.000000000000000000e+00,1.982104331254959106e-01,2.453675717115402222e-01,1.260807871818542480e+00,6.019413471221923828e-02,4.999000000000000000e+03,5.375452148437500000e+03
-1.000000014901161194e-01,3.562291860580444336e-01,1.082481369376182556e-01,4.553843438625335693e-01,8.966592550277709961e-01,5.780555680394172668e-02,3.926000000000000000e+03,4.181749511718750000e+03
-5.000000074505805969e-02,3.338605910539627075e-02,-9.264110773801803589e-02,-1.590204536914825439e-01,1.255505919456481934e+00,6.450485438108444214e-02,4.667000000000000000e+03,4.780963378906250000e+03
2.097904086112976074e-01,1.764043420553207397e-01,1.155004743486642838e-02,2.425272464752197266e-01,1.148161888122558594e+00,6.022973731160163879e-02,4.501000000000000000e+03,4.648523437500000000e+03
-5.000000074505805969e-02,8.975010365247726440e-02,2.710171788930892944e-02,-1.476454585790634155e-01,1.278743386268615723e+00,6.147823110222816467e-02,4.779000000000000000e+03,4.959222167968750000e+03
-5.000000074505805969e-02,0.000000000000000000e+00,1.732117086648941040e-01,3.300428986549377441e-01,1.229060173034667969e+00,5.448075756430625916e-02,5.253000000000000000e+03,5.791895996093750000e+03
-5.000000074505805969e-02,9.482004493474960327e-02,2.107152789831161499e-01,2.015835344791412354e-01,1.027528047561645508e+00,6.927764415740966797e-02,3.796000000000000000e+03,4.076827148437500000e+03
9.482004493474960327e-02,1.366542428731918335e-01,-1.003673300147056580e-01,1.797992736101150513e-01,1.251695752143859863e+00,6.190620362758636475e-02,4.803000000000000000e+03,4.925139648437500000e+03
5.000000074505805969e-02,5.000000074505805969e-02,-7.010043412446975708e-02,-3.001000732183456421e-03,1.274132132530212402e+00,5.887332186102867126e-02,4.697000000000000000e+03,4.746777343750000000e+03
3.975010663270950317e-02,3.338605910539627075e-02,-2.158311195671558380e-02,1.194769740104675293e-01,1.282892346382141113e+00,5.922134965658187866e-02,3.949000000000000000e+03,3.975870117187500000e+03
-5.000000074505805969e-02,9.482004493474960327e-02,5.863161087036132812e-01,3.094481527805328369e-01,1.196600675582885742e+00,6.155972555279731750e-02,4.356000000000000000e+03,5.649806640625000000e+03
-1.118416264653205872e-01,1.715452671051025391e-01,-3.638795018196105957e-01,1.771428883075714111e-01,1.062911868095397949e+00,6.686200946569442749e-02,4.373000000000000000e+03,4.615233398437500000e+03
9.482004493474960327e-02,-2.500000000000000000e-01,1.046814322471618652e-01,3.568294644355773926e-01,1.210679411888122559e+00,5.996615812182426453e-02,5.213000000000000000e+03,6.457030273437500000e+03
0.000000000000000000e+00,0.000000000000000000e+00,3.815363943576812744e-01,1.788033396005630493e-01,1.270816683769226074e+00,5.151568353176116943e-02,5.200000000000000000e+03,5.757737792968750000e+03
-5.000000074505805969e-02,0.000000000000000000e+00,-3.022007644176483154e-01,6.568887829780578613e-02,1.227375626564025879e+00,5.689588189125061035e-02,5.130000000000000000e+03,5.359360351562500000e+03
2.145627290010452271e-01,0.000000000000000000e+00,2.687177956104278564e-01,1.277420967817306519e-01,9.771095514297485352e-01,6.410242617130279541e-02,3.206000000000000000e+03,3.270128662109375000e+03
0.000000000000000000e+00,5.000000074505805969e-02,-4.780623316764831543e-01,2.915165424346923828e-01,1.268446803092956543e+00,5.653919652104377747e-02,4.820000000000000000e+03,5.647705566406250000e+03
-5.000000074505805969e-02,1.366542428731918335e-01,-1.129975244402885437e-01,-1.152051091194152832e-01,1.211274266242980957e+00,5.923604592680931091e-02,4.993000000000000000e+03,5.219810546875000000e+03
7.893136888742446899e-02,-8.165807463228702545e-03,-1.522906422615051270e-01,5.695557594299316406e-01,1.285152435302734375e+00,6.572134047746658325e-02,4.219000000000000000e+03,5.163522460937500000e+03
3.580648824572563171e-02,0.000000000000000000e+00,7.155196368694305420e-02,-7.158541679382324219e-02,1.295659065246582031e+00,5.332575738430023193e-02,3.920000000000000000e+03,3.934925292968750000e+03
9.482004493474960327e-02,5.000000074505805969e-02,-2.612724900245666504e-01,-4.864468798041343689e-02,1.273342728614807129e+00,6.122294440865516663e-02,4.888000000000000000e+03,5.291448730468750000e+03
3.489103168249130249e-02,0.000000000000000000e+00,-1.196924597024917603e-01,1.307829469442367554e-01,1.287745118141174316e+00,6.112968921661376953e-02,5.140000000000000000e+03,5.266371093750000000e+03
5.000000074505805969e-02,-5.000000074505805969e-02,1.496429927647113800e-02,1.525937616825103760e-01,1.073945283889770508e+00,6.310348957777023315e-02,4.184000000000000000e+03,4.335583496093750000e+03
0.000000000000000000e+00,-5.000000074505805969e-02,-2.807624638080596924e-01,-1.306579113006591797e-01,1.284320235252380371e+00,6.117740273475646973e-02,5.260000000000000000e+03,5.529064941406250000e+03
-5.000000074505805969e-02,0.000000000000000000e+00,-2.265490591526031494e-01,5.293622240424156189e-02,1.229870319366455078e+00,6.067157909274101257e-02,5.239000000000000000e+03,5.355869140625000000e+03
5.000000074505805969e-02,-5.000000074505805969e-02,-2.902469038963317871e-02,4.873441457748413086e-01,1.266919255256652832e+00,6.758812069892883301e-02,4.484000000000000000e+03,5.277411621093750000e+03
-5.816580727696418762e-02,0.000000000000000000e+00,-4.837350547313690186e-01,2.773930430412292480e-01,1.181523799896240234e+00,5.778625607490539551e-02,5.010000000000000000e+03,5.899804199218750000e+03
-5.000000074505805969e-02,0.000000000000000000e+00,-4.665991663932800293e-01,1.765520274639129639e-01,1.076278805732727051e+00,5.994309484958648682e-02,4.560000000000000000e+03,5.337210937500000000e+03
5.000000074505805969e-02,0.000000000000000000e+00,1.059780716896057129e-01,2.924469411373138428e-01,1.269508957862854004e+00,5.850263312458992004e-02,5.063000000000000000e+03,5.337985839843750000e+03
9.482004493474960327e-02,9.482004493474960327e-02,1.247408464550971985e-01,2.245635688304901123e-01,1.202728986740112305e+00,5.881740525364875793e-02,4.773000000000000000e+03,4.831461914062500000e+03
-1.618416309356689453e-01,5.000000074505805969e-02,-2.381311208009719849e-01,-2.709646336734294891e-02,1.246985673904418945e+00,6.782054901123046875e-02,4.707000000000000000e+03,4.742687500000000000e+03
5.000000074505805969e-02,2.145627290010452271e-01,2.384829372167587280e-01,7.354260981082916260e-02,1.051214098930358887e+00,5.917436629533767700e-02,4.510000000000000000e+03,4.733776367187500000e+03
-1.724679581820964813e-02,3.275320306420326233e-02,-1.337176412343978882e-01,-3.842589259147644043e-02,1.277019858360290527e+00,5.717938765883445740e-02,4.320000000000000000e+03,4.369041992187500000e+03
-5.000000074505805969e-02,0.000000000000000000e+00,-1.701825112104415894e-01,-6.933591514825820923e-02,1.253530383110046387e+00,5.411935597658157349e-02,4.969000000000000000e+03,5.029862792968750000e+03
5.000000074505805969e-02,5.000000074505805969e-02,6.463245302438735962e-02,1.133793890476226807e-01,1.268828392028808594e+00,6.046736240386962891e-02,4.363000000000000000e+03,4.374399902343750000e+03
0.000000000000000000e+00,0.000000000000000000e+00,2.473345994949340820e-01,1.763057559728622437e-01,1.279560208320617676e+00,5.363704264163970947e-02,5.026000000000000000e+03,5.305773437500000000e+03
3.073761053383350372e-02,-5.000000074505805969e-02,-2.078566141426563263e-02,5.425966158509254456e-02,1.280500888824462891e+00,6.519743800163269043e-02,4.941000000000000000e+03,4.981599121093750000e+03
0.000000000000000000e+00,-5.000000074505805969e-02,-1.887761652469635010e-01,-9.559596888720989227e-03,1.267538070678710938e+00,6.105454266071319580e-02,5.071000000000000000e+03,5.188175292968750000e+03
-1.000000014901161194e-01,1.366542428731918335e-01,7.074267417192459106e-02,2.903985977172851562e-01,1.258728265762329102e+00,6.501094251871109009e-02,5.069000000000000000e+03,5.236141113281250000e+03
-1.661394163966178894e-02,0.000000000000000000e+00,-4.511126875877380371e-02,3.118337392807006836e-01,1.237052321434020996e+00,6.372587382793426514e-02,5.285000000000000000e+03,5.618219238281250000e+03
-2.000000029802322388e-01,0.000000000000000000e+00,-2.726405858993530273e-01,7.135671377182006836e-02,1.188377380371093750e+00,7.813771069049835205e-02,4.203000000000000000e+03,4.233756835937500000e+03
0.000000000000000000e+00,8.218087255954742432e-02,-3.763957694172859192e-02,-4.271100088953971863e-02,1.270487308502197266e+00,5.901822075247764587e-02,5.093000000000000000e+03,5.146436523437500000e+03
5.000000074505805969e-02,5.000000074505805969e-02,-5.536693148314952850e-03,1.630619913339614868e-01,1.184886217117309570e+00,5.920846760272979736e-02,4.667000000000000000e+03,4.719470703125000000e+03
-5.000000074505805969e-02,2.514390051364898682e-01,5.050108209252357483e-02,2.360895872116088867e-01,1.134302020072937012e+00,5.408424139022827148e-02,4.177000000000000000e+03,4.210552246093750000e+03
-5.000000074505805969e-02,5.000000074505805969e-02,-1.320785880088806152e-01,3.780296146869659424e-01,9.454588294029235840e-01,8.369268476963043213e-02,3.391000000000000000e+03,3.812142333984375000e+03
5.000000074505805969e-02,0.000000000000000000e+00,-4.847035408020019531e-01,8.433097600936889648e-02,1.278356909751892090e+00,7.008185237646102905e-02,5.385000000000000000e+03,6.313199707031250000e+03
1.366542428731918335e-01,2.145627290010452271e-01,1.619162261486053467e-01,-2.058473974466323853e-01,1.170386672019958496e+00,6.210205331444740295e-02,5.109000000000000000e+03,5.750977050781250000e+03
3.221365213394165039e-01,1.764043420553207397e-01,2.013157904148101807e-01,1.852160543203353882e-01,6.427959203720092773e-01,1.591337323188781738e-01,1.200000000000000000e+03,1.242230834960937500e+03
2.872454822063446045e-01,3.896152675151824951e-01,2.401949614286422729e-01,6.197477579116821289e-01,8.984659314155578613e-01,7.585838437080383301e-02,3.508000000000000000e+03,3.744021484375000000e+03
5.000000074505805969e-02,-1.000000014901161194e-01,3.308123052120208740e-01,3.592932522296905518e-01,1.262011885643005371e+00,5.281821265816688538e-02,4.639000000000000000e+03,5.450677246093750000e+03
0.000000000000000000e+00,1.764043420553207397e-01,2.599037289619445801e-01,-9.580689668655395508e-02,1.244981169700622559e+00,5.424959212541580200e-02,4.783000000000000000e+03,5.211059570312500000e+03
4.482004791498184204e-02,9.482004493474960327e-02,-4.484993219375610352e-02,1.376192420721054077e-01,1.211038231849670410e+00,6.064805015921592712e-02,4.714000000000000000e+03,4.745680664062500000e+03
0.000000000000000000e+00,0.000000000000000000e+00,-2.561528682708740234e-01,2.302383333444595337e-01,1.284375429153442383e+00,5.672741308808326721e-02,5.346000000000000000e+03,5.724153808593750000e+03
5.000000074505805969e-02,3.221365213394165039e-01,1.297184377908706665e-01,1.243038177490234375e-01,5.909072160720825195e-01,2.622630298137664795e-01,2.177000000000000000e+03,2.452692138671875000e+03
0.000000000000000000e+00,-1.000000014901161194e-01,3.359395265579223633e-01,3.131538629531860352e-02,1.263401269912719727e+00,5.554098263382911682e-02,5.239000000000000000e+03,5.658516601562500000e+03
3.580648824572563171e-02,0.000000000000000000e+00,5.032860860228538513e-02,3.733915388584136963e-01,1.278076171875000000e+00,5.426710844039916992e-02,5.129000000000000000e+03,5.559681152343750000e+03
5.000000074505805969e-02,4.482004791498184204e-02,-2.946544587612152100e-01,5.586314797401428223e-01,1.265408873558044434e+00,5.933863297104835510e-02,4.578000000000000000e+03,5.622289062500000000e+03
-1.500000059604644775e-01,9.482004493474960327e-02,2.361585348844528198e-01,9.613388776779174805e-02,1.254516124725341797e+00,5.593999102711677551e-02,4.903000000000000000e+03,5.356767578125000000e+03
4.183419048786163330e-02,3.975010663270950317e-02,-1.811846047639846802e-01,1.976903975009918213e-01,1.248651742935180664e+00,5.569975078105926514e-02,4.844000000000000000e+03,5.073459472656250000e+03
5.000000074505805969e-02,0.000000000000000000e+00,-4.591804742813110352e-01,3.366170823574066162e-01,1.130193114280700684e+00,5.842762067914009094e-02,4.235000000000000000e+03,5.403093261718750000e+03
0.000000000000000000e+00,0.000000000000000000e+00,7.886783778667449951e-02,-4.647503793239593506e-02,1.278958082199096680e+00,5.873883888125419617e-02,4.445000000000000000e+03,4.467606933593750000e+03
3.815837576985359192e-02,5.000000074505805969e-02,-2.346660047769546509e-01,-1.259070448577404022e-02,1.274815201759338379e+00,5.749082192778587341e-02,4.827000000000000000e+03,5.056844238281250000e+03
4.183419048786163330e-02,1.366542428731918335e-01,-2.125965058803558350e-02,4.357290640473365784e-02,7.747305035591125488e-01,6.623864918947219849e-02,3.076000000000000000e+03,3.140312500000000000e+03
-1.000000014901161194e-01,9.482004493474960327e-02,1.356739103794097900e-01,-9.380696713924407959e-02,1.189742922782897949e+00,5.716394260525703430e-02,4.632000000000000000e+03,4.925419433593750000e+03
-6.024989485740661621e-02,5.000000074505805969e-02,1.828346699476242065e-01,2.206875681877136230e-01,1.035087108612060547e+00,6.516396999359130859e-02,3.381000000000000000e+03,3.654096923828125000e+03
-1.102498918771743774e-01,5.000000074505805969e-02,1.195090264081954956e-01,1.763284504413604736e-01,1.197751283645629883e+00,5.913330614566802979e-02,5.192000000000000000e+03,5.437944335937500000e+03
0.000000000000000000e+00,5.000000074505805969e-02,-3.442150354385375977e-02,9.120242297649383545e-02,1.279400587081909180e+00,5.915734544396400452e-02,5.196000000000000000e+03,5.205193847656250000e+03
-5.000000074505805969e-02,9.482004493474960327e-02,2.423776537179946899e-01,-1.300044953823089600e-01,1.258264660835266113e+00,6.365212798118591309e-02,5.235000000000000000e+03,5.676469726562500000e+03
-1.024989411234855652e-02,-5.000000074505805969e-02,-3.763682842254638672e-01,3.320681154727935791e-01,1.271740913391113281e+00,6.071805953979492188e-02,5.146000000000000000e+03,6.003569824218750000e+03
1.764043420553207397e-01,-1.000000014901161194e-01,-1.400033831596374512e-01,2.084716856479644775e-01,1.157740116119384766e+00,5.647432804107666016e-02,4.008000000000000000e+03,4.573441894531250000e+03
1.366542428731918335e-01,5.000000074505805969e-02,2.357623279094696045e-01,4.820859804749488831e-02,9.834691882133483887e-01,5.654798075556755066e-02,3.633000000000000000e+03,3.669979736328125000e+03
-2.000000029802322388e-01,-5.000000074505805969e-02,-3.661679923534393311e-01,2.549769282341003418e-01,1.111355066299438477e+00,5.959161743521690369e-02,4.718000000000000000e+03,5.169407714843750000e+03
-8.165807463228702545e-03,-1.000000014901161194e-01,-2.043829113245010376e-01,3.910609781742095947e-01,1.269110321998596191e+00,5.792129039764404297e-02,4.891000000000000000e+03,5.709139648437500000e+03
0.000000000000000000e+00,0.000000000000000000e+00,2.151113152503967285e-01,-1.269693523645401001e-01,1.275507926940917969e+00,5.132078379392623901e-02,5.316000000000000000e+03,5.517613769531250000e+03
9.183419495820999146e-02,5.000000074505805969e-02,7.037623226642608643e-02,1.882178336381912231e-01,1.264661192893981934e+00,5.949374660849571228e-02,4.647000000000000000e+03,4.703918945312500000e+03
-5.816580727696418762e-02,0.000000000000000000e+00,-1.975487172603607178e-01,4.320282936096191406e-01,1.233169198036193848e+00,5.998862534761428833e-02,4.292000000000000000e+03,4.857025878906250000e+03
8.815837651491165161e-02,-1.500000059604644775e-01,1.793218404054641724e-01,-1.744428128004074097e-01,9.522688388824462891e-01,6.077279150485992432e-02,3.101000000000000000e+03,3.131293212890625000e+03
9.482004493474960327e-02,1.764043420553207397e-01,-2.326932251453399658e-01,4.261800050735473633e-01,1.221746325492858887e+00,4.874059185385704041e-02,4.656000000000000000e+03,5.171673339843750000e+03
-1.312371436506509781e-02,-5.000000074505805969e-02,3.671624064445495605e-01,1.630242913961410522e-01,1.271114349365234375e+00,5.978117138147354126e-02,5.155000000000000000e+03,5.744425292968750000e+03
8.489102870225906372e-02,0.000000000000000000e+00,2.634049057960510254e-01,-9.326349943876266479e-03,9.464997053146362305e-01,8.746003359556198120e-02,3.720000000000000000e+03,3.851681640625000000e+03
0.000000000000000000e+00,0.000000000000000000e+00,5.180763453245162964e-02,7.915104925632476807e-02,1.294884443283081055e+00,5.333574116230010986e-02,4.378000000000000000e+03,4.401226074218750000e+03
0.000000000000000000e+00,-5.000000074505805969e-02,-3.103527724742889404e-01,4.426033198833465576e-01,1.288591384887695312e+00,6.320584565401077271e-02,4.623000000000000000e+03,5.527754394531250000e+03
1.764043420553207397e-01,-1.131237149238586426e-01,2.262034565210342407e-01,1.222467422485351562e-01,9.378122091293334961e-01,7.033237814903259277e-02,3.414000000000000000e+03,3.635366699218750000e+03
9.482004493474960327e-02,9.482004493474960327e-02,-4.992606490850448608e-02,2.174139022827148438e-01,1.290653944015502930e+00,6.141620874404907227e-02,4.844000000000000000e+03,4.948260742187500000e+03
0.000000000000000000e+00,-5.179951898753643036e-03,4.244675636291503906e-01,2.711169719696044922e-01,1.282874941825866699e+00,6.417648494243621826e-02,5.143000000000000000e+03,5.917085449218750000e+03
-1.500000059604644775e-01,9.482004493474960327e-02,4.651280865073204041e-02,9.457295387983322144e-02,7.365580797195434570e-01,5.898944661021232605e-02,2.162000000000000000e+03,2.313553710937500000e+03
0.000000000000000000e+00,-5.000000074505805969e-02,3.921281993389129639e-01,1.511303037405014038e-01,1.280779361724853516e+00,6.332734972238540649e-02,5.104000000000000000e+03,5.692241210937500000e+03
-1.500000059604644775e-01,3.562291860580444336e-01,-1.267286986112594604e-01,2.171345055103302002e-01,1.030498147010803223e+00,7.804335653781890869e-02,3.048000000000000000e+03,3.104955322265625000e+03
5.000000074505805969e-02,-5.000000074505805969e-02,-1.972327828407287598e-01,1.439548283815383911e-01,1.269203305244445801e+00,5.758757144212722778e-02,5.092000000000000000e+03,5.399687500000000000e+03
-1.102498918771743774e-01,0.000000000000000000e+00,3.250221610069274902e-01,9.398587862960994244e-04,1.174760460853576660e+00,5.801265686750411987e-02,4.420000000000000000e+03,5.008657226562500000e+03
2.145627290010452271e-01,9.482004493474960327e-02,1.179909519851207733e-02,1.338920593261718750e-01,1.043909430503845215e+00,5.473469570279121399e-02,4.115000000000000000e+03,4.274627441406250000e+03
1.748126149177551270e-01,-5.000000074505805969e-02,1.297823190689086914e-01,-9.256535209715366364e-03,1.199779510498046875e+00,6.557466089725494385e-02,4.422000000000000000e+03,4.433327636718750000e+03
0.000000000000000000e+00,-1.000000014901161194e-01,-1.894825696945190430e-01,-6.098116748034954071e-03,1.201926946640014648e+00,5.743378400802612305e-02,4.487000000000000000e+03,4.624518554687500000e+03
5.000000074505805969e-02,1.735305190086364746e-01,-4.871482849121093750e-01,9.213308990001678467e-02,1.177315831184387207e+00,6.781773269176483154e-02,3.743000000000000000e+03,4.506212402343750000e+03
8.580648899078369141e-02,1.366542428731918335e-01,-3.177950680255889893e-01,1.698949038982391357e-01,1.229165911674499512e+00,6.477299332618713379e-02,4.903000000000000000e+03,5.422561523437500000e+03
0.000000000000000000e+00,5.000000074505805969e-02,-3.705794513225555420e-01,1.322214454412460327e-01,1.266063928604125977e+00,5.515093728899955750e-02,5.080000000000000000e+03,5.527027343750000000e+03
-5.000000074505805969e-02,1.764043420553207397e-01,1.279470976442098618e-02,4.948452413082122803e-01,1.027595639228820801e+00,5.332680791616439819e-02,4.433000000000000000e+03,4.865983398437500000e+03
5.000000074505805969e-02,0.000000000000000000e+00,-1.069788932800292969e-01,-5.601940676569938660e-03,1.285563826560974121e+00,5.851391702890396118e-02,4.557000000000000000e+03,4.624904296875000000e+03
0.000000000000000000e+00,-1.000000014901161194e-01,4.726894199848175049e-02,3.878572583198547363e-01,1.269963145256042480e+00,6.173443794250488281e-02,4.579000000000000000e+03,5.239967773437500000e+03
-5.000000074505805969e-02,9.482004493474960327e-02,-3.454716801643371582e-01,-1.151724681258201599e-01,1.108195066452026367e+00,7.120915502309799194e-02,5.053000000000000000e+03,5.579864746093750000e+03
-3.499999940395355225e-01,0.000000000000000000e+00,-1.845313459634780884e-01,2.252591103315353394e-01,1.161797642707824707e+00,6.643768399953842163e-02,4.174000000000000000e+03,4.412081054687500000e+03
-5.000000074505805969e-02,-5.000000074505805969e-02,2.886998951435089111e-01,1.154444962739944458e-01,1.274916410446166992e+00,5.931228399276733398e-02,5.107000000000000000e+03,5.545097656250000000e+03
5.000000074505805969e-02,3.815837576985359192e-02,-3.680846393108367920e-01,4.359396696090698242e-01,1.234233856201171875e+00,5.950207635760307312e-02,5.275000000000000000e+03,6.379062500000000000e+03
9.482004493474960327e-02,-1.000000014901161194e-01,-1.505014151334762573e-01,-1.783430725336074829e-01,1.100108027458190918e+00,6.472165882587432861e-02,3.994000000000000000e+03,4.209854980468750000e+03
3.409266844391822815e-02,1.707469075918197632e-01,-8.583693951368331909e-02,-3.463950380682945251e-02,1.207950949668884277e+00,7.132551819086074829e-02,4.574000000000000000e+03,4.749445800781250000e+03
5.000000074505805969e-02,-5.000000074505805969e-02,-2.567323483526706696e-02,1.655252091586589813e-02,1.277153491973876953e+00,6.133954599499702454e-02,4.973000000000000000e+03,5.003979492187500000e+03
-2.000000029802322388e-01,5.000000074505805969e-02,-1.782405376434326172e-01,4.511306583881378174e-01,1.130319714546203613e+00,6.570368260145187378e-02,4.188000000000000000e+03,4.702060546875000000e+03
0.000000000000000000e+00,8.032695204019546509e-02,-4.653089679777622223e-03,-1.023476123809814453e-01,1.271391510963439941e+00,6.362821906805038452e-02,5.079000000000000000e+03,5.183645996093750000e+03
0.000000000000000000e+00,0.000000000000000000e+00,5.417266860604286194e-02,1.767092943191528320e-01,9.522394537925720215e-01,6.534090638160705566e-02,3.238000000000000000e+03,3.358726318359375000e+03
0.000000000000000000e+00,3.409266844391822815e-02,4.441577792167663574e-01,2.689893841743469238e-01,1.251769065856933594e+00,5.784602463245391846e-02,4.681000000000000000e+03,5.409960449218750000e+03
5.000000074505805969e-02,-1.500000059604644775e-01,1.715454757213592529e-01,3.012441098690032959e-01,1.213528752326965332e+00,6.429676711559295654e-02,5.200000000000000000e+03,5.947750976562500000e+03
-5.000000074505805969e-02,1.366542428731918335e-01,-3.567763790488243103e-02,2.169058471918106079e-01,1.275679111480712891e+00,6.885805726051330566e-02,4.749000000000000000e+03,4.768285644531250000e+03
-1.631237119436264038e-01,0.000000000000000000e+00,9.893945604562759399e-02,5.267850309610366821e-02,1.206529855728149414e+00,5.654369667172431946e-02,4.504000000000000000e+03,4.722942382812500000e+03
-5.000000074505805969e-02,5.000000074505805969e-02,1.954081207513809204e-01,2.712600827217102051e-01,1.265531897544860840e+00,6.054325401782989502e-02,4.995000000000000000e+03,5.329527832031250000e+03
-5.000000074505805969e-02,1.345701515674591064e-01,1.076054051518440247e-01,2.160417735576629639e-01,1.096125245094299316e+00,6.937491893768310547e-02,3.300000000000000000e+03,3.386185058593750000e+03
5.000000074505805969e-02,3.221365213394165039e-01,-2.321907877922058105e-01,2.882627844810485840e-01,9.152123332023620605e-01,7.350668311119079590e-02,2.986000000000000000e+03,3.268163574218750000e+03
-5.000000074505805969e-02,0.000000000000000000e+00,3.341489732265472412e-01,-6.367328017950057983e-02,1.280616402626037598e+00,6.014546379446983337e-02,5.287000000000000000e+03,5.766171875000000000e+03
0.000000000000000000e+00,5.000000074505805969e-02,4.801695048809051514e-02,2.418869920074939728e-02,1.278073787689208984e+00,5.679316818714141846e-02,3.816000000000000000e+03,3.822914550781250000e+03
5.000000074505805969e-02,9.482004493474960327e-02,-8.802488446235656738e-02,2.472268790006637573e-01,1.268983244895935059e+00,7.782767713069915771e-02,4.272000000000000000e+03,4.383570312500000000e+03
5.000000074505805969e-02,5.000000074505805969e-02,-2.969925999641418457e-01,2.406416386365890503e-01,1.272531747817993164e+00,6.324236094951629639e-02,5.096000000000000000e+03,5.577548828125000000e+03
-1.000000014901161194e-01,1.700402945280075073e-01,3.775923848152160645e-01,2.392899841070175171e-01,1.204894781112670898e+00,7.100380212068557739e-02,4.377000000000000000e+03,5.056048828125000000e+03
9.482004493474960327e-02,-5.000000074505805969e-02,1.506316512823104858e-01,3.734045326709747314e-01,1.096327066421508789e+00,6.749363988637924194e-02,4.199000000000000000e+03,4.814419433593750000e+03
-5.000000074505805969e-02,5.000000074505805969e-02,3.062130883336067200e-02,1.177511587738990784e-01,1.103571295738220215e+00,3.928545713424682617e-01,1.671300000000000000e+04,1.686462890625000000e+04
-5.000000074505805969e-02,3.815837576985359192e-02,5.963089466094970703e-01,2.120500355958938599e-01,1.262053012847900391e+00,6.086665019392967224e-02,4.474000000000000000e+03,5.666014160156250000e+03
1.366542428731918335e-01,2.872454822063446045e-01,2.127368152141571045e-01,1.339456439018249512e-01,1.099029660224914551e+00,5.607051029801368713e-02,4.654000000000000000e+03,4.766101562500000000e+03
-1.000000014901161194e-01,2.514390051364898682e-01,9.340400248765945435e-02,4.712321758270263672e-01,1.056207060813903809e+00,5.525397136807441711e-02,4.120000000000000000e+03,4.430258789062500000e+03
5.000000074505805969e-02,-1.000000014901161194e-01,8.164492994546890259e-02,9.837452322244644165e-02,6.472571492195129395e-01,6.951134651899337769e-02,2.183000000000000000e+03,2.388428466796875000e+03
8.338605612516403198e-02,-1.000000014901161194e-01,-1.391032710671424866e-02,1.180872470140457153e-01,1.049188852310180664e+00,6.524074077606201172e-02,4.713000000000000000e+03,4.954084472656250000e+03
-8.165807463228702545e-03,2.514390051364898682e-01,1.517790704965591431e-01,2.462334781885147095e-01,5.376492738723754883e-01,8.975993841886520386e-02,1.761000000000000000e+03,1.914005371093750000e+03
4.482004791498184204e-02,2.145627290010452271e-01,1.090186759829521179e-01,2.178051173686981201e-01,1.045310139656066895e+00,7.250760495662689209e-02,3.689000000000000000e+03,3.703045898437500000e+03
-5.000000074505805969e-02,9.482004493474960327e-02,-4.988470077514648438e-01,3.038071691989898682e-01,1.247958660125732422e+00,5.393746867775917053e-02,4.786000000000000000e+03,5.514588378906250000e+03
1.764043420553207397e-01,1.366542428731918335e-01,2.802935540676116943e-01,6.958072781562805176e-01,1.183894515037536621e+00,5.882677435874938965e-02,4.152000000000000000e+03,5.064281738281250000e+03
0.000000000000000000e+00,0.000000000000000000e+00,4.229786619544029236e-02,2.882792428135871887e-02,1.273460030555725098e+00,5.289885774254798889e-02,3.897000000000000000e+03,3.903252685546875000e+03
4.482004791498184204e-02,-1.000000014901161194e-01,-1.245570089668035507e-02,3.431558310985565186e-01,1.247916340827941895e+00,6.340127438306808472e-02,4.640000000000000000e+03,5.218514648437500000e+03
-1.618416309356689453e-01,1.366542428731918335e-01,-1.113875731825828552e-01,2.474594116210937500e-02,9.408540129661560059e-01,5.484958365559577942e-02,3.629000000000000000e+03,3.690718261718750000e+03
0.000000000000000000e+00,0.000000000000000000e+00,-2.787843048572540283e-01,1.148478984832763672e-01,1.269733309745788574e+00,5.641229450702667236e-02,4.878000000000000000e+03,5.149534667968750000e+03
1.366542428731918335e-01,-1.618416309356689453e-01,-5.060653667896986008e-03,-1.439691428095102310e-02,1.131368756294250488e+00,8.059486746788024902e-02,3.494000000000000000e+03,3.607145019531250000e+03
1.764043420553207397e-01,5.000000074505805969e-02,-3.087079226970672607e-01,-6.998962163925170898e-02,1.261398792266845703e+00,5.770226940512657166e-02,5.193000000000000000e+03,5.980558593750000000e+03
-1.000000014901161194e-01,-1.500000059604644775e-01,-6.602722406387329102e-02,-7.597903907299041748e-02,1.154467582702636719e+00,5.493859201669692993e-02,3.805000000000000000e+03,3.823806152343750000e+03
-5.000000074505805969e-02,9.482004493474960327e-02,2.238830626010894775e-01,2.996930852532386780e-03,1.047930121421813965e+00,5.948668718338012695e-02,3.837000000000000000e+03,4.123395996093750000e+03
-1.000000014901161194e-01,9.482004493474960327e-02,1.928132325410842896e-01,1.766901314258575439e-01,1.256015777587890625e+00,5.752515420317649841e-02,4.672000000000000000e+03,4.942386718750000000e+03
0.000000000000000000e+00,0.000000000000000000e+00,-3.124917745590209961e-01,6.074081063270568848e-01,1.271785378456115723e+00,5.312164500355720520e-02,4.674000000000000000e+03,5.948347167968750000e+03
-1.000000014901161194e-01,-5.000000074505805969e-02,1.872939318418502808e-01,4.430313706398010254e-01,1.258617043495178223e+00,5.817571282386779785e-02,4.726000000000000000e+03,5.657837402343750000e+03
-1.000000014901161194e-01,-6.661394238471984863e-02,-1.081388816237449646e-01,3.236884772777557373e-01,1.157308697700500488e+00,5.902511626482009888e-02,4.311000000000000000e+03,4.788462890625000000e+03
-1.000000014901161194e-01,-1.500000059604644775e-01,-6.585769355297088623e-02,-1.238204613327980042e-01,6.061006784439086914e-01,6.788357347249984741e-02,1.877000000000000000e+03,1.886411132812500000e+03
0.000000000000000000e+00,-1.000000014901161194e-01,2.244696766138076782e-01,-1.143666058778762817e-01,1.179909229278564453e+00,6.741283833980560303e-02,3.898000000000000000e+03,4.038407714843750000e+03
-1.590733230113983154e-02,-1.500000059604644775e-01,-1.040767058730125427e-01,1.932076662778854370e-01,1.273375272750854492e+00,6.294631958007812500e-02,4.868000000000000000e+03,5.237843750000000000e+03
-1.000000014901161194e-01,0.000000000000000000e+00,-2.514852285385131836e-01,2.204065211117267609e-02,1.201698780059814453e+00,5.576545000076293945e-02,4.865000000000000000e+03,4.943811035156250000e+03
3.975010663270950317e-02,5.000000074505805969e-02,-3.191536664962768555e-01,8.029236644506454468e-02,1.269753098487854004e+00,5.717399343848228455e-02,4.708000000000000000e+03,5.080102539062500000e+03
4.482004791498184204e-02,1.366542428731918335e-01,-9.106952697038650513e-02,-9.222019463777542114e-02,1.160083293914794922e+00,6.910055875778198242e-02,4.394000000000000000e+03,4.622187988281250000e+03
0.000000000000000000e+00,-5.000000074505805969e-02,1.583971530199050903e-01,4.373592883348464966e-02,1.269433498382568359e+00,5.871070548892021179e-02,4.928000000000000000e+03,5.031034179687500000e+03
0.000000000000000000e+00,-5.000000074505805969e-02,-1.216788291931152344e-01,3.383703529834747314e-01,1.272564888000488281e+00,5.986158177256584167e-02,5.306000000000000000e+03,5.837171386718750000e+03
5.000000074505805969e-02,5.000000074505805969e-02,2.404882758855819702e-01,3.769097849726676941e-02,1.272025942802429199e+00,7.289447635412216187e-02,3.742000000000000000e+03,3.826068115234375000e+03
0.000000000000000000e+00,0.000000000000000000e+00,2.227687686681747437e-01,3.724067211151123047e-01,1.140306591987609863e+00,6.511689722537994385e-02,4.045000000000000000e+03,4.611311523437500000e+03
5.000000074505805969e-02,0.000000000000000000e+00,-1.452755182981491089e-01,-4.558454453945159912e-02,1.281580209732055664e+00,6.391309946775436401e-02,5.048000000000000000e+03,5.171267089843750000e+03
-1.000000014901161194e-01,8.580648899078369141e-02,-1.525636911392211914e-01,9.668649733066558838e-02,1.186363339424133301e+00,5.874400585889816284e-02,4.493000000000000000e+03,4.502130859375000000e+03
9.482004493474960327e-02,4.482004791498184204e-02,-3.716211616992950439e-01,7.861968129873275757e-02,1.241938233375549316e+00,5.979416891932487488e-02,4.324000000000000000e+03,4.917877929687500000e+03
5.000000074505805969e-02,-6.510896980762481689e-02,2.508610188961029053e-01,2.999668121337890625e-01,1.222344160079956055e+00,6.121787056326866150e-02,4.925000000000000000e+03,5.481452148437500000e+03
-2.000000029802322388e-01,2.872454822063446045e-01,-5.116507038474082947e-02,3.047515153884887695e-01,9.918909668922424316e-01,6.291178613901138306e-02,3.922000000000000000e+03,4.010736572265625000e+03
-5.000000074505805969e-02,5.000000074505805969e-02,-1.456402540206909180e-01,2.350536286830902100e-01,1.259517669677734375e+00,6.181446090340614319e-02,5.184000000000000000e+03,5.324831054687500000e+03
5.000000074505805969e-02,3.409266844391822815e-02,-2.802923619747161865e-01,-1.726121753454208374e-01,1.256137490272521973e+00,5.700770020484924316e-02,4.608000000000000000e+03,5.041630371093750000e+03
5.000000074505805969e-02,5.000000074505805969e-02,-1.533894091844558716e-01,6.928520202636718750e-01,1.234237909317016602e+00,6.806152313947677612e-02,4.582000000000000000e+03,5.870497558593750000e+03
0.000000000000000000e+00,9.482004493474960327e-02,1.588974893093109131e-01,9.606009721755981445e-02,9.347786903381347656e-01,6.450880318880081177e-02,3.400000000000000000e+03,3.497250488281250000e+03
-2.500000000000000000e-01,5.000000074505805969e-02,-2.903118729591369629e-01,-4.020193964242935181e-02,6.920758485794067383e-01,8.445534110069274902e-02,2.649000000000000000e+03,2.702779785156250000e+03
9.482004493474960327e-02,2.145627290010452271e-01,7.664924860000610352e-02,7.121706753969192505e-02,8.702198266983032227e-01,5.842880532145500183e-02,3.013000000000000000e+03,3.095386718750000000e+03
0.000000000000000000e+00,0.000000000000000000e+00,1.908769607543945312e-01,-8.853564411401748657e-02,1.274085521697998047e+00,5.220379307866096497e-02,5.022000000000000000e+03,5.158430175781250000e+03
-2.000000029802322388e-01,1.366542428731918335e-01,-2.218221873044967651e-01,4.985364377498626709e-01,1.037042617797851562e+00,6.718346476554870605e-02,3.492000000000000000e+03,3.907377685546875000e+03
-5.000000074505805969e-02,1.366542428731918335e-01,2.444590330123901367e-01,-4.576891660690307617e-04,1.162694931030273438e+00,5.828173831105232239e-02,4.491000000000000000e+03,4.835224121093750000e+03
1.366542428731918335e-01,2.145627290010452271e-01,2.532987892627716064e-01,-1.575075834989547729e-02,8.683778047561645508e-01,5.934296175837516785e-02,3.319000000000000000e+03,3.606150634765625000e+03
4.482004791498184204e-02,0.000000000000000000e+00,-2.365690022706985474e-01,1.524714082479476929e-01,1.285735368728637695e+00,5.504802614450454712e-02,5.408000000000000000e+03,5.737901855468750000e+03
5.000000074505805969e-02,0.000000000000000000e+00,-2.480176836252212524e-01,5.046405792236328125e-01,1.285839438438415527e+00,5.759928002953529358e-02,5.174000000000000000e+03,6.201808105468750000e+03
5.000000074505805969e-02,5.000000074505805969e-02,-4.219444692134857178e-01,5.772524699568748474e-02,1.275023460388183594e+00,5.993171036243438721e-02,5.026000000000000000e+03,5.695364746093750000e+03
-6.312371790409088135e-02,-1.000000014901161194e-01,1.345539558678865433e-02,1.917639747262001038e-02,1.198297977447509766e+00,5.976494401693344116e-02,4.868000000000000000e+03,4.935686035156250000e+03
5.000000074505805969e-02,1.764043420553207397e-01,-4.148200154304504395e-02,-1.930641084909439087e-01,8.829047083854675293e-01,6.189231574535369873e-02,3.043000000000000000e+03,3.587510253906250000e+03
0.000000000000000000e+00,5.000000074505805969e-02,1.611076146364212036e-01,-5.231370404362678528e-02,1.289839625358581543e+00,6.315406411886215210e-02,5.249000000000000000e+03,5.363613769531250000e+03
0.000000000000000000e+00,5.000000074505805969e-02,-8.601959794759750366e-03,1.677780412137508392e-02,1.277911663055419922e+00,5.937953665852546692e-02,4.516000000000000000e+03,4.519296386718750000e+03
-5.000000074505805969e-02,1.764043420553207397e-01,-6.777324527502059937e-02,1.912461370229721069e-01,9.778798818588256836e-01,5.890241265296936035e-02,3.477000000000000000e+03,3.478922119140625000e+03
-5.000000074505805969e-02,-1.500000059604644775e-01,-1.553886681795120239e-01,5.599424988031387329e-02,1.086603522300720215e+00,5.682413280010223389e-02,4.516000000000000000e+03,4.718982910156250000e+03
-5.000000074505805969e-02,2.514390051364898682e-01,-4.479840695858001709e-01,3.088948726654052734e-01,1.248255372047424316e+00,5.935383215546607971e-02,4.851000000000000000e+03,5.342610839843750000e+03
-5.000000074505805969e-02,0.000000000000000000e+00,-2.050686925649642944e-01,1.768608689308166504e-01,1.267212390899658203e+00,5.915547907352447510e-02,4.767000000000000000e+03,4.929902832031250000e+03
0.000000000000000000e+00,0.000000000000000000e+00,4.148657917976379395e-01,-9.580702520906925201e-03,1.263741850852966309e+00,5.515396595001220703e-02,4.732000000000000000e+03,5.229405273437500000e+03
9.482004493474960327e-02,1.366542428731918335e-01,-4.998653531074523926e-01,1.693032681941986084e-01,1.234052300453186035e+00,6.339372694492340088e-02,4.719000000000000000e+03,5.767574218750000000e+03
2.145627290010452271e-01,1.297110766172409058e-01,-3.135300278663635254e-01,4.996986594051122665e-03,1.122547268867492676e+00,5.331152677536010742e-02,4.055000000000000000e+03,4.959412597656250000e+03
5.000000074505805969e-02,2.071419507265090942e-01,-7.438734173774719238e-02,1.922774910926818848e-01,1.235081672668457031e+00,7.246490567922592163e-02,4.453000000000000000e+03,4.498789062500000000e+03
-5.000000074505805969e-02,0.000000000000000000e+00,-1.430525928735733032e-01,3.671659231185913086e-01,1.251933455467224121e+00,5.505174770951271057e-02,5.115000000000000000e+03,5.572772460937500000e+03
5.000000074505805969e-02,5.000000074505805969e-02,1.526313126087188721e-01,1.987876370549201965e-02,1.275681138038635254e+00,5.922732502222061157e-02,3.590000000000000000e+03,3.615340576171875000e+03
2.145627290010452271e-01,1.764043420553207397e-01,3.964136540889739990e-01,7.147075980901718140e-02,1.020173907279968262e+00,7.038818299770355225e-02,2.187000000000000000e+03,2.278667724609375000e+03
2.145627290010452271e-01,1.678342521190643311e-01,2.665416598320007324e-01,-1.971639320254325867e-02,1.070499181747436523e+00,5.805065482854843140e-02,4.343000000000000000e+03,4.485344726562500000e+03
0.000000000000000000e+00,0.000000000000000000e+00,-1.181366816163063049e-01,6.051623262465000153e-03,1.279775500297546387e+00,5.581504851579666138e-02,4.140000000000000000e+03,4.175178222656250000e+03
-5.000000074505805969e-02,-5.000000074505805969e-02,2.517729103565216064e-01,1.658246964216232300e-01,1.271108388900756836e+00,5.613833665847778320e-02,5.099000000000000000e+03,5.525329589843750000e+03
0.000000000000000000e+00,-1.312371436506509781e-02,-2.443997263908386230e-01,2.888088524341583252e-01,1.218618869781494141e+00,5.406575649976730347e-02,5.195000000000000000e+03,5.710817382812500000e+03
-1.500000059604644775e-01,5.000000074505805969e-02,3.293657898902893066e-01,4.729503765702247620e-02,1.136540293693542480e+00,6.184441968798637390e-02,3.936000000000000000e+03,4.609375000000000000e+03
5.000000074505805969e-02,4.183419048786163330e-02,-2.081426680088043213e-01,-8.963647484779357910e-02,1.277524709701538086e+00,6.159117445349693298e-02,5.058000000000000000e+03,5.315427734375000000e+03
2.145627290010452271e-01,0.000000000000000000e+00,1.538304388523101807e-01,4.478218555450439453e-01,1.282235503196716309e+00,6.229878216981887817e-02,4.803000000000000000e+03,5.383378417968750000e+03
-5.000000074505805969e-02,9.482004493474960327e-02,4.245797395706176758e-01,4.299093782901763916e-02,1.116623640060424805e+00,3.700318336486816406e-01,2.116683984375000000e+04,2.488424609375000000e+04
-3.000000119209289551e-01,-2.159073352813720703e-01,-4.611707031726837158e-01,1.805967837572097778e-01,1.200097918510437012e+00,6.851997226476669312e-02,4.194000000000000000e+03,4.712839355468750000e+03
-5.000000074505805969e-02,0.000000000000000000e+00,6.026599928736686707e-02,3.844919204711914062e-01,1.168881535530090332e+00,5.335977301001548767e-02,4.230000000000000000e+03,4.711743164062500000e+03
0.000000000000000000e+00,0.000000000000000000e+00,3.655386567115783691e-01,4.022170901298522949e-01,1.289939999580383301e+00,5.383339896798133850e-02,4.733000000000000000e+03,5.542726562500000000e+03
5.000000074505805969e-02,-5.000000074505805969e-02,5.314854979515075684e-01,5.093635618686676025e-02,1.136875510215759277e+00,6.550682336091995239e-02,4.499000000000000000e+03,5.307058593750000000e+03
0.000000000000000000e+00,0.000000000000000000e+00,1.450764536857604980e-01,5.535188913345336914e-01,1.263854146003723145e+00,5.786216631531715393e-02,4.752000000000000000e+03,5.685476074218750000e+03
1.366542428731918335e-01,0.000000000000000000e+00,6.717450451105833054e-04,4.006657898426055908e-01,1.191587567329406738e+00,5.735835060477256775e-02,5.076000000000000000e+03,5.699059082031250000e+03
-5.000000074505805969e-02,-5.000000074505805969e-02,-2.458661943674087524e-01,3.167120814323425293e-01,1.257680535316467285e+00,5.585254356265068054e-02,4.818000000000000000e+03,5.330618164062500000e+03
-1.312371436506509781e-02,-5.000000074505805969e-02,4.181922227144241333e-02,2.153656817972660065e-02,1.283168315887451172e+00,6.424228101968765259e-02,4.219000000000000000e+03,4.239852050781250000e+03
0.000000000000000000e+00,0.000000000000000000e+00,-5.089495703577995300e-02,5.071702003479003906e-01,1.237864732742309570e+00,5.907802283763885498e-02,4.569000000000000000e+03,5.316244140625000000e+03
8.032695204019546509e-02,-5.179951898753643036e-03,1.782954856753349304e-02,-1.001669913530349731e-01,1.276466846466064453e+00,6.592808663845062256e-02,4.691000000000000000e+03,4.728252929687500000e+03
2.494537532329559326e-01,2.145627290010452271e-01,-1.607386469841003418e-01,4.456480443477630615e-01,1.023780465126037598e+00,6.551464647054672241e-02,3.490000000000000000e+03,4.196334960937500000e+03
0.000000000000000000e+00,0.000000000000000000e+00,-1.455179303884506226e-01,2.435103505849838257e-01,1.279006361961364746e+00,5.509861186146736145e-02,5.160000000000000000e+03,5.410831054687500000e+03
0.000000000000000000e+00,0.000000000000000000e+00,-6.887993961572647095e-02,7.195463031530380249e-02,1.280618429183959961e+00,5.931967124342918396e-02,4.873000000000000000e+03,4.902580078125000000e+03
8.975010365247726440e-02,1.366542428731918335e-01,4.228039979934692383e-01,1.660170257091522217e-01,1.156270265579223633e+00,5.960283428430557251e-02,4.472000000000000000e+03,4.837941406250000000e+03
4.183419048786163330e-02,5.000000074505805969e-02,-1.232979968190193176e-01,6.622531265020370483e-02,1.267635107040405273e+00,6.216035783290863037e-02,4.774000000000000000e+03,4.855191406250000000e+03
9.482004493474960327e-02,2.145627290010452271e-01,1.901242583990097046e-01,4.970636665821075439e-01,8.343244791030883789e-01,7.165018469095230103e-02,2.805000000000000000e+03,3.153364501953125000e+03
5.000000074505805969e-02,5.000000074505805969e-02,7.420075684785842896e-02,-3.602562844753265381e-02,1.228225111961364746e+00,6.410326063632965088e-02,3.892000000000000000e+03,3.912647705078125000e+03
0.000000000000000000e+00,0.000000000000000000e+00,6.155911460518836975e-02,3.523273020982742310e-02,1.276657700538635254e+00,5.663268640637397766e-02,4.988000000000000000e+03,5.003447753906250000e+03
-1.000000014901161194e-01,-6.419350951910018921e-02,-5.132212862372398376e-02,-1.226781457662582397e-01,1.055403113365173340e+00,6.242915242910385132e-02,3.761000000000000000e+03,3.780401123046875000e+03
3.687628731131553650e-02,5.481259822845458984e-01,4.666166007518768311e-01,3.377128839492797852e-01,9.255918860435485840e-01,7.975149154663085938e-02,3.725000000000000000e+03,4.669417480468750000e+03
-1.000000014901161194e-01,9.482004493474960327e-02,-1.991763561964035034e-01,1.372436434030532837e-01,1.219481348991394043e+00,7.010398060083389282e-02,3.986000000000000000e+03,4.017292968750000000e+03
-1.000000014901161194e-01,-1.000000014901161194e-01,-7.175055891275405884e-02,2.838736474514007568e-01,1.250100493431091309e+00,5.645622313022613525e-02,4.378000000000000000e+03,4.784873046875000000e+03
1.764043420553207397e-01,1.345701515674591064e-01,-2.905502915382385254e-01,9.133852273225784302e-02,1.176667451858520508e+00,5.448129400610923767e-02,4.335000000000000000e+03,4.999946289062500000e+03
0.000000000000000000e+00,-5.000000074505805969e-02,1.614175587892532349e-01,4.628457501530647278e-02,1.284309625625610352e+00,6.555389612913131714e-02,4.997000000000000000e+03,5.103779785156250000e+03
4.482004791498184204e-02,1.366542428731918335e-01,-9.568544477224349976e-02,2.553574740886688232e-01,1.091395854949951172e+00,5.672698095440864563e-02,3.491000000000000000e+03,3.589585693359375000e+03
-5.000000074505805969e-02,0.000000000000000000e+00,-8.663892745971679688e-02,-1.375938802957534790e-01,1.237871050834655762e+00,6.320838630199432373e-02,4.294000000000000000e+03,4.350599121093750000e+03
-1.419351249933242798e-02,5.000000074505805969e-02,-3.332399725914001465e-01,2.051315456628799438e-01,1.272496461868286133e+00,5.767879262566566467e-02,5.009000000000000000e+03,5.391239257812500000e+03
-5.000000074505805969e-02,0.000000000000000000e+00,2.214471548795700073e-01,2.701839990913867950e-02,1.243556618690490723e+00,5.644847080111503601e-02,4.613000000000000000e+03,4.832654296875000000e+03
0.000000000000000000e+00,-5.000000074505805969e-02,-2.383721321821212769e-01,1.989348828792572021e-01,1.266144156455993652e+00,5.169100686907768250e-02,5.174000000000000000e+03,5.549996093750000000e+03
-6.781912595033645630e-02,9.482004493474960327e-02,-2.300830557942390442e-02,4.786744713783264160e-01,1.239748954772949219e+00,5.853958427906036377e-02,4.955000000000000000e+03,5.425171875000000000e+03
0.000000000000000000e+00,-5.179951898753643036e-03,9.591527283191680908e-03,-1.388293039053678513e-02,1.276225328445434570e+00,5.410110205411911011e-02,4.033000000000000000e+03,4.033403320312500000e+03
0.000000000000000000e+00,-6.024989485740661621e-02,6.643661856651306152e-02,-1.327112168073654175e-01,9.786038994789123535e-01,6.611897051334381104e-02,3.962000000000000000e+03,4.001919189453125000e+03
0.000000000000000000e+00,3.975010663270950317e-02,-3.681581467390060425e-02,-2.811968792229890823e-03,1.292933225631713867e+00,5.408499017357826233e-02,3.835000000000000000e+03,3.842281005859375000e+03
0.000000000000000000e+00,-1.926239021122455597e-02,4.615919291973114014e-01,3.750793039798736572e-01,1.217899203300476074e+00,6.394401192665100098e-02,4.780000000000000000e+03,5.907880371093750000e+03
3.896152675151824951e-01,1.215452700853347778e-01,1.974210143089294434e-01,2.195551842451095581e-01,8.552504777908325195e-01,6.818388402462005615e-02,3.079000000000000000e+03,3.272222167968750000e+03
9.482004493474960327e-02,-1.312371436506509781e-02,2.134362012147903442e-01,1.020297929644584656e-01,1.247575163841247559e+00,6.219215318560600281e-02,5.125000000000000000e+03,5.214270996093750000e+03
9.482004493474960327e-02,0.000000000000000000e+00,-3.363525271415710449e-01,4.240570366382598877e-01,1.268588423728942871e+00,5.705853924155235291e-02,4.902000000000000000e+03,5.967052734375000000e+03
0.000000000000000000e+00,0.000000000000000000e+00,1.380524337291717529e-01,-4.742816463112831116e-02,7.133830785751342773e-01,6.033959612250328064e-02,2.689000000000000000e+03,2.800484863281250000e+03
-1.000000014901161194e-01,-1.000000014901161194e-01,-3.191831409931182861e-01,-3.696857020258903503e-02,1.080231428146362305e+00,5.883749946951866150e-02,4.333000000000000000e+03,4.523654296875000000e+03
-2.000000029802322388e-01,-1.500000059604644775e-01,-2.031810134649276733e-01,4.207075536251068115e-01,1.113094687461853027e+00,6.634266674518585205e-02,3.729000000000000000e+03,4.660184570312500000e+03
-5.000000074505805969e-02,0.000000000000000000e+00,-2.600546553730964661e-02,-1.226497814059257507e-01,1.114127159118652344e+00,6.127852946519851685e-02,4.185000000000000000e+03,4.237705566406250000e+03
-5.179951898753643036e-03,-5.000000074505805969e-02,2.500057965517044067e-02,4.507129192352294922e-01,1.290430903434753418e+00,6.916003674268722534e-02,4.489000000000000000e+03,5.144423828125000000e+03
-2.000000029802322388e-01,-5.000000074505805969e-02,-8.577615022659301758e-02,-1.093953996896743774e-01,1.200078487396240234e+00,7.751701772212982178e-02,3.702000000000000000e+03,3.744433837890625000e+03
-1.500000059604644775e-01,-1.000000014901161194e-01,-2.633805572986602783e-01,1.356521099805831909e-01,1.187071323394775391e+00,5.999195948243141174e-02,5.042000000000000000e+03,5.283329101562500000e+03
5.000000074505805969e-02,5.000000074505805969e-02,-5.327764153480529785e-01,-6.171953678131103516e-02,1.194988369941711426e+00,6.409820914268493652e-02,4.040000000000000000e+03,4.986123535156250000e+03
-1.024989411234855652e-02,5.000000074505805969e-02,-2.863687463104724884e-02,-7.963215559720993042e-02,1.259565472602844238e+00,6.248380243778228760e-02,5.042000000000000000e+03,5.096506835937500000e+03
-5.000000074505805969e-02,-1.000000014901161194e-01,-1.825305968523025513e-01,3.137688338756561279e-01,1.225535392761230469e+00,7.227350771427154541e-02,4.151000000000000000e+03,4.658528320312500000e+03
-5.000000074505805969e-02,1.366542428731918335e-01,7.223897427320480347e-02,4.126173853874206543e-01,1.237446904182434082e+00,6.163111701607704163e-02,4.739000000000000000e+03,5.017257324218750000e+03
0.000000000000000000e+00,0.000000000000000000e+00,-2.308619618415832520e-01,6.745576113462448120e-02,1.268388628959655762e+00,4.634218662977218628e-02,5.118000000000000000e+03,5.300226074218750000e+03
0.000000000000000000e+00,-5.000000074505805969e-02,7.682439684867858887e-02,6.128092296421527863e-03,1.213909387588500977e+00,5.875023826956748962e-02,4.131000000000000000e+03,4.156404296875000000e+03
3.489103168249130249e-02,4.482004791498184204e-02,-2.658651471138000488e-01,4.854888021945953369e-01,1.262812018394470215e+00,5.153841897845268250e-02,4.821000000000000000e+03,5.648877441406250000e+03
-5.179951898753643036e-03,4.223684668540954590e-01,2.246051132678985596e-01,4.740727841854095459e-01,9.002793431282043457e-01,6.842804700136184692e-02,2.568000000000000000e+03,2.740777343750000000e+03
0.000000000000000000e+00,0.000000000000000000e+00,1.040357910096645355e-02,3.279338590800762177e-03,1.288131475448608398e+00,5.776581913232803345e-02,4.282000000000000000e+03,4.282309570312500000e+03
-5.000000074505805969e-02,3.032695502042770386e-02,1.882319301366806030e-01,2.005201429128646851e-01,1.258592844009399414e+00,5.574034154415130615e-02,4.993000000000000000e+03,5.260183105468750000e+03
0.000000000000000000e+00,5.000000074505805969e-02,1.382980048656463623e-01,-3.464771434664726257e-02,1.268946170806884766e+00,5.645515024662017822e-02,4.856000000000000000e+03,4.934665527343750000e+03
5.000000074505805969e-02,-6.184162572026252747e-02,1.852711439132690430e-01,-1.436741352081298828e-01,1.256729602813720703e+00,6.213102117180824280e-02,5.070000000000000000e+03,5.150125488281250000e+03
-5.179951898753643036e-03,-5.000000074505805969e-02,-1.329373009502887726e-02,-8.368682861328125000e-02,1.272501707077026367e+00,6.098380312323570251e-02,5.031000000000000000e+03,5.034672363281250000e+03
-2.000000029802322388e-01,-6.661394238471984863e-02,1.487984657287597656e-01,1.367201190441846848e-02,1.253689646720886230e+00,6.488920003175735474e-02,4.977000000000000000e+03,5.375536621093750000e+03
5.000000074505805969e-02,9.482004493474960327e-02,1.902461200952529907e-01,2.002761662006378174e-01,8.995072245597839355e-01,7.055673003196716309e-02,3.610000000000000000e+03,3.746137451171875000e+03
5.000000074505805969e-02,1.366542428731918335e-01,-4.364059567451477051e-01,1.183650270104408264e-01,1.216824769973754883e+00,6.586225330829620361e-02,4.358000000000000000e+03,5.031550292968750000e+03
-1.000000014901161194e-01,5.000000074505805969e-02,1.901797950267791748e-02,1.298726946115493774e-01,1.094094157218933105e+00,5.441801995038986206e-02,4.200000000000000000e+03,4.272002929687500000e+03
1.366542428731918335e-01,0.000000000000000000e+00,-1.113767456263303757e-02,1.104988902807235718e-01,1.052960157394409180e+00,6.511779129505157471e-02,4.381000000000000000e+03,4.514440917968750000e+03
-5.000000074505805969e-02,-1.500000059604644775e-01,2.911716699600219727e-01,-6.875672936439514160e-02,1.112360835075378418e+00,5.653530731797218323e-02,3.771000000000000000e+03,4.137810058593750000e+03
1.366542428731918335e-01,5.000000074505805969e-02,-1.294736862182617188e-01,4.041579738259315491e-02,1.251633405685424805e+00,6.568302959203720093e-02,4.745000000000000000e+03,4.957147460937500000e+03
2.122108340263366699e-01,2.514390051364898682e-01,1.989636272192001343e-01,2.136330157518386841e-01,9.089485406875610352e-01,5.833004787564277649e-02,2.942000000000000000e+03,2.947715087890625000e+03
-5.000000074505805969e-02,1.366542428731918335e-01,-6.463333964347839355e-02,-2.008842118084430695e-02,5.820657610893249512e-01,6.215351447463035583e-02,1.653000000000000000e+03,1.772051391601562500e+03
9.482004493474960327e-02,1.764043420553207397e-01,1.384929418563842773e-01,1.215537339448928833e-01,1.132974147796630859e+00,5.961323529481887817e-02,4.663000000000000000e+03,4.680754394531250000e+03
5.000000074505805969e-02,5.000000074505805969e-02,-3.755488395690917969e-01,2.135664075613021851e-01,1.224035382270812988e+00,6.537503004074096680e-02,5.013000000000000000e+03,5.688397949218750000e+03
-2.000000029802322388e-01,-1.118416264653205872e-01,1.691048033535480499e-02,-1.614872962236404419e-01,1.071623921394348145e+00,5.959786847233772278e-02,4.248000000000000000e+03,4.428978027343750000e+03
1.366542428731918335e-01,4.183419048786163330e-02,-2.733805179595947266e-01,9.153267741203308105e-02,1.228679418563842773e+00,7.172253727912902832e-02,4.544000000000000000e+03,5.045260742187500000e+03
0.000000000000000000e+00,0.000000000000000000e+00,2.647185623645782471e-01,-6.361957639455795288e-03,1.277087926864624023e+00,5.731233209371566772e-02,4.867000000000000000e+03,5.074349609375000000e+03
0.000000000000000000e+00,0.000000000000000000e+00,9.761695563793182373e-02,4.741613268852233887e-01,1.291891813278198242e+00,5.869990587234497070e-02,5.147000000000000000e+03,5.848501953125000000e+03
-1.000000014901161194e-01,0.000000000000000000e+00,-1.253813207149505615e-01,1.056936457753181458e-01,1.176615834236145020e+00,5.509843304753303528e-02,3.607000000000000000e+03,3.637649414062500000e+03
-1.724679581820964813e-02,0.000000000000000000e+00,1.856390386819839478e-02,-2.141124904155731201e-01,1.237295508384704590e+00,6.071046739816665649e-02,3.913000000000000000e+03,4.032926757812500000e+03
5.000000074505805969e-02,1.366542428731918335e-01,-1.313317120075225830e-01,1.547492295503616333e-01,1.211495161056518555e+00,6.148911267518997192e-02,4.784000000000000000e+03,4.891478027343750000e+03
0.000000000000000000e+00,0.000000000000000000e+00,-7.231398671865463257e-02,6.955669261515140533e-03,1.285547733306884766e+00,5.804226174950599670e-02,4.181000000000000000e+03,4.194421875000000000e+03
-1.500000059604644775e-01,-1.102498918771743774e-01,-1.010926812887191772e-01,-1.000861451029777527e-01,1.014785528182983398e+00,5.672086775302886963e-02,3.203000000000000000e+03,3.210722900390625000e+03
-1.000000014901161194e-01,5.000000074505805969e-02,-8.894085884094238281e-02,1.191981211304664612e-01,1.099616885185241699e+00,6.273846328258514404e-02,3.874000000000000000e+03,3.889732177734375000e+03
0.000000000000000000e+00,5.000000074505805969e-02,-7.986719161272048950e-02,1.988686472177505493e-01,1.216698408126831055e+00,6.253763288259506226e-02,4.305000000000000000e+03,4.387309570312500000e+03
-5.000000074505805969e-02,2.145627290010452271e-01,1.961191296577453613e-01,-1.138229295611381531e-01,1.127725720405578613e+00,6.418733298778533936e-02,4.192000000000000000e+03,4.731185058593750000e+03
9.482004493474960327e-02,-1.102498918771743774e-01,-1.964042782783508301e-01,5.801524035632610321e-03,1.246271491050720215e+00,5.789143219590187073e-02,4.633000000000000000e+03,4.922379394531250000e+03
0.000000000000000000e+00,5.000000074505805969e-02,2.463359981775283813e-01,2.699817717075347900e-01,1.043512225151062012e+00,7.267452776432037354e-02,4.065000000000000000e+03,4.463677246093750000e+03
0.000000000000000000e+00,0.000000000000000000e+00,6.473666429519653320e-02,-8.267213404178619385e-02,1.212498188018798828e+00,5.804652720689773560e-02,4.858000000000000000e+03,4.894402343750000000e+03
-5.816580727696418762e-02,-5.000000074505805969e-02,3.124601542949676514e-01,2.767462730407714844e-01,1.259886384010314941e+00,6.002658233046531677e-02,5.211000000000000000e+03,5.986441894531250000e+03
0.000000000000000000e+00,3.896152675151824951e-01,-1.875254809856414795e-01,4.223052263259887695e-01,1.133366346359252930e+00,6.033137068152427673e-02,3.820000000000000000e+03,3.927187011718750000e+03
-1.102498918771743774e-01,9.482004493474960327e-02,1.833577305078506470e-01,1.863855719566345215e-01,1.204165697097778320e+00,5.642002075910568237e-02,4.485000000000000000e+03,4.773117187500000000e+03
5.000000074505805969e-02,0.000000000000000000e+00,5.616766959428787231e-02,3.604822754859924316e-01,1.255842804908752441e+00,6.003967300057411194e-02,4.903000000000000000e+03,5.299035156250000000e+03
5.000000074505805969e-02,0.000000000000000000e+00,9.670713543891906738e-02,5.091467499732971191e-01,1.275804400444030762e+00,6.084550172090530396e-02,5.065000000000000000e+03,5.850785156250000000e+03
5.000000074505805969e-02,-1.024989411234855652e-02,-2.073996663093566895e-01,1.707279384136199951e-01,1.271514296531677246e+00,6.209176406264305115e-02,4.744000000000000000e+03,5.030659179687500000e+03
9.482004493474960327e-02,-5.000000074505805969e-02,7.703823037445545197e-03,-7.863269187510013580e-03,1.127349853515625000e+00,6.140348315238952637e-02,3.187000000000000000e+03,3.210321777343750000e+03
5.000000074505805969e-02,1.735305190086364746e-01,4.380113631486892700e-02,5.448441505432128906e-01,1.234586119651794434e+00,6.122703105211257935e-02,4.501000000000000000e+03,4.900438964843750000e+03
5.000000074505805969e-02,0.000000000000000000e+00,3.968076314777135849e-03,-2.453320622444152832e-01,1.087801456451416016e+00,6.357171386480331421e-02,4.550000000000000000e+03,4.786289550781250000e+03
-5.179951898753643036e-03,-1.881999336183071136e-02,4.645345732569694519e-02,3.245883584022521973e-01,1.270155310630798340e+00,5.676186829805374146e-02,4.789000000000000000e+03,5.140144042968750000e+03
-1.312371436506509781e-02,2.872454822063446045e-01,-1.399647444486618042e-01,4.158342778682708740e-01,9.099518060684204102e-01,5.697500333189964294e-02,3.508000000000000000e+03,3.644846435546875000e+03
3.073761053383350372e-02,-5.000000074505805969e-02,2.901985347270965576e-01,2.369296848773956299e-01,1.267391562461853027e+00,6.552357226610183716e-02,5.285000000000000000e+03,5.766004394531250000e+03
0.000000000000000000e+00,-5.000000074505805969e-02,9.605482965707778931e-02,5.761833190917968750e-01,1.272111177444458008e+00,5.909159779548645020e-02,4.868000000000000000e+03,6.016644531250000000e+03
0.000000000000000000e+00,0.000000000000000000e+00,1.799207180738449097e-01,4.586698859930038452e-02,1.289078235626220703e+00,5.661284923553466797e-02,5.257000000000000000e+03,5.365313476562500000e+03
-5.000000074505805969e-02,-5.816580727696418762e-02,-4.485179483890533447e-02,-2.786899916827678680e-02,1.277138829231262207e+00,6.440609693527221680e-02,5.074000000000000000e+03,5.076925781250000000e+03
4.567164927721023560e-02,4.223684668540954590e-01,2.922746539115905762e-01,1.192541047930717468e-01,9.741088151931762695e-01,5.646964162588119507e-02,3.755000000000000000e+03,4.337551269531250000e+03
-1.312371436506509781e-02,-5.000000074505805969e-02,1.239111647009849548e-02,-7.667960971593856812e-02,1.274351358413696289e+00,6.255151331424713135e-02,4.909000000000000000e+03,4.913134765625000000e+03
8.580648899078369141e-02,2.994404174387454987e-02,5.280622094869613647e-02,3.772629797458648682e-01,1.230237960815429688e+00,5.474975332617759705e-02,4.828000000000000000e+03,5.209586914062500000e+03
9.482004493474960327e-02,-1.000000014901161194e-01,1.125737875699996948e-01,3.518146276473999023e-01,1.189076304435729980e+00,6.426164507865905762e-02,3.915000000000000000e+03,4.463111328125000000e+03
0.000000000000000000e+00,2.514390051364898682e-01,-4.884840548038482666e-01,4.468900561332702637e-01,1.145841956138610840e+00,5.576955899596214294e-02,4.556000000000000000e+03,5.474647460937500000e+03
9.482004493474960327e-02,0.000000000000000000e+00,-3.438008427619934082e-01,-6.842755526304244995e-02,1.215400218963623047e+00,5.531863495707511902e-02,4.815000000000000000e+03,5.439139648437500000e+03
-5.000000074505805969e-02,0.000000000000000000e+00,2.179055809974670410e-01,4.945785403251647949e-01,1.281855583190917969e+00,5.466529354453086853e-02,4.664000000000000000e+03,5.527101562500000000e+03
-1.000000014901161194e-01,-5.000000074505805969e-02,-1.258896756917238235e-02,3.661527037620544434e-01,1.214716315269470215e+00,6.683138012886047363e-02,4.973000000000000000e+03,5.566877441406250000e+03
-2.131237089633941650e-01,1.764043420553207397e-01,-2.470292448997497559e-01,3.370188772678375244e-01,1.185011386871337891e+00,7.000818848609924316e-02,4.547000000000000000e+03,4.633936523437500000e+03
-6.419350951910018921e-02,9.482004493474960327e-02,-4.561790823936462402e-01,1.560923159122467041e-01,1.142791867256164551e+00,6.606683135032653809e-02,4.291000000000000000e+03,4.793431152343750000e+03
5.000000074505805969e-02,9.482004493474960327e-02,4.806843996047973633e-01,3.587979078292846680e-02,1.249212503433227539e+00,5.349937453866004944e-02,4.586000000000000000e+03,5.127227539062500000e+03
-6.590732932090759277e-02,2.457427233457565308e-01,1.633528620004653931e-01,2.262555360794067383e-01,6.938535571098327637e-01,6.929398328065872192e-02,2.432000000000000000e+03,2.692849609375000000e+03
0.000000000000000000e+00,-5.000000074505805969e-02,-1.175191923975944519e-01,-5.825424566864967346e-02,1.265826821327209473e+00,6.862229108810424805e-02,4.963000000000000000e+03,5.006112304687500000e+03
5.000000074505805969e-02,0.000000000000000000e+00,2.746171317994594574e-02,-1.630841046571731567e-01,1.288029432296752930e+00,6.772226095199584961e-02,4.219000000000000000e+03,4.287907714843750000e+03
0.000000000000000000e+00,0.000000000000000000e+00,-2.274816632270812988e-01,-2.116720192134380341e-02,1.284328222274780273e+00,5.791921168565750122e-02,5.208000000000000000e+03,5.371595214843750000e+03
0.000000000000000000e+00,5.000000074505805969e-02,-4.879133403301239014e-01,3.667741119861602783e-01,1.257132053375244141e+00,5.711618810892105103e-02,4.889000000000000000e+03,5.889612304687500000e+03
0.000000000000000000e+00,-5.000000074505805969e-02,9.266784042119979858e-02,-9.838752448558807373e-03,1.282329320907592773e+00,5.798343941569328308e-02,4.751000000000000000e+03,4.780596679687500000e+03
3.489103168249130249e-02,2.872454822063446045e-01,-1.929152756929397583e-02,3.977258801460266113e-01,7.409569621086120605e-01,7.117429375648498535e-02,2.291000000000000000e+03,2.353644531250000000e+03
5.000000074505805969e-02,-5.000000074505805969e-02,-5.834533572196960449e-01,9.332641959190368652e-03,1.285026788711547852e+00,5.387409403920173645e-02,4.537000000000000000e+03,5.595526367187500000e+03
-5.000000074505805969e-02,1.366542428731918335e-01,5.874316394329071045e-02,-1.240270771086215973e-02,1.231065034866333008e+00,6.497838348150253296e-02,4.108000000000000000e+03,4.199639160156250000e+03
-1.000000014901161194e-01,9.482004493474960327e-02,-4.007190167903900146e-01,4.060823321342468262e-01,1.219788908958435059e+00,5.699026212096214294e-02,4.599000000000000000e+03,5.161303710937500000e+03
5.000000074505805969e-02,0.000000000000000000e+00,1.246242970228195190e-01,9.261211962439119816e-04,1.253635406494140625e+00,5.644071474671363831e-02,3.785000000000000000e+03,3.798483398437500000e+03
0.000000000000000000e+00,1.764043420553207397e-01,-2.365140318870544434e-01,3.587515950202941895e-01,1.085293412208557129e+00,7.093939185142517090e-02,4.087000000000000000e+03,4.390703613281250000e+03
-8.165807463228702545e-03,-5.000000074505805969e-02,1.588371694087982178e-01,4.475133419036865234e-01,1.267377495765686035e+00,6.020309031009674072e-02,5.020000000000000000e+03,5.850312988281250000e+03
-5.000000074505805969e-02,-1.000000014901161194e-01,1.822162792086601257e-02,2.068109810352325439e-01,1.247032642364501953e+00,5.933849886059761047e-02,4.970000000000000000e+03,5.280428710937500000e+03
1.764043420553207397e-01,1.366542428731918335e-01,1.063702777028083801e-01,4.604712501168251038e-02,9.925043582916259766e-01,5.906634405255317688e-02,3.354000000000000000e+03,3.398608398437500000e+03
0.000000000000000000e+00,9.482004493474960327e-02,1.976094990968704224e-01,1.061653718352317810e-01,1.279622077941894531e+00,6.596159189939498901e-02,5.029000000000000000e+03,5.148478515625000000e+03
0.000000000000000000e+00,5.000000074505805969e-02,1.931232810020446777e-01,1.128686815500259399e-01,1.267194867134094238e+00,5.802106857299804688e-02,4.882000000000000000e+03,5.006982421875000000e+03
-1.834094338119029999e-02,1.764043420553207397e-01,-3.041014634072780609e-02,1.427747011184692383e-01,1.166765213012695312e+00,6.497594714164733887e-02,4.176000000000000000e+03,4.179891113281250000e+03
9.482004493474960327e-02,0.000000000000000000e+00,-3.409160375595092773e-01,9.372477978467941284e-02,1.273019671440124512e+00,5.753956735134124756e-02,4.935000000000000000e+03,5.524339355468750000e+03
3.580648824572563171e-02,1.366542428731918335e-01,-1.578819900751113892e-01,8.139661699533462524e-02,6.964902877807617188e-01,6.743141263723373413e-02,2.672000000000000000e+03,2.891594238281250000e+03
-2.000000029802322388e-01,9.482004493474960327e-02,2.387765347957611084e-01,-2.455713003873825073e-01,1.183655858039855957e+00,6.062096357345581055e-02,4.864000000000000000e+03,5.885847656250000000e+03
1.764043420553207397e-01,-1.000000014901161194e-01,-1.985342651605606079e-01,-7.123370654881000519e-03,1.079906105995178223e+00,6.172053515911102295e-02,4.197000000000000000e+03,4.718242675781250000e+03
-5.000000074505805969e-02,-5.000000074505805969e-02,9.548378735780715942e-02,3.207347989082336426e-01,1.272968411445617676e+00,5.583223700523376465e-02,4.845000000000000000e+03,5.308559082031250000e+03
5.000000074505805969e-02,1.366542428731918335e-01,-2.043659798800945282e-02,2.090673744678497314e-01,1.239801287651062012e+00,6.144337356090545654e-02,5.024000000000000000e+03,5.057346191406250000e+03
9.482004493474960327e-02,-1.590733230113983154e-02,-3.235979005694389343e-02,-1.734814792871475220e-01,1.153187274932861328e+00,8.303647488355636597e-02,2.953000000000000000e+03,3.043504394531250000e+03
1.366542428731918335e-01,-5.816580727696418762e-02,-2.641639113426208496e-01,-1.946266740560531616e-01,1.162316441535949707e+00,6.398425996303558350e-02,3.842000000000000000e+03,4.336167480468750000e+03
7.600005716085433960e-02,5.173884034156799316e-01,2.441679984331130981e-01,2.606997787952423096e-01,9.269127845764160156e-01,6.951534748077392578e-02,3.575000000000000000e+03,3.956903564453125000e+03
-5.000000074505805969e-02,0.000000000000000000e+00,7.317276298999786377e-02,1.621740162372589111e-01,1.268592476844787598e+00,5.975743755698204041e-02,5.521000000000000000e+03,5.662340820312500000e+03
-8.165807463228702545e-03,1.366542428731918335e-01,-1.398826092481613159e-01,-9.260634332895278931e-02,8.216944932937622070e-01,8.205281943082809448e-02,2.526000000000000000e+03,2.780947753906250000e+03
-7.106862962245941162e-02,1.764043420553207397e-01,-1.072319820523262024e-01,1.809784471988677979e-01,1.087001323699951172e+00,5.687898769974708557e-02,4.063000000000000000e+03,4.067568603515625000e+03
-1.510896813124418259e-02,-5.816580727696418762e-02,-9.377468377351760864e-02,1.466006636619567871e-01,1.275158166885375977e+00,6.162961199879646301e-02,5.032000000000000000e+03,5.179625488281250000e+03
-1.000000014901161194e-01,0.000000000000000000e+00,3.399412706494331360e-02,5.235074460506439209e-02,9.278423190116882324e-01,6.232890859246253967e-02,2.922000000000000000e+03,2.991900634765625000e+03
5.000000074505805969e-02,8.032695204019546509e-02,5.919905304908752441e-01,1.604488790035247803e-01,1.204153060913085938e+00,6.286147236824035645e-02,4.576000000000000000e+03,5.481632812500000000e+03
-5.000000074505805969e-02,0.000000000000000000e+00,-2.908252878114581108e-03,1.628715246915817261e-01,1.258713126182556152e+00,5.922860652208328247e-02,4.536000000000000000e+03,4.618177734375000000e+03
-1.000000014901161194e-01,-5.000000074505805969e-02,1.971495151519775391e-01,1.042958050966262817e-01,1.180335283279418945e+00,6.286729127168655396e-02,4.638000000000000000e+03,5.004569824218750000e+03
0.000000000000000000e+00,3.815837576985359192e-02,1.784032732248306274e-01,5.389865636825561523e-01,1.263150215148925781e+00,5.881157144904136658e-02,5.249000000000000000e+03,6.143645019531250000e+03
0.000000000000000000e+00,-1.024989411234855652e-02,4.865387082099914551e-02,4.165691733360290527e-01,1.275453090667724609e+00,6.192315369844436646e-02,5.468000000000000000e+03,6.073605957031250000e+03
9.482004493474960327e-02,9.482004493474960327e-02,3.514200448989868164e-01,5.694480240345001221e-02,1.249417543411254883e+00,5.554413795471191406e-02,4.830000000000000000e+03,5.035772949218750000e+03
0.000000000000000000e+00,-5.000000074505805969e-02,1.458283066749572754e-01,-7.921032607555389404e-02,1.231214046478271484e+00,6.153280660510063171e-02,4.401000000000000000e+03,4.464915527343750000e+03
-5.000000074505805969e-02,1.735305190086364746e-01,-6.074946373701095581e-02,5.724042057991027832e-01,1.126848816871643066e+00,7.203112542629241943e-02,3.693000000000000000e+03,4.142764160156250000e+03
-5.000000074505805969e-02,5.000000074505805969e-02,-3.207952082157135010e-01,1.343614757061004639e-01,1.250192761421203613e+00,6.290756911039352417e-02,5.153000000000000000e+03,5.415262695312500000e+03
-5.000000074505805969e-02,4.482004791498184204e-02,-2.786473929882049561e-01,-1.689474284648895264e-01,1.189434885978698730e+00,6.126411259174346924e-02,5.305000000000000000e+03,5.666862304687500000e+03
0.000000000000000000e+00,0.000000000000000000e+00,3.072324097156524658e-01,2.135654240846633911e-01,1.250090479850769043e+00,5.268892273306846619e-02,5.131000000000000000e+03,5.580607421875000000e+03
0.000000000000000000e+00,9.482004493474960327e-02,-3.507762849330902100e-01,3.021582216024398804e-02,1.205276727676391602e+00,5.860490724444389343e-02,4.891000000000000000e+03,5.310568359375000000e+03
5.000000074505805969e-02,0.000000000000000000e+00,1.536559313535690308e-01,-3.633696585893630981e-02,1.264359116554260254e+00,5.892087519168853760e-02,5.423000000000000000e+03,5.463635742187500000e+03
0.000000000000000000e+00,-1.419351249933242798e-02,-4.526796564459800720e-02,4.084714055061340332e-01,1.274808645248413086e+00,4.996734857559204102e-02,4.879000000000000000e+03,5.408657226562500000e+03
-5.000000074505805969e-02,7.893136888742446899e-02,-1.454222947359085083e-01,1.457449793815612793e-01,1.255734205245971680e+00,6.086280941963195801e-02,4.998000000000000000e+03,5.040941406250000000e+03
5.000000074505805969e-02,8.073761314153671265e-02,6.608553230762481689e-02,4.855703562498092651e-03,1.211306333541870117e+00,7.869215309619903564e-02,4.762000000000000000e+03,4.781645996093750000e+03
1.764043420553207397e-01,-5.000000074505805969e-02,6.466688215732574463e-02,2.073158919811248779e-01,1.191918492317199707e+00,6.210998073220252991e-02,4.568000000000000000e+03,4.817328613281250000e+03
-1.000000014901161194e-01,-3.000000119209289551e-01,-3.691352605819702148e-01,1.171692460775375366e-02,1.063661932945251465e+00,5.528846383094787598e-02,4.039000000000000000e+03,4.624246582031250000e+03
0.000000000000000000e+00,-1.510896813124418259e-02,1.180337965488433838e-01,-1.717011630535125732e-01,1.289601564407348633e+00,6.109979003667831421e-02,4.004000000000000000e+03,4.095875000000000000e+03
0.000000000000000000e+00,0.000000000000000000e+00,-3.582366704940795898e-01,-3.785658627748489380e-03,1.272224783897399902e+00,5.800365284085273743e-02,4.860000000000000000e+03,5.239110351562500000e+03
4.223684668540954590e-01,9.482004493474960327e-02,-1.364925205707550049e-01,-5.304486304521560669e-02,1.126083970069885254e+00,6.196004524827003479e-02,3.987000000000000000e+03,4.982610839843750000e+03
-5.000000074505805969e-02,5.000000074505805969e-02,-5.016968585550785065e-03,8.326117531396448612e-04,1.262650966644287109e+00,6.457020342350006104e-02,4.359000000000000000e+03,4.371072753906250000e+03
0.000000000000000000e+00,0.000000000000000000e+00,-6.528295110911130905e-03,2.257661223411560059e-01,1.221998453140258789e+00,6.063566356897354126e-02,4.517000000000000000e+03,4.670448730468750000e+03
0.000000000000000000e+00,-5.000000074505805969e-02,-1.198091953992843628e-01,4.834458604454994202e-02,1.263398885726928711e+00,5.808029696345329285e-02,4.576000000000000000e+03,4.644769531250000000e+03
0.000000000000000000e+00,1.764043420553207397e-01,-9.634692221879959106e-02,8.733597397804260254e-02,1.010186553001403809e+00,5.807299166917800903e-02,4.581000000000000000e+03,4.657665039062500000e+03
5.000000074505805969e-02,-1.312371436506509781e-02,5.989946052432060242e-02,1.008484885096549988e-02,1.205774068832397461e+00,5.298827588558197021e-02,4.485000000000000000e+03,4.486979492187500000e+03
0.000000000000000000e+00,9.482004493474960327e-02,5.813391804695129395e-01,-2.603049762547016144e-02,1.286264181137084961e+00,5.768061801791191101e-02,5.099000000000000000e+03,6.138706054687500000e+03
-5.816580727696418762e-02,-5.000000074505805969e-02,2.218189239501953125e-01,-2.262434661388397217e-01,1.271386265754699707e+00,6.101129949092864990e-02,4.897000000000000000e+03,5.223459472656250000e+03
9.482004493474960327e-02,5.000000074505805969e-02,-1.171362623572349548e-01,1.457065939903259277e-01,1.256751656532287598e+00,5.687525495886802673e-02,4.665000000000000000e+03,4.823476562500000000e+03
-1.000000014901161194e-01,5.000000074505805969e-02,1.264617145061492920e-01,2.889794111251831055e-01,1.230735659599304199e+00,6.029958650469779968e-02,5.117000000000000000e+03,5.477323242187500000e+03
0.000000000000000000e+00,0.000000000000000000e+00,-8.595650643110275269e-02,1.961278263479471207e-03,1.283450722694396973e+00,5.692550912499427795e-02,4.681000000000000000e+03,4.701862304687500000e+03
0.000000000000000000e+00,9.482004493474960327e-02,5.452595651149749756e-03,3.404181301593780518e-01,1.201284289360046387e+00,6.038799509406089783e-02,4.440000000000000000e+03,4.624080566406250000e+03
0.000000000000000000e+00,9.482004493474960327e-02,-9.951456449925899506e-03,-8.402550965547561646e-02,1.144326567649841309e+00,6.543174386024475098e-02,4.296000000000000000e+03,4.400903808593750000e+03
-1.024989411234855652e-02,2.872454822063446045e-01,-1.508969515562057495e-01,3.853191062808036804e-02,1.091765403747558594e+00,6.069975346326828003e-02,2.898000000000000000e+03,3.092979980468750000e+03
-8.165807463228702545e-03,0.000000000000000000e+00,1.520934142172336578e-02,2.385966479778289795e-01,1.270926475524902344e+00,6.254869699478149414e-02,5.071000000000000000e+03,5.249460449218750000e+03
-1.618416309356689453e-01,-1.000000014901161194e-01,-5.529320240020751953e-02,3.085513114929199219e-01,1.224717020988464355e+00,5.997974053025245667e-02,4.883000000000000000e+03,5.448004394531250000e+03
5.000000074505805969e-02,1.764043420553207397e-01,-3.702565655112266541e-02,-1.446076184511184692e-01,1.200508594512939453e+00,5.434646084904670715e-02,4.269000000000000000e+03,4.590479003906250000e+03
5.000000074505805969e-02,0.000000000000000000e+00,8.552436530590057373e-02,-2.504299767315387726e-02,1.264809131622314453e+00,5.255261436104774475e-02,4.653000000000000000e+03,4.658549804687500000e+03
1.764043420553207397e-01,9.482004493474960327e-02,1.358131915330886841e-01,5.296298265457153320e-01,1.092468142509460449e+00,6.457427144050598145e-02,3.888000000000000000e+03,4.488909667968750000e+03
0.000000000000000000e+00,-5.000000074505805969e-02,1.906233280897140503e-01,1.793240606784820557e-01,1.217450022697448730e+00,6.431049108505249023e-02,4.312000000000000000e+03,4.567626953125000000e+03
0.000000000000000000e+00,9.482004493474960327e-02,-6.897431612014770508e-02,-2.663771621882915497e-02,8.927600979804992676e-01,5.831654369831085205e-02,3.166000000000000000e+03,3.242784179687500000e+03
9.482004493474960327e-02,4.482004791498184204e-02,-1.694853156805038452e-01,1.255102306604385376e-01,1.259875535964965820e+00,6.681801378726959229e-02,5.264000000000000000e+03,5.514652832031250000e+03
1.366542428731918335e-01,-5.000000074505805969e-02,1.856099516153335571e-01,-3.179575875401496887e-02,7.201799154281616211e-01,7.509291917085647583e-02,2.620000000000000000e+03,2.633706542968750000e+03
-1.618416309356689453e-01,4.183419048786163330e-02,-2.162436246871948242e-01,1.786555945873260498e-01,9.737776517868041992e-01,6.841299682855606079e-02,3.209000000000000000e+03,3.282117919921875000e+03
-5.000000074505805969e-02,-5.000000074505805969e-02,3.680672645568847656e-01,3.115372061729431152e-01,1.255357742309570312e+00,6.876335293054580688e-02,4.964000000000000000e+03,5.886053710937500000e+03
0.000000000000000000e+00,0.000000000000000000e+00,3.462281776592135429e-03,-4.110729694366455078e-02,1.283660650253295898e+00,6.053055450320243835e-02,3.867000000000000000e+03,3.870966796875000000e+03
3.896152675151824951e-01,9.482004493474960327e-02,4.003657698631286621e-01,4.937663972377777100e-01,1.081984043121337891e+00,6.294905394315719604e-02,4.379000000000000000e+03,4.957711425781250000e+03
9.482004493474960327e-02,-5.000000074505805969e-02,2.154340296983718872e-01,4.301257431507110596e-01,1.249490618705749512e+00,7.537499070167541504e-02,4.408000000000000000e+03,5.076507324218750000e+03
0.000000000000000000e+00,0.000000000000000000e+00,3.145507723093032837e-02,8.001862466335296631e-02,1.287753582000732422e+00,6.097383424639701843e-02,4.454000000000000000e+03,4.473850585937500000e+03
-5.000000074505805969e-02,-8.165807463228702545e-03,2.698936462402343750e-01,2.574804611504077911e-02,1.277216553688049316e+00,6.048553436994552612e-02,4.880000000000000000e+03,5.184807128906250000e+03
1.366542428731918335e-01,1.366542428731918335e-01,9.739689528942108154e-02,8.152901381254196167e-02,1.054607272148132324e+00,5.918351188302040100e-02,4.044000000000000000e+03,4.060684082031250000e+03
2.145627290010452271e-01,1.366542428731918335e-01,3.371401131153106689e-01,2.240348309278488159e-01,1.116601824760437012e+00,6.105294078588485718e-02,3.535000000000000000e+03,3.599042968750000000e+03
-1.000000014901161194e-01,1.366542428731918335e-01,-1.681448705494403839e-02,6.690466403961181641e-01,1.148026823997497559e+00,6.234806403517723083e-02,4.067000000000000000e+03,4.924607910156250000e+03
5.000000074505805969e-02,5.000000074505805969e-02,-5.637217685580253601e-02,4.609354138374328613e-01,1.245870828628540039e+00,5.981938540935516357e-02,4.940000000000000000e+03,5.498146972656250000e+03
-5.000000074505805969e-02,2.872454822063446045e-01,-2.391199953854084015e-02,1.293594390153884888e-01,1.078473091125488281e+00,6.236466020345687866e-02,3.566000000000000000e+03,3.643864746093750000e+03
1.764043420553207397e-01,-5.000000074505805969e-02,-1.670166254043579102e-01,4.895285889506340027e-02,1.153741359710693359e+00,6.302902847528457642e-02,4.963000000000000000e+03,5.428099121093750000e+03
-1.024989411234855652e-02,-5.000000074505805969e-02,3.309295177459716797e-01,3.862478956580162048e-02,1.274966478347778320e+00,6.019478663802146912e-02,4.554000000000000000e+03,4.895424804687500000e+03
-1.500000059604644775e-01,2.112953811883926392e-01,-5.951886251568794250e-02,4.541168510913848877e-01,5.820391178131103516e-01,7.113338261842727661e-02,2.083000000000000000e+03,2.478673583984375000e+03
4.482004791498184204e-02,2.514390051364898682e-01,1.142707765102386475e-01,-6.249493453651666641e-03,1.109798431396484375e+00,5.857253819704055786e-02,3.521000000000000000e+03,3.721834716796875000e+03
-1.102498918771743774e-01,1.255576610565185547e-01,-9.186884015798568726e-02,8.915126323699951172e-02,7.228018045425415039e-01,6.036869063973426819e-02,2.625000000000000000e+03,2.633277587890625000e+03
5.000000074505805969e-02,0.000000000000000000e+00,1.348359286785125732e-01,-2.336894907057285309e-02,1.283064842224121094e+00,6.294558942317962646e-02,5.145000000000000000e+03,5.169341796875000000e+03
-1.312371436506509781e-02,0.000000000000000000e+00,1.623909622430801392e-01,2.784419953823089600e-01,1.269655823707580566e+00,5.866067111492156982e-02,5.049000000000000000e+03,5.382503417968750000e+03
-1.102498918771743774e-01,-1.710686385631561279e-01,-7.002946734428405762e-02,-6.673464179039001465e-02,1.168925046920776367e+00,5.703378468751907349e-02,4.587000000000000000e+03,4.629064453125000000e+03
1.366542428731918335e-01,2.145627290010452271e-01,-6.773196626454591751e-03,2.135612368583679199e-01,9.850166440010070801e-01,4.877818748354911804e-02,3.015000000000000000e+03,3.078498535156250000e+03
0.000000000000000000e+00,-1.000000014901161194e-01,-2.608849108219146729e-02,6.567907929420471191e-01,1.282415509223937988e+00,6.721375137567520142e-02,4.255000000000000000e+03,5.646072753906250000e+03
9.482004493474960327e-02,-1.000000014901161194e-01,-1.530374437570571899e-01,2.200887948274612427e-01,1.256743669509887695e+00,5.989486724138259888e-02,5.208000000000000000e+03,5.735790039062500000e+03
-5.000000074505805969e-02,0.000000000000000000e+00,2.314806878566741943e-01,-7.009027898311614990e-02,1.275971651077270508e+00,6.162267923355102539e-02,5.262000000000000000e+03,5.531167480468750000e+03
9.482004493474960327e-02,1.764043420553207397e-01,1.135999709367752075e-01,-2.514821588993072510e-01,1.148469090461730957e+00,5.688459426164627075e-02,4.151000000000000000e+03,4.710261230468750000e+03
5.000000074505805969e-02,-5.000000074505805969e-02,2.021103650331497192e-01,9.055942296981811523e-02,1.239572525024414062e+00,5.916455760598182678e-02,4.665000000000000000e+03,4.794221679687500000e+03
-5.000000074505805969e-02,1.366542428731918335e-01,-1.441228687763214111e-01,4.590497910976409912e-01,9.963024854660034180e-01,5.724367499351501465e-02,3.228000000000000000e+03,3.585515869140625000e+03
9.482004493474960327e-02,-5.000000074505805969e-02,-9.834450483322143555e-02,-1.346677914261817932e-02,1.269698858261108398e+00,6.134898215532302856e-02,4.917000000000000000e+03,5.033817382812500000e+03
1.366542428731918335e-01,0.000000000000000000e+00,4.492947459220886230e-01,4.731981158256530762e-01,1.210252881050109863e+00,6.475211679935455322e-02,4.972000000000000000e+03,6.016537109375000000e+03
-2.000000029802322388e-01,0.000000000000000000e+00,-2.664451599121093750e-01,-9.972508996725082397e-02,1.030165314674377441e+00,6.615265458822250366e-02,3.529000000000000000e+03,3.576782714843750000e+03
-5.000000074505805969e-02,-5.000000074505805969e-02,1.573996096849441528e-01,2.933656573295593262e-01,1.277572989463806152e+00,5.999849736690521240e-02,5.025000000000000000e+03,5.509772460937500000e+03
-5.000000074505805969e-02,-5.816580727696418762e-02,4.020479321479797363e-02,3.229478299617767334e-01,1.267250537872314453e+00,6.023873761296272278e-02,5.272000000000000000e+03,5.764003906250000000e+03
5.000000074505805969e-02,0.000000000000000000e+00,2.793674767017364502e-01,-3.242172896862030029e-01,1.268069148063659668e+00,6.467562168836593628e-02,3.187000000000000000e+03,3.493188964843750000e+03
0.000000000000000000e+00,5.000000074505805969e-02,4.353595897555351257e-03,5.078477784991264343e-02,1.255201339721679688e+00,5.948181822896003723e-02,4.003000000000000000e+03,4.003049072265625000e+03
0.000000000000000000e+00,-5.000000074505805969e-02,-2.045477777719497681e-01,-1.430388540029525757e-01,1.255560636520385742e+00,5.834675580263137817e-02,4.983000000000000000e+03,5.141451171875000000e+03
0.000000000000000000e+00,0.000000000000000000e+00,8.094778656959533691e-02,9.167770296335220337e-02,1.294358611106872559e+00,6.045834347605705261e-02,4.605000000000000000e+03,4.645885742187500000e+03
5.000000074505805969e-02,1.764043420553207397e-01,-1.873778738081455231e-02,5.073064006865024567e-03,1.186202883720397949e+00,6.695643067359924316e-02,3.831000000000000000e+03,3.923277832031250000e+03
3.338605910539627075e-02,-1.500000059604644775e-01,1.748844087123870850e-01,-2.084887772798538208e-02,1.042760491371154785e+00,6.496780365705490112e-02,3.844000000000000000e+03,3.973042968750000000e+03
0.000000000000000000e+00,0.000000000000000000e+00,2.156134396791458130e-01,5.518148839473724365e-02,1.264068722724914551e+00,5.825598165392875671e-02,5.099000000000000000e+03,5.256244140625000000e+03
-1.184162404388189316e-02,0.000000000000000000e+00,-1.038663741201162338e-02,4.320625960826873779e-02,1.206265807151794434e+00,6.190964579582214355e-02,4.700000000000000000e+03,4.706104980468750000e+03
-1.510896813124418259e-02,3.580648824572563171e-02,-4.947542026638984680e-02,5.688211321830749512e-01,1.146744132041931152e+00,6.508707255125045776e-02,4.134000000000000000e+03,4.992814453125000000e+03
-5.000000074505805969e-02,4.482004791498184204e-02,7.813908904790878296e-02,4.297435879707336426e-01,1.256168007850646973e+00,5.971829965710639954e-02,4.336000000000000000e+03,4.777215332031250000e+03
-1.000000014901161194e-01,2.872454822063446045e-01,-1.803026944398880005e-01,3.890938460826873779e-01,1.012496471405029297e+00,7.491026818752288818e-02,3.569000000000000000e+03,3.627291503906250000e+03
4.482004791498184204e-02,0.000000000000000000e+00,-1.344428509473800659e-01,-6.267123669385910034e-02,1.285984754562377930e+00,5.800782889127731323e-02,4.440000000000000000e+03,4.536255859375000000e+03
-1.000000014901161194e-01,5.000000074505805969e-02,-5.139292404055595398e-02,5.980222672224044800e-02,1.286774992942810059e+00,6.055044382810592651e-02,3.816000000000000000e+03,3.821671142578125000e+03
-5.000000074505805969e-02,-5.000000074505805969e-02,1.885410845279693604e-01,4.432898461818695068e-01,1.269379496574401855e+00,6.141079217195510864e-02,4.703000000000000000e+03,5.544548339843750000e+03
-8.165807463228702545e-03,9.482004493474960327e-02,-2.605976462364196777e-01,-1.419644057750701904e-01,1.004371643066406250e+00,6.471350789070129395e-02,3.351000000000000000e+03,3.738739013671875000e+03
0.000000000000000000e+00,0.000000000000000000e+00,2.438677698373794556e-01,1.625193841755390167e-02,1.281581759452819824e+00,5.934058874845504761e-02,4.881000000000000000e+03,5.056815917968750000e+03
1.673918515443801880e-01,2.145627290010452271e-01,2.885469496250152588e-01,4.234626293182373047e-01,1.174835205078125000e+00,5.512172728776931763e-02,5.295000000000000000e+03,5.516938964843750000e+03
1.764043420553207397e-01,1.366542428731918335e-01,-1.343980580568313599e-01,1.202107593417167664e-01,1.201776742935180664e+00,6.607703119516372681e-02,4.834000000000000000e+03,5.153301757812500000e+03
-6.312371790409088135e-02,1.764043420553207397e-01,-4.592240750789642334e-01,2.972579896450042725e-01,1.180112838745117188e+00,6.016609445214271545e-02,3.936000000000000000e+03,4.407890625000000000e+03
3.489103168249130249e-02,1.764043420553207397e-01,-1.679091751575469971e-01,3.862870335578918457e-01,1.115617156028747559e+00,6.745991110801696777e-02,4.403000000000000000e+03,4.699237792968750000e+03
1.688351184129714966e-01,9.482004493474960327e-02,-1.643218547105789185e-01,2.436703741550445557e-01,1.048263072967529297e+00,9.503105282783508301e-02,2.890000000000000000e+03,3.231070312500000000e+03
8.338605612516403198e-02,0.000000000000000000e+00,2.854823768138885498e-01,1.499583125114440918e-01,1.265339493751525879e+00,5.818294733762741089e-02,5.066000000000000000e+03,5.264732910156250000e+03
-5.000000074505805969e-02,1.366542428731918335e-01,-3.184738010168075562e-02,-4.408637806773185730e-02,8.686779141426086426e-01,5.979441106319427490e-02,3.411000000000000000e+03,3.558690917968750000e+03
0.000000000000000000e+00,0.000000000000000000e+00,1.438414156436920166e-01,2.093954980373382568e-01,1.278796553611755371e+00,5.423024669289588928e-02,4.980000000000000000e+03,5.174269042968750000e+03
0.000000000000000000e+00,2.514390051364898682e-01,2.828925848007202148e-01,3.101472258567810059e-01,9.463679194450378418e-01,7.118648290634155273e-02,3.853000000000000000e+03,4.205145996093750000e+03
1.366542428731918335e-01,1.764043420553207397e-01,1.002109348773956299e-01,1.996915638446807861e-01,1.087203741073608398e+00,5.659631639719009399e-02,4.038000000000000000e+03,4.044317382812500000e+03
-5.179951898753643036e-03,8.409266918897628784e-02,-3.620735406875610352e-01,8.738206326961517334e-02,1.120745658874511719e+00,6.068439409136772156e-02,4.639000000000000000e+03,5.097726074218750000e+03
0.000000000000000000e+00,0.000000000000000000e+00,-9.164945781230926514e-02,1.508621424436569214e-01,1.276440382003784180e+00,5.879161879420280457e-02,4.990000000000000000e+03,5.084682617187500000e+03
4.482004791498184204e-02,3.975010663270950317e-02,-3.964701667428016663e-02,7.046555727720260620e-02,1.284464001655578613e+00,6.253018975257873535e-02,4.889000000000000000e+03,4.912816894531250000e+03
-5.000000074505805969e-02,-5.000000074505805969e-02,9.018343687057495117e-02,2.282752692699432373e-01,1.258238434791564941e+00,6.415738910436630249e-02,5.054000000000000000e+03,5.359391113281250000e+03
5.000000074505805969e-02,0.000000000000000000e+00,4.092444479465484619e-02,3.810349106788635254e-02,1.245414733886718750e+00,5.853561684489250183e-02,4.547000000000000000e+03,4.551519531250000000e+03
-8.165807463228702545e-03,5.000000074505805969e-02,1.800074875354766846e-01,1.319693773984909058e-01,1.272858381271362305e+00,6.396179646253585815e-02,5.064000000000000000e+03,5.194509277343750000e+03
0.000000000000000000e+00,1.366542428731918335e-01,6.162992119789123535e-02,2.828149590641260147e-03,1.207024693489074707e+00,5.533766001462936401e-02,4.314000000000000000e+03,4.378283691406250000e+03
-1.500000059604644775e-01,0.000000000000000000e+00,2.944798395037651062e-02,3.083018064498901367e-01,1.213061690330505371e+00,5.880388990044593811e-02,4.858000000000000000e+03,5.269434082031250000e+03
5.000000074505805969e-02,0.000000000000000000e+00,6.248844414949417114e-02,5.046086907386779785e-01,1.206580400466918945e+00,5.753567814826965332e-02,4.564000000000000000e+03,5.333191894531250000e+03
5.000000074505805969e-02,9.482004493474960327e-02,2.529979348182678223e-01,-1.407488882541656494e-01,1.279475331306457520e+00,6.257821619510650635e-02,4.902000000000000000e+03,5.187069824218750000e+03
5.000000074505805969e-02,9.482004493474960327e-02,1.580533385276794434e-01,1.733958423137664795e-01,1.096691966056823730e+00,5.611466988921165466e-02,3.548000000000000000e+03,3.600419921875000000e+03
0.000000000000000000e+00,0.000000000000000000e+00,2.530150115489959717e-01,1.979050338268280029e-01,1.265440583229064941e+00,5.790060013532638550e-02,4.804000000000000000e+03,5.108315429687500000e+03
5.000000074505805969e-02,0.000000000000000000e+00,-2.215066552162170410e-01,-1.538359746336936951e-02,1.267622470855712891e+00,6.168737635016441345e-02,5.049000000000000000e+03,5.278354492187500000e+03
5.000000074505805969e-02,0.000000000000000000e+00,-3.046709597110748291e-01,7.753544300794601440e-02,1.265276432037353516e+00,5.354535207152366638e-02,5.032000000000000000e+03,5.438455078125000000e+03
-6.024989485740661621e-02,9.482004493474960327e-02,-4.341916739940643311e-02,-7.323321700096130371e-02,1.094234466552734375e+00,5.602047219872474670e-02,4.640000000000000000e+03,4.750236328125000000e+03
3.409266844391822815e-02,-5.179951898753643036e-03,4.478771612048149109e-02,7.937491536140441895e-01,1.275260686874389648e+00,6.937462836503982544e-02,4.525000000000000000e+03,6.180658203125000000e+03
3.815837576985359192e-02,-2.000000029802322388e-01,1.755650937557220459e-01,-1.331252455711364746e-01,5.429024100303649902e-01,1.196825653314590454e-01,1.262000000000000000e+03,1.360013183593750000e+03
0.000000000000000000e+00,5.000000074505805969e-02,1.902424544095993042e-01,3.828189074993133545e-01,1.126068949699401855e+00,6.052819639444351196e-02,4.375000000000000000e+03,4.869310546875000000e+03
-1.000000014901161194e-01,1.688351184129714966e-01,4.442120343446731567e-02,3.449776768684387207e-02,1.107577323913574219e+00,6.922143697738647461e-02,4.850000000000000000e+03,5.002349609375000000e+03
-5.816580727696418762e-02,0.000000000000000000e+00,1.759426742792129517e-01,4.779806733131408691e-01,1.271077156066894531e+00,6.107466295361518860e-02,4.972000000000000000e+03,5.809953613281250000e+03
-5.000000074505805969e-02,-1.000000014901161194e-01,2.299147285521030426e-02,-1.346883922815322876e-01,9.750869274139404297e-01,5.964065343141555786e-02,3.581000000000000000e+03,3.605667968750000000e+03
-6.024989485740661621e-02,5.000000074505805969e-02,-1.894181817770004272e-01,-6.366466730833053589e-02,8.904592990875244141e-01,6.498800963163375854e-02,2.458000000000000000e+03,2.549122314453125000e+03
5.000000074505805969e-02,-5.000000074505805969e-02,-2.187130302190780640e-01,2.501102983951568604e-01,1.282102108001708984e+00,6.076107174158096313e-02,5.032000000000000000e+03,5.517447753906250000e+03
-3.000000119209289551e-01,0.000000000000000000e+00,-1.372417062520980835e-01,-1.331779211759567261e-01,1.174661755561828613e+00,5.697093531489372253e-02,3.316000000000000000e+03,3.421443359375000000e+03
-3.000000119209289551e-01,2.872454822063446045e-01,-2.934863567352294922e-01,3.547503948211669922e-01,1.110636353492736816e+00,6.215026602149009705e-02,4.367000000000000000e+03,4.383355957031250000e+03
5.000000074505805969e-02,0.000000000000000000e+00,-4.680956304073333740e-01,3.149619698524475098e-01,1.217115163803100586e+00,6.665216386318206787e-02,4.437000000000000000e+03,5.483946777343750000e+03
0.000000000000000000e+00,9.482004493474960327e-02,9.161450713872909546e-02,2.540970444679260254e-01,1.216481328010559082e+00,5.822046473622322083e-02,4.406000000000000000e+03,4.505687500000000000e+03
-1.000000014901161194e-01,5.000000074505805969e-02,3.430160880088806152e-02,2.138666212558746338e-01,1.234586238861083984e+00,5.927483737468719482e-02,4.809000000000000000e+03,4.949195800781250000e+03
2.438115030527114868e-01,-1.000000014901161194e-01,2.459426224231719971e-01,4.545982182025909424e-01,1.095273494720458984e+00,5.722644925117492676e-02,4.159000000000000000e+03,5.170408203125000000e+03
-5.000000074505805969e-02,9.482004493474960327e-02,-3.651113063097000122e-02,1.742730662226676941e-02,1.226818084716796875e+00,5.938600748777389526e-02,4.819000000000000000e+03,4.838881347656250000e+03
-5.000000074505805969e-02,0.000000000000000000e+00,1.233196631073951721e-01,7.420211285352706909e-02,1.278149008750915527e+00,5.835092812776565552e-02,5.060000000000000000e+03,5.169696777343750000e+03
-5.000000074505805969e-02,2.145627290010452271e-01,-3.250288069248199463e-01,-1.645126789808273315e-01,1.167582273483276367e+00,6.004022806882858276e-02,4.575000000000000000e+03,5.284766601562500000e+03
-8.165807463228702545e-03,0.000000000000000000e+00,-5.116126686334609985e-02,4.451049119234085083e-02,1.287050485610961914e+00,5.791214108467102051e-02,4.131000000000000000e+03,4.140556640625000000e+03
-1.724679581820964813e-02,8.338605612516403198e-02,-9.789047762751579285e-04,4.128329753875732422e-01,7.675862908363342285e-01,5.837010219693183899e-02,2.731000000000000000e+03,3.216041015625000000e+03
9.482004493474960327e-02,2.514390051364898682e-01,-8.462323248386383057e-02,4.754968285560607910e-01,1.178214907646179199e+00,5.766361579298973083e-02,4.940000000000000000e+03,5.228667480468750000e+03
0.000000000000000000e+00,5.000000074505805969e-02,2.324746698141098022e-01,-3.580905124545097351e-02,1.271747469902038574e+00,5.857380852103233337e-02,4.595000000000000000e+03,4.768283203125000000e+03
1.366542428731918335e-01,-1.618416309356689453e-01,2.421674281358718872e-01,7.875219732522964478e-02,1.220698952674865723e+00,9.304720163345336914e-02,4.237000000000000000e+03,4.431508300781250000e+03
-2.000000029802322388e-01,5.000000074505805969e-02,-1.213136874139308929e-02,2.798342406749725342e-01,1.132421970367431641e+00,5.554688721895217896e-02,4.536000000000000000e+03,4.842588867187500000e+03
9.482004493474960327e-02,2.514390051364898682e-01,3.550021350383758545e-01,4.870565980672836304e-02,9.824143052101135254e-01,7.365489751100540161e-02,3.641000000000000000e+03,4.041044189453125000e+03
0.000000000000000000e+00,0.000000000000000000e+00,-2.037672251462936401e-01,2.698003649711608887e-01,1.280355453491210938e+00,5.525056645274162292e-02,5.045000000000000000e+03,5.390701660156250000e+03
-5.000000074505805969e-02,0.000000000000000000e+00,-5.959390848875045776e-02,1.294469535350799561e-01,1.278192520141601562e+00,6.269375979900360107e-02,5.057000000000000000e+03,5.109000000000000000e+03
-5.000000074505805969e-02,-5.000000074505805969e-02,-4.823201522231101990e-02,-3.825065121054649353e-02,8.137827515602111816e-01,5.823714286088943481e-02,2.368000000000000000e+03,2.368498046875000000e+03
-5.000000074505805969e-02,5.000000074505805969e-02,-4.442994892597198486e-01,6.330199539661407471e-02,1.233400106430053711e+00,5.448757857084274292e-02,5.014000000000000000e+03,5.515939941406250000e+03
5.000000074505805969e-02,-5.000000074505805969e-02,3.234146535396575928e-01,1.351981014013290405e-01,1.257346153259277344e+00,6.077527254819869995e-02,5.181000000000000000e+03,5.532791992187500000e+03
-5.816580727696418762e-02,2.145627290010452271e-01,1.190608739852905273e-01,4.126043021678924561e-01,5.766881704330444336e-01,8.300640434026718140e-02,2.121000000000000000e+03,2.551869628906250000e+03
5.000000074505805969e-02,5.000000074505805969e-02,-1.497386842966079712e-01,1.189500167965888977e-01,1.272942662239074707e+00,5.964857339859008789e-02,5.074000000000000000e+03,5.212742187500000000e+03
-1.500000059604644775e-01,1.764043420553207397e-01,2.014423012733459473e-01,1.190762072801589966e-01,1.015248060226440430e+00,6.548063457012176514e-02,3.741000000000000000e+03,4.189512207031250000e+03
-5.000000074505805969e-02,2.145627290010452271e-01,-3.278629481792449951e-02,4.306512176990509033e-01,1.193613409996032715e+00,7.147254049777984619e-02,4.244000000000000000e+03,4.383100097656250000e+03
5.000000074505805969e-02,4.482004791498184204e-02,3.278465569019317627e-02,1.082036830484867096e-02,1.226386785507202148e+00,6.178538501262664795e-02,4.328000000000000000e+03,4.332166503906250000e+03
0.000000000000000000e+00,3.975010663270950317e-02,2.124243229627609253e-02,1.474675089120864868e-01,1.269083857536315918e+00,5.659356713294982910e-02,4.883000000000000000e+03,4.919589355468750000e+03
5.000000074505805969e-02,9.482004493474960327e-02,-1.987521201372146606e-01,2.215272933244705200e-01,1.262630939483642578e+00,5.490827932953834534e-02,4.707000000000000000e+03,4.934634765625000000e+03
0.000000000000000000e+00,-1.000000014901161194e-01,4.024965688586235046e-02,-1.316912174224853516e-01,1.187650680541992188e+00,5.703150480985641479e-02,4.018000000000000000e+03,4.025453369140625000e+03
-1.102498918771743774e-01,-5.179951898753643036e-03,-6.724363565444946289e-01,2.545942962169647217e-01,1.215008258819580078e+00,7.068560272455215454e-02,4.532000000000000000e+03,5.650915039062500000e+03
5.000000074505805969e-02,-5.179951898753643036e-03,5.238194018602371216e-02,6.536899507045745850e-02,1.276427388191223145e+00,6.548345834016799927e-02,5.374000000000000000e+03,5.390343261718750000e+03
-5.000000074505805969e-02,8.118000626564025879e-02,3.924794793128967285e-01,-3.141063824295997620e-02,1.278462052345275879e+00,6.253069639205932617e-02,5.262000000000000000e+03,5.912961425781250000e+03
5.000000074505805969e-02,-1.500000059604644775e-01,2.355051785707473755e-01,3.436772227287292480e-01,1.147850871086120605e+00,5.818264931440353394e-02,4.835000000000000000e+03,5.809903808593750000e+03
-4.499999880790710449e-01,1.297110766172409058e-01,-3.442894816398620605e-01,5.292132496833801270e-01,1.114703893661499023e+00,1.425636410713195801e-01,2.778000000000000000e+03,3.147975097656250000e+03
3.032695502042770386e-02,5.000000074505805969e-02,1.669444888830184937e-02,-1.422220617532730103e-01,1.268532156944274902e+00,6.200403347611427307e-02,5.265000000000000000e+03,5.385809570312500000e+03
0.000000000000000000e+00,5.000000074505805969e-02,-1.647512316703796387e-01,3.846948221325874329e-02,1.283475518226623535e+00,6.046403199434280396e-02,4.705000000000000000e+03,4.782474121093750000e+03
5.000000074505805969e-02,0.000000000000000000e+00,5.212094187736511230e-01,1.843018680810928345e-01,1.275843381881713867e+00,5.402862653136253357e-02,4.763000000000000000e+03,5.488086914062500000e+03
-5.000000074505805969e-02,0.000000000000000000e+00,9.631820768117904663e-02,2.996510267257690430e-01,1.270730257034301758e+00,5.776489526033401489e-02,5.106000000000000000e+03,5.452699218750000000e+03
1.282061040401458740e-01,-1.500000059604644775e-01,1.740184873342514038e-01,9.912060201168060303e-02,1.233324289321899414e+00,6.099011376500129700e-02,5.169000000000000000e+03,5.384479003906250000e+03
5.000000074505805969e-02,9.482004493474960327e-02,2.941666245460510254e-01,4.277657568454742432e-01,1.012939572334289551e+00,8.881541341543197632e-02,3.267000000000000000e+03,3.791347412109375000e+03
3.221365213394165039e-01,9.482004493474960327e-02,3.118629455566406250e-01,1.090882644057273865e-01,1.056654453277587891e+00,5.608853325247764587e-02,3.561000000000000000e+03,3.561969970703125000e+03
-1.024989411234855652e-02,2.494537532329559326e-01,-2.781248092651367188e-01,5.528910160064697266e-01,1.199863672256469727e+00,5.799597874283790588e-02,4.667000000000000000e+03,5.183891601562500000e+03
-5.000000074505805969e-02,9.482004493474960327e-02,-4.130053147673606873e-02,-1.540361493825912476e-01,1.232025742530822754e+00,6.070098280906677246e-02,5.073000000000000000e+03,5.278752441406250000e+03
-1.000000014901161194e-01,1.306265294551849365e-01,3.830559253692626953e-01,1.362949907779693604e-01,1.080548405647277832e+00,6.552106887102127075e-02,3.842000000000000000e+03,4.577267578125000000e+03
0.000000000000000000e+00,-5.000000074505805969e-02,2.240248769521713257e-02,1.046936586499214172e-01,1.274710536003112793e+00,6.208158284425735474e-02,5.141000000000000000e+03,5.218260253906250000e+03
0.000000000000000000e+00,1.694074422121047974e-01,3.206101059913635254e-01,-6.867450475692749023e-02,1.171571969985961914e+00,6.063808500766754150e-02,4.487000000000000000e+03,4.993964843750000000e+03
0.000000000000000000e+00,-1.024989411234855652e-02,7.001636177301406860e-02,3.214248716831207275e-01,1.283537030220031738e+00,5.771805346012115479e-02,4.667000000000000000e+03,4.986799804687500000e+03
1.724607348442077637e-01,0.000000000000000000e+00,1.757981777191162109e-01,-8.711957186460494995e-02,1.191361427307128906e+00,6.170738115906715393e-02,4.156000000000000000e+03,4.178355957031250000e+03
-1.000000014901161194e-01,3.580648824572563171e-02,-1.527949888259172440e-02,8.018904179334640503e-02,1.203085541725158691e+00,6.287924945354461670e-02,3.765000000000000000e+03,3.788757568359375000e+03
2.145627290010452271e-01,5.000000074505805969e-02,6.045824661850929260e-02,4.006242156028747559e-01,1.218559741973876953e+00,4.882005602121353149e-02,5.225000000000000000e+03,5.729066894531250000e+03
5.000000074505805969e-02,0.000000000000000000e+00,1.071568652987480164e-01,1.964486576616764069e-02,1.285659670829772949e+00,5.953228846192359924e-02,4.508000000000000000e+03,4.517996582031250000e+03
1.366542428731918335e-01,-5.000000074505805969e-02,2.276422828435897827e-01,-1.984717547893524170e-01,7.812012434005737305e-01,6.211208924651145935e-02,2.833000000000000000e+03,2.972135986328125000e+03
5.000000074505805969e-02,-1.000000014901161194e-01,-3.336296975612640381e-02,7.728659361600875854e-02,1.129849314689636230e+00,6.100933626294136047e-02,3.690000000000000000e+03,3.800312988281250000e+03
-5.000000074505805969e-02,-2.000000029802322388e-01,-3.382842242717742920e-02,1.899527311325073242e-01,1.204192519187927246e+00,5.904510989785194397e-02,4.947000000000000000e+03,5.454503906250000000e+03
-1.724679581820964813e-02,1.366542428731918335e-01,-2.345420420169830322e-01,3.120758235454559326e-01,1.258306145668029785e+00,6.273763626813888550e-02,4.955000000000000000e+03,5.195865722656250000e+03
0.000000000000000000e+00,2.514390051364898682e-01,1.301644593477249146e-01,3.305204510688781738e-01,4.967112839221954346e-01,8.579000085592269897e-02,1.760000000000000000e+03,1.922207275390625000e+03
5.000000074505805969e-02,9.482004493474960327e-02,1.218925639986991882e-01,7.881135493516921997e-02,1.274988532066345215e+00,6.030560284852981567e-02,5.181000000000000000e+03,5.198229492187500000e+03
-1.500000059604644775e-01,-5.816580727696418762e-02,-1.254697740077972412e-01,-1.053534541279077530e-02,7.294695377349853516e-01,5.779126286506652832e-02,2.461000000000000000e+03,2.474238281250000000e+03
-4.499999880790710449e-01,9.482004493474960327e-02,-8.393715322017669678e-02,2.909675836563110352e-01,1.145079731941223145e+00,7.332122325897216797e-02,3.676000000000000000e+03,4.145158203125000000e+03
-5.000000074505805969e-02,0.000000000000000000e+00,2.299669384956359863e-01,-2.320578321814537048e-02,1.273764133453369141e+00,5.497475713491439819e-02,4.341000000000000000e+03,4.549854003906250000e+03
-5.000000074505805969e-02,-5.000000074505805969e-02,-6.748251616954803467e-02,-1.365643739700317383e-02,1.248172402381896973e+00,5.988128483295440674e-02,4.898000000000000000e+03,4.903183105468750000e+03
-1.500000059604644775e-01,5.000000074505805969e-02,-4.325087666511535645e-01,1.508378535509109497e-01,9.266753792762756348e-01,5.957522615790367126e-02,3.476000000000000000e+03,3.831148681640625000e+03
-5.000000074505805969e-02,1.764043420553207397e-01,3.709364831447601318e-01,1.729393452405929565e-01,1.213235616683959961e+00,6.121655553579330444e-02,4.734000000000000000e+03,5.288301757812500000e+03
9.482004493474960327e-02,9.482004493474960327e-02,9.050674736499786377e-02,3.834233433008193970e-02,7.782512307167053223e-01,5.515354499220848083e-02,2.571000000000000000e+03,2.584639648437500000e+03
1.366542428731918335e-01,2.145627290010452271e-01,1.792839616537094116e-01,4.510993361473083496e-01,9.281159043312072754e-01,8.429440855979919434e-02,2.993000000000000000e+03,3.190697753906250000e+03
-5.000000074505805969e-02,5.000000074505805969e-02,2.825299501419067383e-01,-1.483614835888147354e-02,1.294864416122436523e+00,6.432120501995086670e-02,5.145000000000000000e+03,5.491160156250000000e+03
-2.000000029802322388e-01,-5.000000074505805969e-02,1.506392955780029297e-01,-1.595294028520584106e-01,1.076673507690429688e+00,5.585791915655136108e-02,3.844000000000000000e+03,4.280045898437500000e+03
-1.641935110092163086e-01,-1.102498918771743774e-01,-1.865739971399307251e-01,-1.431994587182998657e-01,6.716657280921936035e-01,5.674548074603080750e-02,2.413000000000000000e+03,2.421451171875000000e+03
1.366542428731918335e-01,5.000000074505805969e-02,-1.270928382873535156e-01,1.591125428676605225e-01,1.259589076042175293e+00,5.741192772984504700e-02,4.502000000000000000e+03,4.729972167968750000e+03
5.000000074505805969e-02,4.183419048786163330e-02,2.149192392826080322e-01,1.833994756452739239e-04,1.267760634422302246e+00,6.488828361034393311e-02,5.295000000000000000e+03,5.390183105468750000e+03
9.183419495820999146e-02,5.000000074505805969e-02,2.621670067310333252e-01,3.359501063823699951e-01,8.046607375144958496e-01,5.713868513703346252e-02,3.086000000000000000e+03,3.594512939453125000e+03
5.000000074505805969e-02,5.000000074505805969e-02,-1.499039381742477417e-01,1.904083415865898132e-02,1.278520941734313965e+00,6.243150308728218079e-02,5.327000000000000000e+03,5.459756835937500000e+03
3.975010663270950317e-02,2.514390051364898682e-01,-2.014718353748321533e-01,-5.920805037021636963e-02,1.159620642662048340e+00,5.647929385304450989e-02,4.358000000000000000e+03,4.846482910156250000e+03
1.366542428731918335e-01,-3.000000119209289551e-01,9.759427607059478760e-02,1.726775169372558594e-01,8.638309836387634277e-01,6.115366518497467041e-02,2.840000000000000000e+03,3.647994384765625000e+03
0.000000000000000000e+00,0.000000000000000000e+00,2.934299968183040619e-02,-1.007185354828834534e-01,1.251540303230285645e+00,6.759812682867050171e-02,5.046000000000000000e+03,5.081187011718750000e+03
-1.419351249933242798e-02,2.145627290010452271e-01,3.162305057048797607e-02,3.284671604633331299e-01,6.063129901885986328e-01,8.457319438457489014e-02,2.276000000000000000e+03,2.368310791015625000e+03
-8.165807463228702545e-03,0.000000000000000000e+00,-9.731320291757583618e-02,3.347516357898712158e-01,1.283679604530334473e+00,5.534455925226211548e-02,5.121000000000000000e+03,5.488168457031250000e+03
1.715452671051025391e-01,9.482004493474960327e-02,2.493503391742706299e-01,1.965320408344268799e-01,6.177478432655334473e-01,8.105126768350601196e-02,2.520000000000000000e+03,2.627359863281250000e+03
5.000000074505805969e-02,0.000000000000000000e+00,1.764902658760547638e-02,2.022617161273956299e-01,9.636628627777099609e-01,9.506551176309585571e-02,2.233000000000000000e+03,2.332836669921875000e+03
-2.651089727878570557e-01,-6.419350951910018921e-02,-2.229121327400207520e-01,-1.241067647933959961e-01,1.133575320243835449e+00,7.098441570997238159e-02,3.756000000000000000e+03,3.771740722656250000e+03
0.000000000000000000e+00,-8.165807463228702545e-03,-2.724576592445373535e-01,1.094907671213150024e-01,1.262753486633300781e+00,5.429661273956298828e-02,4.531000000000000000e+03,4.778309082031250000e+03
0.000000000000000000e+00,5.000000074505805969e-02,-2.623875997960567474e-02,6.420642137527465820e-02,1.273051261901855469e+00,5.964414402842521667e-02,4.942000000000000000e+03,4.944731933593750000e+03
0.000000000000000000e+00,3.975010663270950317e-02,-4.650858640670776367e-01,1.997835487127304077e-01,1.195935845375061035e+00,6.434401124715805054e-02,4.506000000000000000e+03,5.240174804687500000e+03
0.000000000000000000e+00,5.000000074505805969e-02,1.732860058546066284e-01,4.097112119197845459e-01,1.267784833908081055e+00,5.580871924757957458e-02,5.177000000000000000e+03,5.678501464843750000e+03
0.000000000000000000e+00,1.764043420553207397e-01,-3.196393251419067383e-01,3.714263141155242920e-01,1.211635589599609375e+00,5.296958237886428833e-02,5.086000000000000000e+03,5.560645507812500000e+03
7.958556711673736572e-02,-5.000000074505805969e-02,-2.076769322156906128e-01,-1.343304640613496304e-03,1.217815160751342773e+00,5.524687096476554871e-02,4.905000000000000000e+03,5.182068847656250000e+03
0.000000000000000000e+00,0.000000000000000000e+00,-2.018365710973739624e-01,5.794596076011657715e-01,1.271798729896545410e+00,5.532463639974594116e-02,4.781000000000000000e+03,5.843351074218750000e+03
0.000000000000000000e+00,5.000000074505805969e-02,-9.237904101610183716e-02,-4.700094088912010193e-02,1.259596228599548340e+00,6.414164602756500244e-02,4.137000000000000000e+03,4.183511718750000000e+03
-5.000000074505805969e-02,-1.781912706792354584e-02,6.573857367038726807e-02,-6.236648932099342346e-02,1.263525724411010742e+00,5.988192185759544373e-02,5.086000000000000000e+03,5.134658691406250000e+03
-1.000000014901161194e-01,-5.000000074505805969e-02,4.939208179712295532e-02,-3.582887053489685059e-01,1.130998730659484863e+00,1.221473067998886108e-01,2.933000000000000000e+03,3.196599121093750000e+03
-5.179951898753643036e-03,-5.000000074505805969e-02,-4.495966732501983643e-01,3.491451740264892578e-01,1.233343005180358887e+00,5.706091225147247314e-02,5.129000000000000000e+03,6.277247558593750000e+03
0.000000000000000000e+00,1.764043420553207397e-01,-3.368750214576721191e-01,1.560065597295761108e-01,9.118114709854125977e-01,5.642834678292274475e-02,4.003000000000000000e+03,4.534067382812500000e+03
-1.500000059604644775e-01,3.975010663270950317e-02,-1.583723723888397217e-01,2.868296504020690918e-01,1.029781699180603027e+00,5.574687570333480835e-02,4.291000000000000000e+03,4.534568359375000000e+03
-1.000000014901161194e-01,-1.184162404388189316e-02,-1.399462223052978516e-01,1.907854080200195312e-01,7.476697564125061035e-01,6.824602931737899780e-02,2.286000000000000000e+03,2.457387207031250000e+03
-1.172467991709709167e-01,-5.000000074505805969e-02,-1.649918965995311737e-02,1.655216217041015625e-01,1.153761029243469238e+00,6.341299414634704590e-02,5.100000000000000000e+03,5.314931640625000000e+03
-1.500000059604644775e-01,-2.500000000000000000e-01,-1.721543371677398682e-01,-4.326060786843299866e-02,7.164182662963867188e-01,5.857837945222854614e-02,2.305000000000000000e+03,2.495251464843750000e+03
9.482004493474960327e-02,-5.000000074505805969e-02,-2.441028356552124023e-01,1.693825274705886841e-01,1.244524359703063965e+00,5.323329567909240723e-02,4.846000000000000000e+03,5.343142578125000000e+03
1.366542428731918335e-01,9.482004493474960327e-02,-1.812966316938400269e-01,1.203130185604095459e-01,1.203778624534606934e+00,5.344175547361373901e-02,4.554000000000000000e+03,4.868913085937500000e+03
0.000000000000000000e+00,2.958556823432445526e-02,-1.901200227439403534e-02,1.837101392447948456e-02,1.258957147598266602e+00,6.606702506542205811e-02,4.473000000000000000e+03,4.474370605468750000e+03
1.764043420553207397e-01,-1.500000059604644775e-01,1.423509567975997925e-01,2.511126697063446045e-01,1.146581053733825684e+00,6.068518012762069702e-02,4.444000000000000000e+03,4.976795410156250000e+03
0.000000000000000000e+00,0.000000000000000000e+00,-7.912434637546539307e-03,4.768391847610473633e-01,1.193192124366760254e+00,6.002440303564071655e-02,4.288000000000000000e+03,4.950731445312500000e+03
7.893136888742446899e-02,0.000000000000000000e+00,8.594348281621932983e-02,1.912486255168914795e-01,1.271997451782226562e+00,5.884977057576179504e-02,5.038000000000000000e+03,5.151184082031250000e+03
0.000000000000000000e+00,0.000000000000000000e+00,-1.947068125009536743e-01,-1.106069833040237427e-01,1.270177483558654785e+00,5.754552409052848816e-02,4.922000000000000000e+03,5.073785644531250000e+03
5.000000074505805969e-02,-1.419351249933242798e-02,1.090629920363426208e-01,-1.056264117360115051e-01,1.270897150039672852e+00,6.489051878452301025e-02,4.774000000000000000e+03,4.808935058593750000e+03
9.482004493474960327e-02,0.000000000000000000e+00,-2.708730399608612061e-01,-1.061736941337585449e-01,1.286675691604614258e+00,5.870206654071807861e-02,4.551000000000000000e+03,4.941401855468750000e+03
9.482004493474960327e-02,-1.000000014901161194e-01,-1.129442080855369568e-01,3.892754912376403809e-01,1.149506092071533203e+00,5.983140692114830017e-02,4.209000000000000000e+03,5.070439453125000000e+03
-5.000000074505805969e-02,8.815837651491165161e-02,1.860800981521606445e-01,2.443602830171585083e-01,1.267028093338012695e+00,6.596649438142776489e-02,5.187000000000000000e+03,5.443055664062500000e+03
0.000000000000000000e+00,0.000000000000000000e+00,-4.639289379119873047e-01,2.377002499997615814e-02,1.272802591323852539e+00,5.411954969167709351e-02,4.875000000000000000e+03,5.504471679687500000e+03
-2.500000000000000000e-01,0.000000000000000000e+00,5.510208010673522949e-02,-9.793558157980442047e-03,1.229439496994018555e+00,6.051436439156532288e-02,5.052000000000000000e+03,5.358725097656250000e+03
9.482004493474960327e-02,-5.179951898753643036e-03,9.001553989946842194e-03,-5.808895453810691833e-02,1.206964015960693359e+00,5.530430004000663757e-02,4.440000000000000000e+03,4.470961425781250000e+03
-1.000000014901161194e-01,1.366542428731918335e-01,3.753876984119415283e-01,-2.646482735872268677e-02,1.135511279106140137e+00,5.628364160656929016e-02,4.443000000000000000e+03,5.277570312500000000e+03
0.000000000000000000e+00,0.000000000000000000e+00,-4.854849874973297119e-01,1.568240225315093994e-01,1.276670098304748535e+00,4.825651645660400391e-02,5.340000000000000000e+03,6.162208007812500000e+03
-3.000000119209289551e-01,2.145627290010452271e-01,-1.502565890550613403e-01,2.708425819873809814e-01,6.168197393417358398e-01,7.547480612993240356e-02,2.083000000000000000e+03,2.220589111328125000e+03
-5.000000074505805969e-02,5.000000074505805969e-02,-1.889194548130035400e-02,-2.337547717615962029e-03,1.258803367614746094e+00,6.006962060928344727e-02,4.632000000000000000e+03,4.642940429687500000e+03
9.482004493474960327e-02,1.688351184129714966e-01,-2.131887078285217285e-01,3.862837851047515869e-01,9.463725686073303223e-01,5.729573220014572144e-02,3.923000000000000000e+03,4.524749511718750000e+03
-5.000000074505805969e-02,5.000000074505805969e-02,5.659763142466545105e-02,2.388479709625244141e-01,1.044712781906127930e+00,6.139486283063888550e-02,4.343000000000000000e+03,4.528025390625000000e+03
5.000000074505805969e-02,0.000000000000000000e+00,-4.292765855789184570e-01,1.338858902454376221e-01,1.239420652389526367e+00,5.950105562806129456e-02,4.950000000000000000e+03,5.720851074218750000e+03
2.924878522753715515e-02,0.000000000000000000e+00,2.853165566921234131e-02,2.297405302524566650e-01,1.255151748657226562e+00,5.315615981817245483e-02,4.754000000000000000e+03,4.911696777343750000e+03
-5.179951898753643036e-03,2.514390051364898682e-01,-2.238960564136505127e-01,4.624431431293487549e-01,1.197496414184570312e+00,6.370351463556289673e-02,5.178000000000000000e+03,5.506006835937500000e+03
5.000000074505805969e-02,5.000000074505805969e-02,6.817373633384704590e-02,2.498226426541805267e-02,1.269719004631042480e+00,6.220173835754394531e-02,4.642000000000000000e+03,4.644789062500000000e+03
5.000000074505805969e-02,5.000000074505805969e-02,5.233785510063171387e-01,3.708061277866363525e-01,1.245683193206787109e+00,6.658035516738891602e-02,4.619000000000000000e+03,5.550350585937500000e+03
-5.000000074505805969e-02,0.000000000000000000e+00,-9.488717652857303619e-03,1.825909130275249481e-02,1.127897620201110840e+00,5.812766030430793762e-02,4.288000000000000000e+03,4.294708496093750000e+03
1.270009279251098633e-01,-5.000000074505805969e-02,-5.608555078506469727e-01,1.298484504222869873e-01,1.232721686363220215e+00,6.194306537508964539e-02,4.109000000000000000e+03,5.394043457031250000e+03
4.482004791498184204e-02,-1.000000014901161194e-01,4.032731428742408752e-02,7.024035602807998657e-02,8.049870729446411133e-01,6.400430947542190552e-02,2.608000000000000000e+03,2.723367919921875000e+03
-2.000000029802322388e-01,5.000000074505805969e-02,-4.208196401596069336e-01,2.322366386651992798e-01,6.957813501358032227e-01,8.337169885635375977e-02,2.118000000000000000e+03,2.463091552734375000e+03
8.073761314153671265e-02,-6.024989485740661621e-02,2.884543733671307564e-03,2.340389490127563477e-01,1.267081499099731445e+00,6.424363702535629272e-02,4.957000000000000000e+03,5.239742675781250000e+03
4.183419048786163330e-02,2.145627290010452271e-01,1.736896634101867676e-01,8.049678802490234375e-02,8.887788653373718262e-01,5.713947489857673645e-02,3.008000000000000000e+03,3.141062255859375000e+03
-1.661394163966178894e-02,8.489102870225906372e-02,-1.197812184691429138e-01,1.777598857879638672e-01,1.112940192222595215e+00,5.897597968578338623e-02,3.602000000000000000e+03,3.657986083984375000e+03
0.000000000000000000e+00,1.764043420553207397e-01,2.917879819869995117e-01,2.744357883930206299e-01,1.253803968429565430e+00,5.966716259717941284e-02,5.121000000000000000e+03,5.424586425781250000e+03
0.000000000000000000e+00,9.482004493474960327e-02,-1.586347371339797974e-01,-1.768571585416793823e-01,1.108967900276184082e+00,5.519369244575500488e-02,4.286000000000000000e+03,4.624749023437500000e+03
-1.500000059604644775e-01,-6.590732932090759277e-02,-4.546303674578666687e-02,5.167929530143737793e-01,1.131642937660217285e+00,5.607450380921363831e-02,4.344000000000000000e+03,5.470806640625000000e+03
5.000000074505805969e-02,5.000000074505805969e-02,-1.884952783584594727e-01,-4.519439488649368286e-02,1.255842447280883789e+00,5.606270208954811096e-02,4.680000000000000000e+03,4.874030761718750000e+03
0.000000000000000000e+00,-1.000000014901161194e-01,-2.692902684211730957e-01,2.236237525939941406e-01,1.045269370079040527e+00,6.884993612766265869e-02,3.910000000000000000e+03,4.521198730468750000e+03
-1.500000059604644775e-01,9.482004493474960327e-02,-6.653217971324920654e-02,-2.565982285887002945e-03,1.145119667053222656e+00,6.205240637063980103e-02,3.779000000000000000e+03,3.826155029296875000e+03
0.000000000000000000e+00,0.000000000000000000e+00,2.528847754001617432e-01,3.781447112560272217e-01,1.278766155242919922e+00,5.462754890322685242e-02,5.089000000000000000e+03,5.716103515625000000e+03
-5.000000074505805969e-02,0.000000000000000000e+00,-4.070963561534881592e-01,3.017594814300537109e-01,1.267787814140319824e+00,5.573428049683570862e-02,5.321000000000000000e+03,6.024202636718750000e+03
0.000000000000000000e+00,0.000000000000000000e+00,-1.263141334056854248e-01,1.747811399400234222e-02,1.281242012977600098e+00,6.117517501115798950e-02,4.854000000000000000e+03,4.901911621093750000e+03
2.145627290010452271e-01,1.764043420553207397e-01,-2.719577550888061523e-01,-2.109262347221374512e-01,1.135422348976135254e+00,6.612075865268707275e-02,4.045000000000000000e+03,5.191356445312500000e+03
-5.000000074505805969e-02,8.815837651491165161e-02,1.295724809169769287e-01,-2.861613035202026367e-02,1.280263423919677734e+00,6.031227484345436096e-02,5.154000000000000000e+03,5.297690917968750000e+03
9.482004493474960327e-02,8.687628805637359619e-02,1.988497972488403320e-01,1.381843984127044678e-01,1.264138460159301758e+00,6.181989237666130066e-02,4.596000000000000000e+03,4.634621093750000000e+03
-1.000000014901161194e-01,3.275320306420326233e-02,-3.382109850645065308e-02,-1.228266395628452301e-03,1.274952650070190430e+00,6.003552302718162537e-02,4.288000000000000000e+03,4.302510253906250000e+03
3.489103168249130249e-02,2.958556823432445526e-02,-4.010391235351562500e-01,2.176731079816818237e-01,1.133175969123840332e+00,5.720758810639381409e-02,4.819000000000000000e+03,5.634219726562500000e+03
-5.000000074505805969e-02,5.000000074505805969e-02,2.063708156347274780e-01,4.831693470478057861e-01,1.268542766571044922e+00,5.646701529622077942e-02,4.912000000000000000e+03,5.659770019531250000e+03
-1.000000014901161194e-01,1.366542428731918335e-01,-1.153573393821716309e-01,4.881148412823677063e-02,1.186626315116882324e+00,6.392607092857360840e-02,4.613000000000000000e+03,4.638854980468750000e+03
9.482004493474960327e-02,-5.000000074505805969e-02,7.308291643857955933e-02,1.578671336174011230e-01,1.194990158081054688e+00,5.076473951339721680e-02,4.576000000000000000e+03,4.714517089843750000e+03
-2.500000000000000000e-01,-5.000000074505805969e-02,-1.991579681634902954e-02,6.655669212341308594e-02,1.246157169342041016e+00,5.745768919587135315e-02,4.657000000000000000e+03,4.854330566406250000e+03
-5.000000074505805969e-02,5.000000074505805969e-02,1.822474747896194458e-01,-1.906768977642059326e-02,1.274166464805603027e+00,6.198341771960258484e-02,5.257000000000000000e+03,5.445265625000000000e+03
-1.000000014901161194e-01,4.482004791498184204e-02,-4.179710447788238525e-01,3.506001532077789307e-01,1.173022866249084473e+00,6.847362220287322998e-02,3.689000000000000000e+03,4.193722167968750000e+03
-1.590733230113983154e-02,0.000000000000000000e+00,4.318996146321296692e-02,2.307049231603741646e-03,1.245913624763488770e+00,5.980955064296722412e-02,4.728000000000000000e+03,4.738709960937500000e+03
1.673918515443801880e-01,9.482004493474960327e-02,-1.603322662413120270e-02,1.094602346420288086e-01,9.451585412025451660e-01,6.677155196666717529e-02,3.652000000000000000e+03,3.788940185546875000e+03
0.000000000000000000e+00,-5.000000074505805969e-02,4.589089155197143555e-01,1.677835732698440552e-01,1.247606515884399414e+00,6.256986409425735474e-02,4.740000000000000000e+03,5.497900878906250000e+03
-2.000000029802322388e-01,-1.000000014901161194e-01,-1.530409753322601318e-01,3.159715561196208000e-03,1.160616517066955566e+00,5.148746818304061890e-02,4.460000000000000000e+03,4.502223144531250000e+03
0.000000000000000000e+00,-5.000000074505805969e-02,3.388435542583465576e-01,2.136946469545364380e-01,1.267174601554870605e+00,5.932017043232917786e-02,4.815000000000000000e+03,5.352559570312500000e+03
-1.118416264653205872e-01,-6.510896980762481689e-02,3.743041455745697021e-01,2.321552298963069916e-02,1.146655321121215820e+00,6.693153828382492065e-02,4.081000000000000000e+03,4.808523437500000000e+03
-1.000000014901161194e-01,2.872454822063446045e-01,2.372935600578784943e-02,-2.296368181705474854e-01,1.074350595474243164e+00,6.683518737554550171e-02,3.869000000000000000e+03,4.771675292968750000e+03
-5.000000074505805969e-02,0.000000000000000000e+00,2.743210494518280029e-01,3.026548027992248535e-01,1.266444087028503418e+00,5.657067894935607910e-02,5.352000000000000000e+03,5.991137695312500000e+03
4.183419048786163330e-02,-5.816580727696418762e-02,1.517730653285980225e-01,3.128356635570526123e-01,1.259183287620544434e+00,5.697471648454666138e-02,4.947000000000000000e+03,5.404839843750000000e+03
-2.500000000000000000e-01,-6.184162572026252747e-02,-3.506627082824707031e-01,1.933855749666690826e-02,1.032185196876525879e+00,5.847105756402015686e-02,3.052000000000000000e+03,3.099834472656250000e+03
-5.000000074505805969e-02,1.366542428731918335e-01,-2.651336789131164551e-01,5.823774337768554688e-01,1.202193498611450195e+00,6.121450662612915039e-02,4.738000000000000000e+03,5.512883300781250000e+03
-5.000000074505805969e-02,0.000000000000000000e+00,-3.201259374618530273e-01,-9.407666325569152832e-02,1.271092176437377930e+00,6.019616127014160156e-02,5.115000000000000000e+03,5.371395996093750000e+03
0.000000000000000000e+00,1.366542428731918335e-01,-5.859282612800598145e-02,5.615127459168434143e-02,1.258016347885131836e+00,6.054990366101264954e-02,4.688000000000000000e+03,4.717204101562500000e+03
5.000000074505805969e-02,4.545493423938751221e-01,-1.098322942852973938e-01,3.164526522159576416e-01,7.581519484519958496e-01,7.320196926593780518e-02,3.154000000000000000e+03,3.394683349609375000e+03
0.000000000000000000e+00,-5.000000074505805969e-02,1.005325242877006531e-01,-1.833639889955520630e-01,1.130403161048889160e+00,6.276562064886093140e-02,3.496000000000000000e+03,3.571790527343750000e+03
-1.659073382616043091e-01,3.580648824572563171e-02,3.517515361309051514e-01,-2.196195162832736969e-02,1.277393817901611328e+00,6.688938289880752563e-02,4.758000000000000000e+03,5.521650390625000000e+03
0.000000000000000000e+00,5.000000074505805969e-02,-4.899684488773345947e-01,6.856130063533782959e-02,1.225662946701049805e+00,5.256566405296325684e-02,4.533000000000000000e+03,5.233597167968750000e+03
-5.000000074505805969e-02,-5.816580727696418762e-02,-1.563048362731933594e-02,2.872596681118011475e-01,1.270927429199218750e+00,6.075766682624816895e-02,4.722000000000000000e+03,5.068231445312500000e+03
1.194074451923370361e-01,3.562291860580444336e-01,2.605217099189758301e-01,-1.012448221445083618e-01,1.157920241355895996e+00,6.567671895027160645e-02,4.108000000000000000e+03,4.784918945312500000e+03
1.366542428731918335e-01,9.482004493474960327e-02,1.041831299662590027e-01,1.613939255475997925e-01,1.036980509757995605e+00,5.718566104769706726e-02,3.996000000000000000e+03,4.016323486328125000e+03
-6.184162572026252747e-02,-1.781912706792354584e-02,-6.726410984992980957e-02,8.157294243574142456e-02,1.280836582183837891e+00,6.138424575328826904e-02,3.878000000000000000e+03,3.901234375000000000e+03
-5.000000074505805969e-02,0.000000000000000000e+00,2.185665220022201538e-01,-1.403142698109149933e-02,1.274068832397460938e+00,6.061847507953643799e-02,4.814000000000000000e+03,5.025818359375000000e+03
-5.000000074505805969e-02,2.514390051364898682e-01,3.075087666511535645e-01,1.364056318998336792e-01,1.010139584541320801e+00,8.594546467065811157e-02,3.001000000000000000e+03,3.403768066406250000e+03
-5.000000074505805969e-02,3.896152675151824951e-01,1.728713661432266235e-01,1.783380508422851562e-01,1.238522529602050781e+00,6.681033223867416382e-02,4.459000000000000000e+03,4.729722167968750000e+03
-5.179951898753643036e-03,-5.000000074505805969e-02,-1.079906150698661804e-01,1.815786585211753845e-02,1.260775446891784668e+00,6.222876161336898804e-02,4.336000000000000000e+03,4.377482910156250000e+03
5.000000074505805969e-02,4.482004791498184204e-02,5.535746738314628601e-02,3.709484338760375977e-01,1.247327089309692383e+00,6.463193893432617188e-02,4.845000000000000000e+03,5.170976074218750000e+03
-1.000000014901161194e-01,2.803703844547271729e-01,-1.539512816816568375e-02,-5.616691336035728455e-02,1.108475923538208008e+00,5.952179059386253357e-02,4.175000000000000000e+03,4.574455078125000000e+03
1.329784244298934937e-01,4.545493423938751221e-01,1.308338344097137451e-01,2.561735212802886963e-01,9.420415759086608887e-01,5.964565649628639221e-02,3.228000000000000000e+03,3.369275878906250000e+03
0.000000000000000000e+00,0.000000000000000000e+00,4.114943742752075195e-02,3.240467011928558350e-01,1.268278360366821289e+00,5.761508271098136902e-02,5.192000000000000000e+03,5.531791503906250000e+03
-5.000000074505805969e-02,1.669811904430389404e-01,-1.984857767820358276e-01,1.781058609485626221e-01,7.380852103233337402e-01,1.197933256626129150e-01,2.016000000000000000e+03,2.097315185546875000e+03
0.000000000000000000e+00,0.000000000000000000e+00,4.115108251571655273e-01,5.777367949485778809e-01,1.270804524421691895e+00,5.294194817543029785e-02,4.630000000000000000e+03,5.989072753906250000e+03
2.145627290010452271e-01,5.000000074505805969e-02,-3.077201545238494873e-01,3.309168815612792969e-01,1.197860240936279297e+00,5.321517959237098694e-02,4.714000000000000000e+03,5.813822265625000000e+03
-2.500000000000000000e-01,3.221365213394165039e-01,-1.781342178583145142e-01,5.121711492538452148e-01,8.423811197280883789e-01,6.926633417606353760e-02,3.513000000000000000e+03,3.714352539062500000e+03
0.000000000000000000e+00,3.687628731131553650e-02,-2.407770603895187378e-01,1.325788646936416626e-01,1.265942096710205078e+00,5.418724939227104187e-02,5.093000000000000000e+03,5.304153808593750000e+03
3.687628731131553650e-02,0.000000000000000000e+00,-2.551865577697753906e-01,4.432811439037322998e-01,1.282544493675231934e+00,6.545022130012512207e-02,4.872000000000000000e+03,5.677833496093750000e+03
-5.000000074505805969e-02,-5.000000074505805969e-02,2.354003489017486572e-01,5.271601676940917969e-02,1.030416011810302734e+00,6.897209584712982178e-02,3.608000000000000000e+03,3.914877929687500000e+03
-5.000000074505805969e-02,-5.179951898753643036e-03,-1.905007213354110718e-01,2.678362429141998291e-01,1.243380427360534668e+00,5.635201930999755859e-02,4.685000000000000000e+03,4.966749023437500000e+03
-1.184162404388189316e-02,-1.000000014901161194e-01,-3.524122014641761780e-02,-1.347448229789733887e-01,1.257019758224487305e+00,6.381415575742721558e-02,4.627000000000000000e+03,4.632202636718750000e+03
0.000000000000000000e+00,0.000000000000000000e+00,9.842720627784729004e-02,4.062965214252471924e-01,1.281048417091369629e+00,5.124358087778091431e-02,5.506000000000000000e+03,6.077775390625000000e+03
8.975010365247726440e-02,-1.661394163966178894e-02,-1.013008356094360352e-01,-1.550381034612655640e-01,1.253733873367309570e+00,6.096405908465385437e-02,5.109000000000000000e+03,5.288797363281250000e+03
-1.781912706792354584e-02,0.000000000000000000e+00,7.155302911996841431e-02,3.818947672843933105e-01,1.282061338424682617e+00,6.667074561119079590e-02,5.312000000000000000e+03,5.799528320312500000e+03
-8.165807463228702545e-03,5.000000074505805969e-02,5.633622407913208008e-01,2.671509683132171631e-01,1.274099111557006836e+00,6.415157765150070190e-02,4.656000000000000000e+03,5.679021484375000000e+03
-6.590732932090759277e-02,1.764043420553207397e-01,-1.549687683582305908e-01,6.505824625492095947e-02,1.102254986763000488e+00,6.088093295693397522e-02,4.151000000000000000e+03,4.219909179687500000e+03
0.000000000000000000e+00,5.000000074505805969e-02,-1.366750150918960571e-01,1.308261305093765259e-01,1.135278820991516113e+00,6.021646782755851746e-02,4.311000000000000000e+03,4.394682617187500000e+03
4.183419048786163330e-02,-5.000000074505805969e-02,5.720680579543113708e-02,-9.361240267753601074e-02,1.263454198837280273e+00,6.221366673707962036e-02,4.670000000000000000e+03,4.676236328125000000e+03
0.000000000000000000e+00,0.000000000000000000e+00,3.067637681961059570e-01,3.898518383502960205e-01,1.153973698616027832e+00,4.923003166913986206e-02,4.927000000000000000e+03,5.802062988281250000e+03
5.000000074505805969e-02,1.366542428731918335e-01,-1.554813683032989502e-01,-6.220643967390060425e-02,1.250988364219665527e+00,6.124037504196166992e-02,4.941000000000000000e+03,5.196308105468750000e+03
-6.312371790409088135e-02,1.764043420553207397e-01,-8.590907603502273560e-02,8.258383721113204956e-02,5.884501934051513672e-01,6.713494658470153809e-02,2.089000000000000000e+03,2.145014404296875000e+03
-1.000000014901161194e-01,4.183419048786163330e-02,-1.392082571983337402e-01,3.506261110305786133e-02,1.211253523826599121e+00,6.396200507879257202e-02,4.484000000000000000e+03,4.488892089843750000e+03
-5.000000074505805969e-02,0.000000000000000000e+00,-7.133993785828351974e-03,4.439924061298370361e-01,1.251873254776000977e+00,6.429402530193328857e-02,5.325000000000000000e+03,5.981185058593750000e+03
0.000000000000000000e+00,0.000000000000000000e+00,3.991607204079627991e-02,3.482600301504135132e-02,1.285510659217834473e+00,6.387034803628921509e-02,4.841000000000000000e+03,4.849161621093750000e+03
3.409266844391822815e-02,-5.816580727696418762e-02,-1.246126089245080948e-02,-5.137640237808227539e-02,1.273934245109558105e+00,6.365333497524261475e-02,4.025000000000000000e+03,4.030523437500000000e+03
5.000000074505805969e-02,0.000000000000000000e+00,-2.720049023628234863e-01,2.901143729686737061e-01,1.278266906738281250e+00,5.956881493330001831e-02,5.472000000000000000e+03,6.085349609375000000e+03
-2.500000000000000000e-01,5.000000074505805969e-02,-1.213096305727958679e-01,3.252620697021484375e-01,8.463220000267028809e-01,5.499530211091041565e-02,3.321000000000000000e+03,3.736680419921875000e+03
-5.000000074505805969e-02,0.000000000000000000e+00,1.448895316570997238e-02,1.726472526788711548e-01,1.259072542190551758e+00,6.582991033792495728e-02,4.977000000000000000e+03,5.083352539062500000e+03
0.000000000000000000e+00,5.000000074505805969e-02,1.129007041454315186e-01,1.881141811609268188e-01,1.247207164764404297e+00,5.662545561790466309e-02,4.856000000000000000e+03,4.954585937500000000e+03
-2.641935050487518311e-01,0.000000000000000000e+00,-1.600776612758636475e-01,-1.028159186244010925e-01,1.174254894256591797e+00,5.648175254464149475e-02,3.953000000000000000e+03,4.013929443359375000e+03
1.366542428731918335e-01,4.482004791498184204e-02,2.193014472723007202e-01,5.700035095214843750e-01,1.130648374557495117e+00,6.058991700410842896e-02,4.263000000000000000e+03,5.161938476562500000e+03
8.118000626564025879e-02,-5.000000074505805969e-02,-1.239596307277679443e-01,1.408234890550374985e-02,1.256922125816345215e+00,6.576493382453918457e-02,4.370000000000000000e+03,4.496594238281250000e+03
0.000000000000000000e+00,0.000000000000000000e+00,-3.973363041877746582e-01,5.076653361320495605e-01,1.267606258392333984e+00,5.478013306856155396e-02,4.835000000000000000e+03,6.024213867187500000e+03
-5.000000074505805969e-02,5.000000074505805969e-02,3.594485670328140259e-02,-2.829529903829097748e-02,1.259664058685302734e+00,6.012776866555213928e-02,4.464000000000000000e+03,4.501931640625000000e+03
4.482004791498184204e-02,0.000000000000000000e+00,5.123902857303619385e-02,3.314215689897537231e-02,1.286406397819519043e+00,5.514308810234069824e-02,4.082000000000000000e+03,4.084762695312500000e+03
5.000000074505805969e-02,5.000000074505805969e-02,1.936120241880416870e-01,1.256255805492401123e-01,1.268677115440368652e+00,5.693621560931205750e-02,4.178000000000000000e+03,4.246238281250000000e+03
0.000000000000000000e+00,-5.000000074505805969e-02,1.906316429376602173e-01,4.317094013094902039e-02,1.282535076141357422e+00,5.792402103543281555e-02,5.154000000000000000e+03,5.294016113281250000e+03
0.000000000000000000e+00,-5.000000074505805969e-02,2.888946048915386200e-02,2.440494298934936523e-01,1.285963773727416992e+00,5.062979087233543396e-02,4.178000000000000000e+03,4.396062011718750000e+03
0.000000000000000000e+00,4.482004791498184204e-02,-4.261120036244392395e-02,4.826961457729339600e-01,1.269738197326660156e+00,5.913519114255905151e-02,4.839000000000000000e+03,5.403361328125000000e+03
5.000000074505805969e-02,1.366542428731918335e-01,6.525445729494094849e-02,2.496643662452697754e-01,1.191529989242553711e+00,5.530006438493728638e-02,4.870000000000000000e+03,4.914659667968750000e+03
-5.000000074505805969e-02,0.000000000000000000e+00,2.902208566665649414e-01,1.159073710441589355e-01,1.265389680862426758e+00,5.468475073575973511e-02,5.070000000000000000e+03,5.470713378906250000e+03
0.000000000000000000e+00,5.000000074505805969e-02,-5.746688246726989746e-01,3.411574959754943848e-01,1.280150532722473145e+00,5.572742596268653870e-02,4.915000000000000000e+03,6.096794921875000000e+03
2.514390051364898682e-01,2.872454822063446045e-01,2.563958168029785156e-01,1.363027393817901611e-01,1.167820572853088379e+00,5.994201451539993286e-02,4.332000000000000000e+03,4.403914062500000000e+03
-1.500000059604644775e-01,5.000000074505805969e-02,1.307546347379684448e-01,2.463421374559402466e-01,1.259065628051757812e+00,5.909309163689613342e-02,5.300000000000000000e+03,5.685152343750000000e+03
9.482004493474960327e-02,5.000000074505805969e-02,-4.281476736068725586e-01,7.050676643848419189e-02,1.241193652153015137e+00,6.001261621713638306e-02,4.916000000000000000e+03,5.757034179687500000e+03
9.482004493474960327e-02,-6.781912595033645630e-02,6.206595152616500854e-02,2.431672662496566772e-01,1.197157025337219238e+00,6.636274605989456177e-02,4.925000000000000000e+03,5.256358398437500000e+03
5.000000074505805969e-02,5.000000074505805969e-02,3.587055802345275879e-01,6.768129467964172363e-01,1.271941304206848145e+00,6.122044101357460022e-02,4.739000000000000000e+03,6.087269531250000000e+03
5.000000074505805969e-02,-6.661394238471984863e-02,-1.662243530154228210e-02,3.181063234806060791e-01,1.275607585906982422e+00,6.131970882415771484e-02,4.802000000000000000e+03,5.242721191406250000e+03
0.000000000000000000e+00,9.482004493474960327e-02,6.861905753612518311e-02,-3.763207420706748962e-02,1.278162479400634766e+00,5.935675278306007385e-02,4.858000000000000000e+03,4.923777343750000000e+03
5.000000074505805969e-02,-5.000000074505805969e-02,4.522418975830078125e-02,3.269079625606536865e-01,1.165236830711364746e+00,6.322941929101943970e-02,4.644000000000000000e+03,5.118485351562500000e+03
-5.816580727696418762e-02,-5.179951898753643036e-03,6.613068282604217529e-02,9.346850216388702393e-02,1.227039813995361328e+00,5.964535102248191833e-02,3.879000000000000000e+03,3.943393798828125000e+03
5.000000074505805969e-02,-1.000000014901161194e-01,9.157765656709671021e-02,-3.164584040641784668e-01,1.061428070068359375e+00,8.326798677444458008e-02,2.656000000000000000e+03,2.769153808593750000e+03
-5.000000074505805969e-02,0.000000000000000000e+00,6.857754290103912354e-02,6.109925452619791031e-04,1.266426324844360352e+00,6.267333775758743286e-02,4.523000000000000000e+03,4.562722656250000000e+03
-1.000000014901161194e-01,1.366542428731918335e-01,-2.170254439115524292e-01,-1.419238448143005371e-01,7.635877728462219238e-01,7.039772719144821167e-02,2.735000000000000000e+03,3.148214843750000000e+03
0.000000000000000000e+00,-1.131237149238586426e-01,2.066519111394882202e-01,7.962516695261001587e-02,1.226647138595581055e+00,5.906968191266059875e-02,4.982000000000000000e+03,5.243330566406250000e+03
-8.165807463228702545e-03,-5.000000074505805969e-02,-1.924441568553447723e-02,-6.248667091131210327e-02,1.284249305725097656e+00,6.168647482991218567e-02,4.238000000000000000e+03,4.238716308593750000e+03
0.000000000000000000e+00,0.000000000000000000e+00,-6.616224646568298340e-01,3.779211640357971191e-01,1.275669217109680176e+00,5.933088436722755432e-02,4.972000000000000000e+03,6.631015625000000000e+03
-5.000000074505805969e-02,-1.500000059604644775e-01,1.110865995287895203e-01,-2.131515741348266602e-01,1.231964707374572754e+00,6.001765280961990356e-02,5.187000000000000000e+03,5.288449218750000000e+03
9.482004493474960327e-02,3.562291860580444336e-01,1.295181065797805786e-01,-3.112608008086681366e-02,9.792540073394775391e-01,6.711906939744949341e-02,2.823000000000000000e+03,3.252754638671875000e+03
-8.165807463228702545e-03,-5.000000074505805969e-02,2.224817276000976562e-01,5.938020944595336914e-01,1.266598343849182129e+00,6.080323830246925354e-02,4.302000000000000000e+03,5.488573242187500000e+03
-1.000000014901161194e-01,3.896152675151824951e-01,-1.250199079513549805e-01,6.506667137145996094e-01,1.044845104217529297e+00,2.260964363813400269e-01,2.951000000000000000e+03,3.134454833984375000e+03
-1.000000014901161194e-01,5.000000074505805969e-02,-2.385408282279968262e-01,1.943725943565368652e-01,8.639408946037292480e-01,6.756080687046051025e-02,2.974000000000000000e+03,3.131567138671875000e+03
0.000000000000000000e+00,5.000000074505805969e-02,4.659214913845062256e-01,6.076376140117645264e-02,1.254194617271423340e+00,5.550151318311691284e-02,4.467000000000000000e+03,5.064215332031250000e+03
5.000000074505805969e-02,-1.000000014901161194e-01,-9.841592982411384583e-04,2.907083602622151375e-03,1.120330095291137695e+00,6.306605786085128784e-02,4.197000000000000000e+03,4.241035644531250000e+03
-2.500000000000000000e-01,5.000000074505805969e-02,-2.325235605239868164e-01,-2.166170626878738403e-02,1.188114762306213379e+00,5.225758254528045654e-02,3.830000000000000000e+03,3.844822509765625000e+03
5.000000074505805969e-02,0.000000000000000000e+00,2.025411874055862427e-01,1.465642750263214111e-01,1.274043440818786621e+00,6.111757829785346985e-02,4.989000000000000000e+03,5.125417968750000000e+03
-5.816580727696418762e-02,0.000000000000000000e+00,-7.850956171751022339e-03,1.233223751187324524e-01,1.277116894721984863e+00,5.738968774676322937e-02,4.805000000000000000e+03,4.856944824218750000e+03
-5.000000074505805969e-02,3.218087181448936462e-02,6.826817244291305542e-02,2.887396514415740967e-02,1.274235606193542480e+00,6.103209406137466431e-02,4.702000000000000000e+03,4.742398437500000000e+03
5.000000074505805969e-02,-5.000000074505805969e-02,5.752573534846305847e-02,2.161749899387359619e-01,1.271814346313476562e+00,6.209022179245948792e-02,5.260000000000000000e+03,5.487749511718750000e+03
0.000000000000000000e+00,0.000000000000000000e+00,-3.229206800460815430e-01,1.825451403856277466e-01,1.272981047630310059e+00,5.260457843542098999e-02,4.983000000000000000e+03,5.397844726562500000e+03
5.000000074505805969e-02,0.000000000000000000e+00,4.132514595985412598e-01,2.329682232812047005e-03,1.196247577667236328e+00,5.511655285954475403e-02,4.837000000000000000e+03,5.273550292968750000e+03
2.145627290010452271e-01,-5.000000074505805969e-02,2.862150548025965691e-03,3.714201450347900391e-01,9.879547357559204102e-01,7.322394847869873047e-02,3.447000000000000000e+03,4.195926269531250000e+03
0.000000000000000000e+00,0.000000000000000000e+00,-7.535909116268157959e-02,5.428794026374816895e-01,1.269757509231567383e+00,5.772954598069190979e-02,4.373000000000000000e+03,5.155498535156250000e+03
0.000000000000000000e+00,0.000000000000000000e+00,-3.399021923542022705e-01,1.845715343952178955e-01,1.244170308113098145e+00,5.736792460083961487e-02,4.980000000000000000e+03,5.450587402343750000e+03
9.482004493474960327e-02,-6.781912595033645630e-02,9.701823443174362183e-02,2.713831961154937744e-01,1.187547087669372559e+00,6.315367668867111206e-02,4.569000000000000000e+03,4.934865722656250000e+03
5.000000074505805969e-02,-5.816580727696418762e-02,-3.710196912288665771e-01,-1.300249546766281128e-01,1.245239257812500000e+00,6.048102676868438721e-02,4.633000000000000000e+03,5.162739257812500000e+03
0.000000000000000000e+00,9.482004493474960327e-02,-5.497501492500305176e-01,7.000904530286788940e-02,1.043293714523315430e+00,6.400860100984573364e-02,3.883000000000000000e+03,4.905735351562500000e+03
-5.000000074505805969e-02,1.673918515443801880e-01,-2.452400028705596924e-01,3.727605566382408142e-02,7.494441270828247070e-01,5.578524991869926453e-02,2.974000000000000000e+03,3.258545898437500000e+03
-8.165807463228702545e-03,-1.000000014901161194e-01,-2.795577347278594971e-01,2.011031210422515869e-01,1.222677826881408691e+00,5.576846376061439514e-02,4.817000000000000000e+03,5.333658203125000000e+03
0.000000000000000000e+00,-5.000000074505805969e-02,6.265404224395751953e-01,1.814811080694198608e-01,1.256903767585754395e+00,6.044743582606315613e-02,4.777000000000000000e+03,6.054633789062500000e+03
-2.005595900118350983e-02,3.179831206798553467e-01,5.134223699569702148e-01,-1.603086292743682861e-01,1.258435010910034180e+00,6.727454811334609985e-02,4.087000000000000000e+03,5.334963867187500000e+03
5.000000074505805969e-02,0.000000000000000000e+00,-9.422469884157180786e-02,3.256343901157379150e-01,1.268918156623840332e+00,5.826351046562194824e-02,4.714000000000000000e+03,5.078509277343750000e+03
0.000000000000000000e+00,7.994404435157775879e-02,-1.588994823396205902e-02,4.751105792820453644e-03,1.249845147132873535e+00,5.887234956026077271e-02,4.765000000000000000e+03,4.783142578125000000e+03
0.000000000000000000e+00,-5.000000074505805969e-02,-1.343562602996826172e-01,4.733931720256805420e-01,1.167889237403869629e+00,5.785330757498741150e-02,4.508000000000000000e+03,5.430634765625000000e+03
-5.000000074505805969e-02,0.000000000000000000e+00,7.316511124372482300e-02,6.588958203792572021e-02,1.266210556030273438e+00,5.514511838555335999e-02,4.729000000000000000e+03,4.786383789062500000e+03
-5.000000074505805969e-02,8.687628805637359619e-02,1.444491147994995117e-01,2.242901623249053955e-01,1.105712771415710449e+00,7.476489990949630737e-02,3.602000000000000000e+03,3.767357177734375000e+03
4.183419048786163330e-02,0.000000000000000000e+00,4.678943008184432983e-02,-7.456752657890319824e-02,1.283506751060485840e+00,6.278645992279052734e-02,4.365000000000000000e+03,4.379770996093750000e+03
4.183419048786163330e-02,5.000000074505805969e-02,-2.443278282880783081e-01,3.079110085964202881e-01,1.252666473388671875e+00,6.102060899138450623e-02,5.532000000000000000e+03,6.043980957031250000e+03
5.000000074505805969e-02,5.000000074505805969e-02,-6.399690173566341400e-03,5.514574795961380005e-02,8.654018640518188477e-01,6.283709406852722168e-02,2.826000000000000000e+03,2.838029052734375000e+03
8.687628805637359619e-02,-5.179951898753643036e-03,1.198774129152297974e-01,-1.421074718236923218e-01,1.268606781959533691e+00,6.818974018096923828e-02,4.726000000000000000e+03,4.783886230468750000e+03
0.000000000000000000e+00,-1.102498918771743774e-01,-6.510166078805923462e-02,-1.845353841781616211e-01,1.223618149757385254e+00,6.291403621435165405e-02,4.223000000000000000e+03,4.250333984375000000e+03
-5.000000074505805969e-02,1.366542428731918335e-01,-2.433519214391708374e-01,5.701105594635009766e-01,1.167187333106994629e+00,5.251880362629890442e-02,4.537000000000000000e+03,5.259713867187500000e+03
5.000000074505805969e-02,-1.500000059604644775e-01,2.069366723299026489e-01,2.573266439139842987e-02,1.223662614822387695e+00,5.932593345642089844e-02,4.779000000000000000e+03,4.954145996093750000e+03
0.000000000000000000e+00,9.482004493474960327e-02,1.029425784945487976e-01,-2.370462007820606232e-02,1.282445669174194336e+00,6.408710032701492310e-02,5.097000000000000000e+03,5.172951171875000000e+03
0.000000000000000000e+00,3.815837576985359192e-02,-2.963435053825378418e-01,1.387239396572113037e-01,8.591763973236083984e-01,7.796014100313186646e-02,2.508000000000000000e+03,2.830584960937500000e+03
0.000000000000000000e+00,0.000000000000000000e+00,-2.246025651693344116e-01,2.807295918464660645e-01,1.264698266983032227e+00,5.225099250674247742e-02,4.940000000000000000e+03,5.332145019531250000e+03
0.000000000000000000e+00,5.000000074505805969e-02,3.481085300445556641e-01,2.664583921432495117e-01,1.253414154052734375e+00,5.688628926873207092e-02,4.969000000000000000e+03,5.487105957031250000e+03
2.145627290010452271e-01,0.000000000000000000e+00,9.321924299001693726e-02,2.720942497253417969e-01,1.052376627922058105e+00,6.153608113527297974e-02,4.574000000000000000e+03,4.933936035156250000e+03
0.000000000000000000e+00,4.482004791498184204e-02,4.503781497478485107e-01,-4.345934092998504639e-02,1.269860386848449707e+00,5.362427607178688049e-02,5.013000000000000000e+03,5.647839355468750000e+03
-2.641935050487518311e-01,2.514390051364898682e-01,-2.992819547653198242e-01,-1.012895926833152771e-01,8.316970467567443848e-01,9.964112192392349243e-02,2.672000000000000000e+03,3.139514892578125000e+03
-2.500000000000000000e-01,0.000000000000000000e+00,-2.222563028335571289e-01,-9.919793158769607544e-02,8.129541277885437012e-01,6.570107489824295044e-02,2.939000000000000000e+03,2.985833496093750000e+03
-5.000000074505805969e-02,-5.000000074505805969e-02,2.886107265949249268e-01,3.535028174519538879e-02,1.228049874305725098e+00,5.693757534027099609e-02,4.878000000000000000e+03,5.265223632812500000e+03
5.000000074505805969e-02,5.000000074505805969e-02,-2.016762271523475647e-02,6.157646700739860535e-02,1.284630537033081055e+00,6.169491633772850037e-02,4.222000000000000000e+03,4.234839843750000000e+03
0.000000000000000000e+00,1.366542428731918335e-01,-1.726088225841522217e-01,-1.306502074003219604e-01,1.277086853981018066e+00,7.119902968406677246e-02,5.004000000000000000e+03,5.310706542968750000e+03
-1.172467991709709167e-01,-2.000000029802322388e-01,-3.586136549711227417e-02,-1.126340553164482117e-01,1.165967226028442383e+00,6.668499857187271118e-02,4.676000000000000000e+03,4.725061523437500000e+03
1.735305190086364746e-01,-1.102498918771743774e-01,5.838444828987121582e-02,-1.090400144457817078e-01,1.161823987960815430e+00,6.885007768869400024e-02,4.533000000000000000e+03,4.577282226562500000e+03
-5.000000074505805969e-02,-1.500000059604644775e-01,1.362695246934890747e-01,1.723464727401733398e-01,1.136967658996582031e+00,6.668639928102493286e-02,3.954000000000000000e+03,4.367947265625000000e+03
8.218087255954742432e-02,0.000000000000000000e+00,1.596997231245040894e-01,5.210483074188232422e-02,1.191772699356079102e+00,6.356850266456604004e-02,4.398000000000000000e+03,4.425045898437500000e+03
-5.000000074505805969e-02,5.000000074505805969e-02,2.386732548475265503e-01,2.581621408462524414e-01,1.273380756378173828e+00,5.659586936235427856e-02,4.920000000000000000e+03,5.297105957031250000e+03
-2.641935050487518311e-01,1.764043420553207397e-01,-5.181189775466918945e-01,3.350263535976409912e-01,9.950778484344482422e-01,7.299622893333435059e-02,4.228000000000000000e+03,4.603211425781250000e+03
2.514390051364898682e-01,0.000000000000000000e+00,1.509134322404861450e-01,-2.369107604026794434e-01,9.909902811050415039e-01,7.147058099508285522e-02,3.651000000000000000e+03,3.893275878906250000e+03
-5.816580727696418762e-02,3.221365213394165039e-01,1.140154153108596802e-01,5.374193191528320312e-01,1.133219003677368164e+00,6.047457829117774963e-02,5.043000000000000000e+03,5.337686523437500000e+03
-1.000000014901161194e-01,0.000000000000000000e+00,-2.798172831535339355e-01,6.086379289627075195e-02,7.201455235481262207e-01,8.288855850696563721e-02,2.637000000000000000e+03,2.816873779296875000e+03
-1.781912706792354584e-02,-1.000000014901161194e-01,-2.972032725811004639e-01,-6.256433576345443726e-02,1.183751583099365234e+00,5.024780333042144775e-02,4.661000000000000000e+03,4.921728027343750000e+03
-2.000000029802322388e-01,2.514390051364898682e-01,-2.528792619705200195e-01,3.203396499156951904e-01,1.005524039268493652e+00,6.089649349451065063e-02,3.888000000000000000e+03,3.916791503906250000e+03
4.482004791498184204e-02,-1.000000014901161194e-01,-2.714829444885253906e-01,4.521378576755523682e-01,1.256404280662536621e+00,6.965977698564529419e-02,4.363000000000000000e+03,5.424018066406250000e+03
3.687628731131553650e-02,5.000000074505805969e-02,-9.703756310045719147e-03,2.313230931758880615e-02,1.276435136795043945e+00,6.053530797362327576e-02,5.382000000000000000e+03,5.391522949218750000e+03
0.000000000000000000e+00,-1.834094338119029999e-02,-2.451885193586349487e-01,-1.887376755475997925e-01,1.257416248321533203e+00,5.692340433597564697e-02,4.919000000000000000e+03,5.192816894531250000e+03
-5.000000074505805969e-02,-5.000000074505805969e-02,-2.727299630641937256e-01,2.911932207643985748e-02,1.258600831031799316e+00,5.658413469791412354e-02,5.022000000000000000e+03,5.197705078125000000e+03
-1.661394163966178894e-02,8.580648899078369141e-02,-1.065702810883522034e-01,1.354462802410125732e-01,1.244251489639282227e+00,5.896804109215736389e-02,4.579000000000000000e+03,4.610156738281250000e+03
4.188640415668487549e-01,4.482004791498184204e-02,3.047113120555877686e-01,2.225035876035690308e-01,8.855411410331726074e-01,7.687100023031234741e-02,2.705000000000000000e+03,2.857053955078125000e+03
0.000000000000000000e+00,1.366542428731918335e-01,2.444012016057968140e-01,1.162405088543891907e-01,9.658153057098388672e-01,5.794582888484001160e-02,3.730000000000000000e+03,3.967389160156250000e+03
9.482004493474960327e-02,5.000000074505805969e-02,2.316426038742065430e-01,2.486417889595031738e-01,1.236131906509399414e+00,5.846245959401130676e-02,4.604000000000000000e+03,4.777622558593750000e+03
-7.005596160888671875e-02,-1.000000014901161194e-01,-1.338461339473724365e-01,5.929422378540039062e-02,1.264363408088684082e+00,6.517495214939117432e-02,4.892000000000000000e+03,4.982014160156250000e+03
0.000000000000000000e+00,0.000000000000000000e+00,1.515398770570755005e-01,8.970004320144653320e-02,1.278165817260742188e+00,5.700290948152542114e-02,5.032000000000000000e+03,5.126752441406250000e+03
3.975010663270950317e-02,4.482004791498184204e-02,3.706335425376892090e-01,-5.548761412501335144e-02,1.255842566490173340e+00,6.470271199941635132e-02,4.778000000000000000e+03,5.133051757812500000e+03
0.000000000000000000e+00,0.000000000000000000e+00,-1.789582967758178711e-01,1.517271902412176132e-02,1.290050029754638672e+00,5.688736587762832642e-02,4.864000000000000000e+03,4.957706054687500000e+03
-5.000000074505805969e-02,-1.184162404388189316e-02,-3.781079649925231934e-01,2.533091902732849121e-01,1.265549659729003906e+00,6.436930596828460693e-02,4.777000000000000000e+03,5.295584472656250000e+03
5.000000074505805969e-02,3.032695502042770386e-02,-7.018899172544479370e-02,6.039112806320190430e-01,1.199558854103088379e+00,5.628450214862823486e-02,4.446000000000000000e+03,5.456380859375000000e+03
1.764043420553207397e-01,-6.590732932090759277e-02,2.495150864124298096e-01,4.771800711750984192e-02,1.031230449676513672e+00,8.067415654659271240e-02,3.424000000000000000e+03,3.482699707031250000e+03
5.000000074505805969e-02,5.000000074505805969e-02,1.544244438409805298e-01,-1.012182757258415222e-01,1.223863005638122559e+00,6.521127372980117798e-02,4.721000000000000000e+03,4.827062500000000000e+03
-5.000000074505805969e-02,1.366542428731918335e-01,2.118973433971405029e-02,-1.041335463523864746e-01,1.186066389083862305e+00,6.759881973266601562e-02,3.315000000000000000e+03,3.461642822265625000e+03
0.000000000000000000e+00,4.482004791498184204e-02,2.239697724580764771e-01,1.743851453065872192e-01,1.230908751487731934e+00,6.491736322641372681e-02,5.056000000000000000e+03,5.277279785156250000e+03
-1.500000059604644775e-01,1.764043420553207397e-01,2.735378146171569824e-01,2.589231822639703751e-03,1.236140608787536621e+00,5.490661785006523132e-02,4.707000000000000000e+03,5.333879882812500000e+03
3.338605910539627075e-02,0.000000000000000000e+00,2.982090115547180176e-01,1.902014911174774170e-01,1.265480518341064453e+00,6.380547583103179932e-02,4.878000000000000000e+03,5.197241699218750000e+03
0.000000000000000000e+00,0.000000000000000000e+00,-3.745534718036651611e-01,-2.914636768400669098e-02,1.275404691696166992e+00,6.222271919250488281e-02,4.853000000000000000e+03,5.265771484375000000e+03
8.489102870225906372e-02,0.000000000000000000e+00,-3.435382619500160217e-02,-1.624392345547676086e-02,1.264937996864318848e+00,6.079719588160514832e-02,4.641000000000000000e+03,4.683105468750000000e+03
2.514390051364898682e-01,-5.000000074505805969e-02,1.286431550979614258e-01,4.734155163168907166e-02,8.854981064796447754e-01,6.585824489593505859e-02,2.774000000000000000e+03,2.860074218750000000e+03
-5.000000074505805969e-02,-5.000000074505805969e-02,4.133483469486236572e-01,6.407160311937332153e-02,1.158948302268981934e+00,5.843161791563034058e-02,4.797000000000000000e+03,5.581532714843750000e+03
0.000000000000000000e+00,0.000000000000000000e+00,5.370806902647018433e-02,1.801805496215820312e-01,1.273421764373779297e+00,5.509576946496963501e-02,4.810000000000000000e+03,4.914276855468750000e+03
9.482004493474960327e-02,0.000000000000000000e+00,-4.457980692386627197e-01,6.419145315885543823e-02,1.268843770027160645e+00,6.081206724047660828e-02,4.836000000000000000e+03,5.691695312500000000e+03
5.000000074505805969e-02,9.183419495820999146e-02,-5.981390178203582764e-02,-5.265537649393081665e-02,1.074632048606872559e+00,5.646116659045219421e-02,3.472000000000000000e+03,3.570049316406250000e+03
2.514390051364898682e-01,5.000000074505805969e-02,1.959069520235061646e-01,1.413138806819915771e-01,1.117644548416137695e+00,5.988892167806625366e-02,4.327000000000000000e+03,4.366680175781250000e+03
-5.000000074505805969e-02,0.000000000000000000e+00,2.356477975845336914e-01,-3.932572156190872192e-02,1.288021802902221680e+00,6.000619754195213318e-02,4.807000000000000000e+03,5.045512695312500000e+03
-2.000000029802322388e-01,-2.500000000000000000e-01,-3.928125500679016113e-01,1.182578429579734802e-01,9.225867986679077148e-01,6.196815147995948792e-02,3.113000000000000000e+03,3.717709228515625000e+03
0.000000000000000000e+00,-5.000000074505805969e-02,-2.704508602619171143e-01,-6.198489665985107422e-02,1.262727499008178711e+00,6.029058247804641724e-02,5.394000000000000000e+03,5.639026367187500000e+03
1.707469075918197632e-01,9.482004493474960327e-02,2.902297675609588623e-01,2.364319562911987305e-01,1.148246288299560547e+00,6.832998991012573242e-02,4.368000000000000000e+03,4.481323242187500000e+03
0.000000000000000000e+00,5.000000074505805969e-02,2.439828515052795410e-01,-6.685559451580047607e-02,1.275874733924865723e+00,6.221595406532287598e-02,5.286000000000000000e+03,5.521081542968750000e+03
9.482004493474960327e-02,1.764043420553207397e-01,2.518812119960784912e-01,2.357453405857086182e-01,8.753032088279724121e-01,6.881607323884963989e-02,3.104000000000000000e+03,3.217106201171875000e+03
5.000000074505805969e-02,-5.000000074505805969e-02,-4.612619578838348389e-01,2.284045517444610596e-01,1.270622491836547852e+00,5.924823880195617676e-02,4.920000000000000000e+03,5.908349121093750000e+03
9.482004493474960327e-02,0.000000000000000000e+00,5.939591675996780396e-02,1.924593150615692139e-01,1.110436797142028809e+00,5.711267143487930298e-02,4.459000000000000000e+03,4.596507812500000000e+03
-5.000000074505805969e-02,3.580648824572563171e-02,1.593070626258850098e-01,1.381550077348947525e-02,1.223725318908691406e+00,6.335244327783584595e-02,4.470000000000000000e+03,4.601138183593750000e+03
0.000000000000000000e+00,-2.000000029802322388e-01,9.717284142971038818e-02,-1.196971386671066284e-01,1.216894149780273438e+00,5.874732881784439087e-02,4.862000000000000000e+03,4.914041992187500000e+03
8.338605612516403198e-02,3.221365213394165039e-01,4.315033089369535446e-03,2.953235805034637451e-01,9.963149428367614746e-01,7.803472131490707397e-02,3.212000000000000000e+03,3.234398193359375000e+03
0.000000000000000000e+00,5.000000074505805969e-02,-2.302480936050415039e-01,4.919638931751251221e-01,1.265374422073364258e+00,6.139586120843887329e-02,5.198000000000000000e+03,5.977401367187500000e+03
3.815837576985359192e-02,0.000000000000000000e+00,-2.524873018264770508e-01,1.369365006685256958e-01,1.267823696136474609e+00,5.524769052863121033e-02,4.953000000000000000e+03,5.266753906250000000e+03
-5.000000074505805969e-02,0.000000000000000000e+00,-4.559255242347717285e-01,2.305316179990768433e-01,1.271562814712524414e+00,5.236493051052093506e-02,5.050000000000000000e+03,5.709690917968750000e+03
0.000000000000000000e+00,-5.000000074505805969e-02,1.125138998031616211e-01,1.188688073307275772e-02,6.969600319862365723e-01,6.397117674350738525e-02,2.551000000000000000e+03,2.636636962890625000e+03
0.000000000000000000e+00,0.000000000000000000e+00,5.849788337945938110e-02,-3.435365483164787292e-02,1.284015893936157227e+00,5.774109438061714172e-02,4.205000000000000000e+03,4.216645996093750000e+03
9.482004493474960327e-02,5.000000074505805969e-02,1.568329632282257080e-01,9.760788828134536743e-02,1.273320317268371582e+00,6.671817600727081299e-02,4.565000000000000000e+03,4.582097656250000000e+03
0.000000000000000000e+00,5.000000074505805969e-02,1.948818415403366089e-01,1.334034502506256104e-01,1.268628954887390137e+00,5.463095754384994507e-02,5.155000000000000000e+03,5.297794921875000000e+03
-6.312371790409088135e-02,2.097904086112976074e-01,8.319830894470214844e-02,1.303261071443557739e-01,9.121444225311279297e-01,7.579042017459869385e-02,3.497000000000000000e+03,3.612307373046875000e+03
-1.000000014901161194e-01,-8.165807463228702545e-03,3.467465937137603760e-01,1.330032497644424438e-01,1.258594393730163574e+00,7.979088276624679565e-02,4.429000000000000000e+03,5.023421875000000000e+03
-5.000000074505805969e-02,5.000000074505805969e-02,1.158920451998710632e-01,3.295077010989189148e-02,1.275832056999206543e+00,5.626812949776649475e-02,3.953000000000000000e+03,4.020228515625000000e+03
5.000000074505805969e-02,0.000000000000000000e+00,-1.984292119741439819e-01,5.085305571556091309e-01,1.277966022491455078e+00,6.034170463681221008e-02,4.759000000000000000e+03,5.652927734375000000e+03
-5.000000074505805969e-02,3.580648824572563171e-02,5.307181924581527710e-02,1.304142624139785767e-01,1.268190622329711914e+00,6.110791489481925964e-02,4.600000000000000000e+03,4.655818359375000000e+03
3.687628731131553650e-02,0.000000000000000000e+00,-2.222038805484771729e-01,3.683209717273712158e-01,1.273574829101562500e+00,5.171937495470046997e-02,5.238000000000000000e+03,5.875927246093750000e+03
3.221365213394165039e-01,-5.000000074505805969e-02,2.795079350471496582e-01,-7.402746379375457764e-02,1.136263728141784668e+00,6.101766973733901978e-02,4.530000000000000000e+03,4.538403320312500000e+03
0.000000000000000000e+00,3.165905550122261047e-02,2.275991290807723999e-01,1.703299432992935181e-01,1.280153274536132812e+00,5.735933780670166016e-02,5.213000000000000000e+03,5.436294433593750000e+03
3.221365213394165039e-01,-8.165807463228702545e-03,3.710877150297164917e-02,7.983889430761337280e-02,6.196680665016174316e-01,7.161889225244522095e-02,1.756000000000000000e+03,2.144729248046875000e+03
0.000000000000000000e+00,5.000000074505805969e-02,-5.079887807369232178e-02,2.927526831626892090e-01,1.269343495368957520e+00,5.618789792060852051e-02,4.815000000000000000e+03,4.997612792968750000e+03
-5.000000074505805969e-02,-5.000000074505805969e-02,-1.169441565871238708e-01,6.705641001462936401e-02,9.919000267982482910e-01,5.430969968438148499e-02,3.959000000000000000e+03,4.031846679687500000e+03
5.000000074505805969e-02,1.764043420553207397e-01,1.151141598820686340e-01,2.416207194328308105e-01,1.237089991569519043e+00,8.147768676280975342e-02,4.287000000000000000e+03,4.310703125000000000e+03
1.764043420553207397e-01,9.482004493474960327e-02,-2.559693753719329834e-01,-2.522845566272735596e-02,1.241218924522399902e+00,6.142930686473846436e-02,5.107000000000000000e+03,5.756264160156250000e+03
0.000000000000000000e+00,5.000000074505805969e-02,1.843457221984863281e-01,5.084698796272277832e-01,1.254394888877868652e+00,5.549731105566024780e-02,4.915000000000000000e+03,5.651967773437500000e+03
-8.165807463228702545e-03,0.000000000000000000e+00,-1.269958615303039551e-01,1.010643318295478821e-01,1.287759542465209961e+00,5.704259127378463745e-02,4.646000000000000000e+03,4.714056640625000000e+03
-5.000000074505805969e-02,0.000000000000000000e+00,1.061354205012321472e-01,-5.120399966835975647e-02,1.264634728431701660e+00,6.098583340644836426e-02,4.793000000000000000e+03,4.873862304687500000e+03
-4.499999880790710449e-01,-5.000000074505805969e-02,-2.778407633304595947e-01,3.741363883018493652e-01,1.127201080322265625e+00,6.248500943183898926e-02,4.456000000000000000e+03,5.165811035156250000e+03
0.000000000000000000e+00,5.000000074505805969e-02,1.953865028917789459e-02,9.195889532566070557e-02,1.288474082946777344e+00,6.534332782030105591e-02,4.366000000000000000e+03,4.371670898437500000e+03
-5.000000074505805969e-02,2.872454822063446045e-01,-5.627372488379478455e-02,3.550762236118316650e-01,7.681743502616882324e-01,6.495770066976547241e-02,2.491000000000000000e+03,2.510556152343750000e+03
5.000000074505805969e-02,-5.000000074505805969e-02,9.494764357805252075e-02,2.826161980628967285e-01,1.270180583000183105e+00,5.620090663433074951e-02,4.596000000000000000e+03,4.912374023437500000e+03
0.000000000000000000e+00,-5.000000074505805969e-02,3.955368697643280029e-02,4.161580931395292282e-03,1.185072779655456543e+00,6.629079580307006836e-02,3.858000000000000000e+03,3.870385009765625000e+03
3.275320306420326233e-02,-5.000000074505805969e-02,1.906702071428298950e-01,3.242007791996002197e-01,1.273039817810058594e+00,5.682991445064544678e-02,4.967000000000000000e+03,5.460178710937500000e+03
8.975010365247726440e-02,1.735305190086364746e-01,-3.356580138206481934e-01,-1.974842548370361328e-01,1.105843901634216309e+00,5.713376775383949280e-02,4.151000000000000000e+03,5.175849121093750000e+03
0.000000000000000000e+00,4.482004791498184204e-02,-1.269184499979019165e-01,-6.850994378328323364e-02,1.166087388992309570e+00,5.423094332218170166e-02,4.795000000000000000e+03,4.896723632812500000e+03
0.000000000000000000e+00,5.000000074505805969e-02,-6.018473580479621887e-02,9.817156940698623657e-02,1.258979320526123047e+00,6.138402596116065979e-02,5.076000000000000000e+03,5.095011718750000000e+03
4.482004791498184204e-02,0.000000000000000000e+00,-3.734311759471893311e-01,7.819947600364685059e-02,1.269068002700805664e+00,5.189435556530952454e-02,4.793000000000000000e+03,5.317511718750000000e+03
0.000000000000000000e+00,5.000000074505805969e-02,-1.078101322054862976e-01,1.665700078010559082e-01,1.267437696456909180e+00,5.228680372238159180e-02,4.996000000000000000e+03,5.074303222656250000e+03
-1.500000059604644775e-01,-1.641935110092163086e-01,2.315358072519302368e-01,-2.728385329246520996e-01,1.144931674003601074e+00,6.819365173578262329e-02,4.540000000000000000e+03,5.069489746093750000e+03
9.482004493474960327e-02,0.000000000000000000e+00,4.377343133091926575e-02,3.014263510704040527e-01,1.257485032081604004e+00,5.642807856202125549e-02,4.957000000000000000e+03,5.245268554687500000e+03
0.000000000000000000e+00,0.000000000000000000e+00,-7.375323027372360229e-02,-7.494183629751205444e-02,1.264884233474731445e+00,5.524516478180885315e-02,4.513000000000000000e+03,4.544087890625000000e+03
8.815837651491165161e-02,-5.000000074505805969e-02,1.107019782066345215e-01,1.635277271270751953e-02,6.253586411476135254e-01,6.443327665328979492e-02,1.923000000000000000e+03,1.946995483398437500e+03
-5.000000074505805969e-02,-5.000000074505805969e-02,4.525313973426818848e-01,6.175642013549804688e-01,1.271654486656188965e+00,6.017285957932472229e-02,4.826000000000000000e+03,6.763236816406250000e+03
0.000000000000000000e+00,-1.500000059604644775e-01,-3.593800216913223267e-02,-1.704140380024909973e-02,1.211435675621032715e+00,6.301447004079818726e-02,5.029000000000000000e+03,5.093506835937500000e+03
-5.000000074505805969e-02,-1.618416309356689453e-01,3.739060461521148682e-02,1.903906166553497314e-01,1.140268087387084961e+00,5.801234766840934753e-02,4.282000000000000000e+03,4.705424316406250000e+03
3.218087181448936462e-02,8.275320380926132202e-02,3.707658126950263977e-02,5.012290552258491516e-02,1.237499833106994629e+00,6.031340733170509338e-02,4.996000000000000000e+03,4.999512695312500000e+03
5.000000074505805969e-02,0.000000000000000000e+00,-1.121635586023330688e-01,4.862057790160179138e-02,1.123974442481994629e+00,6.519928574562072754e-02,4.177000000000000000e+03,4.271505859375000000e+03
2.145627290010452271e-01,1.366542428731918335e-01,1.450450420379638672e-01,6.145049352198839188e-03,1.114473819732666016e+00,6.320250034332275391e-02,4.575000000000000000e+03,4.655323730468750000e+03
0.000000000000000000e+00,5.000000074505805969e-02,-6.004791259765625000e-01,1.639565974473953247e-01,1.257057666778564453e+00,5.819080397486686707e-02,4.718000000000000000e+03,5.782182617187500000e+03
1.345701515674591064e-01,1.764043420553207397e-01,-5.574169382452964783e-02,-3.264423832297325134e-02,1.225584864616394043e+00,6.122223287820816040e-02,4.850000000000000000e+03,5.104406738281250000e+03
3.073761053383350372e-02,9.183419495820999146e-02,3.375556319952011108e-02,3.820350393652915955e-03,1.279626488685607910e+00,6.076205521821975708e-02,5.035000000000000000e+03,5.058821289062500000e+03
1.764043420553207397e-01,-2.000000029802322388e-01,-1.993589103221893311e-02,-7.203944772481918335e-02,1.220010995864868164e+00,6.927825510501861572e-02,4.355000000000000000e+03,4.514606933593750000e+03
-1.500000059604644775e-01,3.221365213394165039e-01,1.897484064102172852e-01,3.110569715499877930e-01,1.126965284347534180e+00,6.200284138321876526e-02,4.445000000000000000e+03,4.841137207031250000e+03
5.000000074505805969e-02,5.000000074505805969e-02,-2.672010958194732666e-01,2.396828979253768921e-01,1.231782913208007812e+00,7.411725074052810669e-02,4.335000000000000000e+03,4.716469238281250000e+03
-5.000000074505805969e-02,-5.000000074505805969e-02,2.126193344593048096e-01,2.697738707065582275e-01,1.243412613868713379e+00,7.464700937271118164e-02,4.674000000000000000e+03,5.179369140625000000e+03
0.000000000000000000e+00,0.000000000000000000e+00,3.959031701087951660e-01,1.267459541559219360e-01,1.244951844215393066e+00,4.984762892127037048e-02,5.105000000000000000e+03,5.659191406250000000e+03
0.000000000000000000e+00,0.000000000000000000e+00,4.094099253416061401e-02,3.718017637729644775e-01,1.262150049209594727e+00,4.824968799948692322e-02,5.067000000000000000e+03,5.503521484375000000e+03
5.000000074505805969e-02,3.221365213394165039e-01,-3.176535293459892273e-02,2.608337700366973877e-01,1.157083868980407715e+00,6.157259643077850342e-02,4.384000000000000000e+03,4.418022460937500000e+03
-1.000000014901161194e-01,2.514390051364898682e-01,-9.113869071006774902e-02,1.607373356819152832e-01,9.419265389442443848e-01,6.851401180028915405e-02,3.921000000000000000e+03,3.957730468750000000e+03
9.482004493474960327e-02,1.366542428731918335e-01,2.761368751525878906e-01,1.334708929061889648e-01,1.171107411384582520e+00,6.899498403072357178e-02,4.288000000000000000e+03,4.389873535156250000e+03
0.000000000000000000e+00,0.000000000000000000e+00,2.548594474792480469e-01,2.199654877185821533e-01,1.276808977127075195e+00,5.840009078383445740e-02,5.304000000000000000e+03,5.667449707031250000e+03
-1.000000014901161194e-01,2.803703844547271729e-01,6.022170186042785645e-02,2.115155011415481567e-01,1.105864405632019043e+00,6.043889373540878296e-02,3.988000000000000000e+03,4.086716308593750000e+03
5.000000074505805969e-02,5.000000074505805969e-02,-1.920899003744125366e-01,-1.754003576934337616e-02,1.271844625473022461e+00,5.512929335236549377e-02,5.193000000000000000e+03,5.394444335937500000e+03
-1.500000059604644775e-01,3.221365213394165039e-01,-2.621147036552429199e-01,7.706731557846069336e-01,1.101038098335266113e+00,9.744258224964141846e-02,4.573000000000000000e+03,5.349510253906250000e+03
5.000000074505805969e-02,1.240688338875770569e-01,-3.137720823287963867e-01,4.241359531879425049e-01,1.235659956932067871e+00,7.975671440362930298e-02,4.509000000000000000e+03,5.145122558593750000e+03
2.132806330919265747e-01,-8.165807463228702545e-03,-4.919101670384407043e-02,6.808935105800628662e-02,1.262063503265380859e+00,6.233084574341773987e-02,4.615000000000000000e+03,4.829096679687500000e+03
0.000000000000000000e+00,-5.000000074505805969e-02,-4.795480072498321533e-01,2.649957537651062012e-01,1.202042818069458008e+00,5.952862277626991272e-02,4.643000000000000000e+03,5.651780273437500000e+03
5.000000074505805969e-02,-5.000000074505805969e-02,-3.162029683589935303e-01,3.579175472259521484e-01,1.279813885688781738e+00,5.355256423354148865e-02,5.012000000000000000e+03,5.895526367187500000e+03
1.366542428731918335e-01,8.815837651491165161e-02,5.353730320930480957e-01,7.667822390794754028e-02,1.197097182273864746e+00,5.976244807243347168e-02,4.505000000000000000e+03,4.992096191406250000e+03
-5.179951898753643036e-03,-5.000000074505805969e-02,-2.961860410869121552e-02,7.647133897989988327e-03,1.133802890777587891e+00,5.746297538280487061e-02,3.673000000000000000e+03,3.684170166015625000e+03
0.000000000000000000e+00,0.000000000000000000e+00,-1.322298198938369751e-01,-1.325737871229648590e-02,1.280735611915588379e+00,5.665981024503707886e-02,4.516000000000000000e+03,4.564338378906250000e+03
0.000000000000000000e+00,-1.834094338119029999e-02,3.520486876368522644e-02,-9.324665367603302002e-02,1.283227324485778809e+00,6.434137374162673950e-02,4.596000000000000000e+03,4.614961425781250000e+03
-1.500000059604644775e-01,1.316963285207748413e-01,-3.978018090128898621e-02,-3.338911756873130798e-02,1.177962422370910645e+00,6.797249615192413330e-02,3.919000000000000000e+03,4.029672607421875000e+03
3.580648824572563171e-02,0.000000000000000000e+00,3.824389353394508362e-02,6.607205420732498169e-02,1.293657183647155762e+00,5.888499319553375244e-02,4.490000000000000000e+03,4.501731933593750000e+03
-1.000000014901161194e-01,4.183419048786163330e-02,-5.624541640281677246e-02,1.287257969379425049e-01,1.222107887268066406e+00,5.790861696004867554e-02,5.003000000000000000e+03,5.034569335937500000e+03
9.482004493474960327e-02,1.366542428731918335e-01,-5.049654245376586914e-01,5.173218622803688049e-02,1.113420963287353516e+00,6.115702167153358459e-02,4.351000000000000000e+03,5.565091308593750000e+03
0.000000000000000000e+00,2.145627290010452271e-01,4.419295787811279297e-01,4.047686979174613953e-02,1.201123595237731934e+00,6.288817524909973145e-02,4.303000000000000000e+03,4.953114746093750000e+03
5.000000074505805969e-02,1.282061040401458740e-01,2.676109969615936279e-01,2.871681153774261475e-01,1.205027222633361816e+00,6.030202656984329224e-02,4.713000000000000000e+03,4.945656738281250000e+03
1.366542428731918335e-01,1.366542428731918335e-01,2.188564985990524292e-01,9.799970686435699463e-02,1.207944035530090332e+00,6.042899936437606812e-02,4.228000000000000000e+03,4.252019531250000000e+03
-1.000000014901161194e-01,2.872454822063446045e-01,2.828217446804046631e-01,4.649747312068939209e-01,9.314716458320617676e-01,6.858896464109420776e-02,3.630000000000000000e+03,4.343071777343750000e+03
5.000000074505805969e-02,-5.000000074505805969e-02,-1.438529044389724731e-02,1.642244458198547363e-01,1.277215242385864258e+00,5.908564478158950806e-02,4.813000000000000000e+03,4.959599121093750000e+03
3.975010663270950317e-02,-1.724679581820964813e-02,6.209908425807952881e-02,4.697945415973663330e-01,1.272162795066833496e+00,5.691865086555480957e-02,4.617000000000000000e+03,5.273356933593750000e+03
2.514390051364898682e-01,1.764043420553207397e-01,9.014210850000381470e-02,-1.426653116941452026e-01,1.055868864059448242e+00,6.453063338994979858e-02,4.638000000000000000e+03,5.155798828125000000e+03
-1.000000014901161194e-01,5.000000074505805969e-02,3.181993961334228516e-02,7.193764299154281616e-02,1.266359448432922363e+00,5.755702406167984009e-02,4.075000000000000000e+03,4.120371093750000000e+03
5.000000074505805969e-02,-5.000000074505805969e-02,3.462128043174743652e-01,7.270057499408721924e-02,1.019798994064331055e+00,6.560941785573959351e-02,3.395000000000000000e+03,3.722522705078125000e+03
-3.000000119209289551e-01,5.000000074505805969e-02,-4.410657584667205811e-01,7.183351367712020874e-02,9.774801135063171387e-01,5.893466621637344360e-02,3.973000000000000000e+03,4.057285400390625000e+03
4.482004791498184204e-02,0.000000000000000000e+00,-2.302904799580574036e-02,2.292270809412002563e-01,1.274726033210754395e+00,5.756282433867454529e-02,5.035000000000000000e+03,5.210129882812500000e+03
0.000000000000000000e+00,0.000000000000000000e+00,3.540030494332313538e-02,-2.133816294372081757e-02,1.295136213302612305e+00,5.730411037802696228e-02,4.644000000000000000e+03,4.648764160156250000e+03
1.366542428731918335e-01,-5.816580727696418762e-02,8.389733731746673584e-02,4.357063397765159607e-02,1.134338736534118652e+00,6.133963912725448608e-02,4.222000000000000000e+03,4.264975097656250000e+03
-2.000000029802322388e-01,9.482004493474960327e-02,-1.955285668373107910e-01,2.968189120292663574e-01,1.196247935295104980e+00,5.620570480823516846e-02,4.427000000000000000e+03,4.552018554687500000e+03
-1.102498918771743774e-01,5.000000074505805969e-02,-9.878038428723812103e-03,1.614845246076583862e-01,1.260288834571838379e+00,6.410136073827743530e-02,3.397000000000000000e+03,3.445067626953125000e+03
0.000000000000000000e+00,5.000000074505805969e-02,-3.007338643074035645e-01,-9.926160797476768494e-03,1.283406496047973633e+00,6.305722892284393311e-02,5.003000000000000000e+03,5.284229492187500000e+03
0.000000000000000000e+00,1.366542428731918335e-01,1.632506996393203735e-01,9.884866327047348022e-02,1.215264201164245605e+00,6.364232301712036133e-02,4.762000000000000000e+03,4.852356445312500000e+03
8.580648899078369141e-02,-1.510896813124418259e-02,-1.026739776134490967e-01,1.245470568537712097e-01,8.115358352661132812e-01,6.231822073459625244e-02,3.207000000000000000e+03,3.469427246093750000e+03
5.000000074505805969e-02,0.000000000000000000e+00,-5.382185578346252441e-01,1.777042448520660400e-01,1.267432928085327148e+00,5.894824489951133728e-02,4.774000000000000000e+03,5.842772460937500000e+03
0.000000000000000000e+00,-1.000000014901161194e-01,-1.587860882282257080e-01,1.315724402666091919e-01,1.155338644981384277e+00,6.574866175651550293e-02,5.049000000000000000e+03,5.342618652343750000e+03
0.000000000000000000e+00,0.000000000000000000e+00,3.923482596874237061e-01,1.760303378105163574e-01,1.276646971702575684e+00,5.453807488083839417e-02,5.277000000000000000e+03,5.861452148437500000e+03
-1.184162404388189316e-02,-1.184162404388189316e-02,2.502300143241882324e-01,1.462221592664718628e-01,1.263225436210632324e+00,5.998665466904640198e-02,5.096000000000000000e+03,5.390925292968750000e+03
0.000000000000000000e+00,5.000000074505805969e-02,-1.294197738170623779e-01,6.271898150444030762e-01,1.261106014251708984e+00,5.752473324537277222e-02,4.808000000000000000e+03,5.818083007812500000e+03
-1.000000014901161194e-01,1.366542428731918335e-01,-1.146550402045249939e-01,1.108902096748352051e-01,1.090418934822082520e+00,6.247028335928916931e-02,3.851000000000000000e+03,3.853810791015625000e+03
5.000000074505805969e-02,-1.000000014901161194e-01,1.849225461483001709e-01,1.117421761155128479e-01,1.178501009941101074e+00,6.160442531108856201e-02,4.650000000000000000e+03,4.859006347656250000e+03
-1.661394163966178894e-02,5.000000074505805969e-02,2.291396632790565491e-02,8.281154185533523560e-02,1.289320349693298340e+00,6.265176087617874146e-02,4.375000000000000000e+03,4.382019531250000000e+03
5.000000074505805969e-02,-1.000000014901161194e-01,5.249247327446937561e-02,2.272837460041046143e-01,1.282366156578063965e+00,5.948831140995025635e-02,4.719000000000000000e+03,5.022149414062500000e+03
-6.419350951910018921e-02,5.000000074505805969e-02,-2.112109512090682983e-01,2.770074009895324707e-01,9.311509132385253906e-01,6.020966917276382446e-02,3.554000000000000000e+03,3.848607910156250000e+03
-1.000000014901161194e-01,1.366542428731918335e-01,-6.200938369147479534e-04,2.098398655652999878e-01,1.183246374130249023e+00,5.815959349274635315e-02,4.605000000000000000e+03,4.654782714843750000e+03
2.145627290010452271e-01,1.366542428731918335e-01,2.038436532020568848e-01,4.427855908870697021e-01,1.258781194686889648e+00,4.617742821574211121e-02,4.920000000000000000e+03,5.207499023437500000e+03
-1.024989411234855652e-02,-5.000000074505805969e-02,8.523185551166534424e-02,-3.645791858434677124e-02,1.257120966911315918e+00,6.068371981382369995e-02,5.191000000000000000e+03,5.221694335937500000e+03
1.366542428731918335e-01,4.482004791498184204e-02,-1.299932971596717834e-02,4.990947619080543518e-02,1.094209194183349609e+00,5.946266278624534607e-02,4.395000000000000000e+03,4.477125488281250000e+03
9.482004493474960327e-02,9.482004493474960327e-02,4.251585155725479126e-02,-1.262795925140380859e-01,9.852172136306762695e-01,6.076141819357872009e-02,3.671000000000000000e+03,3.863562255859375000e+03
-1.204144284129142761e-01,2.514390051364898682e-01,-1.830533295869827271e-01,3.058307766914367676e-01,7.128969430923461914e-01,6.253280490636825562e-02,2.165000000000000000e+03,2.194314208984375000e+03
0.000000000000000000e+00,0.000000000000000000e+00,4.772854447364807129e-01,3.160165622830390930e-02,1.262710809707641602e+00,5.151956155896186829e-02,4.686000000000000000e+03,5.337046386718750000e+03
-1.102498918771743774e-01,2.145627290010452271e-01,-1.707268953323364258e-01,4.066160321235656738e-01,1.048725843429565430e+00,7.239335030317306519e-02,3.809000000000000000e+03,3.947795654296875000e+03
3.975010663270950317e-02,-1.510896813124418259e-02,-4.313603937625885010e-01,-6.098417192697525024e-02,1.260277628898620605e+00,5.549042299389839172e-02,4.895000000000000000e+03,5.564725097656250000e+03
-1.500000059604644775e-01,-1.000000014901161194e-01,-3.032449185848236084e-01,-3.226602971553802490e-01,1.119441509246826172e+00,1.105219274759292603e-01,2.611000000000000000e+03,2.761379882812500000e+03
-1.618416309356689453e-01,-1.000000014901161194e-01,-1.284340769052505493e-01,6.249026954174041748e-02,1.286701798439025879e+00,8.984430879354476929e-02,2.767000000000000000e+03,2.812933837890625000e+03
5.000000074505805969e-02,9.482004493474960327e-02,-3.635107278823852539e-01,-4.944867268204689026e-02,1.231226682662963867e+00,6.089724972844123840e-02,5.169000000000000000e+03,5.805961425781250000e+03
5.000000074505805969e-02,0.000000000000000000e+00,-3.779794573783874512e-01,2.087464630603790283e-01,1.277435302734375000e+00,6.122776493430137634e-02,5.071000000000000000e+03,5.754212402343750000e+03
-5.000000074505805969e-02,5.000000074505805969e-02,-1.949991881847381592e-01,2.919301688671112061e-01,1.191050648689270020e+00,5.078886821866035461e-02,4.817000000000000000e+03,5.083828125000000000e+03
2.145627290010452271e-01,5.000000074505805969e-02,1.094674989581108093e-01,2.008681595325469971e-01,1.009017109870910645e+00,6.805835664272308350e-02,3.832000000000000000e+03,3.958353271484375000e+03
-1.024989411234855652e-02,0.000000000000000000e+00,4.583546891808509827e-03,-2.505509182810783386e-02,1.287587285041809082e+00,5.824965238571166992e-02,4.671000000000000000e+03,4.673366699218750000e+03
-1.024989411234855652e-02,-5.000000074505805969e-02,5.748231709003448486e-02,1.610877513885498047e-01,1.277946233749389648e+00,6.321073323488235474e-02,4.951000000000000000e+03,5.099010742187500000e+03
0.000000000000000000e+00,0.000000000000000000e+00,1.028277203440666199e-01,-2.135662827640771866e-03,1.275946378707885742e+00,5.218791216611862183e-02,4.750000000000000000e+03,4.780745117187500000e+03
0.000000000000000000e+00,0.000000000000000000e+00,-4.843651875853538513e-02,2.764889895915985107e-01,1.270794630050659180e+00,5.692775920033454895e-02,5.217000000000000000e+03,5.468000000000000000e+03
-1.500000059604644775e-01,9.482004493474960327e-02,1.175704821944236755e-01,4.335235357284545898e-01,1.239912390708923340e+00,6.288983672857284546e-02,4.601000000000000000e+03,5.143998046875000000e+03
1.366542428731918335e-01,2.145627290010452271e-01,1.407747715711593628e-01,1.641465537250041962e-02,1.147013545036315918e+00,6.633982062339782715e-02,4.275000000000000000e+03,4.402003906250000000e+03
-6.184162572026252747e-02,-3.151089549064636230e-01,-2.567375600337982178e-01,-5.572707578539848328e-02,1.172255873680114746e+00,6.769308447837829590e-02,4.170000000000000000e+03,4.484023925781250000e+03
-5.000000074505805969e-02,1.366542428731918335e-01,2.360784262418746948e-01,-6.241776794195175171e-02,1.098391294479370117e+00,5.475518107414245605e-02,4.746000000000000000e+03,5.213383300781250000e+03
0.000000000000000000e+00,3.338605910539627075e-02,4.262337833642959595e-02,1.236829459667205811e-01,1.292704343795776367e+00,6.519532203674316406e-02,4.397000000000000000e+03,4.423343750000000000e+03
-1.419351249933242798e-02,0.000000000000000000e+00,-1.319294720888137817e-01,6.823118031024932861e-02,1.268980741500854492e+00,5.267817899584770203e-02,4.757000000000000000e+03,4.811526855468750000e+03
0.000000000000000000e+00,-5.000000074505805969e-02,3.786637261509895325e-02,-2.345407307147979736e-01,1.229987025260925293e+00,6.872981786727905273e-02,4.376000000000000000e+03,4.477823730468750000e+03
1.366542428731918335e-01,5.000000074505805969e-02,3.456088602542877197e-01,2.060749828815460205e-01,1.056641340255737305e+00,5.638450384140014648e-02,4.244000000000000000e+03,4.499228027343750000e+03
0.000000000000000000e+00,0.000000000000000000e+00,4.609493911266326904e-01,4.306485354900360107e-01,1.278549909591674805e+00,5.676513910293579102e-02,5.048000000000000000e+03,6.216926757812500000e+03
-5.000000074505805969e-02,9.482004493474960327e-02,4.150996208190917969e-01,1.916173994541168213e-01,1.267363429069519043e+00,5.614900961518287659e-02,4.520000000000000000e+03,5.136045898437500000e+03
-5.000000074505805969e-02,-5.000000074505805969e-02,3.670914173126220703e-01,9.161253459751605988e-03,1.264044523239135742e+00,5.860699713230133057e-02,5.187000000000000000e+03,5.747836425781250000e+03
-1.000000014901161194e-01,-1.500000059604644775e-01,-1.689234562218189240e-02,3.023970685899257660e-02,1.160193920135498047e+00,5.387052893638610840e-02,4.473000000000000000e+03,4.602578125000000000e+03
0.000000000000000000e+00,1.366542428731918335e-01,-3.921772539615631104e-01,3.359054923057556152e-01,1.240417242050170898e+00,6.059062108397483826e-02,4.941000000000000000e+03,5.545118652343750000e+03
1.264791041612625122e-01,-5.000000074505805969e-02,7.001536339521408081e-02,1.601932197809219360e-01,1.254853606224060059e+00,5.479621887207031250e-02,5.307000000000000000e+03,5.465653320312500000e+03
9.482004493474960327e-02,9.482004493474960327e-02,-7.254436612129211426e-02,4.831578433513641357e-01,1.094364881515502930e+00,5.858303606510162354e-02,3.865000000000000000e+03,4.422903808593750000e+03
-1.500000059604644775e-01,2.145627290010452271e-01,-3.129555583000183105e-01,2.772807478904724121e-01,1.200704455375671387e+00,5.613202229142189026e-02,4.842000000000000000e+03,4.943977050781250000e+03
1.764043420553207397e-01,2.817659676074981689e-01,1.742613166570663452e-01,4.293167293071746826e-01,1.191063046455383301e+00,6.250818073749542236e-02,4.336000000000000000e+03,4.402273437500000000e+03
0.000000000000000000e+00,-5.000000074505805969e-02,1.932056806981563568e-02,5.680739283561706543e-01,1.283069252967834473e+00,5.509594082832336426e-02,4.496000000000000000e+03,5.491288574218750000e+03
-1.500000059604644775e-01,9.482004493474960327e-02,-3.142397701740264893e-01,1.275169849395751953e-01,9.911019206047058105e-01,6.351893395185470581e-02,3.915000000000000000e+03,4.026269287109375000e+03
-5.179951898753643036e-03,-1.102498918771743774e-01,-4.306913018226623535e-01,-5.371451750397682190e-02,1.240778684616088867e+00,5.656075850129127502e-02,5.090000000000000000e+03,5.683634765625000000e+03
3.165905550122261047e-02,0.000000000000000000e+00,-3.289644420146942139e-02,4.153202176094055176e-01,1.271083712577819824e+00,5.498572066426277161e-02,4.984000000000000000e+03,5.516421875000000000e+03
3.815837576985359192e-02,0.000000000000000000e+00,-3.582069873809814453e-01,-3.986907005310058594e-02,1.263901352882385254e+00,5.526402965188026428e-02,4.898000000000000000e+03,5.374435058593750000e+03
5.000000074505805969e-02,4.482004791498184204e-02,-2.710799574851989746e-01,2.771808765828609467e-02,1.239544391632080078e+00,6.327926367521286011e-02,4.785000000000000000e+03,5.102526855468750000e+03
5.000000074505805969e-02,0.000000000000000000e+00,1.551379412412643433e-01,-1.258781999349594116e-01,1.220486044883728027e+00,6.165602058172225952e-02,4.175000000000000000e+03,4.250049804687500000e+03
0.000000000000000000e+00,3.975010663270950317e-02,9.948149323463439941e-03,6.609522551298141479e-02,1.287472844123840332e+00,6.318962574005126953e-02,3.927000000000000000e+03,3.928902343750000000e+03
9.183419495820999146e-02,9.482004493474960327e-02,-1.678348481655120850e-01,1.552578713744878769e-02,1.155672907829284668e+00,7.034882158041000366e-02,4.240000000000000000e+03,4.471425781250000000e+03
-1.000000014901161194e-01,0.000000000000000000e+00,-7.626764476299285889e-02,7.422031462192535400e-02,1.029654145240783691e+00,5.201651901006698608e-02,3.246000000000000000e+03,3.264440673828125000e+03
-1.000000014901161194e-01,-1.000000014901161194e-01,-2.582679092884063721e-01,1.826967149972915649e-01,1.176208257675170898e+00,6.970173865556716919e-02,4.210000000000000000e+03,4.524236816406250000e+03
5.000000074505805969e-02,-5.000000074505805969e-02,6.399086117744445801e-02,-2.007337659597396851e-02,1.280555725097656250e+00,5.773366242647171021e-02,3.917000000000000000e+03,3.919650878906250000e+03
5.000000074505805969e-02,5.000000074505805969e-02,4.729270637035369873e-01,1.657239645719528198e-01,1.268301367759704590e+00,6.069086119532585144e-02,5.360000000000000000e+03,5.982657226562500000e+03
5.000000074505805969e-02,-5.000000074505805969e-02,-1.039984915405511856e-02,-7.873170077800750732e-02,1.271028041839599609e+00,5.995718389749526978e-02,4.584000000000000000e+03,4.596695800781250000e+03
5.000000074505805969e-02,9.482004493474960327e-02,-1.292832195758819580e-01,1.743000000715255737e-01,1.218767523765563965e+00,5.835121497511863708e-02,4.905000000000000000e+03,5.031411621093750000e+03
1.289127171039581299e-01,-5.000000074505805969e-02,5.577765032649040222e-02,3.951596021652221680e-01,1.187889218330383301e+00,5.742092803120613098e-02,4.832000000000000000e+03,5.505908203125000000e+03
-2.500000000000000000e-01,-1.000000014901161194e-01,-4.741879552602767944e-02,2.968872487545013428e-01,1.143006205558776855e+00,6.904245167970657349e-02,3.557000000000000000e+03,4.080312744140625000e+03
5.000000074505805969e-02,2.145627290010452271e-01,1.736765205860137939e-01,1.371103525161743164e-01,1.231826186180114746e+00,6.508634984493255615e-02,4.499000000000000000e+03,4.562106933593750000e+03
5.000000074505805969e-02,-5.000000074505805969e-02,1.458904147148132324e-01,2.912508882582187653e-02,1.262015581130981445e+00,6.110881268978118896e-02,4.634000000000000000e+03,4.678800292968750000e+03
0.000000000000000000e+00,-1.967304572463035583e-02,1.007614657282829285e-01,1.298176050186157227e-01,1.276124596595764160e+00,5.671337246894836426e-02,5.072000000000000000e+03,5.172699218750000000e+03
0.000000000000000000e+00,0.000000000000000000e+00,7.211319357156753540e-02,-2.352597750723361969e-02,1.296559572219848633e+00,5.753102153539657593e-02,3.994000000000000000e+03,4.007750976562500000e+03
-2.131237089633941650e-01,3.221365213394165039e-01,-2.619940638542175293e-01,-3.216625154018402100e-01,1.210867881774902344e+00,6.123098731040954590e-02,4.454000000000000000e+03,5.649826660156250000e+03
0.000000000000000000e+00,-5.000000074505805969e-02,5.849657654762268066e-01,2.522614598274230957e-01,1.261841773986816406e+00,6.033997610211372375e-02,5.161000000000000000e+03,6.494635253906250000e+03
0.000000000000000000e+00,1.366542428731918335e-01,-1.903024688363075256e-02,1.089247837662696838e-01,1.219445347785949707e+00,5.978025496006011963e-02,4.917000000000000000e+03,4.920723632812500000e+03
0.000000000000000000e+00,0.000000000000000000e+00,4.377060011029243469e-02,3.218243420124053955e-01,1.287980079650878906e+00,6.037180870771408081e-02,4.535000000000000000e+03,4.819593261718750000e+03
-1.500000059604644775e-01,9.482004493474960327e-02,2.846957445144653320e-01,9.683995693922042847e-02,1.205509066581726074e+00,5.062797293066978455e-02,4.835000000000000000e+03,5.444918945312500000e+03
-5.000000074505805969e-02,0.000000000000000000e+00,-2.549380064010620117e-01,1.159666925668716431e-01,1.245327115058898926e+00,5.904356390237808228e-02,5.128000000000000000e+03,5.309522460937500000e+03
0.000000000000000000e+00,-1.500000059604644775e-01,-2.488860785961151123e-01,8.389295637607574463e-02,9.748807549476623535e-01,5.613798275589942932e-02,4.167000000000000000e+03,4.664624511718750000e+03
0.000000000000000000e+00,-5.000000074505805969e-02,-3.278586864471435547e-01,-1.355586796998977661e-01,1.185031175613403320e+00,6.377822905778884888e-02,4.576000000000000000e+03,4.942426269531250000e+03
5.000000074505805969e-02,0.000000000000000000e+00,5.727980285882949829e-02,3.491835892200469971e-01,1.253538966178894043e+00,5.775407701730728149e-02,5.091000000000000000e+03,5.479496582031250000e+03
0.000000000000000000e+00,3.815837576985359192e-02,1.570744812488555908e-01,1.836694404482841492e-02,1.285778284072875977e+00,6.668045371770858765e-02,4.870000000000000000e+03,4.943810058593750000e+03
0.000000000000000000e+00,-5.000000074505805969e-02,3.235913515090942383e-01,4.702161252498626709e-01,1.275567293167114258e+00,6.224916502833366394e-02,4.768000000000000000e+03,5.815630371093750000e+03
5.000000074505805969e-02,9.482004493474960327e-02,-7.156953215599060059e-02,-1.639275550842285156e-01,1.253861308097839355e+00,5.749673768877983093e-02,5.029000000000000000e+03,5.287549316406250000e+03
-5.000000074505805969e-02,1.366542428731918335e-01,2.086514085531234741e-01,5.032300353050231934e-01,1.255046963691711426e+00,6.009276583790779114e-02,4.806000000000000000e+03,5.402876953125000000e+03
0.000000000000000000e+00,0.000000000000000000e+00,-3.002513051033020020e-01,-8.814751356840133667e-02,1.284270524978637695e+00,5.351312831044197083e-02,4.478000000000000000e+03,4.739670898437500000e+03
5.000000074505805969e-02,2.145627290010452271e-01,1.831788802519440651e-03,2.265366017818450928e-01,1.240561842918395996e+00,6.141540035605430603e-02,5.211000000000000000e+03,5.219360839843750000e+03
-5.000000074505805969e-02,5.000000074505805969e-02,-2.414874881505966187e-01,-9.580542147159576416e-02,9.862667322158813477e-01,6.332452595233917236e-02,4.025000000000000000e+03,4.261333496093750000e+03
1.366542428731918335e-01,1.366542428731918335e-01,1.919720619916915894e-01,4.709326624870300293e-01,8.273960947990417480e-01,4.978837817907333374e-02,3.385000000000000000e+03,3.932392333984375000e+03
-1.184162404388189316e-02,-5.000000074505805969e-02,4.713968038558959961e-01,2.807264328002929688e-01,1.271600365638732910e+00,5.681891739368438721e-02,5.104000000000000000e+03,6.140850097656250000e+03
0.000000000000000000e+00,-5.000000074505805969e-02,-5.038058757781982422e-02,-1.691234260797500610e-01,1.263931632041931152e+00,6.606365740299224854e-02,4.414000000000000000e+03,4.460312500000000000e+03
-6.781912595033645630e-02,-1.000000014901161194e-01,1.476332545280456543e-02,-2.217607647180557251e-01,1.227308630943298340e+00,6.940975785255432129e-02,3.817000000000000000e+03,3.871482910156250000e+03
1.366542428731918335e-01,2.514390051364898682e-01,-3.184030055999755859e-01,2.451329082250595093e-01,1.079721450805664062e+00,6.018816679716110229e-02,4.589000000000000000e+03,5.374090820312500000e+03
0.000000000000000000e+00,0.000000000000000000e+00,2.127923220396041870e-01,1.312365382909774780e-01,1.276018142700195312e+00,6.725092232227325439e-02,4.434000000000000000e+03,4.602163085937500000e+03
-5.000000074505805969e-02,9.482004493474960327e-02,2.752604186534881592e-01,4.786929488182067871e-02,1.203537344932556152e+00,5.640002712607383728e-02,4.581000000000000000e+03,4.916892578125000000e+03
